Processing chunk 40...
###############################
TGFM
###############################
Initialize variables
Warning: 340 variants have NaN gwas_beta. Setting to 0 with large SE.
Iterative optimization

Residual before update:
[ 0.00419116  0.00526118 -0.01000557 ...  0.00528712 -0.00327504
  0.00043273]

Residual before update:
[ 0.00421212  0.00528249 -0.00977971 ...  0.00528716 -0.00327499
  0.00043278]

Residual before update:
[ 0.00422402  0.00529448 -0.0096446  ...  0.00528715 -0.00327496
  0.00043282]

Residual before update:
[ 0.00432961  0.00426075 -0.0098226  ...  0.00382406 -0.00351877
  0.01313696]

Residual before update:
[ 0.00423821  0.00530843 -0.00946861 ...  0.00528709 -0.00327493
  0.00043288]

Residual before update:
[ 0.00424304  0.00531304 -0.00940357 ...  0.00528704 -0.00327492
  0.0004329 ]

Residual before update:
[ 0.00424709  0.00531684 -0.00934709 ...  0.005287   -0.00327491
  0.00043292]

Residual before update:
[ 0.00425062  0.00532011 -0.00929674 ...  0.00528694 -0.0032749
  0.00043294]

Residual before update:
[ 0.00425379  0.00532302 -0.00925101 ...  0.00528689 -0.00327489
  0.00043296]

Residual before update:
[ 0.0042567   0.00532568 -0.00920888 ...  0.00528683 -0.00327488
  0.00043297]

Residual before update:
[ 0.00423845  0.00530683 -0.00939555 ...  0.00528674 -0.00327492
  0.00043293]

Residual before update:
[ 0.00423411  0.00530253 -0.00945328 ...  0.00528672 -0.00327493
  0.00043292]

Residual before update:
[ 0.00423453  0.00530321 -0.00946456 ...  0.00528672 -0.00327493
  0.00043292]

Residual before update:
[ 0.00479966  0.00460973 -0.01008665 ...  0.0043448  -0.00391397
  0.01001072]

Residual before update:
[ 0.00423915  0.00530838 -0.00944178 ...  0.00528674 -0.00327492
  0.00043293]

Residual before update:
[ 0.00424154  0.00531098 -0.00942436 ...  0.00528675 -0.00327491
  0.00043293]

Residual before update:
[ 0.00424367  0.00531324 -0.00940656 ...  0.00528676 -0.00327491
  0.00043294]

Residual before update:
[ 0.00424549  0.00531515 -0.0093891  ...  0.00528677 -0.0032749
  0.00043294]

Residual before update:
[ 0.00424705  0.00531675 -0.00937212 ...  0.00528677 -0.0032749
  0.00043295]

Residual before update:
[ 0.00424841  0.00531811 -0.00935554 ...  0.00528678 -0.00327489
  0.00043295]

Residual before update:
[ 0.00424462  0.00531391 -0.00937988 ...  0.00528676 -0.0032749
  0.00043294]

Residual before update:
[ 0.00424127  0.00531024 -0.00940316 ...  0.00528674 -0.00327491
  0.00043293]

Residual before update:
[ 0.00423942  0.00530823 -0.00941739 ...  0.00528673 -0.00327492
  0.00043293]

Residual before update:
[ 0.00435763  0.00452661 -0.01015248 ...  0.00417406 -0.0042501
  0.00871979]

Residual before update:
[ 0.00423957  0.00530846 -0.00941935 ...  0.00528673 -0.00327492
  0.00043293]

Residual before update:
[ 0.00424071  0.00530974 -0.0094125  ...  0.00528673 -0.00327491
  0.00043293]

Residual before update:
[ 0.0042421   0.00531128 -0.00940353 ...  0.00528674 -0.00327491
  0.00043294]

Residual before update:
[ 0.00424353  0.00531285 -0.00939386 ...  0.00528674 -0.00327491
  0.00043294]

Residual before update:
[ 0.00424487  0.00531432 -0.00938427 ...  0.00528675 -0.0032749
  0.00043294]

Residual before update:
[ 0.00424606  0.00531562 -0.00937512 ...  0.00528675 -0.0032749
  0.00043295]

Residual before update:
[ 0.00424544  0.00531493 -0.00937932 ...  0.00528675 -0.0032749
  0.00043294]

Residual before update:
[ 0.00424406  0.00531338 -0.00938792 ...  0.00528675 -0.00327491
  0.00043294]

Residual before update:
[ 0.00424256  0.00531172 -0.00939769 ...  0.00528674 -0.00327491
  0.00043294]

Residual before update:
[ 0.00433389  0.00449532 -0.01006477 ...  0.00421085 -0.00422558
  0.00988367]

Residual before update:
[ 0.004241    0.00530999 -0.0094078  ...  0.00528673 -0.00327491
  0.00043294]

Residual before update:
[ 0.0042411   0.0053101  -0.00940683 ...  0.00528672 -0.00327491
  0.00043294]

Residual before update:
[ 0.00424166  0.0053107  -0.00940276 ...  0.00528673 -0.00327491
  0.00043294]

Residual before update:
[ 0.00424252  0.00531164 -0.00939664 ...  0.00528673 -0.00327491
  0.00043294]

Residual before update:
[ 0.00424353  0.00531275 -0.00938943 ...  0.00528673 -0.00327491
  0.00043294]

Residual before update:
[ 0.00424459  0.00531391 -0.00938188 ...  0.00528673 -0.0032749
  0.00043295]

Residual before update:
[ 0.00424494  0.0053143  -0.00938013 ...  0.00528674 -0.0032749
  0.00043295]

Residual before update:
[ 0.00424482  0.00531416 -0.00938051 ...  0.00528674 -0.0032749
  0.00043294]

Residual before update:
[ 0.00424421  0.00531348 -0.00938439 ...  0.00528673 -0.0032749
  0.00043295]

Residual before update:
[ 0.00431537  0.00471408 -0.01006992 ...  0.00425233 -0.00425774
  0.00989471]

Residual before update:
[ 0.00424277  0.00531188 -0.0093938  ...  0.00528672 -0.00327491
  0.00043294]

Residual before update:
[ 0.00424237  0.00531143 -0.00939621 ...  0.00528672 -0.00327491
  0.00043294]

Residual before update:
[ 0.00424231  0.00531136 -0.00939631 ...  0.00528672 -0.00327491
  0.00043294]

Residual before update:
[ 0.00424257  0.00531163 -0.00939417 ...  0.00528672 -0.00327491
  0.00043294]
NaNs in component_non_med_pred at component 8

Residual before update:
[ 0.00424309  0.0053122  -0.00939023 ...  0.00528672 -0.00327491
  0.00043294]
NaNs in residual_incl_alpha[46, :]
NaN in mixture_alpha_mu: b_terms=[nan nan nan nan nan nan nan nan nan nan nan nan nan nan nan nan]
NaNs in self.residual at bs_iter=46
NaNs in un_normalized_lv_alpha_weights
NaN in normalizing_term
NaNs in component_non_med_pred at component 9

Residual before update:
[ 0.0042438   0.00531296 -0.00938502 ...  0.00528672 -0.0032749
  0.00043295]
NaNs in residual_incl_alpha[46, :]
NaNs in gene_weights for bs_iter=46
NaN in mixture_alpha_mu: b_terms=[nan nan nan nan nan nan nan nan nan nan nan nan nan nan nan nan]
NaNs in self.residual at bs_iter=46
NaNs in un_normalized_lv_alpha_weights
NaN in normalizing_term
Compute pips
NaNs found in gene-tissue pair PIPs at indices: [ 0  1  2  3  4  5  6  7  8  9 10 11 12 13 14 15]
NaNs found in variant PIPs at indices: [    0     1     2 ... 10347 10348 10349]
NaNs found in gene PIPs at indices: [0 1 2 3 4 5]
###############################
TGFM
###############################
Initialize variables
Warning: 449 variants have NaN gwas_beta. Setting to 0 with large SE.
Iterative optimization

Residual before update:
[ 0.00214982 -0.00735677 -0.00867993 ...  0.00918721  0.00655853
  0.00032729]

Residual before update:
[ 0.0021498  -0.00735674 -0.00867815 ...  0.00918718  0.00655853
  0.00032729]

Residual before update:
[ 0.00214978 -0.00735672 -0.00867638 ...  0.00918715  0.00655852
  0.00032729]

Residual before update:
[ 0.00214976 -0.00735669 -0.00867463 ...  0.00918712  0.00655852
  0.00032729]

Residual before update:
[ 0.00214974 -0.00735666 -0.00867289 ...  0.00918709  0.00655852
  0.00032729]

Residual before update:
[ 0.00214971 -0.00735663 -0.00867116 ...  0.00918706  0.00655851
  0.00032729]

Residual before update:
[ 0.00214969 -0.0073566  -0.00866945 ...  0.00918703  0.00655851
  0.00032729]

Residual before update:
[ 0.00214967 -0.00735658 -0.00866775 ...  0.009187    0.00655851
  0.00032729]

Residual before update:
[ 0.00214977 -0.00735658 -0.00867755 ...  0.00918709  0.00655864
  0.00032555]

Residual before update:
[ 0.00214963 -0.00735652 -0.0086644  ...  0.00918694  0.0065585
  0.00032729]

Residual before update:
[ 0.00214963 -0.00735652 -0.00866452 ...  0.00918694  0.0065585
  0.00032729]

Residual before update:
[ 0.00214963 -0.00735652 -0.00866462 ...  0.00918694  0.0065585
  0.00032729]

Residual before update:
[ 0.00214963 -0.00735652 -0.00866471 ...  0.00918694  0.0065585
  0.00032729]

Residual before update:
[ 0.00214963 -0.00735653 -0.00866478 ...  0.00918694  0.0065585
  0.00032729]

Residual before update:
[ 0.00214963 -0.00735653 -0.00866484 ...  0.00918694  0.0065585
  0.00032729]

Residual before update:
[ 0.00214963 -0.00735653 -0.00866489 ...  0.00918694  0.0065585
  0.00032729]

Residual before update:
[ 0.00214963 -0.00735652 -0.00866492 ...  0.00918694  0.0065585
  0.00032729]

Residual before update:
[ 0.00214963 -0.00735653 -0.00866494 ...  0.00918694  0.0065585
  0.00032729]

Residual before update:
[ 0.00215361 -0.00735526 -0.00866993 ...  0.00922004  0.00656137
  0.00035562]

Residual before update:
[ 0.00214963 -0.00735653 -0.00866493 ...  0.00918694  0.0065585
  0.00032729]

Residual before update:
[ 0.00214963 -0.00735653 -0.00866493 ...  0.00918694  0.0065585
  0.00032729]

Residual before update:
[ 0.00214963 -0.00735653 -0.00866493 ...  0.00918694  0.0065585
  0.00032729]

Residual before update:
[ 0.00214963 -0.00735653 -0.00866492 ...  0.00918694  0.0065585
  0.00032729]

Residual before update:
[ 0.00214963 -0.00735653 -0.00866492 ...  0.00918694  0.0065585
  0.00032729]

Residual before update:
[ 0.00214963 -0.00735653 -0.00866491 ...  0.00918694  0.0065585
  0.00032729]

Residual before update:
[ 0.00214963 -0.00735653 -0.00866491 ...  0.00918694  0.0065585
  0.00032729]

Residual before update:
[ 0.00214963 -0.00735652 -0.0086649  ...  0.00918694  0.0065585
  0.00032729]

Residual before update:
[ 0.00214963 -0.00735653 -0.0086649  ...  0.00918694  0.0065585
  0.00032729]

Residual before update:
[ 0.00215363 -0.00735514 -0.00866987 ...  0.00922055  0.00656138
  0.00035652]

Residual before update:
[ 0.00214963 -0.00735653 -0.00866489 ...  0.00918694  0.0065585
  0.00032729]

Residual before update:
[ 0.00214963 -0.00735653 -0.00866489 ...  0.00918694  0.0065585
  0.00032729]

Residual before update:
[ 0.00214963 -0.00735653 -0.00866489 ...  0.00918694  0.0065585
  0.00032729]

Residual before update:
[ 0.00214963 -0.00735653 -0.00866489 ...  0.00918694  0.0065585
  0.00032729]

Residual before update:
[ 0.00214963 -0.00735653 -0.00866488 ...  0.00918694  0.0065585
  0.00032729]

Residual before update:
[ 0.00214963 -0.00735653 -0.00866488 ...  0.00918694  0.0065585
  0.00032729]

Residual before update:
[ 0.00214963 -0.00735653 -0.00866488 ...  0.00918694  0.0065585
  0.00032729]

Residual before update:
[ 0.00214963 -0.00735652 -0.00866487 ...  0.00918694  0.0065585
  0.00032729]

Residual before update:
[ 0.00214963 -0.00735653 -0.00866487 ...  0.00918694  0.0065585
  0.00032729]

Residual before update:
[ 0.00215365 -0.00735508 -0.00866981 ...  0.00922098  0.00656141
  0.00035696]

Residual before update:
[ 0.00214963 -0.00735653 -0.00866486 ...  0.00918694  0.0065585
  0.00032729]

Residual before update:
[ 0.00214963 -0.00735653 -0.00866486 ...  0.00918694  0.0065585
  0.00032729]

Residual before update:
[ 0.00214963 -0.00735653 -0.00866486 ...  0.00918694  0.0065585
  0.00032729]

Residual before update:
[ 0.00214963 -0.00735653 -0.00866486 ...  0.00918694  0.0065585
  0.00032729]

Residual before update:
[ 0.00214963 -0.00735653 -0.00866485 ...  0.00918694  0.0065585
  0.00032729]

Residual before update:
[ 0.00214963 -0.00735652 -0.00866485 ...  0.00918694  0.0065585
  0.00032729]

Residual before update:
[ 0.00214963 -0.00735652 -0.00866485 ...  0.00918694  0.0065585
  0.00032729]

Residual before update:
[ 0.00214963 -0.00735652 -0.00866484 ...  0.00918694  0.0065585
  0.00032729]

Residual before update:
[ 0.00214963 -0.00735652 -0.00866484 ...  0.00918693  0.0065585
  0.00032729]

Residual before update:
[ 0.00215367 -0.00735505 -0.00866975 ...  0.00922129  0.00656143
  0.00035727]

Residual before update:
[ 0.00214963 -0.00735653 -0.00866483 ...  0.00918693  0.0065585
  0.00032729]
Compute pips
###############################
TGFM
###############################
Initialize variables
Warning: 465 variants have NaN gwas_beta. Setting to 0 with large SE.
Iterative optimization

Residual before update:
[-0.00296145  0.00797387  0.00089757 ...  0.         -0.00227804
  0.00138706]

Residual before update:
[-2.96145174e-03  7.97386472e-03  8.97565473e-04 ... -3.14086250e-18
 -2.27800790e-03  1.38706164e-03]

Residual before update:
[-2.96145235e-03  7.97385466e-03  8.97561267e-04 ... -6.40724422e-18
 -2.27797976e-03  1.38705960e-03]

Residual before update:
[-2.96152575e-03  7.96771699e-03  9.01495343e-04 ...  6.06415670e-15
 -2.27793228e-03  1.38127801e-03]

Residual before update:
[-2.96145355e-03  7.97383502e-03  8.97553065e-04 ... -1.24082685e-17
 -2.27792341e-03  1.38705595e-03]

Residual before update:
[-2.96137243e-03  7.97416300e-03  8.99559718e-04 ...  2.78497107e-15
 -2.27766302e-03  1.40157325e-03]

Residual before update:
[-2.96145476e-03  7.97381475e-03  8.97544764e-04 ... -1.93063942e-17
 -2.27786721e-03  1.38705142e-03]

Residual before update:
[-2.96145534e-03  7.97380478e-03  8.97540554e-04 ... -2.19365335e-17
 -2.27783898e-03  1.38704977e-03]

Residual before update:
[-2.96128975e-03  7.98170172e-03  8.86085278e-04 ... -6.50248169e-14
 -2.27729035e-03  1.38275012e-03]

Residual before update:
[-2.96145654e-03  7.97378495e-03  8.97532361e-04 ... -2.85528760e-17
 -2.27778278e-03  1.38704597e-03]

Residual before update:
[-2.95911048e-03  7.97779402e-03  9.46995246e-04 ...  6.29953944e-15
 -2.26826068e-03  1.38687366e-03]

Residual before update:
[-2.96145649e-03  7.97378548e-03  8.97532726e-04 ... -2.81537030e-17
 -2.27778261e-03  1.38704627e-03]

Residual before update:
[-2.96145652e-03  7.97378483e-03  8.97532519e-04 ... -2.87171065e-17
 -2.27778269e-03  1.38704574e-03]

Residual before update:
[-2.95948588e-03  8.03773665e-03  9.09298432e-04 ... -1.21911766e-15
 -2.27515264e-03  1.43368727e-03]

Residual before update:
[-2.96145644e-03  7.97378554e-03  8.97532887e-04 ... -2.78081093e-17
 -2.27778249e-03  1.38704647e-03]

Residual before update:
[-2.96158498e-03  7.97371487e-03  8.97265622e-04 ... -7.06273140e-15
 -2.27785765e-03  1.37900574e-03]

Residual before update:
[-2.96145644e-03  7.97378483e-03  8.97532827e-04 ... -2.88625293e-17
 -2.27778260e-03  1.38704538e-03]

Residual before update:
[-2.96145642e-03  7.97378483e-03  8.97532711e-04 ... -2.81172378e-17
 -2.27778245e-03  1.38704586e-03]

Residual before update:
[-2.95374558e-03  8.02382581e-03  8.93799940e-04 ...  2.58963653e-14
 -2.27182510e-03  1.38915164e-03]

Residual before update:
[-2.96145643e-03  7.97378491e-03  8.97532736e-04 ... -2.84923759e-17
 -2.27778248e-03  1.38704599e-03]

Residual before update:
[-2.95822404e-03  7.97999684e-03  9.65154679e-04 ...  8.07982611e-15
 -2.26542762e-03  1.38669812e-03]

Residual before update:
[-2.96145643e-03  7.97378541e-03  8.97532938e-04 ... -2.81312312e-17
 -2.27778230e-03  1.38704627e-03]

Residual before update:
[-2.96145648e-03  7.97378474e-03  8.97532663e-04 ... -2.87107094e-17
 -2.27778236e-03  1.38704574e-03]

Residual before update:
[-2.18668411e-03  9.68308658e-03  4.23391948e-03 ...  1.86888287e-13
 -7.41449031e-03 -9.24330914e-03]

Residual before update:
[-2.96145643e-03  7.97378544e-03  8.97532928e-04 ... -2.78249782e-17
 -2.27778215e-03  1.38704646e-03]

Residual before update:
[-2.96153813e-03  7.97373085e-03  8.96938822e-04 ... -2.98604876e-15
 -2.27792518e-03  1.38101088e-03]

Residual before update:
[-2.96145644e-03  7.97378471e-03  8.97532802e-04 ... -2.88957338e-17
 -2.27778226e-03  1.38704536e-03]

Residual before update:
[-2.96145643e-03  7.97378471e-03  8.97532668e-04 ... -2.81538526e-17
 -2.27778211e-03  1.38704584e-03]

Residual before update:
[-2.95373308e-03  8.02306629e-03  8.96387706e-04 ...  2.84388063e-14
 -2.27169119e-03  1.38987449e-03]

Residual before update:
[-2.96145644e-03  7.97378479e-03  8.97532685e-04 ... -2.85314035e-17
 -2.27778213e-03  1.38704597e-03]

Residual before update:
[-2.95902412e-03  7.97717984e-03  9.44472256e-04 ...  6.59014316e-15
 -2.26808989e-03  1.38690840e-03]

Residual before update:
[-2.96145643e-03  7.97378529e-03  8.97532888e-04 ... -2.81696029e-17
 -2.27778195e-03  1.38704625e-03]

Residual before update:
[-2.96145648e-03  7.97378462e-03  8.97532614e-04 ... -2.87497862e-17
 -2.27778202e-03  1.38704571e-03]

Residual before update:
[-2.90374405e-03  7.93934509e-03  8.42811297e-03 ...  1.29124543e-11
 -1.12740334e-03  3.48053170e-03]

Residual before update:
[-2.96145643e-03  7.97378532e-03  8.97532879e-04 ... -2.78628113e-17
 -2.27778181e-03  1.38704643e-03]

Residual before update:
[-2.99078754e-03  7.93132009e-03  8.71547124e-04 ... -5.63488345e-14
 -2.35907558e-03  1.47061614e-03]

Residual before update:
[-2.96145645e-03  7.97378459e-03  8.97532753e-04 ... -2.89347722e-17
 -2.27778192e-03  1.38704533e-03]

Residual before update:
[-2.96145643e-03  7.97378458e-03  8.97532619e-04 ... -2.81920227e-17
 -2.27778176e-03  1.38704581e-03]

Residual before update:
[-2.95382786e-03  8.02264956e-03  8.97168494e-04 ...  2.89463732e-14
 -2.27172083e-03  1.38999031e-03]

Residual before update:
[-2.96145645e-03  7.97378466e-03  8.97532636e-04 ... -2.85701213e-17
 -2.27778179e-03  1.38704594e-03]

Residual before update:
[-2.95963167e-03  7.97530488e-03  9.31542903e-04 ...  5.29077653e-15
 -2.27010883e-03  1.38692537e-03]

Residual before update:
[-2.96145644e-03  7.97378517e-03  8.97532839e-04 ... -2.82078921e-17
 -2.27778160e-03  1.38704623e-03]

Residual before update:
[-2.96145649e-03  7.97378450e-03  8.97532564e-04 ... -2.87888562e-17
 -2.27778167e-03  1.38704569e-03]

Residual before update:
[-2.90130142e-03  8.02341701e-03  8.43823631e-03 ...  1.29029177e-11
 -1.12469814e-03  3.54974504e-03]

Residual before update:
[-2.96145644e-03  7.97378520e-03  8.97532829e-04 ... -2.79007200e-17
 -2.27778146e-03  1.38704641e-03]

Residual before update:
[-2.99271987e-03  7.93790247e-03  8.67058067e-04 ... -5.64778665e-14
 -2.38073523e-03  1.39263102e-03]

Residual before update:
[-2.96145646e-03  7.97378447e-03  8.97532704e-04 ... -2.89739174e-17
 -2.27778157e-03  1.38704531e-03]

Residual before update:
[-2.96145644e-03  7.97378446e-03  8.97532569e-04 ... -2.82302996e-17
 -2.27778142e-03  1.38704579e-03]

Residual before update:
[-2.95389579e-03  8.02245166e-03  8.97374098e-04 ...  2.90060516e-14
 -2.27175685e-03  1.38998110e-03]

Residual before update:
[-2.96145645e-03  7.97378454e-03  8.97532586e-04 ... -2.86089456e-17
 -2.27778144e-03  1.38704592e-03]
Compute pips
###############################
TGFM
###############################
Initialize variables
Warning: 455 variants have NaN gwas_beta. Setting to 0 with large SE.
Iterative optimization

Residual before update:
[ 0.0058159  -0.00347502  0.00322796 ...  0.00016082 -0.00319236
  0.00560558]

Residual before update:
[ 0.00581591 -0.00347503  0.00322795 ...  0.00016092 -0.00319185
  0.00560562]

Residual before update:
[ 0.00581591 -0.00347504  0.00322793 ...  0.00016101 -0.00319138
  0.00560565]

Residual before update:
[ 0.00581808 -0.00345479  0.00323141 ...  0.00016335 -0.00319071
  0.00560604]

Residual before update:
[ 0.00581592 -0.00347507  0.0032279  ...  0.00016118 -0.00319056
  0.00560572]

Residual before update:
[ 0.00581592 -0.00347508  0.00322789 ...  0.00016126 -0.00319019
  0.00560576]

Residual before update:
[ 0.00581592 -0.00347509  0.00322787 ...  0.00016134 -0.00318985
  0.00560579]

Residual before update:
[ 0.00581592 -0.0034751   0.00322786 ...  0.00016142 -0.00318953
  0.00560582]

Residual before update:
[ 0.00581592 -0.00347512  0.00322784 ...  0.0001615  -0.00318923
  0.00560585]

Residual before update:
[ 0.00581602 -0.00347471  0.00322811 ...  0.00016183 -0.00318851
  0.00560589]

Residual before update:
[ 0.00581591 -0.00347513  0.00322781 ...  0.00016155 -0.0031892
  0.00560588]

Residual before update:
[ 0.00581591 -0.00347514  0.00322782 ...  0.00016153 -0.00318939
  0.00560587]

Residual before update:
[ 0.0058159  -0.00347514  0.00322781 ...  0.00016152 -0.00318952
  0.00560587]

Residual before update:
[ 0.00582241 -0.00341422  0.00323829 ...  0.00016828 -0.0031889
  0.00560693]

Residual before update:
[ 0.0058159  -0.00347514  0.00322781 ...  0.0001615  -0.00318968
  0.00560586]

Residual before update:
[ 0.0058159  -0.00347514  0.00322781 ...  0.0001615  -0.00318971
  0.00560586]

Residual before update:
[ 0.0058159  -0.00347514  0.00322781 ...  0.0001615  -0.00318972
  0.00560586]

Residual before update:
[ 0.0058159  -0.00347514  0.00322781 ...  0.0001615  -0.00318971
  0.00560586]

Residual before update:
[ 0.0058159  -0.00347514  0.00322781 ...  0.0001615  -0.00318968
  0.00560586]

Residual before update:
[ 0.005816   -0.00347471  0.0032281  ...  0.00016177 -0.00318919
  0.00560587]

Residual before update:
[ 0.0058159  -0.00347514  0.0032278  ...  0.00016151 -0.00318962
  0.00560586]

Residual before update:
[ 0.0058159  -0.00347514  0.00322781 ...  0.00016151 -0.0031896
  0.00560586]

Residual before update:
[ 0.0058159  -0.00347514  0.0032278  ...  0.00016151 -0.0031896
  0.00560586]

Residual before update:
[ 0.00582243 -0.00341401  0.00323832 ...  0.00016831 -0.00318888
  0.00560694]

Residual before update:
[ 0.0058159  -0.00347514  0.00322781 ...  0.00016151 -0.0031896
  0.00560587]

Residual before update:
[ 0.0058159  -0.00347514  0.00322781 ...  0.00016151 -0.00318961
  0.00560586]

Residual before update:
[ 0.0058159  -0.00347514  0.00322781 ...  0.00016151 -0.00318961
  0.00560586]

Residual before update:
[ 0.0058159  -0.00347514  0.00322781 ...  0.00016151 -0.00318962
  0.00560587]

Residual before update:
[ 0.0058159  -0.00347514  0.00322781 ...  0.00016151 -0.00318962
  0.00560586]

Residual before update:
[ 0.005816   -0.00347471  0.0032281  ...  0.00016177 -0.00318917
  0.00560587]

Residual before update:
[ 0.0058159  -0.00347514  0.0032278  ...  0.00016151 -0.00318962
  0.00560586]

Residual before update:
[ 0.0058159  -0.00347514  0.00322781 ...  0.00016151 -0.00318962
  0.00560587]

Residual before update:
[ 0.0058159  -0.00347514  0.0032278  ...  0.00016151 -0.00318962
  0.00560586]

Residual before update:
[ 0.00582245 -0.00341378  0.00323836 ...  0.00016833 -0.00318889
  0.00560694]

Residual before update:
[ 0.0058159  -0.00347514  0.00322781 ...  0.00016151 -0.00318961
  0.00560587]

Residual before update:
[ 0.0058159  -0.00347514  0.00322781 ...  0.00016151 -0.00318961
  0.00560587]

Residual before update:
[ 0.0058159  -0.00347514  0.00322781 ...  0.00016151 -0.00318961
  0.00560587]

Residual before update:
[ 0.0058159  -0.00347514  0.00322781 ...  0.00016151 -0.00318961
  0.00560587]

Residual before update:
[ 0.0058159  -0.00347514  0.00322781 ...  0.00016151 -0.00318961
  0.00560587]

Residual before update:
[ 0.005816   -0.00347471  0.0032281  ...  0.00016178 -0.00318916
  0.00560587]

Residual before update:
[ 0.0058159  -0.00347514  0.0032278  ...  0.00016151 -0.00318961
  0.00560587]

Residual before update:
[ 0.0058159  -0.00347514  0.00322781 ...  0.00016151 -0.00318961
  0.00560587]

Residual before update:
[ 0.0058159  -0.00347514  0.0032278  ...  0.00016151 -0.00318961
  0.00560587]

Residual before update:
[ 0.00582248 -0.00341355  0.0032384  ...  0.00016836 -0.00318888
  0.00560695]

Residual before update:
[ 0.0058159  -0.00347514  0.00322781 ...  0.00016151 -0.0031896
  0.00560587]

Residual before update:
[ 0.0058159  -0.00347514  0.00322781 ...  0.00016151 -0.0031896
  0.00560587]

Residual before update:
[ 0.0058159  -0.00347514  0.00322781 ...  0.00016151 -0.0031896
  0.00560587]

Residual before update:
[ 0.0058159  -0.00347514  0.00322781 ...  0.00016151 -0.0031896
  0.00560587]

Residual before update:
[ 0.0058159  -0.00347514  0.00322781 ...  0.00016151 -0.0031896
  0.00560587]

Residual before update:
[ 0.005816   -0.00347471  0.0032281  ...  0.00016178 -0.00318915
  0.00560588]
Compute pips
###############################
TGFM
###############################
Initialize variables
Warning: 428 variants have NaN gwas_beta. Setting to 0 with large SE.
Iterative optimization

Residual before update:
[-0.00463903 -0.004523    0.01216169 ...  0.00253956 -0.00182946
 -0.00136566]

Residual before update:
[-0.00463901 -0.00452299  0.01216145 ...  0.00253958 -0.00182945
 -0.00136565]

Residual before update:
[-0.00487388 -0.00452393  0.01213584 ...  0.00253479 -0.00184946
 -0.00138534]

Residual before update:
[-0.00464086 -0.00452325  0.01216543 ...  0.00254088 -0.0018294
 -0.00136559]

Residual before update:
[-0.00463896 -0.00452297  0.01216068 ...  0.00253962 -0.00182942
 -0.00136562]

Residual before update:
[-0.00463893 -0.00452296  0.01216044 ...  0.00253964 -0.00182941
 -0.00136561]

Residual before update:
[-0.00463894 -0.00452296  0.01216017 ...  0.00253964 -0.0018294
 -0.0013656 ]

Residual before update:
[-0.00463887 -0.00452295  0.01215994 ...  0.00253966 -0.00182939
 -0.00136559]

Residual before update:
[-0.00463887 -0.00452295  0.01215968 ...  0.00253967 -0.00182938
 -0.00136558]

Residual before update:
[-0.00463883 -0.00452293  0.01215944 ...  0.00253969 -0.00182937
 -0.00136557]

Residual before update:
[-0.00463886 -0.00452294  0.01215941 ...  0.00253966 -0.00182937
 -0.00136557]

Residual before update:
[-0.00463882 -0.00452294  0.01215944 ...  0.00253967 -0.00182937
 -0.00136557]

Residual before update:
[-0.00486741 -0.00452357  0.01213262 ...  0.00253427 -0.0018488
 -0.00138467]

Residual before update:
[-0.00440608 -0.00452294  0.01218912 ...  0.00254377 -0.00181106
 -0.00134756]

Residual before update:
[-0.00463887 -0.00452294  0.01215938 ...  0.00253964 -0.00182937
 -0.00136557]

Residual before update:
[-0.00463885 -0.00452294  0.0121594  ...  0.00253964 -0.00182937
 -0.00136557]

Residual before update:
[-0.00463889 -0.00452294  0.01215937 ...  0.00253963 -0.00182937
 -0.00136557]

Residual before update:
[-0.00463883 -0.00452294  0.01215941 ...  0.00253965 -0.00182937
 -0.00136557]

Residual before update:
[-0.00463885 -0.00452295  0.0121594  ...  0.00253965 -0.00182937
 -0.00136557]

Residual before update:
[-0.00463884 -0.00452294  0.01215941 ...  0.00253965 -0.00182937
 -0.00136557]

Residual before update:
[-0.00463887 -0.00452294  0.01215939 ...  0.00253964 -0.00182937
 -0.00136557]

Residual before update:
[-0.00463883 -0.00452294  0.01215943 ...  0.00253966 -0.00182937
 -0.00136557]

Residual before update:
[-0.00486704 -0.00452355  0.0121327  ...  0.00253442 -0.00184871
 -0.00138458]

Residual before update:
[-0.00440659 -0.00452295  0.01218906 ...  0.00254374 -0.00181109
 -0.00134759]

Residual before update:
[-0.00463887 -0.00452294  0.01215937 ...  0.00253964 -0.00182937
 -0.00136557]

Residual before update:
[-0.00463885 -0.00452294  0.01215939 ...  0.00253965 -0.00182937
 -0.00136557]

Residual before update:
[-0.00463889 -0.00452294  0.01215937 ...  0.00253964 -0.00182937
 -0.00136557]

Residual before update:
[-0.00463883 -0.00452294  0.0121594  ...  0.00253965 -0.00182937
 -0.00136557]

Residual before update:
[-0.00463885 -0.00452295  0.01215939 ...  0.00253965 -0.00182937
 -0.00136557]

Residual before update:
[-0.00463884 -0.00452294  0.0121594  ...  0.00253965 -0.00182937
 -0.00136557]

Residual before update:
[-0.00463887 -0.00452294  0.01215938 ...  0.00253964 -0.00182937
 -0.00136557]

Residual before update:
[-0.00463883 -0.00452294  0.01215941 ...  0.00253966 -0.00182937
 -0.00136557]

Residual before update:
[-0.00486687 -0.00452355  0.01213273 ...  0.00253445 -0.00184868
 -0.00138456]

Residual before update:
[-0.00440701 -0.00452295  0.01218901 ...  0.00254373 -0.00181113
 -0.00134762]

Residual before update:
[-0.00463887 -0.00452294  0.01215936 ...  0.00253964 -0.00182937
 -0.00136557]

Residual before update:
[-0.00463885 -0.00452294  0.01215938 ...  0.00253965 -0.00182937
 -0.00136557]

Residual before update:
[-0.00463889 -0.00452294  0.01215936 ...  0.00253964 -0.00182937
 -0.00136557]

Residual before update:
[-0.00463883 -0.00452294  0.01215939 ...  0.00253965 -0.00182937
 -0.00136557]

Residual before update:
[-0.00463885 -0.00452295  0.01215938 ...  0.00253965 -0.00182937
 -0.00136557]

Residual before update:
[-0.00463884 -0.00452294  0.01215939 ...  0.00253965 -0.00182937
 -0.00136557]

Residual before update:
[-0.00463887 -0.00452294  0.01215937 ...  0.00253965 -0.00182937
 -0.00136557]

Residual before update:
[-0.00463883 -0.00452294  0.0121594  ...  0.00253966 -0.00182937
 -0.00136556]

Residual before update:
[-0.00486674 -0.00452355  0.01213274 ...  0.00253445 -0.00184867
 -0.00138454]

Residual before update:
[-0.00440743 -0.00452295  0.01218896 ...  0.00254372 -0.00181116
 -0.00134766]

Residual before update:
[-0.00463887 -0.00452294  0.01215935 ...  0.00253964 -0.00182937
 -0.00136557]

Residual before update:
[-0.00463884 -0.00452294  0.01215937 ...  0.00253965 -0.00182937
 -0.00136557]

Residual before update:
[-0.00463889 -0.00452294  0.01215935 ...  0.00253964 -0.00182937
 -0.00136557]

Residual before update:
[-0.00463883 -0.00452294  0.01215938 ...  0.00253965 -0.00182937
 -0.00136557]

Residual before update:
[-0.00463885 -0.00452295  0.01215937 ...  0.00253965 -0.00182937
 -0.00136556]

Residual before update:
[-0.00463884 -0.00452294  0.01215938 ...  0.00253966 -0.00182937
 -0.00136557]
Compute pips
###############################
TGFM
###############################
Initialize variables
Warning: 429 variants have NaN gwas_beta. Setting to 0 with large SE.
Iterative optimization

Residual before update:
[-0.00164045 -0.00225085 -0.00187734 ... -0.00208762  0.00456461
 -0.00457779]

Residual before update:
[-0.00164037 -0.00225077 -0.00187729 ... -0.00208768  0.0045643
 -0.00457777]

Residual before update:
[-0.00164029 -0.00225069 -0.00187723 ... -0.00208773  0.00456398
 -0.00457774]

Residual before update:
[-0.00160495 -0.00221585 -0.00187649 ... -0.00208754  0.00456438
 -0.00457447]

Residual before update:
[-0.00164014 -0.00225054 -0.00187713 ... -0.00208783  0.00456335
 -0.00457769]

Residual before update:
[-0.00164006 -0.00225046 -0.00187707 ... -0.00208788  0.00456303
 -0.00457766]

Residual before update:
[-0.00163999 -0.00225039 -0.00187702 ... -0.00208793  0.00456272
 -0.00457763]

Residual before update:
[-0.00163991 -0.00225032 -0.00187697 ... -0.00208798  0.0045624
 -0.00457761]

Residual before update:
[-0.00163984 -0.00225024 -0.00187691 ... -0.00208803  0.00456208
 -0.00457758]

Residual before update:
[-0.00163977 -0.00225017 -0.00187686 ... -0.00208808  0.00456177
 -0.00457756]

Residual before update:
[-0.00163978 -0.00225018 -0.00187686 ... -0.00208808  0.00456177
 -0.00457756]

Residual before update:
[-0.00163979 -0.00225019 -0.00187686 ... -0.00208808  0.00456177
 -0.00457756]

Residual before update:
[-0.00163979 -0.0022502  -0.00187686 ... -0.00208808  0.00456176
 -0.00457756]

Residual before update:
[-0.00157992 -0.00219116 -0.00187626 ... -0.00208766  0.0045629
 -0.00457262]

Residual before update:
[-0.0016398  -0.00225021 -0.00187686 ... -0.00208808  0.00456176
 -0.00457756]

Residual before update:
[-0.0016398  -0.00225021 -0.00187686 ... -0.00208808  0.00456176
 -0.00457756]

Residual before update:
[-0.00163981 -0.00225021 -0.00187686 ... -0.00208808  0.00456176
 -0.00457756]

Residual before update:
[-0.00163981 -0.00225021 -0.00187686 ... -0.00208808  0.00456176
 -0.00457756]

Residual before update:
[-0.00163981 -0.00225021 -0.00187686 ... -0.00208808  0.00456176
 -0.00457756]

Residual before update:
[-0.00163981 -0.00225021 -0.00187686 ... -0.00208808  0.00456176
 -0.00457756]

Residual before update:
[-0.0016398  -0.00225021 -0.00187686 ... -0.00208808  0.00456176
 -0.00457756]

Residual before update:
[-0.0016398  -0.00225021 -0.00187686 ... -0.00208808  0.00456176
 -0.00457756]

Residual before update:
[-0.0016398  -0.00225021 -0.00187686 ... -0.00208808  0.00456176
 -0.00457756]

Residual before update:
[-0.00158048 -0.00219174 -0.00187618 ... -0.00208764  0.00456282
 -0.00457281]

Residual before update:
[-0.0016398  -0.00225021 -0.00187686 ... -0.00208808  0.00456175
 -0.00457756]

Residual before update:
[-0.0016398  -0.00225021 -0.00187686 ... -0.00208808  0.00456175
 -0.00457756]

Residual before update:
[-0.0016398  -0.00225021 -0.00187686 ... -0.00208808  0.00456175
 -0.00457756]

Residual before update:
[-0.0016398  -0.00225021 -0.00187686 ... -0.00208808  0.00456175
 -0.00457756]

Residual before update:
[-0.0016398  -0.00225021 -0.00187686 ... -0.00208808  0.00456175
 -0.00457756]

Residual before update:
[-0.0016398  -0.00225021 -0.00187686 ... -0.00208808  0.00456175
 -0.00457756]

Residual before update:
[-0.0016398  -0.00225021 -0.00187686 ... -0.00208808  0.00456175
 -0.00457756]

Residual before update:
[-0.0016398  -0.00225021 -0.00187686 ... -0.00208808  0.00456175
 -0.00457756]

Residual before update:
[-0.0016398  -0.00225021 -0.00187686 ... -0.00208808  0.00456175
 -0.00457756]

Residual before update:
[-0.00157936 -0.00219063 -0.00187608 ... -0.00208762  0.00456288
 -0.00457268]

Residual before update:
[-0.0016398  -0.00225021 -0.00187686 ... -0.00208808  0.00456174
 -0.00457756]

Residual before update:
[-0.0016398  -0.00225021 -0.00187686 ... -0.00208808  0.00456174
 -0.00457756]

Residual before update:
[-0.0016398  -0.00225021 -0.00187686 ... -0.00208808  0.00456174
 -0.00457756]

Residual before update:
[-0.0016398  -0.00225021 -0.00187686 ... -0.00208808  0.00456174
 -0.00457756]

Residual before update:
[-0.0016398  -0.0022502  -0.00187686 ... -0.00208808  0.00456174
 -0.00457756]

Residual before update:
[-0.0016398  -0.00225021 -0.00187686 ... -0.00208808  0.00456174
 -0.00457756]

Residual before update:
[-0.0016398  -0.0022502  -0.00187686 ... -0.00208808  0.00456174
 -0.00457756]

Residual before update:
[-0.0016398  -0.0022502  -0.00187686 ... -0.00208809  0.00456174
 -0.00457756]

Residual before update:
[-0.0016398  -0.0022502  -0.00187686 ... -0.00208809  0.00456173
 -0.00457756]

Residual before update:
[-0.00157717 -0.00218848 -0.00187603 ... -0.00208761  0.00456293
 -0.00457247]

Residual before update:
[-0.0016398  -0.0022502  -0.00187686 ... -0.00208809  0.00456173
 -0.00457756]

Residual before update:
[-0.0016398  -0.0022502  -0.00187686 ... -0.00208809  0.00456173
 -0.00457756]

Residual before update:
[-0.0016398  -0.0022502  -0.00187686 ... -0.00208809  0.00456173
 -0.00457756]

Residual before update:
[-0.0016398  -0.0022502  -0.00187686 ... -0.00208809  0.00456173
 -0.00457756]

Residual before update:
[-0.0016398  -0.0022502  -0.00187686 ... -0.00208809  0.00456173
 -0.00457756]

Residual before update:
[-0.0016398  -0.0022502  -0.00187686 ... -0.00208809  0.00456172
 -0.00457756]
Compute pips
###############################
TGFM
###############################
Initialize variables
Warning: 358 variants have NaN gwas_beta. Setting to 0 with large SE.
Iterative optimization

Residual before update:
[-1.33385887e-03 -4.54933804e-03  4.76413987e-04 ...  1.20098941e-03
  5.13865043e-03  8.37815963e-05]

Residual before update:
[-1.33382693e-03 -4.54933513e-03  4.76534621e-04 ...  1.20098351e-03
  5.13864564e-03  8.38037508e-05]

Residual before update:
[-1.33379496e-03 -4.54933213e-03  4.76655261e-04 ...  1.20097760e-03
  5.13864077e-03  8.38262997e-05]

Residual before update:
[-1.33376323e-03 -4.54932919e-03  4.76775835e-04 ...  1.20097133e-03
  5.13863588e-03  8.38476731e-05]

Residual before update:
[-1.33372775e-03 -4.54926279e-03  4.78105985e-04 ...  1.20788849e-03
  5.14134665e-03  8.49446283e-05]

Residual before update:
[-1.33369967e-03 -4.54932341e-03  4.77017158e-04 ...  1.20095991e-03
  5.13862609e-03  8.38915535e-05]

Residual before update:
[-1.33366751e-03 -4.54932035e-03  4.77137623e-04 ...  1.20095234e-03
  5.13862102e-03  8.39123377e-05]

Residual before update:
[-1.33363568e-03 -4.54931763e-03  4.77258094e-04 ...  1.20094641e-03
  5.13861612e-03  8.39266586e-05]

Residual before update:
[-1.33360598e-03 -4.54931442e-03  4.77378081e-04 ...  1.20094198e-03
  5.13861183e-03  8.39566156e-05]

Residual before update:
[-1.33357119e-03 -4.54931141e-03  4.77499345e-04 ...  1.20093708e-03
  5.13860690e-03  8.39846274e-05]

Residual before update:
[-1.24924271e-03 -4.53130085e-03  5.18739020e-04 ...  1.33816148e-03
  5.34102174e-03  7.92883483e-05]

Residual before update:
[-1.33357151e-03 -4.54931188e-03  4.77499126e-04 ...  1.20093623e-03
  5.13860732e-03  8.39804172e-05]

Residual before update:
[-1.33357128e-03 -4.54931148e-03  4.77499331e-04 ...  1.20093617e-03
  5.13860691e-03  8.39821916e-05]

Residual before update:
[-1.33357190e-03 -4.54931152e-03  4.77499324e-04 ...  1.20093506e-03
  5.13860672e-03  8.39792922e-05]

Residual before update:
[-1.33362886e-03 -4.55022201e-03  4.79615974e-04 ...  1.19689165e-03
  5.13743114e-03  8.65678618e-05]

Residual before update:
[-1.33357216e-03 -4.54931172e-03  4.77499913e-04 ...  1.20093618e-03
  5.13860656e-03  8.39790685e-05]

Residual before update:
[-1.33357161e-03 -4.54931152e-03  4.77499897e-04 ...  1.20093368e-03
  5.13860624e-03  8.39773082e-05]

Residual before update:
[-1.33357163e-03 -4.54931180e-03  4.77499979e-04 ...  1.20093400e-03
  5.13860624e-03  8.39678140e-05]

Residual before update:
[-1.33357404e-03 -4.54931147e-03  4.77499534e-04 ...  1.20093591e-03
  5.13860691e-03  8.39782388e-05]

Residual before update:
[-1.33357078e-03 -4.54931139e-03  4.77500604e-04 ...  1.20093693e-03
  5.13860680e-03  8.39844657e-05]

Residual before update:
[-0.00123457 -0.00454564  0.00051801 ...  0.00135982  0.00540996
  0.00011011]

Residual before update:
[-1.33357106e-03 -4.54931185e-03  4.77500636e-04 ...  1.20093610e-03
  5.13860723e-03  8.39804545e-05]

Residual before update:
[-1.33357081e-03 -4.54931145e-03  4.77500951e-04 ...  1.20093605e-03
  5.13860682e-03  8.39823085e-05]

Residual before update:
[-1.33357143e-03 -4.54931148e-03  4.77500996e-04 ...  1.20093495e-03
  5.13860663e-03  8.39794712e-05]

Residual before update:
[-0.00133215 -0.00455128  0.00048253 ...  0.00119973  0.00521517
  0.00013843]

Residual before update:
[-1.33357167e-03 -4.54931168e-03  4.77501725e-04 ...  1.20093608e-03
  5.13860648e-03  8.39793500e-05]

Residual before update:
[-1.33357111e-03 -4.54931147e-03  4.77501759e-04 ...  1.20093358e-03
  5.13860616e-03  8.39776205e-05]

Residual before update:
[-1.33357112e-03 -4.54931176e-03  4.77501880e-04 ...  1.20093390e-03
  5.13860616e-03  8.39681342e-05]

Residual before update:
[-1.33357355e-03 -4.54931142e-03  4.77501410e-04 ...  1.20093582e-03
  5.13860683e-03  8.39785802e-05]

Residual before update:
[-1.33357027e-03 -4.54931135e-03  4.77502527e-04 ...  1.20093684e-03
  5.13860673e-03  8.39848254e-05]

Residual before update:
[-0.00123253 -0.00453182  0.00051945 ...  0.00135778  0.00539984
  0.00011564]

Residual before update:
[-1.33357055e-03 -4.54931180e-03  4.77502561e-04 ...  1.20093601e-03
  5.13860716e-03  8.39808064e-05]

Residual before update:
[-1.33357030e-03 -4.54931140e-03  4.77502883e-04 ...  1.20093595e-03
  5.13860674e-03  8.39826646e-05]

Residual before update:
[-1.33357093e-03 -4.54931144e-03  4.77502892e-04 ...  1.20093485e-03
  5.13860656e-03  8.39798155e-05]

Residual before update:
[-0.00131747 -0.00455657  0.00053464 ...  0.00130447  0.00561981
  0.00024194]

Residual before update:
[-1.33357117e-03 -4.54931163e-03  4.77503631e-04 ...  1.20093599e-03
  5.13860640e-03  8.39796953e-05]

Residual before update:
[-1.33357061e-03 -4.54931143e-03  4.77503670e-04 ...  1.20093348e-03
  5.13860608e-03  8.39779638e-05]

Residual before update:
[-1.33357061e-03 -4.54931171e-03  4.77503801e-04 ...  1.20093380e-03
  5.13860608e-03  8.39684626e-05]

Residual before update:
[-1.33357305e-03 -4.54931138e-03  4.77503293e-04 ...  1.20093573e-03
  5.13860676e-03  8.39789200e-05]

Residual before update:
[-1.33356976e-03 -4.54931130e-03  4.77504457e-04 ...  1.20093675e-03
  5.13860665e-03  8.39851844e-05]

Residual before update:
[-0.00123226 -0.00452883  0.00051963 ...  0.00135619  0.00539478
  0.00011517]

Residual before update:
[-1.33357004e-03 -4.54931176e-03  4.77504492e-04 ...  1.20093592e-03
  5.13860708e-03  8.39811587e-05]

Residual before update:
[-1.33356978e-03 -4.54931135e-03  4.77504822e-04 ...  1.20093586e-03
  5.13860666e-03  8.39830214e-05]

Residual before update:
[-1.33357043e-03 -4.54931139e-03  4.77504795e-04 ...  1.20093476e-03
  5.13860648e-03  8.39801607e-05]

Residual before update:
[-0.00132546 -0.00454905  0.00047725 ...  0.00131903  0.00562024
  0.00020613]

Residual before update:
[-1.33357066e-03 -4.54931158e-03  4.77505543e-04 ...  1.20093589e-03
  5.13860632e-03  8.39800417e-05]

Residual before update:
[-1.33357010e-03 -4.54931138e-03  4.77505588e-04 ...  1.20093338e-03
  5.13860601e-03  8.39783082e-05]

Residual before update:
[-1.33357010e-03 -4.54931166e-03  4.77505730e-04 ...  1.20093370e-03
  5.13860600e-03  8.39687922e-05]

Residual before update:
[-1.33357255e-03 -4.54931133e-03  4.77505182e-04 ...  1.20093563e-03
  5.13860668e-03  8.39792611e-05]

Residual before update:
[-1.33356924e-03 -4.54931125e-03  4.77506393e-04 ...  1.20093665e-03
  5.13860657e-03  8.39855447e-05]
Compute pips
###############################
TGFM
###############################
Initialize variables
Warning: 394 variants have NaN gwas_beta. Setting to 0 with large SE.
Iterative optimization

Residual before update:
[ 1.62092462e-03  4.89196491e-03  3.98260682e-03 ...  5.93089759e-04
 -4.71095171e-05  1.11214698e-02]

Residual before update:
[ 1.62089743e-03  4.89195989e-03  3.98259164e-03 ...  5.92892283e-04
 -4.70533795e-05  1.11213321e-02]

Residual before update:
[1.59817445e-03 4.88242649e-03 4.04829804e-03 ... 5.97636961e-04
 2.41162308e-06 1.11597957e-02]

Residual before update:
[ 1.62085554e-03  4.89194996e-03  3.98256256e-03 ...  5.92592744e-04
 -4.69410938e-05  1.11211096e-02]

Residual before update:
[ 1.62083854e-03  4.89194503e-03  3.98254844e-03 ...  5.92473011e-04
 -4.68850357e-05  1.11210151e-02]

Residual before update:
[ 1.62082330e-03  4.89194011e-03  3.98253448e-03 ...  5.92366931e-04
 -4.68290745e-05  1.11209282e-02]

Residual before update:
[ 1.62080946e-03  4.89193507e-03  3.98252056e-03 ...  5.92271687e-04
 -4.67732599e-05  1.11208472e-02]

Residual before update:
[ 1.62203238e-03  4.89220740e-03  3.98664056e-03 ...  6.01028454e-04
 -4.21119463e-05  1.11306478e-02]

Residual before update:
[ 1.62078506e-03  4.89192530e-03  3.98249327e-03 ...  5.92106187e-04
 -4.66619827e-05  1.11206992e-02]

Residual before update:
[ 1.62077414e-03  4.89192027e-03  3.98247966e-03 ...  5.92033276e-04
 -4.66065427e-05  1.11206307e-02]

Residual before update:
[ 1.62079109e-03  4.89192049e-03  3.98248140e-03 ...  5.92163135e-04
 -4.66073821e-05  1.11207029e-02]

Residual before update:
[ 1.62080204e-03  4.89192034e-03  3.98248206e-03 ...  5.92247721e-04
 -4.66080332e-05  1.11207497e-02]

Residual before update:
[ 1.61667911e-03  4.87836120e-03  4.00057932e-03 ...  5.87331284e-04
 -5.04016813e-05  1.11222987e-02]

Residual before update:
[ 1.62081310e-03  4.89192045e-03  3.98248316e-03 ...  5.92332572e-04
 -4.66093194e-05  1.11207966e-02]

Residual before update:
[ 1.62081508e-03  4.89192051e-03  3.98248339e-03 ...  5.92347480e-04
 -4.66098748e-05  1.11208047e-02]

Residual before update:
[ 1.62081542e-03  4.89192052e-03  3.98248342e-03 ...  5.92350158e-04
 -4.66103428e-05  1.11208061e-02]

Residual before update:
[ 1.62081455e-03  4.89192032e-03  3.98248316e-03 ...  5.92343787e-04
 -4.66107506e-05  1.11208024e-02]

Residual before update:
[ 1.62223360e-03  4.89218079e-03  3.98654836e-03 ...  6.02828495e-04
 -4.18540667e-05  1.11312147e-02]

Residual before update:
[ 1.62081049e-03  4.89192036e-03  3.98248279e-03 ...  5.92312612e-04
 -4.66110994e-05  1.11207849e-02]

Residual before update:
[ 1.62080765e-03  4.89192021e-03  3.98248241e-03 ...  5.92290828e-04
 -4.66110425e-05  1.11207728e-02]

Residual before update:
[ 1.62080634e-03  4.89192036e-03  3.98248241e-03 ...  5.92280663e-04
 -4.66112413e-05  1.11207672e-02]

Residual before update:
[ 1.62080584e-03  4.89192016e-03  3.98248198e-03 ...  5.92277455e-04
 -4.66110509e-05  1.11207653e-02]

Residual before update:
[1.61809752e-03 6.53427340e-03 4.36714972e-03 ... 6.58143582e-04
 8.72054194e-05 1.11955674e-02]

Residual before update:
[ 1.62080663e-03  4.89192023e-03  3.98248211e-03 ...  5.92283391e-04
 -4.66105115e-05  1.11207684e-02]

Residual before update:
[ 1.62080737e-03  4.89192028e-03  3.98248222e-03 ...  5.92288715e-04
 -4.66102175e-05  1.11207712e-02]

Residual before update:
[ 1.62080802e-03  4.89192030e-03  3.98248228e-03 ...  5.92293768e-04
 -4.66099307e-05  1.11207739e-02]

Residual before update:
[ 1.62080852e-03  4.89192011e-03  3.98248215e-03 ...  5.92297813e-04
 -4.66097096e-05  1.11207760e-02]

Residual before update:
[ 1.62229801e-03  4.89218744e-03  3.98657373e-03 ...  6.03712151e-04
 -4.17290789e-05  1.11314837e-02]

Residual before update:
[ 1.62080894e-03  4.89192018e-03  3.98248221e-03 ...  5.92301083e-04
 -4.66092493e-05  1.11207776e-02]

Residual before update:
[ 1.62080878e-03  4.89192005e-03  3.98248209e-03 ...  5.92299852e-04
 -4.66090341e-05  1.11207768e-02]

Residual before update:
[ 1.62080860e-03  4.89192020e-03  3.98248219e-03 ...  5.92298425e-04
 -4.66091787e-05  1.11207761e-02]

Residual before update:
[ 1.62080824e-03  4.89192000e-03  3.98248178e-03 ...  5.92296209e-04
 -4.66089914e-05  1.11207748e-02]

Residual before update:
[0.00011647 0.00504266 0.00819418 ... 0.00087691 0.00308505 0.01359691]

Residual before update:
[ 1.62080784e-03  4.89192007e-03  3.98248179e-03 ...  5.92293075e-04
 -4.66085460e-05  1.11207728e-02]

Residual before update:
[ 1.62080780e-03  4.89192012e-03  3.98248183e-03 ...  5.92292408e-04
 -4.66083096e-05  1.11207723e-02]

Residual before update:
[ 1.62080777e-03  4.89192013e-03  3.98248182e-03 ...  5.92292169e-04
 -4.66080694e-05  1.11207720e-02]

Residual before update:
[ 1.62080775e-03  4.89191994e-03  3.98248164e-03 ...  5.92292302e-04
 -4.66078819e-05  1.11207720e-02]

Residual before update:
[ 1.62232954e-03  4.89219362e-03  3.98666449e-03 ...  6.03962308e-04
 -4.16019543e-05  1.11317172e-02]

Residual before update:
[ 1.62080785e-03  4.89192001e-03  3.98248167e-03 ...  5.92293055e-04
 -4.66074419e-05  1.11207722e-02]

Residual before update:
[ 1.62080787e-03  4.89191988e-03  3.98248157e-03 ...  5.92293296e-04
 -4.66072124e-05  1.11207722e-02]

Residual before update:
[ 1.62080797e-03  4.89192003e-03  3.98248170e-03 ...  5.92293970e-04
 -4.66073415e-05  1.11207726e-02]

Residual before update:
[ 1.62080787e-03  4.89191983e-03  3.98248131e-03 ...  5.92293747e-04
 -4.66071331e-05  1.11207724e-02]

Residual before update:
[ 1.74922511e-03  6.63283764e-03  3.87505922e-03 ...  3.51009934e-04
 -5.37517050e-05  1.11023504e-02]

Residual before update:
[ 1.62080779e-03  4.89191990e-03  3.98248135e-03 ...  5.92293044e-04
 -4.66066628e-05  1.11207718e-02]

Residual before update:
[ 1.62080779e-03  4.89191995e-03  3.98248139e-03 ...  5.92292697e-04
 -4.66064242e-05  1.11207714e-02]

Residual before update:
[ 1.62080773e-03  4.89191996e-03  3.98248138e-03 ...  5.92292292e-04
 -4.66061829e-05  1.11207711e-02]

Residual before update:
[ 1.62080765e-03  4.89191977e-03  3.98248120e-03 ...  5.92291935e-04
 -4.66059978e-05  1.11207708e-02]

Residual before update:
[ 1.62236137e-03  4.89220014e-03  3.98675881e-03 ...  6.04219538e-04
 -4.14735245e-05  1.11319575e-02]

Residual before update:
[ 1.62080759e-03  4.89191984e-03  3.98248121e-03 ...  5.92291443e-04
 -4.66055658e-05  1.11207703e-02]

Residual before update:
[ 1.62080756e-03  4.89191971e-03  3.98248110e-03 ...  5.92291255e-04
 -4.66053382e-05  1.11207701e-02]
Compute pips
###############################
TGFM
###############################
Initialize variables
Warning: 413 variants have NaN gwas_beta. Setting to 0 with large SE.
Iterative optimization

Residual before update:
[ 0.00709715 -0.00610524 -0.00083791 ...  0.00313549  0.00302519
  0.00126913]

Residual before update:
[ 0.00709566 -0.00610525 -0.00083802 ...  0.00313546  0.00302517
  0.00126912]

Residual before update:
[ 0.00709682 -0.0061069  -0.00084902 ...  0.00313553  0.00302523
  0.00125785]

Residual before update:
[ 0.00709268 -0.00610528 -0.00083824 ...  0.00313541  0.00302512
  0.00126911]

Residual before update:
[ 0.0070912  -0.00610529 -0.00083835 ...  0.00313539  0.0030251
  0.0012691 ]

Residual before update:
[ 0.00708973 -0.0061053  -0.00083846 ...  0.00313537  0.00302507
  0.00126909]

Residual before update:
[ 0.00708826 -0.00610531 -0.00083857 ...  0.00313534  0.00302505
  0.00126909]

Residual before update:
[ 0.00701589 -0.00610572 -0.00083884 ...  0.00313511  0.0030248
  0.00126892]

Residual before update:
[ 0.00708533 -0.00610533 -0.00083879 ...  0.0031353   0.003025
  0.00126907]

Residual before update:
[ 0.00708388 -0.00610534 -0.0008389  ...  0.00313527  0.00302498
  0.00126907]

Residual before update:
[ 0.00729545 -0.00610386 -0.00088036 ...  0.00313579  0.00302555
  0.00126918]

Residual before update:
[ 0.00708396 -0.00610534 -0.00083889 ...  0.00313528  0.00302498
  0.00126907]

Residual before update:
[ 0.00714214 -0.00610416 -0.00083356 ...  0.00313555  0.00302589
  0.00128685]

Residual before update:
[ 0.00708401 -0.00610534 -0.00083889 ...  0.00313528  0.00302499
  0.00126907]

Residual before update:
[ 0.00708403 -0.00610534 -0.00083889 ...  0.00313528  0.00302499
  0.00126907]

Residual before update:
[ 0.00708405 -0.00610534 -0.00083888 ...  0.00313528  0.00302499
  0.00126907]

Residual before update:
[ 0.00708406 -0.00610534 -0.00083888 ...  0.00313528  0.00302499
  0.00126907]

Residual before update:
[ 0.00699296 -0.00610585 -0.00083904 ...  0.00313501  0.0030247
  0.00126886]

Residual before update:
[ 0.00708407 -0.00610534 -0.00083888 ...  0.00313528  0.00302499
  0.00126907]

Residual before update:
[ 0.00708406 -0.00610534 -0.00083888 ...  0.00313528  0.00302499
  0.00126907]

Residual before update:
[ 0.00716266 -0.006104   -0.00096549 ...  0.00313501  0.00302473
  0.00126896]

Residual before update:
[ 0.00708405 -0.00610534 -0.00083889 ...  0.00313528  0.00302499
  0.00126907]

Residual before update:
[ 0.00022608 -0.00377746  0.01123994 ...  0.0024577   0.00215696
  0.00420661]

Residual before update:
[ 0.00708405 -0.00610534 -0.00083889 ...  0.00313528  0.00302499
  0.00126907]

Residual before update:
[ 0.00708404 -0.00610534 -0.00083889 ...  0.00313528  0.00302499
  0.00126907]

Residual before update:
[ 0.00708404 -0.00610534 -0.00083889 ...  0.00313528  0.00302499
  0.00126907]

Residual before update:
[ 0.00708403 -0.00610534 -0.00083888 ...  0.00313528  0.00302499
  0.00126907]

Residual before update:
[ 0.00699267 -0.00610585 -0.00083904 ...  0.00313501  0.00302469
  0.00126886]

Residual before update:
[ 0.00708403 -0.00610534 -0.00083889 ...  0.00313528  0.00302499
  0.00126907]

Residual before update:
[ 0.00708402 -0.00610534 -0.00083889 ...  0.00313528  0.00302499
  0.00126907]

Residual before update:
[ 0.00711081 -0.00610398 -0.00100779 ...  0.00313456  0.00302425
  0.00126941]

Residual before update:
[ 0.00708402 -0.00610534 -0.00083889 ...  0.00313528  0.00302499
  0.00126907]

Residual before update:
[ 0.00753013 -0.003848    0.01204708 ...  0.00405675  0.00379235
  0.00510767]

Residual before update:
[ 0.00708401 -0.00610534 -0.00083889 ...  0.00313528  0.00302499
  0.00126907]

Residual before update:
[ 0.007084   -0.00610534 -0.00083889 ...  0.00313528  0.00302499
  0.00126907]

Residual before update:
[ 0.007084   -0.00610534 -0.00083889 ...  0.00313528  0.00302499
  0.00126907]

Residual before update:
[ 0.007084   -0.00610534 -0.00083889 ...  0.00313528  0.00302499
  0.00126907]

Residual before update:
[ 0.00699236 -0.00610586 -0.00083905 ...  0.00313501  0.00302469
  0.00126886]

Residual before update:
[ 0.00708399 -0.00610534 -0.00083889 ...  0.00313528  0.00302499
  0.00126907]

Residual before update:
[ 0.00708398 -0.00610534 -0.00083889 ...  0.00313528  0.00302499
  0.00126907]

Residual before update:
[ 0.00711103 -0.00610397 -0.00100846 ...  0.00313455  0.00302425
  0.00126943]

Residual before update:
[ 0.00708398 -0.00610534 -0.00083889 ...  0.00313528  0.00302499
  0.00126907]

Residual before update:
[ 0.00757541 -0.00384751  0.01205721 ...  0.00406693  0.00380269
  0.00511495]

Residual before update:
[ 0.00708397 -0.00610534 -0.00083889 ...  0.00313528  0.00302499
  0.00126907]

Residual before update:
[ 0.00708397 -0.00610534 -0.00083889 ...  0.00313528  0.00302499
  0.00126907]

Residual before update:
[ 0.00708396 -0.00610534 -0.00083889 ...  0.00313528  0.00302499
  0.00126907]

Residual before update:
[ 0.00708396 -0.00610534 -0.00083889 ...  0.00313528  0.00302499
  0.00126907]

Residual before update:
[ 0.00699206 -0.00610586 -0.00083905 ...  0.00313501  0.00302469
  0.00126886]

Residual before update:
[ 0.00708395 -0.00610534 -0.00083889 ...  0.00313528  0.00302499
  0.00126907]

Residual before update:
[ 0.00708395 -0.00610534 -0.00083889 ...  0.00313528  0.00302499
  0.00126907]
Compute pips
###############################
TGFM
###############################
Initialize variables
Warning: 354 variants have NaN gwas_beta. Setting to 0 with large SE.
Iterative optimization

Residual before update:
[ 0.0009301   0.00517549 -0.00734226 ... -0.00933671 -0.00892059
  0.01465118]

Residual before update:
[ 0.00093011  0.00517547 -0.00734225 ... -0.00933628 -0.00892018
  0.01464634]

Residual before update:
[ 0.00093012  0.00517545 -0.00734224 ... -0.00933586 -0.00891976
  0.01464152]

Residual before update:
[ 0.00093013  0.00517544 -0.00734223 ... -0.00933543 -0.00891934
  0.01463672]

Residual before update:
[ 0.00093013  0.00517549 -0.00734225 ... -0.00933527 -0.00891909
  0.01464082]

Residual before update:
[ 0.00093014  0.0051754  -0.00734221 ... -0.00933458 -0.00891851
  0.01462719]

Residual before update:
[ 0.00093015  0.00517539 -0.00734219 ... -0.00933416 -0.00891809
  0.01462245]

Residual before update:
[ 0.00093016  0.00517537 -0.00734218 ... -0.00933373 -0.00891767
  0.01461773]

Residual before update:
[ 0.00093017  0.00517535 -0.00734217 ... -0.0093333  -0.00891725
  0.01461303]

Residual before update:
[ 0.00093152  0.00519084 -0.00734136 ... -0.00933321 -0.00891716
  0.01461275]

Residual before update:
[ 0.00093018  0.00517533 -0.00734216 ... -0.00933287 -0.00891682
  0.01460854]

Residual before update:
[ 0.00093018  0.00517533 -0.00734216 ... -0.00933286 -0.00891681
  0.01460869]

Residual before update:
[ 0.00093018  0.00517533 -0.00734216 ... -0.00933285 -0.00891681
  0.01460881]

Residual before update:
[ 0.00093018  0.00517533 -0.00734216 ... -0.00933285 -0.0089168
  0.01460892]

Residual before update:
[ 0.00093017  0.00517582 -0.00734187 ... -0.00933098 -0.00891387
  0.01463127]

Residual before update:
[ 0.00093018  0.00517533 -0.00734216 ... -0.00933284 -0.00891679
  0.01460907]

Residual before update:
[ 0.00093018  0.00517533 -0.00734216 ... -0.00933284 -0.00891679
  0.01460911]

Residual before update:
[ 0.00093018  0.00517533 -0.00734216 ... -0.00933284 -0.00891679
  0.01460913]

Residual before update:
[ 0.00093018  0.00517533 -0.00734216 ... -0.00933283 -0.00891679
  0.01460914]

Residual before update:
[ 0.00093065  0.00517075 -0.00734241 ... -0.00933323 -0.00891718
  0.01461286]

Residual before update:
[ 0.00093018  0.00517533 -0.00734216 ... -0.00933283 -0.00891679
  0.01460912]

Residual before update:
[ 0.00093018  0.00517533 -0.00734216 ... -0.00933283 -0.00891679
  0.01460911]

Residual before update:
[ 0.00093018  0.00517533 -0.00734216 ... -0.00933283 -0.00891679
  0.01460909]

Residual before update:
[ 0.00093018  0.00517533 -0.00734216 ... -0.00933283 -0.00891678
  0.01460908]

Residual before update:
[ 0.00093016  0.00517578 -0.00734184 ... -0.00933099 -0.00891391
  0.01462927]

Residual before update:
[ 0.00093018  0.00517533 -0.00734216 ... -0.00933283 -0.00891678
  0.01460906]

Residual before update:
[ 0.00093018  0.00517533 -0.00734216 ... -0.00933283 -0.00891678
  0.01460905]

Residual before update:
[ 0.00093018  0.00517533 -0.00734216 ... -0.00933283 -0.00891678
  0.01460904]

Residual before update:
[ 0.00093018  0.00517533 -0.00734216 ... -0.00933283 -0.00891678
  0.01460902]

Residual before update:
[ 0.00093067  0.00517148 -0.00734236 ... -0.00933322 -0.00891717
  0.01461279]

Residual before update:
[ 0.00093018  0.00517533 -0.00734216 ... -0.00933282 -0.00891678
  0.01460901]

Residual before update:
[ 0.00093018  0.00517533 -0.00734216 ... -0.00933282 -0.00891678
  0.014609  ]

Residual before update:
[ 0.00093018  0.00517533 -0.00734216 ... -0.00933282 -0.00891678
  0.01460899]

Residual before update:
[ 0.00093018  0.00517533 -0.00734216 ... -0.00933282 -0.00891678
  0.01460898]

Residual before update:
[ 0.00093013  0.00517591 -0.00734195 ... -0.00933157 -0.00891435
  0.0146384 ]

Residual before update:
[ 0.00093018  0.00517533 -0.00734216 ... -0.00933282 -0.00891677
  0.01460896]

Residual before update:
[ 0.00093018  0.00517533 -0.00734216 ... -0.00933282 -0.00891677
  0.01460895]

Residual before update:
[ 0.00093018  0.00517533 -0.00734216 ... -0.00933282 -0.00891677
  0.01460894]

Residual before update:
[ 0.00093018  0.00517533 -0.00734216 ... -0.00933282 -0.00891677
  0.01460892]

Residual before update:
[ 0.00093068  0.00517154 -0.00734236 ... -0.00933321 -0.00891716
  0.01461269]

Residual before update:
[ 0.00093018  0.00517533 -0.00734216 ... -0.00933281 -0.00891677
  0.01460891]

Residual before update:
[ 0.00093018  0.00517533 -0.00734216 ... -0.00933281 -0.00891677
  0.0146089 ]

Residual before update:
[ 0.00093018  0.00517533 -0.00734216 ... -0.00933281 -0.00891677
  0.01460889]

Residual before update:
[ 0.00093018  0.00517533 -0.00734216 ... -0.00933281 -0.00891677
  0.01460888]

Residual before update:
[ 0.00093009  0.00517611 -0.00734218 ... -0.00933268 -0.00891536
  0.01465294]

Residual before update:
[ 0.00093018  0.00517533 -0.00734216 ... -0.00933281 -0.00891676
  0.01460886]

Residual before update:
[ 0.00093018  0.00517533 -0.00734216 ... -0.00933281 -0.00891676
  0.01460885]

Residual before update:
[ 0.00093018  0.00517533 -0.00734216 ... -0.00933281 -0.00891676
  0.01460883]

Residual before update:
[ 0.00093018  0.00517533 -0.00734216 ... -0.00933281 -0.00891676
  0.01460882]

Residual before update:
[ 0.00093068  0.00517153 -0.00734236 ... -0.0093332  -0.00891715
  0.0146126 ]
Compute pips
###############################
TGFM
###############################
Initialize variables
Warning: 368 variants have NaN gwas_beta. Setting to 0 with large SE.
Iterative optimization

Residual before update:
[ 0.00163234  0.00362325  0.         ...  0.          0.00236002
 -0.01053111]

Residual before update:
[ 1.63214585e-03  3.62309007e-03 -5.46732638e-17 ... -1.26292994e-16
  2.35771695e-03 -1.05309011e-02]

Residual before update:
[ 1.63024760e-03  3.62182298e-03 -9.55515134e-15 ... -1.53514696e-15
  2.35806639e-03 -1.05315850e-02]

Residual before update:
[ 1.63438264e-03  3.62660377e-03 -3.24825137e-15 ...  4.68589812e-15
  2.35743450e-03 -1.05324477e-02]

Residual before update:
[ 1.63221952e-03  3.62461748e-03  3.34043190e-15 ...  4.34629097e-15
  2.35088115e-03 -1.05294077e-02]

Residual before update:
[-4.78767124e-01 -2.46918305e-01 -3.36655545e-11 ...  1.32547698e-09
 -6.19787436e-02  1.93731006e-02]

Residual before update:
[ 1.63203884e-03  3.62293760e-03 -1.60318001e-16 ... -2.70621020e-16
  2.34589987e-03 -1.05297146e-02]

Residual before update:
[ 1.63197230e-03  3.62284727e-03 -2.03932824e-16 ... -3.69600233e-16
  2.34345707e-03 -1.05294672e-02]

Residual before update:
[ 1.63201403e-03  3.62289364e-03 -2.29515160e-16 ... -3.73855064e-16
  2.34115990e-03 -1.05292239e-02]

Residual before update:
[ 1.63206718e-03  3.62290073e-03 -2.15525827e-16 ... -2.93458698e-16
  2.33919297e-03 -1.05289893e-02]

Residual before update:
[ 1.63219193e-03  3.62301362e-03 -2.21489561e-16 ... -3.05524849e-16
  2.33900874e-03 -1.05289543e-02]

Residual before update:
[ 1.63214570e-03  3.62297922e-03 -2.28074511e-16 ... -3.27459811e-16
  2.33919154e-03 -1.05289460e-02]

Residual before update:
[ 1.62919436e-03  3.62043932e-03 -2.90999680e-14 ... -1.57491930e-14
  2.35894215e-03 -1.05331052e-02]

Residual before update:
[ 1.62993078e-03  3.67067657e-03  2.43274589e-13 ... -1.79931883e-14
  2.33021868e-03 -1.05017634e-02]

Residual before update:
[ 1.63198715e-03  3.62359929e-03  9.29305984e-16 ...  1.13788369e-15
  2.34283420e-03 -1.05286685e-02]

Residual before update:
[ 4.15439273e-02 -4.14114287e-03  7.05050947e-11 ... -2.19301509e-09
  1.04490052e-01 -3.90156595e-01]

Residual before update:
[ 1.63202714e-03  3.62288997e-03 -2.16036575e-16 ... -3.42781703e-16
  2.33999806e-03 -1.05289455e-02]

Residual before update:
[ 1.63199022e-03  3.62283850e-03 -2.34076439e-16 ... -4.00314420e-16
  2.33995359e-03 -1.05289414e-02]

Residual before update:
[ 1.63202955e-03  3.62289555e-03 -2.37802352e-16 ... -3.81779226e-16
  2.33995466e-03 -1.05289406e-02]

Residual before update:
[ 1.63204580e-03  3.62287042e-03 -2.06721221e-16 ... -2.67565176e-16
  2.34023984e-03 -1.05289462e-02]

Residual before update:
[ 1.63207780e-03  3.62293237e-03 -2.31145335e-16 ... -3.56733397e-16
  2.33997172e-03 -1.05289442e-02]

Residual before update:
[ 1.63209287e-03  3.62294330e-03 -2.30885434e-16 ... -3.50906253e-16
  2.33979419e-03 -1.05289258e-02]

Residual before update:
[ 1.62842118e-03  3.61983772e-03 -2.94594810e-14 ... -1.48652458e-14
  2.35882390e-03 -1.05334720e-02]

Residual before update:
[ 1.64321665e-03  3.67639045e-03  4.03596250e-13 ...  3.27703849e-14
  2.37603674e-03 -1.04811594e-02]

Residual before update:
[ 1.63193628e-03  3.62294602e-03 -4.00599287e-16 ... -5.33639792e-16
  2.34093439e-03 -1.05287387e-02]

Residual before update:
[ 8.29722398e-03  3.39853058e-03 -1.92952097e-10 ... -3.36329307e-09
 -3.54766764e-01 -3.33359607e-01]

Residual before update:
[ 1.63203904e-03  3.62289945e-03 -2.19328472e-16 ... -3.46875374e-16
  2.33963977e-03 -1.05289039e-02]

Residual before update:
[ 1.63201651e-03  3.62285992e-03 -2.33625018e-16 ... -3.91213690e-16
  2.33964005e-03 -1.05289092e-02]

Residual before update:
[ 1.63205395e-03  3.62291296e-03 -2.36757133e-16 ... -3.73090486e-16
  2.33964369e-03 -1.05289100e-02]

Residual before update:
[ 1.63214385e-03  3.62286665e-03 -2.06432638e-16 ... -1.12171204e-16
  2.34027453e-03 -1.05289111e-02]

Residual before update:
[ 1.63205506e-03  3.62291467e-03 -2.36760801e-16 ... -3.71538400e-16
  2.33977154e-03 -1.05289233e-02]

Residual before update:
[ 1.63206255e-03  3.62291994e-03 -2.37530176e-16 ... -3.69424427e-16
  2.33961704e-03 -1.05289064e-02]

Residual before update:
[ 1.62811817e-03  3.61945905e-03 -2.77856787e-14 ... -1.39826624e-14
  2.35896955e-03 -1.05334458e-02]

Residual before update:
[ 1.63760925e-03  3.67221858e-03  3.27627438e-13 ...  1.26864857e-14
  2.36781306e-03 -1.04974536e-02]

Residual before update:
[ 1.63218684e-03  3.62410524e-03  2.37260656e-15 ...  3.65169511e-15
  2.33759608e-03 -1.05280356e-02]

Residual before update:
[ 3.62838471e-03 -9.18542369e-04 -1.93039411e-10 ... -3.37528988e-09
 -3.54916586e-01 -3.33649344e-01]

Residual before update:
[ 1.63204731e-03  3.62290622e-03 -2.22823630e-16 ... -3.52757650e-16
  2.33927814e-03 -1.05288614e-02]

Residual before update:
[ 1.63202919e-03  3.62286893e-03 -2.34176514e-16 ... -3.87023168e-16
  2.33940555e-03 -1.05288800e-02]

Residual before update:
[ 1.63206654e-03  3.62292092e-03 -2.36856601e-16 ... -3.68693783e-16
  2.33941902e-03 -1.05288821e-02]

Residual before update:
[ 1.63430846e-03  3.62377061e-03 -2.20458703e-16 ...  1.78955315e-15
  2.34182268e-03 -1.05287224e-02]

Residual before update:
[ 1.63206103e-03  3.62291775e-03 -2.37848930e-16 ... -3.70621670e-16
  2.33955570e-03 -1.05288967e-02]

Residual before update:
[ 1.63205859e-03  3.62291575e-03 -2.40106189e-16 ... -3.73820309e-16
  2.33941183e-03 -1.05288814e-02]

Residual before update:
[ 1.62806658e-03  3.61916982e-03 -2.65338893e-14 ... -1.35496388e-14
  2.35899250e-03 -1.05334841e-02]

Residual before update:
[ 1.63770285e-03  3.67213852e-03  3.29504700e-13 ...  1.37558972e-14
  2.36766797e-03 -1.04979354e-02]

Residual before update:
[ 1.63211874e-03  3.62277503e-03 -3.08055195e-16 ...  6.53024957e-16
  2.33666081e-03 -1.05286738e-02]

Residual before update:
[ 2.02195382e-03 -2.40458059e-03 -1.93064929e-10 ... -3.37939891e-09
 -3.54960337e-01 -3.33750075e-01]

Residual before update:
[ 1.63205586e-03  3.62291220e-03 -2.25954505e-16 ... -3.56260442e-16
  2.33892789e-03 -1.05288198e-02]

Residual before update:
[ 1.63203027e-03  3.62286837e-03 -2.36124933e-16 ... -3.88757046e-16
  2.33918412e-03 -1.05288527e-02]

Residual before update:
[ 1.63206922e-03  3.62292151e-03 -2.38421513e-16 ... -3.69434993e-16
  2.33920717e-03 -1.05288560e-02]

Residual before update:
[ 1.63453044e-03  3.62043484e-03 -2.63656975e-16 ...  4.68066408e-15
  2.34421624e-03 -1.05294471e-02]
Compute pips
###############################
TGFM
###############################
Initialize variables
Warning: 358 variants have NaN gwas_beta. Setting to 0 with large SE.
Iterative optimization

Residual before update:
[ 0.00338211 -0.00211993 -0.0071558  ... -0.00298571 -0.00313422
 -0.00295309]

Residual before update:
[ 0.00337669 -0.0021351  -0.00715709 ... -0.00298608 -0.00313446
 -0.00295385]

Residual before update:
[ 0.00337912 -0.00213619 -0.00715673 ... -0.00298605 -0.0031343
 -0.00295367]

Residual before update:
[ 0.00337888 -0.00213736 -0.0071568  ... -0.00298608 -0.00313431
 -0.00295375]

Residual before update:
[ 0.00338014 -0.00213018 -0.00715537 ... -0.00298586 -0.00312904
 -0.00295311]

Residual before update:
[ 0.00337853 -0.00213901 -0.00715691 ... -0.00298613 -0.00313432
 -0.0029539 ]

Residual before update:
[ 0.00337839 -0.00213962 -0.00715694 ... -0.00298615 -0.00313433
 -0.00295396]

Residual before update:
[ 0.0033829  -0.00213748 -0.00715799 ... -0.00298623 -0.0031342
 -0.0029556 ]

Residual before update:
[ 0.00337808 -0.00214083 -0.0071568  ... -0.00298826 -0.00313716
 -0.00295498]

Residual before update:
[ 0.00339071 -0.00162371 -0.00714775 ... -0.00296286 -0.00310587
 -0.00295039]

Residual before update:
[ 0.00338065 -0.00212657 -0.00715619 ... -0.00298591 -0.00313428
 -0.00295372]

Residual before update:
[ 0.00338112 -0.00211993 -0.00715699 ... -0.00298654 -0.00313433
 -0.00295393]

Residual before update:
[ 0.00337974 -0.00213167 -0.00715651 ... -0.00298601 -0.0031343
 -0.00295387]

Residual before update:
[ 0.00337951 -0.00213299 -0.00715659 ... -0.00298603 -0.00313431
 -0.00295391]

Residual before update:
[ 0.00338162 -0.00212077 -0.00715414 ... -0.00298568 -0.00312539
 -0.00295277]

Residual before update:
[ 0.00337916 -0.00213499 -0.00715672 ... -0.00298607 -0.00313432
 -0.00295397]

Residual before update:
[ 0.00337902 -0.0021358  -0.00715678 ... -0.00298608 -0.00313432
 -0.00295399]

Residual before update:
[ 0.0033841  -0.00213157 -0.00715861 ... -0.00298543 -0.00313366
 -0.0029546 ]

Residual before update:
[ 0.00337867 -0.00213518 -0.00715677 ... -0.00298897 -0.00313991
 -0.0029544 ]

Residual before update:
[ 0.0034095  -0.0016141  -0.00714841 ... -0.00296239 -0.00310899
 -0.00295276]

Residual before update:
[ 0.00337944 -0.00213353 -0.00715665 ... -0.00298604 -0.00313431
 -0.00295392]

Residual before update:
[ 0.00338136 -0.00211998 -0.00715713 ... -0.0029866  -0.00313439
 -0.00295429]

Residual before update:
[ 0.00337966 -0.00213229 -0.00715657 ... -0.00298601 -0.00313431
 -0.00295389]

Residual before update:
[ 0.0033796  -0.00213258 -0.00715659 ... -0.00298602 -0.00313431
 -0.00295389]

Residual before update:
[ 0.00338178 -0.00211821 -0.00715379 ... -0.00298564 -0.00312452
 -0.00295259]

Residual before update:
[ 0.00337942 -0.0021336  -0.00715666 ... -0.00298604 -0.00313431
 -0.00295393]

Residual before update:
[ 0.00337932 -0.00213415 -0.00715669 ... -0.00298605 -0.00313432
 -0.00295394]

Residual before update:
[ 0.00338429 -0.00213155 -0.00715865 ... -0.00298546 -0.00313356
 -0.00295464]

Residual before update:
[ 0.00337798 -0.0021333  -0.0071569  ... -0.0029908  -0.00314244
 -0.00295396]

Residual before update:
[ 0.00340944 -0.00161411 -0.00714841 ... -0.00296239 -0.00310905
 -0.00295277]

Residual before update:
[ 0.00337916 -0.00213507 -0.00715675 ... -0.00298607 -0.00313432
 -0.00295397]

Residual before update:
[ 0.00338099 -0.00211994 -0.00715704 ... -0.00298675 -0.00313438
 -0.00295403]

Residual before update:
[ 0.00337938 -0.00213386 -0.00715667 ... -0.00298604 -0.00313432
 -0.00295394]

Residual before update:
[ 0.00337944 -0.00213351 -0.00715665 ... -0.00298604 -0.00313431
 -0.00295393]

Residual before update:
[ 0.00338097 -0.00211916 -0.00715314 ... -0.00298574 -0.00312381
 -0.00295267]

Residual before update:
[ 0.00337944 -0.00213348 -0.00715665 ... -0.00298604 -0.00313431
 -0.00295393]

Residual before update:
[ 0.00337941 -0.00213369 -0.00715666 ... -0.00298604 -0.00313432
 -0.00295393]

Residual before update:
[ 0.00338428 -0.00213136 -0.00715859 ... -0.00298548 -0.00313355
 -0.00295459]

Residual before update:
[ 0.00337796 -0.00213376 -0.00715704 ... -0.00299067 -0.00314511
 -0.00295398]

Residual before update:
[ 0.00340943 -0.00161423 -0.00714841 ... -0.00296239 -0.00310906
 -0.00295277]

Residual before update:
[ 0.00337924 -0.00213465 -0.00715673 ... -0.00298606 -0.00313432
 -0.00295396]

Residual before update:
[ 0.00338096 -0.00211994 -0.00715704 ... -0.00298671 -0.00313436
 -0.00295403]

Residual before update:
[ 0.00337926 -0.0021345  -0.00715672 ... -0.00298606 -0.00313432
 -0.00295396]

Residual before update:
[ 0.0033793  -0.00213426 -0.0071567  ... -0.00298605 -0.00313432
 -0.00295395]

Residual before update:
[ 0.00338083 -0.00211915 -0.00715287 ... -0.00298575 -0.00312348
 -0.00295267]

Residual before update:
[ 0.00337936 -0.00213391 -0.00715668 ... -0.00298604 -0.00313432
 -0.00295394]

Residual before update:
[ 0.00337937 -0.00213387 -0.00715668 ... -0.00298604 -0.00313432
 -0.00295394]

Residual before update:
[ 0.00338429 -0.00213117 -0.00715854 ... -0.00298548 -0.00313356
 -0.00295457]

Residual before update:
[ 0.00337891 -0.0021359  -0.00715724 ... -0.00298841 -0.00314774
 -0.00295412]

Residual before update:
[ 0.00340942 -0.00161438 -0.00714841 ... -0.0029624  -0.00310907
 -0.00295277]
Compute pips
NaNs found in variant PIPs at indices: [    0     1     2 ... 10418 10419 10420]
###############################
TGFM
###############################
Initialize variables
Warning: 398 variants have NaN gwas_beta. Setting to 0 with large SE.
Iterative optimization

Residual before update:
[-0.00988757 -0.00462561 -0.0038088  ...  0.00311768 -0.0034245
 -0.00259655]

Residual before update:
[-0.0098875  -0.00462543 -0.00380854 ...  0.00311747 -0.00342464
 -0.00259657]

Residual before update:
[-0.00988743 -0.00462524 -0.00380828 ...  0.00311727 -0.00342478
 -0.00259659]

Residual before update:
[-0.00988736 -0.00462506 -0.00380802 ...  0.00311709 -0.00342492
 -0.00259661]

Residual before update:
[-0.00988729 -0.00462487 -0.00380776 ...  0.00311692 -0.00342504
 -0.00259663]

Residual before update:
[-0.00988721 -0.00462468 -0.0038075  ...  0.00311676 -0.00342517
 -0.00259665]

Residual before update:
[-0.00988714 -0.00462449 -0.00380724 ...  0.00311661 -0.00342529
 -0.00259667]

Residual before update:
[-0.00988707 -0.0046243  -0.00380698 ...  0.00311646 -0.0034254
 -0.00259669]

Residual before update:
[-0.009887   -0.00462411 -0.00380672 ...  0.00311632 -0.00342552
 -0.00259671]

Residual before update:
[-0.00988692 -0.00462392 -0.00380645 ...  0.00311619 -0.00342563
 -0.00259672]

Residual before update:
[-0.00988692 -0.00462391 -0.00380645 ...  0.00311627 -0.00342559
 -0.00259672]

Residual before update:
[-0.00988692 -0.0046239  -0.00380645 ...  0.00311633 -0.00342556
 -0.00259672]

Residual before update:
[-0.00988692 -0.0046239  -0.00380645 ...  0.00311638 -0.00342554
 -0.00259672]

Residual before update:
[-0.00988691 -0.00462389 -0.00380644 ...  0.00311641 -0.00342552
 -0.00259671]

Residual before update:
[-0.00988691 -0.00462389 -0.00380644 ...  0.00311643 -0.00342551
 -0.00259671]

Residual before update:
[-0.00988691 -0.00462389 -0.00380644 ...  0.00311645 -0.00342551
 -0.00259671]

Residual before update:
[-0.00988691 -0.00462389 -0.00380644 ...  0.00311645 -0.0034255
 -0.00259671]

Residual before update:
[-0.00988691 -0.00462389 -0.00380644 ...  0.00311645 -0.0034255
 -0.00259671]

Residual before update:
[-0.00988691 -0.00462388 -0.00380644 ...  0.00311644 -0.00342551
 -0.00259671]

Residual before update:
[-0.00988691 -0.00462388 -0.00380643 ...  0.00311643 -0.00342551
 -0.00259671]

Residual before update:
[-0.00988691 -0.00462389 -0.00380643 ...  0.00311642 -0.00342552
 -0.00259671]

Residual before update:
[-0.00988691 -0.00462388 -0.00380643 ...  0.00311641 -0.00342552
 -0.00259671]

Residual before update:
[-0.00988691 -0.00462388 -0.00380643 ...  0.00311641 -0.00342552
 -0.00259671]

Residual before update:
[-0.00988691 -0.00462388 -0.00380643 ...  0.00311641 -0.00342552
 -0.00259671]

Residual before update:
[-0.00988691 -0.00462388 -0.00380643 ...  0.00311641 -0.00342552
 -0.00259671]

Residual before update:
[-0.00988691 -0.00462388 -0.00380643 ...  0.00311641 -0.00342552
 -0.00259671]

Residual before update:
[-0.00988691 -0.00462388 -0.00380643 ...  0.00311641 -0.00342552
 -0.00259671]

Residual before update:
[-0.00988691 -0.00462388 -0.00380642 ...  0.00311641 -0.00342552
 -0.00259671]

Residual before update:
[-0.00988691 -0.00462388 -0.00380642 ...  0.00311641 -0.00342552
 -0.00259671]

Residual before update:
[-0.00988691 -0.00462388 -0.00380642 ...  0.00311641 -0.00342552
 -0.00259671]

Residual before update:
[-0.00988691 -0.00462388 -0.00380642 ...  0.00311641 -0.00342552
 -0.00259671]

Residual before update:
[-0.00988691 -0.00462387 -0.00380642 ...  0.00311641 -0.00342552
 -0.00259671]

Residual before update:
[-0.00988691 -0.00462387 -0.00380642 ...  0.00311641 -0.00342552
 -0.00259671]

Residual before update:
[-0.00988691 -0.00462387 -0.00380642 ...  0.00311641 -0.00342552
 -0.00259671]

Residual before update:
[-0.00988691 -0.00462387 -0.00380642 ...  0.00311641 -0.00342552
 -0.00259671]

Residual before update:
[-0.00988691 -0.00462387 -0.00380641 ...  0.00311641 -0.00342552
 -0.00259671]

Residual before update:
[-0.00988691 -0.00462387 -0.00380641 ...  0.00311641 -0.00342552
 -0.00259671]

Residual before update:
[-0.00988691 -0.00462387 -0.00380641 ...  0.00311641 -0.00342553
 -0.00259671]

Residual before update:
[-0.00988691 -0.00462387 -0.00380641 ...  0.00311641 -0.00342553
 -0.00259671]

Residual before update:
[-0.0098869  -0.00462387 -0.00380641 ...  0.00311641 -0.00342553
 -0.00259671]

Residual before update:
[-0.0098869  -0.00462387 -0.00380641 ...  0.00311641 -0.00342553
 -0.00259671]

Residual before update:
[-0.0098869  -0.00462387 -0.00380641 ...  0.00311641 -0.00342553
 -0.00259671]

Residual before update:
[-0.0098869  -0.00462386 -0.00380641 ...  0.00311641 -0.00342553
 -0.00259671]

Residual before update:
[-0.0098869  -0.00462386 -0.0038064  ...  0.00311641 -0.00342553
 -0.00259671]

Residual before update:
[-0.0098869  -0.00462386 -0.0038064  ...  0.00311641 -0.00342553
 -0.00259671]

Residual before update:
[-0.0098869  -0.00462386 -0.0038064  ...  0.00311641 -0.00342553
 -0.00259671]

Residual before update:
[-0.0098869  -0.00462386 -0.0038064  ...  0.0031164  -0.00342553
 -0.00259671]

Residual before update:
[-0.0098869  -0.00462386 -0.0038064  ...  0.0031164  -0.00342553
 -0.00259671]

Residual before update:
[-0.0098869  -0.00462386 -0.0038064  ...  0.0031164  -0.00342553
 -0.00259671]

Residual before update:
[-0.0098869  -0.00462386 -0.0038064  ...  0.0031164  -0.00342553
 -0.00259671]
Compute pips
###############################
TGFM
###############################
Initialize variables
Warning: 416 variants have NaN gwas_beta. Setting to 0 with large SE.
Iterative optimization

Residual before update:
[ 0.00339955  0.          0.00349788 ...  0.00281537  0.00035034
 -0.00149416]

Residual before update:
[ 3.39817784e-03  2.59536004e-14  3.50563560e-03 ...  2.84684722e-03
  3.88411886e-04 -1.49383164e-03]

Residual before update:
[ 3.38933147e-03 -1.88800168e-16  3.49779795e-03 ...  2.81531683e-03
  3.50331346e-04 -1.49416771e-03]

Residual before update:
[ 3.38933455e-03 -2.34825189e-15  3.49807339e-03 ...  2.81381886e-03
  3.50259583e-04 -1.49458606e-03]

Residual before update:
[ 3.37949473e-03 -3.69017585e-16  3.49771687e-03 ...  2.81527223e-03
  3.50327487e-04 -1.49417764e-03]

Residual before update:
[ 3.40021920e-03  4.40337612e-14  3.50816462e-03 ...  2.85158471e-03
  3.51734597e-04 -1.48911343e-03]

Residual before update:
[ 3.38065259e-03 -4.88386201e-14  3.48143080e-03 ...  2.79219365e-03
  3.49900201e-04 -1.50012159e-03]

Residual before update:
[ 3.38510232e-03 -1.99745950e-14  3.49316350e-03 ...  2.79870262e-03
  3.49682189e-04 -1.49645693e-03]

Residual before update:
[ 3.36085129e-03 -7.06344136e-16  3.49756197e-03 ...  2.81519702e-03
  3.50320693e-04 -1.49419513e-03]

Residual before update:
[ 3.38817018e-03 -8.36495325e-15  3.49619446e-03 ...  2.80822614e-03
  3.50044532e-04 -1.49480934e-03]

Residual before update:
[ 3.35715624e-03 -7.69706940e-16  3.49752985e-03 ...  2.81519111e-03
  3.50319786e-04 -1.49419748e-03]

Residual before update:
[ 3.37892588e-03 -1.09847454e-13  3.47276528e-03 ...  2.79752339e-03
  3.87348573e-04 -1.50603864e-03]

Residual before update:
[ 3.35831450e-03 -7.44817212e-16  3.49753763e-03 ...  2.81520532e-03
  3.50320658e-04 -1.49419522e-03]

Residual before update:
[ 3.40188474e-03  1.65499719e-14  3.50221315e-03 ...  2.81992124e-03
  3.50339581e-04 -1.49336459e-03]

Residual before update:
[ 3.35907803e-03 -7.30202518e-16  3.49754253e-03 ...  2.81521255e-03
  3.50321005e-04 -1.49419426e-03]

Residual before update:
[ 3.31851803e-03 -2.21388489e-13  3.46353313e-03 ...  2.71531172e-03
  3.50088322e-04 -1.49730231e-03]

Residual before update:
[ 3.39249464e-03 -4.05163457e-14  3.48369657e-03 ...  2.79997624e-03
  3.50205778e-04 -1.49918805e-03]

Residual before update:
[ 3.41434644e-03  1.00981091e-13  3.52495433e-03 ...  2.84546332e-03
  3.50574973e-04 -1.48239003e-03]

Residual before update:
[ 3.35956198e-03 -7.21526564e-16  3.49754562e-03 ...  2.81521355e-03
  3.50321124e-04 -1.49419392e-03]

Residual before update:
[ 3.40448247e-03  4.32160611e-14  3.50809456e-03 ...  2.82629110e-03
  3.50354029e-04 -1.49088039e-03]

Residual before update:
[ 3.35945775e-03 -7.24236646e-16  3.49754482e-03 ...  2.81521086e-03
  3.50320988e-04 -1.49419428e-03]

Residual before update:
[ 3.38592169e-03 -1.11195525e-13  3.47078362e-03 ...  2.78629615e-03
  3.50257179e-04 -1.50356815e-03]

Residual before update:
[ 3.35936890e-03 -7.25819570e-16  3.49754411e-03 ...  2.81520984e-03
  3.50320942e-04 -1.49419440e-03]

Residual before update:
[ 3.40213874e-03  1.75846459e-14  3.50285986e-03 ...  2.82098045e-03
  3.50391425e-04 -1.49251722e-03]

Residual before update:
[ 3.35931186e-03 -7.27525735e-16  3.49754355e-03 ...  2.81520978e-03
  3.50320840e-04 -1.49419463e-03]

Residual before update:
[ 3.31850053e-03 -2.21374626e-13  3.46354349e-03 ...  2.71530032e-03
  3.50088299e-04 -1.49729558e-03]

Residual before update:
[ 3.39241686e-03 -4.14370849e-14  3.48380665e-03 ...  2.80010269e-03
  3.50212177e-04 -1.49905889e-03]

Residual before update:
[ 3.41434935e-03  1.00970887e-13  3.52495494e-03 ...  2.84547805e-03
  3.50576273e-04 -1.48238570e-03]

Residual before update:
[ 3.35924038e-03 -7.28080976e-16  3.49754311e-03 ...  2.81521036e-03
  3.50320913e-04 -1.49419445e-03]

Residual before update:
[ 3.40468593e-03  4.35539153e-14  3.50832164e-03 ...  2.82655216e-03
  3.50359942e-04 -1.49067545e-03]

Residual before update:
[ 3.35923308e-03 -7.28121123e-16  3.49754303e-03 ...  2.81521040e-03
  3.50320935e-04 -1.49419442e-03]

Residual before update:
[ 3.38592509e-03 -1.11167821e-13  3.47079037e-03 ...  2.78630340e-03
  3.50257198e-04 -1.50356580e-03]

Residual before update:
[ 3.35919500e-03 -7.28560014e-16  3.49754267e-03 ...  2.81521017e-03
  3.50320935e-04 -1.49419442e-03]

Residual before update:
[ 3.40208006e-03  1.73381154e-14  3.50273973e-03 ...  2.82082508e-03
  3.50387416e-04 -1.49251054e-03]

Residual before update:
[ 3.35915676e-03 -7.30033214e-16  3.49754222e-03 ...  2.81520992e-03
  3.50320823e-04 -1.49419468e-03]

Residual before update:
[ 3.31848991e-03 -2.21358352e-13  3.46355204e-03 ...  2.71529471e-03
  3.50088289e-04 -1.49729055e-03]

Residual before update:
[ 3.39239790e-03 -4.15175190e-14  3.48380838e-03 ...  2.80009306e-03
  3.50211037e-04 -1.49908752e-03]

Residual before update:
[ 3.41434227e-03  1.00930706e-13  3.52494296e-03 ...  2.84546421e-03
  3.50576090e-04 -1.48239197e-03]

Residual before update:
[ 3.35908131e-03 -7.30974491e-16  3.49754172e-03 ...  2.81520970e-03
  3.50320850e-04 -1.49419461e-03]

Residual before update:
[ 3.40472115e-03  4.35629975e-14  3.50835468e-03 ...  2.82659137e-03
  3.50361152e-04 -1.49063864e-03]

Residual before update:
[ 3.35907102e-03 -7.31075312e-16  3.49754162e-03 ...  2.81520971e-03
  3.50320871e-04 -1.49419458e-03]

Residual before update:
[ 3.38592848e-03 -1.11140110e-13  3.47079712e-03 ...  2.78631064e-03
  3.50257218e-04 -1.50356346e-03]

Residual before update:
[ 3.35903207e-03 -7.31491181e-16  3.49754126e-03 ...  2.81520957e-03
  3.50320876e-04 -1.49419458e-03]

Residual before update:
[ 3.40204728e-03  1.70996534e-14  3.50267593e-03 ...  2.82075460e-03
  3.50386871e-04 -1.49253865e-03]

Residual before update:
[ 3.35899322e-03 -7.32945941e-16  3.49754080e-03 ...  2.81520940e-03
  3.50320768e-04 -1.49419482e-03]

Residual before update:
[ 3.31848434e-03 -2.21340308e-13  3.46355927e-03 ...  2.71529334e-03
  3.50088289e-04 -1.49728678e-03]

Residual before update:
[ 3.39240544e-03 -4.14551009e-14  3.48382937e-03 ...  2.80011507e-03
  3.50211166e-04 -1.49908501e-03]

Residual before update:
[ 3.41433522e-03  1.00890647e-13  3.52493103e-03 ...  2.84545051e-03
  3.50575916e-04 -1.48239818e-03]

Residual before update:
[ 3.35891780e-03 -7.33877001e-16  3.49754030e-03 ...  2.81520920e-03
  3.50320796e-04 -1.49419475e-03]

Residual before update:
[ 3.40471141e-03  4.34827835e-14  3.50833513e-03 ...  2.82657026e-03
  3.50361079e-04 -1.49064567e-03]
Compute pips
running alternative initialization
Initialize variables
Iterative optimization

Residual before update:
[ 9.08410207e-02  6.13059538e-10  6.47391424e-02 ...  4.83404206e-02
 -8.14093466e-02  2.07350168e-02]

Residual before update:
[ 8.04814969e-02  5.09631855e-10  8.35497240e-04 ...  2.80702526e-02
 -8.62290775e-02  1.14102708e-02]

Residual before update:
[ 5.81313786e-02  4.40522503e-10 -8.87083708e-03 ... -7.13064869e-03
 -8.00881305e-02  4.31550712e-03]

Residual before update:
[ 4.85482119e-02  3.80279257e-10 -2.85048915e-03 ... -8.78503070e-03
 -6.78800123e-02  3.38143178e-03]

Residual before update:
[ 4.21100317e-02  3.12946970e-10 -8.86974298e-03 ... -6.17286649e-03
 -5.80377203e-02  2.10024381e-03]

Residual before update:
[ 3.26178081e-02  2.53119721e-10 -3.00118036e-03 ... -7.80769924e-03
 -4.58663741e-02  1.16628324e-03]

Residual before update:
[ 2.61038605e-02  1.85769112e-10 -9.03507062e-03 ... -5.36950595e-03
 -3.60416856e-02 -1.40909468e-04]

Residual before update:
[ 1.65345930e-02  1.25451789e-10 -3.25990786e-03 ... -7.07107733e-03
 -2.38944014e-02 -1.09898926e-03]

Residual before update:
[ 9.90590496e-03  5.73196520e-11 -9.36965244e-03 ... -4.69058231e-03
 -1.40873430e-02 -2.43284013e-03]

Residual before update:
[ 1.70386423e-04 -3.93917390e-12 -3.60352960e-03 ... -6.49195766e-03
 -1.94530260e-03 -3.42180628e-03]

Residual before update:
[3.77210021e-03 3.01867867e-11 5.40731214e-02 ... 1.61632015e-02
 1.26613966e-02 4.53961375e-03]

Residual before update:
[1.59515455e-02 5.15695017e-13 6.34075632e-03 ... 3.28855319e-02
 3.27890632e-03 3.10675571e-03]

Residual before update:
[ 3.30389373e-03 -7.64447608e-12 -9.30995536e-03 ... -5.67939448e-04
 -2.76759065e-03 -3.02261306e-03]

Residual before update:
[ 2.30654549e-04 -1.32388836e-13  2.77649131e-03 ... -4.77708944e-03
 -3.89904721e-04 -2.65613817e-03]

Residual before update:
[ 3.30546990e-03 -7.51711024e-12 -9.09656470e-03 ... -5.11611332e-04
 -2.71564618e-03 -2.99715349e-03]

Residual before update:
[ 3.04873559e-04 -1.29329205e-13  2.79331836e-03 ... -4.59928257e-03
 -3.72584105e-04 -2.62893130e-03]

Residual before update:
[ 3.30582431e-03 -7.48847274e-12 -9.04858499e-03 ... -4.98946235e-04
 -2.70396675e-03 -2.99142905e-03]

Residual before update:
[ 2.88888674e-04 -1.29988172e-13  2.78969424e-03 ... -4.63757764e-03
 -3.76314525e-04 -2.63479097e-03]

Residual before update:
[ 3.30513763e-03 -7.54395943e-12 -9.14154824e-03 ... -5.23485541e-04
 -2.72659627e-03 -3.00252047e-03]

Residual before update:
[ 2.17470127e-04 -1.32932356e-13  2.77350212e-03 ... -4.80867543e-03
 -3.92981592e-04 -2.66097126e-03]

Residual before update:
[3.77207928e-03 3.01867858e-11 5.40731165e-02 ... 1.61631513e-02
 1.26613917e-02 4.53960606e-03]

Residual before update:
[1.59515455e-02 5.15695016e-13 6.34075631e-03 ... 3.28855318e-02
 3.27890631e-03 3.10675569e-03]

Residual before update:
[ 3.30389373e-03 -7.64447603e-12 -9.30995527e-03 ... -5.67939426e-04
 -2.76759063e-03 -3.02261305e-03]

Residual before update:
[ 2.30654613e-04 -1.32388833e-13  2.77649133e-03 ... -4.77708929e-03
 -3.89904706e-04 -2.65613815e-03]

Residual before update:
[ 3.30546990e-03 -7.51711024e-12 -9.09656470e-03 ... -5.11611332e-04
 -2.71564618e-03 -2.99715349e-03]

Residual before update:
[ 3.04873561e-04 -1.29329205e-13  2.79331836e-03 ... -4.59928257e-03
 -3.72584104e-04 -2.62893130e-03]

Residual before update:
[ 3.30582431e-03 -7.48847274e-12 -9.04858499e-03 ... -4.98946234e-04
 -2.70396675e-03 -2.99142905e-03]

Residual before update:
[ 2.88888674e-04 -1.29988172e-13  2.78969424e-03 ... -4.63757764e-03
 -3.76314525e-04 -2.63479097e-03]

Residual before update:
[ 3.30513763e-03 -7.54395943e-12 -9.14154824e-03 ... -5.23485541e-04
 -2.72659627e-03 -3.00252047e-03]

Residual before update:
[ 2.17470126e-04 -1.32932356e-13  2.77350212e-03 ... -4.80867544e-03
 -3.92981592e-04 -2.66097126e-03]

Residual before update:
[3.77207928e-03 3.01867857e-11 5.40731165e-02 ... 1.61631513e-02
 1.26613917e-02 4.53960605e-03]

Residual before update:
[1.59515454e-02 5.15695014e-13 6.34075630e-03 ... 3.28855316e-02
 3.27890630e-03 3.10675566e-03]

Residual before update:
[ 3.30389373e-03 -7.64447598e-12 -9.30995519e-03 ... -5.67939404e-04
 -2.76759061e-03 -3.02261304e-03]

Residual before update:
[ 2.30654676e-04 -1.32388831e-13  2.77649134e-03 ... -4.77708914e-03
 -3.89904691e-04 -2.65613813e-03]

Residual before update:
[ 3.30546990e-03 -7.51711024e-12 -9.09656470e-03 ... -5.11611331e-04
 -2.71564618e-03 -2.99715349e-03]

Residual before update:
[ 3.04873562e-04 -1.29329205e-13  2.79331836e-03 ... -4.59928256e-03
 -3.72584104e-04 -2.62893130e-03]

Residual before update:
[ 3.30582431e-03 -7.48847274e-12 -9.04858499e-03 ... -4.98946234e-04
 -2.70396675e-03 -2.99142905e-03]

Residual before update:
[ 2.88888674e-04 -1.29988172e-13  2.78969424e-03 ... -4.63757764e-03
 -3.76314525e-04 -2.63479097e-03]

Residual before update:
[ 3.30513763e-03 -7.54395943e-12 -9.14154824e-03 ... -5.23485541e-04
 -2.72659627e-03 -3.00252047e-03]

Residual before update:
[ 2.17470124e-04 -1.32932356e-13  2.77350212e-03 ... -4.80867544e-03
 -3.92981593e-04 -2.66097126e-03]

Residual before update:
[3.77207927e-03 3.01867857e-11 5.40731164e-02 ... 1.61631513e-02
 1.26613917e-02 4.53960604e-03]

Residual before update:
[1.59515453e-02 5.15695011e-13 6.34075628e-03 ... 3.28855315e-02
 3.27890628e-03 3.10675564e-03]

Residual before update:
[ 3.30389373e-03 -7.64447593e-12 -9.30995510e-03 ... -5.67939381e-04
 -2.76759059e-03 -3.02261303e-03]

Residual before update:
[ 2.30654740e-04 -1.32388828e-13  2.77649136e-03 ... -4.77708898e-03
 -3.89904676e-04 -2.65613810e-03]

Residual before update:
[ 3.30546990e-03 -7.51711024e-12 -9.09656470e-03 ... -5.11611331e-04
 -2.71564618e-03 -2.99715349e-03]

Residual before update:
[ 3.04873563e-04 -1.29329205e-13  2.79331836e-03 ... -4.59928256e-03
 -3.72584104e-04 -2.62893130e-03]

Residual before update:
[ 3.30582431e-03 -7.48847274e-12 -9.04858499e-03 ... -4.98946234e-04
 -2.70396675e-03 -2.99142905e-03]

Residual before update:
[ 2.88888673e-04 -1.29988172e-13  2.78969424e-03 ... -4.63757764e-03
 -3.76314525e-04 -2.63479097e-03]

Residual before update:
[ 3.30513763e-03 -7.54395943e-12 -9.14154824e-03 ... -5.23485542e-04
 -2.72659627e-03 -3.00252047e-03]

Residual before update:
[ 2.17470123e-04 -1.32932356e-13  2.77350212e-03 ... -4.80867544e-03
 -3.92981593e-04 -2.66097126e-03]
Compute pips
###############################
TGFM
###############################
Initialize variables
Warning: 387 variants have NaN gwas_beta. Setting to 0 with large SE.
Iterative optimization

Residual before update:
[ 0.         -0.00070912  0.         ... -0.00507841 -0.00067701
 -0.0010668 ]

Residual before update:
[-2.92603728e-15 -7.09265803e-04 -8.50495362e-17 ... -5.07845700e-03
 -6.77013196e-04 -1.06683836e-03]

Residual before update:
[-5.64700306e-15 -7.09392218e-04 -6.94469640e-17 ... -5.07851069e-03
 -6.77015986e-04 -1.06686944e-03]

Residual before update:
[-8.05921182e-15 -7.09492935e-04 -8.28227641e-17 ... -5.07856061e-03
 -6.77013245e-04 -1.06689726e-03]

Residual before update:
[-1.04988098e-14 -7.09618574e-04 -1.41637175e-16 ... -5.07861424e-03
 -6.77020118e-04 -1.06693195e-03]

Residual before update:
[-1.26732271e-14 -7.09722091e-04 -2.15141717e-16 ... -5.07866321e-03
 -6.77021569e-04 -1.06696334e-03]

Residual before update:
[-1.47404516e-14 -7.09817905e-04 -1.99431034e-16 ... -5.07871675e-03
 -6.77022783e-04 -1.06699156e-03]

Residual before update:
[-1.67021801e-14 -7.09909368e-04 -2.40836150e-16 ... -5.07877495e-03
 -6.77025920e-04 -1.06702165e-03]

Residual before update:
[-1.85245820e-14 -7.09995446e-04 -2.47820623e-16 ... -5.07881860e-03
 -6.77024304e-04 -1.06704787e-03]

Residual before update:
[-2.02940382e-14 -7.10076587e-04 -4.02916854e-16 ... -5.07886913e-03
 -6.77024859e-04 -1.06707554e-03]

Residual before update:
[-1.89943012e-14 -7.10016343e-04 -2.54386419e-16 ... -5.07886866e-03
 -6.77021711e-04 -1.06706843e-03]

Residual before update:
[-1.79331385e-14 -7.10001163e-04 -6.36344304e-16 ... -5.07885615e-03
 -6.77021753e-04 -1.06707622e-03]

Residual before update:
[-1.73534889e-14 -7.09945215e-04 -2.46032007e-16 ... -5.07886566e-03
 -6.77017743e-04 -1.06705867e-03]

Residual before update:
[-1.66175732e-14 -7.09867595e-04 -1.88682249e-16 ... -5.07885923e-03
 -6.77001402e-04 -1.06704495e-03]

Residual before update:
[-1.65880074e-14 -7.09895609e-04 -2.59974332e-16 ... -5.07886424e-03
 -6.77014432e-04 -1.06705419e-03]

Residual before update:
[-1.63932846e-14 -7.09888145e-04 -3.31703671e-16 ... -5.07885972e-03
 -6.77013671e-04 -1.06705575e-03]

Residual before update:
[-1.63431467e-14 -7.09883436e-04 -2.50902006e-16 ... -5.07886363e-03
 -6.77013425e-04 -1.06705343e-03]

Residual before update:
[-1.64029344e-14 -7.09885821e-04 -2.67180878e-16 ... -5.07887294e-03
 -6.77016330e-04 -1.06705546e-03]

Residual before update:
[-1.64982501e-14 -7.09891783e-04 -2.42514458e-16 ... -5.07886396e-03
 -6.77013717e-04 -1.06705385e-03]

Residual before update:
[-1.67047698e-14 -7.09900669e-04 -3.72648207e-16 ... -5.07886420e-03
 -6.77014367e-04 -1.06705512e-03]

Residual before update:
[-1.67880833e-14 -7.09907862e-04 -2.36018361e-16 ... -5.07886574e-03
 -6.77014882e-04 -1.06705570e-03]

Residual before update:
[-1.67694431e-14 -7.09941794e-04 -6.08087634e-16 ... -5.07885605e-03
 -6.77017694e-04 -1.06706893e-03]

Residual before update:
[-1.69063090e-14 -7.09922819e-04 -2.42380044e-16 ... -5.07886556e-03
 -6.77015719e-04 -1.06705591e-03]

Residual before update:
[-1.66741010e-14 -7.09870213e-04 -1.89665830e-16 ... -5.07886019e-03
 -6.77000916e-04 -1.06704525e-03]

Residual before update:
[-1.69491872e-14 -7.09913032e-04 -2.63138791e-16 ... -5.07886569e-03
 -6.77014774e-04 -1.06705624e-03]

Residual before update:
[-1.69136579e-14 -7.09913468e-04 -3.36459143e-16 ... -5.07886172e-03
 -6.77014539e-04 -1.06705889e-03]

Residual before update:
[-1.68961076e-14 -7.09910438e-04 -2.55842161e-16 ... -5.07886582e-03
 -6.77014491e-04 -1.06705688e-03]

Residual before update:
[-1.68929442e-14 -7.09909776e-04 -2.71734880e-16 ... -5.07887525e-03
 -6.77017330e-04 -1.06705870e-03]

Residual before update:
[-1.68492232e-14 -7.09908918e-04 -2.45866046e-16 ... -5.07886620e-03
 -6.77014405e-04 -1.06705641e-03]

Residual before update:
[-1.68570562e-14 -7.09907995e-04 -3.74931891e-16 ... -5.07886626e-03
 -6.77014573e-04 -1.06705664e-03]

Residual before update:
[-1.68190796e-14 -7.09909218e-04 -2.36722195e-16 ... -5.07886772e-03
 -6.77014792e-04 -1.06705659e-03]

Residual before update:
[-1.67460730e-14 -7.09940624e-04 -6.10419446e-16 ... -5.07885827e-03
 -6.77017456e-04 -1.06706973e-03]

Residual before update:
[-1.68514406e-14 -7.09919982e-04 -2.42400817e-16 ... -5.07886746e-03
 -6.77015422e-04 -1.06705635e-03]

Residual before update:
[-1.66260142e-14 -7.09867516e-04 -1.89532816e-16 ... -5.07886216e-03
 -6.77000563e-04 -1.06704571e-03]

Residual before update:
[-1.69202320e-14 -7.09911418e-04 -2.63436612e-16 ... -5.07886755e-03
 -6.77014538e-04 -1.06705678e-03]

Residual before update:
[-1.69166879e-14 -7.09913426e-04 -3.37365675e-16 ... -5.07886370e-03
 -6.77014371e-04 -1.06705965e-03]

Residual before update:
[-1.69265641e-14 -7.09911742e-04 -2.56593973e-16 ... -5.07886775e-03
 -6.77014396e-04 -1.06705774e-03]

Residual before update:
[-1.69481089e-14 -7.09912294e-04 -2.72753873e-16 ... -5.07887725e-03
 -6.77017308e-04 -1.06705969e-03]

Residual before update:
[-1.69207866e-14 -7.09912245e-04 -2.46914023e-16 ... -5.07886819e-03
 -6.77014408e-04 -1.06705749e-03]

Residual before update:
[-1.69331375e-14 -7.09911538e-04 -3.76577047e-16 ... -5.07886826e-03
 -6.77014587e-04 -1.06705774e-03]

Residual before update:
[-1.68933695e-14 -7.09912683e-04 -2.37762971e-16 ... -5.07886976e-03
 -6.77014800e-04 -1.06705770e-03]

Residual before update:
[-1.68236368e-14 -7.09944371e-04 -6.13228062e-16 ... -5.07886062e-03
 -6.77017457e-04 -1.06707105e-03]

Residual before update:
[-1.69135107e-14 -7.09922887e-04 -2.43367665e-16 ... -5.07886948e-03
 -6.77015403e-04 -1.06705739e-03]

Residual before update:
[-1.66834347e-14 -7.09870004e-04 -1.90260598e-16 ... -5.07886424e-03
 -6.77000464e-04 -1.06704672e-03]

Residual before update:
[-1.69705319e-14 -7.09913698e-04 -2.64379792e-16 ... -5.07886951e-03
 -6.77014491e-04 -1.06705774e-03]

Residual before update:
[-1.69670068e-14 -7.09915706e-04 -3.38661731e-16 ... -5.07886573e-03
 -6.77014315e-04 -1.06706066e-03]

Residual before update:
[-1.69736673e-14 -7.09913863e-04 -2.57485545e-16 ... -5.07886971e-03
 -6.77014340e-04 -1.06705870e-03]

Residual before update:
[-1.69955801e-14 -7.09914431e-04 -2.73715942e-16 ... -5.07887925e-03
 -6.77017265e-04 -1.06706066e-03]

Residual before update:
[-1.69700103e-14 -7.09914472e-04 -2.47785246e-16 ... -5.07887018e-03
 -6.77014355e-04 -1.06705846e-03]

Residual before update:
[-1.69839771e-14 -7.09913839e-04 -3.78027404e-16 ... -5.07887025e-03
 -6.77014539e-04 -1.06705873e-03]
Compute pips
###############################
TGFM
###############################
Initialize variables
Warning: 386 variants have NaN gwas_beta. Setting to 0 with large SE.
Iterative optimization

Residual before update:
[-0.00211193 -0.00194006 -0.00104936 ...  0.00282785  0.00299668
  0.00320771]

Residual before update:
[-0.00211195 -0.00194004 -0.00104937 ...  0.00282785  0.00299668
  0.00320771]

Residual before update:
[-0.00211196 -0.00194002 -0.00104937 ...  0.00282785  0.00299668
  0.00320771]

Residual before update:
[-0.00211198 -0.00194    -0.00104937 ...  0.00282785  0.00299668
  0.00320771]

Residual before update:
[-0.002112   -0.00193999 -0.00104937 ...  0.00282786  0.00299668
  0.00320772]

Residual before update:
[-0.00211202 -0.00193997 -0.00104937 ...  0.00282786  0.00299669
  0.00320772]

Residual before update:
[-0.00211203 -0.00193995 -0.00104937 ...  0.00282786  0.00299669
  0.00320772]

Residual before update:
[-0.00211205 -0.00193993 -0.00104937 ...  0.00282786  0.00299669
  0.00320772]

Residual before update:
[-0.00211207 -0.00193992 -0.00104937 ...  0.00282786  0.00299669
  0.00320772]

Residual before update:
[-0.00211209 -0.0019399  -0.00104937 ...  0.00282786  0.00299669
  0.00320772]

Residual before update:
[-0.00211209 -0.0019399  -0.00104937 ...  0.00282787  0.00299669
  0.00320773]

Residual before update:
[-0.00211209 -0.0019399  -0.00104937 ...  0.00282786  0.00299669
  0.00320772]

Residual before update:
[-0.00211209 -0.0019399  -0.00104937 ...  0.00282786  0.00299669
  0.00320772]

Residual before update:
[-0.00211209 -0.0019399  -0.00104937 ...  0.00282786  0.00299669
  0.00320772]

Residual before update:
[-0.00211209 -0.0019399  -0.00104937 ...  0.00282786  0.00299669
  0.00320772]

Residual before update:
[-0.00211209 -0.0019399  -0.00104937 ...  0.00282787  0.00299669
  0.00320773]

Residual before update:
[-0.00211209 -0.0019399  -0.00104937 ...  0.00282786  0.00299669
  0.00320772]

Residual before update:
[-0.00211209 -0.0019399  -0.00104937 ...  0.00282786  0.00299669
  0.00320772]

Residual before update:
[-0.00211209 -0.0019399  -0.00104937 ...  0.00282787  0.00299669
  0.00320773]

Residual before update:
[-0.00211209 -0.0019399  -0.00104937 ...  0.00282786  0.00299669
  0.00320772]

Residual before update:
[-0.00211209 -0.0019399  -0.00104937 ...  0.00282787  0.00299669
  0.00320773]

Residual before update:
[-0.00211209 -0.0019399  -0.00104937 ...  0.00282786  0.00299669
  0.00320772]

Residual before update:
[-0.00211209 -0.0019399  -0.00104937 ...  0.00282786  0.00299669
  0.00320772]

Residual before update:
[-0.00211209 -0.0019399  -0.00104937 ...  0.00282786  0.00299669
  0.00320772]

Residual before update:
[-0.00211209 -0.0019399  -0.00104937 ...  0.00282786  0.00299669
  0.00320772]

Residual before update:
[-0.00211209 -0.0019399  -0.00104937 ...  0.00282787  0.00299669
  0.00320773]

Residual before update:
[-0.00211209 -0.0019399  -0.00104937 ...  0.00282786  0.00299669
  0.00320772]

Residual before update:
[-0.00211209 -0.0019399  -0.00104937 ...  0.00282786  0.00299669
  0.00320772]

Residual before update:
[-0.00211209 -0.0019399  -0.00104937 ...  0.00282787  0.00299669
  0.00320773]

Residual before update:
[-0.00211209 -0.0019399  -0.00104937 ...  0.00282786  0.00299669
  0.00320772]

Residual before update:
[-0.00211209 -0.0019399  -0.00104937 ...  0.00282787  0.00299669
  0.00320773]

Residual before update:
[-0.00211209 -0.0019399  -0.00104937 ...  0.00282786  0.00299669
  0.00320772]

Residual before update:
[-0.00211209 -0.0019399  -0.00104937 ...  0.00282786  0.00299669
  0.00320772]

Residual before update:
[-0.00211209 -0.0019399  -0.00104937 ...  0.00282786  0.00299669
  0.00320772]

Residual before update:
[-0.00211209 -0.0019399  -0.00104937 ...  0.00282786  0.00299669
  0.00320772]

Residual before update:
[-0.00211209 -0.0019399  -0.00104937 ...  0.00282787  0.00299669
  0.00320773]

Residual before update:
[-0.00211209 -0.0019399  -0.00104937 ...  0.00282786  0.00299669
  0.00320772]

Residual before update:
[-0.00211209 -0.0019399  -0.00104937 ...  0.00282786  0.00299669
  0.00320772]

Residual before update:
[-0.00211209 -0.0019399  -0.00104937 ...  0.00282787  0.00299669
  0.00320773]

Residual before update:
[-0.00211209 -0.0019399  -0.00104937 ...  0.00282786  0.00299669
  0.00320772]

Residual before update:
[-0.00211209 -0.0019399  -0.00104937 ...  0.00282787  0.00299669
  0.00320773]

Residual before update:
[-0.00211209 -0.0019399  -0.00104937 ...  0.00282786  0.00299669
  0.00320772]

Residual before update:
[-0.00211209 -0.0019399  -0.00104937 ...  0.00282786  0.00299669
  0.00320772]

Residual before update:
[-0.00211209 -0.0019399  -0.00104937 ...  0.00282786  0.00299669
  0.00320772]

Residual before update:
[-0.00211209 -0.0019399  -0.00104937 ...  0.00282786  0.00299669
  0.00320772]

Residual before update:
[-0.00211209 -0.0019399  -0.00104937 ...  0.00282787  0.00299669
  0.00320773]

Residual before update:
[-0.00211209 -0.0019399  -0.00104937 ...  0.00282786  0.00299669
  0.00320772]

Residual before update:
[-0.00211209 -0.0019399  -0.00104937 ...  0.00282786  0.00299669
  0.00320772]

Residual before update:
[-0.00211209 -0.0019399  -0.00104937 ...  0.00282787  0.00299669
  0.00320773]

Residual before update:
[-0.00211209 -0.0019399  -0.00104937 ...  0.00282786  0.00299669
  0.00320772]
Compute pips
###############################
TGFM
###############################
Initialize variables
Warning: 431 variants have NaN gwas_beta. Setting to 0 with large SE.
Iterative optimization

Residual before update:
[1.71338802e-05 3.22565297e-03 5.12778461e-04 ... 1.73387374e-03
 1.38674494e-04 5.92128879e-03]

Residual before update:
[1.71330540e-05 3.22541181e-03 5.12736724e-04 ... 1.73383911e-03
 1.38650337e-04 5.92125315e-03]

Residual before update:
[1.71322384e-05 3.22517085e-03 5.12695038e-04 ... 1.73380448e-03
 1.38626176e-04 5.92121749e-03]

Residual before update:
[1.71314196e-05 3.22493009e-03 5.12653442e-04 ... 1.73376989e-03
 1.38602042e-04 5.92118189e-03]

Residual before update:
[1.71306496e-05 3.22468951e-03 5.12611857e-04 ... 1.73373525e-03
 1.38577865e-04 5.92114623e-03]

Residual before update:
[1.71298376e-05 3.22444895e-03 5.12570240e-04 ... 1.73370064e-03
 1.38553724e-04 5.92111060e-03]

Residual before update:
[1.71290362e-05 3.22420883e-03 5.12528850e-04 ... 1.73366603e-03
 1.38529592e-04 5.92107498e-03]

Residual before update:
[1.71282841e-05 3.22396877e-03 5.12487250e-04 ... 1.73363149e-03
 1.38505520e-04 5.92103940e-03]

Residual before update:
[1.71275009e-05 3.22372901e-03 5.12446074e-04 ... 1.73359677e-03
 1.38481258e-04 5.92100368e-03]

Residual before update:
[1.71267186e-05 3.22348931e-03 5.12404774e-04 ... 1.73356225e-03
 1.38457197e-04 5.92096816e-03]

Residual before update:
[1.71267035e-05 3.22349098e-03 5.12405123e-04 ... 1.73356233e-03
 1.38457254e-04 5.92096818e-03]

Residual before update:
[1.71267690e-05 3.22349180e-03 5.12405398e-04 ... 1.73356214e-03
 1.38457124e-04 5.92096802e-03]

Residual before update:
[1.71268296e-05 3.22349263e-03 5.12405663e-04 ... 1.73356203e-03
 1.38457055e-04 5.92096791e-03]

Residual before update:
[1.71268427e-05 3.22349329e-03 5.12405989e-04 ... 1.73356207e-03
 1.38457080e-04 5.92096796e-03]

Residual before update:
[1.71269571e-05 3.22349368e-03 5.12406113e-04 ... 1.73356195e-03
 1.38456969e-04 5.92096784e-03]

Residual before update:
[1.71269431e-05 3.22349361e-03 5.12406054e-04 ... 1.73356189e-03
 1.38456944e-04 5.92096777e-03]

Residual before update:
[1.71269420e-05 3.22349382e-03 5.12406267e-04 ... 1.73356183e-03
 1.38456922e-04 5.92096772e-03]

Residual before update:
[1.71269953e-05 3.22349362e-03 5.12406046e-04 ... 1.73356184e-03
 1.38456963e-04 5.92096771e-03]

Residual before update:
[1.71269904e-05 3.22349339e-03 5.12406258e-04 ... 1.73356164e-03
 1.38456767e-04 5.92096752e-03]

Residual before update:
[1.71269756e-05 3.22349283e-03 5.12406189e-04 ... 1.73356165e-03
 1.38456799e-04 5.92096755e-03]

Residual before update:
[1.71269040e-05 3.22349279e-03 5.12406079e-04 ... 1.73356171e-03
 1.38456836e-04 5.92096755e-03]

Residual before update:
[1.71269213e-05 3.22349218e-03 5.12405960e-04 ... 1.73356151e-03
 1.38456696e-04 5.92096737e-03]

Residual before update:
[1.71269392e-05 3.22349170e-03 5.12405874e-04 ... 1.73356138e-03
 1.38456614e-04 5.92096724e-03]

Residual before update:
[1.71269158e-05 3.22349129e-03 5.12405904e-04 ... 1.73356142e-03
 1.38456630e-04 5.92096728e-03]

Residual before update:
[1.71270003e-05 3.22349074e-03 5.12405778e-04 ... 1.73356128e-03
 1.38456508e-04 5.92096716e-03]

Residual before update:
[1.71269622e-05 3.22348995e-03 5.12405522e-04 ... 1.73356121e-03
 1.38456476e-04 5.92096707e-03]

Residual before update:
[1.71269433e-05 3.22348962e-03 5.12405591e-04 ... 1.73356116e-03
 1.38456449e-04 5.92096702e-03]

Residual before update:
[1.71269850e-05 3.22348903e-03 5.12405268e-04 ... 1.73356116e-03
 1.38456485e-04 5.92096700e-03]

Residual before update:
[1.71269746e-05 3.22348864e-03 5.12405437e-04 ... 1.73356095e-03
 1.38456287e-04 5.92096681e-03]

Residual before update:
[1.71269602e-05 3.22348808e-03 5.12405370e-04 ... 1.73356096e-03
 1.38456320e-04 5.92096684e-03]

Residual before update:
[1.71268888e-05 3.22348802e-03 5.12405256e-04 ... 1.73356102e-03
 1.38456353e-04 5.92096683e-03]

Residual before update:
[1.71269065e-05 3.22348745e-03 5.12405146e-04 ... 1.73356082e-03
 1.38456217e-04 5.92096667e-03]

Residual before update:
[1.71269246e-05 3.22348696e-03 5.12405058e-04 ... 1.73356069e-03
 1.38456133e-04 5.92096653e-03]

Residual before update:
[1.71269014e-05 3.22348656e-03 5.12405093e-04 ... 1.73356073e-03
 1.38456151e-04 5.92096658e-03]

Residual before update:
[1.71269861e-05 3.22348600e-03 5.12404963e-04 ... 1.73356059e-03
 1.38456027e-04 5.92096645e-03]

Residual before update:
[1.71269480e-05 3.22348521e-03 5.12404709e-04 ... 1.73356052e-03
 1.38455995e-04 5.92096636e-03]

Residual before update:
[1.71269291e-05 3.22348489e-03 5.12404778e-04 ... 1.73356047e-03
 1.38455969e-04 5.92096632e-03]

Residual before update:
[1.71269708e-05 3.22348427e-03 5.12404452e-04 ... 1.73356047e-03
 1.38456003e-04 5.92096629e-03]

Residual before update:
[1.71269604e-05 3.22348390e-03 5.12404622e-04 ... 1.73356026e-03
 1.38455806e-04 5.92096610e-03]

Residual before update:
[1.71269460e-05 3.22348334e-03 5.12404555e-04 ... 1.73356027e-03
 1.38455839e-04 5.92096613e-03]

Residual before update:
[1.71268743e-05 3.22348323e-03 5.12404434e-04 ... 1.73356032e-03
 1.38455868e-04 5.92096612e-03]

Residual before update:
[1.71268922e-05 3.22348271e-03 5.12404331e-04 ... 1.73356013e-03
 1.38455736e-04 5.92096596e-03]

Residual before update:
[1.71269103e-05 3.22348221e-03 5.12404242e-04 ... 1.73356000e-03
 1.38455651e-04 5.92096582e-03]

Residual before update:
[1.71268871e-05 3.22348182e-03 5.12404279e-04 ... 1.73356004e-03
 1.38455670e-04 5.92096587e-03]

Residual before update:
[1.71269719e-05 3.22348124e-03 5.12404146e-04 ... 1.73355990e-03
 1.38455544e-04 5.92096573e-03]

Residual before update:
[1.71269337e-05 3.22348045e-03 5.12403891e-04 ... 1.73355983e-03
 1.38455513e-04 5.92096565e-03]

Residual before update:
[1.71269148e-05 3.22348014e-03 5.12403963e-04 ... 1.73355978e-03
 1.38455487e-04 5.92096560e-03]

Residual before update:
[1.71269566e-05 3.22347950e-03 5.12403631e-04 ... 1.73355977e-03
 1.38455519e-04 5.92096558e-03]

Residual before update:
[1.71269462e-05 3.22347913e-03 5.12403805e-04 ... 1.73355957e-03
 1.38455323e-04 5.92096539e-03]

Residual before update:
[1.71269318e-05 3.22347857e-03 5.12403737e-04 ... 1.73355958e-03
 1.38455356e-04 5.92096542e-03]
Compute pips
###############################
TGFM
###############################
Initialize variables
Warning: 493 variants have NaN gwas_beta. Setting to 0 with large SE.
Iterative optimization

Residual before update:
[ 0.0002877  -0.00750816  0.00282285 ... -0.00659262  0.00572266
 -0.00614995]

Residual before update:
[ 0.0002877  -0.00750811  0.00282285 ... -0.00659262  0.00572251
 -0.00614995]

Residual before update:
[ 0.00028769 -0.00750806  0.00282284 ... -0.00659261  0.00572236
 -0.00614994]

Residual before update:
[ 0.00028768 -0.00750801  0.00282284 ... -0.00659261  0.0057222
 -0.00614994]

Residual before update:
[ 0.00028768 -0.00750796  0.00282283 ... -0.00659261  0.00572205
 -0.00614994]

Residual before update:
[ 0.00028767 -0.00750791  0.00282283 ... -0.0065926   0.0057219
 -0.00614994]

Residual before update:
[ 0.00028766 -0.00750786  0.00282282 ... -0.0065926   0.00572175
 -0.00614993]

Residual before update:
[ 0.00028766 -0.00750781  0.00282282 ... -0.0065926   0.0057216
 -0.00614993]

Residual before update:
[ 0.00028765 -0.00750776  0.00282281 ... -0.00659259  0.00572145
 -0.00614993]

Residual before update:
[ 0.00028764 -0.0075077   0.0028228  ... -0.00659259  0.0057213
 -0.00614992]

Residual before update:
[ 0.00032938 -0.00740526  0.00283777 ... -0.00658841  0.00578383
 -0.00614561]

Residual before update:
[ 0.00028764 -0.0075077   0.00282281 ... -0.00659259  0.00572131
 -0.00614992]

Residual before update:
[ 0.00028764 -0.0075077   0.00282281 ... -0.00659259  0.00572131
 -0.00614992]

Residual before update:
[ 0.00028764 -0.0075077   0.00282281 ... -0.00659259  0.00572132
 -0.00614992]

Residual before update:
[ 0.00028765 -0.0075077   0.00282281 ... -0.00659259  0.00572132
 -0.00614992]

Residual before update:
[ 0.00028765 -0.0075077   0.00282281 ... -0.00659258  0.00572132
 -0.00614992]

Residual before update:
[ 0.00028765 -0.0075077   0.00282281 ... -0.00659258  0.00572132
 -0.00614992]

Residual before update:
[ 0.00028765 -0.0075077   0.00282281 ... -0.00659258  0.00572132
 -0.00614992]

Residual before update:
[ 0.00028765 -0.0075077   0.00282281 ... -0.00659258  0.00572132
 -0.00614992]

Residual before update:
[ 0.00028765 -0.0075077   0.00282281 ... -0.00659258  0.00572132
 -0.00614992]

Residual before update:
[ 0.00031436 -0.00719914  0.00266012 ... -0.00663381  0.00545443
 -0.00619121]

Residual before update:
[ 0.00028765 -0.0075077   0.00282281 ... -0.00659258  0.00572132
 -0.00614992]

Residual before update:
[ 0.00028765 -0.0075077   0.00282281 ... -0.00659258  0.00572132
 -0.00614992]

Residual before update:
[ 0.00028765 -0.0075077   0.00282281 ... -0.00659258  0.00572132
 -0.00614992]

Residual before update:
[ 0.00028765 -0.0075077   0.00282281 ... -0.00659258  0.00572132
 -0.00614992]

Residual before update:
[ 0.00028765 -0.0075077   0.00282281 ... -0.00659258  0.00572132
 -0.00614992]

Residual before update:
[ 0.00028765 -0.0075077   0.00282281 ... -0.00659258  0.00572132
 -0.00614992]

Residual before update:
[ 0.00028765 -0.0075077   0.00282281 ... -0.00659258  0.00572132
 -0.00614992]

Residual before update:
[ 0.00028764 -0.0075077   0.00282281 ... -0.00659258  0.00572132
 -0.00614992]

Residual before update:
[ 0.00028764 -0.0075077   0.00282281 ... -0.00659258  0.00572131
 -0.00614992]

Residual before update:
[ 0.00033509 -0.00762603  0.0027767  ... -0.00661785  0.00558136
 -0.00617496]

Residual before update:
[ 0.00028764 -0.0075077   0.00282281 ... -0.00659258  0.00572131
 -0.00614992]

Residual before update:
[ 0.00028764 -0.0075077   0.00282281 ... -0.00659258  0.00572131
 -0.00614992]

Residual before update:
[ 0.00028764 -0.0075077   0.00282281 ... -0.00659258  0.00572131
 -0.00614992]

Residual before update:
[ 0.00028764 -0.0075077   0.00282281 ... -0.00659258  0.00572131
 -0.00614992]

Residual before update:
[ 0.00028764 -0.0075077   0.00282281 ... -0.00659258  0.00572131
 -0.00614992]

Residual before update:
[ 0.00028764 -0.0075077   0.00282281 ... -0.00659258  0.00572131
 -0.00614992]

Residual before update:
[ 0.00028764 -0.0075077   0.00282281 ... -0.00659258  0.00572131
 -0.00614992]

Residual before update:
[ 0.00028764 -0.0075077   0.00282281 ... -0.00659258  0.00572131
 -0.00614992]

Residual before update:
[ 0.00028764 -0.0075077   0.00282281 ... -0.00659258  0.00572131
 -0.00614992]

Residual before update:
[ 0.00033372 -0.00762893  0.00277605 ... -0.00661792  0.00557923
 -0.00617503]

Residual before update:
[ 0.00028764 -0.0075077   0.00282281 ... -0.00659258  0.00572131
 -0.00614992]

Residual before update:
[ 0.00028764 -0.0075077   0.00282281 ... -0.00659258  0.00572131
 -0.00614992]

Residual before update:
[ 0.00028764 -0.0075077   0.00282281 ... -0.00659258  0.00572131
 -0.00614992]

Residual before update:
[ 0.00028764 -0.0075077   0.00282281 ... -0.00659258  0.00572131
 -0.00614992]

Residual before update:
[ 0.00028764 -0.0075077   0.00282281 ... -0.00659258  0.00572131
 -0.00614992]

Residual before update:
[ 0.00028764 -0.0075077   0.00282281 ... -0.00659258  0.00572131
 -0.00614992]

Residual before update:
[ 0.00028764 -0.0075077   0.00282281 ... -0.00659258  0.00572131
 -0.00614992]

Residual before update:
[ 0.00028764 -0.0075077   0.00282281 ... -0.00659258  0.00572131
 -0.00614992]

Residual before update:
[ 0.00028764 -0.0075077   0.00282281 ... -0.00659258  0.00572131
 -0.00614992]
Compute pips
###############################
TGFM
###############################
Initialize variables
Warning: 460 variants have NaN gwas_beta. Setting to 0 with large SE.
Iterative optimization

Residual before update:
[ 0.00149595  0.00050525  0.0028831  ...  0.00503326 -0.00408005
  0.00908978]

Residual before update:
[ 0.00149594  0.00050526  0.0028831  ...  0.00503326 -0.00408005
  0.00908978]

Residual before update:
[ 0.00149594  0.00050526  0.00288309 ...  0.00503326 -0.00408006
  0.00908977]

Residual before update:
[ 0.00149593  0.00050527  0.00288309 ...  0.00503326 -0.00408006
  0.00908977]

Residual before update:
[ 0.00149581  0.00050529  0.00288211 ...  0.00502989 -0.00408197
  0.00908833]

Residual before update:
[ 0.00149592  0.00050528  0.00288307 ...  0.00503326 -0.00408007
  0.00908975]

Residual before update:
[ 0.00149592  0.00050528  0.00288307 ...  0.00503326 -0.00408007
  0.00908975]

Residual before update:
[ 0.00149591  0.00050529  0.00288306 ...  0.00503327 -0.00408007
  0.00908974]

Residual before update:
[ 0.00149591  0.0005053   0.00288306 ...  0.00503327 -0.00408007
  0.00908974]

Residual before update:
[ 0.00149637  0.00050583  0.00288446 ...  0.00503365 -0.00407978
  0.00909015]

Residual before update:
[ 0.0014959   0.0005053   0.00288305 ...  0.00503327 -0.00408008
  0.00908973]

Residual before update:
[ 0.0014959   0.0005053   0.00288305 ...  0.00503327 -0.00408008
  0.00908973]

Residual before update:
[ 0.0014959   0.0005053   0.00288305 ...  0.00503327 -0.00408008
  0.00908973]

Residual before update:
[ 0.0014959   0.0005053   0.00288305 ...  0.00503327 -0.00408008
  0.00908973]

Residual before update:
[ 0.00149611  0.00050564  0.00288108 ...  0.00502854 -0.00408341
  0.00908745]

Residual before update:
[ 0.0014959   0.0005053   0.00288305 ...  0.00503327 -0.00408008
  0.00908973]

Residual before update:
[ 0.0014959   0.0005053   0.00288305 ...  0.00503327 -0.00408008
  0.00908973]

Residual before update:
[ 0.0014959   0.0005053   0.00288305 ...  0.00503327 -0.00408008
  0.00908973]

Residual before update:
[ 0.0014959   0.0005053   0.00288305 ...  0.00503327 -0.00408008
  0.00908973]

Residual before update:
[ 0.00149539  0.00050462  0.00288147 ...  0.00503302 -0.00408052
  0.00908939]

Residual before update:
[ 0.0014959   0.0005053   0.00288305 ...  0.00503327 -0.00408008
  0.00908973]

Residual before update:
[ 0.0014959   0.0005053   0.00288305 ...  0.00503327 -0.00408008
  0.00908973]

Residual before update:
[ 0.0014959   0.0005053   0.00288305 ...  0.00503327 -0.00408008
  0.00908973]

Residual before update:
[ 0.0014959   0.0005053   0.00288305 ...  0.00503327 -0.00408008
  0.00908973]

Residual before update:
[ 0.00149613  0.00050566  0.00288108 ...  0.00502855 -0.00408347
  0.00908741]

Residual before update:
[ 0.0014959   0.0005053   0.00288305 ...  0.00503327 -0.00408008
  0.00908973]

Residual before update:
[ 0.0014959   0.0005053   0.00288305 ...  0.00503327 -0.00408008
  0.00908973]

Residual before update:
[ 0.0014959   0.0005053   0.00288305 ...  0.00503327 -0.00408008
  0.00908973]

Residual before update:
[ 0.0014959   0.0005053   0.00288305 ...  0.00503327 -0.00408008
  0.00908973]

Residual before update:
[ 0.00149541  0.00050465  0.00288152 ...  0.00503303 -0.0040805
  0.00908941]

Residual before update:
[ 0.0014959   0.0005053   0.00288305 ...  0.00503327 -0.00408008
  0.00908973]

Residual before update:
[ 0.0014959   0.0005053   0.00288305 ...  0.00503327 -0.00408008
  0.00908973]

Residual before update:
[ 0.0014959   0.0005053   0.00288305 ...  0.00503327 -0.00408008
  0.00908973]

Residual before update:
[ 0.0014959   0.0005053   0.00288305 ...  0.00503327 -0.00408008
  0.00908973]

Residual before update:
[ 0.00149611  0.00050569  0.00288108 ...  0.00502852 -0.00408353
  0.00908736]

Residual before update:
[ 0.0014959   0.0005053   0.00288305 ...  0.00503327 -0.00408008
  0.00908973]

Residual before update:
[ 0.0014959   0.0005053   0.00288305 ...  0.00503327 -0.00408008
  0.00908973]

Residual before update:
[ 0.0014959   0.0005053   0.00288305 ...  0.00503327 -0.00408008
  0.00908973]

Residual before update:
[ 0.0014959   0.0005053   0.00288305 ...  0.00503327 -0.00408008
  0.00908973]

Residual before update:
[ 0.00149542  0.00050466  0.00288156 ...  0.00503304 -0.0040805
  0.00908942]

Residual before update:
[ 0.0014959   0.0005053   0.00288305 ...  0.00503327 -0.00408008
  0.00908973]

Residual before update:
[ 0.0014959   0.0005053   0.00288305 ...  0.00503327 -0.00408008
  0.00908973]

Residual before update:
[ 0.0014959   0.0005053   0.00288305 ...  0.00503327 -0.00408008
  0.00908973]

Residual before update:
[ 0.0014959   0.0005053   0.00288305 ...  0.00503327 -0.00408008
  0.00908973]

Residual before update:
[ 0.00149596  0.00050586  0.00288105 ...  0.00502828 -0.00408388
  0.00908707]

Residual before update:
[ 0.0014959   0.0005053   0.00288305 ...  0.00503327 -0.00408008
  0.00908973]

Residual before update:
[ 0.0014959   0.0005053   0.00288305 ...  0.00503327 -0.00408008
  0.00908973]

Residual before update:
[ 0.0014959   0.0005053   0.00288305 ...  0.00503327 -0.00408008
  0.00908973]

Residual before update:
[ 0.0014959   0.0005053   0.00288305 ...  0.00503327 -0.00408008
  0.00908973]

Residual before update:
[ 0.00149542  0.00050466  0.00288156 ...  0.00503304 -0.0040805
  0.00908942]
Compute pips
###############################
TGFM
###############################
Initialize variables
Warning: 421 variants have NaN gwas_beta. Setting to 0 with large SE.
Iterative optimization

Residual before update:
[ 0.0014845   0.00258618  0.0037087  ... -0.00194429 -0.00181512
 -0.00279831]

Residual before update:
[ 0.00148443  0.00258605  0.00370865 ... -0.0019443  -0.00181529
 -0.00279829]

Residual before update:
[ 0.0014844   0.00258599  0.00370862 ... -0.0019443  -0.00181535
 -0.00279827]

Residual before update:
[ 0.00148438  0.00258595  0.00370859 ... -0.0019443  -0.00181539
 -0.00279825]

Residual before update:
[ 0.00148436  0.00258592  0.00370857 ... -0.0019443  -0.00181541
 -0.00279822]

Residual before update:
[ 0.00148434  0.00258589  0.00370855 ... -0.00194429 -0.00181543
 -0.0027982 ]

Residual before update:
[ 0.00148432  0.00258586  0.00370853 ... -0.00194429 -0.00181545
 -0.00279817]

Residual before update:
[ 0.00148431  0.00258583  0.00370852 ... -0.00194429 -0.00181546
 -0.00279814]

Residual before update:
[ 0.00148429  0.00258581  0.0037085  ... -0.00194429 -0.00181547
 -0.00279812]

Residual before update:
[ 0.00148428  0.00258579  0.00370849 ... -0.00194429 -0.00181547
 -0.00279809]

Residual before update:
[ 0.00148433  0.0025859   0.00370853 ... -0.00194429 -0.00181531
 -0.00279808]

Residual before update:
[ 0.00148433  0.00258592  0.00370853 ... -0.00194429 -0.00181527
 -0.00279807]

Residual before update:
[ 0.00148434  0.00258592  0.00370853 ... -0.00194429 -0.00181527
 -0.00279807]

Residual before update:
[ 0.00148433  0.00258591  0.00370853 ... -0.00194429 -0.00181528
 -0.00279807]

Residual before update:
[ 0.00148433  0.0025859   0.00370853 ... -0.00194429 -0.00181529
 -0.00279807]

Residual before update:
[ 0.00148432  0.00258589  0.00370852 ... -0.00194429 -0.00181531
 -0.00279808]

Residual before update:
[ 0.00148432  0.00258588  0.00370852 ... -0.00194429 -0.00181532
 -0.00279808]

Residual before update:
[ 0.00148432  0.00258587  0.00370852 ... -0.00194429 -0.00181534
 -0.00279808]

Residual before update:
[ 0.00148431  0.00258586  0.00370851 ... -0.00194429 -0.00181535
 -0.00279808]

Residual before update:
[ 0.00148431  0.00258585  0.00370851 ... -0.00194429 -0.00181537
 -0.00279808]

Residual before update:
[ 0.00148431  0.00258586  0.00370851 ... -0.00194429 -0.00181536
 -0.00279808]

Residual before update:
[ 0.00148431  0.00258587  0.00370852 ... -0.00194429 -0.00181534
 -0.00279808]

Residual before update:
[ 0.00148432  0.00258588  0.00370852 ... -0.00194429 -0.00181533
 -0.00279808]

Residual before update:
[ 0.00148432  0.00258589  0.00370852 ... -0.00194429 -0.00181532
 -0.00279808]

Residual before update:
[ 0.00148432  0.00258589  0.00370852 ... -0.00194429 -0.00181531
 -0.00279808]

Residual before update:
[ 0.00148432  0.00258589  0.00370852 ... -0.00194429 -0.00181531
 -0.00279807]

Residual before update:
[ 0.00148432  0.00258589  0.00370852 ... -0.00194429 -0.00181531
 -0.00279807]

Residual before update:
[ 0.00148432  0.00258588  0.00370852 ... -0.00194429 -0.00181532
 -0.00279808]

Residual before update:
[ 0.00148432  0.00258588  0.00370852 ... -0.00194429 -0.00181532
 -0.00279808]

Residual before update:
[ 0.00148432  0.00258588  0.00370852 ... -0.00194429 -0.00181533
 -0.00279808]

Residual before update:
[ 0.00148432  0.00258587  0.00370852 ... -0.00194429 -0.00181533
 -0.00279808]

Residual before update:
[ 0.00148431  0.00258587  0.00370852 ... -0.00194429 -0.00181534
 -0.00279808]

Residual before update:
[ 0.00148432  0.00258587  0.00370852 ... -0.00194429 -0.00181533
 -0.00279808]

Residual before update:
[ 0.00148432  0.00258588  0.00370852 ... -0.00194429 -0.00181533
 -0.00279808]

Residual before update:
[ 0.00148432  0.00258588  0.00370852 ... -0.00194429 -0.00181533
 -0.00279807]

Residual before update:
[ 0.00148432  0.00258588  0.00370852 ... -0.00194429 -0.00181532
 -0.00279807]

Residual before update:
[ 0.00148432  0.00258588  0.00370852 ... -0.00194429 -0.00181532
 -0.00279807]

Residual before update:
[ 0.00148432  0.00258588  0.00370852 ... -0.00194429 -0.00181532
 -0.00279807]

Residual before update:
[ 0.00148432  0.00258588  0.00370852 ... -0.00194429 -0.00181532
 -0.00279807]

Residual before update:
[ 0.00148432  0.00258588  0.00370852 ... -0.00194429 -0.00181532
 -0.00279807]

Residual before update:
[ 0.00148432  0.00258588  0.00370852 ... -0.00194429 -0.00181532
 -0.00279807]

Residual before update:
[ 0.00148432  0.00258588  0.00370852 ... -0.00194429 -0.00181533
 -0.00279807]

Residual before update:
[ 0.00148432  0.00258588  0.00370852 ... -0.00194429 -0.00181533
 -0.00279807]

Residual before update:
[ 0.00148432  0.00258588  0.00370852 ... -0.00194429 -0.00181533
 -0.00279807]

Residual before update:
[ 0.00148432  0.00258588  0.00370852 ... -0.00194429 -0.00181533
 -0.00279807]

Residual before update:
[ 0.00148432  0.00258588  0.00370852 ... -0.00194429 -0.00181533
 -0.00279807]

Residual before update:
[ 0.00148432  0.00258588  0.00370852 ... -0.00194429 -0.00181533
 -0.00279807]

Residual before update:
[ 0.00148432  0.00258588  0.00370852 ... -0.00194429 -0.00181533
 -0.00279807]

Residual before update:
[ 0.00148432  0.00258588  0.00370852 ... -0.00194429 -0.00181533
 -0.00279807]

Residual before update:
[ 0.00148432  0.00258588  0.00370852 ... -0.00194429 -0.00181533
 -0.00279807]
Compute pips
###############################
TGFM
###############################
Initialize variables
Warning: 417 variants have NaN gwas_beta. Setting to 0 with large SE.
Iterative optimization

Residual before update:
[ 0.0053193   0.00526888  0.0053193  ...  0.00066626 -0.00089242
 -0.00016209]

Residual before update:
[ 0.00531927  0.00526885  0.00531927 ...  0.00066624 -0.00089244
 -0.00016216]

Residual before update:
[ 0.00531932  0.0052689   0.00531932 ...  0.00066623 -0.00089245
 -0.00016219]

Residual before update:
[ 0.00531938  0.00526896  0.00531938 ...  0.00066622 -0.00089246
 -0.00016221]

Residual before update:
[ 0.00531945  0.00526903  0.00531945 ...  0.00066621 -0.00089247
 -0.00016222]

Residual before update:
[ 0.00531953  0.00526911  0.00531953 ...  0.0006662  -0.00089248
 -0.00016223]

Residual before update:
[ 0.00531961  0.00526919  0.00531961 ...  0.00066619 -0.00089248
 -0.00016224]

Residual before update:
[ 0.00531968  0.00526926  0.00531968 ...  0.00066619 -0.00089249
 -0.00016225]

Residual before update:
[ 0.00531976  0.00526934  0.00531976 ...  0.00066618 -0.0008925
 -0.00016226]

Residual before update:
[ 0.00531985  0.00526943  0.00531985 ...  0.00066617 -0.00089251
 -0.00016227]

Residual before update:
[ 0.00531996  0.00526954  0.00531996 ...  0.00066619 -0.00089249
 -0.0001622 ]

Residual before update:
[ 0.00531998  0.00526956  0.00531998 ...  0.00066619 -0.00089249
 -0.00016219]

Residual before update:
[ 0.00531997  0.00526955  0.00531997 ...  0.00066619 -0.00089249
 -0.00016219]

Residual before update:
[ 0.00531996  0.00526954  0.00531996 ...  0.00066619 -0.00089249
 -0.00016219]

Residual before update:
[ 0.00531995  0.00526953  0.00531995 ...  0.00066619 -0.00089249
 -0.0001622 ]

Residual before update:
[ 0.00531993  0.00526951  0.00531993 ...  0.00066619 -0.00089249
 -0.00016221]

Residual before update:
[ 0.00531992  0.0052695   0.00531992 ...  0.00066618 -0.00089249
 -0.00016221]

Residual before update:
[ 0.00531991  0.00526949  0.00531991 ...  0.00066618 -0.0008925
 -0.00016222]

Residual before update:
[ 0.00531989  0.00526947  0.00531989 ...  0.00066618 -0.0008925
 -0.00016222]

Residual before update:
[ 0.00531989  0.00526947  0.00531989 ...  0.00066618 -0.0008925
 -0.00016223]

Residual before update:
[ 0.00531989  0.00526947  0.00531989 ...  0.00066618 -0.0008925
 -0.00016222]

Residual before update:
[ 0.00531991  0.00526949  0.00531991 ...  0.00066618 -0.0008925
 -0.00016222]

Residual before update:
[ 0.00531992  0.0052695   0.00531992 ...  0.00066618 -0.0008925
 -0.00016221]

Residual before update:
[ 0.00531992  0.0052695   0.00531992 ...  0.00066618 -0.00089249
 -0.00016221]

Residual before update:
[ 0.00531993  0.00526951  0.00531993 ...  0.00066618 -0.00089249
 -0.00016221]

Residual before update:
[ 0.00531993  0.00526951  0.00531993 ...  0.00066618 -0.00089249
 -0.00016221]

Residual before update:
[ 0.00531993  0.00526951  0.00531993 ...  0.00066618 -0.00089249
 -0.00016221]

Residual before update:
[ 0.00531993  0.00526951  0.00531993 ...  0.00066618 -0.00089249
 -0.00016221]

Residual before update:
[ 0.00531992  0.0052695   0.00531992 ...  0.00066618 -0.0008925
 -0.00016221]

Residual before update:
[ 0.00531992  0.0052695   0.00531992 ...  0.00066618 -0.0008925
 -0.00016221]

Residual before update:
[ 0.00531991  0.00526949  0.00531991 ...  0.00066618 -0.0008925
 -0.00016222]

Residual before update:
[ 0.00531991  0.00526949  0.00531991 ...  0.00066618 -0.0008925
 -0.00016222]

Residual before update:
[ 0.00531992  0.0052695   0.00531992 ...  0.00066618 -0.0008925
 -0.00016222]

Residual before update:
[ 0.00531992  0.0052695   0.00531992 ...  0.00066618 -0.0008925
 -0.00016221]

Residual before update:
[ 0.00531992  0.0052695   0.00531992 ...  0.00066618 -0.0008925
 -0.00016221]

Residual before update:
[ 0.00531992  0.0052695   0.00531992 ...  0.00066618 -0.0008925
 -0.00016221]

Residual before update:
[ 0.00531993  0.00526951  0.00531993 ...  0.00066618 -0.0008925
 -0.00016221]

Residual before update:
[ 0.00531993  0.00526951  0.00531993 ...  0.00066618 -0.0008925
 -0.00016221]

Residual before update:
[ 0.00531993  0.00526951  0.00531993 ...  0.00066618 -0.0008925
 -0.00016221]

Residual before update:
[ 0.00531993  0.00526951  0.00531993 ...  0.00066618 -0.0008925
 -0.00016221]

Residual before update:
[ 0.00531992  0.0052695   0.00531992 ...  0.00066618 -0.0008925
 -0.00016221]

Residual before update:
[ 0.00531992  0.0052695   0.00531992 ...  0.00066618 -0.0008925
 -0.00016221]

Residual before update:
[ 0.00531992  0.0052695   0.00531992 ...  0.00066618 -0.0008925
 -0.00016221]

Residual before update:
[ 0.00531992  0.0052695   0.00531992 ...  0.00066618 -0.0008925
 -0.00016221]

Residual before update:
[ 0.00531993  0.00526951  0.00531993 ...  0.00066618 -0.0008925
 -0.00016221]

Residual before update:
[ 0.00531993  0.00526951  0.00531993 ...  0.00066618 -0.0008925
 -0.00016221]

Residual before update:
[ 0.00531993  0.00526951  0.00531993 ...  0.00066618 -0.0008925
 -0.00016221]

Residual before update:
[ 0.00531993  0.00526951  0.00531993 ...  0.00066618 -0.0008925
 -0.00016221]

Residual before update:
[ 0.00531993  0.00526951  0.00531993 ...  0.00066618 -0.0008925
 -0.00016221]

Residual before update:
[ 0.00531993  0.00526951  0.00531993 ...  0.00066618 -0.0008925
 -0.00016221]
Compute pips
###############################
TGFM
###############################
Initialize variables
Warning: 406 variants have NaN gwas_beta. Setting to 0 with large SE.
Iterative optimization

Residual before update:
[ 0.00681783 -0.00248036 -0.00791901 ...  0.00690618  0.00656248
 -0.00527401]

Residual before update:
[ 0.00681705 -0.00248039 -0.00791914 ...  0.00690615  0.00656233
 -0.00527401]

Residual before update:
[ 0.00681674 -0.00248039 -0.00791919 ...  0.00690614  0.00656222
 -0.00527401]

Residual before update:
[ 0.00681652 -0.00248039 -0.00791922 ...  0.00690613  0.00656211
 -0.00527401]

Residual before update:
[ 0.00681633 -0.00248039 -0.00791924 ...  0.00690612  0.00656201
 -0.005274  ]

Residual before update:
[ 0.00681618 -0.00248038 -0.00791925 ...  0.00690611  0.00656191
 -0.005274  ]

Residual before update:
[ 0.00681604 -0.00248037 -0.00791927 ...  0.0069061   0.00656181
 -0.005274  ]

Residual before update:
[ 0.00681591 -0.00248036 -0.00791928 ...  0.00690609  0.00656171
 -0.005274  ]

Residual before update:
[ 0.00681579 -0.00248035 -0.00791929 ...  0.00690609  0.00656161
 -0.005274  ]

Residual before update:
[ 0.00681569 -0.00248034 -0.00791929 ...  0.00690608  0.00656151
 -0.005274  ]

Residual before update:
[ 0.00681636 -0.0024803  -0.00791917 ...  0.0069061   0.00656156
 -0.005274  ]

Residual before update:
[ 0.00681647 -0.0024803  -0.00791915 ...  0.0069061   0.00656157
 -0.005274  ]

Residual before update:
[ 0.00681648 -0.0024803  -0.00791915 ...  0.0069061   0.00656157
 -0.005274  ]

Residual before update:
[ 0.00681644 -0.0024803  -0.00791915 ...  0.0069061   0.00656157
 -0.005274  ]

Residual before update:
[ 0.00681638 -0.0024803  -0.00791916 ...  0.0069061   0.00656156
 -0.005274  ]

Residual before update:
[ 0.00681632 -0.00248031 -0.00791917 ...  0.0069061   0.00656156
 -0.005274  ]

Residual before update:
[ 0.00681626 -0.00248031 -0.00791919 ...  0.00690609  0.00656155
 -0.005274  ]

Residual before update:
[ 0.0068162  -0.00248031 -0.0079192  ...  0.00690609  0.00656155
 -0.005274  ]

Residual before update:
[ 0.00681614 -0.00248032 -0.00791921 ...  0.00690609  0.00656154
 -0.005274  ]

Residual before update:
[ 0.00681609 -0.00248032 -0.00791922 ...  0.00690609  0.00656154
 -0.005274  ]

Residual before update:
[ 0.00681614 -0.00248032 -0.00791921 ...  0.00690609  0.00656154
 -0.005274  ]

Residual before update:
[ 0.0068162  -0.00248031 -0.0079192  ...  0.00690609  0.00656154
 -0.005274  ]

Residual before update:
[ 0.00681626 -0.00248031 -0.00791919 ...  0.00690609  0.00656155
 -0.005274  ]

Residual before update:
[ 0.00681629 -0.00248031 -0.00791918 ...  0.00690609  0.00656155
 -0.005274  ]

Residual before update:
[ 0.00681631 -0.00248031 -0.00791918 ...  0.0069061   0.00656155
 -0.005274  ]

Residual before update:
[ 0.00681631 -0.00248031 -0.00791918 ...  0.0069061   0.00656155
 -0.005274  ]

Residual before update:
[ 0.0068163  -0.00248031 -0.00791918 ...  0.00690609  0.00656155
 -0.005274  ]

Residual before update:
[ 0.00681628 -0.00248031 -0.00791918 ...  0.00690609  0.00656155
 -0.005274  ]

Residual before update:
[ 0.00681625 -0.00248031 -0.00791919 ...  0.00690609  0.00656154
 -0.005274  ]

Residual before update:
[ 0.00681622 -0.00248031 -0.00791919 ...  0.00690609  0.00656154
 -0.005274  ]

Residual before update:
[ 0.00681621 -0.00248031 -0.00791919 ...  0.00690609  0.00656154
 -0.005274  ]

Residual before update:
[ 0.00681621 -0.00248031 -0.00791919 ...  0.00690609  0.00656154
 -0.005274  ]

Residual before update:
[ 0.00681621 -0.00248031 -0.00791919 ...  0.00690609  0.00656154
 -0.005274  ]

Residual before update:
[ 0.00681623 -0.00248031 -0.00791919 ...  0.00690609  0.00656154
 -0.005274  ]

Residual before update:
[ 0.00681624 -0.00248031 -0.00791919 ...  0.00690609  0.00656154
 -0.005274  ]

Residual before update:
[ 0.00681625 -0.00248031 -0.00791919 ...  0.00690609  0.00656154
 -0.005274  ]

Residual before update:
[ 0.00681626 -0.00248031 -0.00791918 ...  0.00690609  0.00656154
 -0.005274  ]

Residual before update:
[ 0.00681626 -0.00248031 -0.00791918 ...  0.00690609  0.00656154
 -0.005274  ]

Residual before update:
[ 0.00681626 -0.00248031 -0.00791918 ...  0.00690609  0.00656154
 -0.005274  ]

Residual before update:
[ 0.00681625 -0.00248031 -0.00791919 ...  0.00690609  0.00656154
 -0.005274  ]

Residual before update:
[ 0.00681625 -0.00248031 -0.00791919 ...  0.00690609  0.00656154
 -0.005274  ]

Residual before update:
[ 0.00681624 -0.00248031 -0.00791919 ...  0.00690609  0.00656154
 -0.005274  ]

Residual before update:
[ 0.00681623 -0.00248031 -0.00791919 ...  0.00690609  0.00656153
 -0.005274  ]

Residual before update:
[ 0.00681623 -0.00248031 -0.00791919 ...  0.00690609  0.00656153
 -0.005274  ]

Residual before update:
[ 0.00681623 -0.00248031 -0.00791919 ...  0.00690609  0.00656153
 -0.005274  ]

Residual before update:
[ 0.00681623 -0.00248031 -0.00791919 ...  0.00690609  0.00656153
 -0.005274  ]

Residual before update:
[ 0.00681623 -0.00248031 -0.00791919 ...  0.00690609  0.00656153
 -0.005274  ]

Residual before update:
[ 0.00681624 -0.00248031 -0.00791919 ...  0.00690609  0.00656153
 -0.005274  ]

Residual before update:
[ 0.00681624 -0.00248031 -0.00791919 ...  0.00690609  0.00656153
 -0.005274  ]

Residual before update:
[ 0.00681624 -0.00248031 -0.00791919 ...  0.00690609  0.00656153
 -0.005274  ]
Compute pips
###############################
TGFM
###############################
Initialize variables
Warning: 380 variants have NaN gwas_beta. Setting to 0 with large SE.
Iterative optimization

Residual before update:
[-0.00483874 -0.00260519 -0.0026132  ...  0.00594528 -0.00523121
 -0.00435873]

Residual before update:
[-0.00478085 -0.00212522 -0.00213323 ...  0.00595048 -0.0050736
 -0.00432901]

Residual before update:
[-0.00483948 -0.00260514 -0.00261315 ...  0.00594071 -0.00523359
 -0.00435968]

Residual before update:
[-0.00483881 -0.00260496 -0.00261297 ...  0.00594494 -0.00523038
 -0.00435869]

Residual before update:
[-0.00483841 -0.00260502 -0.00261303 ...  0.00594361 -0.00523122
 -0.00435898]

Residual before update:
[-0.00483545 -0.00260718 -0.00261519 ...  0.00593935 -0.00522145
 -0.00435708]

Residual before update:
[-0.00483825 -0.00260493 -0.00261294 ...  0.00594278 -0.00523122
 -0.00435911]

Residual before update:
[3.55382583e+10 1.56670229e+11 1.56670225e+11 ... 7.57019032e+09
 1.57415057e+11 4.39455018e+10]

Residual before update:
[-0.0048442  -0.00261138 -0.00261939 ...  0.0059248  -0.00522977
 -0.00436679]

Residual before update:
[-0.004838   -0.0026048  -0.00261281 ...  0.00594152 -0.00523123
 -0.00435929]

Residual before update:
[-0.004838   -0.00260481 -0.00261282 ...  0.00594152 -0.00523123
 -0.00435929]

Residual before update:
[5779.12147398 7162.95496558 7162.95480787 ...  811.61757462  824.77131917
 1427.65093691]

Residual before update:
[ 0.4249654  -0.23674405 -0.23675205 ...  0.90886202 -0.16458999
  0.43018858]

Residual before update:
[-0.00483701 -0.0026053  -0.00261331 ...  0.0059499  -0.00522175
 -0.00435779]

Residual before update:
[-0.00483801 -0.00260481 -0.00261282 ...  0.00594152 -0.00523123
 -0.0043593 ]

Residual before update:
[-0.00485418 -0.00260826 -0.00261627 ...  0.00585783 -0.00525644
 -0.00437316]

Residual before update:
[-0.00483801 -0.00260481 -0.00261282 ...  0.00594152 -0.00523123
 -0.0043593 ]

Residual before update:
[-2.50005004e+33  2.69644068e+34  2.69644062e+34 ...  8.32491301e+32
 -2.25052825e+34  1.81837579e+34]

Residual before update:
[-0.00484248 -0.00260567 -0.00261368 ...  0.0059254  -0.00523357
 -0.00436243]

Residual before update:
[-0.00483801 -0.00260481 -0.00261282 ...  0.00594152 -0.00523123
 -0.0043593 ]

Residual before update:
[-0.00483801 -0.00260481 -0.00261282 ...  0.00594152 -0.00523123
 -0.0043593 ]

Residual before update:
[-4.19074841e+18 -1.84748926e+19 -1.84748922e+19 ... -8.92693115e+17
 -1.85627239e+19 -5.18214857e+18]

Residual before update:
[ -2.29157903  -0.31999161  -0.31999961 ... -11.12711722  -7.60541878
  -2.16021582]

Residual before update:
[-0.00483734 -0.00260524 -0.00261325 ...  0.00594938 -0.00522199
 -0.00435762]

Residual before update:
[-0.00483801 -0.00260481 -0.00261282 ...  0.00594152 -0.00523123
 -0.0043593 ]

Residual before update:
[-0.00485555 -0.00260846 -0.00261647 ...  0.0058524  -0.00525639
 -0.00437323]

Residual before update:
[-0.00483801 -0.00260481 -0.00261282 ...  0.00594152 -0.00523123
 -0.0043593 ]

Residual before update:
[-2.43316290e+58 -1.78125308e+58 -1.78125304e+58 ... -1.06928268e+58
 -2.77463489e+57 -4.78936472e+57]

Residual before update:
[-0.0048423  -0.00260569 -0.0026137  ...  0.00592481 -0.00523374
 -0.00436219]

Residual before update:
[-0.00483801 -0.00260481 -0.00261282 ...  0.00594151 -0.00523123
 -0.0043593 ]

Residual before update:
[-0.00483801 -0.00260481 -0.00261282 ...  0.00594151 -0.00523123
 -0.0043593 ]

Residual before update:
[-1.23736395e+27 -1.41334624e+27 -1.41334621e+27 ... -2.25882182e+26
  1.57819258e+26 -1.44683804e+26]

Residual before update:
[ -2.26775926  -0.31669206  -0.31670006 ... -11.00993191  -7.52568832
  -2.13759357]

Residual before update:
[-0.00483728 -0.00260524 -0.00261325 ...  0.00594959 -0.00522162
 -0.00435757]

Residual before update:
[-0.00483801 -0.00260481 -0.00261282 ...  0.00594151 -0.00523123
 -0.0043593 ]

Residual before update:
[-0.00485565 -0.00260844 -0.00261646 ...  0.00585238 -0.00525649
 -0.00437325]

Residual before update:
[-0.00483801 -0.00260481 -0.00261282 ...  0.00594151 -0.00523123
 -0.0043593 ]

Residual before update:
[1.11133803e+89 4.89932799e+89 4.89932789e+89 ... 2.36731929e+88
 4.92261996e+89 1.37424595e+89]

Residual before update:
[-0.00484233 -0.00260569 -0.0026137  ...  0.00592461 -0.00523401
 -0.00436217]

Residual before update:
[-0.00483801 -0.00260481 -0.00261282 ...  0.00594151 -0.00523123
 -0.0043593 ]

Residual before update:
[-0.00483801 -0.00260481 -0.00261282 ...  0.00594151 -0.00523123
 -0.0043593 ]

Residual before update:
[-4.12415807e+42 -5.11170168e+42 -5.11170157e+42 ... -5.79190471e+41
 -5.88585387e+41 -1.01881770e+42]

Residual before update:
[ -2.24987779  -0.31422429  -0.3142323  ... -10.92023369  -7.46503591
  -2.12037593]

Residual before update:
[-0.00483723 -0.00260523 -0.00261324 ...  0.0059498  -0.00522133
 -0.00435751]

Residual before update:
[-0.00483801 -0.00260481 -0.00261282 ...  0.0059415  -0.00523123
 -0.0043593 ]

Residual before update:
[-0.0048557  -0.00260845 -0.00261646 ...  0.00585219 -0.00525659
 -0.00437328]

Residual before update:
[-0.004838   -0.00260481 -0.00261282 ...  0.0059415  -0.00523123
 -0.0043593 ]

Residual before update:
[-7.82911462e+111  8.44412821e+112  8.44412803e+112 ...  2.60701574e+111
 -7.04771636e+112  5.69439501e+112]

Residual before update:
[-0.00484236 -0.00260569 -0.0026137  ...  0.00592435 -0.00523413
 -0.00436217]

Residual before update:
[-0.004838   -0.00260481 -0.00261282 ...  0.0059415  -0.00523123
 -0.0043593 ]
Compute pips
NaNs found in gene-tissue pair PIPs at indices: [8]
NaNs found in variant PIPs at indices: [    0     1     2 ... 10677 10678 10679]
NaNs found in gene PIPs at indices: [3]
###############################
TGFM
###############################
Initialize variables
Warning: 376 variants have NaN gwas_beta. Setting to 0 with large SE.
Iterative optimization

Residual before update:
[-0.00458801  0.00287148  0.00322359 ... -0.00484648 -0.00327201
 -0.00446925]

Residual before update:
[-0.00458795  0.00287148  0.00322358 ... -0.00484641 -0.00327195
 -0.00446917]

Residual before update:
[-0.0045879   0.00287148  0.00322358 ... -0.00484634 -0.00327188
 -0.0044691 ]

Residual before update:
[-0.00458784  0.00287147  0.00322357 ... -0.00484627 -0.00327181
 -0.00446903]

Residual before update:
[-0.00458779  0.00287147  0.00322356 ... -0.0048462  -0.00327175
 -0.00446896]

Residual before update:
[-0.00458773  0.00287147  0.00322355 ... -0.00484612 -0.00327169
 -0.00446889]

Residual before update:
[-0.00458768  0.00287147  0.00322354 ... -0.00484605 -0.00327162
 -0.00446882]

Residual before update:
[-0.00458762  0.00287147  0.00322353 ... -0.00484598 -0.00327156
 -0.00446874]

Residual before update:
[-0.00458757  0.00287147  0.00322352 ... -0.00484591 -0.00327149
 -0.00446867]

Residual before update:
[-0.00458751  0.00287147  0.00322351 ... -0.00484584 -0.00327142
 -0.0044686 ]

Residual before update:
[-0.00458751  0.00287147  0.00322351 ... -0.00484584 -0.00327142
 -0.0044686 ]

Residual before update:
[-0.00458751  0.00287147  0.00322351 ... -0.00484584 -0.00327143
 -0.0044686 ]

Residual before update:
[-0.00458751  0.00287147  0.00322351 ... -0.00484584 -0.00327144
 -0.0044686 ]

Residual before update:
[-0.00458751  0.00287147  0.00322351 ... -0.00484584 -0.00327143
 -0.0044686 ]

Residual before update:
[-0.00458751  0.00287147  0.00322351 ... -0.00484584 -0.00327144
 -0.0044686 ]

Residual before update:
[-0.00458751  0.00287147  0.00322351 ... -0.00484584 -0.00327144
 -0.0044686 ]

Residual before update:
[-0.00458751  0.00287147  0.00322351 ... -0.00484584 -0.00327143
 -0.0044686 ]

Residual before update:
[-0.00458751  0.00287147  0.00322351 ... -0.00484584 -0.00327144
 -0.0044686 ]

Residual before update:
[-0.00458751  0.00287147  0.00322351 ... -0.00484584 -0.00327144
 -0.0044686 ]

Residual before update:
[-0.00458751  0.00287147  0.00322351 ... -0.00484584 -0.00327143
 -0.0044686 ]

Residual before update:
[-0.00458751  0.00287147  0.00322351 ... -0.00484584 -0.00327143
 -0.0044686 ]

Residual before update:
[-0.00458751  0.00287147  0.00322351 ... -0.00484584 -0.00327144
 -0.0044686 ]

Residual before update:
[-0.00458751  0.00287147  0.00322351 ... -0.00484584 -0.00327144
 -0.0044686 ]

Residual before update:
[-0.00458751  0.00287147  0.00322351 ... -0.00484584 -0.00327143
 -0.0044686 ]

Residual before update:
[-0.00458751  0.00287147  0.00322351 ... -0.00484584 -0.00327144
 -0.0044686 ]

Residual before update:
[-0.00458751  0.00287147  0.00322351 ... -0.00484584 -0.00327144
 -0.0044686 ]

Residual before update:
[-0.00458751  0.00287147  0.00322351 ... -0.00484584 -0.00327143
 -0.0044686 ]

Residual before update:
[-0.00458751  0.00287147  0.00322351 ... -0.00484584 -0.00327144
 -0.0044686 ]

Residual before update:
[-0.00458751  0.00287147  0.00322351 ... -0.00484584 -0.00327143
 -0.0044686 ]

Residual before update:
[-0.00458751  0.00287147  0.00322351 ... -0.00484584 -0.00327143
 -0.0044686 ]

Residual before update:
[-0.00458751  0.00287147  0.00322351 ... -0.00484584 -0.00327143
 -0.0044686 ]

Residual before update:
[-0.00458751  0.00287147  0.00322351 ... -0.00484584 -0.00327144
 -0.0044686 ]

Residual before update:
[-0.00458751  0.00287147  0.00322351 ... -0.00484584 -0.00327144
 -0.0044686 ]

Residual before update:
[-0.00458751  0.00287147  0.00322351 ... -0.00484583 -0.00327143
 -0.0044686 ]

Residual before update:
[-0.00458751  0.00287147  0.00322351 ... -0.00484583 -0.00327144
 -0.0044686 ]

Residual before update:
[-0.00458751  0.00287147  0.00322351 ... -0.00484583 -0.00327144
 -0.0044686 ]

Residual before update:
[-0.00458751  0.00287147  0.00322351 ... -0.00484583 -0.00327143
 -0.0044686 ]

Residual before update:
[-0.00458751  0.00287147  0.00322351 ... -0.00484583 -0.00327143
 -0.0044686 ]

Residual before update:
[-0.00458751  0.00287147  0.00322351 ... -0.00484583 -0.00327143
 -0.0044686 ]

Residual before update:
[-0.00458751  0.00287147  0.00322351 ... -0.00484583 -0.00327143
 -0.0044686 ]

Residual before update:
[-0.00458751  0.00287147  0.00322351 ... -0.00484583 -0.00327143
 -0.0044686 ]

Residual before update:
[-0.00458751  0.00287147  0.00322351 ... -0.00484583 -0.00327143
 -0.0044686 ]

Residual before update:
[-0.00458751  0.00287147  0.00322351 ... -0.00484583 -0.00327144
 -0.0044686 ]

Residual before update:
[-0.00458751  0.00287147  0.00322351 ... -0.00484583 -0.00327143
 -0.0044686 ]

Residual before update:
[-0.00458751  0.00287147  0.00322351 ... -0.00484583 -0.00327144
 -0.0044686 ]

Residual before update:
[-0.00458751  0.00287147  0.00322351 ... -0.00484583 -0.00327144
 -0.0044686 ]

Residual before update:
[-0.00458751  0.00287147  0.00322351 ... -0.00484583 -0.00327143
 -0.0044686 ]

Residual before update:
[-0.00458751  0.00287147  0.00322351 ... -0.00484583 -0.00327143
 -0.0044686 ]

Residual before update:
[-0.00458751  0.00287147  0.00322351 ... -0.00484583 -0.00327143
 -0.0044686 ]

Residual before update:
[-0.00458751  0.00287147  0.00322351 ... -0.00484583 -0.00327143
 -0.0044686 ]
Compute pips
###############################
TGFM
###############################
Initialize variables
Warning: 443 variants have NaN gwas_beta. Setting to 0 with large SE.
Iterative optimization

Residual before update:
[ 6.86486543e-03 -1.24858767e-03  4.09151691e-03 ... -2.80954349e-05
  3.58757092e-04  1.50968302e-03]

Residual before update:
[ 6.86485122e-03 -1.24858773e-03  4.09150794e-03 ... -2.82769105e-05
  3.58819852e-04  1.50975847e-03]

Residual before update:
[ 6.86483704e-03 -1.24858777e-03  4.09149905e-03 ... -2.84569505e-05
  3.58883339e-04  1.50983426e-03]

Residual before update:
[ 6.86482285e-03 -1.24858780e-03  4.09149012e-03 ... -2.86357270e-05
  3.58947736e-04  1.50991008e-03]

Residual before update:
[ 6.86481222e-03 -1.24858573e-03  4.09148463e-03 ... -2.88120381e-05
  3.59012836e-04  1.50998990e-03]

Residual before update:
[ 6.86479449e-03 -1.24858801e-03  4.09147226e-03 ... -2.89897205e-05
  3.59078452e-04  1.51006161e-03]

Residual before update:
[ 6.86478030e-03 -1.24858793e-03  4.09146325e-03 ... -2.91646462e-05
  3.59145205e-04  1.51013769e-03]

Residual before update:
[ 6.86476602e-03 -1.24858802e-03  4.09145426e-03 ... -2.93388568e-05
  3.59212828e-04  1.51021226e-03]

Residual before update:
[ 6.86475191e-03 -1.24858802e-03  4.09144538e-03 ... -2.95108017e-05
  3.59280883e-04  1.51028989e-03]

Residual before update:
[ 0.0068818  -0.0002835   0.00415327 ...  0.00530332  0.00089818
  0.01593351]

Residual before update:
[ 6.86473786e-03 -1.24858799e-03  4.09143650e-03 ... -2.96696495e-05
  3.59357092e-04  1.51036913e-03]

Residual before update:
[ 6.86473763e-03 -1.24858809e-03  4.09143593e-03 ... -2.96616179e-05
  3.59363372e-04  1.51036714e-03]

Residual before update:
[ 6.86473777e-03 -1.24858804e-03  4.09143625e-03 ... -2.96527323e-05
  3.59368493e-04  1.51036905e-03]

Residual before update:
[ 6.86473774e-03 -1.24858800e-03  4.09143621e-03 ... -2.96456487e-05
  3.59373373e-04  1.51036992e-03]

Residual before update:
[ 6.86474558e-03 -1.24858334e-03  4.09144378e-03 ... -2.96374417e-05
  3.59377145e-04  1.51037925e-03]

Residual before update:
[ 6.86473773e-03 -1.24858822e-03  4.09143617e-03 ... -2.96360159e-05
  3.59379680e-04  1.51037050e-03]

Residual before update:
[ 6.86473768e-03 -1.24858801e-03  4.09143603e-03 ... -2.96327687e-05
  3.59382154e-04  1.51037107e-03]

Residual before update:
[ 6.86473753e-03 -1.24858807e-03  4.09143597e-03 ... -2.96314977e-05
  3.59383935e-04  1.51036944e-03]

Residual before update:
[ 6.86473759e-03 -1.24858801e-03  4.09143604e-03 ... -2.96301639e-05
  3.59384513e-04  1.51037155e-03]

Residual before update:
[ 0.00688182 -0.00028338  0.00415327 ...  0.00530334  0.0008979
  0.0159347 ]

Residual before update:
[ 6.86473765e-03 -1.24858796e-03  4.09143614e-03 ... -2.96299105e-05
  3.59384707e-04  1.51037383e-03]

Residual before update:
[ 6.86473741e-03 -1.24858807e-03  4.09143562e-03 ... -2.96320580e-05
  3.59384799e-04  1.51037113e-03]

Residual before update:
[ 6.86473753e-03 -1.24858802e-03  4.09143597e-03 ... -2.96319143e-05
  3.59384549e-04  1.51037238e-03]

Residual before update:
[ 6.86473748e-03 -1.24858799e-03  4.09143596e-03 ... -2.96322428e-05
  3.59384905e-04  1.51037271e-03]

Residual before update:
[ 6.86474529e-03 -1.24858333e-03  4.09144353e-03 ... -2.96303028e-05
  3.59385054e-04  1.51038167e-03]

Residual before update:
[ 6.86473745e-03 -1.24858822e-03  4.09143595e-03 ... -2.96334926e-05
  3.59384626e-04  1.51037251e-03]

Residual before update:
[ 6.86473739e-03 -1.24858801e-03  4.09143583e-03 ... -2.96337582e-05
  3.59385007e-04  1.51037284e-03]

Residual before update:
[ 6.86473724e-03 -1.24858807e-03  4.09143578e-03 ... -2.96347181e-05
  3.59385465e-04  1.51037105e-03]

Residual before update:
[ 6.86473730e-03 -1.24858802e-03  4.09143586e-03 ... -2.96343537e-05
  3.59385473e-04  1.51037309e-03]

Residual before update:
[ 0.00688182 -0.00028328  0.00415327 ...  0.00530337  0.0008978
  0.01593576]

Residual before update:
[ 6.86473736e-03 -1.24858796e-03  4.09143596e-03 ... -2.96336667e-05
  3.59385996e-04  1.51037542e-03]

Residual before update:
[ 6.86473711e-03 -1.24858807e-03  4.09143543e-03 ... -2.96357092e-05
  3.59386217e-04  1.51037274e-03]

Residual before update:
[ 6.86473723e-03 -1.24858802e-03  4.09143578e-03 ... -2.96354259e-05
  3.59386032e-04  1.51037399e-03]

Residual before update:
[ 6.86473718e-03 -1.24858799e-03  4.09143577e-03 ... -2.96356702e-05
  3.59386441e-04  1.51037432e-03]

Residual before update:
[ 6.86474500e-03 -1.24858332e-03  4.09144335e-03 ... -2.96338428e-05
  3.59386704e-04  1.51038338e-03]

Residual before update:
[ 6.86473715e-03 -1.24858822e-03  4.09143576e-03 ... -2.96368535e-05
  3.59386219e-04  1.51037413e-03]

Residual before update:
[ 6.86473709e-03 -1.24858801e-03  4.09143564e-03 ... -2.96371248e-05
  3.59386617e-04  1.51037447e-03]

Residual before update:
[ 6.86473694e-03 -1.24858807e-03  4.09143559e-03 ... -2.96380854e-05
  3.59387077e-04  1.51037268e-03]

Residual before update:
[ 6.86473700e-03 -1.24858802e-03  4.09143567e-03 ... -2.96377105e-05
  3.59387077e-04  1.51037471e-03]

Residual before update:
[ 0.00688182 -0.0002832   0.00415327 ...  0.00530352  0.00089775
  0.01593672]

Residual before update:
[ 6.86473706e-03 -1.24858796e-03  4.09143577e-03 ... -2.96370284e-05
  3.59387598e-04  1.51037705e-03]

Residual before update:
[ 6.86473680e-03 -1.24858807e-03  4.09143524e-03 ... -2.96391139e-05
  3.59387837e-04  1.51037438e-03]

Residual before update:
[ 6.86473693e-03 -1.24858802e-03  4.09143559e-03 ... -2.96387992e-05
  3.59387636e-04  1.51037562e-03]

Residual before update:
[ 6.86473688e-03 -1.24858799e-03  4.09143558e-03 ... -2.96390346e-05
  3.59388041e-04  1.51037595e-03]

Residual before update:
[ 6.86474470e-03 -1.24858331e-03  4.09144317e-03 ... -2.96373691e-05
  3.59388384e-04  1.51038511e-03]

Residual before update:
[ 6.86473685e-03 -1.24858822e-03  4.09143557e-03 ... -2.96402259e-05
  3.59387822e-04  1.51037576e-03]

Residual before update:
[ 6.86473679e-03 -1.24858801e-03  4.09143545e-03 ... -2.96405142e-05
  3.59388229e-04  1.51037611e-03]

Residual before update:
[ 6.86473664e-03 -1.24858807e-03  4.09143540e-03 ... -2.96414766e-05
  3.59388690e-04  1.51037431e-03]

Residual before update:
[ 6.86473670e-03 -1.24858802e-03  4.09143548e-03 ... -2.96410877e-05
  3.59388683e-04  1.51037634e-03]

Residual before update:
[ 0.00688182 -0.00028313  0.00415327 ...  0.00530374  0.00089774
  0.01593761]
Compute pips
###############################
TGFM
###############################
Initialize variables
Warning: 571 variants have NaN gwas_beta. Setting to 0 with large SE.
Iterative optimization

Residual before update:
[0.00580389 0.00418417 0.00593715 ... 0.00927149 0.00895799 0.00826166]

Residual before update:
[0.00580372 0.00418417 0.00593698 ... 0.00927133 0.00895781 0.00826141]

Residual before update:
[0.00580357 0.00418417 0.00593683 ... 0.00927117 0.00895764 0.00826117]

Residual before update:
[0.00580339 0.00418418 0.00593664 ... 0.009271   0.00895747 0.00826091]

Residual before update:
[0.00580322 0.00418417 0.00593648 ... 0.00927084 0.00895729 0.00826065]

Residual before update:
[0.00580775 0.00417858 0.00593968 ... 0.00873261 0.0082744  0.00679495]

Residual before update:
[0.00580289 0.00418417 0.00593614 ... 0.00927052 0.00895695 0.00826016]

Residual before update:
[0.00580271 0.00418418 0.00593597 ... 0.00927036 0.00895678 0.00825991]

Residual before update:
[0.00580255 0.00418417 0.00593581 ... 0.00927019 0.0089566  0.00825965]

Residual before update:
[0.00579625 0.00417259 0.00593161 ... 0.00916871 0.0088765  0.00812541]

Residual before update:
[0.00581744 0.00418423 0.0059515  ... 0.00927373 0.00896264 0.00826765]

Residual before update:
[0.00580238 0.00418417 0.00593563 ... 0.00927003 0.00895642 0.00825939]

Residual before update:
[0.00580245 0.00418417 0.0059357  ... 0.00927005 0.00895644 0.00825943]

Residual before update:
[0.00580238 0.00418418 0.00593564 ... 0.00927005 0.00895644 0.0082594 ]

Residual before update:
[0.00580238 0.00418417 0.00593563 ... 0.00927005 0.00895644 0.0082594 ]

Residual before update:
[0.00579121 0.00417986 0.00592083 ... 0.00867391 0.00817731 0.00669515]

Residual before update:
[0.00580238 0.00418417 0.00593564 ... 0.00927005 0.00895644 0.00825941]

Residual before update:
[0.00580237 0.00418418 0.00593563 ... 0.00927005 0.00895645 0.00825941]

Residual before update:
[0.00580238 0.00418417 0.00593563 ... 0.00927004 0.00895644 0.0082594 ]

Residual before update:
[0.00579635 0.0041717  0.00593161 ... 0.00917434 0.00887827 0.00811582]

Residual before update:
[0.00582177 0.00418418 0.00595643 ... 0.00927452 0.00896361 0.00827162]

Residual before update:
[0.00580237 0.00418417 0.00593563 ... 0.00927003 0.00895642 0.00825938]

Residual before update:
[0.00580244 0.00418417 0.0059357  ... 0.00927005 0.00895644 0.00825943]

Residual before update:
[0.00580238 0.00418418 0.00593563 ... 0.00927005 0.00895643 0.0082594 ]

Residual before update:
[0.00580237 0.00418417 0.00593563 ... 0.00927004 0.00895643 0.00825939]

Residual before update:
[0.00577693 0.00418385 0.00590801 ... 0.00908397 0.00870483 0.00726854]

Residual before update:
[0.00580238 0.00418417 0.00593563 ... 0.00927005 0.00895644 0.0082594 ]

Residual before update:
[0.00580237 0.00418418 0.00593562 ... 0.00927005 0.00895644 0.00825941]

Residual before update:
[0.00580238 0.00418417 0.00593563 ... 0.00927004 0.00895643 0.00825939]

Residual before update:
[0.00579633 0.0041717  0.00593161 ... 0.00917426 0.00887822 0.00811573]

Residual before update:
[0.00582481 0.004184   0.00595999 ... 0.00927509 0.00896437 0.00827483]

Residual before update:
[0.00580237 0.00418417 0.00593562 ... 0.00927003 0.00895642 0.00825938]

Residual before update:
[0.00580244 0.00418417 0.00593569 ... 0.00927005 0.00895644 0.00825942]

Residual before update:
[0.00580237 0.00418418 0.00593563 ... 0.00927004 0.00895643 0.00825939]

Residual before update:
[0.00580237 0.00418417 0.00593562 ... 0.00927004 0.00895643 0.00825939]

Residual before update:
[0.00577661 0.0041838  0.00590763 ... 0.00907043 0.00868836 0.00724004]

Residual before update:
[0.00580237 0.00418417 0.00593563 ... 0.00927004 0.00895643 0.0082594 ]

Residual before update:
[0.00580236 0.00418418 0.00593562 ... 0.00927004 0.00895644 0.0082594 ]

Residual before update:
[0.00580237 0.00418417 0.00593563 ... 0.00927003 0.00895643 0.00825938]

Residual before update:
[0.00579634 0.00417169 0.00593162 ... 0.00917416 0.00887821 0.00811566]

Residual before update:
[0.00582676 0.00418399 0.00596235 ... 0.00927538 0.00896458 0.0082795 ]

Residual before update:
[0.00580236 0.00418417 0.00593562 ... 0.00927003 0.00895642 0.00825937]

Residual before update:
[0.00580243 0.00418417 0.00593569 ... 0.00927004 0.00895643 0.00825941]

Residual before update:
[0.00580237 0.00418418 0.00593562 ... 0.00927004 0.00895643 0.00825938]

Residual before update:
[0.00580237 0.00418417 0.00593562 ... 0.00927004 0.00895642 0.00825938]

Residual before update:
[0.00577641 0.00418377 0.00590739 ... 0.00906044 0.00867631 0.00721916]

Residual before update:
[0.00580237 0.00418417 0.00593562 ... 0.00927004 0.00895643 0.00825939]

Residual before update:
[0.00580236 0.00418418 0.00593561 ... 0.00927004 0.00895643 0.00825939]

Residual before update:
[0.00580237 0.00418417 0.00593562 ... 0.00927003 0.00895642 0.00825938]

Residual before update:
[0.00579634 0.00417167 0.00593162 ... 0.00917405 0.00887816 0.00811552]
Compute pips
###############################
TGFM
###############################
Initialize variables
Warning: 538 variants have NaN gwas_beta. Setting to 0 with large SE.
Iterative optimization

Residual before update:
[-0.00524055 -0.00434467  0.00563468 ... -0.00583184 -0.00382881
  0.        ]

Residual before update:
[-5.24028198e-03 -4.34468950e-03  5.63452405e-03 ... -5.83181792e-03
 -3.82880387e-03  7.68078509e-17]

Residual before update:
[-5.24001024e-03 -4.34471009e-03  5.63436603e-03 ... -5.83178975e-03
 -3.82879242e-03  1.56862445e-16]

Residual before update:
[-3.36574773e-03 -4.21225822e-03  5.64014540e-03 ... -5.82025927e-03
 -3.79059686e-03  2.93756983e-13]

Residual before update:
[-5.23946684e-03 -4.34475118e-03  5.63405126e-03 ... -5.83173440e-03
 -3.82877039e-03  3.14500695e-16]

Residual before update:
[-5.23919788e-03 -4.34477336e-03  5.63388669e-03 ... -5.83170680e-03
 -3.82875965e-03  3.90326912e-16]

Residual before update:
[-5.23892789e-03 -4.34479205e-03  5.63373191e-03 ... -5.83167868e-03
 -3.82874833e-03  4.72599729e-16]

Residual before update:
[-5.23863208e-03 -4.34481368e-03  5.63357184e-03 ... -5.83165529e-03
 -3.82873987e-03  5.41251813e-16]

Residual before update:
[-5.24423719e-03 -4.34579709e-03  5.63748958e-03 ... -5.83086684e-03
 -3.82844254e-03 -3.39094749e-15]

Residual before update:
[-5.23811872e-03 -4.34485223e-03  5.63325675e-03 ... -5.83159385e-03
 -3.82871436e-03  7.15267854e-16]

Residual before update:
[-5.23812284e-03 -4.34485195e-03  5.63325600e-03 ... -5.83159323e-03
 -3.82871395e-03  7.17161531e-16]

Residual before update:
[-5.23812427e-03 -4.34485094e-03  5.63325557e-03 ... -5.83159773e-03
 -3.82871725e-03  7.10308510e-16]

Residual before update:
[-5.23812489e-03 -4.34484960e-03  5.63325841e-03 ... -5.83159121e-03
 -3.82871270e-03  7.25675507e-16]

Residual before update:
[-5.19145519e-03 -4.26812234e-03  5.71423342e-03 ... -5.83940815e-03
 -3.80185580e-03  4.26976683e-14]

Residual before update:
[-5.23812437e-03 -4.34484878e-03  5.63326197e-03 ... -5.83159015e-03
 -3.82871238e-03  7.27941072e-16]

Residual before update:
[-5.23812817e-03 -4.34485158e-03  5.63324963e-03 ... -5.83159015e-03
 -3.82871287e-03  7.22911712e-16]

Residual before update:
[-5.23812877e-03 -4.34484858e-03  5.63325549e-03 ... -5.83158952e-03
 -3.82871239e-03  7.28410541e-16]

Residual before update:
[-5.23809564e-03 -4.34485023e-03  5.63325286e-03 ... -5.83159526e-03
 -3.82871577e-03  7.14768604e-16]

Residual before update:
[-5.30835408e-03 -4.39407489e-03  5.63929873e-03 ... -5.83104645e-03
 -3.83158341e-03 -2.82262524e-14]

Residual before update:
[-5.23812643e-03 -4.34484840e-03  5.63325386e-03 ... -5.83158877e-03
 -3.82871195e-03  7.31323125e-16]

Residual before update:
[-5.23812757e-03 -4.34484904e-03  5.63325283e-03 ... -5.83158917e-03
 -3.82871202e-03  7.29959020e-16]

Residual before update:
[-5.23812621e-03 -4.34484886e-03  5.63325206e-03 ... -5.83159453e-03
 -3.82871575e-03  7.20328292e-16]

Residual before update:
[-5.23812442e-03 -4.34484824e-03  5.63325462e-03 ... -5.83158873e-03
 -3.82871154e-03  7.33392032e-16]

Residual before update:
[-5.18648051e-03 -4.26283379e-03  5.72671983e-03 ... -5.83179134e-03
 -3.80138572e-03  4.46557668e-14]

Residual before update:
[-5.23812021e-03 -4.34484849e-03  5.63325783e-03 ... -5.83158875e-03
 -3.82871175e-03  7.32207964e-16]

Residual before update:
[-5.23812250e-03 -4.34485169e-03  5.63324525e-03 ... -5.83158908e-03
 -3.82871240e-03  7.26087426e-16]

Residual before update:
[-5.23812227e-03 -4.34484895e-03  5.63325112e-03 ... -5.83158872e-03
 -3.82871205e-03  7.30743538e-16]

Residual before update:
[-5.23808825e-03 -4.34485079e-03  5.63324834e-03 ... -5.83159459e-03
 -3.82871551e-03  7.16655123e-16]

Residual before update:
[-5.30683294e-03 -4.39400542e-03  5.63936255e-03 ... -5.83102393e-03
 -3.83151326e-03 -2.79229686e-14]

Residual before update:
[-5.23811895e-03 -4.34484899e-03  5.63324941e-03 ... -5.83158807e-03
 -3.82871167e-03  7.33285397e-16]

Residual before update:
[-5.23812017e-03 -4.34484961e-03  5.63324843e-03 ... -5.83158843e-03
 -3.82871173e-03  7.32033655e-16]

Residual before update:
[-5.23811876e-03 -4.34484942e-03  5.63324763e-03 ... -5.83159378e-03
 -3.82871545e-03  7.22497971e-16]

Residual before update:
[-5.23811692e-03 -4.34484879e-03  5.63325018e-03 ... -5.83158793e-03
 -3.82871122e-03  7.35687701e-16]

Residual before update:
[-5.18610830e-03 -4.26226742e-03  5.72741826e-03 ... -5.83179127e-03
 -3.80117474e-03  4.49978363e-14]

Residual before update:
[-5.23811273e-03 -4.34484903e-03  5.63325341e-03 ... -5.83158792e-03
 -3.82871142e-03  7.34564080e-16]

Residual before update:
[-5.23811486e-03 -4.34485224e-03  5.63324069e-03 ... -5.83158824e-03
 -3.82871206e-03  7.28488935e-16]

Residual before update:
[-5.23811480e-03 -4.34484948e-03  5.63324668e-03 ... -5.83158789e-03
 -3.82871172e-03  7.33104974e-16]

Residual before update:
[-5.23808055e-03 -4.34485134e-03  5.63324381e-03 ... -5.83159378e-03
 -3.82871519e-03  7.19009083e-16]

Residual before update:
[-5.30574465e-03 -4.39343347e-03  5.63944480e-03 ... -5.83099695e-03
 -3.83143952e-03 -2.75799125e-14]

Residual before update:
[-5.23811146e-03 -4.34484952e-03  5.63324495e-03 ... -5.83158725e-03
 -3.82871134e-03  7.35640849e-16]

Residual before update:
[-5.23811277e-03 -4.34485014e-03  5.63324402e-03 ... -5.83158762e-03
 -3.82871141e-03  7.34357265e-16]

Residual before update:
[-5.23811128e-03 -4.34484996e-03  5.63324318e-03 ... -5.83159297e-03
 -3.82871514e-03  7.24811865e-16]

Residual before update:
[-5.23810939e-03 -4.34484933e-03  5.63324571e-03 ... -5.83158711e-03
 -3.82871089e-03  7.38055727e-16]

Residual before update:
[-5.18573626e-03 -4.26170133e-03  5.72811670e-03 ... -5.83179119e-03
 -3.80096374e-03  4.53399462e-14]

Residual before update:
[-5.23810521e-03 -4.34484957e-03  5.63324897e-03 ... -5.83158710e-03
 -3.82871109e-03  7.36921391e-16]

Residual before update:
[-5.23810718e-03 -4.34485280e-03  5.63323611e-03 ... -5.83158740e-03
 -3.82871173e-03  7.30882306e-16]

Residual before update:
[-5.23810729e-03 -4.34485002e-03  5.63324222e-03 ... -5.83158707e-03
 -3.82871139e-03  7.35458095e-16]

Residual before update:
[-5.23807280e-03 -4.34485189e-03  5.63323926e-03 ... -5.83159296e-03
 -3.82871486e-03  7.21361072e-16]

Residual before update:
[-5.30461997e-03 -4.39285229e-03  5.63949872e-03 ... -5.83097561e-03
 -3.83137674e-03 -2.72375383e-14]

Residual before update:
[-5.23810392e-03 -4.34485006e-03  5.63324048e-03 ... -5.83158642e-03
 -3.82871101e-03  7.38006700e-16]
Compute pips
###############################
TGFM
###############################
Initialize variables
Warning: 355 variants have NaN gwas_beta. Setting to 0 with large SE.
Iterative optimization

Residual before update:
[-0.00559661 -0.00167194 -0.00024475 ...  0.00556906  0.00596659
  0.00751242]

Residual before update:
[-0.00559661 -0.00167166 -0.00024475 ...  0.00556876  0.00596605
  0.00751157]

Residual before update:
[-0.00559661 -0.00167137 -0.00024475 ...  0.00556847  0.00596551
  0.00751073]

Residual before update:
[-0.0055966  -0.00167108 -0.00024475 ...  0.00556817  0.00596497
  0.00750989]

Residual before update:
[-0.0050365  -0.00163091 -0.00023477 ...  0.00562005  0.00614376
  0.00770866]

Residual before update:
[-0.0055966  -0.00167052 -0.00024475 ...  0.00556759  0.0059639
  0.00750821]

Residual before update:
[-0.00559659 -0.00167022 -0.00024475 ...  0.00556729  0.00596336
  0.00750737]

Residual before update:
[-0.00559659 -0.00166993 -0.00024474 ...  0.005567    0.00596281
  0.00750653]

Residual before update:
[-0.0055966  -0.00166967 -0.00024476 ...  0.00556671  0.00596228
  0.0075057 ]

Residual before update:
[-0.00559658 -0.00166936 -0.00024475 ...  0.00556641  0.00596174
  0.00750486]

Residual before update:
[-0.00554371 -0.00167089 -0.00024081 ...  0.00555952  0.00612067
  0.00755943]

Residual before update:
[-0.00559657 -0.00166935 -0.00024474 ...  0.00556642  0.00596174
  0.00750486]

Residual before update:
[-0.00559657 -0.00166936 -0.00024474 ...  0.00556641  0.00596173
  0.00750486]

Residual before update:
[-0.00559657 -0.00166935 -0.00024473 ...  0.00556642  0.00596174
  0.00750486]

Residual before update:
[-0.00505728 -0.00163061 -0.00024082 ...  0.00562843  0.00613684
  0.0077319 ]

Residual before update:
[-0.00559656 -0.00166937 -0.00024473 ...  0.00556642  0.00596174
  0.00750486]

Residual before update:
[-0.00559656 -0.00166935 -0.00024473 ...  0.00556642  0.00596174
  0.00750486]

Residual before update:
[-0.00559656 -0.00166935 -0.00024473 ...  0.00556642  0.00596173
  0.00750485]

Residual before update:
[-0.00559658 -0.00166938 -0.00024475 ...  0.00556642  0.00596174
  0.00750485]

Residual before update:
[-0.00559656 -0.00166935 -0.00024474 ...  0.00556641  0.00596173
  0.00750485]

Residual before update:
[-0.00534958 -0.00164695 -0.00016149 ...  0.00569965  0.00650439
  0.0076517 ]

Residual before update:
[-0.00559656 -0.00166935 -0.00024473 ...  0.00556641  0.00596173
  0.00750485]

Residual before update:
[-0.00559656 -0.00166935 -0.00024474 ...  0.00556641  0.00596172
  0.00750484]

Residual before update:
[-0.00559656 -0.00166934 -0.00024473 ...  0.00556641  0.00596173
  0.00750484]

Residual before update:
[-0.00505575 -0.00163088 -0.00024092 ...  0.00562845  0.006137
  0.00773229]

Residual before update:
[-0.00559656 -0.00166936 -0.00024473 ...  0.00556641  0.00596173
  0.00750484]

Residual before update:
[-0.00559656 -0.00166934 -0.00024473 ...  0.00556641  0.00596172
  0.00750483]

Residual before update:
[-0.00559656 -0.00166934 -0.00024473 ...  0.00556641  0.00596172
  0.00750483]

Residual before update:
[-0.00559658 -0.00166937 -0.00024475 ...  0.00556641  0.00596172
  0.00750483]

Residual before update:
[-0.00559656 -0.00166934 -0.00024474 ...  0.0055664   0.00596172
  0.00750482]

Residual before update:
[-0.00866862 -0.00164661 -0.00080595 ...  0.00553328 -0.0076323
  0.00357248]

Residual before update:
[-0.00559656 -0.00166934 -0.00024473 ...  0.0055664   0.00596171
  0.00750482]

Residual before update:
[-0.00559656 -0.00166934 -0.00024474 ...  0.0055664   0.0059617
  0.00750481]

Residual before update:
[-0.00559656 -0.00166934 -0.00024473 ...  0.0055664   0.00596171
  0.00750482]

Residual before update:
[-0.00505432 -0.00163113 -0.00024102 ...  0.00562847  0.00613714
  0.00773266]

Residual before update:
[-0.00559656 -0.00166935 -0.00024473 ...  0.0055664   0.00596171
  0.00750481]

Residual before update:
[-0.00559656 -0.00166933 -0.00024473 ...  0.0055664   0.00596171
  0.00750481]

Residual before update:
[-0.00559656 -0.00166933 -0.00024473 ...  0.0055664   0.0059617
  0.0075048 ]

Residual before update:
[-0.00559658 -0.00166936 -0.00024475 ...  0.0055664   0.0059617
  0.0075048 ]

Residual before update:
[-0.00559656 -0.00166934 -0.00024474 ...  0.00556639  0.0059617
  0.0075048 ]

Residual before update:
[-0.00893047 -0.00161224 -0.00063549 ...  0.00580833 -0.00717133
  0.00378832]

Residual before update:
[-0.00559656 -0.00166933 -0.00024473 ...  0.0055664   0.0059617
  0.0075048 ]

Residual before update:
[-0.00559656 -0.00166933 -0.00024474 ...  0.00556639  0.00596168
  0.00750479]

Residual before update:
[-0.00559656 -0.00166933 -0.00024473 ...  0.00556639  0.0059617
  0.00750479]
NaNs in component_non_med_pred at component 4

Residual before update:
[-0.00505298 -0.00163137 -0.00024111 ...  0.0056285   0.00613728
  0.00773303]
NaNs in residual_incl_alpha[45, :]
NaN in mixture_alpha_mu: b_terms=[nan nan nan nan nan nan nan nan nan nan nan nan nan nan nan nan nan nan
 nan nan nan nan nan nan nan nan nan nan nan]
NaNs in self.residual at bs_iter=45
NaNs in un_normalized_lv_alpha_weights
NaN in normalizing_term
NaNs in component_non_med_pred at component 5

Residual before update:
[-0.00559656 -0.00166934 -0.00024473 ...  0.00556639  0.00596169
  0.00750478]
NaNs in residual_incl_alpha[45, :]
NaNs in gene_weights for bs_iter=45
NaN in mixture_alpha_mu: b_terms=[nan nan nan nan nan nan nan nan nan nan nan nan nan nan nan nan nan nan
 nan nan nan nan nan nan nan nan nan nan nan]
NaNs in self.residual at bs_iter=45
NaNs in un_normalized_lv_alpha_weights
NaN in normalizing_term
NaNs in component_non_med_pred at component 6

Residual before update:
[-0.00559656 -0.00166932 -0.00024473 ...  0.00556639  0.00596169
  0.00750478]
NaNs in residual_incl_alpha[43, :]
NaN in mixture_alpha_mu: b_terms=[nan nan nan nan nan nan nan nan nan nan nan nan nan nan nan nan nan nan
 nan nan nan nan nan nan nan nan nan nan nan]
NaNs in self.residual at bs_iter=43
NaNs in un_normalized_lv_alpha_weights
NaN in normalizing_term
NaNs in residual_incl_alpha[45, :]
NaNs in gene_weights for bs_iter=45
NaN in mixture_alpha_mu: b_terms=[nan nan nan nan nan nan nan nan nan nan nan nan nan nan nan nan nan nan
 nan nan nan nan nan nan nan nan nan nan nan]
NaNs in self.residual at bs_iter=45
NaNs in un_normalized_lv_alpha_weights
NaN in normalizing_term
NaNs in component_non_med_pred at component 7

Residual before update:
[-0.00559656 -0.00166932 -0.00024473 ...  0.00556639  0.00596168
  0.00750478]
NaNs in residual_incl_alpha[43, :]
NaNs in gene_weights for bs_iter=43
NaN in mixture_alpha_mu: b_terms=[nan nan nan nan nan nan nan nan nan nan nan nan nan nan nan nan nan nan
 nan nan nan nan nan nan nan nan nan nan nan]
NaNs in self.residual at bs_iter=43
NaNs in un_normalized_lv_alpha_weights
NaN in normalizing_term
NaNs in residual_incl_alpha[45, :]
NaNs in gene_weights for bs_iter=45
NaN in mixture_alpha_mu: b_terms=[nan nan nan nan nan nan nan nan nan nan nan nan nan nan nan nan nan nan
 nan nan nan nan nan nan nan nan nan nan nan]
NaNs in self.residual at bs_iter=45
NaNs in un_normalized_lv_alpha_weights
NaN in normalizing_term
NaNs in component_non_med_pred at component 8

Residual before update:
[-0.00559658 -0.00166935 -0.00024475 ...  0.00556639  0.00596169
  0.00750478]
NaNs in residual_incl_alpha[43, :]
NaNs in gene_weights for bs_iter=43
NaN in mixture_alpha_mu: b_terms=[nan nan nan nan nan nan nan nan nan nan nan nan nan nan nan nan nan nan
 nan nan nan nan nan nan nan nan nan nan nan]
NaNs in self.residual at bs_iter=43
NaNs in un_normalized_lv_alpha_weights
NaN in normalizing_term
NaNs in residual_incl_alpha[45, :]
NaNs in gene_weights for bs_iter=45
NaN in mixture_alpha_mu: b_terms=[nan nan nan nan nan nan nan nan nan nan nan nan nan nan nan nan nan nan
 nan nan nan nan nan nan nan nan nan nan nan]
NaNs in self.residual at bs_iter=45
NaNs in un_normalized_lv_alpha_weights
NaN in normalizing_term
NaNs in component_non_med_pred at component 9

Residual before update:
[-0.00559656 -0.00166933 -0.00024474 ...  0.00556639  0.00596168
  0.00750477]
NaNs in residual_incl_alpha[43, :]
NaNs in gene_weights for bs_iter=43
NaN in mixture_alpha_mu: b_terms=[nan nan nan nan nan nan nan nan nan nan nan nan nan nan nan nan nan nan
 nan nan nan nan nan nan nan nan nan nan nan]
NaNs in self.residual at bs_iter=43
NaNs in un_normalized_lv_alpha_weights
NaN in normalizing_term
NaNs in residual_incl_alpha[45, :]
NaNs in gene_weights for bs_iter=45
NaN in mixture_alpha_mu: b_terms=[nan nan nan nan nan nan nan nan nan nan nan nan nan nan nan nan nan nan
 nan nan nan nan nan nan nan nan nan nan nan]
NaNs in self.residual at bs_iter=45
NaNs in un_normalized_lv_alpha_weights
NaN in normalizing_term
Compute pips
NaNs found in gene-tissue pair PIPs at indices: [ 0  1  2  3  4  5  6  7  8  9 10 11 12 13 14 15 16 17 18 19 20 21 22 23
 24 25 26 27 28]
NaNs found in variant PIPs at indices: [   0    1    2 ... 6375 6376 6377]
NaNs found in gene PIPs at indices: [ 0  1  2  3  4  5  6  7  8  9 10 11]
###############################
TGFM
###############################
Initialize variables
Warning: 104 variants have NaN gwas_beta. Setting to 0 with large SE.
Iterative optimization

Residual before update:
[-0.00037015 -0.00016612 -0.00327893 ... -0.00685696  0.004324
  0.00674885]

Residual before update:
[-0.00037026 -0.00016629 -0.00327886 ... -0.0068569   0.00432388
  0.00674891]

Residual before update:
[-0.00037036 -0.00016646 -0.00327878 ... -0.00685694  0.00432377
  0.00674888]

Residual before update:
[-0.00037046 -0.00016661 -0.0032787  ... -0.00685706  0.00432366
  0.00674872]

Residual before update:
[-0.00037055 -0.00016677 -0.00327861 ... -0.00685679  0.00432355
  0.006749  ]

Residual before update:
[-0.00037063 -0.00016691 -0.0032785  ... -0.00685683  0.00432343
  0.006749  ]

Residual before update:
[-0.00037071 -0.00016706 -0.0032784  ... -0.00685669  0.00432332
  0.00674906]

Residual before update:
[-0.00037078 -0.0001672  -0.00327829 ... -0.00685665  0.00432321
  0.00674914]

Residual before update:
[-0.00037085 -0.00016733 -0.00327819 ... -0.00685678  0.00432308
  0.00674893]

Residual before update:
[-0.00037092 -0.00016746 -0.00327807 ... -0.00685672  0.00432298
  0.00674909]

Residual before update:
[-0.00037086 -0.00016742 -0.00327802 ... -0.00685696  0.00432298
  0.00674871]

Residual before update:
[-0.00037082 -0.00016739 -0.00327797 ... -0.00685637  0.00432298
  0.00674943]

Residual before update:
[-0.00037079 -0.00016737 -0.00327794 ... -0.00685683  0.00432298
  0.00674899]

Residual before update:
[-0.00037076 -0.00016735 -0.00327791 ... -0.00685721  0.00432297
  0.00674849]

Residual before update:
[-0.00037074 -0.00016734 -0.00327789 ... -0.00685655  0.00432298
  0.00674921]

Residual before update:
[-0.00037073 -0.00016733 -0.00327787 ... -0.00685669  0.00432297
  0.00674914]

Residual before update:
[-0.00037073 -0.00016732 -0.00327787 ... -0.00685652  0.00432298
  0.0067492 ]

Residual before update:
[-0.00037072 -0.00016732 -0.00327787 ... -0.00685654  0.00432298
  0.00674925]

Residual before update:
[-0.00037073 -0.00016732 -0.00327788 ... -0.00685673  0.00432296
  0.00674896]

Residual before update:
[-0.00037074 -0.00016733 -0.00327789 ... -0.00685669  0.00432298
  0.00674911]

Residual before update:
[-0.00037074 -0.00016733 -0.00327789 ... -0.00685695  0.00432297
  0.00674873]

Residual before update:
[-0.00037074 -0.00016734 -0.00327789 ... -0.00685635  0.00432298
  0.00674944]

Residual before update:
[-0.00037075 -0.00016734 -0.00327789 ... -0.00685682  0.00432297
  0.006749  ]

Residual before update:
[-0.00037075 -0.00016734 -0.00327789 ... -0.00685721  0.00432297
  0.00674849]

Residual before update:
[-0.00037075 -0.00016734 -0.00327789 ... -0.00685654  0.00432298
  0.00674921]

Residual before update:
[-0.00037075 -0.00016734 -0.00327788 ... -0.00685669  0.00432296
  0.00674914]

Residual before update:
[-0.00037075 -0.00016734 -0.00327788 ... -0.00685652  0.00432298
  0.0067492 ]

Residual before update:
[-0.00037074 -0.00016734 -0.00327788 ... -0.00685654  0.00432298
  0.00674925]

Residual before update:
[-0.00037075 -0.00016734 -0.00327789 ... -0.00685673  0.00432296
  0.00674896]

Residual before update:
[-0.00037075 -0.00016734 -0.00327789 ... -0.00685669  0.00432297
  0.00674911]

Residual before update:
[-0.00037074 -0.00016734 -0.00327789 ... -0.00685695  0.00432297
  0.00674872]

Residual before update:
[-0.00037074 -0.00016734 -0.00327788 ... -0.00685635  0.00432298
  0.00674944]

Residual before update:
[-0.00037075 -0.00016734 -0.00327788 ... -0.00685682  0.00432297
  0.006749  ]

Residual before update:
[-0.00037075 -0.00016734 -0.00327788 ... -0.00685721  0.00432297
  0.00674849]

Residual before update:
[-0.00037074 -0.00016734 -0.00327788 ... -0.00685654  0.00432297
  0.00674921]

Residual before update:
[-0.00037074 -0.00016734 -0.00327787 ... -0.00685669  0.00432296
  0.00674914]

Residual before update:
[-0.00037075 -0.00016734 -0.00327788 ... -0.00685652  0.00432297
  0.0067492 ]

Residual before update:
[-0.00037074 -0.00016735 -0.00327788 ... -0.00685654  0.00432297
  0.00674925]

Residual before update:
[-0.00037075 -0.00016734 -0.00327788 ... -0.00685673  0.00432295
  0.00674896]

Residual before update:
[-0.00037075 -0.00016735 -0.00327788 ... -0.00685669  0.00432297
  0.00674911]

Residual before update:
[-0.00037074 -0.00016734 -0.00327788 ... -0.00685695  0.00432296
  0.00674872]

Residual before update:
[-0.00037075 -0.00016735 -0.00327788 ... -0.00685635  0.00432297
  0.00674944]

Residual before update:
[-0.00037075 -0.00016735 -0.00327788 ... -0.00685682  0.00432296
  0.006749  ]

Residual before update:
[-0.00037075 -0.00016735 -0.00327787 ... -0.00685721  0.00432296
  0.00674849]

Residual before update:
[-0.00037075 -0.00016735 -0.00327787 ... -0.00685654  0.00432297
  0.00674922]

Residual before update:
[-0.00037075 -0.00016735 -0.00327786 ... -0.00685669  0.00432295
  0.00674914]

Residual before update:
[-0.00037075 -0.00016735 -0.00327787 ... -0.00685652  0.00432297
  0.0067492 ]

Residual before update:
[-0.00037075 -0.00016735 -0.00327787 ... -0.00685653  0.00432297
  0.00674925]

Residual before update:
[-0.00037075 -0.00016735 -0.00327787 ... -0.00685672  0.00432295
  0.00674896]

Residual before update:
[-0.00037075 -0.00016735 -0.00327788 ... -0.00685669  0.00432296
  0.00674911]
Compute pips
###############################
TGFM
###############################
Initialize variables
Warning: 298 variants have NaN gwas_beta. Setting to 0 with large SE.
Iterative optimization

Residual before update:
[0.00065197 0.         0.00155461 ... 0.00027115 0.00323322 0.00103439]

Residual before update:
[ 6.51973184e-04 -1.63451770e-16  1.55412245e-03 ...  2.71159146e-04
  3.23321952e-03  1.03440454e-03]

Residual before update:
[ 6.51974327e-04 -3.26871372e-16  1.55363138e-03 ...  2.71164632e-04
  3.23322325e-03  1.03441597e-03]

Residual before update:
[ 6.51975457e-04 -4.90358980e-16  1.55314084e-03 ...  2.71170079e-04
  3.23322695e-03  1.03442731e-03]

Residual before update:
[ 6.51976569e-04 -6.53905745e-16  1.55265083e-03 ...  2.71175481e-04
  3.23323061e-03  1.03443858e-03]

Residual before update:
[ 6.51977663e-04 -8.17439846e-16  1.55216135e-03 ...  2.71180846e-04
  3.23323425e-03  1.03444976e-03]

Residual before update:
[ 6.51978755e-04 -9.81686827e-16  1.55167241e-03 ...  2.71186175e-04
  3.23323785e-03  1.03446086e-03]

Residual before update:
[ 6.51979824e-04 -1.14459085e-15  1.55118400e-03 ...  2.71191453e-04
  3.23324142e-03  1.03447184e-03]

Residual before update:
[ 6.51980883e-04 -1.30824625e-15  1.55069611e-03 ...  2.71196695e-04
  3.23324496e-03  1.03448273e-03]

Residual before update:
[ 6.51981918e-04 -1.47149529e-15  1.55020876e-03 ...  2.71201912e-04
  3.23324846e-03  1.03449366e-03]

Residual before update:
[ 6.51981791e-04 -1.47199302e-15  1.55021354e-03 ...  2.71201566e-04
  3.23324819e-03  1.03449293e-03]

Residual before update:
[ 6.51981688e-04 -1.47287396e-15  1.55021655e-03 ...  2.71201270e-04
  3.23324795e-03  1.03449231e-03]

Residual before update:
[ 6.51981581e-04 -1.47308566e-15  1.55021904e-03 ...  2.71201013e-04
  3.23324774e-03  1.03449179e-03]

Residual before update:
[ 6.51981505e-04 -1.47356892e-15  1.55022099e-03 ...  2.71200808e-04
  3.23324757e-03  1.03449135e-03]

Residual before update:
[ 6.51981436e-04 -1.47408224e-15  1.55022240e-03 ...  2.71200634e-04
  3.23324742e-03  1.03449101e-03]

Residual before update:
[ 6.51981378e-04 -1.47446758e-15  1.55022330e-03 ...  2.71200510e-04
  3.23324732e-03  1.03449074e-03]

Residual before update:
[ 6.51981357e-04 -1.47587231e-15  1.55022366e-03 ...  2.71200429e-04
  3.23324725e-03  1.03449056e-03]

Residual before update:
[ 6.51981336e-04 -1.47521201e-15  1.55022350e-03 ...  2.71200368e-04
  3.23324721e-03  1.03449042e-03]

Residual before update:
[ 6.51981334e-04 -1.47561933e-15  1.55022280e-03 ...  2.71200350e-04
  3.23324720e-03  1.03449035e-03]

Residual before update:
[ 6.51981334e-04 -1.47558152e-15  1.55022159e-03 ...  2.71200384e-04
  3.23324720e-03  1.03449048e-03]

Residual before update:
[ 6.51981343e-04 -1.47581063e-15  1.55022161e-03 ...  2.71200403e-04
  3.23324722e-03  1.03449051e-03]

Residual before update:
[ 6.51981357e-04 -1.47649197e-15  1.55022039e-03 ...  2.71200423e-04
  3.23324724e-03  1.03449055e-03]

Residual before update:
[ 6.51981351e-04 -1.47655705e-15  1.55021919e-03 ...  2.71200437e-04
  3.23324725e-03  1.03449059e-03]

Residual before update:
[ 6.51981359e-04 -1.47694654e-15  1.55021798e-03 ...  2.71200457e-04
  3.23324726e-03  1.03449062e-03]

Residual before update:
[ 6.51981357e-04 -1.47741011e-15  1.55021677e-03 ...  2.71200465e-04
  3.23324726e-03  1.03449065e-03]

Residual before update:
[ 6.51981351e-04 -1.47778148e-15  1.55021558e-03 ...  2.71200481e-04
  3.23324727e-03  1.03449068e-03]

Residual before update:
[ 6.51981366e-04 -1.47920479e-15  1.55021438e-03 ...  2.71200500e-04
  3.23324729e-03  1.03449071e-03]

Residual before update:
[ 6.51981368e-04 -1.47858183e-15  1.55021318e-03 ...  2.71200500e-04
  3.23324730e-03  1.03449069e-03]

Residual before update:
[ 6.51981373e-04 -1.47904708e-15  1.55021198e-03 ...  2.71200505e-04
  3.23324730e-03  1.03449067e-03]

Residual before update:
[ 6.51981368e-04 -1.47907771e-15  1.55021078e-03 ...  2.71200525e-04
  3.23324729e-03  1.03449077e-03]

Residual before update:
[ 6.51981372e-04 -1.47935928e-15  1.55021082e-03 ...  2.71200532e-04
  3.23324731e-03  1.03449078e-03]

Residual before update:
[ 6.51981383e-04 -1.48008315e-15  1.55020961e-03 ...  2.71200545e-04
  3.23324732e-03  1.03449080e-03]

Residual before update:
[ 6.51981375e-04 -1.48017597e-15  1.55020841e-03 ...  2.71200553e-04
  3.23324732e-03  1.03449083e-03]

Residual before update:
[ 6.51981381e-04 -1.48058594e-15  1.55020721e-03 ...  2.71200569e-04
  3.23324734e-03  1.03449085e-03]

Residual before update:
[ 6.51981377e-04 -1.48106320e-15  1.55020600e-03 ...  2.71200574e-04
  3.23324733e-03  1.03449088e-03]

Residual before update:
[ 6.51981371e-04 -1.48144166e-15  1.55020480e-03 ...  2.71200589e-04
  3.23324735e-03  1.03449090e-03]

Residual before update:
[ 6.51981386e-04 -1.48287049e-15  1.55020360e-03 ...  2.71200608e-04
  3.23324736e-03  1.03449093e-03]

Residual before update:
[ 6.51981388e-04 -1.48224564e-15  1.55020240e-03 ...  2.71200608e-04
  3.23324737e-03  1.03449092e-03]

Residual before update:
[ 6.51981394e-04 -1.48271108e-15  1.55020119e-03 ...  2.71200613e-04
  3.23324738e-03  1.03449090e-03]

Residual before update:
[ 6.51981388e-04 -1.48274137e-15  1.55019998e-03 ...  2.71200634e-04
  3.23324737e-03  1.03449100e-03]

Residual before update:
[ 6.51981393e-04 -1.48302228e-15  1.55020003e-03 ...  2.71200642e-04
  3.23324738e-03  1.03449101e-03]

Residual before update:
[ 6.51981404e-04 -1.48374922e-15  1.55019880e-03 ...  2.71200654e-04
  3.23324739e-03  1.03449102e-03]

Residual before update:
[ 6.51981395e-04 -1.48384182e-15  1.55019761e-03 ...  2.71200662e-04
  3.23324739e-03  1.03449106e-03]

Residual before update:
[ 6.51981401e-04 -1.48425381e-15  1.55019640e-03 ...  2.71200678e-04
  3.23324741e-03  1.03449108e-03]

Residual before update:
[ 6.51981398e-04 -1.48473389e-15  1.55019517e-03 ...  2.71200684e-04
  3.23324741e-03  1.03449110e-03]

Residual before update:
[ 6.51981391e-04 -1.48511433e-15  1.55019397e-03 ...  2.71200699e-04
  3.23324742e-03  1.03449113e-03]

Residual before update:
[ 6.51981407e-04 -1.48654760e-15  1.55019277e-03 ...  2.71200717e-04
  3.23324743e-03  1.03449116e-03]

Residual before update:
[ 6.51981408e-04 -1.48592212e-15  1.55019156e-03 ...  2.71200718e-04
  3.23324744e-03  1.03449115e-03]

Residual before update:
[ 6.51981414e-04 -1.48638987e-15  1.55019034e-03 ...  2.71200723e-04
  3.23324745e-03  1.03449112e-03]

Residual before update:
[ 6.51981409e-04 -1.48642126e-15  1.55018913e-03 ...  2.71200743e-04
  3.23324744e-03  1.03449123e-03]
Compute pips
NaNs found in variant PIPs at indices: [ 241 1057 1079 ... 7764 7767 7768]
###############################
TGFM
###############################
Initialize variables
Warning: 445 variants have NaN gwas_beta. Setting to 0 with large SE.
Iterative optimization

Residual before update:
[ 0.00065197  0.          0.00155461 ... -0.00159482  0.00231788
 -0.00118769]

Residual before update:
[ 6.51972728e-04 -1.10787227e-16  1.55428419e-03 ... -1.59481742e-03
  2.31788228e-03 -1.18768577e-03]

Residual before update:
[ 6.51973427e-04 -2.21609495e-16  1.55395457e-03 ... -1.59481525e-03
  2.31788179e-03 -1.18768503e-03]

Residual before update:
[ 6.51974119e-04 -3.32425410e-16  1.55362518e-03 ... -1.59481309e-03
  2.31788129e-03 -1.18768429e-03]

Residual before update:
[ 6.51974804e-04 -4.43259343e-16  1.55329603e-03 ... -1.59481094e-03
  2.31788079e-03 -1.18768356e-03]

Residual before update:
[ 6.51975482e-04 -5.54095873e-16  1.55296713e-03 ... -1.59480881e-03
  2.31788029e-03 -1.18768284e-03]

Residual before update:
[ 6.51976153e-04 -6.64937722e-16  1.55263847e-03 ... -1.59480668e-03
  2.31787979e-03 -1.18768211e-03]

Residual before update:
[ 6.51976818e-04 -7.75838656e-16  1.55231004e-03 ... -1.59480457e-03
  2.31787928e-03 -1.18768140e-03]

Residual before update:
[ 6.51977476e-04 -8.86705072e-16  1.55198186e-03 ... -1.59480247e-03
  2.31787878e-03 -1.18768069e-03]

Residual before update:
[ 6.51978129e-04 -9.97546536e-16  1.55165392e-03 ... -1.59480037e-03
  2.31787827e-03 -1.18767998e-03]

Residual before update:
[ 6.51978069e-04 -9.97672608e-16  1.55165608e-03 ... -1.59480047e-03
  2.31787825e-03 -1.18768002e-03]

Residual before update:
[ 6.51978018e-04 -9.97960115e-16  1.55165726e-03 ... -1.59480056e-03
  2.31787823e-03 -1.18768006e-03]

Residual before update:
[ 6.51977974e-04 -9.98363878e-16  1.55165819e-03 ... -1.59480063e-03
  2.31787821e-03 -1.18768009e-03]

Residual before update:
[ 6.51977937e-04 -9.98629907e-16  1.55165888e-03 ... -1.59480069e-03
  2.31787820e-03 -1.18768012e-03]

Residual before update:
[ 6.51977907e-04 -9.98908208e-16  1.55165933e-03 ... -1.59480073e-03
  2.31787819e-03 -1.18768014e-03]

Residual before update:
[ 6.51977884e-04 -9.99157915e-16  1.55165954e-03 ... -1.59480077e-03
  2.31787818e-03 -1.18768016e-03]

Residual before update:
[ 6.51977868e-04 -9.99394078e-16  1.55165951e-03 ... -1.59480079e-03
  2.31787817e-03 -1.18768017e-03]

Residual before update:
[ 6.51977858e-04 -9.99689743e-16  1.55165924e-03 ... -1.59480081e-03
  2.31787817e-03 -1.18768018e-03]

Residual before update:
[ 6.51977855e-04 -9.99914989e-16  1.55165873e-03 ... -1.59480081e-03
  2.31787817e-03 -1.18768018e-03]

Residual before update:
[ 6.51977858e-04 -1.00010321e-15  1.55165799e-03 ... -1.59480080e-03
  2.31787817e-03 -1.18768017e-03]

Residual before update:
[ 6.51977860e-04 -1.00011273e-15  1.55165800e-03 ... -1.59480080e-03
  2.31787817e-03 -1.18768017e-03]

Residual before update:
[ 6.51977862e-04 -1.00030894e-15  1.55165725e-03 ... -1.59480079e-03
  2.31787816e-03 -1.18768017e-03]

Residual before update:
[ 6.51977864e-04 -1.00064388e-15  1.55165651e-03 ... -1.59480079e-03
  2.31787816e-03 -1.18768017e-03]

Residual before update:
[ 6.51977866e-04 -1.00085887e-15  1.55165576e-03 ... -1.59480078e-03
  2.31787816e-03 -1.18768017e-03]

Residual before update:
[ 6.51977868e-04 -1.00110393e-15  1.55165502e-03 ... -1.59480078e-03
  2.31787816e-03 -1.18768016e-03]

Residual before update:
[ 6.51977870e-04 -1.00133524e-15  1.55165428e-03 ... -1.59480077e-03
  2.31787816e-03 -1.18768016e-03]

Residual before update:
[ 6.51977871e-04 -1.00156656e-15  1.55165354e-03 ... -1.59480077e-03
  2.31787816e-03 -1.18768016e-03]

Residual before update:
[ 6.51977872e-04 -1.00186902e-15  1.55165279e-03 ... -1.59480076e-03
  2.31787816e-03 -1.18768016e-03]

Residual before update:
[ 6.51977873e-04 -1.00210957e-15  1.55165205e-03 ... -1.59480076e-03
  2.31787816e-03 -1.18768016e-03]

Residual before update:
[ 6.51977875e-04 -1.00232056e-15  1.55165131e-03 ... -1.59480076e-03
  2.31787816e-03 -1.18768016e-03]

Residual before update:
[ 6.51977875e-04 -1.00234657e-15  1.55165133e-03 ... -1.59480076e-03
  2.31787816e-03 -1.18768016e-03]

Residual before update:
[ 6.51977876e-04 -1.00255671e-15  1.55165058e-03 ... -1.59480075e-03
  2.31787815e-03 -1.18768016e-03]

Residual before update:
[ 6.51977877e-04 -1.00290300e-15  1.55164984e-03 ... -1.59480075e-03
  2.31787815e-03 -1.18768015e-03]

Residual before update:
[ 6.51977879e-04 -1.00312481e-15  1.55164909e-03 ... -1.59480074e-03
  2.31787815e-03 -1.18768015e-03]

Residual before update:
[ 6.51977880e-04 -1.00337483e-15  1.55164835e-03 ... -1.59480074e-03
  2.31787815e-03 -1.18768015e-03]

Residual before update:
[ 6.51977882e-04 -1.00360895e-15  1.55164760e-03 ... -1.59480073e-03
  2.31787815e-03 -1.18768015e-03]

Residual before update:
[ 6.51977883e-04 -1.00384214e-15  1.55164686e-03 ... -1.59480073e-03
  2.31787815e-03 -1.18768015e-03]

Residual before update:
[ 6.51977884e-04 -1.00414616e-15  1.55164611e-03 ... -1.59480072e-03
  2.31787815e-03 -1.18768015e-03]

Residual before update:
[ 6.51977885e-04 -1.00438724e-15  1.55164537e-03 ... -1.59480072e-03
  2.31787815e-03 -1.18768015e-03]

Residual before update:
[ 6.51977887e-04 -1.00459909e-15  1.55164462e-03 ... -1.59480071e-03
  2.31787814e-03 -1.18768014e-03]

Residual before update:
[ 6.51977887e-04 -1.00462445e-15  1.55164464e-03 ... -1.59480071e-03
  2.31787814e-03 -1.18768014e-03]

Residual before update:
[ 6.51977888e-04 -1.00483560e-15  1.55164389e-03 ... -1.59480071e-03
  2.31787814e-03 -1.18768014e-03]

Residual before update:
[ 6.51977890e-04 -1.00518392e-15  1.55164314e-03 ... -1.59480071e-03
  2.31787814e-03 -1.18768014e-03]

Residual before update:
[ 6.51977891e-04 -1.00540623e-15  1.55164239e-03 ... -1.59480070e-03
  2.31787814e-03 -1.18768014e-03]

Residual before update:
[ 6.51977892e-04 -1.00565732e-15  1.55164165e-03 ... -1.59480070e-03
  2.31787814e-03 -1.18768014e-03]

Residual before update:
[ 6.51977894e-04 -1.00589222e-15  1.55164090e-03 ... -1.59480069e-03
  2.31787814e-03 -1.18768014e-03]

Residual before update:
[ 6.51977895e-04 -1.00612661e-15  1.55164015e-03 ... -1.59480069e-03
  2.31787814e-03 -1.18768013e-03]

Residual before update:
[ 6.51977897e-04 -1.00643232e-15  1.55163940e-03 ... -1.59480068e-03
  2.31787814e-03 -1.18768013e-03]

Residual before update:
[ 6.51977897e-04 -1.00667442e-15  1.55163865e-03 ... -1.59480068e-03
  2.31787813e-03 -1.18768013e-03]

Residual before update:
[ 6.51977899e-04 -1.00688747e-15  1.55163791e-03 ... -1.59480067e-03
  2.31787813e-03 -1.18768013e-03]
Compute pips
###############################
TGFM
###############################
Initialize variables
Warning: 517 variants have NaN gwas_beta. Setting to 0 with large SE.
Iterative optimization

Residual before update:
[-0.0031278   0.00170346  0.0030527  ... -0.00437235 -0.00033808
 -0.00127196]

Residual before update:
[-0.00312767  0.00170347  0.00305274 ... -0.00437235 -0.00033807
 -0.00127195]

Residual before update:
[-0.00312755  0.00170348  0.00305279 ... -0.00437235 -0.00033807
 -0.00127195]

Residual before update:
[-0.00312743  0.00170349  0.00305283 ... -0.00437235 -0.00033807
 -0.00127195]

Residual before update:
[-0.00312777  0.00170242  0.00305021 ... -0.00437199 -0.00033808
 -0.00127098]

Residual before update:
[-0.00312719  0.00170352  0.00305292 ... -0.00437235 -0.00033806
 -0.00127194]

Residual before update:
[-0.00312706  0.00170353  0.00305296 ... -0.00437234 -0.00033806
 -0.00127194]

Residual before update:
[-0.00312694  0.00170354  0.00305301 ... -0.00437234 -0.00033806
 -0.00127194]

Residual before update:
[-0.00312682  0.00170355  0.00305305 ... -0.00437234 -0.00033806
 -0.00127193]

Residual before update:
[-0.00312671  0.00170356  0.0030531  ... -0.00437234 -0.00033805
 -0.00127193]

Residual before update:
[-0.00312671  0.00170356  0.0030531  ... -0.00437234 -0.00033805
 -0.00127193]

Residual before update:
[-0.00312671  0.00170356  0.0030531  ... -0.00437234 -0.00033805
 -0.00127193]

Residual before update:
[-0.00312672  0.00170355  0.0030531  ... -0.00437234 -0.00033805
 -0.00127193]

Residual before update:
[-0.00312672  0.00170355  0.0030531  ... -0.00437234 -0.00033805
 -0.00127193]

Residual before update:
[-5.08101977e+17 -2.48371611e+18 -6.20767742e+18 ...  1.48286623e+18
  6.91713372e+17  3.85045416e+18]

Residual before update:
[-0.00312673  0.00170355  0.00305309 ... -0.00437234 -0.00033805
 -0.00127193]

Residual before update:
[-0.00312673  0.00170355  0.00305309 ... -0.00437234 -0.00033805
 -0.00127193]

Residual before update:
[-0.00312673  0.00170355  0.00305309 ... -0.00437234 -0.00033805
 -0.00127193]

Residual before update:
[-0.00312673  0.00170355  0.00305309 ... -0.00437234 -0.00033805
 -0.00127193]

Residual before update:
[-0.00312673  0.00170355  0.00305309 ... -0.00437234 -0.00033805
 -0.00127193]

Residual before update:
[-0.00312673  0.00170355  0.00305309 ... -0.00437234 -0.00033805
 -0.00127193]

Residual before update:
[-0.00312673  0.00170355  0.00305309 ... -0.00437234 -0.00033805
 -0.00127193]

Residual before update:
[-0.00312673  0.00170355  0.00305309 ... -0.00437234 -0.00033805
 -0.00127193]

Residual before update:
[-0.00312673  0.00170355  0.0030531  ... -0.00437234 -0.00033805
 -0.00127193]

Residual before update:
[-5.72766792e+43 -2.79967501e+44 -6.99615220e+44 ...  1.66772298e+44
  7.75533945e+43  4.33106898e+44]

Residual before update:
[-0.00312673  0.00170355  0.0030531  ... -0.00437234 -0.00033805
 -0.00127193]

Residual before update:
[-0.00312673  0.00170355  0.0030531  ... -0.00437234 -0.00033805
 -0.00127193]

Residual before update:
[-0.00312673  0.00170355  0.0030531  ... -0.00437234 -0.00033805
 -0.00127193]

Residual before update:
[-0.00312672  0.00170355  0.0030531  ... -0.00437234 -0.00033805
 -0.00127193]

Residual before update:
[-0.00312672  0.00170355  0.0030531  ... -0.00437234 -0.00033805
 -0.00127193]

Residual before update:
[-0.00312672  0.00170355  0.0030531  ... -0.00437234 -0.00033805
 -0.00127193]

Residual before update:
[-0.00312672  0.00170355  0.0030531  ... -0.00437234 -0.00033805
 -0.00127193]

Residual before update:
[-0.00312672  0.00170355  0.0030531  ... -0.00437234 -0.00033805
 -0.00127193]

Residual before update:
[-0.00312672  0.00170355  0.0030531  ... -0.00437234 -0.00033805
 -0.00127193]

Residual before update:
[-6.45220318e+69 -3.15382670e+70 -7.88114746e+70 ...  1.87868565e+70
  8.73636994e+69  4.87893807e+70]

Residual before update:
[-0.00312672  0.00170355  0.0030531  ... -0.00437234 -0.00033805
 -0.00127193]

Residual before update:
[-0.00312672  0.00170355  0.0030531  ... -0.00437234 -0.00033805
 -0.00127193]

Residual before update:
[-0.00312672  0.00170355  0.0030531  ... -0.00437234 -0.00033805
 -0.00127193]

Residual before update:
[-0.00312672  0.00170355  0.0030531  ... -0.00437234 -0.00033805
 -0.00127193]

Residual before update:
[-0.00312672  0.00170355  0.0030531  ... -0.00437234 -0.00033805
 -0.00127193]

Residual before update:
[-0.00312672  0.00170355  0.0030531  ... -0.00437234 -0.00033805
 -0.00127193]

Residual before update:
[-0.00312672  0.00170355  0.0030531  ... -0.00437234 -0.00033805
 -0.00127193]

Residual before update:
[-0.00312672  0.00170355  0.0030531  ... -0.00437234 -0.00033805
 -0.00127193]

Residual before update:
[-0.00312672  0.00170355  0.0030531  ... -0.00437234 -0.00033805
 -0.00127193]

Residual before update:
[-7.26839029e+95 -3.55277766e+96 -8.87809234e+96 ...  2.11633455e+96
  9.84149826e+95  5.49611119e+96]

Residual before update:
[-0.00312672  0.00170355  0.0030531  ... -0.00437234 -0.00033805
 -0.00127193]

Residual before update:
[-0.00312672  0.00170355  0.0030531  ... -0.00437234 -0.00033805
 -0.00127193]

Residual before update:
[-0.00312672  0.00170355  0.0030531  ... -0.00437234 -0.00033805
 -0.00127193]

Residual before update:
[-0.00312672  0.00170355  0.0030531  ... -0.00437234 -0.00033805
 -0.00127193]

Residual before update:
[-0.00312672  0.00170355  0.0030531  ... -0.00437234 -0.00033805
 -0.00127193]
Compute pips
###############################
TGFM
###############################
Initialize variables
Warning: 427 variants have NaN gwas_beta. Setting to 0 with large SE.
Iterative optimization

Residual before update:
[-0.00035353 -0.00328358  0.00226064 ... -0.00127397  0.00745158
 -0.00231091]

Residual before update:
[-0.00035351 -0.00328356  0.00226067 ... -0.00127397  0.00745157
 -0.00231091]

Residual before update:
[-0.0003535  -0.00328354  0.00226071 ... -0.00127398  0.00745157
 -0.00231092]

Residual before update:
[-0.00035349 -0.00328352  0.00226074 ... -0.00127398  0.00745156
 -0.00231092]

Residual before update:
[-0.00035347 -0.00328351  0.00226078 ... -0.00127399  0.00745156
 -0.00231092]

Residual before update:
[-0.00035346 -0.00328349  0.00226081 ... -0.00127399  0.00745155
 -0.00231092]

Residual before update:
[-0.00035345 -0.00328347  0.00226085 ... -0.00127399  0.00745154
 -0.00231092]

Residual before update:
[-0.00035343 -0.00328345  0.00226088 ... -0.001274    0.00745154
 -0.00231092]

Residual before update:
[-0.00035342 -0.00328343  0.00226092 ... -0.001274    0.00745153
 -0.00231092]

Residual before update:
[-0.00035341 -0.00328342  0.00226095 ... -0.001274    0.00745153
 -0.00231092]

Residual before update:
[-0.00035341 -0.00328342  0.00226095 ... -0.001274    0.00745153
 -0.00231092]

Residual before update:
[-0.00035341 -0.00328342  0.00226095 ... -0.001274    0.00745153
 -0.00231092]

Residual before update:
[-0.00035341 -0.00328342  0.00226095 ... -0.001274    0.00745153
 -0.00231092]

Residual before update:
[-0.00035341 -0.00328342  0.00226095 ... -0.001274    0.00745153
 -0.00231092]

Residual before update:
[-0.00035341 -0.00328342  0.00226095 ... -0.001274    0.00745153
 -0.00231092]

Residual before update:
[-0.00035341 -0.00328342  0.00226095 ... -0.001274    0.00745153
 -0.00231092]

Residual before update:
[-0.00035341 -0.00328342  0.00226095 ... -0.001274    0.00745153
 -0.00231092]

Residual before update:
[-0.00035341 -0.00328342  0.00226095 ... -0.001274    0.00745153
 -0.00231092]

Residual before update:
[-0.00035341 -0.00328342  0.00226095 ... -0.001274    0.00745153
 -0.00231092]

Residual before update:
[-0.00035341 -0.00328342  0.00226095 ... -0.001274    0.00745153
 -0.00231092]

Residual before update:
[-0.00035341 -0.00328342  0.00226095 ... -0.001274    0.00745153
 -0.00231092]

Residual before update:
[-0.00035341 -0.00328342  0.00226095 ... -0.001274    0.00745153
 -0.00231092]

Residual before update:
[-0.00035341 -0.00328342  0.00226095 ... -0.001274    0.00745153
 -0.00231092]

Residual before update:
[-0.00035341 -0.00328342  0.00226095 ... -0.001274    0.00745153
 -0.00231092]

Residual before update:
[-0.00035341 -0.00328342  0.00226095 ... -0.001274    0.00745153
 -0.00231092]

Residual before update:
[-0.00035341 -0.00328342  0.00226095 ... -0.001274    0.00745153
 -0.00231092]

Residual before update:
[-0.00035341 -0.00328342  0.00226095 ... -0.001274    0.00745153
 -0.00231092]

Residual before update:
[-0.00035341 -0.00328342  0.00226095 ... -0.001274    0.00745153
 -0.00231092]

Residual before update:
[-0.00035341 -0.00328342  0.00226095 ... -0.001274    0.00745153
 -0.00231092]

Residual before update:
[-0.00035341 -0.00328342  0.00226095 ... -0.001274    0.00745153
 -0.00231092]

Residual before update:
[-0.00035341 -0.00328342  0.00226095 ... -0.001274    0.00745153
 -0.00231092]

Residual before update:
[-0.00035341 -0.00328342  0.00226095 ... -0.001274    0.00745153
 -0.00231092]

Residual before update:
[-0.00035341 -0.00328342  0.00226095 ... -0.001274    0.00745153
 -0.00231092]

Residual before update:
[-0.00035341 -0.00328342  0.00226095 ... -0.001274    0.00745153
 -0.00231092]

Residual before update:
[-0.00035341 -0.00328341  0.00226095 ... -0.001274    0.00745153
 -0.00231092]

Residual before update:
[-0.00035341 -0.00328342  0.00226095 ... -0.001274    0.00745153
 -0.00231092]

Residual before update:
[-0.00035341 -0.00328341  0.00226095 ... -0.001274    0.00745153
 -0.00231092]

Residual before update:
[-0.00035341 -0.00328341  0.00226095 ... -0.001274    0.00745153
 -0.00231092]

Residual before update:
[-0.00035341 -0.00328341  0.00226095 ... -0.001274    0.00745153
 -0.00231092]

Residual before update:
[-0.00035341 -0.00328341  0.00226095 ... -0.001274    0.00745153
 -0.00231092]

Residual before update:
[-0.00035341 -0.00328341  0.00226095 ... -0.001274    0.00745153
 -0.00231092]

Residual before update:
[-0.00035341 -0.00328341  0.00226095 ... -0.001274    0.00745153
 -0.00231092]

Residual before update:
[-0.00035341 -0.00328341  0.00226095 ... -0.001274    0.00745153
 -0.00231092]

Residual before update:
[-0.00035341 -0.00328341  0.00226095 ... -0.001274    0.00745153
 -0.00231092]

Residual before update:
[-0.00035341 -0.00328341  0.00226095 ... -0.001274    0.00745153
 -0.00231092]

Residual before update:
[-0.00035341 -0.00328341  0.00226095 ... -0.001274    0.00745153
 -0.00231092]

Residual before update:
[-0.00035341 -0.00328341  0.00226095 ... -0.001274    0.00745153
 -0.00231092]

Residual before update:
[-0.00035341 -0.00328341  0.00226095 ... -0.001274    0.00745153
 -0.00231092]

Residual before update:
[-0.00035341 -0.00328341  0.00226095 ... -0.001274    0.00745153
 -0.00231092]

Residual before update:
[-0.00035341 -0.00328341  0.00226095 ... -0.001274    0.00745153
 -0.00231092]
Compute pips
###############################
TGFM
###############################
Initialize variables
Warning: 287 variants have NaN gwas_beta. Setting to 0 with large SE.
Iterative optimization

Residual before update:
[-0.01066331 -0.00492618 -0.00466384 ...  0.00123919  0.00221859
  0.00109869]

Residual before update:
[-0.01066329 -0.00492618 -0.00466384 ...  0.00123914  0.0022186
  0.00109865]

Residual before update:
[-0.01066326 -0.00492618 -0.00466384 ...  0.00123909  0.0022186
  0.00109861]

Residual before update:
[-0.01066324 -0.00492617 -0.00466384 ...  0.00123905  0.00221861
  0.00109856]

Residual before update:
[-0.01066322 -0.00492617 -0.00466384 ...  0.001239    0.00221861
  0.00109852]

Residual before update:
[-0.01066319 -0.00492616 -0.00466384 ...  0.00123896  0.00221861
  0.00109847]

Residual before update:
[-0.01066317 -0.00492616 -0.00466384 ...  0.00123891  0.00221862
  0.00109843]

Residual before update:
[-0.01066314 -0.00492616 -0.00466384 ...  0.00123887  0.00221862
  0.00109838]

Residual before update:
[-0.01066254 -0.00492417 -0.0046621  ...  0.00123893  0.00221882
  0.00109842]

Residual before update:
[-0.0106631  -0.00492615 -0.00466383 ...  0.00123877  0.00221863
  0.00109829]

Residual before update:
[-0.0106631  -0.00492616 -0.00466384 ...  0.00123877  0.00221862
  0.00109829]

Residual before update:
[-0.0106631  -0.00492616 -0.00466383 ...  0.00123877  0.00221862
  0.00109829]

Residual before update:
[-0.0106631  -0.00492616 -0.00466384 ...  0.00123877  0.00221862
  0.00109829]

Residual before update:
[-0.0106631  -0.00492616 -0.00466384 ...  0.00123877  0.00221862
  0.00109828]

Residual before update:
[-0.0106631  -0.00492616 -0.00466384 ...  0.00123877  0.00221862
  0.00109828]

Residual before update:
[-0.0106631  -0.00492616 -0.00466384 ...  0.00123877  0.00221862
  0.00109828]

Residual before update:
[-0.0106631  -0.00492616 -0.00466384 ...  0.00123877  0.00221862
  0.00109828]

Residual before update:
[-0.0106631  -0.00492616 -0.00466384 ...  0.00123877  0.00221862
  0.00109828]

Residual before update:
[-0.01066145 -0.00492052 -0.00465891 ...  0.00123906  0.00221918
  0.00109852]

Residual before update:
[-0.0106631  -0.00492616 -0.00466384 ...  0.00123877  0.00221862
  0.00109828]

Residual before update:
[-0.0106631  -0.00492616 -0.00466384 ...  0.00123877  0.00221862
  0.00109828]

Residual before update:
[-0.0106631  -0.00492616 -0.00466383 ...  0.00123877  0.00221862
  0.00109829]

Residual before update:
[-0.0106631  -0.00492616 -0.00466384 ...  0.00123877  0.00221862
  0.00109828]

Residual before update:
[-0.0106631  -0.00492616 -0.00466384 ...  0.00123877  0.00221862
  0.00109828]

Residual before update:
[-0.0106631  -0.00492616 -0.00466384 ...  0.00123877  0.00221862
  0.00109828]

Residual before update:
[-0.0106631  -0.00492616 -0.00466384 ...  0.00123877  0.00221862
  0.00109828]

Residual before update:
[-0.0106631  -0.00492616 -0.00466384 ...  0.00123877  0.00221862
  0.00109828]

Residual before update:
[-0.0106631  -0.00492616 -0.00466384 ...  0.00123877  0.00221862
  0.00109828]

Residual before update:
[-0.01066153 -0.0049207  -0.00465907 ...  0.00123905  0.00221916
  0.00109851]

Residual before update:
[-0.0106631  -0.00492616 -0.00466384 ...  0.00123877  0.00221862
  0.00109828]

Residual before update:
[-0.0106631  -0.00492616 -0.00466384 ...  0.00123877  0.00221862
  0.00109828]

Residual before update:
[-0.01066309 -0.00492616 -0.00466383 ...  0.00123877  0.00221862
  0.00109828]

Residual before update:
[-0.0106631  -0.00492616 -0.00466384 ...  0.00123877  0.00221862
  0.00109828]

Residual before update:
[-0.0106631  -0.00492616 -0.00466384 ...  0.00123877  0.00221862
  0.00109828]

Residual before update:
[-0.0106631  -0.00492616 -0.00466384 ...  0.00123877  0.00221862
  0.00109828]

Residual before update:
[-0.0106631  -0.00492616 -0.00466384 ...  0.00123877  0.00221862
  0.00109828]

Residual before update:
[-0.0106631  -0.00492616 -0.00466384 ...  0.00123877  0.00221862
  0.00109828]

Residual before update:
[-0.0106631  -0.00492616 -0.00466384 ...  0.00123877  0.00221862
  0.00109828]

Residual before update:
[-0.01066153 -0.00492071 -0.00465908 ...  0.00123905  0.00221916
  0.00109851]

Residual before update:
[-0.0106631  -0.00492616 -0.00466384 ...  0.00123877  0.00221862
  0.00109828]

Residual before update:
[-0.0106631  -0.00492616 -0.00466384 ...  0.00123877  0.00221862
  0.00109828]

Residual before update:
[-0.01066309 -0.00492616 -0.00466383 ...  0.00123877  0.00221862
  0.00109828]

Residual before update:
[-0.0106631  -0.00492616 -0.00466384 ...  0.00123877  0.00221862
  0.00109828]

Residual before update:
[-0.0106631  -0.00492616 -0.00466384 ...  0.00123877  0.00221862
  0.00109828]

Residual before update:
[-0.0106631  -0.00492616 -0.00466384 ...  0.00123877  0.00221862
  0.00109828]

Residual before update:
[-0.0106631  -0.00492616 -0.00466384 ...  0.00123877  0.00221862
  0.00109828]

Residual before update:
[-0.0106631  -0.00492616 -0.00466384 ...  0.00123877  0.00221862
  0.00109828]

Residual before update:
[-0.0106631  -0.00492616 -0.00466384 ...  0.00123877  0.00221862
  0.00109828]

Residual before update:
[-0.01066154 -0.00492073 -0.0046591  ...  0.00123905  0.00221915
  0.0010985 ]

Residual before update:
[-0.0106631  -0.00492616 -0.00466384 ...  0.00123877  0.00221862
  0.00109828]
Compute pips
###############################
TGFM
###############################
Initialize variables
Warning: 397 variants have NaN gwas_beta. Setting to 0 with large SE.
Iterative optimization

Residual before update:
[-0.00252151 -0.00241172 -0.00249242 ... -0.00461465  0.00240091
  0.00194565]

Residual before update:
[-0.00252143 -0.0024117  -0.00249234 ... -0.00461464  0.00240091
  0.00194565]

Residual before update:
[-0.00252135 -0.00241168 -0.00249226 ... -0.00461463  0.00240091
  0.00194565]

Residual before update:
[-0.00254378 -0.00257709 -0.00251445 ... -0.00490308  0.00206161
  0.00103484]

Residual before update:
[-0.0025212  -0.00241165 -0.00249211 ... -0.00461462  0.00240091
  0.00194565]

Residual before update:
[-0.00252112 -0.00241163 -0.00249203 ... -0.00461461  0.0024009
  0.00194565]

Residual before update:
[-0.00252104 -0.00241161 -0.00249195 ... -0.0046146   0.0024009
  0.00194565]

Residual before update:
[-0.0025179  -0.0024564  -0.00248655 ... -0.00470026  0.00256292
  0.00142448]

Residual before update:
[-0.00253943 -0.00242041 -0.00250879 ... -0.00462199  0.00238237
  0.00193189]

Residual before update:
[-0.00252081 -0.00241155 -0.00249172 ... -0.00461458  0.0024009
  0.00194564]

Residual before update:
[-0.00252081 -0.00241156 -0.00249172 ... -0.00461458  0.0024009
  0.00194564]

Residual before update:
[-0.00252081 -0.00241156 -0.00249172 ... -0.00461458  0.0024009
  0.00194564]

Residual before update:
[-0.00252081 -0.00241156 -0.00249172 ... -0.00461459  0.0024009
  0.00194564]

Residual before update:
[-0.00252216 -0.00260369 -0.00249366 ... -0.00497615  0.00221353
  0.00114606]

Residual before update:
[-0.00252081 -0.00241156 -0.00249172 ... -0.00461459  0.0024009
  0.00194564]

Residual before update:
[-0.00252081 -0.00241156 -0.00249172 ... -0.00461459  0.00240089
  0.00194564]

Residual before update:
[-0.00252081 -0.00241156 -0.00249172 ... -0.00461459  0.0024009
  0.00194564]

Residual before update:
[ -58.58301633   63.42597666  -63.6177496  ...   -5.65424217 -878.06574448
 -428.47209585]

Residual before update:
[-0.00249497 -0.00195758 -0.00247092 ... -0.0041357   0.00244365
  0.0031535 ]

Residual before update:
[-0.00252081 -0.00241156 -0.00249172 ... -0.00461459  0.00240089
  0.00194564]

Residual before update:
[-0.00252081 -0.00241156 -0.00249172 ... -0.00461459  0.00240089
  0.00194564]

Residual before update:
[-0.00252081 -0.00241156 -0.00249172 ... -0.00461459  0.00240089
  0.00194564]

Residual before update:
[-0.00252081 -0.00241156 -0.00249172 ... -0.00461459  0.0024009
  0.00194564]

Residual before update:
[-0.00252166 -0.00260333 -0.00249311 ... -0.0049893   0.00223939
  0.00109432]

Residual before update:
[-0.00252081 -0.00241156 -0.00249172 ... -0.00461459  0.00240089
  0.00194564]

Residual before update:
[-0.00252081 -0.00241156 -0.00249172 ... -0.00461459  0.00240089
  0.00194564]

Residual before update:
[-0.00252081 -0.00241156 -0.00249172 ... -0.00461459  0.0024009
  0.00194564]

Residual before update:
[ 1.18661757e+08 -5.03305392e+08  1.27545000e+08 ... -7.63094213e+08
  1.84478171e+09 -1.14707549e+09]

Residual before update:
[-0.00249499 -0.00195762 -0.00247093 ... -0.00413563  0.00244367
  0.00315368]

Residual before update:
[-0.00252081 -0.00241156 -0.00249172 ... -0.00461459  0.00240089
  0.00194564]

Residual before update:
[-0.00252081 -0.00241156 -0.00249172 ... -0.00461459  0.00240089
  0.00194564]

Residual before update:
[-0.00252081 -0.00241156 -0.00249172 ... -0.00461459  0.00240089
  0.00194564]

Residual before update:
[-0.00252081 -0.00241156 -0.00249172 ... -0.00461459  0.0024009
  0.00194564]

Residual before update:
[-0.00252175 -0.00260447 -0.00249321 ... -0.00499675  0.00224134
  0.00108076]

Residual before update:
[-0.00252081 -0.00241156 -0.00249172 ... -0.00461459  0.00240089
  0.00194564]

Residual before update:
[-0.00252081 -0.00241156 -0.00249172 ... -0.00461459  0.00240089
  0.00194564]

Residual before update:
[-0.00252081 -0.00241156 -0.00249172 ... -0.00461459  0.0024009
  0.00194564]

Residual before update:
[-2.82255781e+14  3.08079082e+14 -3.07222793e+14 ... -2.68883024e+13
 -5.43436267e+15 -2.06904884e+15]

Residual before update:
[-0.002495   -0.00195765 -0.00247094 ... -0.0041356   0.00244368
  0.00315376]

Residual before update:
[-0.00252081 -0.00241156 -0.00249172 ... -0.00461459  0.00240089
  0.00194564]

Residual before update:
[-0.00252081 -0.00241156 -0.00249172 ... -0.00461459  0.00240089
  0.00194564]

Residual before update:
[-0.00252081 -0.00241156 -0.00249172 ... -0.00461459  0.00240089
  0.00194564]

Residual before update:
[-0.00252081 -0.00241156 -0.00249172 ... -0.00461459  0.0024009
  0.00194564]

Residual before update:
[-0.0025222  -0.00260499 -0.00249371 ... -0.00500303  0.00224225
  0.00107091]

Residual before update:
[-0.00252081 -0.00241156 -0.00249172 ... -0.00461459  0.00240089
  0.00194564]

Residual before update:
[-0.00252081 -0.00241156 -0.00249172 ... -0.00461459  0.00240089
  0.00194564]

Residual before update:
[-0.00252081 -0.00241156 -0.00249172 ... -0.00461459  0.00240089
  0.00194564]

Residual before update:
[ 5.74968689e+20 -2.33593413e+21  6.20091079e+20 ... -3.49386880e+21
  1.19516955e+22 -4.79372191e+21]

Residual before update:
[-0.002495   -0.00195767 -0.00247095 ... -0.00413559  0.00244368
  0.00315379]

Residual before update:
[-0.00252081 -0.00241156 -0.00249172 ... -0.00461459  0.00240089
  0.00194564]
Compute pips
###############################
TGFM
###############################
Initialize variables
Warning: 348 variants have NaN gwas_beta. Setting to 0 with large SE.
Iterative optimization

Residual before update:
[ 0.         -0.0067012   0.00855926 ...  0.00390815 -0.00209756
 -0.0072796 ]

Residual before update:
[ 1.09816313e-17 -6.70117244e-03  8.55925364e-03 ...  3.90814701e-03
 -2.09754398e-03 -7.27954617e-03]

Residual before update:
[ 2.21404108e-17 -6.70114000e-03  8.55924469e-03 ...  3.90814098e-03
 -2.09753077e-03 -7.27949126e-03]

Residual before update:
[ 3.33574338e-17 -6.70110756e-03  8.55923578e-03 ...  3.90813506e-03
 -2.09751755e-03 -7.27943650e-03]

Residual before update:
[-1.20990540e-16 -6.70201124e-03  8.55855533e-03 ...  3.90808286e-03
 -2.09794250e-03 -7.28002240e-03]

Residual before update:
[-1.05485937e-16 -6.70197989e-03  8.55860506e-03 ...  3.90807599e-03
 -2.09791610e-03 -7.27995658e-03]

Residual before update:
[-6.92222570e-16 -6.70022730e-03  8.55064273e-03 ...  3.90829368e-03
 -2.10127505e-03 -7.28104107e-03]

Residual before update:
[ 7.88082861e-17 -6.70097750e-03  8.55920020e-03 ...  3.90811213e-03
 -2.09746453e-03 -7.27921732e-03]

Residual before update:
[-2.46499698e-15 -6.69565733e-03  8.55948591e-03 ...  3.89869822e-03
 -2.10186010e-03 -7.27500380e-03]

Residual before update:
[-1.29742965e-15 -6.70735249e-03  8.55769541e-03 ...  3.90792533e-03
 -2.10117617e-03 -7.28173266e-03]

Residual before update:
[-3.91898320e-15 -6.71916519e-03  8.55622322e-03 ...  3.90768734e-03
 -2.10836132e-03 -7.28578537e-03]

Residual before update:
[ 9.90951143e-17 -6.70091202e-03  8.55918251e-03 ...  3.90810245e-03
 -2.09743767e-03 -7.27910811e-03]

Residual before update:
[ 9.99142987e-17 -6.70091173e-03  8.55918260e-03 ...  3.90810299e-03
 -2.09743755e-03 -7.27910735e-03]

Residual before update:
[ 1.00371092e-16 -6.70091156e-03  8.55918274e-03 ...  3.90810348e-03
 -2.09743747e-03 -7.27910752e-03]

Residual before update:
[ 6.50966217e-15 -6.67500331e-03  8.55725026e-03 ...  3.90702279e-03
 -2.08450524e-03 -7.25795924e-03]

Residual before update:
[ 4.22352207e-15 -6.68671127e-03  8.55693303e-03 ...  3.90679435e-03
 -2.09063878e-03 -7.26308538e-03]

Residual before update:
[ 7.45458310e-15 -6.66502080e-03  8.55987013e-03 ...  3.90914133e-03
 -2.07920843e-03 -7.26717532e-03]

Residual before update:
[ 1.01654049e-16 -6.70091102e-03  8.55918286e-03 ...  3.90810440e-03
 -2.09743723e-03 -7.27910728e-03]

Residual before update:
[-3.76898392e-16 -6.71532326e-03  8.55846328e-03 ...  3.90875932e-03
 -2.09915504e-03 -7.28165562e-03]

Residual before update:
[-2.45515160e-10 -1.10660713e+00 -2.13809700e-01 ... -2.31151575e-02
 -6.60654862e-01 -4.25705889e-01]

Residual before update:
[-4.60047070e-15 -6.71713909e-03  8.55020601e-03 ...  3.90778204e-03
 -2.10957637e-03 -7.28702482e-03]

Residual before update:
[ 9.93349511e-17 -6.70091099e-03  8.55918267e-03 ...  3.90810428e-03
 -2.09743716e-03 -7.27910745e-03]

Residual before update:
[ 1.00124948e-16 -6.70091085e-03  8.55918268e-03 ...  3.90810428e-03
 -2.09743714e-03 -7.27910668e-03]

Residual before update:
[ 1.00557093e-16 -6.70091082e-03  8.55918275e-03 ...  3.90810431e-03
 -2.09743713e-03 -7.27910683e-03]

Residual before update:
[ 3.18176275e-14 -6.68719726e-03  8.60615696e-03 ...  3.90758887e-03
 -2.06982620e-03 -7.27098835e-03]

Residual before update:
[-6.92084427e-10 -1.98183088e-01 -2.22903535e-01 ...  2.20795843e-03
 -1.14379176e-01 -3.87826038e-02]

Residual before update:
[ 7.55288090e-15 -6.66611920e-03  8.56177879e-03 ...  3.90909857e-03
 -2.07914202e-03 -7.26692177e-03]

Residual before update:
[ 1.01797329e-16 -6.70091057e-03  8.55918273e-03 ...  3.90810426e-03
 -2.09743705e-03 -7.27910655e-03]

Residual before update:
[ 5.64228160e-17 -6.71487980e-03  8.55963524e-03 ...  3.90912916e-03
 -2.09775392e-03 -7.28078863e-03]

Residual before update:
[-2.36313476e-10 -1.11138713e+00 -8.83713404e-02 ... -2.54861904e-02
 -5.92794110e-01 -4.06599189e-01]

Residual before update:
[-3.48128787e-15 -6.72003694e-03  8.55589692e-03 ...  3.90784998e-03
 -2.10938667e-03 -7.28596439e-03]

Residual before update:
[ 9.94818181e-17 -6.70091055e-03  8.55918255e-03 ...  3.90810419e-03
 -2.09743698e-03 -7.27910671e-03]

Residual before update:
[ 1.00274224e-16 -6.70091041e-03  8.55918256e-03 ...  3.90810420e-03
 -2.09743696e-03 -7.27910593e-03]

Residual before update:
[ 1.00707189e-16 -6.70091038e-03  8.55918263e-03 ...  3.90810424e-03
 -2.09743695e-03 -7.27910610e-03]

Residual before update:
[-1.24662884e-13 -6.73930233e-03  8.55451158e-03 ...  3.90709636e-03
 -2.09813379e-03 -7.27977865e-03]

Residual before update:
[-6.83829933e-10 -2.07834510e-01 -1.72799391e-02 ... -1.76002362e-03
 -3.47160039e-03 -7.32595014e-03]

Residual before update:
[ 7.49992369e-15 -6.66639163e-03  8.56153404e-03 ...  3.90909638e-03
 -2.07944409e-03 -7.26702104e-03]

Residual before update:
[ 1.01951386e-16 -6.70091012e-03  8.55918261e-03 ...  3.90810420e-03
 -2.09743687e-03 -7.27910580e-03]

Residual before update:
[ 7.84864363e-13 -4.35923936e-03  9.81847243e-03 ...  7.15243288e-03
 -1.89450087e-03 -1.04620101e-02]

Residual before update:
[-2.36907580e-10 -1.11154272e+00 -8.83815258e-02 ... -2.55061229e-02
 -5.93118579e-01 -4.06579173e-01]

Residual before update:
[-3.48871992e-15 -6.71941019e-03  8.55543260e-03 ...  3.90785571e-03
 -2.10939003e-03 -7.28581079e-03]

Residual before update:
[ 9.96318507e-17 -6.70091010e-03  8.55918243e-03 ...  3.90810413e-03
 -2.09743680e-03 -7.27910596e-03]

Residual before update:
[ 1.00425303e-16 -6.70090996e-03  8.55918244e-03 ...  3.90810413e-03
 -2.09743678e-03 -7.27910519e-03]

Residual before update:
[ 1.00858193e-16 -6.70090993e-03  8.55918251e-03 ...  3.90810417e-03
 -2.09743677e-03 -7.27910536e-03]

Residual before update:
[-1.21198425e-13 -6.73763760e-03  8.55462101e-03 ...  3.90709732e-03
 -2.09811589e-03 -7.27981284e-03]

Residual before update:
[-6.83836320e-10 -2.07800709e-01 -1.72771477e-02 ... -1.75913040e-03
 -3.45125848e-03 -7.31218832e-03]

Residual before update:
[ 7.46538216e-15 -6.66655447e-03  8.56156154e-03 ...  3.90909094e-03
 -2.07949762e-03 -7.26707965e-03]

Residual before update:
[ 1.02105638e-16 -6.70090967e-03  8.55918249e-03 ...  3.90810413e-03
 -2.09743669e-03 -7.27910505e-03]

Residual before update:
[ 7.96772999e-13 -2.12127468e-03  1.02973822e-02 ...  4.34288207e-03
 -5.81328336e-05 -5.70971040e-03]

Residual before update:
[-2.36918024e-10 -1.11154546e+00 -8.83817048e-02 ... -2.55064733e-02
 -5.93124282e-01 -4.06578821e-01]
Compute pips
###############################
TGFM
###############################
Initialize variables
Warning: 364 variants have NaN gwas_beta. Setting to 0 with large SE.
Iterative optimization

Residual before update:
[0.00201994 0.00293236 0.00278145 ... 0.00349788 0.0005892  0.00794524]

Residual before update:
[0.00201993 0.00293229 0.00278138 ... 0.00349733 0.0005892  0.00794523]

Residual before update:
[0.00201993 0.00293223 0.00278133 ... 0.00349686 0.00058919 0.00794521]

Residual before update:
[0.00201992 0.00293218 0.00278127 ... 0.00349645 0.00058918 0.00794519]

Residual before update:
[0.00201991 0.00293213 0.00278122 ... 0.00349609 0.00058918 0.00794518]

Residual before update:
[0.00201991 0.00293208 0.00278118 ... 0.00349577 0.00058917 0.00794517]

Residual before update:
[0.00201989 0.00293204 0.00278113 ... 0.00349548 0.00058917 0.00794515]

Residual before update:
[0.00201989 0.00293199 0.00278109 ... 0.00349521 0.00058916 0.00794514]

Residual before update:
[0.00201989 0.00293195 0.00278105 ... 0.00349496 0.00058916 0.00794513]

Residual before update:
[0.00201988 0.00293191 0.00278101 ... 0.00349474 0.00058916 0.00794511]

Residual before update:
[0.00201988 0.00293194 0.00278103 ... 0.00349508 0.00058916 0.00794512]

Residual before update:
[0.00201989 0.00293195 0.00278105 ... 0.00349531 0.00058917 0.00794512]

Residual before update:
[0.00201989 0.00293197 0.00278106 ... 0.00349547 0.00058917 0.00794512]

Residual before update:
[0.00201989 0.00293197 0.00278107 ... 0.00349556 0.00058917 0.00794513]

Residual before update:
[0.00201989 0.00293198 0.00278107 ... 0.00349562 0.00058917 0.00794513]

Residual before update:
[0.00201989 0.00293198 0.00278107 ... 0.00349563 0.00058917 0.00794513]

Residual before update:
[0.00201988 0.00293198 0.00278107 ... 0.00349562 0.00058917 0.00794513]

Residual before update:
[0.00201989 0.00293198 0.00278107 ... 0.00349559 0.00058917 0.00794513]

Residual before update:
[0.00201989 0.00293197 0.00278107 ... 0.00349555 0.00058917 0.00794512]

Residual before update:
[0.00201989 0.00293197 0.00278106 ... 0.00349549 0.00058917 0.00794512]

Residual before update:
[0.00201989 0.00293196 0.00278106 ... 0.00349546 0.00058917 0.00794512]

Residual before update:
[0.00201989 0.00293196 0.00278106 ... 0.00349545 0.00058917 0.00794512]

Residual before update:
[0.00201989 0.00293196 0.00278106 ... 0.00349545 0.00058917 0.00794512]

Residual before update:
[0.00201989 0.00293196 0.00278106 ... 0.00349546 0.00058917 0.00794512]

Residual before update:
[0.00201989 0.00293197 0.00278106 ... 0.00349547 0.00058917 0.00794512]

Residual before update:
[0.00201989 0.00293197 0.00278106 ... 0.00349548 0.00058917 0.00794512]

Residual before update:
[0.00201988 0.00293197 0.00278106 ... 0.00349549 0.00058917 0.00794512]

Residual before update:
[0.00201989 0.00293197 0.00278106 ... 0.0034955  0.00058917 0.00794512]

Residual before update:
[0.00201989 0.00293197 0.00278106 ... 0.0034955  0.00058917 0.00794512]

Residual before update:
[0.00201989 0.00293197 0.00278106 ... 0.0034955  0.00058917 0.00794512]

Residual before update:
[0.00201989 0.00293197 0.00278106 ... 0.00349549 0.00058917 0.00794512]

Residual before update:
[0.00201989 0.00293197 0.00278106 ... 0.00349549 0.00058917 0.00794512]

Residual before update:
[0.00201989 0.00293197 0.00278106 ... 0.00349548 0.00058917 0.00794512]

Residual before update:
[0.00201989 0.00293197 0.00278106 ... 0.00349548 0.00058917 0.00794512]

Residual before update:
[0.00201989 0.00293197 0.00278106 ... 0.00349548 0.00058917 0.00794512]

Residual before update:
[0.00201989 0.00293196 0.00278106 ... 0.00349548 0.00058917 0.00794512]

Residual before update:
[0.00201988 0.00293196 0.00278106 ... 0.00349548 0.00058917 0.00794512]

Residual before update:
[0.00201989 0.00293196 0.00278106 ... 0.00349548 0.00058917 0.00794512]

Residual before update:
[0.00201989 0.00293196 0.00278106 ... 0.00349548 0.00058917 0.00794512]

Residual before update:
[0.00201989 0.00293196 0.00278106 ... 0.00349548 0.00058917 0.00794512]

Residual before update:
[0.00201989 0.00293196 0.00278106 ... 0.00349548 0.00058917 0.00794512]

Residual before update:
[0.00201989 0.00293196 0.00278106 ... 0.00349548 0.00058917 0.00794512]

Residual before update:
[0.00201989 0.00293196 0.00278106 ... 0.00349548 0.00058917 0.00794512]

Residual before update:
[0.00201989 0.00293196 0.00278106 ... 0.00349548 0.00058917 0.00794512]

Residual before update:
[0.00201989 0.00293196 0.00278106 ... 0.00349548 0.00058917 0.00794512]

Residual before update:
[0.00201989 0.00293196 0.00278106 ... 0.00349547 0.00058917 0.00794512]

Residual before update:
[0.00201988 0.00293196 0.00278106 ... 0.00349547 0.00058917 0.00794512]

Residual before update:
[0.00201989 0.00293196 0.00278106 ... 0.00349547 0.00058917 0.00794512]

Residual before update:
[0.00201989 0.00293196 0.00278106 ... 0.00349547 0.00058917 0.00794512]

Residual before update:
[0.00201989 0.00293196 0.00278106 ... 0.00349547 0.00058917 0.00794512]
Compute pips
###############################
TGFM
###############################
Initialize variables
Warning: 319 variants have NaN gwas_beta. Setting to 0 with large SE.
Iterative optimization

Residual before update:
[ 0.00026907  0.0023895  -0.0001639  ...  0.00111635  0.00036982
 -0.00949519]

Residual before update:
[ 0.00026899  0.0023895  -0.00016399 ...  0.00111635  0.00036984
 -0.00949514]

Residual before update:
[ 0.00026891  0.0023895  -0.00016406 ...  0.00111635  0.00036985
 -0.00949509]

Residual before update:
[ 0.00026883  0.0023895  -0.00016414 ...  0.00111635  0.00036987
 -0.00949504]

Residual before update:
[ 0.00026876  0.00238951 -0.00016421 ...  0.00111635  0.00036989
 -0.00949499]

Residual before update:
[ 0.0002687   0.00238951 -0.00016427 ...  0.00111636  0.00036991
 -0.00949494]

Residual before update:
[ 0.00026863  0.00238951 -0.00016434 ...  0.00111636  0.00036993
 -0.00949489]

Residual before update:
[ 0.00026857  0.00238952 -0.0001644  ...  0.00111637  0.00036994
 -0.00949484]

Residual before update:
[ 0.0002685   0.00238952 -0.00016447 ...  0.00111637  0.00036996
 -0.00949478]

Residual before update:
[ 0.00026844  0.00238953 -0.00016453 ...  0.00111638  0.00036998
 -0.00949473]

Residual before update:
[ 0.00026846  0.00238954 -0.0001645  ...  0.00111638  0.00036998
 -0.00949473]

Residual before update:
[ 0.00026848  0.00238954 -0.00016449 ...  0.00111638  0.00036998
 -0.00949473]

Residual before update:
[ 0.00026849  0.00238954 -0.00016448 ...  0.00111638  0.00036998
 -0.00949473]

Residual before update:
[ 0.0002685   0.00238955 -0.00016447 ...  0.00111638  0.00036998
 -0.00949473]

Residual before update:
[ 0.0002685   0.00238955 -0.00016446 ...  0.00111639  0.00036998
 -0.00949473]

Residual before update:
[ 0.00026851  0.00238955 -0.00016446 ...  0.00111639  0.00036998
 -0.00949472]

Residual before update:
[ 0.00026851  0.00238955 -0.00016446 ...  0.00111639  0.00036998
 -0.00949472]

Residual before update:
[ 0.00026851  0.00238955 -0.00016446 ...  0.00111639  0.00036998
 -0.00949472]

Residual before update:
[ 0.00026851  0.00238955 -0.00016446 ...  0.00111638  0.00036998
 -0.00949472]

Residual before update:
[ 0.0002685   0.00238954 -0.00016447 ...  0.00111638  0.00036998
 -0.00949473]

Residual before update:
[ 0.0002685   0.00238954 -0.00016447 ...  0.00111638  0.00036998
 -0.00949473]

Residual before update:
[ 0.0002685   0.00238954 -0.00016447 ...  0.00111638  0.00036998
 -0.00949473]

Residual before update:
[ 0.0002685   0.00238954 -0.00016447 ...  0.00111638  0.00036998
 -0.00949472]

Residual before update:
[ 0.0002685   0.00238954 -0.00016447 ...  0.00111638  0.00036998
 -0.00949472]

Residual before update:
[ 0.0002685   0.00238954 -0.00016447 ...  0.00111638  0.00036998
 -0.00949472]

Residual before update:
[ 0.0002685   0.00238954 -0.00016447 ...  0.00111638  0.00036998
 -0.00949472]

Residual before update:
[ 0.0002685   0.00238954 -0.00016447 ...  0.00111638  0.00036998
 -0.00949472]

Residual before update:
[ 0.0002685   0.00238955 -0.00016447 ...  0.00111638  0.00036998
 -0.00949472]

Residual before update:
[ 0.0002685   0.00238955 -0.00016447 ...  0.00111638  0.00036998
 -0.00949472]

Residual before update:
[ 0.0002685   0.00238954 -0.00016447 ...  0.00111638  0.00036998
 -0.00949472]

Residual before update:
[ 0.0002685   0.00238955 -0.00016447 ...  0.00111638  0.00036998
 -0.00949472]

Residual before update:
[ 0.0002685   0.00238954 -0.00016447 ...  0.00111638  0.00036998
 -0.00949472]

Residual before update:
[ 0.0002685   0.00238954 -0.00016447 ...  0.00111638  0.00036998
 -0.00949472]

Residual before update:
[ 0.0002685   0.00238954 -0.00016447 ...  0.00111638  0.00036998
 -0.00949472]

Residual before update:
[ 0.0002685   0.00238954 -0.00016447 ...  0.00111638  0.00036998
 -0.00949472]

Residual before update:
[ 0.0002685   0.00238954 -0.00016447 ...  0.00111638  0.00036998
 -0.00949472]

Residual before update:
[ 0.0002685   0.00238954 -0.00016447 ...  0.00111638  0.00036998
 -0.00949472]

Residual before update:
[ 0.0002685   0.00238955 -0.00016447 ...  0.00111638  0.00036998
 -0.00949472]

Residual before update:
[ 0.0002685   0.00238955 -0.00016447 ...  0.00111638  0.00036998
 -0.00949472]

Residual before update:
[ 0.0002685   0.00238955 -0.00016447 ...  0.00111638  0.00036998
 -0.00949472]

Residual before update:
[ 0.0002685   0.00238955 -0.00016447 ...  0.00111638  0.00036998
 -0.00949472]

Residual before update:
[ 0.0002685   0.00238955 -0.00016447 ...  0.00111638  0.00036998
 -0.00949472]

Residual before update:
[ 0.0002685   0.00238955 -0.00016447 ...  0.00111638  0.00036998
 -0.00949472]

Residual before update:
[ 0.0002685   0.00238955 -0.00016447 ...  0.00111638  0.00036998
 -0.00949472]

Residual before update:
[ 0.0002685   0.00238955 -0.00016447 ...  0.00111638  0.00036998
 -0.00949472]

Residual before update:
[ 0.0002685   0.00238955 -0.00016447 ...  0.00111638  0.00036998
 -0.00949472]

Residual before update:
[ 0.0002685   0.00238955 -0.00016447 ...  0.00111639  0.00036998
 -0.00949472]

Residual before update:
[ 0.0002685   0.00238955 -0.00016447 ...  0.00111639  0.00036998
 -0.00949472]

Residual before update:
[ 0.0002685   0.00238955 -0.00016447 ...  0.00111639  0.00036998
 -0.00949472]

Residual before update:
[ 0.0002685   0.00238955 -0.00016447 ...  0.00111639  0.00036999
 -0.00949472]
Compute pips
###############################
TGFM
###############################
Initialize variables
Warning: 347 variants have NaN gwas_beta. Setting to 0 with large SE.
Iterative optimization

Residual before update:
[-0.00016131 -0.00665052  0.00327396 ...  0.00034254  0.00033313
 -0.00056488]

Residual before update:
[-0.0001613  -0.00665052  0.00327396 ...  0.00034252  0.00033306
 -0.00056493]

Residual before update:
[-0.0001613  -0.00665053  0.00327396 ...  0.0003425   0.00033299
 -0.00056498]

Residual before update:
[-0.00016129 -0.00665053  0.00327396 ...  0.00034249  0.00033293
 -0.00056503]

Residual before update:
[-0.00016129 -0.00665052  0.00327396 ...  0.00034247  0.00033287
 -0.00056507]

Residual before update:
[-0.00016128 -0.00665052  0.00327396 ...  0.00034245  0.00033282
 -0.0005651 ]

Residual before update:
[-0.0001791  -0.00665567  0.00326897 ...  0.00032946  0.00033242
 -0.00056603]

Residual before update:
[-0.00016127 -0.00665051  0.00327396 ...  0.00034241  0.00033271
 -0.00056517]

Residual before update:
[-0.00030869 -0.00665862  0.00322803 ...  0.00023644  0.00032577
 -0.00057273]

Residual before update:
[-0.12921256 -0.02249095 -0.04166656 ... -0.08489201 -0.01538105
 -0.00575495]

Residual before update:
[-0.00016125 -0.00665049  0.00327396 ...  0.00034238  0.00033264
 -0.0005652 ]

Residual before update:
[-0.00016126 -0.00665049  0.00327396 ...  0.00034238  0.00033265
 -0.00056518]

Residual before update:
[-0.00016126 -0.00665048  0.00327396 ...  0.00034238  0.00033267
 -0.00056516]

Residual before update:
[-0.00016126 -0.00665048  0.00327396 ...  0.00034238  0.00033267
 -0.00056516]

Residual before update:
[-0.00016125 -0.00665048  0.00327397 ...  0.00034238  0.00033268
 -0.00056515]

Residual before update:
[-0.00016126 -0.00665048  0.00327396 ...  0.00034238  0.00033268
 -0.00056515]

Residual before update:
[-0.00017359 -0.00665789  0.00326921 ...  0.00032926  0.00033292
 -0.000566  ]

Residual before update:
[-0.00016126 -0.00665048  0.00327396 ...  0.00034238  0.00033268
 -0.00056516]

Residual before update:
[-0.00030901 -0.00665883  0.00322839 ...  0.00023683  0.00032627
 -0.00057168]

Residual before update:
[-0.06262816 -0.01692462 -0.01523703 ... -0.04183332 -0.01264955
 -0.00021323]

Residual before update:
[-0.00016125 -0.00665048  0.00327397 ...  0.00034238  0.00033267
 -0.00056516]

Residual before update:
[-0.00016126 -0.00665048  0.00327396 ...  0.00034238  0.00033267
 -0.00056517]

Residual before update:
[-0.00016126 -0.00665048  0.00327396 ...  0.00034238  0.00033267
 -0.00056517]

Residual before update:
[-0.00016126 -0.00665048  0.00327396 ...  0.00034238  0.00033267
 -0.00056517]

Residual before update:
[-0.00016125 -0.00665048  0.00327397 ...  0.00034238  0.00033267
 -0.00056517]

Residual before update:
[-0.00016126 -0.00665048  0.00327396 ...  0.00034238  0.00033267
 -0.00056516]

Residual before update:
[-0.00017438 -0.00665804  0.00326895 ...  0.0003288   0.00033284
 -0.00056609]

Residual before update:
[-0.00016126 -0.00665048  0.00327396 ...  0.00034238  0.00033267
 -0.00056516]

Residual before update:
[-0.00030902 -0.00665883  0.0032284  ...  0.00023683  0.00032627
 -0.00057167]

Residual before update:
[-0.06262629 -0.01692498 -0.01523691 ... -0.04183174 -0.01264963
 -0.0002134 ]

Residual before update:
[-0.00016125 -0.00665048  0.00327397 ...  0.00034238  0.00033267
 -0.00056516]

Residual before update:
[-0.00016126 -0.00665048  0.00327396 ...  0.00034238  0.00033267
 -0.00056516]

Residual before update:
[-0.00016126 -0.00665048  0.00327396 ...  0.00034238  0.00033267
 -0.00056516]

Residual before update:
[-0.00016126 -0.00665048  0.00327396 ...  0.00034238  0.00033267
 -0.00056516]

Residual before update:
[-0.00016125 -0.00665048  0.00327397 ...  0.00034238  0.00033267
 -0.00056517]

Residual before update:
[-0.00016126 -0.00665048  0.00327396 ...  0.00034238  0.00033267
 -0.00056516]

Residual before update:
[-0.0001752  -0.00665828  0.00326868 ...  0.00032823  0.00033282
 -0.00056614]

Residual before update:
[-0.00016126 -0.00665048  0.00327396 ...  0.00034238  0.00033267
 -0.00056517]

Residual before update:
[-0.00030903 -0.00665882  0.0032284  ...  0.00023682  0.00032627
 -0.00057167]

Residual before update:
[-0.0626263  -0.01692547 -0.01523745 ... -0.04183158 -0.01264975
 -0.00021372]
NaNs in component_non_med_pred at component 0

Residual before update:
[-0.00016125 -0.00665048  0.00327397 ...  0.00034238  0.00033267
 -0.00056516]
NaNs in residual_incl_alpha[38, :]
NaN in mixture_alpha_mu: b_terms=[nan nan nan nan nan nan nan nan nan nan nan nan nan nan nan nan nan nan
 nan nan nan nan nan nan nan nan nan nan nan nan nan nan nan]
NaNs in self.residual at bs_iter=38
NaNs in un_normalized_lv_alpha_weights
NaN in normalizing_term
NaNs in component_non_med_pred at component 1

Residual before update:
[-0.00016126 -0.00665048  0.00327396 ...  0.00034238  0.00033267
 -0.00056517]
NaNs in residual_incl_alpha[38, :]
NaNs in gene_weights for bs_iter=38
NaN in mixture_alpha_mu: b_terms=[nan nan nan nan nan nan nan nan nan nan nan nan nan nan nan nan nan nan
 nan nan nan nan nan nan nan nan nan nan nan nan nan nan nan]
NaNs in self.residual at bs_iter=38
NaNs in un_normalized_lv_alpha_weights
NaN in normalizing_term
NaNs in component_non_med_pred at component 2

Residual before update:
[-0.00016126 -0.00665048  0.00327396 ...  0.00034238  0.00033267
 -0.00056517]
NaNs in residual_incl_alpha[38, :]
NaNs in gene_weights for bs_iter=38
NaN in mixture_alpha_mu: b_terms=[nan nan nan nan nan nan nan nan nan nan nan nan nan nan nan nan nan nan
 nan nan nan nan nan nan nan nan nan nan nan nan nan nan nan]
NaNs in self.residual at bs_iter=38
NaNs in un_normalized_lv_alpha_weights
NaN in normalizing_term
NaNs in component_non_med_pred at component 3

Residual before update:
[-0.00016125 -0.00665048  0.00327396 ...  0.00034238  0.00033267
 -0.00056517]
NaNs in residual_incl_alpha[38, :]
NaNs in gene_weights for bs_iter=38
NaN in mixture_alpha_mu: b_terms=[nan nan nan nan nan nan nan nan nan nan nan nan nan nan nan nan nan nan
 nan nan nan nan nan nan nan nan nan nan nan nan nan nan nan]
NaNs in self.residual at bs_iter=38
NaNs in un_normalized_lv_alpha_weights
NaN in normalizing_term
NaNs in component_non_med_pred at component 4

Residual before update:
[-0.00016125 -0.00665048  0.00327397 ...  0.00034238  0.00033267
 -0.00056517]
NaNs in residual_incl_alpha[38, :]
NaNs in gene_weights for bs_iter=38
NaN in mixture_alpha_mu: b_terms=[nan nan nan nan nan nan nan nan nan nan nan nan nan nan nan nan nan nan
 nan nan nan nan nan nan nan nan nan nan nan nan nan nan nan]
NaNs in self.residual at bs_iter=38
NaNs in un_normalized_lv_alpha_weights
NaN in normalizing_term
NaNs in component_non_med_pred at component 5

Residual before update:
[-0.00016126 -0.00665048  0.00327396 ...  0.00034238  0.00033267
 -0.00056517]
NaNs in residual_incl_alpha[38, :]
NaNs in gene_weights for bs_iter=38
NaN in mixture_alpha_mu: b_terms=[nan nan nan nan nan nan nan nan nan nan nan nan nan nan nan nan nan nan
 nan nan nan nan nan nan nan nan nan nan nan nan nan nan nan]
NaNs in self.residual at bs_iter=38
NaNs in un_normalized_lv_alpha_weights
NaN in normalizing_term
NaNs in component_non_med_pred at component 6

Residual before update:
[-0.00017601 -0.00665854  0.00326843 ...  0.00032768  0.0003328
 -0.00056619]
NaNs in residual_incl_alpha[38, :]
NaNs in gene_weights for bs_iter=38
NaN in mixture_alpha_mu: b_terms=[nan nan nan nan nan nan nan nan nan nan nan nan nan nan nan nan nan nan
 nan nan nan nan nan nan nan nan nan nan nan nan nan nan nan]
NaNs in self.residual at bs_iter=38
NaNs in un_normalized_lv_alpha_weights
NaN in normalizing_term
NaNs in component_non_med_pred at component 7

Residual before update:
[-0.00016126 -0.00665048  0.00327396 ...  0.00034238  0.00033266
 -0.00056517]
NaNs in residual_incl_alpha[38, :]
NaNs in gene_weights for bs_iter=38
NaN in mixture_alpha_mu: b_terms=[nan nan nan nan nan nan nan nan nan nan nan nan nan nan nan nan nan nan
 nan nan nan nan nan nan nan nan nan nan nan nan nan nan nan]
NaNs in self.residual at bs_iter=38
NaNs in un_normalized_lv_alpha_weights
NaN in normalizing_term
NaNs in component_non_med_pred at component 8

Residual before update:
[-0.00030904 -0.00665882  0.0032284  ...  0.00023682  0.00032626
 -0.00057166]
NaNs in residual_incl_alpha[38, :]
NaNs in gene_weights for bs_iter=38
NaN in mixture_alpha_mu: b_terms=[nan nan nan nan nan nan nan nan nan nan nan nan nan nan nan nan nan nan
 nan nan nan nan nan nan nan nan nan nan nan nan nan nan nan]
NaNs in self.residual at bs_iter=38
NaNs in un_normalized_lv_alpha_weights
NaN in normalizing_term
NaN in beta_*: layer 9, bs_iter=38, k=0, beta_mu=3.733056619766267e+152, beta_phi=nan
NaN in beta_*: layer 9, bs_iter=38, k=1, beta_mu=1.0566030382328002e+152, beta_phi=nan
NaN in beta_*: layer 9, bs_iter=38, k=2, beta_mu=1.6752708860130352e+152, beta_phi=nan
NaN in beta_*: layer 9, bs_iter=38, k=3, beta_mu=1.0289287709894593e+152, beta_phi=nan
NaN in beta_*: layer 9, bs_iter=38, k=5, beta_mu=1.0045612546185574e+152, beta_phi=nan
NaN in beta_*: layer 9, bs_iter=38, k=7, beta_mu=4.0860297494213485e+152, beta_phi=nan
NaN in beta_*: layer 9, bs_iter=38, k=14, beta_mu=8.958561690821201e+151, beta_phi=nan
NaN in beta_*: layer 9, bs_iter=38, k=20, beta_mu=1.0964956763769823e+152, beta_phi=nan
NaN in beta_*: layer 9, bs_iter=38, k=23, beta_mu=2.122297047102931e+152, beta_phi=nan
NaN in beta_*: layer 9, bs_iter=38, k=24, beta_mu=1.1141530750600386e+152, beta_phi=nan
NaN in beta_*: layer 9, bs_iter=38, k=25, beta_mu=9.526964047502086e+151, beta_phi=nan
NaN in beta_*: layer 9, bs_iter=38, k=26, beta_mu=1.086104689959702e+152, beta_phi=nan
NaN in beta_*: layer 9, bs_iter=38, k=27, beta_mu=1.0013390732708846e+152, beta_phi=nan
NaN in beta_*: layer 9, bs_iter=38, k=29, beta_mu=1.1148252075847594e+152, beta_phi=nan
NaN in beta_*: layer 9, bs_iter=38, k=31, beta_mu=3.3327281212854397e+152, beta_phi=nan
NaN in beta_*: layer 9, bs_iter=38, k=44, beta_mu=4.229484711464228e+152, beta_phi=nan
NaN in beta_*: layer 9, bs_iter=38, k=45, beta_mu=4.0842147843511187e+152, beta_phi=nan
NaN in beta_*: layer 9, bs_iter=38, k=46, beta_mu=1.8239616765631428e+152, beta_phi=nan
NaN in beta_*: layer 9, bs_iter=38, k=50, beta_mu=2.6478998773889154e+152, beta_phi=nan
NaN in beta_*: layer 9, bs_iter=38, k=51, beta_mu=7.054421591341345e+152, beta_phi=nan
NaN in beta_*: layer 9, bs_iter=38, k=52, beta_mu=1.4665885879317775e+152, beta_phi=nan
NaN in beta_*: layer 9, bs_iter=38, k=60, beta_mu=6.081630786485067e+152, beta_phi=nan
NaN in beta_*: layer 9, bs_iter=38, k=62, beta_mu=4.11141158498943e+152, beta_phi=nan
NaN in beta_*: layer 9, bs_iter=38, k=67, beta_mu=1.3713652391540841e+152, beta_phi=nan
NaN in beta_*: layer 9, bs_iter=38, k=72, beta_mu=3.255033281011001e+152, beta_phi=nan
NaN in beta_*: layer 9, bs_iter=38, k=73, beta_mu=8.906580921288249e+151, beta_phi=nan
NaN in beta_*: layer 9, bs_iter=38, k=76, beta_mu=1.5593235856058203e+152, beta_phi=nan
NaN in beta_*: layer 9, bs_iter=38, k=77, beta_mu=1.5243664164960333e+152, beta_phi=nan
NaN in beta_*: layer 9, bs_iter=38, k=85, beta_mu=1.9576164939659598e+152, beta_phi=nan
NaN in beta_*: layer 9, bs_iter=38, k=90, beta_mu=1.0646692556700666e+152, beta_phi=nan
NaN in beta_*: layer 9, bs_iter=38, k=92, beta_mu=8.933641751590399e+151, beta_phi=nan
NaN in beta_*: layer 9, bs_iter=38, k=99, beta_mu=3.2643907386469587e+152, beta_phi=nan
NaN in beta_*: layer 9, bs_iter=38, k=108, beta_mu=4.938811953236244e+152, beta_phi=nan
NaN in beta_*: layer 9, bs_iter=38, k=115, beta_mu=1.6117346218517182e+152, beta_phi=nan
NaN in beta_*: layer 9, bs_iter=38, k=116, beta_mu=2.377947999316492e+152, beta_phi=nan
NaN in beta_*: layer 9, bs_iter=38, k=124, beta_mu=4.599423706351538e+152, beta_phi=nan
NaN in beta_*: layer 9, bs_iter=38, k=129, beta_mu=9.809992583834202e+151, beta_phi=nan
NaN in beta_*: layer 9, bs_iter=38, k=130, beta_mu=1.6372269398263452e+152, beta_phi=nan
NaN in beta_*: layer 9, bs_iter=38, k=147, beta_mu=1.3261854519376587e+152, beta_phi=nan
NaN in beta_*: layer 9, bs_iter=38, k=161, beta_mu=9.442827017015967e+151, beta_phi=nan
NaN in beta_*: layer 9, bs_iter=38, k=166, beta_mu=2.703176859566808e+152, beta_phi=nan
NaN in beta_*: layer 9, bs_iter=38, k=168, beta_mu=1.364220235439589e+152, beta_phi=nan
NaN in beta_*: layer 9, bs_iter=38, k=171, beta_mu=4.428139614622593e+152, beta_phi=nan
NaN in beta_*: layer 9, bs_iter=38, k=177, beta_mu=1.687835450707632e+152, beta_phi=nan
NaN in beta_*: layer 9, bs_iter=38, k=181, beta_mu=2.419100406700567e+152, beta_phi=nan
NaN in beta_*: layer 9, bs_iter=38, k=189, beta_mu=1.6978025665308995e+152, beta_phi=nan
NaN in beta_*: layer 9, bs_iter=38, k=196, beta_mu=9.665833328416122e+151, beta_phi=nan
NaN in beta_*: layer 9, bs_iter=38, k=205, beta_mu=1.4106485539793515e+152, beta_phi=nan
NaN in beta_*: layer 9, bs_iter=38, k=220, beta_mu=1.844147086746494e+152, beta_phi=nan
NaN in beta_*: layer 9, bs_iter=38, k=225, beta_mu=2.269570619639048e+152, beta_phi=nan
NaN in beta_*: layer 9, bs_iter=38, k=226, beta_mu=2.0535290459026872e+152, beta_phi=nan
NaN in beta_*: layer 9, bs_iter=38, k=237, beta_mu=2.862708963814905e+152, beta_phi=nan
NaN in beta_*: layer 9, bs_iter=38, k=250, beta_mu=1.1299098103932823e+152, beta_phi=nan
NaN in beta_*: layer 9, bs_iter=38, k=251, beta_mu=2.666270868957811e+152, beta_phi=nan
NaN in beta_*: layer 9, bs_iter=38, k=252, beta_mu=1.3541284044130347e+152, beta_phi=nan
NaN in beta_*: layer 9, bs_iter=38, k=253, beta_mu=2.459764914037392e+152, beta_phi=nan
NaN in beta_*: layer 9, bs_iter=38, k=263, beta_mu=3.767441797369744e+152, beta_phi=nan
NaN in beta_*: layer 9, bs_iter=38, k=265, beta_mu=9.488818473470045e+151, beta_phi=nan
NaN in beta_*: layer 9, bs_iter=38, k=266, beta_mu=3.1244553202367673e+152, beta_phi=nan
NaN in beta_*: layer 9, bs_iter=38, k=268, beta_mu=2.970635616480788e+152, beta_phi=nan
NaN in beta_*: layer 9, bs_iter=38, k=272, beta_mu=1.2373163072037854e+152, beta_phi=nan
NaN in beta_*: layer 9, bs_iter=38, k=274, beta_mu=1.1918113032546022e+153, beta_phi=nan
NaN in beta_*: layer 9, bs_iter=38, k=275, beta_mu=1.1884924007607866e+152, beta_phi=nan
NaN in beta_*: layer 9, bs_iter=38, k=281, beta_mu=1.2097693174497174e+152, beta_phi=nan
NaN in beta_*: layer 9, bs_iter=38, k=284, beta_mu=5.391379491744408e+152, beta_phi=nan
NaN in beta_*: layer 9, bs_iter=38, k=289, beta_mu=3.932103868044658e+152, beta_phi=nan
NaN in beta_*: layer 9, bs_iter=38, k=295, beta_mu=5.194677475788287e+152, beta_phi=nan
NaN in beta_*: layer 9, bs_iter=38, k=297, beta_mu=9.740574566804124e+151, beta_phi=nan
NaN in beta_*: layer 9, bs_iter=38, k=299, beta_mu=2.76578808623367e+152, beta_phi=nan
NaN in beta_*: layer 9, bs_iter=38, k=300, beta_mu=2.1351825497448153e+152, beta_phi=nan
NaN in beta_*: layer 9, bs_iter=38, k=302, beta_mu=1.0879532987956956e+152, beta_phi=nan
NaN in beta_*: layer 9, bs_iter=38, k=303, beta_mu=1.9018803714457867e+152, beta_phi=nan
NaN in beta_*: layer 9, bs_iter=38, k=305, beta_mu=2.4497085829561045e+152, beta_phi=nan
NaN in beta_*: layer 9, bs_iter=38, k=307, beta_mu=6.111479273967261e+152, beta_phi=nan
NaN in beta_*: layer 9, bs_iter=38, k=308, beta_mu=7.623710096328716e+152, beta_phi=nan
NaN in beta_*: layer 9, bs_iter=38, k=309, beta_mu=8.994976469331832e+151, beta_phi=nan
NaN in beta_*: layer 9, bs_iter=38, k=310, beta_mu=8.870556553867176e+151, beta_phi=nan
NaN in beta_*: layer 9, bs_iter=38, k=312, beta_mu=4.0376663779387052e+152, beta_phi=nan
NaN in beta_*: layer 9, bs_iter=38, k=318, beta_mu=2.0193621595865407e+152, beta_phi=nan
NaN in beta_*: layer 9, bs_iter=38, k=321, beta_mu=1.3328512382077624e+152, beta_phi=nan
NaN in beta_*: layer 9, bs_iter=38, k=324, beta_mu=6.453875883611009e+152, beta_phi=nan
NaN in beta_*: layer 9, bs_iter=38, k=326, beta_mu=1.527314290609822e+152, beta_phi=nan
NaN in beta_*: layer 9, bs_iter=38, k=327, beta_mu=1.157017289458995e+152, beta_phi=nan
NaN in beta_*: layer 9, bs_iter=38, k=328, beta_mu=1.498016575061305e+152, beta_phi=nan
NaN in beta_*: layer 9, bs_iter=38, k=332, beta_mu=3.073495492986922e+152, beta_phi=nan
NaN in beta_*: layer 9, bs_iter=38, k=340, beta_mu=2.81057044996415e+152, beta_phi=nan
NaN in beta_*: layer 9, bs_iter=38, k=341, beta_mu=1.4401266034143556e+152, beta_phi=nan
NaN in beta_*: layer 9, bs_iter=38, k=344, beta_mu=1.396690537658259e+152, beta_phi=nan
NaN in beta_*: layer 9, bs_iter=38, k=346, beta_mu=1.2353051074836218e+152, beta_phi=nan
NaN in beta_*: layer 9, bs_iter=38, k=347, beta_mu=3.0678465523171325e+152, beta_phi=nan
NaN in beta_*: layer 9, bs_iter=38, k=352, beta_mu=1.7779733261736076e+153, beta_phi=nan
NaN in beta_*: layer 9, bs_iter=38, k=354, beta_mu=4.659996772843546e+152, beta_phi=nan
NaN in beta_*: layer 9, bs_iter=38, k=356, beta_mu=1.77798397872371e+153, beta_phi=nan
NaN in beta_*: layer 9, bs_iter=38, k=359, beta_mu=1.254947863466613e+152, beta_phi=nan
NaN in beta_*: layer 9, bs_iter=38, k=365, beta_mu=2.0896870066722043e+152, beta_phi=nan
NaN in beta_*: layer 9, bs_iter=38, k=366, beta_mu=4.545141163606963e+152, beta_phi=nan
NaN in beta_*: layer 9, bs_iter=38, k=369, beta_mu=1.229737300336634e+152, beta_phi=nan
NaN in beta_*: layer 9, bs_iter=38, k=387, beta_mu=2.7801343941882546e+152, beta_phi=nan
NaN in beta_*: layer 9, bs_iter=38, k=409, beta_mu=2.6482389797069456e+152, beta_phi=nan
NaN in beta_*: layer 9, bs_iter=38, k=411, beta_mu=1.2343708178607461e+152, beta_phi=nan
NaN in beta_*: layer 9, bs_iter=38, k=412, beta_mu=5.003723612804228e+152, beta_phi=nan
NaN in beta_*: layer 9, bs_iter=38, k=413, beta_mu=3.940138968990016e+152, beta_phi=nan
NaN in beta_*: layer 9, bs_iter=38, k=417, beta_mu=5.003762660436833e+152, beta_phi=nan
NaN in beta_*: layer 9, bs_iter=38, k=418, beta_mu=1.6267311576288444e+152, beta_phi=nan
NaN in beta_*: layer 9, bs_iter=38, k=424, beta_mu=5.003750914532681e+152, beta_phi=nan
NaN in beta_*: layer 9, bs_iter=38, k=432, beta_mu=3.9401294822168e+152, beta_phi=nan
NaN in beta_*: layer 9, bs_iter=38, k=435, beta_mu=1.2313058687123348e+152, beta_phi=nan
NaN in beta_*: layer 9, bs_iter=38, k=446, beta_mu=1.4898711408354416e+152, beta_phi=nan
NaN in beta_*: layer 9, bs_iter=38, k=452, beta_mu=1.0401527676267972e+152, beta_phi=nan
NaN in beta_*: layer 9, bs_iter=38, k=453, beta_mu=7.038733319126655e+152, beta_phi=nan
NaN in beta_*: layer 9, bs_iter=38, k=455, beta_mu=1.077667291426099e+152, beta_phi=nan
NaN in beta_*: layer 9, bs_iter=38, k=467, beta_mu=7.221290349288192e+152, beta_phi=nan
NaN in beta_*: layer 9, bs_iter=38, k=468, beta_mu=9.660623347968927e+151, beta_phi=nan
NaN in beta_*: layer 9, bs_iter=38, k=469, beta_mu=9.660626241328452e+151, beta_phi=nan
NaN in beta_*: layer 9, bs_iter=38, k=470, beta_mu=1.3373747910374673e+152, beta_phi=nan
NaN in beta_*: layer 9, bs_iter=38, k=476, beta_mu=1.022222114371316e+152, beta_phi=nan
NaN in beta_*: layer 9, bs_iter=38, k=477, beta_mu=1.654778587069364e+152, beta_phi=nan
NaN in beta_*: layer 9, bs_iter=38, k=479, beta_mu=7.881872424003443e+152, beta_phi=nan
NaN in beta_*: layer 9, bs_iter=38, k=481, beta_mu=1.2400877205346855e+152, beta_phi=nan
NaN in beta_*: layer 9, bs_iter=38, k=485, beta_mu=1.0646765595020092e+153, beta_phi=nan
NaN in beta_*: layer 9, bs_iter=38, k=486, beta_mu=9.776744471257949e+151, beta_phi=nan
NaN in beta_*: layer 9, bs_iter=38, k=487, beta_mu=8.017493060333477e+152, beta_phi=nan
NaN in beta_*: layer 9, bs_iter=38, k=495, beta_mu=1.155499092998893e+153, beta_phi=nan
NaN in beta_*: layer 9, bs_iter=38, k=498, beta_mu=5.664024224107378e+152, beta_phi=nan
NaN in beta_*: layer 9, bs_iter=38, k=502, beta_mu=1.9013270463311756e+152, beta_phi=nan
NaN in beta_*: layer 9, bs_iter=38, k=506, beta_mu=1.6547770253111986e+152, beta_phi=nan
NaN in beta_*: layer 9, bs_iter=38, k=507, beta_mu=1.901315451116179e+152, beta_phi=nan
NaN in beta_*: layer 9, bs_iter=38, k=517, beta_mu=1.6547776331509777e+152, beta_phi=nan
NaN in beta_*: layer 9, bs_iter=38, k=523, beta_mu=1.050916567899488e+152, beta_phi=nan
NaN in beta_*: layer 9, bs_iter=38, k=527, beta_mu=1.7926988483833452e+152, beta_phi=nan
NaN in beta_*: layer 9, bs_iter=38, k=529, beta_mu=1.0124790439678048e+152, beta_phi=nan
NaN in beta_*: layer 9, bs_iter=38, k=531, beta_mu=1.794265031764494e+152, beta_phi=nan
NaN in beta_*: layer 9, bs_iter=38, k=534, beta_mu=5.949069584231683e+152, beta_phi=nan
NaN in beta_*: layer 9, bs_iter=38, k=536, beta_mu=5.327961290727409e+152, beta_phi=nan
NaN in beta_*: layer 9, bs_iter=38, k=543, beta_mu=1.038045017208558e+152, beta_phi=nan
NaN in beta_*: layer 9, bs_iter=38, k=544, beta_mu=1.0380450844043218e+152, beta_phi=nan
NaN in beta_*: layer 9, bs_iter=38, k=545, beta_mu=1.0214016101831982e+152, beta_phi=nan
NaN in beta_*: layer 9, bs_iter=38, k=546, beta_mu=1.176171358474528e+152, beta_phi=nan
NaN in beta_*: layer 9, bs_iter=38, k=549, beta_mu=9.230200922833932e+151, beta_phi=nan
NaN in beta_*: layer 9, bs_iter=38, k=550, beta_mu=2.547625786024674e+152, beta_phi=nan
NaN in beta_*: layer 9, bs_iter=38, k=552, beta_mu=1.0212424423142043e+152, beta_phi=nan
NaN in beta_*: layer 9, bs_iter=38, k=557, beta_mu=1.7978022688158532e+152, beta_phi=nan
NaN in beta_*: layer 9, bs_iter=38, k=558, beta_mu=1.0669905080571755e+152, beta_phi=nan
NaN in beta_*: layer 9, bs_iter=38, k=559, beta_mu=9.671898497643721e+151, beta_phi=nan
NaN in beta_*: layer 9, bs_iter=38, k=560, beta_mu=5.6576044008248035e+152, beta_phi=nan
NaN in beta_*: layer 9, bs_iter=38, k=562, beta_mu=3.8873555199429956e+152, beta_phi=nan
NaN in beta_*: layer 9, bs_iter=38, k=563, beta_mu=1.0248864874184255e+152, beta_phi=nan
NaN in beta_*: layer 9, bs_iter=38, k=567, beta_mu=1.663152192717361e+152, beta_phi=nan
NaN in beta_*: layer 9, bs_iter=38, k=571, beta_mu=5.6115506524210575e+152, beta_phi=nan
NaN in beta_*: layer 9, bs_iter=38, k=576, beta_mu=1.0297903788831272e+152, beta_phi=nan
NaN in beta_*: layer 9, bs_iter=38, k=577, beta_mu=3.8299695060525425e+152, beta_phi=nan
NaN in beta_*: layer 9, bs_iter=38, k=578, beta_mu=1.901320326606653e+152, beta_phi=nan
NaN in beta_*: layer 9, bs_iter=38, k=579, beta_mu=5.585224185045675e+152, beta_phi=nan
NaN in beta_*: layer 9, bs_iter=38, k=581, beta_mu=1.688930944218779e+152, beta_phi=nan
NaN in beta_*: layer 9, bs_iter=38, k=582, beta_mu=1.5937441158065368e+152, beta_phi=nan
NaN in beta_*: layer 9, bs_iter=38, k=583, beta_mu=1.1884689267864454e+152, beta_phi=nan
NaN in beta_*: layer 9, bs_iter=38, k=585, beta_mu=1.6889356916940195e+152, beta_phi=nan
NaN in beta_*: layer 9, bs_iter=38, k=586, beta_mu=1.519446535160903e+152, beta_phi=nan
NaN in beta_*: layer 9, bs_iter=38, k=587, beta_mu=5.598901391717448e+152, beta_phi=nan
NaN in beta_*: layer 9, bs_iter=38, k=589, beta_mu=5.843978323855619e+152, beta_phi=nan
NaN in beta_*: layer 9, bs_iter=38, k=591, beta_mu=1.5937310258338114e+152, beta_phi=nan
NaN in beta_*: layer 9, bs_iter=38, k=593, beta_mu=1.6846934373006625e+152, beta_phi=nan
NaN in beta_*: layer 9, bs_iter=38, k=598, beta_mu=1.530205549382318e+152, beta_phi=nan
NaN in beta_*: layer 9, bs_iter=38, k=601, beta_mu=1.5154537865419928e+152, beta_phi=nan
NaN in beta_*: layer 9, bs_iter=38, k=603, beta_mu=1.6742640222718909e+152, beta_phi=nan
NaN in beta_*: layer 9, bs_iter=38, k=606, beta_mu=1.6846970754314905e+152, beta_phi=nan
NaN in beta_*: layer 9, bs_iter=38, k=607, beta_mu=2.037032560502667e+152, beta_phi=nan
NaN in beta_*: layer 9, bs_iter=38, k=609, beta_mu=2.919530024367573e+152, beta_phi=nan
NaN in beta_*: layer 9, bs_iter=38, k=613, beta_mu=1.1323817601794519e+152, beta_phi=nan
NaN in beta_*: layer 9, bs_iter=38, k=614, beta_mu=1.0829032400981293e+152, beta_phi=nan
NaN in beta_*: layer 9, bs_iter=38, k=616, beta_mu=1.7220955367791343e+152, beta_phi=nan
NaN in beta_*: layer 9, bs_iter=38, k=617, beta_mu=1.083870622697336e+152, beta_phi=nan
NaN in beta_*: layer 9, bs_iter=38, k=618, beta_mu=1.7220960189519608e+152, beta_phi=nan
NaN in beta_*: layer 9, bs_iter=38, k=619, beta_mu=2.1613874562495264e+152, beta_phi=nan
NaN in beta_*: layer 9, bs_iter=38, k=620, beta_mu=2.16138737687335e+152, beta_phi=nan
NaN in beta_*: layer 9, bs_iter=38, k=622, beta_mu=7.013241400260576e+152, beta_phi=nan
NaN in beta_*: layer 9, bs_iter=38, k=626, beta_mu=1.6189086774291635e+152, beta_phi=nan
NaN in beta_*: layer 9, bs_iter=38, k=629, beta_mu=1.2420119873039932e+152, beta_phi=nan
NaN in beta_*: layer 9, bs_iter=38, k=630, beta_mu=1.75912797099743e+152, beta_phi=nan
NaN in beta_*: layer 9, bs_iter=38, k=631, beta_mu=3.6544137032515854e+152, beta_phi=nan
NaN in beta_*: layer 9, bs_iter=38, k=633, beta_mu=1.8724257273669646e+152, beta_phi=nan
NaN in beta_*: layer 9, bs_iter=38, k=635, beta_mu=1.7696552273320052e+152, beta_phi=nan
NaN in beta_*: layer 9, bs_iter=38, k=637, beta_mu=1.6488807502619047e+152, beta_phi=nan
NaN in beta_*: layer 9, bs_iter=38, k=641, beta_mu=2.850702703672097e+152, beta_phi=nan
NaN in beta_*: layer 9, bs_iter=38, k=642, beta_mu=3.139890562963385e+152, beta_phi=nan
NaN in beta_*: layer 9, bs_iter=38, k=643, beta_mu=1.6360523138849353e+152, beta_phi=nan
NaN in beta_*: layer 9, bs_iter=38, k=644, beta_mu=2.6554222140332205e+152, beta_phi=nan
NaN in beta_*: layer 9, bs_iter=38, k=645, beta_mu=1.5665282472584112e+152, beta_phi=nan
NaN in beta_*: layer 9, bs_iter=38, k=646, beta_mu=1.0841726243626265e+152, beta_phi=nan
NaN in beta_*: layer 9, bs_iter=38, k=648, beta_mu=1.0684951769295592e+152, beta_phi=nan
NaN in beta_*: layer 9, bs_iter=38, k=650, beta_mu=1.023037261246685e+152, beta_phi=nan
NaN in beta_*: layer 9, bs_iter=38, k=651, beta_mu=1.998344598524026e+152, beta_phi=nan
NaN in beta_*: layer 9, bs_iter=38, k=652, beta_mu=2.288542043001968e+152, beta_phi=nan
NaN in beta_*: layer 9, bs_iter=38, k=653, beta_mu=1.1477292968884468e+152, beta_phi=nan
NaN in beta_*: layer 9, bs_iter=38, k=656, beta_mu=7.495197266440897e+152, beta_phi=nan
NaN in beta_*: layer 9, bs_iter=38, k=657, beta_mu=1.0499309820438309e+152, beta_phi=nan
NaN in beta_*: layer 9, bs_iter=38, k=658, beta_mu=4.470259026987997e+152, beta_phi=nan
NaN in beta_*: layer 9, bs_iter=38, k=659, beta_mu=3.685579843570683e+152, beta_phi=nan
NaN in beta_*: layer 9, bs_iter=38, k=660, beta_mu=1.0134637176830486e+152, beta_phi=nan
NaN in beta_*: layer 9, bs_iter=38, k=661, beta_mu=1.5822924718845523e+152, beta_phi=nan
NaN in beta_*: layer 9, bs_iter=38, k=662, beta_mu=1.1146120618347647e+152, beta_phi=nan
NaN in beta_*: layer 9, bs_iter=38, k=663, beta_mu=1.0362442625582968e+152, beta_phi=nan
NaN in beta_*: layer 9, bs_iter=38, k=664, beta_mu=1.5726256824129523e+152, beta_phi=nan
NaN in beta_*: layer 9, bs_iter=38, k=665, beta_mu=1.542566605083238e+152, beta_phi=nan
NaN in beta_*: layer 9, bs_iter=38, k=668, beta_mu=7.421902588815935e+152, beta_phi=nan
NaN in beta_*: layer 9, bs_iter=38, k=669, beta_mu=1.1878894515159766e+152, beta_phi=nan
NaN in beta_*: layer 9, bs_iter=38, k=670, beta_mu=2.316602052098743e+152, beta_phi=nan
NaN in beta_*: layer 9, bs_iter=38, k=671, beta_mu=2.0215047510238232e+152, beta_phi=nan
NaN in beta_*: layer 9, bs_iter=38, k=672, beta_mu=7.807830134592275e+152, beta_phi=nan
NaN in beta_*: layer 9, bs_iter=38, k=677, beta_mu=9.220623690575187e+151, beta_phi=nan
NaN in beta_*: layer 9, bs_iter=38, k=678, beta_mu=1.5737069354270982e+152, beta_phi=nan
NaN in beta_*: layer 9, bs_iter=38, k=679, beta_mu=9.982189344248799e+151, beta_phi=nan
NaN in beta_*: layer 9, bs_iter=38, k=682, beta_mu=1.495249441498795e+152, beta_phi=nan
NaN in beta_*: layer 9, bs_iter=38, k=685, beta_mu=2.3652902699802473e+152, beta_phi=nan
NaN in beta_*: layer 9, bs_iter=38, k=688, beta_mu=1.127118555863049e+152, beta_phi=nan
NaN in beta_*: layer 9, bs_iter=38, k=689, beta_mu=6.915674869005773e+152, beta_phi=nan
NaN in beta_*: layer 9, bs_iter=38, k=690, beta_mu=3.985590081273866e+152, beta_phi=nan
NaN in beta_*: layer 9, bs_iter=38, k=691, beta_mu=1.4654595188298534e+152, beta_phi=nan
NaN in beta_*: layer 9, bs_iter=38, k=692, beta_mu=9.827609707426844e+151, beta_phi=nan
NaN in beta_*: layer 9, bs_iter=38, k=693, beta_mu=9.82761198822946e+151, beta_phi=nan
NaN in beta_*: layer 9, bs_iter=38, k=694, beta_mu=1.6088255381296412e+152, beta_phi=nan
NaN in beta_*: layer 9, bs_iter=38, k=695, beta_mu=1.3266841621155702e+152, beta_phi=nan
NaN in beta_*: layer 9, bs_iter=38, k=699, beta_mu=1.5754557649339204e+152, beta_phi=nan
NaN in beta_*: layer 9, bs_iter=38, k=701, beta_mu=4.252780948347688e+152, beta_phi=nan
NaN in beta_*: layer 9, bs_iter=38, k=702, beta_mu=9.696113739592445e+151, beta_phi=nan
NaN in beta_*: layer 9, bs_iter=38, k=703, beta_mu=9.768507614182625e+151, beta_phi=nan
NaN in beta_*: layer 9, bs_iter=38, k=704, beta_mu=1.0933979712234614e+152, beta_phi=nan
NaN in beta_*: layer 9, bs_iter=38, k=706, beta_mu=9.629969548918809e+151, beta_phi=nan
NaN in beta_*: layer 9, bs_iter=38, k=709, beta_mu=1.9789962371359324e+152, beta_phi=nan
NaN in beta_*: layer 9, bs_iter=38, k=711, beta_mu=9.742081712931995e+151, beta_phi=nan
NaN in beta_*: layer 9, bs_iter=38, k=712, beta_mu=9.249850698186494e+151, beta_phi=nan
NaN in beta_*: layer 9, bs_iter=38, k=713, beta_mu=4.335276528323324e+152, beta_phi=nan
NaN in beta_*: layer 9, bs_iter=38, k=714, beta_mu=1.959043621919478e+152, beta_phi=nan
NaN in beta_*: layer 9, bs_iter=38, k=715, beta_mu=2.7318886442492577e+152, beta_phi=nan
NaN in beta_*: layer 9, bs_iter=38, k=716, beta_mu=3.0819069650806184e+152, beta_phi=nan
NaN in beta_*: layer 9, bs_iter=38, k=720, beta_mu=9.520386606054799e+151, beta_phi=nan
NaN in beta_*: layer 9, bs_iter=38, k=721, beta_mu=1.037768023137634e+152, beta_phi=nan
NaN in beta_*: layer 9, bs_iter=38, k=722, beta_mu=1.18172181318492e+152, beta_phi=nan
NaN in beta_*: layer 9, bs_iter=38, k=723, beta_mu=5.770394818212919e+152, beta_phi=nan
NaN in beta_*: layer 9, bs_iter=38, k=727, beta_mu=1.064329054882261e+152, beta_phi=nan
NaN in beta_*: layer 9, bs_iter=38, k=728, beta_mu=9.1613573669234e+151, beta_phi=nan
NaN in beta_*: layer 9, bs_iter=38, k=731, beta_mu=9.440078922570311e+151, beta_phi=nan
NaN in beta_*: layer 9, bs_iter=38, k=732, beta_mu=9.748381913549429e+151, beta_phi=nan
NaN in beta_*: layer 9, bs_iter=38, k=733, beta_mu=1.226466728016115e+152, beta_phi=nan
NaN in beta_*: layer 9, bs_iter=38, k=734, beta_mu=9.643567831324265e+151, beta_phi=nan
NaN in beta_*: layer 9, bs_iter=38, k=735, beta_mu=9.695973593248738e+151, beta_phi=nan
NaN in beta_*: layer 9, bs_iter=38, k=739, beta_mu=2.148416579192377e+152, beta_phi=nan
NaN in beta_*: layer 9, bs_iter=38, k=740, beta_mu=8.919387206858776e+151, beta_phi=nan
NaN in beta_*: layer 9, bs_iter=38, k=741, beta_mu=1.0580195656834234e+152, beta_phi=nan
NaN in beta_*: layer 9, bs_iter=38, k=746, beta_mu=1.7059448846525813e+152, beta_phi=nan
NaN in beta_*: layer 9, bs_iter=38, k=748, beta_mu=5.651743210849546e+152, beta_phi=nan
NaN in beta_*: layer 9, bs_iter=38, k=749, beta_mu=1.708511139032761e+152, beta_phi=nan
NaN in beta_*: layer 9, bs_iter=38, k=750, beta_mu=1.7993978664622446e+152, beta_phi=nan
NaN in beta_*: layer 9, bs_iter=38, k=751, beta_mu=1.063828390257098e+152, beta_phi=nan
NaN in beta_*: layer 9, bs_iter=38, k=752, beta_mu=1.2301136841637394e+152, beta_phi=nan
NaN in beta_*: layer 9, bs_iter=38, k=753, beta_mu=1.566240141588038e+152, beta_phi=nan
NaN in beta_*: layer 9, bs_iter=38, k=754, beta_mu=1.5140018341584445e+152, beta_phi=nan
NaN in beta_*: layer 9, bs_iter=38, k=755, beta_mu=1.6037882279533913e+152, beta_phi=nan
NaN in beta_*: layer 9, bs_iter=38, k=756, beta_mu=1.6541228511145292e+152, beta_phi=nan
NaN in beta_*: layer 9, bs_iter=38, k=757, beta_mu=6.820602407063653e+152, beta_phi=nan
NaN in beta_*: layer 9, bs_iter=38, k=759, beta_mu=2.442194798362959e+152, beta_phi=nan
NaN in beta_*: layer 9, bs_iter=38, k=760, beta_mu=5.584976782110625e+152, beta_phi=nan
NaN in beta_*: layer 9, bs_iter=38, k=761, beta_mu=1.8466175127745428e+152, beta_phi=nan
NaN in beta_*: layer 9, bs_iter=38, k=764, beta_mu=2.4154260945511354e+152, beta_phi=nan
NaN in beta_*: layer 9, bs_iter=38, k=769, beta_mu=4.415446626450866e+152, beta_phi=nan
NaN in beta_*: layer 9, bs_iter=38, k=772, beta_mu=1.0547930209081342e+152, beta_phi=nan
NaN in beta_*: layer 9, bs_iter=38, k=775, beta_mu=9.267809269609335e+151, beta_phi=nan
NaN in beta_*: layer 9, bs_iter=38, k=777, beta_mu=6.380148649112422e+152, beta_phi=nan
NaN in beta_*: layer 9, bs_iter=38, k=778, beta_mu=2.841631735674312e+152, beta_phi=nan
NaN in beta_*: layer 9, bs_iter=38, k=780, beta_mu=1.1439065468556868e+152, beta_phi=nan
NaN in beta_*: layer 9, bs_iter=38, k=781, beta_mu=2.831077375637515e+152, beta_phi=nan
NaN in beta_*: layer 9, bs_iter=38, k=782, beta_mu=8.954056325184055e+151, beta_phi=nan
NaN in beta_*: layer 9, bs_iter=38, k=785, beta_mu=1.1464387927578983e+152, beta_phi=nan
NaN in beta_*: layer 9, bs_iter=38, k=787, beta_mu=9.526101731813279e+151, beta_phi=nan
NaN in beta_*: layer 9, bs_iter=38, k=789, beta_mu=6.0992127452806825e+152, beta_phi=nan
NaN in beta_*: layer 9, bs_iter=38, k=791, beta_mu=6.27128615056382e+152, beta_phi=nan
NaN in beta_*: layer 9, bs_iter=38, k=792, beta_mu=6.27128754705094e+152, beta_phi=nan
NaN in beta_*: layer 9, bs_iter=38, k=795, beta_mu=1.1041083477750396e+152, beta_phi=nan
NaN in beta_*: layer 9, bs_iter=38, k=796, beta_mu=1.0415993216550763e+152, beta_phi=nan
NaN in beta_*: layer 9, bs_iter=38, k=803, beta_mu=6.271275103814445e+152, beta_phi=nan
NaN in beta_*: layer 9, bs_iter=38, k=806, beta_mu=2.825706801003134e+152, beta_phi=nan
NaN in beta_*: layer 9, bs_iter=38, k=807, beta_mu=6.184953790192561e+152, beta_phi=nan
NaN in beta_*: layer 9, bs_iter=38, k=808, beta_mu=6.184958834847075e+152, beta_phi=nan
NaN in beta_*: layer 9, bs_iter=38, k=809, beta_mu=5.669076302906654e+152, beta_phi=nan
NaN in beta_*: layer 9, bs_iter=38, k=811, beta_mu=1.8969360744930807e+152, beta_phi=nan
NaN in beta_*: layer 9, bs_iter=38, k=812, beta_mu=1.5569004182843522e+152, beta_phi=nan
NaN in beta_*: layer 9, bs_iter=38, k=824, beta_mu=6.014957154531926e+152, beta_phi=nan
NaN in beta_*: layer 9, bs_iter=38, k=825, beta_mu=9.304204929255553e+151, beta_phi=nan
NaN in beta_*: layer 9, bs_iter=38, k=830, beta_mu=1.251713909033616e+152, beta_phi=nan
NaN in beta_*: layer 9, bs_iter=38, k=832, beta_mu=1.1478209245271428e+152, beta_phi=nan
NaN in beta_*: layer 9, bs_iter=38, k=834, beta_mu=9.682946866654522e+151, beta_phi=nan
NaN in beta_*: layer 9, bs_iter=38, k=835, beta_mu=9.80979797169473e+151, beta_phi=nan
NaN in beta_*: layer 9, bs_iter=38, k=836, beta_mu=1.3396629513807964e+152, beta_phi=nan
NaN in beta_*: layer 9, bs_iter=38, k=837, beta_mu=1.1110883324799665e+152, beta_phi=nan
NaN in beta_*: layer 9, bs_iter=38, k=840, beta_mu=1.0954388595828682e+152, beta_phi=nan
NaN in beta_*: layer 9, bs_iter=38, k=842, beta_mu=1.2519005147487555e+152, beta_phi=nan
NaN in beta_*: layer 9, bs_iter=38, k=844, beta_mu=1.1995263040497174e+152, beta_phi=nan
NaN in beta_*: layer 9, bs_iter=38, k=850, beta_mu=9.602838507163017e+151, beta_phi=nan
NaN in beta_*: layer 9, bs_iter=38, k=851, beta_mu=2.2318663724489655e+153, beta_phi=nan
NaN in beta_*: layer 9, bs_iter=38, k=853, beta_mu=9.192827313234353e+151, beta_phi=nan
NaN in beta_*: layer 9, bs_iter=38, k=854, beta_mu=2.478936021569875e+152, beta_phi=nan
NaN in beta_*: layer 9, bs_iter=38, k=855, beta_mu=1.1087678663561855e+152, beta_phi=nan
NaN in beta_*: layer 9, bs_iter=38, k=858, beta_mu=2.3375267266349655e+152, beta_phi=nan
NaN in beta_*: layer 9, bs_iter=38, k=861, beta_mu=1.816714093892692e+152, beta_phi=nan
NaN in beta_*: layer 9, bs_iter=38, k=863, beta_mu=3.4326383039325093e+152, beta_phi=nan
NaN in beta_*: layer 9, bs_iter=38, k=870, beta_mu=3.405165912751672e+152, beta_phi=nan
NaN in beta_*: layer 9, bs_iter=38, k=872, beta_mu=2.47271048146086e+152, beta_phi=nan
NaN in beta_*: layer 9, bs_iter=38, k=875, beta_mu=3.582701312732997e+152, beta_phi=nan
NaN in beta_*: layer 9, bs_iter=38, k=879, beta_mu=8.593813837756171e+152, beta_phi=nan
NaN in beta_*: layer 9, bs_iter=38, k=880, beta_mu=1.163927827265659e+152, beta_phi=nan
NaN in beta_*: layer 9, bs_iter=38, k=881, beta_mu=3.536970040455099e+152, beta_phi=nan
NaN in beta_*: layer 9, bs_iter=38, k=888, beta_mu=2.4553242879832003e+152, beta_phi=nan
NaN in beta_*: layer 9, bs_iter=38, k=889, beta_mu=2.0075958930652774e+152, beta_phi=nan
NaN in beta_*: layer 9, bs_iter=38, k=892, beta_mu=3.5241946827855096e+152, beta_phi=nan
NaN in beta_*: layer 9, bs_iter=38, k=895, beta_mu=3.1118678676588285e+152, beta_phi=nan
NaN in beta_*: layer 9, bs_iter=38, k=896, beta_mu=3.5490125222388057e+152, beta_phi=nan
NaN in beta_*: layer 9, bs_iter=38, k=900, beta_mu=3.536253366208052e+152, beta_phi=nan
NaN in beta_*: layer 9, bs_iter=38, k=901, beta_mu=3.608873949823583e+152, beta_phi=nan
NaN in beta_*: layer 9, bs_iter=38, k=903, beta_mu=1.1904401294509312e+152, beta_phi=nan
NaN in beta_*: layer 9, bs_iter=38, k=904, beta_mu=2.0135834265762603e+152, beta_phi=nan
NaN in beta_*: layer 9, bs_iter=38, k=907, beta_mu=2.334718079959041e+152, beta_phi=nan
NaN in beta_*: layer 9, bs_iter=38, k=908, beta_mu=1.7841122894514595e+152, beta_phi=nan
NaN in beta_*: layer 9, bs_iter=38, k=909, beta_mu=3.5023015832499763e+152, beta_phi=nan
NaN in beta_*: layer 9, bs_iter=38, k=911, beta_mu=2.543402391200773e+152, beta_phi=nan
NaN in beta_*: layer 9, bs_iter=38, k=912, beta_mu=2.822250412214292e+152, beta_phi=nan
NaN in beta_*: layer 9, bs_iter=38, k=914, beta_mu=1.1849889026111399e+152, beta_phi=nan
NaN in beta_*: layer 9, bs_iter=38, k=915, beta_mu=1.0802426476949068e+152, beta_phi=nan
NaN in beta_*: layer 9, bs_iter=38, k=917, beta_mu=2.570103657757513e+152, beta_phi=nan
NaN in beta_*: layer 9, bs_iter=38, k=918, beta_mu=1.2240074398333661e+152, beta_phi=nan
NaN in beta_*: layer 9, bs_iter=38, k=919, beta_mu=1.7612648522335552e+152, beta_phi=nan
NaN in beta_*: layer 9, bs_iter=38, k=921, beta_mu=1.2302082971798299e+152, beta_phi=nan
NaN in beta_*: layer 9, bs_iter=38, k=923, beta_mu=1.2179229808856806e+152, beta_phi=nan
NaN in beta_*: layer 9, bs_iter=38, k=924, beta_mu=2.1109520898305196e+152, beta_phi=nan
NaN in beta_*: layer 9, bs_iter=38, k=925, beta_mu=2.5213891896193853e+152, beta_phi=nan
NaN in beta_*: layer 9, bs_iter=38, k=926, beta_mu=2.494427801983162e+152, beta_phi=nan
NaN in beta_*: layer 9, bs_iter=38, k=927, beta_mu=9.590936050010795e+151, beta_phi=nan
NaN in beta_*: layer 9, bs_iter=38, k=929, beta_mu=2.115956097535243e+152, beta_phi=nan
NaN in beta_*: layer 9, bs_iter=38, k=930, beta_mu=1.979125022569056e+152, beta_phi=nan
NaN in beta_*: layer 9, bs_iter=38, k=931, beta_mu=1.0972828803158436e+152, beta_phi=nan
NaN in beta_*: layer 9, bs_iter=38, k=933, beta_mu=9.192026650631142e+151, beta_phi=nan
NaN in beta_*: layer 9, bs_iter=38, k=937, beta_mu=1.9869045093525493e+152, beta_phi=nan
NaN in beta_*: layer 9, bs_iter=38, k=938, beta_mu=1.9924014020351292e+152, beta_phi=nan
NaN in beta_*: layer 9, bs_iter=38, k=940, beta_mu=1.817480837426716e+152, beta_phi=nan
NaN in beta_*: layer 9, bs_iter=38, k=941, beta_mu=3.470116793915222e+152, beta_phi=nan
NaN in beta_*: layer 9, bs_iter=38, k=943, beta_mu=3.7029359947980697e+152, beta_phi=nan
NaN in beta_*: layer 9, bs_iter=38, k=945, beta_mu=1.3344655328019041e+152, beta_phi=nan
NaN in beta_*: layer 9, bs_iter=38, k=947, beta_mu=2.3075200971933055e+152, beta_phi=nan
NaN in beta_*: layer 9, bs_iter=38, k=948, beta_mu=1.0649039500800787e+152, beta_phi=nan
NaN in beta_*: layer 9, bs_iter=38, k=949, beta_mu=2.642961972511498e+152, beta_phi=nan
NaN in beta_*: layer 9, bs_iter=38, k=950, beta_mu=1.6750005898870762e+152, beta_phi=nan
NaN in beta_*: layer 9, bs_iter=38, k=951, beta_mu=1.7611505739043945e+152, beta_phi=nan
NaN in beta_*: layer 9, bs_iter=38, k=952, beta_mu=2.3279916654201973e+152, beta_phi=nan
NaN in beta_*: layer 9, bs_iter=38, k=953, beta_mu=2.178176822319428e+152, beta_phi=nan
NaN in beta_*: layer 9, bs_iter=38, k=955, beta_mu=1.1742063016563398e+152, beta_phi=nan
NaN in beta_*: layer 9, bs_iter=38, k=956, beta_mu=1.7089165586176374e+152, beta_phi=nan
NaN in beta_*: layer 9, bs_iter=38, k=958, beta_mu=2.215003995750097e+152, beta_phi=nan
NaN in beta_*: layer 9, bs_iter=38, k=959, beta_mu=2.1705605550740737e+152, beta_phi=nan
NaN in beta_*: layer 9, bs_iter=38, k=962, beta_mu=2.2205085869053984e+152, beta_phi=nan
NaN in beta_*: layer 9, bs_iter=38, k=964, beta_mu=2.1113570607736576e+152, beta_phi=nan
NaN in beta_*: layer 9, bs_iter=38, k=966, beta_mu=3.1156331820029746e+152, beta_phi=nan
NaN in beta_*: layer 9, bs_iter=38, k=967, beta_mu=2.2165671543729283e+152, beta_phi=nan
NaN in beta_*: layer 9, bs_iter=38, k=968, beta_mu=1.760547277099043e+152, beta_phi=nan
NaN in beta_*: layer 9, bs_iter=38, k=969, beta_mu=2.2347940649248613e+152, beta_phi=nan
NaN in beta_*: layer 9, bs_iter=38, k=970, beta_mu=1.781744731125329e+152, beta_phi=nan
NaN in beta_*: layer 9, bs_iter=38, k=972, beta_mu=3.1511194952598736e+152, beta_phi=nan
NaN in beta_*: layer 9, bs_iter=38, k=973, beta_mu=1.8288322103094192e+152, beta_phi=nan
NaN in beta_*: layer 9, bs_iter=38, k=975, beta_mu=1.9973322574753886e+152, beta_phi=nan
NaN in beta_*: layer 9, bs_iter=38, k=977, beta_mu=2.2793327303224275e+152, beta_phi=nan
NaN in beta_*: layer 9, bs_iter=38, k=982, beta_mu=2.2525128126388573e+152, beta_phi=nan
NaN in beta_*: layer 9, bs_iter=38, k=985, beta_mu=3.0651092428555274e+152, beta_phi=nan
NaN in beta_*: layer 9, bs_iter=38, k=987, beta_mu=2.0859116135430844e+152, beta_phi=nan
NaN in beta_*: layer 9, bs_iter=38, k=989, beta_mu=3.0991006943377673e+152, beta_phi=nan
NaN in beta_*: layer 9, bs_iter=38, k=993, beta_mu=2.3247610429752696e+152, beta_phi=nan
NaN in beta_*: layer 9, bs_iter=38, k=998, beta_mu=2.1489939988094326e+152, beta_phi=nan
NaN in beta_*: layer 9, bs_iter=38, k=1000, beta_mu=3.0278657770343297e+152, beta_phi=nan
NaN in beta_*: layer 9, bs_iter=38, k=1001, beta_mu=2.896804005549805e+152, beta_phi=nan
NaN in beta_*: layer 9, bs_iter=38, k=1003, beta_mu=2.964093035819187e+152, beta_phi=nan
NaN in beta_*: layer 9, bs_iter=38, k=1006, beta_mu=2.964093936120051e+152, beta_phi=nan
NaN in beta_*: layer 9, bs_iter=38, k=1007, beta_mu=2.1000622862508033e+152, beta_phi=nan
NaN in beta_*: layer 9, bs_iter=38, k=1008, beta_mu=2.100060742167022e+152, beta_phi=nan
NaN in beta_*: layer 9, bs_iter=38, k=1009, beta_mu=1.7766934017125147e+152, beta_phi=nan
NaN in beta_*: layer 9, bs_iter=38, k=1011, beta_mu=8.264144303294678e+152, beta_phi=nan
NaN in beta_*: layer 9, bs_iter=38, k=1012, beta_mu=1.084082637864429e+152, beta_phi=nan
NaN in beta_*: layer 9, bs_iter=38, k=1013, beta_mu=2.3620904288545553e+152, beta_phi=nan
NaN in beta_*: layer 9, bs_iter=38, k=1014, beta_mu=5.753525526684536e+152, beta_phi=nan
NaN in beta_*: layer 9, bs_iter=38, k=1015, beta_mu=9.10720168928907e+151, beta_phi=nan
NaN in beta_*: layer 9, bs_iter=38, k=1016, beta_mu=2.985509233968269e+152, beta_phi=nan
NaN in beta_*: layer 9, bs_iter=38, k=1020, beta_mu=1.7709098232623977e+152, beta_phi=nan
NaN in beta_*: layer 9, bs_iter=38, k=1021, beta_mu=2.198849785796129e+152, beta_phi=nan
NaN in beta_*: layer 9, bs_iter=38, k=1025, beta_mu=2.330872367335947e+152, beta_phi=nan
NaN in beta_*: layer 9, bs_iter=38, k=1028, beta_mu=1.232690459435097e+152, beta_phi=nan
NaN in beta_*: layer 9, bs_iter=38, k=1029, beta_mu=1.3242863341865135e+152, beta_phi=nan
NaN in beta_*: layer 9, bs_iter=38, k=1030, beta_mu=1.2509886885093154e+152, beta_phi=nan
NaN in beta_*: layer 9, bs_iter=38, k=1031, beta_mu=1.2509888457521479e+152, beta_phi=nan
NaN in beta_*: layer 9, bs_iter=38, k=1032, beta_mu=1.250991661922558e+152, beta_phi=nan
NaN in beta_*: layer 9, bs_iter=38, k=1033, beta_mu=1.980809581692023e+152, beta_phi=nan
NaN in beta_*: layer 9, bs_iter=38, k=1034, beta_mu=1.2509948117524175e+152, beta_phi=nan
NaN in beta_*: layer 9, bs_iter=38, k=1035, beta_mu=1.3707299013927437e+152, beta_phi=nan
NaN in beta_*: layer 9, bs_iter=38, k=1036, beta_mu=1.3935080395246594e+152, beta_phi=nan
NaN in beta_*: layer 9, bs_iter=38, k=1038, beta_mu=1.2509942208170675e+152, beta_phi=nan
NaN in beta_*: layer 9, bs_iter=38, k=1039, beta_mu=1.3935068793046844e+152, beta_phi=nan
NaN in beta_*: layer 9, bs_iter=38, k=1040, beta_mu=1.250994072419091e+152, beta_phi=nan
NaN in beta_*: layer 9, bs_iter=38, k=1041, beta_mu=1.2509924225081704e+152, beta_phi=nan
NaN in beta_*: layer 9, bs_iter=38, k=1042, beta_mu=1.2509934761706356e+152, beta_phi=nan
NaN in beta_*: layer 9, bs_iter=38, k=1044, beta_mu=9.748940969335669e+151, beta_phi=nan
NaN in beta_*: layer 9, bs_iter=38, k=1045, beta_mu=9.966609829078253e+151, beta_phi=nan
NaN in beta_*: layer 9, bs_iter=38, k=1046, beta_mu=9.382955080272273e+151, beta_phi=nan
NaN in beta_*: layer 9, bs_iter=38, k=1047, beta_mu=1.5511400637353425e+152, beta_phi=nan
NaN in beta_*: layer 9, bs_iter=38, k=1051, beta_mu=1.29040809456669e+152, beta_phi=nan
NaN in beta_*: layer 9, bs_iter=38, k=1061, beta_mu=9.946322131592941e+151, beta_phi=nan
NaN in beta_*: layer 9, bs_iter=38, k=1062, beta_mu=1.0211585213697718e+152, beta_phi=nan
NaN in beta_*: layer 9, bs_iter=38, k=1064, beta_mu=4.569824775222684e+152, beta_phi=nan
NaN in beta_*: layer 9, bs_iter=38, k=1065, beta_mu=7.356113731983813e+152, beta_phi=nan
NaN in beta_*: layer 9, bs_iter=38, k=1069, beta_mu=1.0304370732972142e+152, beta_phi=nan
NaN in beta_*: layer 9, bs_iter=38, k=1071, beta_mu=5.82988597741954e+152, beta_phi=nan
NaN in beta_*: layer 9, bs_iter=38, k=1073, beta_mu=1.5310911244033734e+152, beta_phi=nan
NaN in beta_*: layer 9, bs_iter=38, k=1076, beta_mu=1.1364265766887408e+152, beta_phi=nan
NaN in beta_*: layer 9, bs_iter=38, k=1079, beta_mu=6.950453189005066e+152, beta_phi=nan
NaN in beta_*: layer 9, bs_iter=38, k=1080, beta_mu=2.104163748609892e+152, beta_phi=nan
NaN in beta_*: layer 9, bs_iter=38, k=1083, beta_mu=1.198365665661693e+152, beta_phi=nan
NaN in beta_*: layer 9, bs_iter=38, k=1085, beta_mu=1.5169794406600027e+152, beta_phi=nan
NaN in beta_*: layer 9, bs_iter=38, k=1086, beta_mu=4.861485605170662e+152, beta_phi=nan
NaN in beta_*: layer 9, bs_iter=38, k=1088, beta_mu=1.9981412307422613e+152, beta_phi=nan
NaN in beta_*: layer 9, bs_iter=38, k=1089, beta_mu=6.896170981979971e+152, beta_phi=nan
NaN in beta_*: layer 9, bs_iter=38, k=1091, beta_mu=1.8558176172929637e+152, beta_phi=nan
NaN in beta_*: layer 9, bs_iter=38, k=1093, beta_mu=8.937727881356357e+151, beta_phi=nan
NaN in beta_*: layer 9, bs_iter=38, k=1094, beta_mu=6.928811892252018e+152, beta_phi=nan
NaN in beta_*: layer 9, bs_iter=38, k=1095, beta_mu=1.0934566348447892e+152, beta_phi=nan
NaN in beta_*: layer 9, bs_iter=38, k=1096, beta_mu=1.2833513335201133e+152, beta_phi=nan
NaN in beta_*: layer 9, bs_iter=38, k=1097, beta_mu=2.524429017323839e+152, beta_phi=nan
NaN in beta_*: layer 9, bs_iter=38, k=1099, beta_mu=3.0935563186335644e+152, beta_phi=nan
NaN in beta_*: layer 9, bs_iter=38, k=1100, beta_mu=1.146523739293579e+152, beta_phi=nan
NaN in beta_*: layer 9, bs_iter=38, k=1101, beta_mu=1.305966347741867e+152, beta_phi=nan
NaN in beta_*: layer 9, bs_iter=38, k=1105, beta_mu=2.6283822580734954e+152, beta_phi=nan
NaN in beta_*: layer 9, bs_iter=38, k=1108, beta_mu=1.838991367076949e+152, beta_phi=nan
NaN in beta_*: layer 9, bs_iter=38, k=1109, beta_mu=1.3491326277500286e+153, beta_phi=nan
NaN in beta_*: layer 9, bs_iter=38, k=1110, beta_mu=1.6536767782330462e+152, beta_phi=nan
NaN in beta_*: layer 9, bs_iter=38, k=1115, beta_mu=2.5648768227484818e+152, beta_phi=nan
NaN in beta_*: layer 9, bs_iter=38, k=1119, beta_mu=1.572506804427278e+152, beta_phi=nan
NaN in beta_*: layer 9, bs_iter=38, k=1120, beta_mu=1.5522017767395396e+152, beta_phi=nan
NaN in beta_*: layer 9, bs_iter=38, k=1123, beta_mu=1.0670358087765487e+153, beta_phi=nan
NaN in beta_*: layer 9, bs_iter=38, k=1124, beta_mu=3.9494964042443997e+152, beta_phi=nan
NaN in beta_*: layer 9, bs_iter=38, k=1125, beta_mu=1.6320100976789767e+152, beta_phi=nan
NaN in beta_*: layer 9, bs_iter=38, k=1126, beta_mu=1.608447183761035e+152, beta_phi=nan
NaN in beta_*: layer 9, bs_iter=38, k=1127, beta_mu=2.543529765066941e+152, beta_phi=nan
NaN in beta_*: layer 9, bs_iter=38, k=1128, beta_mu=2.3838064378058077e+152, beta_phi=nan
NaN in beta_*: layer 9, bs_iter=38, k=1129, beta_mu=1.6275315128337783e+152, beta_phi=nan
NaN in beta_*: layer 9, bs_iter=38, k=1130, beta_mu=1.689393501475211e+152, beta_phi=nan
NaN in beta_*: layer 9, bs_iter=38, k=1131, beta_mu=2.829790766135362e+152, beta_phi=nan
NaN in beta_*: layer 9, bs_iter=38, k=1132, beta_mu=2.883177297508267e+152, beta_phi=nan
NaN in beta_*: layer 9, bs_iter=38, k=1134, beta_mu=1.585858983221826e+153, beta_phi=nan
NaN in beta_*: layer 9, bs_iter=38, k=1138, beta_mu=1.063273533893432e+152, beta_phi=nan
NaN in beta_*: layer 9, bs_iter=38, k=1139, beta_mu=2.8128411379883634e+152, beta_phi=nan
NaN in beta_*: layer 9, bs_iter=38, k=1140, beta_mu=2.813709354554532e+152, beta_phi=nan
NaN in beta_*: layer 9, bs_iter=38, k=1141, beta_mu=1.8241335458915264e+152, beta_phi=nan
NaN in beta_*: layer 9, bs_iter=38, k=1143, beta_mu=2.7348630194769015e+152, beta_phi=nan
NaN in beta_*: layer 9, bs_iter=38, k=1146, beta_mu=2.7682165993352358e+152, beta_phi=nan
NaN in beta_*: layer 9, bs_iter=38, k=1148, beta_mu=2.699884541336651e+152, beta_phi=nan
NaN in beta_*: layer 9, bs_iter=38, k=1150, beta_mu=1.0132985294822451e+152, beta_phi=nan
NaN in beta_*: layer 9, bs_iter=38, k=1154, beta_mu=1.4704066563226324e+152, beta_phi=nan
NaN in beta_*: layer 9, bs_iter=38, k=1155, beta_mu=4.289117860437254e+152, beta_phi=nan
NaN in beta_*: layer 9, bs_iter=38, k=1156, beta_mu=1.370109210951498e+153, beta_phi=nan
NaN in beta_*: layer 9, bs_iter=38, k=1158, beta_mu=5.199960514078231e+152, beta_phi=nan
NaN in beta_*: layer 9, bs_iter=38, k=1159, beta_mu=3.699341276827463e+152, beta_phi=nan
NaN in beta_*: layer 9, bs_iter=38, k=1160, beta_mu=4.590268197482837e+152, beta_phi=nan
NaN in beta_*: layer 9, bs_iter=38, k=1161, beta_mu=1.6025618753000793e+152, beta_phi=nan
NaN in beta_*: layer 9, bs_iter=38, k=1162, beta_mu=1.7140843150820872e+152, beta_phi=nan
NaN in beta_*: layer 9, bs_iter=38, k=1163, beta_mu=4.407583851629468e+152, beta_phi=nan
NaN in beta_*: layer 9, bs_iter=38, k=1164, beta_mu=1.1654128673242896e+152, beta_phi=nan
NaN in beta_*: layer 9, bs_iter=38, k=1165, beta_mu=1.127468930971106e+152, beta_phi=nan
NaN in beta_*: layer 9, bs_iter=38, k=1166, beta_mu=1.168368222579295e+152, beta_phi=nan
NaN in beta_*: layer 9, bs_iter=38, k=1169, beta_mu=1.292439821183006e+152, beta_phi=nan
NaN in beta_*: layer 9, bs_iter=38, k=1170, beta_mu=2.3794729177604616e+152, beta_phi=nan
NaN in beta_*: layer 9, bs_iter=38, k=1171, beta_mu=9.002190926678029e+151, beta_phi=nan
NaN in beta_*: layer 9, bs_iter=38, k=1172, beta_mu=1.8514843267226244e+152, beta_phi=nan
NaN in beta_*: layer 9, bs_iter=38, k=1173, beta_mu=9.128682613605605e+151, beta_phi=nan
NaN in beta_*: layer 9, bs_iter=38, k=1174, beta_mu=8.086523849323631e+152, beta_phi=nan
NaN in beta_*: layer 9, bs_iter=38, k=1178, beta_mu=1.0395270641940539e+153, beta_phi=nan
NaN in beta_*: layer 9, bs_iter=38, k=1182, beta_mu=3.341716342332975e+152, beta_phi=nan
NaN in beta_*: layer 9, bs_iter=38, k=1183, beta_mu=2.4674815907656357e+152, beta_phi=nan
NaN in beta_*: layer 9, bs_iter=38, k=1185, beta_mu=1.009741090176696e+152, beta_phi=nan
NaN in beta_*: layer 9, bs_iter=38, k=1187, beta_mu=8.554791501709859e+152, beta_phi=nan
NaN in beta_*: layer 9, bs_iter=38, k=1188, beta_mu=1.0401434041252223e+153, beta_phi=nan
NaN in beta_*: layer 9, bs_iter=38, k=1189, beta_mu=1.8483930321544747e+152, beta_phi=nan
NaN in beta_*: layer 9, bs_iter=38, k=1191, beta_mu=3.343478409970672e+152, beta_phi=nan
NaN in beta_*: layer 9, bs_iter=38, k=1193, beta_mu=1.719545397107681e+152, beta_phi=nan
NaN in beta_*: layer 9, bs_iter=38, k=1195, beta_mu=1.2641041688804273e+152, beta_phi=nan
NaN in beta_*: layer 9, bs_iter=38, k=1199, beta_mu=1.0447581805998484e+152, beta_phi=nan
NaN in beta_*: layer 9, bs_iter=38, k=1202, beta_mu=1.0447574208564126e+152, beta_phi=nan
NaN in beta_*: layer 9, bs_iter=38, k=1203, beta_mu=3.7823646601507755e+152, beta_phi=nan
NaN in beta_*: layer 9, bs_iter=38, k=1205, beta_mu=9.171494145759552e+151, beta_phi=nan
NaN in beta_*: layer 9, bs_iter=38, k=1206, beta_mu=1.536929455039421e+152, beta_phi=nan
NaN in beta_*: layer 9, bs_iter=38, k=1208, beta_mu=2.2511922520053265e+152, beta_phi=nan
NaN in beta_*: layer 9, bs_iter=38, k=1210, beta_mu=1.7511241548209354e+152, beta_phi=nan
NaN in beta_*: layer 9, bs_iter=38, k=1211, beta_mu=3.762025125131612e+152, beta_phi=nan
NaN in beta_*: layer 9, bs_iter=38, k=1212, beta_mu=1.7203690624515426e+152, beta_phi=nan
NaN in beta_*: layer 9, bs_iter=38, k=1214, beta_mu=1.6462804008180707e+152, beta_phi=nan
NaN in beta_*: layer 9, bs_iter=38, k=1215, beta_mu=1.6462781118995758e+152, beta_phi=nan
NaN in beta_*: layer 9, bs_iter=38, k=1216, beta_mu=1.6293453601689708e+152, beta_phi=nan
NaN in beta_*: layer 9, bs_iter=38, k=1219, beta_mu=9.342432253896527e+152, beta_phi=nan
NaN in beta_*: layer 9, bs_iter=38, k=1220, beta_mu=1.3533122690498267e+152, beta_phi=nan
NaN in beta_*: layer 9, bs_iter=38, k=1222, beta_mu=1.499184081442868e+152, beta_phi=nan
NaN in beta_*: layer 9, bs_iter=38, k=1223, beta_mu=4.136681661589405e+152, beta_phi=nan
NaN in beta_*: layer 9, bs_iter=38, k=1227, beta_mu=1.7093436850971767e+152, beta_phi=nan
NaN in beta_*: layer 9, bs_iter=38, k=1228, beta_mu=1.6586590281354894e+152, beta_phi=nan
NaN in beta_*: layer 9, bs_iter=38, k=1230, beta_mu=1.8310902008832216e+152, beta_phi=nan
NaN in beta_*: layer 9, bs_iter=38, k=1234, beta_mu=4.367080398708547e+152, beta_phi=nan
NaN in beta_*: layer 9, bs_iter=38, k=1237, beta_mu=4.209588326476615e+152, beta_phi=nan
NaN in beta_*: layer 9, bs_iter=38, k=1242, beta_mu=2.2013913231332056e+152, beta_phi=nan
NaN in beta_*: layer 9, bs_iter=38, k=1252, beta_mu=2.599054897088507e+152, beta_phi=nan
NaN in beta_*: layer 9, bs_iter=38, k=1253, beta_mu=6.531287838664635e+152, beta_phi=nan
NaN in beta_*: layer 9, bs_iter=38, k=1255, beta_mu=2.2013913660191413e+152, beta_phi=nan
NaN in beta_*: layer 9, bs_iter=38, k=1256, beta_mu=4.209588129212231e+152, beta_phi=nan
NaN in beta_*: layer 9, bs_iter=38, k=1261, beta_mu=5.426113451757687e+152, beta_phi=nan
NaN in beta_*: layer 9, bs_iter=38, k=1265, beta_mu=2.272377220911701e+152, beta_phi=nan
NaN in beta_*: layer 9, bs_iter=38, k=1269, beta_mu=4.0856233551786563e+152, beta_phi=nan
NaN in beta_*: layer 9, bs_iter=38, k=1270, beta_mu=6.315723951036218e+152, beta_phi=nan
NaN in beta_*: layer 9, bs_iter=38, k=1271, beta_mu=4.0856224251584187e+152, beta_phi=nan
NaN in beta_*: layer 9, bs_iter=38, k=1272, beta_mu=3.896196892913171e+152, beta_phi=nan
NaN in beta_*: layer 9, bs_iter=38, k=1273, beta_mu=5.928824646715407e+152, beta_phi=nan
NaN in beta_*: layer 9, bs_iter=38, k=1275, beta_mu=6.308156630196269e+152, beta_phi=nan
NaN in beta_*: layer 9, bs_iter=38, k=1276, beta_mu=1.1640548680470458e+152, beta_phi=nan
NaN in beta_*: layer 9, bs_iter=38, k=1277, beta_mu=5.487600663404521e+152, beta_phi=nan
NaN in beta_*: layer 9, bs_iter=38, k=1278, beta_mu=4.858778990884414e+152, beta_phi=nan
NaN in beta_*: layer 9, bs_iter=38, k=1279, beta_mu=5.622578491238082e+152, beta_phi=nan
NaN in beta_*: layer 9, bs_iter=38, k=1280, beta_mu=6.74915306045545e+152, beta_phi=nan
NaN in beta_*: layer 9, bs_iter=38, k=1281, beta_mu=1.3564557698178269e+152, beta_phi=nan
NaN in beta_*: layer 9, bs_iter=38, k=1283, beta_mu=2.0869004896613073e+152, beta_phi=nan
NaN in beta_*: layer 9, bs_iter=38, k=1285, beta_mu=4.281671548168405e+152, beta_phi=nan
NaN in beta_*: layer 9, bs_iter=38, k=1286, beta_mu=6.351592509906748e+152, beta_phi=nan
NaN in beta_*: layer 9, bs_iter=38, k=1287, beta_mu=4.767710843391187e+152, beta_phi=nan
NaN in beta_*: layer 9, bs_iter=38, k=1288, beta_mu=1.0450134971263287e+152, beta_phi=nan
NaN in beta_*: layer 9, bs_iter=38, k=1290, beta_mu=5.57808305574498e+152, beta_phi=nan
NaN in beta_*: layer 9, bs_iter=38, k=1292, beta_mu=5.11160898488985e+152, beta_phi=nan
NaN in beta_*: layer 9, bs_iter=38, k=1293, beta_mu=6.361876136947944e+152, beta_phi=nan
NaN in beta_*: layer 9, bs_iter=38, k=1298, beta_mu=1.9873568633187572e+152, beta_phi=nan
NaN in beta_*: layer 9, bs_iter=38, k=1299, beta_mu=1.4702438738452916e+152, beta_phi=nan
NaN in beta_*: layer 9, bs_iter=38, k=1301, beta_mu=2.964769824816933e+152, beta_phi=nan
NaN in beta_*: layer 9, bs_iter=38, k=1304, beta_mu=4.964656329564619e+152, beta_phi=nan
NaN in beta_*: layer 9, bs_iter=38, k=1305, beta_mu=2.7266667728370158e+152, beta_phi=nan
NaN in beta_*: layer 9, bs_iter=38, k=1306, beta_mu=4.598719580263887e+152, beta_phi=nan
NaN in beta_*: layer 9, bs_iter=38, k=1308, beta_mu=9.662033471653097e+151, beta_phi=nan
NaN in beta_*: layer 9, bs_iter=38, k=1309, beta_mu=2.9271455094429834e+152, beta_phi=nan
NaN in beta_*: layer 9, bs_iter=38, k=1310, beta_mu=8.78114245199688e+152, beta_phi=nan
NaN in beta_*: layer 9, bs_iter=38, k=1312, beta_mu=1.4018151262931026e+152, beta_phi=nan
NaN in beta_*: layer 9, bs_iter=38, k=1313, beta_mu=2.9824732229458864e+152, beta_phi=nan
NaN in beta_*: layer 9, bs_iter=38, k=1314, beta_mu=3.184630744852415e+152, beta_phi=nan
NaN in beta_*: layer 9, bs_iter=38, k=1315, beta_mu=3.2777742465789724e+152, beta_phi=nan
NaN in beta_*: layer 9, bs_iter=38, k=1316, beta_mu=1.3078316873549276e+152, beta_phi=nan
NaN in beta_*: layer 9, bs_iter=38, k=1318, beta_mu=8.3451730476334315e+152, beta_phi=nan
NaN in beta_*: layer 9, bs_iter=38, k=1319, beta_mu=4.415581285404801e+152, beta_phi=nan
NaN in beta_*: layer 9, bs_iter=38, k=1320, beta_mu=9.423186990771242e+151, beta_phi=nan
NaN in beta_*: layer 9, bs_iter=38, k=1321, beta_mu=1.4146194073313135e+153, beta_phi=nan
NaN in beta_*: layer 9, bs_iter=38, k=1323, beta_mu=5.115590030016759e+152, beta_phi=nan
NaN in beta_*: layer 9, bs_iter=38, k=1324, beta_mu=1.8493116228497282e+152, beta_phi=nan
NaN in beta_*: layer 9, bs_iter=38, k=1325, beta_mu=3.7854924323260567e+152, beta_phi=nan
NaN in beta_*: layer 9, bs_iter=38, k=1327, beta_mu=6.524538029774125e+152, beta_phi=nan
NaN in beta_*: layer 9, bs_iter=38, k=1328, beta_mu=2.693858236338499e+152, beta_phi=nan
NaN in beta_*: layer 9, bs_iter=38, k=1329, beta_mu=5.2948865781142465e+152, beta_phi=nan
NaN in beta_*: layer 9, bs_iter=38, k=1330, beta_mu=5.045744118955182e+152, beta_phi=nan
NaN in beta_*: layer 9, bs_iter=38, k=1331, beta_mu=4.28856952592543e+152, beta_phi=nan
NaN in beta_*: layer 9, bs_iter=38, k=1335, beta_mu=4.8845904706353855e+152, beta_phi=nan
NaN in beta_*: layer 9, bs_iter=38, k=1336, beta_mu=1.1887943608844682e+152, beta_phi=nan
NaN in beta_*: layer 9, bs_iter=38, k=1337, beta_mu=2.0419083994918597e+152, beta_phi=nan
NaN in beta_*: layer 9, bs_iter=38, k=1338, beta_mu=1.2452944350916265e+152, beta_phi=nan
NaN in beta_*: layer 9, bs_iter=38, k=1340, beta_mu=3.8763443382665145e+152, beta_phi=nan
NaN in beta_*: layer 9, bs_iter=38, k=1341, beta_mu=1.2576899772693404e+152, beta_phi=nan
NaN in beta_*: layer 9, bs_iter=38, k=1342, beta_mu=4.588462316942042e+152, beta_phi=nan
NaN in beta_*: layer 9, bs_iter=38, k=1343, beta_mu=4.884589279591312e+152, beta_phi=nan
NaN in beta_*: layer 9, bs_iter=38, k=1344, beta_mu=3.3411332098307443e+152, beta_phi=nan
NaN in beta_*: layer 9, bs_iter=38, k=1345, beta_mu=3.3547026009262616e+152, beta_phi=nan
NaN in beta_*: layer 9, bs_iter=38, k=1346, beta_mu=4.4779260242323945e+152, beta_phi=nan
NaN in beta_*: layer 9, bs_iter=38, k=1348, beta_mu=1.1124331585997018e+152, beta_phi=nan
NaN in beta_*: layer 9, bs_iter=38, k=1349, beta_mu=6.343658240307853e+152, beta_phi=nan
NaN in beta_*: layer 9, bs_iter=38, k=1351, beta_mu=1.5686589256465354e+152, beta_phi=nan
NaN in beta_*: layer 9, bs_iter=38, k=1353, beta_mu=3.0559923477513465e+152, beta_phi=nan
NaN in beta_*: layer 9, bs_iter=38, k=1354, beta_mu=3.0861203387420817e+152, beta_phi=nan
NaN in beta_*: layer 9, bs_iter=38, k=1356, beta_mu=4.867364288020151e+152, beta_phi=nan
NaN in beta_*: layer 9, bs_iter=38, k=1357, beta_mu=3.728153447135147e+152, beta_phi=nan
NaN in beta_*: layer 9, bs_iter=38, k=1359, beta_mu=2.4518174090975204e+152, beta_phi=nan
NaN in beta_*: layer 9, bs_iter=38, k=1360, beta_mu=4.867358746257349e+152, beta_phi=nan
NaN in beta_*: layer 9, bs_iter=38, k=1362, beta_mu=1.407446321159957e+152, beta_phi=nan
NaN in beta_*: layer 9, bs_iter=38, k=1363, beta_mu=4.459932568694871e+152, beta_phi=nan
NaN in beta_*: layer 9, bs_iter=38, k=1364, beta_mu=4.459943559119815e+152, beta_phi=nan
NaN in beta_*: layer 9, bs_iter=38, k=1365, beta_mu=1.5009167214634993e+152, beta_phi=nan
NaN in beta_*: layer 9, bs_iter=38, k=1366, beta_mu=1.672704626219152e+152, beta_phi=nan
NaN in beta_*: layer 9, bs_iter=38, k=1368, beta_mu=6.162633676348745e+152, beta_phi=nan
NaN in beta_*: layer 9, bs_iter=38, k=1369, beta_mu=5.909225154234135e+152, beta_phi=nan
NaN in beta_*: layer 9, bs_iter=38, k=1370, beta_mu=9.099193317261368e+151, beta_phi=nan
NaN in beta_*: layer 9, bs_iter=38, k=1371, beta_mu=4.459944404831635e+152, beta_phi=nan
NaN in beta_*: layer 9, bs_iter=38, k=1372, beta_mu=4.4652200300037e+152, beta_phi=nan
NaN in beta_*: layer 9, bs_iter=38, k=1373, beta_mu=4.5973335987562e+152, beta_phi=nan
NaN in beta_*: layer 9, bs_iter=38, k=1374, beta_mu=1.0039755334479119e+152, beta_phi=nan
NaN in beta_*: layer 9, bs_iter=38, k=1375, beta_mu=4.459941790555318e+152, beta_phi=nan
NaN in beta_*: layer 9, bs_iter=38, k=1376, beta_mu=5.344716420839247e+152, beta_phi=nan
NaN in beta_*: layer 9, bs_iter=38, k=1377, beta_mu=4.271144984610808e+152, beta_phi=nan
NaN in beta_*: layer 9, bs_iter=38, k=1379, beta_mu=2.3794606813722533e+152, beta_phi=nan
NaN in beta_*: layer 9, bs_iter=38, k=1381, beta_mu=4.1630242301188333e+152, beta_phi=nan
NaN in beta_*: layer 9, bs_iter=38, k=1382, beta_mu=6.57541445644928e+152, beta_phi=nan
NaN in beta_*: layer 9, bs_iter=38, k=1383, beta_mu=1.4422601381774773e+152, beta_phi=nan
NaN in beta_*: layer 9, bs_iter=38, k=1384, beta_mu=2.7088764894855813e+152, beta_phi=nan
NaN in beta_*: layer 9, bs_iter=38, k=1385, beta_mu=1.1190464559939275e+152, beta_phi=nan
NaN in beta_*: layer 9, bs_iter=38, k=1386, beta_mu=3.9635567903016227e+152, beta_phi=nan
NaN in beta_*: layer 9, bs_iter=38, k=1389, beta_mu=1.6592071554038461e+152, beta_phi=nan
NaN in beta_*: layer 9, bs_iter=38, k=1390, beta_mu=5.29346955447764e+152, beta_phi=nan
NaN in beta_*: layer 9, bs_iter=38, k=1391, beta_mu=1.778426719005084e+152, beta_phi=nan
NaN in beta_*: layer 9, bs_iter=38, k=1392, beta_mu=2.7305027617079107e+152, beta_phi=nan
NaN in beta_*: layer 9, bs_iter=38, k=1394, beta_mu=4.71413502915287e+152, beta_phi=nan
NaN in beta_*: layer 9, bs_iter=38, k=1397, beta_mu=3.920456442650545e+152, beta_phi=nan
NaN in beta_*: layer 9, bs_iter=38, k=1398, beta_mu=1.778431193300024e+152, beta_phi=nan
NaN in beta_*: layer 9, bs_iter=38, k=1399, beta_mu=9.666529213229938e+151, beta_phi=nan
NaN in beta_*: layer 9, bs_iter=38, k=1400, beta_mu=4.3405242170053855e+152, beta_phi=nan
NaN in beta_*: layer 9, bs_iter=38, k=1401, beta_mu=2.5314641669750887e+152, beta_phi=nan
NaN in beta_*: layer 9, bs_iter=38, k=1402, beta_mu=2.8499241553588993e+152, beta_phi=nan
NaN in beta_*: layer 9, bs_iter=38, k=1404, beta_mu=3.997213310614332e+152, beta_phi=nan
NaN in beta_*: layer 9, bs_iter=38, k=1405, beta_mu=2.677350736397494e+152, beta_phi=nan
NaN in beta_*: layer 9, bs_iter=38, k=1407, beta_mu=3.3147365948705635e+152, beta_phi=nan
NaN in beta_*: layer 9, bs_iter=38, k=1408, beta_mu=3.294344300336657e+152, beta_phi=nan
NaN in beta_*: layer 9, bs_iter=38, k=1409, beta_mu=9.543080489388067e+152, beta_phi=nan
NaN in beta_*: layer 9, bs_iter=38, k=1410, beta_mu=1.4977202899157046e+152, beta_phi=nan
NaN in beta_*: layer 9, bs_iter=38, k=1411, beta_mu=1.8942729445827296e+152, beta_phi=nan
NaN in beta_*: layer 9, bs_iter=38, k=1413, beta_mu=1.8218151432198034e+152, beta_phi=nan
NaN in beta_*: layer 9, bs_iter=38, k=1415, beta_mu=2.6820594296408805e+152, beta_phi=nan
NaN in beta_*: layer 9, bs_iter=38, k=1419, beta_mu=1.2678069817863993e+152, beta_phi=nan
NaN in beta_*: layer 9, bs_iter=38, k=1420, beta_mu=1.8865160420588575e+152, beta_phi=nan
NaN in beta_*: layer 9, bs_iter=38, k=1422, beta_mu=1.156579424178392e+152, beta_phi=nan
NaN in beta_*: layer 9, bs_iter=38, k=1423, beta_mu=1.5967649834813924e+152, beta_phi=nan
NaN in beta_*: layer 9, bs_iter=38, k=1426, beta_mu=1.938888401624891e+152, beta_phi=nan
NaN in beta_*: layer 9, bs_iter=38, k=1427, beta_mu=2.5205099864287714e+152, beta_phi=nan
NaN in beta_*: layer 9, bs_iter=38, k=1431, beta_mu=4.540132192902056e+152, beta_phi=nan
NaN in beta_*: layer 9, bs_iter=38, k=1432, beta_mu=4.879256470255136e+152, beta_phi=nan
NaN in beta_*: layer 9, bs_iter=38, k=1435, beta_mu=3.9830585678445154e+152, beta_phi=nan
NaN in beta_*: layer 9, bs_iter=38, k=1436, beta_mu=8.059854808727744e+152, beta_phi=nan
NaN in beta_*: layer 9, bs_iter=38, k=1437, beta_mu=8.286703701583068e+152, beta_phi=nan
NaN in beta_*: layer 9, bs_iter=38, k=1438, beta_mu=2.2569947192936603e+152, beta_phi=nan
NaN in beta_*: layer 9, bs_iter=38, k=1440, beta_mu=1.2898753795159611e+152, beta_phi=nan
NaN in beta_*: layer 9, bs_iter=38, k=1441, beta_mu=3.67341813964421e+152, beta_phi=nan
NaN in beta_*: layer 9, bs_iter=38, k=1442, beta_mu=3.5587937343696435e+152, beta_phi=nan
NaN in beta_*: layer 9, bs_iter=38, k=1443, beta_mu=3.5388911245040257e+152, beta_phi=nan
NaN in beta_*: layer 9, bs_iter=38, k=1444, beta_mu=3.545121117718312e+152, beta_phi=nan
NaN in beta_*: layer 9, bs_iter=38, k=1445, beta_mu=2.859259196901046e+152, beta_phi=nan
NaN in beta_*: layer 9, bs_iter=38, k=1446, beta_mu=3.2149082575024913e+152, beta_phi=nan
NaN in beta_*: layer 9, bs_iter=38, k=1448, beta_mu=1.3588342245500164e+152, beta_phi=nan
NaN in beta_*: layer 9, bs_iter=38, k=1450, beta_mu=8.452716354071018e+152, beta_phi=nan
NaN in beta_*: layer 9, bs_iter=38, k=1451, beta_mu=1.282927680836197e+152, beta_phi=nan
NaN in beta_*: layer 9, bs_iter=38, k=1452, beta_mu=1.3349491384645338e+152, beta_phi=nan
NaN in beta_*: layer 9, bs_iter=38, k=1453, beta_mu=1.7629711919066332e+152, beta_phi=nan
NaN in beta_*: layer 9, bs_iter=38, k=1454, beta_mu=1.9297164871470496e+152, beta_phi=nan
NaN in beta_*: layer 9, bs_iter=38, k=1455, beta_mu=4.117997778156574e+152, beta_phi=nan
NaN in beta_*: layer 9, bs_iter=38, k=1456, beta_mu=5.016727477205371e+152, beta_phi=nan
NaN in beta_*: layer 9, bs_iter=38, k=1457, beta_mu=1.0596473396838062e+152, beta_phi=nan
NaN in beta_*: layer 9, bs_iter=38, k=1461, beta_mu=1.338555159036818e+152, beta_phi=nan
NaN in beta_*: layer 9, bs_iter=38, k=1462, beta_mu=1.217413272556891e+152, beta_phi=nan
NaN in beta_*: layer 9, bs_iter=38, k=1464, beta_mu=1.1676031336098335e+152, beta_phi=nan
NaN in beta_*: layer 9, bs_iter=38, k=1468, beta_mu=1.290054758399219e+152, beta_phi=nan
NaN in beta_*: layer 9, bs_iter=38, k=1473, beta_mu=4.552606462133137e+152, beta_phi=nan
NaN in beta_*: layer 9, bs_iter=38, k=1475, beta_mu=1.001396388258221e+152, beta_phi=nan
NaN in beta_*: layer 9, bs_iter=38, k=1476, beta_mu=1.674502956227831e+152, beta_phi=nan
NaN in beta_*: layer 9, bs_iter=38, k=1479, beta_mu=9.475567659794758e+152, beta_phi=nan
NaN in beta_*: layer 9, bs_iter=38, k=1482, beta_mu=7.48934755905939e+152, beta_phi=nan
NaN in beta_*: layer 9, bs_iter=38, k=1483, beta_mu=6.73707566436138e+152, beta_phi=nan
NaN in beta_*: layer 9, bs_iter=38, k=1485, beta_mu=2.600421415572795e+152, beta_phi=nan
NaN in beta_*: layer 9, bs_iter=38, k=1486, beta_mu=2.5245305414978446e+152, beta_phi=nan
NaN in beta_*: layer 9, bs_iter=38, k=1487, beta_mu=1.3883755677243997e+152, beta_phi=nan
NaN in beta_*: layer 9, bs_iter=38, k=1488, beta_mu=1.3613871649030134e+152, beta_phi=nan
NaN in beta_*: layer 9, bs_iter=38, k=1489, beta_mu=2.508411309788908e+152, beta_phi=nan
NaN in beta_*: layer 9, bs_iter=38, k=1490, beta_mu=1.592087554793989e+152, beta_phi=nan
NaN in beta_*: layer 9, bs_iter=38, k=1496, beta_mu=1.3717683528158442e+152, beta_phi=nan
NaN in beta_*: layer 9, bs_iter=38, k=1498, beta_mu=1.0827228565016022e+152, beta_phi=nan
NaN in beta_*: layer 9, bs_iter=38, k=1499, beta_mu=1.4847363797139256e+152, beta_phi=nan
NaN in beta_*: layer 9, bs_iter=38, k=1510, beta_mu=5.42280226324743e+152, beta_phi=nan
NaN in beta_*: layer 9, bs_iter=38, k=1524, beta_mu=2.4595594119193944e+152, beta_phi=nan
NaN in beta_*: layer 9, bs_iter=38, k=1543, beta_mu=9.560134649360687e+151, beta_phi=nan
NaN in beta_*: layer 9, bs_iter=38, k=1547, beta_mu=9.560127922600721e+151, beta_phi=nan
NaN in beta_*: layer 9, bs_iter=38, k=1552, beta_mu=9.56011008037034e+151, beta_phi=nan
NaN in beta_*: layer 9, bs_iter=38, k=1555, beta_mu=9.560140249055537e+151, beta_phi=nan
NaN in beta_*: layer 9, bs_iter=38, k=1560, beta_mu=1.327358462971624e+152, beta_phi=nan
NaN in beta_*: layer 9, bs_iter=38, k=1585, beta_mu=1.3510556858010624e+152, beta_phi=nan
NaN in beta_*: layer 9, bs_iter=38, k=1586, beta_mu=2.242662141875699e+152, beta_phi=nan
NaN in beta_*: layer 9, bs_iter=38, k=1590, beta_mu=1.749669930668797e+152, beta_phi=nan
NaN in beta_*: layer 9, bs_iter=38, k=1593, beta_mu=2.3899276292441133e+152, beta_phi=nan
NaN in beta_*: layer 9, bs_iter=38, k=1597, beta_mu=1.5255482719801157e+152, beta_phi=nan
NaN in beta_*: layer 9, bs_iter=38, k=1598, beta_mu=2.508300153303391e+152, beta_phi=nan
NaN in beta_*: layer 9, bs_iter=38, k=1605, beta_mu=1.605987621575117e+152, beta_phi=nan
NaN in beta_*: layer 9, bs_iter=38, k=1608, beta_mu=2.402426707989365e+152, beta_phi=nan
NaN in beta_*: layer 9, bs_iter=38, k=1612, beta_mu=1.9356757055270361e+152, beta_phi=nan
NaN in beta_*: layer 9, bs_iter=38, k=1613, beta_mu=2.3967930402728696e+152, beta_phi=nan
NaN in beta_*: layer 9, bs_iter=38, k=1623, beta_mu=1.5745211372534581e+152, beta_phi=nan
NaN in beta_*: layer 9, bs_iter=38, k=1632, beta_mu=1.5602079972087054e+152, beta_phi=nan
NaN in beta_*: layer 9, bs_iter=38, k=1633, beta_mu=2.1595159295457507e+152, beta_phi=nan
NaN in beta_*: layer 9, bs_iter=38, k=1638, beta_mu=2.24314636794119e+152, beta_phi=nan
NaN in beta_*: layer 9, bs_iter=38, k=1643, beta_mu=1.872067830287263e+152, beta_phi=nan
NaN in beta_*: layer 9, bs_iter=38, k=1645, beta_mu=2.2431483192508526e+152, beta_phi=nan
NaN in beta_*: layer 9, bs_iter=38, k=1646, beta_mu=2.2006339296387824e+152, beta_phi=nan
NaN in beta_*: layer 9, bs_iter=38, k=1648, beta_mu=2.251008738024234e+152, beta_phi=nan
NaN in beta_*: layer 9, bs_iter=38, k=1649, beta_mu=2.2205228017192886e+152, beta_phi=nan
NaN in beta_*: layer 9, bs_iter=38, k=1650, beta_mu=1.0042633863391327e+152, beta_phi=nan
NaN in beta_*: layer 9, bs_iter=38, k=1652, beta_mu=1.4660342006876183e+152, beta_phi=nan
NaN in beta_*: layer 9, bs_iter=38, k=1653, beta_mu=1.0625340779205666e+152, beta_phi=nan
NaN in beta_*: layer 9, bs_iter=38, k=1654, beta_mu=1.7190454442154673e+152, beta_phi=nan
NaN in beta_*: layer 9, bs_iter=38, k=1655, beta_mu=1.1078744588949389e+152, beta_phi=nan
NaN in beta_*: layer 9, bs_iter=38, k=1658, beta_mu=3.0569246144386224e+152, beta_phi=nan
NaN in beta_*: layer 9, bs_iter=38, k=1659, beta_mu=1.3317394900118631e+152, beta_phi=nan
NaN in beta_*: layer 9, bs_iter=38, k=1660, beta_mu=1.10691694977746e+152, beta_phi=nan
NaN in beta_*: layer 9, bs_iter=38, k=1663, beta_mu=1.0482998931419971e+152, beta_phi=nan
NaN in beta_*: layer 9, bs_iter=38, k=1664, beta_mu=1.1553511287840772e+152, beta_phi=nan
NaN in beta_*: layer 9, bs_iter=38, k=1665, beta_mu=2.2892120048869907e+152, beta_phi=nan
NaN in beta_*: layer 9, bs_iter=38, k=1666, beta_mu=1.155640492891379e+152, beta_phi=nan
NaN in beta_*: layer 9, bs_iter=38, k=1667, beta_mu=2.5740759212504574e+152, beta_phi=nan
NaN in beta_*: layer 9, bs_iter=38, k=1668, beta_mu=1.1017797132211321e+152, beta_phi=nan
NaN in beta_*: layer 9, bs_iter=38, k=1669, beta_mu=1.6412727537612973e+152, beta_phi=nan
NaN in beta_*: layer 9, bs_iter=38, k=1671, beta_mu=2.289211652591001e+152, beta_phi=nan
NaN in beta_*: layer 9, bs_iter=38, k=1673, beta_mu=7.9752022116894625e+152, beta_phi=nan
NaN in beta_*: layer 9, bs_iter=38, k=1675, beta_mu=1.8816861683419811e+152, beta_phi=nan
NaN in beta_*: layer 9, bs_iter=38, k=1676, beta_mu=1.0883945131293596e+152, beta_phi=nan
NaN in beta_*: layer 9, bs_iter=38, k=1677, beta_mu=1.088393676588664e+152, beta_phi=nan
NaN in beta_*: layer 9, bs_iter=38, k=1678, beta_mu=2.4126501422126165e+152, beta_phi=nan
NaN in beta_*: layer 9, bs_iter=38, k=1679, beta_mu=1.382715268098953e+152, beta_phi=nan
NaN in beta_*: layer 9, bs_iter=38, k=1680, beta_mu=1.0216916022384554e+152, beta_phi=nan
NaN in beta_*: layer 9, bs_iter=38, k=1684, beta_mu=1.051327536644934e+152, beta_phi=nan
NaN in beta_*: layer 9, bs_iter=38, k=1685, beta_mu=2.8727912593413056e+152, beta_phi=nan
NaN in beta_*: layer 9, bs_iter=38, k=1686, beta_mu=2.88446021594223e+152, beta_phi=nan
NaN in beta_*: layer 9, bs_iter=38, k=1687, beta_mu=1.0567378259954445e+152, beta_phi=nan
NaN in beta_*: layer 9, bs_iter=38, k=1688, beta_mu=2.773499439080504e+152, beta_phi=nan
NaN in beta_*: layer 9, bs_iter=38, k=1689, beta_mu=2.805126893411861e+152, beta_phi=nan
NaN in beta_*: layer 9, bs_iter=38, k=1690, beta_mu=2.895791523107927e+152, beta_phi=nan
NaN in beta_*: layer 9, bs_iter=38, k=1692, beta_mu=2.153067457231205e+152, beta_phi=nan
NaN in beta_*: layer 9, bs_iter=38, k=1694, beta_mu=2.681522195222228e+152, beta_phi=nan
NaN in beta_*: layer 9, bs_iter=38, k=1695, beta_mu=3.7295686794023674e+152, beta_phi=nan
NaN in beta_*: layer 9, bs_iter=38, k=1696, beta_mu=3.7111969143683848e+152, beta_phi=nan
NaN in beta_*: layer 9, bs_iter=38, k=1697, beta_mu=1.0780534157895879e+152, beta_phi=nan
NaN in beta_*: layer 9, bs_iter=38, k=1698, beta_mu=2.996859157013716e+152, beta_phi=nan
NaN in beta_*: layer 9, bs_iter=38, k=1702, beta_mu=5.51941662492387e+152, beta_phi=nan
NaN in beta_*: layer 9, bs_iter=38, k=1704, beta_mu=3.6190001197777057e+152, beta_phi=nan
NaN in beta_*: layer 9, bs_iter=38, k=1705, beta_mu=2.3224566611382138e+152, beta_phi=nan
NaN in beta_*: layer 9, bs_iter=38, k=1706, beta_mu=4.060455146778553e+152, beta_phi=nan
NaN in beta_*: layer 9, bs_iter=38, k=1707, beta_mu=8.341229984352153e+152, beta_phi=nan
NaN in beta_*: layer 9, bs_iter=38, k=1710, beta_mu=1.065524041724507e+152, beta_phi=nan
NaN in beta_*: layer 9, bs_iter=38, k=1712, beta_mu=4.1009489919182254e+152, beta_phi=nan
NaN in beta_*: layer 9, bs_iter=38, k=1716, beta_mu=2.740362418883229e+152, beta_phi=nan
NaN in beta_*: layer 9, bs_iter=38, k=1718, beta_mu=3.5620701619016205e+152, beta_phi=nan
NaN in beta_*: layer 9, bs_iter=38, k=1721, beta_mu=2.605777553945734e+152, beta_phi=nan
NaN in beta_*: layer 9, bs_iter=38, k=1723, beta_mu=2.520693869499974e+152, beta_phi=nan
NaN in beta_*: layer 9, bs_iter=38, k=1724, beta_mu=3.8598261648503004e+152, beta_phi=nan
NaN in beta_*: layer 9, bs_iter=38, k=1730, beta_mu=4.741497787645152e+152, beta_phi=nan
NaN in beta_*: layer 9, bs_iter=38, k=1731, beta_mu=1.4272749042495235e+152, beta_phi=nan
NaN in beta_*: layer 9, bs_iter=38, k=1732, beta_mu=4.192465450894472e+152, beta_phi=nan
NaN in beta_*: layer 9, bs_iter=38, k=1733, beta_mu=9.730448376166815e+151, beta_phi=nan
NaN in beta_*: layer 9, bs_iter=38, k=1734, beta_mu=4.523375587801834e+152, beta_phi=nan
NaN in beta_*: layer 9, bs_iter=38, k=1735, beta_mu=4.671324255671641e+152, beta_phi=nan
NaN in beta_*: layer 9, bs_iter=38, k=1736, beta_mu=4.700892731987776e+152, beta_phi=nan
NaN in beta_*: layer 9, bs_iter=38, k=1737, beta_mu=4.611023766869175e+152, beta_phi=nan
NaN in beta_*: layer 9, bs_iter=38, k=1738, beta_mu=4.580217480029233e+152, beta_phi=nan
NaN in beta_*: layer 9, bs_iter=38, k=1739, beta_mu=4.371287086752215e+152, beta_phi=nan
NaN in beta_*: layer 9, bs_iter=38, k=1742, beta_mu=3.988140677880853e+152, beta_phi=nan
NaN in beta_*: layer 9, bs_iter=38, k=1743, beta_mu=4.724623602431936e+152, beta_phi=nan
NaN in beta_*: layer 9, bs_iter=38, k=1744, beta_mu=4.290622426738534e+152, beta_phi=nan
NaN in beta_*: layer 9, bs_iter=38, k=1745, beta_mu=4.724622322683388e+152, beta_phi=nan
NaN in beta_*: layer 9, bs_iter=38, k=1746, beta_mu=7.214805346035596e+152, beta_phi=nan
NaN in beta_*: layer 9, bs_iter=38, k=1747, beta_mu=6.675048610550952e+152, beta_phi=nan
NaN in beta_*: layer 9, bs_iter=38, k=1749, beta_mu=6.511292400460832e+152, beta_phi=nan
NaN in beta_*: layer 9, bs_iter=38, k=1750, beta_mu=6.513888999182086e+152, beta_phi=nan
NaN in beta_*: layer 9, bs_iter=38, k=1751, beta_mu=4.334964510565498e+152, beta_phi=nan
NaN in beta_*: layer 9, bs_iter=38, k=1752, beta_mu=1.8139364969096602e+152, beta_phi=nan
NaN in beta_*: layer 9, bs_iter=38, k=1753, beta_mu=1.3762973063861978e+152, beta_phi=nan
NaN in beta_*: layer 9, bs_iter=38, k=1754, beta_mu=6.300654294744395e+152, beta_phi=nan
NaN in beta_*: layer 9, bs_iter=38, k=1755, beta_mu=6.747433180029295e+152, beta_phi=nan
NaN in beta_*: layer 9, bs_iter=38, k=1756, beta_mu=1.778559774735983e+152, beta_phi=nan
NaN in beta_*: layer 9, bs_iter=38, k=1757, beta_mu=2.9072660332922597e+152, beta_phi=nan
NaN in beta_*: layer 9, bs_iter=38, k=1758, beta_mu=6.067019591977872e+152, beta_phi=nan
NaN in beta_*: layer 9, bs_iter=38, k=1759, beta_mu=1.7527251353480204e+152, beta_phi=nan
NaN in beta_*: layer 9, bs_iter=38, k=1761, beta_mu=1.049948531669722e+152, beta_phi=nan
NaN in beta_*: layer 9, bs_iter=38, k=1762, beta_mu=1.0980746637537557e+152, beta_phi=nan
NaN in beta_*: layer 9, bs_iter=38, k=1763, beta_mu=4.895635812504483e+152, beta_phi=nan
NaN in beta_*: layer 9, bs_iter=38, k=1766, beta_mu=1.057462805837705e+152, beta_phi=nan
NaN in beta_*: layer 9, bs_iter=38, k=1767, beta_mu=5.25882925229348e+152, beta_phi=nan
NaN in beta_*: layer 9, bs_iter=38, k=1773, beta_mu=9.653229841892016e+151, beta_phi=nan
NaN in beta_*: layer 9, bs_iter=38, k=1775, beta_mu=3.741375125730286e+152, beta_phi=nan
NaN in beta_*: layer 9, bs_iter=38, k=1776, beta_mu=5.321818799703141e+152, beta_phi=nan
NaN in beta_*: layer 9, bs_iter=38, k=1777, beta_mu=5.220665417484499e+152, beta_phi=nan
NaN in beta_*: layer 9, bs_iter=38, k=1780, beta_mu=2.3585260347329543e+152, beta_phi=nan
NaN in beta_*: layer 9, bs_iter=38, k=1782, beta_mu=2.5984219751438727e+152, beta_phi=nan
NaN in beta_*: layer 9, bs_iter=38, k=1783, beta_mu=2.5724950430597256e+152, beta_phi=nan
NaN in beta_*: layer 9, bs_iter=38, k=1784, beta_mu=2.685196185535893e+152, beta_phi=nan
NaN in beta_*: layer 9, bs_iter=38, k=1785, beta_mu=2.3707130960710034e+152, beta_phi=nan
NaN in beta_*: layer 9, bs_iter=38, k=1786, beta_mu=2.131568177260627e+152, beta_phi=nan
NaN in beta_*: layer 9, bs_iter=38, k=1787, beta_mu=8.489368665184074e+152, beta_phi=nan
NaN in beta_*: layer 9, bs_iter=38, k=1789, beta_mu=1.1134226980715635e+152, beta_phi=nan
NaN in beta_*: layer 9, bs_iter=38, k=1790, beta_mu=1.1137320566680633e+152, beta_phi=nan
NaN in beta_*: layer 9, bs_iter=38, k=1791, beta_mu=4.1499960367070776e+152, beta_phi=nan
NaN in beta_*: layer 9, bs_iter=38, k=1796, beta_mu=2.26590586879221e+152, beta_phi=nan
NaN in beta_*: layer 9, bs_iter=38, k=1797, beta_mu=4.482125542565718e+152, beta_phi=nan
NaN in beta_*: layer 9, bs_iter=38, k=1798, beta_mu=3.646026919495093e+152, beta_phi=nan
NaN in beta_*: layer 9, bs_iter=38, k=1802, beta_mu=4.515573210835155e+152, beta_phi=nan
NaN in beta_*: layer 9, bs_iter=38, k=1806, beta_mu=3.544339889873374e+152, beta_phi=nan
NaN in beta_*: layer 9, bs_iter=38, k=1809, beta_mu=4.384046722929158e+152, beta_phi=nan
NaN in beta_*: layer 9, bs_iter=38, k=1810, beta_mu=3.277945202528776e+152, beta_phi=nan
NaN in beta_*: layer 9, bs_iter=38, k=1811, beta_mu=1.2511130143483748e+152, beta_phi=nan
NaN in beta_*: layer 9, bs_iter=38, k=1812, beta_mu=1.4145884061899489e+152, beta_phi=nan
NaN in beta_*: layer 9, bs_iter=38, k=1814, beta_mu=1.2308058610732665e+152, beta_phi=nan
NaN in beta_*: layer 9, bs_iter=38, k=1815, beta_mu=1.1390596125860203e+152, beta_phi=nan
NaN in beta_*: layer 9, bs_iter=38, k=1816, beta_mu=1.2308051748878966e+152, beta_phi=nan
NaN in beta_*: layer 9, bs_iter=38, k=1819, beta_mu=1.297053347904788e+152, beta_phi=nan
NaN in beta_*: layer 9, bs_iter=38, k=1820, beta_mu=1.2342678238050548e+152, beta_phi=nan
NaN in beta_*: layer 9, bs_iter=38, k=1821, beta_mu=1.33426892950522e+152, beta_phi=nan
NaN in beta_*: layer 9, bs_iter=38, k=1822, beta_mu=4.99340317490482e+152, beta_phi=nan
NaN in beta_*: layer 9, bs_iter=38, k=1823, beta_mu=2.4708923117784477e+152, beta_phi=nan
NaN in beta_*: layer 9, bs_iter=38, k=1824, beta_mu=1.2970530224515242e+152, beta_phi=nan
NaN in beta_*: layer 9, bs_iter=38, k=1826, beta_mu=4.904530000512027e+152, beta_phi=nan
NaN in beta_*: layer 9, bs_iter=38, k=1830, beta_mu=1.3211266516210124e+152, beta_phi=nan
NaN in beta_*: layer 9, bs_iter=38, k=1831, beta_mu=2.1947259564051513e+152, beta_phi=nan
NaN in beta_*: layer 9, bs_iter=38, k=1833, beta_mu=1.2970530527586378e+152, beta_phi=nan
NaN in beta_*: layer 9, bs_iter=38, k=1836, beta_mu=5.247610241503958e+152, beta_phi=nan
NaN in beta_*: layer 9, bs_iter=38, k=1837, beta_mu=4.9045428542711e+152, beta_phi=nan
NaN in beta_*: layer 9, bs_iter=38, k=1838, beta_mu=1.2400063137144053e+152, beta_phi=nan
NaN in beta_*: layer 9, bs_iter=38, k=1839, beta_mu=2.3859447866198366e+152, beta_phi=nan
NaN in beta_*: layer 9, bs_iter=38, k=1840, beta_mu=4.1507492616608585e+152, beta_phi=nan
NaN in beta_*: layer 9, bs_iter=38, k=1842, beta_mu=1.388899037796999e+152, beta_phi=nan
NaN in beta_*: layer 9, bs_iter=38, k=1844, beta_mu=1.3206278465426234e+152, beta_phi=nan
NaN in beta_*: layer 9, bs_iter=38, k=1845, beta_mu=1.2797138503874844e+152, beta_phi=nan
NaN in beta_*: layer 9, bs_iter=38, k=1847, beta_mu=3.410576072237359e+152, beta_phi=nan
NaN in beta_*: layer 9, bs_iter=38, k=1848, beta_mu=1.3415332447394656e+152, beta_phi=nan
NaN in beta_*: layer 9, bs_iter=38, k=1849, beta_mu=4.904539563288225e+152, beta_phi=nan
NaN in beta_*: layer 9, bs_iter=38, k=1851, beta_mu=3.3060372416064237e+152, beta_phi=nan
NaN in beta_*: layer 9, bs_iter=38, k=1853, beta_mu=3.0770310557912146e+152, beta_phi=nan
NaN in beta_*: layer 9, bs_iter=38, k=1855, beta_mu=3.4105779814201434e+152, beta_phi=nan
NaN in beta_*: layer 9, bs_iter=38, k=1857, beta_mu=1.2655955668259107e+152, beta_phi=nan
NaN in beta_*: layer 9, bs_iter=38, k=1858, beta_mu=1.2529126000949884e+152, beta_phi=nan
NaN in beta_*: layer 9, bs_iter=38, k=1859, beta_mu=3.1752665927599644e+152, beta_phi=nan
NaN in beta_*: layer 9, bs_iter=38, k=1860, beta_mu=1.2937509275774987e+152, beta_phi=nan
NaN in beta_*: layer 9, bs_iter=38, k=1861, beta_mu=1.3504654706670715e+152, beta_phi=nan
NaN in beta_*: layer 9, bs_iter=38, k=1862, beta_mu=1.3417229991275722e+152, beta_phi=nan
NaN in beta_*: layer 9, bs_iter=38, k=1863, beta_mu=2.8494768472828627e+152, beta_phi=nan
NaN in beta_*: layer 9, bs_iter=38, k=1866, beta_mu=1.3591977310330328e+152, beta_phi=nan
NaN in beta_*: layer 9, bs_iter=38, k=1868, beta_mu=1.4292836742529983e+152, beta_phi=nan
NaN in beta_*: layer 9, bs_iter=38, k=1869, beta_mu=1.4036158152743398e+152, beta_phi=nan
NaN in beta_*: layer 9, bs_iter=38, k=1870, beta_mu=1.0619960066801348e+152, beta_phi=nan
NaN in beta_*: layer 9, bs_iter=38, k=1872, beta_mu=2.8144283596061687e+152, beta_phi=nan
NaN in beta_*: layer 9, bs_iter=38, k=1874, beta_mu=3.1670867997378663e+152, beta_phi=nan
NaN in beta_*: layer 9, bs_iter=38, k=1876, beta_mu=7.367756121080409e+152, beta_phi=nan
NaN in beta_*: layer 9, bs_iter=38, k=1877, beta_mu=7.367772447991795e+152, beta_phi=nan
NaN in beta_*: layer 9, bs_iter=38, k=1878, beta_mu=6.1012899999953655e+152, beta_phi=nan
NaN in beta_*: layer 9, bs_iter=38, k=1879, beta_mu=3.2935549471999267e+152, beta_phi=nan
NaN in beta_*: layer 9, bs_iter=38, k=1882, beta_mu=1.8644823921168972e+152, beta_phi=nan
NaN in beta_*: layer 9, bs_iter=38, k=1883, beta_mu=1.4161079619091339e+152, beta_phi=nan
NaN in beta_*: layer 9, bs_iter=38, k=1886, beta_mu=1.2110569766133773e+152, beta_phi=nan
NaN in beta_*: layer 9, bs_iter=38, k=1887, beta_mu=1.1141865815417955e+152, beta_phi=nan
NaN in beta_*: layer 9, bs_iter=38, k=1893, beta_mu=1.319211835633702e+152, beta_phi=nan
NaN in beta_*: layer 9, bs_iter=38, k=1894, beta_mu=1.3857078909832618e+152, beta_phi=nan
NaN in beta_*: layer 9, bs_iter=38, k=1896, beta_mu=1.1891559674526621e+152, beta_phi=nan
NaN in beta_*: layer 9, bs_iter=38, k=1897, beta_mu=1.3188042503356551e+152, beta_phi=nan
NaN in beta_*: layer 9, bs_iter=38, k=1898, beta_mu=2.9629936078338024e+152, beta_phi=nan
NaN in beta_*: layer 9, bs_iter=38, k=1902, beta_mu=1.385363277011333e+152, beta_phi=nan
NaN in beta_*: layer 9, bs_iter=38, k=1904, beta_mu=2.939148910718442e+152, beta_phi=nan
NaN in beta_*: layer 9, bs_iter=38, k=1911, beta_mu=1.416391973008676e+152, beta_phi=nan
NaN in beta_*: layer 9, bs_iter=38, k=1912, beta_mu=9.592050433886642e+151, beta_phi=nan
NaN in beta_*: layer 9, bs_iter=38, k=1913, beta_mu=2.8530666843963443e+152, beta_phi=nan
NaN in beta_*: layer 9, bs_iter=38, k=1915, beta_mu=9.816545337753556e+151, beta_phi=nan
NaN in beta_*: layer 9, bs_iter=38, k=1917, beta_mu=1.7907287867814826e+152, beta_phi=nan
NaN in beta_*: layer 9, bs_iter=38, k=1918, beta_mu=9.48564794182316e+151, beta_phi=nan
NaN in beta_*: layer 9, bs_iter=38, k=1919, beta_mu=2.477546963598118e+152, beta_phi=nan
NaN in beta_*: layer 9, bs_iter=38, k=1922, beta_mu=1.1692864037358255e+152, beta_phi=nan
NaN in beta_*: layer 9, bs_iter=38, k=1925, beta_mu=1.7474898299180863e+152, beta_phi=nan
NaN in beta_*: layer 9, bs_iter=38, k=1930, beta_mu=1.300504225934854e+152, beta_phi=nan
NaN in beta_*: layer 9, bs_iter=38, k=1939, beta_mu=3.380177587163811e+152, beta_phi=nan
NaN in beta_*: layer 9, bs_iter=38, k=1940, beta_mu=1.3560325459171257e+152, beta_phi=nan
NaN in beta_*: layer 9, bs_iter=38, k=1941, beta_mu=9.373038073848059e+151, beta_phi=nan
NaN in beta_*: layer 9, bs_iter=38, k=1942, beta_mu=1.6942268006746837e+152, beta_phi=nan
NaN in beta_*: layer 9, bs_iter=38, k=1946, beta_mu=1.342187498417988e+152, beta_phi=nan
NaN in beta_*: layer 9, bs_iter=38, k=1948, beta_mu=1.052562527313624e+152, beta_phi=nan
NaN in beta_*: layer 9, bs_iter=38, k=1953, beta_mu=1.4427172704381315e+152, beta_phi=nan
NaN in beta_*: layer 9, bs_iter=38, k=1955, beta_mu=1.0443778534779964e+152, beta_phi=nan
NaN in beta_*: layer 9, bs_iter=38, k=1957, beta_mu=1.44274200980009e+152, beta_phi=nan
NaN in beta_*: layer 9, bs_iter=38, k=1959, beta_mu=1.4427451050953098e+152, beta_phi=nan
NaN in beta_*: layer 9, bs_iter=38, k=1960, beta_mu=1.6175481514802374e+152, beta_phi=nan
NaN in beta_*: layer 9, bs_iter=38, k=1961, beta_mu=1.484486357533833e+152, beta_phi=nan
NaN in beta_*: layer 9, bs_iter=38, k=1963, beta_mu=1.5507403054629823e+152, beta_phi=nan
NaN in beta_*: layer 9, bs_iter=38, k=1965, beta_mu=5.849010001530093e+152, beta_phi=nan
NaN in beta_*: layer 9, bs_iter=38, k=1968, beta_mu=9.518558096995709e+151, beta_phi=nan
NaN in beta_*: layer 9, bs_iter=38, k=1970, beta_mu=3.3235707129966287e+152, beta_phi=nan
NaN in beta_*: layer 9, bs_iter=38, k=1973, beta_mu=8.902677068071498e+151, beta_phi=nan
NaN in beta_*: layer 9, bs_iter=38, k=1977, beta_mu=2.352093312308262e+152, beta_phi=nan
NaN in beta_*: layer 9, bs_iter=38, k=1980, beta_mu=1.8967656518248876e+152, beta_phi=nan
NaN in beta_*: layer 9, bs_iter=38, k=1981, beta_mu=2.2216919758385253e+152, beta_phi=nan
NaN in beta_*: layer 9, bs_iter=38, k=1985, beta_mu=3.4087907237302533e+152, beta_phi=nan
NaN in beta_*: layer 9, bs_iter=38, k=1987, beta_mu=2.150138423953768e+152, beta_phi=nan
NaN in beta_*: layer 9, bs_iter=38, k=1988, beta_mu=1.9557821431783972e+152, beta_phi=nan
NaN in beta_*: layer 9, bs_iter=38, k=1989, beta_mu=2.1358962145388554e+152, beta_phi=nan
NaN in beta_*: layer 9, bs_iter=38, k=1990, beta_mu=3.114712232078187e+152, beta_phi=nan
NaN in beta_*: layer 9, bs_iter=38, k=1992, beta_mu=1.8968822817020628e+152, beta_phi=nan
NaN in beta_*: layer 9, bs_iter=38, k=1993, beta_mu=9.595914613731078e+151, beta_phi=nan
NaN in beta_*: layer 9, bs_iter=38, k=1994, beta_mu=3.248747088842457e+152, beta_phi=nan
NaN in beta_*: layer 9, bs_iter=38, k=1997, beta_mu=2.102868062382264e+152, beta_phi=nan
NaN in beta_*: layer 9, bs_iter=38, k=1998, beta_mu=4.582935094201152e+152, beta_phi=nan
NaN in beta_*: layer 9, bs_iter=38, k=2000, beta_mu=1.6799550333575034e+152, beta_phi=nan
NaN in beta_*: layer 9, bs_iter=38, k=2001, beta_mu=1.1139137151618143e+153, beta_phi=nan
NaN in beta_*: layer 9, bs_iter=38, k=2002, beta_mu=1.6418933767802325e+152, beta_phi=nan
NaN in beta_*: layer 9, bs_iter=38, k=2006, beta_mu=2.6335837042731134e+152, beta_phi=nan
NaN in beta_*: layer 9, bs_iter=38, k=2007, beta_mu=2.5755272659040115e+152, beta_phi=nan
NaN in beta_*: layer 9, bs_iter=38, k=2008, beta_mu=2.0580650141875491e+152, beta_phi=nan
NaN in beta_*: layer 9, bs_iter=38, k=2009, beta_mu=5.138574482284447e+152, beta_phi=nan
NaN in beta_*: layer 9, bs_iter=38, k=2016, beta_mu=1.2923610375388413e+152, beta_phi=nan
NaN in beta_*: layer 9, bs_iter=38, k=2017, beta_mu=1.9385793561170531e+152, beta_phi=nan
NaN in beta_*: layer 9, bs_iter=38, k=2023, beta_mu=2.2426612468142045e+152, beta_phi=nan
NaN in beta_*: layer 9, bs_iter=38, k=2027, beta_mu=2.925827534631431e+152, beta_phi=nan
NaN in beta_*: layer 9, bs_iter=38, k=2028, beta_mu=2.3220291892119783e+152, beta_phi=nan
NaN in beta_*: layer 9, bs_iter=38, k=2029, beta_mu=4.033476567611579e+152, beta_phi=nan
NaN in beta_*: layer 9, bs_iter=38, k=2035, beta_mu=4.1363252726880873e+152, beta_phi=nan
NaN in beta_*: layer 9, bs_iter=38, k=2036, beta_mu=1.5646969750699107e+152, beta_phi=nan
NaN in beta_*: layer 9, bs_iter=38, k=2039, beta_mu=2.098166001657802e+152, beta_phi=nan
NaN in beta_*: layer 9, bs_iter=38, k=2041, beta_mu=1.113873344160487e+153, beta_phi=nan
NaN in beta_*: layer 9, bs_iter=38, k=2044, beta_mu=2.523635908460802e+152, beta_phi=nan
NaN in beta_*: layer 9, bs_iter=38, k=2049, beta_mu=3.6813108293102024e+152, beta_phi=nan
NaN in beta_*: layer 9, bs_iter=38, k=2051, beta_mu=5.725523825507742e+152, beta_phi=nan
NaN in beta_*: layer 9, bs_iter=38, k=2052, beta_mu=4.291140084686495e+152, beta_phi=nan
NaN in beta_*: layer 9, bs_iter=38, k=2056, beta_mu=2.151104454120896e+152, beta_phi=nan
NaN in beta_*: layer 9, bs_iter=38, k=2057, beta_mu=2.290716836217228e+152, beta_phi=nan
NaN in beta_*: layer 9, bs_iter=38, k=2060, beta_mu=3.067291408610304e+152, beta_phi=nan
NaN in beta_*: layer 9, bs_iter=38, k=2061, beta_mu=6.2290075222535815e+152, beta_phi=nan
NaN in beta_*: layer 9, bs_iter=38, k=2062, beta_mu=6.229046523542171e+152, beta_phi=nan
NaN in beta_*: layer 9, bs_iter=38, k=2064, beta_mu=9.946060499446392e+151, beta_phi=nan
NaN in beta_*: layer 9, bs_iter=38, k=2065, beta_mu=4.126680690533018e+152, beta_phi=nan
NaN in beta_*: layer 9, bs_iter=38, k=2066, beta_mu=2.151110463775938e+152, beta_phi=nan
NaN in beta_*: layer 9, bs_iter=38, k=2067, beta_mu=2.4396643369264887e+152, beta_phi=nan
NaN in beta_*: layer 9, bs_iter=38, k=2068, beta_mu=4.837083363076058e+152, beta_phi=nan
NaN in beta_*: layer 9, bs_iter=38, k=2070, beta_mu=1.8142636849989816e+152, beta_phi=nan
NaN in beta_*: layer 9, bs_iter=38, k=2073, beta_mu=2.4999478642038196e+152, beta_phi=nan
NaN in beta_*: layer 9, bs_iter=38, k=2076, beta_mu=4.847993457170963e+152, beta_phi=nan
NaN in beta_*: layer 9, bs_iter=38, k=2077, beta_mu=9.655542725520682e+151, beta_phi=nan
NaN in beta_*: layer 9, bs_iter=38, k=2078, beta_mu=5.287749349531204e+152, beta_phi=nan
NaN in beta_*: layer 9, bs_iter=38, k=2079, beta_mu=2.5781420380072996e+152, beta_phi=nan
NaN in beta_*: layer 9, bs_iter=38, k=2080, beta_mu=2.6893811426647444e+152, beta_phi=nan
NaN in beta_*: layer 9, bs_iter=38, k=2084, beta_mu=3.888323826318686e+152, beta_phi=nan
NaN in beta_*: layer 9, bs_iter=38, k=2087, beta_mu=3.3463259385092296e+152, beta_phi=nan
NaN in beta_*: layer 9, bs_iter=38, k=2091, beta_mu=9.860392672839316e+151, beta_phi=nan
NaN in beta_*: layer 9, bs_iter=38, k=2092, beta_mu=6.811026667776087e+152, beta_phi=nan
NaN in beta_*: layer 9, bs_iter=38, k=2093, beta_mu=4.825655632216252e+152, beta_phi=nan
NaN in beta_*: layer 9, bs_iter=38, k=2094, beta_mu=1.0697357166524482e+153, beta_phi=nan
NaN in beta_*: layer 9, bs_iter=38, k=2095, beta_mu=1.7332591393193694e+152, beta_phi=nan
NaN in beta_*: layer 9, bs_iter=38, k=2096, beta_mu=2.667099428137901e+152, beta_phi=nan
NaN in beta_*: layer 9, bs_iter=38, k=2097, beta_mu=2.667099765581206e+152, beta_phi=nan
NaN in beta_*: layer 9, bs_iter=38, k=2098, beta_mu=2.667106523443259e+152, beta_phi=nan
NaN in beta_*: layer 9, bs_iter=38, k=2099, beta_mu=2.59496167618128e+152, beta_phi=nan
NaN in beta_*: layer 9, bs_iter=38, k=2100, beta_mu=2.667101050055678e+152, beta_phi=nan
NaN in beta_*: layer 9, bs_iter=38, k=2101, beta_mu=2.69425053640994e+152, beta_phi=nan
NaN in beta_*: layer 9, bs_iter=38, k=2102, beta_mu=2.6670996032424308e+152, beta_phi=nan
NaN in beta_*: layer 9, bs_iter=38, k=2103, beta_mu=3.2996529061075027e+152, beta_phi=nan
NaN in beta_*: layer 9, bs_iter=38, k=2104, beta_mu=2.5876039094973474e+152, beta_phi=nan
NaN in beta_*: layer 9, bs_iter=38, k=2105, beta_mu=2.435345177316901e+152, beta_phi=nan
NaN in beta_*: layer 9, bs_iter=38, k=2106, beta_mu=2.66709599825705e+152, beta_phi=nan
NaN in beta_*: layer 9, bs_iter=38, k=2107, beta_mu=4.765178083876654e+152, beta_phi=nan
NaN in beta_*: layer 9, bs_iter=38, k=2110, beta_mu=2.723032164414679e+152, beta_phi=nan
NaN in beta_*: layer 9, bs_iter=38, k=2111, beta_mu=4.748613186536549e+152, beta_phi=nan
NaN in beta_*: layer 9, bs_iter=38, k=2117, beta_mu=3.9639364619062443e+152, beta_phi=nan
NaN in beta_*: layer 9, bs_iter=38, k=2118, beta_mu=1.8182561910029236e+152, beta_phi=nan
NaN in beta_*: layer 9, bs_iter=38, k=2119, beta_mu=2.96093709152441e+152, beta_phi=nan
NaN in beta_*: layer 9, bs_iter=38, k=2120, beta_mu=9.751398694530194e+151, beta_phi=nan
NaN in beta_*: layer 9, bs_iter=38, k=2121, beta_mu=1.649543866915287e+153, beta_phi=nan
NaN in beta_*: layer 9, bs_iter=38, k=2124, beta_mu=1.710712815572445e+152, beta_phi=nan
NaN in beta_*: layer 9, bs_iter=38, k=2131, beta_mu=1.527439605960175e+152, beta_phi=nan
NaN in beta_*: layer 9, bs_iter=38, k=2133, beta_mu=1.5840111838207926e+152, beta_phi=nan
NaN in beta_*: layer 9, bs_iter=38, k=2140, beta_mu=3.8148587924017305e+152, beta_phi=nan
NaN in beta_*: layer 9, bs_iter=38, k=2143, beta_mu=3.5848132770154548e+152, beta_phi=nan
NaN in beta_*: layer 9, bs_iter=38, k=2146, beta_mu=3.584809292415218e+152, beta_phi=nan
NaN in beta_*: layer 9, bs_iter=38, k=2147, beta_mu=3.6313635605558996e+152, beta_phi=nan
NaN in beta_*: layer 9, bs_iter=38, k=2151, beta_mu=3.457600361159361e+152, beta_phi=nan
NaN in beta_*: layer 9, bs_iter=38, k=2154, beta_mu=3.918495574119769e+152, beta_phi=nan
NaN in beta_*: layer 9, bs_iter=38, k=2156, beta_mu=1.9478891083792656e+152, beta_phi=nan
NaN in beta_*: layer 9, bs_iter=38, k=2158, beta_mu=3.2218055906375233e+152, beta_phi=nan
NaN in beta_*: layer 9, bs_iter=38, k=2159, beta_mu=1.4967792265718578e+152, beta_phi=nan
NaN in beta_*: layer 9, bs_iter=38, k=2161, beta_mu=5.535562438739512e+152, beta_phi=nan
NaN in beta_*: layer 9, bs_iter=38, k=2164, beta_mu=4.176280012921432e+152, beta_phi=nan
NaN in beta_*: layer 9, bs_iter=38, k=2165, beta_mu=1.0682776682432197e+152, beta_phi=nan
NaN in beta_*: layer 9, bs_iter=38, k=2166, beta_mu=2.3026036521789556e+152, beta_phi=nan
NaN in beta_*: layer 9, bs_iter=38, k=2167, beta_mu=1.0682765679312246e+152, beta_phi=nan
NaN in beta_*: layer 9, bs_iter=38, k=2169, beta_mu=1.206434238851266e+152, beta_phi=nan
NaN in beta_*: layer 9, bs_iter=38, k=2171, beta_mu=7.842631178798247e+152, beta_phi=nan
NaN in beta_*: layer 9, bs_iter=38, k=2172, beta_mu=4.3368597099985465e+152, beta_phi=nan
NaN in beta_*: layer 9, bs_iter=38, k=2173, beta_mu=3.1153657099062764e+152, beta_phi=nan
NaN in beta_*: layer 9, bs_iter=38, k=2177, beta_mu=5.396111633531048e+152, beta_phi=nan
NaN in beta_*: layer 9, bs_iter=38, k=2182, beta_mu=1.7025047274096183e+152, beta_phi=nan
NaN in beta_*: layer 9, bs_iter=38, k=2187, beta_mu=2.756151761774233e+152, beta_phi=nan
NaN in beta_*: layer 9, bs_iter=38, k=2192, beta_mu=1.3865535576256962e+152, beta_phi=nan
NaN in beta_*: layer 9, bs_iter=38, k=2195, beta_mu=4.2163590173619745e+152, beta_phi=nan
NaN in beta_*: layer 9, bs_iter=38, k=2196, beta_mu=4.252346477031279e+152, beta_phi=nan
NaN in beta_*: layer 9, bs_iter=38, k=2201, beta_mu=5.246682400271308e+152, beta_phi=nan
NaN in beta_*: layer 9, bs_iter=38, k=2204, beta_mu=4.0975370228338865e+152, beta_phi=nan
NaN in beta_*: layer 9, bs_iter=38, k=2208, beta_mu=8.42298511646226e+152, beta_phi=nan
NaN in beta_*: layer 9, bs_iter=38, k=2210, beta_mu=2.5982357724944454e+152, beta_phi=nan
NaN in beta_*: layer 9, bs_iter=38, k=2216, beta_mu=3.9271658367847113e+152, beta_phi=nan
NaN in beta_*: layer 9, bs_iter=38, k=2218, beta_mu=2.165748758485602e+152, beta_phi=nan
NaN in beta_*: layer 9, bs_iter=38, k=2219, beta_mu=1.539256936627513e+152, beta_phi=nan
NaN in beta_*: layer 9, bs_iter=38, k=2220, beta_mu=2.024775043729911e+152, beta_phi=nan
NaN in beta_*: layer 9, bs_iter=38, k=2236, beta_mu=2.2956946691998e+152, beta_phi=nan
NaN in beta_*: layer 9, bs_iter=38, k=2237, beta_mu=2.267852502099265e+152, beta_phi=nan
NaN in beta_*: layer 9, bs_iter=38, k=2242, beta_mu=1.0552121921321797e+152, beta_phi=nan
NaN in beta_*: layer 9, bs_iter=38, k=2245, beta_mu=2.091922904018636e+152, beta_phi=nan
NaN in beta_*: layer 9, bs_iter=38, k=2249, beta_mu=1.167769883276161e+152, beta_phi=nan
NaN in beta_*: layer 9, bs_iter=38, k=2251, beta_mu=6.109302431942149e+152, beta_phi=nan
NaN in beta_*: layer 9, bs_iter=38, k=2252, beta_mu=8.149383955283458e+152, beta_phi=nan
NaN in beta_*: layer 9, bs_iter=38, k=2254, beta_mu=4.438417894234987e+152, beta_phi=nan
NaN in beta_*: layer 9, bs_iter=38, k=2257, beta_mu=9.823556170909114e+151, beta_phi=nan
NaN in beta_*: layer 9, bs_iter=38, k=2258, beta_mu=5.682106118316376e+152, beta_phi=nan
NaN in beta_*: layer 9, bs_iter=38, k=2259, beta_mu=3.945170185768623e+152, beta_phi=nan
NaN in beta_*: layer 9, bs_iter=38, k=2260, beta_mu=4.1206798641731624e+152, beta_phi=nan
NaN in beta_*: layer 9, bs_iter=38, k=2264, beta_mu=8.08258238553973e+152, beta_phi=nan
NaN in beta_*: layer 9, bs_iter=38, k=2265, beta_mu=7.207753426527174e+152, beta_phi=nan
NaN in beta_*: layer 9, bs_iter=38, k=2271, beta_mu=4.220664230118624e+152, beta_phi=nan
NaN in beta_*: layer 9, bs_iter=38, k=2272, beta_mu=3.9692102266557947e+152, beta_phi=nan
NaN in beta_*: layer 9, bs_iter=38, k=2273, beta_mu=2.6326898966771747e+152, beta_phi=nan
NaN in beta_*: layer 9, bs_iter=38, k=2275, beta_mu=7.5514805028204555e+152, beta_phi=nan
NaN in beta_*: layer 9, bs_iter=38, k=2276, beta_mu=1.2397162751078433e+152, beta_phi=nan
NaN in beta_*: layer 9, bs_iter=38, k=2277, beta_mu=4.875320095336762e+152, beta_phi=nan
NaN in beta_*: layer 9, bs_iter=38, k=2278, beta_mu=6.562150668369964e+152, beta_phi=nan
NaN in beta_*: layer 9, bs_iter=38, k=2279, beta_mu=9.916910855968111e+152, beta_phi=nan
NaN in beta_*: layer 9, bs_iter=38, k=2282, beta_mu=6.152778513451646e+152, beta_phi=nan
NaN in beta_*: layer 9, bs_iter=38, k=2286, beta_mu=5.182276923385967e+152, beta_phi=nan
NaN in beta_*: layer 9, bs_iter=38, k=2290, beta_mu=2.1088465522509277e+152, beta_phi=nan
NaN in beta_*: layer 9, bs_iter=38, k=2291, beta_mu=4.574373570549751e+152, beta_phi=nan
NaN in beta_*: layer 9, bs_iter=38, k=2294, beta_mu=1.43721112517798e+152, beta_phi=nan
NaN in beta_*: layer 9, bs_iter=38, k=2298, beta_mu=1.6212411769804658e+152, beta_phi=nan
NaN in beta_*: layer 9, bs_iter=38, k=2299, beta_mu=1.1601040530132e+153, beta_phi=nan
NaN in beta_*: layer 9, bs_iter=38, k=2300, beta_mu=1.0733955190590566e+153, beta_phi=nan
NaN in beta_*: layer 9, bs_iter=38, k=2301, beta_mu=9.528260095915066e+151, beta_phi=nan
NaN in beta_*: layer 9, bs_iter=38, k=2302, beta_mu=5.888941760479179e+152, beta_phi=nan
NaN in beta_*: layer 9, bs_iter=38, k=2303, beta_mu=6.7444997049917445e+152, beta_phi=nan
NaN in beta_*: layer 9, bs_iter=38, k=2306, beta_mu=9.72037807820395e+152, beta_phi=nan
NaN in beta_*: layer 9, bs_iter=38, k=2307, beta_mu=1.841715516695211e+152, beta_phi=nan
NaN in beta_*: layer 9, bs_iter=38, k=2308, beta_mu=5.24512384462338e+152, beta_phi=nan
NaN in beta_*: layer 9, bs_iter=38, k=2309, beta_mu=5.027204898342317e+152, beta_phi=nan
NaN in beta_*: layer 9, bs_iter=38, k=2310, beta_mu=2.4363373427573802e+152, beta_phi=nan
NaN in beta_*: layer 9, bs_iter=38, k=2311, beta_mu=1.365707686181171e+153, beta_phi=nan
NaN in beta_*: layer 9, bs_iter=38, k=2313, beta_mu=9.287426563141413e+151, beta_phi=nan
NaN in beta_*: layer 9, bs_iter=38, k=2314, beta_mu=3.79146451986108e+152, beta_phi=nan
NaN in beta_*: layer 9, bs_iter=38, k=2315, beta_mu=3.560841934438023e+152, beta_phi=nan
NaN in beta_*: layer 9, bs_iter=38, k=2316, beta_mu=4.795857274666569e+152, beta_phi=nan
NaN in beta_*: layer 9, bs_iter=38, k=2317, beta_mu=2.4671083321309176e+152, beta_phi=nan
NaN in beta_*: layer 9, bs_iter=38, k=2318, beta_mu=9.101228161166363e+152, beta_phi=nan
NaN in beta_*: layer 9, bs_iter=38, k=2319, beta_mu=5.877199753462232e+152, beta_phi=nan
NaN in beta_*: layer 9, bs_iter=38, k=2320, beta_mu=3.5833443625169702e+152, beta_phi=nan
NaN in beta_*: layer 9, bs_iter=38, k=2321, beta_mu=1.160303040320085e+152, beta_phi=nan
NaN in beta_*: layer 9, bs_iter=38, k=2322, beta_mu=6.782077622081025e+152, beta_phi=nan
NaN in beta_*: layer 9, bs_iter=38, k=2323, beta_mu=1.2696801575338982e+152, beta_phi=nan
NaN in beta_*: layer 9, bs_iter=38, k=2325, beta_mu=1.6022843332349538e+152, beta_phi=nan
NaN in beta_*: layer 9, bs_iter=38, k=2326, beta_mu=1.3178447053504263e+152, beta_phi=nan
NaN in beta_*: layer 9, bs_iter=38, k=2328, beta_mu=1.2696830920031963e+152, beta_phi=nan
NaN in beta_*: layer 9, bs_iter=38, k=2329, beta_mu=1.5094726735776866e+152, beta_phi=nan
NaN in beta_*: layer 9, bs_iter=38, k=2331, beta_mu=1.2182508998628352e+152, beta_phi=nan
NaN in beta_*: layer 9, bs_iter=38, k=2332, beta_mu=1.3638964115196265e+152, beta_phi=nan
NaN in beta_*: layer 9, bs_iter=38, k=2333, beta_mu=1.356354866784087e+152, beta_phi=nan
NaN in beta_*: layer 9, bs_iter=38, k=2337, beta_mu=1.7595157498600452e+152, beta_phi=nan
NaN in beta_*: layer 9, bs_iter=38, k=2338, beta_mu=6.239863258033538e+152, beta_phi=nan
NaN in beta_*: layer 9, bs_iter=38, k=2339, beta_mu=2.266349711170236e+152, beta_phi=nan
NaN in beta_*: layer 9, bs_iter=38, k=2340, beta_mu=1.5094758340192208e+152, beta_phi=nan
NaN in beta_*: layer 9, bs_iter=38, k=2341, beta_mu=1.0901905472601997e+152, beta_phi=nan
NaN in beta_*: layer 9, bs_iter=38, k=2342, beta_mu=1.2038394809309287e+152, beta_phi=nan
NaN in beta_*: layer 9, bs_iter=38, k=2343, beta_mu=3.942662959824843e+152, beta_phi=nan
NaN in beta_*: layer 9, bs_iter=38, k=2344, beta_mu=9.953554050162033e+151, beta_phi=nan
NaN in beta_*: layer 9, bs_iter=38, k=2345, beta_mu=1.8418406462103963e+152, beta_phi=nan
NaN in beta_*: layer 9, bs_iter=38, k=2348, beta_mu=4.998240968837583e+152, beta_phi=nan
NaN in beta_*: layer 9, bs_iter=38, k=2349, beta_mu=5.195705310744123e+152, beta_phi=nan
NaN in beta_*: layer 9, bs_iter=38, k=2351, beta_mu=3.8862221229552508e+152, beta_phi=nan
NaN in beta_*: layer 9, bs_iter=38, k=2352, beta_mu=1.501882733171696e+152, beta_phi=nan
NaN in beta_*: layer 9, bs_iter=38, k=2353, beta_mu=4.493386882351677e+152, beta_phi=nan
NaN in beta_*: layer 9, bs_iter=38, k=2354, beta_mu=4.436275401299635e+152, beta_phi=nan
NaN in beta_*: layer 9, bs_iter=38, k=2358, beta_mu=1.906041698400537e+152, beta_phi=nan
NaN in beta_*: layer 9, bs_iter=38, k=2359, beta_mu=2.080785444712807e+152, beta_phi=nan
NaN in beta_*: layer 9, bs_iter=38, k=2360, beta_mu=2.0248245983151443e+152, beta_phi=nan
NaN in beta_*: layer 9, bs_iter=38, k=2361, beta_mu=1.2797296918627551e+152, beta_phi=nan
NaN in beta_*: layer 9, bs_iter=38, k=2362, beta_mu=2.050065257896148e+152, beta_phi=nan
NaN in beta_*: layer 9, bs_iter=38, k=2366, beta_mu=1.7336865840515035e+152, beta_phi=nan
NaN in beta_*: layer 9, bs_iter=38, k=2367, beta_mu=4.98922769323739e+152, beta_phi=nan
NaN in beta_*: layer 9, bs_iter=38, k=2368, beta_mu=9.327252966818739e+151, beta_phi=nan
NaN in beta_*: layer 9, bs_iter=38, k=2369, beta_mu=1.734251169267318e+152, beta_phi=nan
NaN in beta_*: layer 9, bs_iter=38, k=2370, beta_mu=3.0460642310995043e+152, beta_phi=nan
NaN in beta_*: layer 9, bs_iter=38, k=2371, beta_mu=3.100229046622131e+153, beta_phi=nan
NaN in beta_*: layer 9, bs_iter=38, k=2372, beta_mu=2.539675450602841e+153, beta_phi=nan
NaN in beta_*: layer 9, bs_iter=38, k=2373, beta_mu=5.357062445253992e+152, beta_phi=nan
NaN in beta_*: layer 9, bs_iter=38, k=2374, beta_mu=5.240602613286813e+152, beta_phi=nan
NaN in beta_*: layer 9, bs_iter=38, k=2375, beta_mu=3.017427451573055e+152, beta_phi=nan
NaN in beta_*: layer 9, bs_iter=38, k=2376, beta_mu=3.7656984607137734e+152, beta_phi=nan
NaN in beta_*: layer 9, bs_iter=38, k=2377, beta_mu=3.53850532597825e+152, beta_phi=nan
NaN in beta_*: layer 9, bs_iter=38, k=2378, beta_mu=2.065526306675285e+152, beta_phi=nan
NaN in beta_*: layer 9, bs_iter=38, k=2379, beta_mu=2.8685556834160074e+152, beta_phi=nan
NaN in beta_*: layer 9, bs_iter=38, k=2380, beta_mu=1.7877967993098374e+152, beta_phi=nan
NaN in beta_*: layer 9, bs_iter=38, k=2381, beta_mu=2.2620569751537895e+152, beta_phi=nan
NaN in beta_*: layer 9, bs_iter=38, k=2382, beta_mu=2.7448582154742835e+152, beta_phi=nan
NaN in beta_*: layer 9, bs_iter=38, k=2384, beta_mu=2.193121409161622e+152, beta_phi=nan
NaN in beta_*: layer 9, bs_iter=38, k=2385, beta_mu=9.07210503248873e+152, beta_phi=nan
NaN in beta_*: layer 9, bs_iter=38, k=2386, beta_mu=8.859462897834971e+152, beta_phi=nan
NaN in beta_*: layer 9, bs_iter=38, k=2388, beta_mu=2.9146001235422317e+152, beta_phi=nan
NaN in beta_*: layer 9, bs_iter=38, k=2394, beta_mu=4.825160463803609e+152, beta_phi=nan
NaN in beta_*: layer 9, bs_iter=38, k=2396, beta_mu=8.57099042166207e+152, beta_phi=nan
NaN in beta_*: layer 9, bs_iter=38, k=2397, beta_mu=1.744859914669142e+153, beta_phi=nan
NaN in beta_*: layer 9, bs_iter=38, k=2398, beta_mu=1.6326485348611956e+152, beta_phi=nan
NaN in beta_*: layer 9, bs_iter=38, k=2399, beta_mu=1.6572345335170683e+152, beta_phi=nan
NaN in beta_*: layer 9, bs_iter=38, k=2403, beta_mu=2.396198262991307e+152, beta_phi=nan
NaN in beta_*: layer 9, bs_iter=38, k=2404, beta_mu=6.096583090818411e+152, beta_phi=nan
NaN in beta_*: layer 9, bs_iter=38, k=2405, beta_mu=1.6738235826696472e+152, beta_phi=nan
NaN in beta_*: layer 9, bs_iter=38, k=2406, beta_mu=2.508685835032732e+152, beta_phi=nan
NaN in beta_*: layer 9, bs_iter=38, k=2408, beta_mu=2.801295377104552e+152, beta_phi=nan
NaN in beta_*: layer 9, bs_iter=38, k=2409, beta_mu=4.9693718738175025e+152, beta_phi=nan
NaN in beta_*: layer 9, bs_iter=38, k=2410, beta_mu=1.3520458824087623e+152, beta_phi=nan
NaN in beta_*: layer 9, bs_iter=38, k=2411, beta_mu=3.222510056017559e+152, beta_phi=nan
NaN in beta_*: layer 9, bs_iter=38, k=2412, beta_mu=1.538820283420507e+152, beta_phi=nan
NaN in beta_*: layer 9, bs_iter=38, k=2414, beta_mu=1.3461704682451386e+152, beta_phi=nan
NaN in beta_*: layer 9, bs_iter=38, k=2415, beta_mu=2.040744236394963e+152, beta_phi=nan
NaN in beta_*: layer 9, bs_iter=38, k=2416, beta_mu=2.904087170641661e+152, beta_phi=nan
NaN in beta_*: layer 9, bs_iter=38, k=2417, beta_mu=2.247508574547407e+152, beta_phi=nan
NaN in beta_*: layer 9, bs_iter=38, k=2419, beta_mu=3.3601748628871928e+152, beta_phi=nan
NaN in beta_*: layer 9, bs_iter=38, k=2421, beta_mu=2.216138201540041e+152, beta_phi=nan
NaN in beta_*: layer 9, bs_iter=38, k=2422, beta_mu=2.247521648157706e+152, beta_phi=nan
NaN in beta_*: layer 9, bs_iter=38, k=2424, beta_mu=2.550672592489379e+152, beta_phi=nan
NaN in beta_*: layer 9, bs_iter=38, k=2425, beta_mu=2.301178558151867e+152, beta_phi=nan
NaN in beta_*: layer 9, bs_iter=38, k=2426, beta_mu=2.4880381442691985e+152, beta_phi=nan
NaN in beta_*: layer 9, bs_iter=38, k=2427, beta_mu=2.879492280868424e+152, beta_phi=nan
NaN in beta_*: layer 9, bs_iter=38, k=2428, beta_mu=2.738344934320361e+152, beta_phi=nan
NaN in beta_*: layer 9, bs_iter=38, k=2429, beta_mu=2.715857157441977e+152, beta_phi=nan
NaN in beta_*: layer 9, bs_iter=38, k=2430, beta_mu=1.3617598262215274e+152, beta_phi=nan
NaN in beta_*: layer 9, bs_iter=38, k=2431, beta_mu=2.281544976566807e+152, beta_phi=nan
NaN in beta_*: layer 9, bs_iter=38, k=2434, beta_mu=2.213476725587543e+152, beta_phi=nan
NaN in beta_*: layer 9, bs_iter=38, k=2436, beta_mu=3.832755547748737e+152, beta_phi=nan
NaN in beta_*: layer 9, bs_iter=38, k=2438, beta_mu=1.736461312626483e+152, beta_phi=nan
NaN in beta_*: layer 9, bs_iter=38, k=2440, beta_mu=2.2228634239442235e+152, beta_phi=nan
NaN in beta_*: layer 9, bs_iter=38, k=2441, beta_mu=5.889072737128258e+152, beta_phi=nan
NaN in beta_*: layer 9, bs_iter=38, k=2442, beta_mu=1.5370408184296616e+152, beta_phi=nan
NaN in beta_*: layer 9, bs_iter=38, k=2443, beta_mu=1.9148424801498118e+152, beta_phi=nan
NaN in beta_*: layer 9, bs_iter=38, k=2444, beta_mu=1.4100199714592602e+152, beta_phi=nan
NaN in beta_*: layer 9, bs_iter=38, k=2445, beta_mu=1.6304020744603417e+152, beta_phi=nan
NaN in beta_*: layer 9, bs_iter=38, k=2446, beta_mu=4.61072923019787e+152, beta_phi=nan
NaN in beta_*: layer 9, bs_iter=38, k=2447, beta_mu=2.7634589951014333e+152, beta_phi=nan
NaN in beta_*: layer 9, bs_iter=38, k=2448, beta_mu=2.798325568287654e+152, beta_phi=nan
NaN in beta_*: layer 9, bs_iter=38, k=2449, beta_mu=2.739743460700838e+152, beta_phi=nan
NaN in beta_*: layer 9, bs_iter=38, k=2451, beta_mu=2.857303996108752e+152, beta_phi=nan
NaN in beta_*: layer 9, bs_iter=38, k=2452, beta_mu=2.5236432836160466e+152, beta_phi=nan
NaN in beta_*: layer 9, bs_iter=38, k=2453, beta_mu=8.454728658763328e+152, beta_phi=nan
NaN in beta_*: layer 9, bs_iter=38, k=2454, beta_mu=4.4256006600874e+152, beta_phi=nan
NaN in beta_*: layer 9, bs_iter=38, k=2455, beta_mu=3.7769864871395415e+152, beta_phi=nan
NaN in beta_*: layer 9, bs_iter=38, k=2456, beta_mu=1.361762816209782e+152, beta_phi=nan
NaN in beta_*: layer 9, bs_iter=38, k=2458, beta_mu=2.8082521638826124e+152, beta_phi=nan
NaN in beta_*: layer 9, bs_iter=38, k=2460, beta_mu=2.0072508257994882e+152, beta_phi=nan
NaN in beta_*: layer 9, bs_iter=38, k=2461, beta_mu=1.9121090409633161e+152, beta_phi=nan
NaN in beta_*: layer 9, bs_iter=38, k=2465, beta_mu=4.859211436802926e+152, beta_phi=nan
NaN in beta_*: layer 9, bs_iter=38, k=2466, beta_mu=1.5344373082098748e+152, beta_phi=nan
NaN in beta_*: layer 9, bs_iter=38, k=2467, beta_mu=2.504580858247189e+152, beta_phi=nan
NaN in beta_*: layer 9, bs_iter=38, k=2468, beta_mu=1.2787534461426918e+152, beta_phi=nan
NaN in beta_*: layer 9, bs_iter=38, k=2470, beta_mu=2.2236373363429056e+152, beta_phi=nan
NaN in beta_*: layer 9, bs_iter=38, k=2471, beta_mu=1.104708950769041e+152, beta_phi=nan
NaN in beta_*: layer 9, bs_iter=38, k=2472, beta_mu=2.0187387016781511e+152, beta_phi=nan
NaN in beta_*: layer 9, bs_iter=38, k=2473, beta_mu=2.085212083938969e+152, beta_phi=nan
NaN in beta_*: layer 9, bs_iter=38, k=2474, beta_mu=2.309577024952906e+152, beta_phi=nan
NaN in beta_*: layer 9, bs_iter=38, k=2475, beta_mu=2.6139869027418736e+152, beta_phi=nan
NaN in beta_*: layer 9, bs_iter=38, k=2476, beta_mu=2.8152461909876742e+152, beta_phi=nan
NaN in beta_*: layer 9, bs_iter=38, k=2477, beta_mu=3.2775810699328803e+152, beta_phi=nan
NaN in beta_*: layer 9, bs_iter=38, k=2478, beta_mu=3.631856294677316e+152, beta_phi=nan
NaN in beta_*: layer 9, bs_iter=38, k=2480, beta_mu=3.6318726340367313e+152, beta_phi=nan
NaN in beta_*: layer 9, bs_iter=38, k=2482, beta_mu=3.631847717302322e+152, beta_phi=nan
NaN in beta_*: layer 9, bs_iter=38, k=2484, beta_mu=3.813266653236803e+152, beta_phi=nan
NaN in beta_*: layer 9, bs_iter=38, k=2485, beta_mu=1.66407318141295e+152, beta_phi=nan
NaN in beta_*: layer 9, bs_iter=38, k=2488, beta_mu=3.5928435170378393e+152, beta_phi=nan
NaN in beta_*: layer 9, bs_iter=38, k=2491, beta_mu=2.642804140251683e+152, beta_phi=nan
NaN in beta_*: layer 9, bs_iter=38, k=2494, beta_mu=3.020073236947232e+152, beta_phi=nan
NaN in beta_*: layer 9, bs_iter=38, k=2495, beta_mu=2.5928301427589535e+152, beta_phi=nan
NaN in beta_*: layer 9, bs_iter=38, k=2496, beta_mu=4.109645199232379e+152, beta_phi=nan
NaN in beta_*: layer 9, bs_iter=38, k=2497, beta_mu=4.086742133537113e+152, beta_phi=nan
NaN in beta_*: layer 9, bs_iter=38, k=2498, beta_mu=4.1096359403303004e+152, beta_phi=nan
NaN in beta_*: layer 9, bs_iter=38, k=2499, beta_mu=4.086741961234163e+152, beta_phi=nan
NaN in beta_*: layer 9, bs_iter=38, k=2501, beta_mu=3.0223617901232985e+152, beta_phi=nan
NaN in beta_*: layer 9, bs_iter=38, k=2502, beta_mu=2.887924308941131e+152, beta_phi=nan
NaN in beta_*: layer 9, bs_iter=38, k=2503, beta_mu=2.723917841276851e+152, beta_phi=nan
NaN in beta_*: layer 9, bs_iter=38, k=2504, beta_mu=4.2983677567165435e+152, beta_phi=nan
NaN in beta_*: layer 9, bs_iter=38, k=2506, beta_mu=2.2281633523018234e+152, beta_phi=nan
NaN in beta_*: layer 9, bs_iter=38, k=2508, beta_mu=2.988857658359235e+152, beta_phi=nan
NaN in beta_*: layer 9, bs_iter=38, k=2510, beta_mu=2.9857026982159074e+152, beta_phi=nan
NaN in beta_*: layer 9, bs_iter=38, k=2511, beta_mu=2.992040480846681e+152, beta_phi=nan
NaN in beta_*: layer 9, bs_iter=38, k=2515, beta_mu=1.74255478504721e+152, beta_phi=nan
NaN in beta_*: layer 9, bs_iter=38, k=2519, beta_mu=2.8545849906284623e+152, beta_phi=nan
NaN in beta_*: layer 9, bs_iter=38, k=2522, beta_mu=2.6349946686585203e+152, beta_phi=nan
NaN in beta_*: layer 9, bs_iter=38, k=2523, beta_mu=2.6349950591572144e+152, beta_phi=nan
NaN in beta_*: layer 9, bs_iter=38, k=2525, beta_mu=2.636608505441786e+152, beta_phi=nan
NaN in beta_*: layer 9, bs_iter=38, k=2526, beta_mu=3.5973833393714253e+152, beta_phi=nan
NaN in beta_*: layer 9, bs_iter=38, k=2527, beta_mu=3.598314354579419e+152, beta_phi=nan
NaN in beta_*: layer 9, bs_iter=38, k=2528, beta_mu=5.006831328567975e+152, beta_phi=nan
NaN in beta_*: layer 9, bs_iter=38, k=2530, beta_mu=5.149410226491342e+152, beta_phi=nan
NaN in beta_*: layer 9, bs_iter=38, k=2534, beta_mu=2.915910420583672e+152, beta_phi=nan
NaN in beta_*: layer 9, bs_iter=38, k=2535, beta_mu=2.858607037895792e+152, beta_phi=nan
NaN in beta_*: layer 9, bs_iter=38, k=2536, beta_mu=1.2655456999339717e+152, beta_phi=nan
NaN in beta_*: layer 9, bs_iter=38, k=2537, beta_mu=3.5916888649682775e+152, beta_phi=nan
NaN in beta_*: layer 9, bs_iter=38, k=2538, beta_mu=2.240295051370233e+152, beta_phi=nan
NaN in beta_*: layer 9, bs_iter=38, k=2540, beta_mu=3.5983444174756707e+152, beta_phi=nan
NaN in beta_*: layer 9, bs_iter=38, k=2543, beta_mu=3.598314616258791e+152, beta_phi=nan
NaN in beta_*: layer 9, bs_iter=38, k=2544, beta_mu=1.0088340211803739e+152, beta_phi=nan
NaN in beta_*: layer 9, bs_iter=38, k=2548, beta_mu=4.33895525407266e+152, beta_phi=nan
NaN in beta_*: layer 9, bs_iter=38, k=2554, beta_mu=4.425135650885157e+152, beta_phi=nan
NaN in beta_*: layer 9, bs_iter=38, k=2556, beta_mu=1.0326899836931224e+152, beta_phi=nan
NaN in beta_*: layer 9, bs_iter=38, k=2557, beta_mu=2.4013556030382575e+152, beta_phi=nan
NaN in beta_*: layer 9, bs_iter=38, k=2558, beta_mu=2.7476527865299215e+152, beta_phi=nan
NaN in beta_*: layer 9, bs_iter=38, k=2559, beta_mu=1.278286053899558e+152, beta_phi=nan
NaN in beta_*: layer 9, bs_iter=38, k=2561, beta_mu=1.286214889623724e+152, beta_phi=nan
NaN in beta_*: layer 9, bs_iter=38, k=2562, beta_mu=1.2704987761810771e+152, beta_phi=nan
NaN in beta_*: layer 9, bs_iter=38, k=2564, beta_mu=2.901431846783219e+152, beta_phi=nan
NaN in beta_*: layer 9, bs_iter=38, k=2565, beta_mu=2.331599506441965e+152, beta_phi=nan
NaN in beta_*: layer 9, bs_iter=38, k=2566, beta_mu=4.339183696338155e+152, beta_phi=nan
NaN in beta_*: layer 9, bs_iter=38, k=2568, beta_mu=2.9792541052495605e+152, beta_phi=nan
NaN in beta_*: layer 9, bs_iter=38, k=2572, beta_mu=2.9792150355923006e+152, beta_phi=nan
NaN in beta_*: layer 9, bs_iter=38, k=2573, beta_mu=3.2267725867508088e+152, beta_phi=nan
NaN in beta_*: layer 9, bs_iter=38, k=2574, beta_mu=9.115866410813997e+151, beta_phi=nan
NaN in beta_*: layer 9, bs_iter=38, k=2575, beta_mu=1.8433124207099418e+152, beta_phi=nan
NaN in beta_*: layer 9, bs_iter=38, k=2576, beta_mu=2.2365600816606464e+152, beta_phi=nan
NaN in beta_*: layer 9, bs_iter=38, k=2577, beta_mu=2.236541223628534e+152, beta_phi=nan
NaN in beta_*: layer 9, bs_iter=38, k=2581, beta_mu=5.307109855451239e+152, beta_phi=nan
NaN in beta_*: layer 9, bs_iter=38, k=2582, beta_mu=2.4072913048004665e+152, beta_phi=nan
NaN in beta_*: layer 9, bs_iter=38, k=2583, beta_mu=2.14688219735157e+152, beta_phi=nan
NaN in beta_*: layer 9, bs_iter=38, k=2584, beta_mu=1.2829841761946295e+152, beta_phi=nan
NaN in beta_*: layer 9, bs_iter=38, k=2586, beta_mu=1.9147440844867957e+152, beta_phi=nan
NaN in beta_*: layer 9, bs_iter=38, k=2587, beta_mu=1.1502304779592021e+152, beta_phi=nan
NaN in beta_*: layer 9, bs_iter=38, k=2590, beta_mu=2.3991235976390938e+152, beta_phi=nan
NaN in beta_*: layer 9, bs_iter=38, k=2593, beta_mu=2.5370713848414153e+152, beta_phi=nan
NaN in beta_*: layer 9, bs_iter=38, k=2594, beta_mu=1.48792669748425e+152, beta_phi=nan
NaN in beta_*: layer 9, bs_iter=38, k=2596, beta_mu=3.521534149685067e+152, beta_phi=nan
NaN in beta_*: layer 9, bs_iter=38, k=2601, beta_mu=5.825772604341032e+152, beta_phi=nan
NaN in beta_*: layer 9, bs_iter=38, k=2602, beta_mu=2.7979762059125656e+152, beta_phi=nan
NaN in beta_*: layer 9, bs_iter=38, k=2603, beta_mu=8.010914599822635e+152, beta_phi=nan
NaN in beta_*: layer 9, bs_iter=38, k=2606, beta_mu=2.924886668419405e+152, beta_phi=nan
NaN in beta_*: layer 9, bs_iter=38, k=2607, beta_mu=2.799433323419132e+152, beta_phi=nan
NaN in beta_*: layer 9, bs_iter=38, k=2608, beta_mu=2.7057060147755867e+152, beta_phi=nan
NaN in beta_*: layer 9, bs_iter=38, k=2609, beta_mu=1.3505389780750936e+152, beta_phi=nan
NaN in beta_*: layer 9, bs_iter=38, k=2610, beta_mu=5.298210835680066e+152, beta_phi=nan
NaN in beta_*: layer 9, bs_iter=38, k=2611, beta_mu=3.730124549589994e+152, beta_phi=nan
NaN in beta_*: layer 9, bs_iter=38, k=2612, beta_mu=2.47866563359924e+152, beta_phi=nan
NaN in beta_*: layer 9, bs_iter=38, k=2613, beta_mu=5.420948483634811e+152, beta_phi=nan
NaN in beta_*: layer 9, bs_iter=38, k=2614, beta_mu=6.933132318859434e+152, beta_phi=nan
NaN in beta_*: layer 9, bs_iter=38, k=2615, beta_mu=2.5630199823611137e+152, beta_phi=nan
NaN in beta_*: layer 9, bs_iter=38, k=2617, beta_mu=3.1095728178481843e+152, beta_phi=nan
NaN in beta_*: layer 9, bs_iter=38, k=2618, beta_mu=3.3647714322079146e+152, beta_phi=nan
NaN in beta_*: layer 9, bs_iter=38, k=2619, beta_mu=3.465684357369073e+152, beta_phi=nan
NaN in beta_*: layer 9, bs_iter=38, k=2620, beta_mu=3.056038352320034e+152, beta_phi=nan
NaN in beta_*: layer 9, bs_iter=38, k=2621, beta_mu=3.241253781824534e+152, beta_phi=nan
NaN in beta_*: layer 9, bs_iter=38, k=2622, beta_mu=3.6230500926962367e+152, beta_phi=nan
NaN in beta_*: layer 9, bs_iter=38, k=2623, beta_mu=1.3577814998129934e+152, beta_phi=nan
NaN in beta_*: layer 9, bs_iter=38, k=2627, beta_mu=3.1360771979907804e+152, beta_phi=nan
NaN in beta_*: layer 9, bs_iter=38, k=2628, beta_mu=1.3109223322169783e+152, beta_phi=nan
NaN in beta_*: layer 9, bs_iter=38, k=2629, beta_mu=2.344678769624697e+152, beta_phi=nan
NaN in beta_*: layer 9, bs_iter=38, k=2631, beta_mu=9.219084537410819e+152, beta_phi=nan
NaN in beta_*: layer 9, bs_iter=38, k=2636, beta_mu=3.5309808493989633e+152, beta_phi=nan
NaN in beta_*: layer 9, bs_iter=38, k=2637, beta_mu=2.8227827838856236e+152, beta_phi=nan
NaN in beta_*: layer 9, bs_iter=38, k=2638, beta_mu=2.8424090466563077e+152, beta_phi=nan
NaN in beta_*: layer 9, bs_iter=38, k=2639, beta_mu=1.4615623592279948e+152, beta_phi=nan
NaN in beta_*: layer 9, bs_iter=38, k=2640, beta_mu=3.6375661533159233e+152, beta_phi=nan
NaN in beta_*: layer 9, bs_iter=38, k=2642, beta_mu=1.460759924341638e+152, beta_phi=nan
NaN in beta_*: layer 9, bs_iter=38, k=2643, beta_mu=3.947542586269023e+152, beta_phi=nan
NaN in beta_*: layer 9, bs_iter=38, k=2645, beta_mu=1.0687584973975146e+152, beta_phi=nan
NaN in beta_*: layer 9, bs_iter=38, k=2649, beta_mu=3.443490620137313e+152, beta_phi=nan
NaN in beta_*: layer 9, bs_iter=38, k=2653, beta_mu=3.3950842651125204e+152, beta_phi=nan
NaN in beta_*: layer 9, bs_iter=38, k=2654, beta_mu=3.3950922343267756e+152, beta_phi=nan
NaN in beta_*: layer 9, bs_iter=38, k=2656, beta_mu=3.395097444854721e+152, beta_phi=nan
NaN in beta_*: layer 9, bs_iter=38, k=2658, beta_mu=5.282459266553814e+152, beta_phi=nan
NaN in beta_*: layer 9, bs_iter=38, k=2660, beta_mu=3.4141723844388326e+152, beta_phi=nan
NaN in beta_*: layer 9, bs_iter=38, k=2661, beta_mu=1.0944775786017993e+152, beta_phi=nan
NaN in beta_*: layer 9, bs_iter=38, k=2662, beta_mu=3.3950762732346575e+152, beta_phi=nan
NaN in beta_*: layer 9, bs_iter=38, k=2664, beta_mu=2.75771700421371e+152, beta_phi=nan
NaN in beta_*: layer 9, bs_iter=38, k=2671, beta_mu=3.235450476473554e+152, beta_phi=nan
NaN in beta_*: layer 9, bs_iter=38, k=2674, beta_mu=3.0171501730485144e+152, beta_phi=nan
NaN in beta_*: layer 9, bs_iter=38, k=2677, beta_mu=1.9867850405876312e+152, beta_phi=nan
NaN in beta_*: layer 9, bs_iter=38, k=2678, beta_mu=3.256448959499647e+152, beta_phi=nan
NaN in beta_*: layer 9, bs_iter=38, k=2680, beta_mu=3.1827888266674243e+152, beta_phi=nan
NaN in beta_*: layer 9, bs_iter=38, k=2686, beta_mu=3.4328223337120717e+152, beta_phi=nan
NaN in beta_*: layer 9, bs_iter=38, k=2687, beta_mu=3.4328391230993233e+152, beta_phi=nan
NaN in beta_*: layer 9, bs_iter=38, k=2688, beta_mu=8.609208620529268e+152, beta_phi=nan
NaN in beta_*: layer 9, bs_iter=38, k=2690, beta_mu=9.20970126961683e+151, beta_phi=nan
NaN in beta_*: layer 9, bs_iter=38, k=2691, beta_mu=2.841276170571517e+152, beta_phi=nan
NaN in beta_*: layer 9, bs_iter=38, k=2698, beta_mu=2.5127012726835305e+152, beta_phi=nan
NaN in beta_*: layer 9, bs_iter=38, k=2700, beta_mu=7.092349447734851e+152, beta_phi=nan
NaN in beta_*: layer 9, bs_iter=38, k=2702, beta_mu=3.1060128486748117e+152, beta_phi=nan
NaN in beta_*: layer 9, bs_iter=38, k=2703, beta_mu=7.542654102216126e+152, beta_phi=nan
NaN in beta_*: layer 9, bs_iter=38, k=2704, beta_mu=9.795090767873425e+151, beta_phi=nan
NaN in beta_*: layer 9, bs_iter=38, k=2705, beta_mu=1.9344720957724554e+152, beta_phi=nan
NaN in beta_*: layer 9, bs_iter=38, k=2706, beta_mu=4.820959897515175e+152, beta_phi=nan
NaN in beta_*: layer 9, bs_iter=38, k=2707, beta_mu=5.217179212283885e+152, beta_phi=nan
NaN in beta_*: layer 9, bs_iter=38, k=2708, beta_mu=4.1147322094719616e+152, beta_phi=nan
NaN in beta_*: layer 9, bs_iter=38, k=2709, beta_mu=1.5800284699834637e+152, beta_phi=nan
NaN in beta_*: layer 9, bs_iter=38, k=2710, beta_mu=5.933879706525542e+152, beta_phi=nan
NaN in beta_*: layer 9, bs_iter=38, k=2711, beta_mu=2.7544755061702014e+152, beta_phi=nan
NaN in beta_*: layer 9, bs_iter=38, k=2712, beta_mu=1.780647523398491e+152, beta_phi=nan
NaN in beta_*: layer 9, bs_iter=38, k=2713, beta_mu=9.49931730342931e+152, beta_phi=nan
NaN in beta_*: layer 9, bs_iter=38, k=2714, beta_mu=7.366767913191163e+152, beta_phi=nan
NaN in beta_*: layer 9, bs_iter=38, k=2716, beta_mu=2.850249167161999e+152, beta_phi=nan
NaN in beta_*: layer 9, bs_iter=38, k=2717, beta_mu=7.053333056113323e+152, beta_phi=nan
NaN in beta_*: layer 9, bs_iter=38, k=2718, beta_mu=5.70816855470991e+152, beta_phi=nan
NaN in beta_*: layer 9, bs_iter=38, k=2719, beta_mu=1.5040593904332303e+152, beta_phi=nan
NaN in beta_*: layer 9, bs_iter=38, k=2720, beta_mu=1.194333987396138e+152, beta_phi=nan
NaN in beta_*: layer 9, bs_iter=38, k=2721, beta_mu=1.3379068304299655e+153, beta_phi=nan
NaN in beta_*: layer 9, bs_iter=38, k=2722, beta_mu=2.7108833065143427e+152, beta_phi=nan
NaN in beta_*: layer 9, bs_iter=38, k=2723, beta_mu=7.168813504582018e+152, beta_phi=nan
NaN in beta_*: layer 9, bs_iter=38, k=2725, beta_mu=8.020115968417684e+152, beta_phi=nan
NaN in beta_*: layer 9, bs_iter=38, k=2726, beta_mu=1.0249992168614976e+152, beta_phi=nan
NaN in beta_*: layer 9, bs_iter=38, k=2727, beta_mu=6.230230717277305e+152, beta_phi=nan
NaN in beta_*: layer 9, bs_iter=38, k=2728, beta_mu=7.472361828574168e+152, beta_phi=nan
NaN in beta_*: layer 9, bs_iter=38, k=2730, beta_mu=3.791466454367839e+152, beta_phi=nan
NaN in beta_*: layer 9, bs_iter=38, k=2734, beta_mu=6.321196418505657e+152, beta_phi=nan
NaN in beta_*: layer 9, bs_iter=38, k=2735, beta_mu=9.816643278103264e+151, beta_phi=nan
NaN in beta_*: layer 9, bs_iter=38, k=2736, beta_mu=1.9921204691967057e+152, beta_phi=nan
NaN in beta_*: layer 9, bs_iter=38, k=2737, beta_mu=2.1910904256409183e+152, beta_phi=nan
NaN in beta_*: layer 9, bs_iter=38, k=2738, beta_mu=1.1262413749081965e+152, beta_phi=nan
NaN in beta_*: layer 9, bs_iter=38, k=2740, beta_mu=2.8981953500495903e+152, beta_phi=nan
NaN in beta_*: layer 9, bs_iter=38, k=2741, beta_mu=1.3466992034474998e+153, beta_phi=nan
NaN in beta_*: layer 9, bs_iter=38, k=2743, beta_mu=4.803647080170103e+152, beta_phi=nan
NaN in beta_*: layer 9, bs_iter=38, k=2746, beta_mu=2.5860222085589414e+152, beta_phi=nan
NaN in beta_*: layer 9, bs_iter=38, k=2747, beta_mu=3.155666569748931e+152, beta_phi=nan
NaN in beta_*: layer 9, bs_iter=38, k=2748, beta_mu=1.6311496613897532e+152, beta_phi=nan
NaN in beta_*: layer 9, bs_iter=38, k=2749, beta_mu=1.6875833739818544e+152, beta_phi=nan
NaN in beta_*: layer 9, bs_iter=38, k=2750, beta_mu=1.148635236721303e+152, beta_phi=nan
NaN in beta_*: layer 9, bs_iter=38, k=2751, beta_mu=5.867085874093386e+152, beta_phi=nan
NaN in beta_*: layer 9, bs_iter=38, k=2752, beta_mu=9.579001010613364e+152, beta_phi=nan
NaN in beta_*: layer 9, bs_iter=38, k=2753, beta_mu=1.4109361874311253e+152, beta_phi=nan
NaN in beta_*: layer 9, bs_iter=38, k=2754, beta_mu=4.904635114867653e+152, beta_phi=nan
NaN in beta_*: layer 9, bs_iter=38, k=2755, beta_mu=1.8668632929861882e+152, beta_phi=nan
NaN in beta_*: layer 9, bs_iter=38, k=2758, beta_mu=6.902449605352857e+152, beta_phi=nan
NaN in beta_*: layer 9, bs_iter=38, k=2760, beta_mu=4.5827109690464335e+152, beta_phi=nan
NaN in beta_*: layer 9, bs_iter=38, k=2761, beta_mu=1.0231487103462595e+152, beta_phi=nan
NaN in beta_*: layer 9, bs_iter=38, k=2762, beta_mu=1.036873268076663e+153, beta_phi=nan
NaN in beta_*: layer 9, bs_iter=38, k=2763, beta_mu=1.3501182028890814e+152, beta_phi=nan
NaN in beta_*: layer 9, bs_iter=38, k=2764, beta_mu=7.491629803180499e+152, beta_phi=nan
NaN in beta_*: layer 9, bs_iter=38, k=2765, beta_mu=3.2012310320395754e+152, beta_phi=nan
NaN in beta_*: layer 9, bs_iter=38, k=2766, beta_mu=1.350120971626748e+152, beta_phi=nan
NaN in beta_*: layer 9, bs_iter=38, k=2767, beta_mu=1.546108934252718e+152, beta_phi=nan
NaN in beta_*: layer 9, bs_iter=38, k=2769, beta_mu=1.350121263428329e+152, beta_phi=nan
NaN in beta_*: layer 9, bs_iter=38, k=2772, beta_mu=5.274312957935631e+152, beta_phi=nan
NaN in beta_*: layer 9, bs_iter=38, k=2773, beta_mu=5.550695517656114e+152, beta_phi=nan
NaN in beta_*: layer 9, bs_iter=38, k=2774, beta_mu=1.8974673452429355e+152, beta_phi=nan
NaN in beta_*: layer 9, bs_iter=38, k=2775, beta_mu=2.5306970301845405e+152, beta_phi=nan
NaN in beta_*: layer 9, bs_iter=38, k=2776, beta_mu=1.5264813365813635e+152, beta_phi=nan
NaN in beta_*: layer 9, bs_iter=38, k=2778, beta_mu=1.9034812970120954e+152, beta_phi=nan
NaN in beta_*: layer 9, bs_iter=38, k=2779, beta_mu=9.491017000464836e+151, beta_phi=nan
NaN in beta_*: layer 9, bs_iter=38, k=2780, beta_mu=1.5058644388179148e+152, beta_phi=nan
NaN in beta_*: layer 9, bs_iter=38, k=2782, beta_mu=3.1403238535595904e+152, beta_phi=nan
NaN in beta_*: layer 9, bs_iter=38, k=2783, beta_mu=2.9682495772943864e+152, beta_phi=nan
NaN in beta_*: layer 9, bs_iter=38, k=2784, beta_mu=3.004656893180878e+152, beta_phi=nan
NaN in beta_*: layer 9, bs_iter=38, k=2785, beta_mu=2.0257009372183432e+152, beta_phi=nan
NaN in beta_*: layer 9, bs_iter=38, k=2786, beta_mu=1.6043806720973633e+152, beta_phi=nan
NaN in beta_*: layer 9, bs_iter=38, k=2788, beta_mu=1.478041801432557e+152, beta_phi=nan
NaN in beta_*: layer 9, bs_iter=38, k=2789, beta_mu=3.182460112593331e+152, beta_phi=nan
NaN in beta_*: layer 9, bs_iter=38, k=2790, beta_mu=2.167261948955513e+152, beta_phi=nan
NaN in beta_*: layer 9, bs_iter=38, k=2791, beta_mu=1.4938129690020684e+152, beta_phi=nan
NaN in beta_*: layer 9, bs_iter=38, k=2792, beta_mu=7.556083002837208e+152, beta_phi=nan
NaN in beta_*: layer 9, bs_iter=38, k=2797, beta_mu=1.929888875016325e+152, beta_phi=nan
NaN in beta_*: layer 9, bs_iter=38, k=2798, beta_mu=4.700676869511566e+152, beta_phi=nan
NaN in beta_*: layer 9, bs_iter=38, k=2799, beta_mu=4.276387686535008e+152, beta_phi=nan
NaN in beta_*: layer 9, bs_iter=38, k=2800, beta_mu=1.5172000290184423e+152, beta_phi=nan
NaN in beta_*: layer 9, bs_iter=38, k=2802, beta_mu=4.297662022483381e+152, beta_phi=nan
NaN in beta_*: layer 9, bs_iter=38, k=2805, beta_mu=3.862497338413574e+152, beta_phi=nan
NaN in beta_*: layer 9, bs_iter=38, k=2809, beta_mu=2.7339561295029e+152, beta_phi=nan
NaN in beta_*: layer 9, bs_iter=38, k=2824, beta_mu=1.1354365283888022e+152, beta_phi=nan
NaN in beta_*: layer 9, bs_iter=38, k=2832, beta_mu=2.196442238607275e+152, beta_phi=nan
NaN in beta_*: layer 9, bs_iter=38, k=2836, beta_mu=7.330025835204003e+152, beta_phi=nan
NaN in beta_*: layer 9, bs_iter=38, k=2841, beta_mu=2.3325657139880978e+152, beta_phi=nan
NaN in beta_*: layer 9, bs_iter=38, k=2845, beta_mu=1.0087995219267918e+152, beta_phi=nan
NaN in beta_*: layer 9, bs_iter=38, k=2851, beta_mu=1.6097505787225276e+152, beta_phi=nan
NaN in beta_*: layer 9, bs_iter=38, k=2852, beta_mu=1.609752148397655e+152, beta_phi=nan
NaN in beta_*: layer 9, bs_iter=38, k=2859, beta_mu=9.171189011345491e+151, beta_phi=nan
NaN in beta_*: layer 9, bs_iter=38, k=2863, beta_mu=1.1609735687601296e+153, beta_phi=nan
NaN in beta_*: layer 9, bs_iter=38, k=2866, beta_mu=9.158468939244721e+152, beta_phi=nan
NaN in beta_*: layer 9, bs_iter=38, k=2870, beta_mu=5.091899341438356e+152, beta_phi=nan
NaN in beta_*: layer 9, bs_iter=38, k=2874, beta_mu=1.0273447434011085e+152, beta_phi=nan
NaN in beta_*: layer 9, bs_iter=38, k=2875, beta_mu=4.377716057218624e+152, beta_phi=nan
NaN in beta_*: layer 9, bs_iter=38, k=2880, beta_mu=9.02046474498206e+152, beta_phi=nan
NaN in beta_*: layer 9, bs_iter=38, k=2882, beta_mu=1.5096309286622825e+152, beta_phi=nan
NaN in beta_*: layer 9, bs_iter=38, k=2884, beta_mu=3.6498502209498313e+152, beta_phi=nan
NaN in beta_*: layer 9, bs_iter=38, k=2885, beta_mu=1.0019293002005938e+153, beta_phi=nan
NaN in beta_*: layer 9, bs_iter=38, k=2886, beta_mu=1.1701134282415047e+152, beta_phi=nan
NaN in beta_*: layer 9, bs_iter=38, k=2889, beta_mu=1.1318842669648473e+152, beta_phi=nan
NaN in beta_*: layer 9, bs_iter=38, k=2893, beta_mu=1.9270626318205126e+152, beta_phi=nan
NaN in beta_*: layer 9, bs_iter=38, k=2903, beta_mu=1.2610550074862375e+152, beta_phi=nan
NaN in beta_*: layer 9, bs_iter=38, k=2904, beta_mu=4.0580141778047575e+152, beta_phi=nan
NaN in beta_*: layer 9, bs_iter=38, k=2905, beta_mu=1.0363933459934239e+152, beta_phi=nan
NaN in beta_*: layer 9, bs_iter=38, k=2906, beta_mu=9.372553336480264e+151, beta_phi=nan
NaN in beta_*: layer 9, bs_iter=38, k=2909, beta_mu=1.137805810431422e+152, beta_phi=nan
NaN in beta_*: layer 9, bs_iter=38, k=2910, beta_mu=2.313114844418384e+152, beta_phi=nan
NaN in beta_*: layer 9, bs_iter=38, k=2911, beta_mu=1.5379849588298404e+152, beta_phi=nan
NaN in beta_*: layer 9, bs_iter=38, k=2912, beta_mu=1.1749292690222188e+152, beta_phi=nan
NaN in beta_*: layer 9, bs_iter=38, k=2915, beta_mu=5.56859225254284e+152, beta_phi=nan
NaN in beta_*: layer 9, bs_iter=38, k=2916, beta_mu=7.940511001119471e+152, beta_phi=nan
NaN in beta_*: layer 9, bs_iter=38, k=2917, beta_mu=5.114265142523931e+152, beta_phi=nan
NaN in beta_*: layer 9, bs_iter=38, k=2918, beta_mu=2.681013308713783e+152, beta_phi=nan
NaN in beta_*: layer 9, bs_iter=38, k=2919, beta_mu=1.0383939997106044e+152, beta_phi=nan
NaN in beta_*: layer 9, bs_iter=38, k=2921, beta_mu=4.884473593339841e+152, beta_phi=nan
NaN in beta_*: layer 9, bs_iter=38, k=2922, beta_mu=4.17669195282857e+152, beta_phi=nan
NaN in beta_*: layer 9, bs_iter=38, k=2926, beta_mu=1.217584438934812e+152, beta_phi=nan
NaN in beta_*: layer 9, bs_iter=38, k=2928, beta_mu=9.176690144182341e+151, beta_phi=nan
NaN in beta_*: layer 9, bs_iter=38, k=2930, beta_mu=1.1378054676743538e+152, beta_phi=nan
NaN in beta_*: layer 9, bs_iter=38, k=2931, beta_mu=1.1378055365596147e+152, beta_phi=nan
NaN in beta_*: layer 9, bs_iter=38, k=2934, beta_mu=1.1778103231323892e+152, beta_phi=nan
NaN in beta_*: layer 9, bs_iter=38, k=2936, beta_mu=1.0458895958301695e+152, beta_phi=nan
NaN in beta_*: layer 9, bs_iter=38, k=2939, beta_mu=1.017956983304842e+153, beta_phi=nan
NaN in beta_*: layer 9, bs_iter=38, k=2941, beta_mu=5.356053582358769e+152, beta_phi=nan
NaN in beta_*: layer 9, bs_iter=38, k=2943, beta_mu=5.827779894892427e+152, beta_phi=nan
NaN in beta_*: layer 9, bs_iter=38, k=2945, beta_mu=2.902412731086404e+152, beta_phi=nan
NaN in beta_*: layer 9, bs_iter=38, k=2946, beta_mu=8.843854836721194e+151, beta_phi=nan
NaN in beta_*: layer 9, bs_iter=38, k=2961, beta_mu=4.886290955706372e+152, beta_phi=nan
NaN in beta_*: layer 9, bs_iter=38, k=2962, beta_mu=1.2496518140299556e+152, beta_phi=nan
NaN in beta_*: layer 9, bs_iter=38, k=2967, beta_mu=1.0816960859293454e+152, beta_phi=nan
NaN in beta_*: layer 9, bs_iter=38, k=2969, beta_mu=2.8602722140046885e+152, beta_phi=nan
NaN in beta_*: layer 9, bs_iter=38, k=2972, beta_mu=5.897603297240891e+152, beta_phi=nan
NaN in beta_*: layer 9, bs_iter=38, k=2974, beta_mu=1.2083416878423047e+152, beta_phi=nan
NaN in beta_*: layer 9, bs_iter=38, k=2975, beta_mu=5.479239837429213e+152, beta_phi=nan
NaN in beta_*: layer 9, bs_iter=38, k=2980, beta_mu=5.971140799431294e+152, beta_phi=nan
NaN in beta_*: layer 9, bs_iter=38, k=2987, beta_mu=9.185760865660189e+152, beta_phi=nan
NaN in beta_*: layer 9, bs_iter=38, k=2988, beta_mu=1.1060878792781965e+152, beta_phi=nan
NaN in beta_*: layer 9, bs_iter=38, k=2992, beta_mu=8.89165973703113e+152, beta_phi=nan
NaN in beta_*: layer 9, bs_iter=38, k=2996, beta_mu=4.124950953684059e+152, beta_phi=nan
NaN in beta_*: layer 9, bs_iter=38, k=2997, beta_mu=3.283421401790731e+152, beta_phi=nan
NaN in beta_*: layer 9, bs_iter=38, k=2999, beta_mu=9.415930107369959e+151, beta_phi=nan
NaN in beta_*: layer 9, bs_iter=38, k=3000, beta_mu=2.053576922721583e+152, beta_phi=nan
NaN in beta_*: layer 9, bs_iter=38, k=3001, beta_mu=1.0710099653800725e+153, beta_phi=nan
NaN in beta_*: layer 9, bs_iter=38, k=3002, beta_mu=5.222676939803726e+152, beta_phi=nan
NaN in beta_*: layer 9, bs_iter=38, k=3003, beta_mu=1.1767688194427144e+152, beta_phi=nan
NaN in beta_*: layer 9, bs_iter=38, k=3005, beta_mu=1.086619593623396e+153, beta_phi=nan
NaN in beta_*: layer 9, bs_iter=38, k=3006, beta_mu=1.5634956678351541e+152, beta_phi=nan
NaN in beta_*: layer 9, bs_iter=38, k=3007, beta_mu=4.779424759561506e+152, beta_phi=nan
NaN in beta_*: layer 9, bs_iter=38, k=3010, beta_mu=4.975807736086248e+152, beta_phi=nan
NaN in beta_*: layer 9, bs_iter=38, k=3012, beta_mu=1.7525897122091237e+153, beta_phi=nan
NaN in beta_*: layer 9, bs_iter=38, k=3013, beta_mu=5.339664353470955e+152, beta_phi=nan
NaN in beta_*: layer 9, bs_iter=38, k=3014, beta_mu=1.076385834567351e+152, beta_phi=nan
NaN in beta_*: layer 9, bs_iter=38, k=3015, beta_mu=1.128410523514156e+152, beta_phi=nan
NaN in beta_*: layer 9, bs_iter=38, k=3016, beta_mu=3.36699478900394e+152, beta_phi=nan
NaN in beta_*: layer 9, bs_iter=38, k=3017, beta_mu=1.0610796990455303e+153, beta_phi=nan
NaN in beta_*: layer 9, bs_iter=38, k=3019, beta_mu=1.0763856891083306e+152, beta_phi=nan
NaN in beta_*: layer 9, bs_iter=38, k=3020, beta_mu=2.97359559252341e+152, beta_phi=nan
NaN in beta_*: layer 9, bs_iter=38, k=3022, beta_mu=2.620507616048878e+152, beta_phi=nan
NaN in beta_*: layer 9, bs_iter=38, k=3023, beta_mu=2.9596332056210266e+152, beta_phi=nan
NaN in beta_*: layer 9, bs_iter=38, k=3024, beta_mu=2.9494433665607945e+152, beta_phi=nan
NaN in beta_*: layer 9, bs_iter=38, k=3025, beta_mu=6.043552904965273e+152, beta_phi=nan
NaN in beta_*: layer 9, bs_iter=38, k=3027, beta_mu=3.1348654417927567e+152, beta_phi=nan
NaN in beta_*: layer 9, bs_iter=38, k=3028, beta_mu=3.848787316780494e+152, beta_phi=nan
NaN in beta_*: layer 9, bs_iter=38, k=3029, beta_mu=2.954078478928093e+152, beta_phi=nan
NaN in beta_*: layer 9, bs_iter=38, k=3030, beta_mu=1.1105773606191444e+152, beta_phi=nan
NaN in beta_*: layer 9, bs_iter=38, k=3031, beta_mu=2.954079817153369e+152, beta_phi=nan
NaN in beta_*: layer 9, bs_iter=38, k=3032, beta_mu=4.116003413901794e+152, beta_phi=nan
NaN in beta_*: layer 9, bs_iter=38, k=3033, beta_mu=2.982502514582027e+152, beta_phi=nan
NaN in beta_*: layer 9, bs_iter=38, k=3035, beta_mu=3.057359186484656e+152, beta_phi=nan
NaN in beta_*: layer 9, bs_iter=38, k=3036, beta_mu=8.64954881530536e+152, beta_phi=nan
NaN in beta_*: layer 9, bs_iter=38, k=3037, beta_mu=2.9987256733208123e+152, beta_phi=nan
NaN in beta_*: layer 9, bs_iter=38, k=3041, beta_mu=1.1315288126768727e+152, beta_phi=nan
NaN in beta_*: layer 9, bs_iter=38, k=3042, beta_mu=3.0019082926115517e+152, beta_phi=nan
NaN in beta_*: layer 9, bs_iter=38, k=3043, beta_mu=4.631028291821268e+152, beta_phi=nan
NaN in beta_*: layer 9, bs_iter=38, k=3045, beta_mu=3.057358660073369e+152, beta_phi=nan
NaN in beta_*: layer 9, bs_iter=38, k=3047, beta_mu=3.057358660073369e+152, beta_phi=nan
NaN in beta_*: layer 9, bs_iter=38, k=3048, beta_mu=1.0763855469812954e+152, beta_phi=nan
NaN in beta_*: layer 9, bs_iter=38, k=3049, beta_mu=1.073546037140616e+152, beta_phi=nan
NaN in beta_*: layer 9, bs_iter=38, k=3050, beta_mu=9.256321547397721e+152, beta_phi=nan
NaN in beta_*: layer 9, bs_iter=38, k=3051, beta_mu=3.0037791493905793e+152, beta_phi=nan
NaN in beta_*: layer 9, bs_iter=38, k=3055, beta_mu=3.062132258953495e+152, beta_phi=nan
NaN in beta_*: layer 9, bs_iter=38, k=3056, beta_mu=3.105631968302175e+152, beta_phi=nan
NaN in beta_*: layer 9, bs_iter=38, k=3057, beta_mu=8.532028627962286e+152, beta_phi=nan
NaN in beta_*: layer 9, bs_iter=38, k=3058, beta_mu=3.064703441349039e+152, beta_phi=nan
NaN in beta_*: layer 9, bs_iter=38, k=3059, beta_mu=9.227817484049203e+152, beta_phi=nan
NaN in beta_*: layer 9, bs_iter=38, k=3060, beta_mu=2.7268009736609977e+152, beta_phi=nan
NaN in beta_*: layer 9, bs_iter=38, k=3062, beta_mu=2.68502524099121e+152, beta_phi=nan
NaN in beta_*: layer 9, bs_iter=38, k=3064, beta_mu=2.8114328053997715e+152, beta_phi=nan
NaN in beta_*: layer 9, bs_iter=38, k=3066, beta_mu=4.385357396740821e+152, beta_phi=nan
NaN in beta_*: layer 9, bs_iter=38, k=3068, beta_mu=1.0720300945376418e+152, beta_phi=nan
NaN in beta_*: layer 9, bs_iter=38, k=3069, beta_mu=1.0170513134738028e+152, beta_phi=nan
NaN in beta_*: layer 9, bs_iter=38, k=3070, beta_mu=2.717642841964599e+152, beta_phi=nan
NaN in beta_*: layer 9, bs_iter=38, k=3071, beta_mu=8.848973473689627e+151, beta_phi=nan
NaN in beta_*: layer 9, bs_iter=38, k=3072, beta_mu=2.681718034093066e+152, beta_phi=nan
NaN in beta_*: layer 9, bs_iter=38, k=3073, beta_mu=1.1331481541697039e+152, beta_phi=nan
NaN in beta_*: layer 9, bs_iter=38, k=3074, beta_mu=1.0720298815730533e+152, beta_phi=nan
NaN in beta_*: layer 9, bs_iter=38, k=3075, beta_mu=3.0440916176508433e+152, beta_phi=nan
NaN in beta_*: layer 9, bs_iter=38, k=3076, beta_mu=3.9257236369872644e+152, beta_phi=nan
NaN in beta_*: layer 9, bs_iter=38, k=3077, beta_mu=8.976212710327867e+152, beta_phi=nan
NaN in beta_*: layer 9, bs_iter=38, k=3078, beta_mu=2.2701319286715862e+152, beta_phi=nan
NaN in beta_*: layer 9, bs_iter=38, k=3079, beta_mu=2.3456339084971577e+152, beta_phi=nan
NaN in beta_*: layer 9, bs_iter=38, k=3080, beta_mu=2.4338711781240637e+152, beta_phi=nan
NaN in beta_*: layer 9, bs_iter=38, k=3083, beta_mu=1.290539673608652e+152, beta_phi=nan
NaN in beta_*: layer 9, bs_iter=38, k=3084, beta_mu=2.296128175533404e+152, beta_phi=nan
NaN in beta_*: layer 9, bs_iter=38, k=3085, beta_mu=2.2961362474135e+152, beta_phi=nan
NaN in beta_*: layer 9, bs_iter=38, k=3087, beta_mu=1.9263199293848104e+152, beta_phi=nan
NaN in beta_*: layer 9, bs_iter=38, k=3088, beta_mu=2.2944243482309796e+152, beta_phi=nan
NaN in beta_*: layer 9, bs_iter=38, k=3089, beta_mu=2.3261695609730925e+152, beta_phi=nan
NaN in beta_*: layer 9, bs_iter=38, k=3090, beta_mu=6.160258313954617e+152, beta_phi=nan
NaN in beta_*: layer 9, bs_iter=38, k=3092, beta_mu=4.569734329903699e+152, beta_phi=nan
NaN in beta_*: layer 9, bs_iter=38, k=3093, beta_mu=2.2887536469162587e+152, beta_phi=nan
NaN in beta_*: layer 9, bs_iter=38, k=3094, beta_mu=2.300208233124339e+152, beta_phi=nan
NaN in beta_*: layer 9, bs_iter=38, k=3097, beta_mu=9.977582410061436e+152, beta_phi=nan
NaN in beta_*: layer 9, bs_iter=38, k=3098, beta_mu=9.903953668862301e+152, beta_phi=nan
NaN in beta_*: layer 9, bs_iter=38, k=3099, beta_mu=1.7225774985448528e+152, beta_phi=nan
NaN in beta_*: layer 9, bs_iter=38, k=3100, beta_mu=2.4444262894089924e+152, beta_phi=nan
NaN in beta_*: layer 9, bs_iter=38, k=3103, beta_mu=9.451362675112775e+152, beta_phi=nan
NaN in beta_*: layer 9, bs_iter=38, k=3105, beta_mu=1.0334107974172071e+153, beta_phi=nan
NaN in beta_*: layer 9, bs_iter=38, k=3106, beta_mu=4.691343842183834e+152, beta_phi=nan
NaN in beta_*: layer 9, bs_iter=38, k=3109, beta_mu=5.297650086807423e+152, beta_phi=nan
NaN in beta_*: layer 9, bs_iter=38, k=3110, beta_mu=3.8243178428585423e+152, beta_phi=nan
NaN in beta_*: layer 9, bs_iter=38, k=3111, beta_mu=9.977552233933293e+152, beta_phi=nan
NaN in beta_*: layer 9, bs_iter=38, k=3112, beta_mu=1.9263191850639182e+152, beta_phi=nan
NaN in beta_*: layer 9, bs_iter=38, k=3113, beta_mu=1.9263196449071034e+152, beta_phi=nan
NaN in beta_*: layer 9, bs_iter=38, k=3114, beta_mu=1.9263202408665915e+152, beta_phi=nan
NaN in beta_*: layer 9, bs_iter=38, k=3115, beta_mu=1.00313287626919e+153, beta_phi=nan
NaN in beta_*: layer 9, bs_iter=38, k=3119, beta_mu=3.9779939076559166e+152, beta_phi=nan
NaN in beta_*: layer 9, bs_iter=38, k=3120, beta_mu=1.0213245668739239e+153, beta_phi=nan
NaN in beta_*: layer 9, bs_iter=38, k=3121, beta_mu=1.9263179516370057e+152, beta_phi=nan
NaN in beta_*: layer 9, bs_iter=38, k=3122, beta_mu=9.899562340954522e+152, beta_phi=nan
NaN in beta_*: layer 9, bs_iter=38, k=3123, beta_mu=1.9263182330705318e+152, beta_phi=nan
NaN in beta_*: layer 9, bs_iter=38, k=3124, beta_mu=6.045839331434375e+152, beta_phi=nan
NaN in beta_*: layer 9, bs_iter=38, k=3125, beta_mu=3.845202056178877e+152, beta_phi=nan
NaN in beta_*: layer 9, bs_iter=38, k=3126, beta_mu=1.0107327729945599e+153, beta_phi=nan
NaN in beta_*: layer 9, bs_iter=38, k=3127, beta_mu=3.855905556010011e+152, beta_phi=nan
NaN in beta_*: layer 9, bs_iter=38, k=3128, beta_mu=1.0055425788047851e+153, beta_phi=nan
NaN in beta_*: layer 9, bs_iter=38, k=3129, beta_mu=8.801478511108923e+152, beta_phi=nan
NaN in beta_*: layer 9, bs_iter=38, k=3130, beta_mu=3.967807887323724e+152, beta_phi=nan
NaN in beta_*: layer 9, bs_iter=38, k=3131, beta_mu=9.16831144294764e+152, beta_phi=nan
NaN in beta_*: layer 9, bs_iter=38, k=3138, beta_mu=3.6338921828097676e+152, beta_phi=nan
NaN in beta_*: layer 9, bs_iter=38, k=3140, beta_mu=2.0884556740370526e+152, beta_phi=nan
NaN in beta_*: layer 9, bs_iter=38, k=3141, beta_mu=9.552888860733304e+152, beta_phi=nan
NaN in beta_*: layer 9, bs_iter=38, k=3142, beta_mu=4.672100630445608e+152, beta_phi=nan
NaN in beta_*: layer 9, bs_iter=38, k=3143, beta_mu=9.154475125622864e+152, beta_phi=nan
NaN in beta_*: layer 9, bs_iter=38, k=3144, beta_mu=4.270312452621672e+152, beta_phi=nan
NaN in beta_*: layer 9, bs_iter=38, k=3145, beta_mu=9.575191776190545e+152, beta_phi=nan
NaN in beta_*: layer 9, bs_iter=38, k=3146, beta_mu=1.210569883299896e+152, beta_phi=nan
NaN in beta_*: layer 9, bs_iter=38, k=3147, beta_mu=9.750069384907017e+152, beta_phi=nan
NaN in beta_*: layer 9, bs_iter=38, k=3148, beta_mu=4.341510654019794e+152, beta_phi=nan
NaN in beta_*: layer 9, bs_iter=38, k=3149, beta_mu=6.904214287684165e+152, beta_phi=nan
NaN in beta_*: layer 9, bs_iter=38, k=3150, beta_mu=1.1734135694761672e+153, beta_phi=nan
NaN in beta_*: layer 9, bs_iter=38, k=3151, beta_mu=9.223449516265053e+152, beta_phi=nan
NaN in beta_*: layer 9, bs_iter=38, k=3152, beta_mu=1.2485527110888463e+153, beta_phi=nan
NaN in beta_*: layer 9, bs_iter=38, k=3153, beta_mu=1.7586953280520653e+153, beta_phi=nan
NaN in beta_*: layer 9, bs_iter=38, k=3154, beta_mu=9.300672860267599e+151, beta_phi=nan
NaN in beta_*: layer 9, bs_iter=38, k=3155, beta_mu=9.880536696786567e+152, beta_phi=nan
NaN in beta_*: layer 9, bs_iter=38, k=3156, beta_mu=1.4667847976833763e+152, beta_phi=nan
NaN in beta_*: layer 9, bs_iter=38, k=3159, beta_mu=4.019579425946077e+152, beta_phi=nan
NaN in beta_*: layer 9, bs_iter=38, k=3160, beta_mu=9.971120895850453e+151, beta_phi=nan
NaN in beta_*: layer 9, bs_iter=38, k=3165, beta_mu=1.095573069420021e+152, beta_phi=nan
NaN in beta_*: layer 9, bs_iter=38, k=3171, beta_mu=1.9372151663597774e+152, beta_phi=nan
NaN in beta_*: layer 9, bs_iter=38, k=3179, beta_mu=9.038920151536456e+152, beta_phi=nan
NaN in beta_*: layer 9, bs_iter=38, k=3180, beta_mu=7.064311395928441e+152, beta_phi=nan
NaN in beta_*: layer 9, bs_iter=38, k=3182, beta_mu=4.487272302631643e+152, beta_phi=nan
NaN in beta_*: layer 9, bs_iter=38, k=3186, beta_mu=5.2643256889021115e+152, beta_phi=nan
NaN in beta_*: layer 9, bs_iter=38, k=3188, beta_mu=2.8429639369529775e+152, beta_phi=nan
NaN in beta_*: layer 9, bs_iter=38, k=3190, beta_mu=3.548582399868537e+152, beta_phi=nan
NaN in beta_*: layer 9, bs_iter=38, k=3191, beta_mu=4.981563622503716e+152, beta_phi=nan
NaN in beta_*: layer 9, bs_iter=38, k=3192, beta_mu=4.89871706069282e+152, beta_phi=nan
NaN in beta_*: layer 9, bs_iter=38, k=3193, beta_mu=3.383740545652163e+152, beta_phi=nan
NaN in beta_*: layer 9, bs_iter=38, k=3195, beta_mu=6.076214006500183e+152, beta_phi=nan
NaN in beta_*: layer 9, bs_iter=38, k=3196, beta_mu=3.096481945322335e+152, beta_phi=nan
NaN in beta_*: layer 9, bs_iter=38, k=3198, beta_mu=1.0920560382179576e+153, beta_phi=nan
NaN in beta_*: layer 9, bs_iter=38, k=3199, beta_mu=5.271891542047506e+152, beta_phi=nan
NaN in beta_*: layer 9, bs_iter=38, k=3200, beta_mu=5.271893664827596e+152, beta_phi=nan
NaN in beta_*: layer 9, bs_iter=38, k=3202, beta_mu=5.6066117557611395e+152, beta_phi=nan
NaN in beta_*: layer 9, bs_iter=38, k=3203, beta_mu=3.3904135562965093e+152, beta_phi=nan
NaN in beta_*: layer 9, bs_iter=38, k=3204, beta_mu=5.029974412492899e+152, beta_phi=nan
NaN in beta_*: layer 9, bs_iter=38, k=3205, beta_mu=5.276699912494938e+152, beta_phi=nan
NaN in beta_*: layer 9, bs_iter=38, k=3207, beta_mu=5.252998604952479e+152, beta_phi=nan
NaN in beta_*: layer 9, bs_iter=38, k=3209, beta_mu=2.6076669769400308e+152, beta_phi=nan
NaN in beta_*: layer 9, bs_iter=38, k=3210, beta_mu=7.06452427648696e+152, beta_phi=nan
NaN in beta_*: layer 9, bs_iter=38, k=3211, beta_mu=5.259322507606366e+152, beta_phi=nan
NaN in beta_*: layer 9, bs_iter=38, k=3213, beta_mu=9.92443075907583e+151, beta_phi=nan
NaN in beta_*: layer 9, bs_iter=38, k=3214, beta_mu=6.355616769664274e+152, beta_phi=nan
NaN in beta_*: layer 9, bs_iter=38, k=3215, beta_mu=6.3683973185526045e+152, beta_phi=nan
NaN in beta_*: layer 9, bs_iter=38, k=3218, beta_mu=5.264311229187512e+152, beta_phi=nan
NaN in beta_*: layer 9, bs_iter=38, k=3219, beta_mu=6.575246857871204e+152, beta_phi=nan
NaN in beta_*: layer 9, bs_iter=38, k=3220, beta_mu=5.1964340400266235e+152, beta_phi=nan
NaN in beta_*: layer 9, bs_iter=38, k=3224, beta_mu=1.810005119568548e+152, beta_phi=nan
NaN in beta_*: layer 9, bs_iter=38, k=3225, beta_mu=1.975432706561383e+152, beta_phi=nan
NaN in beta_*: layer 9, bs_iter=38, k=3226, beta_mu=1.0979349907592435e+152, beta_phi=nan
NaN in beta_*: layer 9, bs_iter=38, k=3228, beta_mu=1.2504478136135974e+153, beta_phi=nan
NaN in beta_*: layer 9, bs_iter=38, k=3229, beta_mu=8.49866733070027e+152, beta_phi=nan
NaN in beta_*: layer 9, bs_iter=38, k=3230, beta_mu=6.934056367222476e+152, beta_phi=nan
NaN in beta_*: layer 9, bs_iter=38, k=3232, beta_mu=8.959118549582338e+152, beta_phi=nan
NaN in beta_*: layer 9, bs_iter=38, k=3233, beta_mu=6.450219831346083e+152, beta_phi=nan
NaN in beta_*: layer 9, bs_iter=38, k=3236, beta_mu=4.339063466195342e+152, beta_phi=nan
NaN in beta_*: layer 9, bs_iter=38, k=3237, beta_mu=1.503760536183377e+153, beta_phi=nan
NaN in beta_*: layer 9, bs_iter=38, k=3238, beta_mu=3.019731803863889e+152, beta_phi=nan
NaN in beta_*: layer 9, bs_iter=38, k=3239, beta_mu=6.60479620478455e+152, beta_phi=nan
NaN in beta_*: layer 9, bs_iter=38, k=3240, beta_mu=6.521000600340835e+152, beta_phi=nan
NaN in beta_*: layer 9, bs_iter=38, k=3241, beta_mu=6.427871200075309e+152, beta_phi=nan
NaN in beta_*: layer 9, bs_iter=38, k=3244, beta_mu=6.510513581909573e+152, beta_phi=nan
NaN in beta_*: layer 9, bs_iter=38, k=3245, beta_mu=6.555801307107969e+152, beta_phi=nan
NaN in beta_*: layer 9, bs_iter=38, k=3248, beta_mu=6.473507154131464e+152, beta_phi=nan
NaN in beta_*: layer 9, bs_iter=38, k=3249, beta_mu=6.481095395725935e+152, beta_phi=nan
NaN in beta_*: layer 9, bs_iter=38, k=3250, beta_mu=1.4820177601116756e+153, beta_phi=nan
NaN in beta_*: layer 9, bs_iter=38, k=3252, beta_mu=6.491436757625241e+152, beta_phi=nan
NaN in beta_*: layer 9, bs_iter=38, k=3253, beta_mu=4.42636705833795e+152, beta_phi=nan
NaN in beta_*: layer 9, bs_iter=38, k=3254, beta_mu=4.135928473079571e+152, beta_phi=nan
NaN in beta_*: layer 9, bs_iter=38, k=3255, beta_mu=4.265850952625451e+152, beta_phi=nan
NaN in beta_*: layer 9, bs_iter=38, k=3256, beta_mu=4.26598128523343e+152, beta_phi=nan
NaN in beta_*: layer 9, bs_iter=38, k=3257, beta_mu=3.4328648110551257e+152, beta_phi=nan
NaN in beta_*: layer 9, bs_iter=38, k=3258, beta_mu=4.2588487791894805e+152, beta_phi=nan
NaN in beta_*: layer 9, bs_iter=38, k=3259, beta_mu=6.200499850067197e+152, beta_phi=nan
NaN in beta_*: layer 9, bs_iter=38, k=3260, beta_mu=6.306747363930516e+152, beta_phi=nan
NaN in beta_*: layer 9, bs_iter=38, k=3261, beta_mu=1.4705962342178757e+153, beta_phi=nan
NaN in beta_*: layer 9, bs_iter=38, k=3262, beta_mu=6.001394118823655e+152, beta_phi=nan
NaN in beta_*: layer 9, bs_iter=38, k=3263, beta_mu=6.388202030683071e+152, beta_phi=nan
NaN in beta_*: layer 9, bs_iter=38, k=3264, beta_mu=6.350878149329684e+152, beta_phi=nan
NaN in beta_*: layer 9, bs_iter=38, k=3266, beta_mu=6.483339898848619e+152, beta_phi=nan
NaN in beta_*: layer 9, bs_iter=38, k=3267, beta_mu=6.265377675624283e+152, beta_phi=nan
NaN in beta_*: layer 9, bs_iter=38, k=3268, beta_mu=6.2045913674772355e+152, beta_phi=nan
NaN in beta_*: layer 9, bs_iter=38, k=3269, beta_mu=6.240436137613443e+152, beta_phi=nan
NaN in beta_*: layer 9, bs_iter=38, k=3270, beta_mu=7.06929023733014e+152, beta_phi=nan
NaN in beta_*: layer 9, bs_iter=38, k=3271, beta_mu=1.4569296347810364e+153, beta_phi=nan
NaN in beta_*: layer 9, bs_iter=38, k=3273, beta_mu=1.1488288480452127e+153, beta_phi=nan
NaN in beta_*: layer 9, bs_iter=38, k=3274, beta_mu=1.4991789007473006e+153, beta_phi=nan
NaN in beta_*: layer 9, bs_iter=38, k=3275, beta_mu=1.5076613504322942e+153, beta_phi=nan
NaN in beta_*: layer 9, bs_iter=38, k=3276, beta_mu=2.183343183868636e+152, beta_phi=nan
NaN in beta_*: layer 9, bs_iter=38, k=3277, beta_mu=1.1488298073319792e+153, beta_phi=nan
NaN in beta_*: layer 9, bs_iter=38, k=3279, beta_mu=2.7411863454234376e+152, beta_phi=nan
NaN in beta_*: layer 9, bs_iter=38, k=3281, beta_mu=3.4582667955860987e+152, beta_phi=nan
NaN in beta_*: layer 9, bs_iter=38, k=3282, beta_mu=1.7282748389180704e+152, beta_phi=nan
NaN in beta_*: layer 9, bs_iter=38, k=3284, beta_mu=7.013906959470211e+152, beta_phi=nan
NaN in beta_*: layer 9, bs_iter=38, k=3287, beta_mu=3.421706889207562e+152, beta_phi=nan
NaN in beta_*: layer 9, bs_iter=38, k=3288, beta_mu=2.502515064121799e+152, beta_phi=nan
NaN in beta_*: layer 9, bs_iter=38, k=3292, beta_mu=4.644560302124993e+152, beta_phi=nan
NaN in beta_*: layer 9, bs_iter=38, k=3295, beta_mu=4.305897125346477e+152, beta_phi=nan
NaN in beta_*: layer 9, bs_iter=38, k=3297, beta_mu=2.573145752335579e+152, beta_phi=nan
NaN in beta_*: layer 9, bs_iter=38, k=3300, beta_mu=4.615691050178825e+152, beta_phi=nan
NaN in beta_*: layer 9, bs_iter=38, k=3302, beta_mu=1.6325280679180547e+152, beta_phi=nan
NaN in beta_*: layer 9, bs_iter=38, k=3303, beta_mu=2.0514979737270739e+152, beta_phi=nan
NaN in beta_*: layer 9, bs_iter=38, k=3304, beta_mu=1.947143729473519e+152, beta_phi=nan
NaN in beta_*: layer 9, bs_iter=38, k=3306, beta_mu=1.4106769366750557e+152, beta_phi=nan
NaN in beta_*: layer 9, bs_iter=38, k=3309, beta_mu=3.76740458165284e+152, beta_phi=nan
NaN in beta_*: layer 9, bs_iter=38, k=3312, beta_mu=1.0549968565025138e+152, beta_phi=nan
NaN in beta_*: layer 9, bs_iter=38, k=3313, beta_mu=4.1163282701855367e+152, beta_phi=nan
NaN in beta_*: layer 9, bs_iter=38, k=3314, beta_mu=2.9528752124732854e+152, beta_phi=nan
NaN in beta_*: layer 9, bs_iter=38, k=3316, beta_mu=3.8819590933959566e+152, beta_phi=nan
NaN in beta_*: layer 9, bs_iter=38, k=3317, beta_mu=1.3441296486117705e+152, beta_phi=nan
NaN in beta_*: layer 9, bs_iter=38, k=3318, beta_mu=1.9334841671624617e+153, beta_phi=nan
NaN in beta_*: layer 9, bs_iter=38, k=3321, beta_mu=2.575237288238389e+152, beta_phi=nan
NaN in beta_*: layer 9, bs_iter=38, k=3324, beta_mu=1.5039366855665094e+152, beta_phi=nan
NaN in beta_*: layer 9, bs_iter=38, k=3325, beta_mu=4.9271789237650935e+152, beta_phi=nan
NaN in beta_*: layer 9, bs_iter=38, k=3327, beta_mu=8.360018816529765e+152, beta_phi=nan
NaN in beta_*: layer 9, bs_iter=38, k=3328, beta_mu=6.242710067604752e+152, beta_phi=nan
NaN in beta_*: layer 9, bs_iter=38, k=3329, beta_mu=4.949432397671064e+152, beta_phi=nan
NaN in beta_*: layer 9, bs_iter=38, k=3330, beta_mu=4.740710274872208e+152, beta_phi=nan
NaN in beta_*: layer 9, bs_iter=38, k=3331, beta_mu=3.0489339202628295e+152, beta_phi=nan
NaN in beta_*: layer 9, bs_iter=38, k=3333, beta_mu=5.361713796323363e+152, beta_phi=nan
NaN in beta_*: layer 9, bs_iter=38, k=3335, beta_mu=1.8033487073781995e+152, beta_phi=nan
NaN in beta_*: layer 9, bs_iter=38, k=3338, beta_mu=3.090615465606168e+152, beta_phi=nan
NaN in beta_*: layer 9, bs_iter=38, k=3340, beta_mu=5.95519812391079e+152, beta_phi=nan
NaN in beta_*: layer 9, bs_iter=38, k=3341, beta_mu=5.574520849282995e+152, beta_phi=nan
NaN in beta_*: layer 9, bs_iter=38, k=3342, beta_mu=2.8691537469011597e+152, beta_phi=nan
NaN in beta_*: layer 9, bs_iter=38, k=3343, beta_mu=5.002135706233916e+152, beta_phi=nan
NaN in beta_*: layer 9, bs_iter=38, k=3344, beta_mu=3.1691868966368566e+152, beta_phi=nan
NaN in beta_*: layer 9, bs_iter=38, k=3345, beta_mu=4.570985873526843e+152, beta_phi=nan
NaN in beta_*: layer 9, bs_iter=38, k=3346, beta_mu=3.472602782551972e+152, beta_phi=nan
NaN in beta_*: layer 9, bs_iter=38, k=3347, beta_mu=3.5373575094568043e+152, beta_phi=nan
NaN in beta_*: layer 9, bs_iter=38, k=3348, beta_mu=5.660341008579161e+152, beta_phi=nan
NaN in beta_*: layer 9, bs_iter=38, k=3349, beta_mu=3.0890013749967576e+152, beta_phi=nan
NaN in beta_*: layer 9, bs_iter=38, k=3350, beta_mu=3.3857165611218716e+152, beta_phi=nan
NaN in beta_*: layer 9, bs_iter=38, k=3354, beta_mu=6.607806357939704e+152, beta_phi=nan
NaN in beta_*: layer 9, bs_iter=38, k=3355, beta_mu=4.0972799960153845e+152, beta_phi=nan
NaN in beta_*: layer 9, bs_iter=38, k=3358, beta_mu=1.215034791873699e+152, beta_phi=nan
NaN in beta_*: layer 9, bs_iter=38, k=3359, beta_mu=3.280700156093022e+152, beta_phi=nan
NaN in beta_*: layer 9, bs_iter=38, k=3362, beta_mu=9.600295335358101e+151, beta_phi=nan
NaN in beta_*: layer 9, bs_iter=38, k=3363, beta_mu=9.740541253277016e+151, beta_phi=nan
NaN in beta_*: layer 9, bs_iter=38, k=3364, beta_mu=8.986886931968261e+151, beta_phi=nan
NaN in beta_*: layer 9, bs_iter=38, k=3366, beta_mu=2.7627689764951573e+152, beta_phi=nan
NaN in beta_*: layer 9, bs_iter=38, k=3368, beta_mu=9.892539881960033e+151, beta_phi=nan
NaN in beta_*: layer 9, bs_iter=38, k=3384, beta_mu=3.2684973260890666e+152, beta_phi=nan
NaN in beta_*: layer 9, bs_iter=38, k=3387, beta_mu=1.1549531896875108e+153, beta_phi=nan
NaN in beta_*: layer 9, bs_iter=38, k=3388, beta_mu=3.896945729168824e+152, beta_phi=nan
NaN in beta_*: layer 9, bs_iter=38, k=3389, beta_mu=4.221331624633846e+152, beta_phi=nan
NaN in beta_*: layer 9, bs_iter=38, k=3390, beta_mu=2.632153944502445e+152, beta_phi=nan
NaN in beta_*: layer 9, bs_iter=38, k=3392, beta_mu=3.058711089399398e+152, beta_phi=nan
NaN in beta_*: layer 9, bs_iter=38, k=3394, beta_mu=6.357529432115058e+152, beta_phi=nan
NaN in beta_*: layer 9, bs_iter=38, k=3395, beta_mu=3.1546745510816317e+152, beta_phi=nan
NaN in beta_*: layer 9, bs_iter=38, k=3396, beta_mu=2.6551900740913184e+152, beta_phi=nan
NaN in beta_*: layer 9, bs_iter=38, k=3397, beta_mu=3.9754156100529236e+152, beta_phi=nan
NaN in beta_*: layer 9, bs_iter=38, k=3398, beta_mu=2.7056340378796142e+152, beta_phi=nan
NaN in beta_*: layer 9, bs_iter=38, k=3401, beta_mu=1.3703155043852336e+153, beta_phi=nan
NaN in beta_*: layer 9, bs_iter=38, k=3402, beta_mu=3.8924450748960315e+152, beta_phi=nan
NaN in beta_*: layer 9, bs_iter=38, k=3403, beta_mu=2.0163154267120707e+152, beta_phi=nan
NaN in beta_*: layer 9, bs_iter=38, k=3405, beta_mu=1.5562924880944426e+152, beta_phi=nan
NaN in beta_*: layer 9, bs_iter=38, k=3406, beta_mu=3.6466018586867697e+152, beta_phi=nan
NaN in beta_*: layer 9, bs_iter=38, k=3407, beta_mu=1.2915452206420477e+153, beta_phi=nan
NaN in beta_*: layer 9, bs_iter=38, k=3408, beta_mu=2.594929346462254e+152, beta_phi=nan
NaN in beta_*: layer 9, bs_iter=38, k=3410, beta_mu=3.4447886474483873e+152, beta_phi=nan
NaN in beta_*: layer 9, bs_iter=38, k=3412, beta_mu=4.445988676499994e+152, beta_phi=nan
NaN in beta_*: layer 9, bs_iter=38, k=3413, beta_mu=1.4845131984095547e+152, beta_phi=nan
NaN in beta_*: layer 9, bs_iter=38, k=3414, beta_mu=8.053601761058927e+152, beta_phi=nan
NaN in beta_*: layer 9, bs_iter=38, k=3415, beta_mu=8.608437049822144e+152, beta_phi=nan
NaN in beta_*: layer 9, bs_iter=38, k=3417, beta_mu=2.199521785157618e+152, beta_phi=nan
NaN in beta_*: layer 9, bs_iter=38, k=3418, beta_mu=3.6548091690014633e+152, beta_phi=nan
NaN in beta_*: layer 9, bs_iter=38, k=3419, beta_mu=3.467186537968771e+152, beta_phi=nan
NaN in beta_*: layer 9, bs_iter=38, k=3421, beta_mu=9.324756678235981e+152, beta_phi=nan
NaN in beta_*: layer 9, bs_iter=38, k=3422, beta_mu=2.2458932545063366e+152, beta_phi=nan
NaN in beta_*: layer 9, bs_iter=38, k=3423, beta_mu=1.6069123781199083e+152, beta_phi=nan
NaN in beta_*: layer 9, bs_iter=38, k=3424, beta_mu=1.6602416748350312e+152, beta_phi=nan
NaN in beta_*: layer 9, bs_iter=38, k=3425, beta_mu=2.606636437839823e+152, beta_phi=nan
NaN in beta_*: layer 9, bs_iter=38, k=3427, beta_mu=8.508684909528618e+152, beta_phi=nan
NaN in beta_*: layer 9, bs_iter=38, k=3428, beta_mu=1.2522228777388969e+152, beta_phi=nan
NaN in beta_*: layer 9, bs_iter=38, k=3433, beta_mu=8.593651245676266e+152, beta_phi=nan
NaN in beta_*: layer 9, bs_iter=38, k=3434, beta_mu=1.6205774642066443e+152, beta_phi=nan
NaN in beta_*: layer 9, bs_iter=38, k=3436, beta_mu=8.149309627554449e+152, beta_phi=nan
NaN in beta_*: layer 9, bs_iter=38, k=3437, beta_mu=1.6171541322321894e+153, beta_phi=nan
NaN in beta_*: layer 9, bs_iter=38, k=3438, beta_mu=1.7373020088847354e+152, beta_phi=nan
NaN in beta_*: layer 9, bs_iter=38, k=3439, beta_mu=2.3166835981587673e+152, beta_phi=nan
NaN in beta_*: layer 9, bs_iter=38, k=3441, beta_mu=1.7089211874664844e+152, beta_phi=nan
NaN in beta_*: layer 9, bs_iter=38, k=3442, beta_mu=3.465376824685916e+152, beta_phi=nan
NaN in beta_*: layer 9, bs_iter=38, k=3443, beta_mu=3.757447993995959e+152, beta_phi=nan
NaN in beta_*: layer 9, bs_iter=38, k=3444, beta_mu=2.0545390509910575e+152, beta_phi=nan
NaN in beta_*: layer 9, bs_iter=38, k=3447, beta_mu=1.666486449152478e+152, beta_phi=nan
NaN in beta_*: layer 9, bs_iter=38, k=3448, beta_mu=2.2458924001050726e+152, beta_phi=nan
NaN in beta_*: layer 9, bs_iter=38, k=3449, beta_mu=1.6972439744143995e+152, beta_phi=nan
NaN in beta_*: layer 9, bs_iter=38, k=3451, beta_mu=1.1297666484777911e+153, beta_phi=nan
NaN in beta_*: layer 9, bs_iter=38, k=3452, beta_mu=2.3173817111923567e+152, beta_phi=nan
NaN in beta_*: layer 9, bs_iter=38, k=3453, beta_mu=8.68925251704678e+152, beta_phi=nan
NaN in beta_*: layer 9, bs_iter=38, k=3455, beta_mu=1.5517804529808432e+152, beta_phi=nan
NaN in beta_*: layer 9, bs_iter=38, k=3456, beta_mu=4.686712949396972e+152, beta_phi=nan
NaN in beta_*: layer 9, bs_iter=38, k=3457, beta_mu=8.151256882794345e+152, beta_phi=nan
NaN in beta_*: layer 9, bs_iter=38, k=3458, beta_mu=3.947841346599218e+152, beta_phi=nan
NaN in beta_*: layer 9, bs_iter=38, k=3459, beta_mu=3.406826112082773e+152, beta_phi=nan
NaN in beta_*: layer 9, bs_iter=38, k=3464, beta_mu=1.6945057534203067e+152, beta_phi=nan
NaN in beta_*: layer 9, bs_iter=38, k=3465, beta_mu=6.201105869055789e+152, beta_phi=nan
NaN in beta_*: layer 9, bs_iter=38, k=3466, beta_mu=1.8568736100370713e+152, beta_phi=nan
NaN in beta_*: layer 9, bs_iter=38, k=3467, beta_mu=3.600192799465279e+152, beta_phi=nan
NaN in beta_*: layer 9, bs_iter=38, k=3468, beta_mu=8.289001569433447e+152, beta_phi=nan
NaN in beta_*: layer 9, bs_iter=38, k=3469, beta_mu=3.3635536223277795e+152, beta_phi=nan
NaN in beta_*: layer 9, bs_iter=38, k=3472, beta_mu=1.9078622267587933e+152, beta_phi=nan
NaN in beta_*: layer 9, bs_iter=38, k=3473, beta_mu=8.301411008032797e+152, beta_phi=nan
NaN in beta_*: layer 9, bs_iter=38, k=3476, beta_mu=4.568147366412076e+152, beta_phi=nan
NaN in beta_*: layer 9, bs_iter=38, k=3477, beta_mu=3.800615067911517e+152, beta_phi=nan
NaN in beta_*: layer 9, bs_iter=38, k=3478, beta_mu=4.316758732447984e+152, beta_phi=nan
NaN in beta_*: layer 9, bs_iter=38, k=3479, beta_mu=3.0728150656928736e+152, beta_phi=nan
NaN in beta_*: layer 9, bs_iter=38, k=3481, beta_mu=1.1471299847378798e+152, beta_phi=nan
NaN in beta_*: layer 9, bs_iter=38, k=3484, beta_mu=3.698265325663105e+152, beta_phi=nan
NaN in beta_*: layer 9, bs_iter=38, k=3487, beta_mu=1.7845446097115317e+152, beta_phi=nan
NaN in beta_*: layer 9, bs_iter=38, k=3488, beta_mu=7.709156624025448e+152, beta_phi=nan
NaN in beta_*: layer 9, bs_iter=38, k=3489, beta_mu=8.289929215553745e+152, beta_phi=nan
NaN in beta_*: layer 9, bs_iter=38, k=3490, beta_mu=2.673227330999131e+152, beta_phi=nan
NaN in beta_*: layer 9, bs_iter=38, k=3492, beta_mu=6.21955462256077e+152, beta_phi=nan
NaN in beta_*: layer 9, bs_iter=38, k=3494, beta_mu=1.5611000854979992e+152, beta_phi=nan
NaN in beta_*: layer 9, bs_iter=38, k=3495, beta_mu=2.102330860822003e+152, beta_phi=nan
NaN in beta_*: layer 9, bs_iter=38, k=3496, beta_mu=4.857685397725821e+152, beta_phi=nan
NaN in beta_*: layer 9, bs_iter=38, k=3497, beta_mu=1.0085507587701393e+153, beta_phi=nan
NaN in beta_*: layer 9, bs_iter=38, k=3500, beta_mu=7.4857322798785085e+152, beta_phi=nan
NaN in beta_*: layer 9, bs_iter=38, k=3501, beta_mu=4.449600849832564e+152, beta_phi=nan
NaN in beta_*: layer 9, bs_iter=38, k=3502, beta_mu=1.6060369099326278e+152, beta_phi=nan
NaN in beta_*: layer 9, bs_iter=38, k=3503, beta_mu=2.7050787405534533e+152, beta_phi=nan
NaN in beta_*: layer 9, bs_iter=38, k=3504, beta_mu=1.6066223847774502e+152, beta_phi=nan
NaN in beta_*: layer 9, bs_iter=38, k=3506, beta_mu=2.3689177719385756e+152, beta_phi=nan
NaN in beta_*: layer 9, bs_iter=38, k=3507, beta_mu=3.3657760667265514e+152, beta_phi=nan
NaN in beta_*: layer 9, bs_iter=38, k=3508, beta_mu=2.1673688067038665e+152, beta_phi=nan
NaN in beta_*: layer 9, bs_iter=38, k=3509, beta_mu=1.4108449626862173e+152, beta_phi=nan
NaN in beta_*: layer 9, bs_iter=38, k=3520, beta_mu=1.4149408395734542e+152, beta_phi=nan
NaN in beta_*: layer 9, bs_iter=38, k=3521, beta_mu=1.5629904650393528e+153, beta_phi=nan
NaN in beta_*: layer 9, bs_iter=38, k=3522, beta_mu=4.037051648884929e+152, beta_phi=nan
NaN in beta_*: layer 9, bs_iter=38, k=3523, beta_mu=3.365027376176927e+152, beta_phi=nan
NaN in beta_*: layer 9, bs_iter=38, k=3524, beta_mu=8.310937441000056e+152, beta_phi=nan
NaN in beta_*: layer 9, bs_iter=38, k=3525, beta_mu=6.6917286549616e+152, beta_phi=nan
NaN in beta_*: layer 9, bs_iter=38, k=3527, beta_mu=6.879932674717974e+152, beta_phi=nan
NaN in beta_*: layer 9, bs_iter=38, k=3528, beta_mu=5.42483468467068e+152, beta_phi=nan
NaN in beta_*: layer 9, bs_iter=38, k=3532, beta_mu=2.6101874126694423e+152, beta_phi=nan
NaN in beta_*: layer 9, bs_iter=38, k=3533, beta_mu=1.2324387330253184e+152, beta_phi=nan
NaN in beta_*: layer 9, bs_iter=38, k=3534, beta_mu=9.879550112289075e+151, beta_phi=nan
NaN in beta_*: layer 9, bs_iter=38, k=3535, beta_mu=9.412383670061752e+152, beta_phi=nan
NaN in beta_*: layer 9, bs_iter=38, k=3538, beta_mu=4.779022286904786e+152, beta_phi=nan
NaN in beta_*: layer 9, bs_iter=38, k=3539, beta_mu=8.39605105962265e+152, beta_phi=nan
NaN in beta_*: layer 9, bs_iter=38, k=3540, beta_mu=8.632250479349429e+152, beta_phi=nan
NaN in beta_*: layer 9, bs_iter=38, k=3541, beta_mu=9.49557577198999e+152, beta_phi=nan
NaN in beta_*: layer 9, bs_iter=38, k=3542, beta_mu=1.8382710354803043e+152, beta_phi=nan
NaN in beta_*: layer 9, bs_iter=38, k=3543, beta_mu=1.687641424231318e+152, beta_phi=nan
NaN in beta_*: layer 9, bs_iter=38, k=3544, beta_mu=1.1057787491697661e+153, beta_phi=nan
NaN in beta_*: layer 9, bs_iter=38, k=3546, beta_mu=9.693231835496917e+151, beta_phi=nan
NaN in beta_*: layer 9, bs_iter=38, k=3547, beta_mu=1.0450587403054816e+153, beta_phi=nan
NaN in beta_*: layer 9, bs_iter=38, k=3548, beta_mu=1.0654295139892922e+153, beta_phi=nan
NaN in beta_*: layer 9, bs_iter=38, k=3550, beta_mu=1.2130925845888023e+153, beta_phi=nan
NaN in beta_*: layer 9, bs_iter=38, k=3551, beta_mu=1.2130902596431016e+153, beta_phi=nan
NaN in beta_*: layer 9, bs_iter=38, k=3552, beta_mu=1.6185140287733534e+152, beta_phi=nan
NaN in beta_*: layer 9, bs_iter=38, k=3553, beta_mu=1.6940481496834353e+153, beta_phi=nan
NaN in beta_*: layer 9, bs_iter=38, k=3554, beta_mu=2.444126284184487e+152, beta_phi=nan
NaN in beta_*: layer 9, bs_iter=38, k=3555, beta_mu=1.0890004503652312e+153, beta_phi=nan
NaN in beta_*: layer 9, bs_iter=38, k=3556, beta_mu=5.053709840709526e+152, beta_phi=nan
NaN in beta_*: layer 9, bs_iter=38, k=3557, beta_mu=1.0585947192979199e+153, beta_phi=nan
NaN in beta_*: layer 9, bs_iter=38, k=3558, beta_mu=1.4904571782387994e+152, beta_phi=nan
NaN in beta_*: layer 9, bs_iter=38, k=3559, beta_mu=1.1269138389484714e+153, beta_phi=nan
NaN in beta_*: layer 9, bs_iter=38, k=3560, beta_mu=1.0750477770066886e+153, beta_phi=nan
NaN in beta_*: layer 9, bs_iter=38, k=3561, beta_mu=1.441369625995602e+153, beta_phi=nan
NaN in beta_*: layer 9, bs_iter=38, k=3564, beta_mu=2.813149024522853e+153, beta_phi=nan
NaN in beta_*: layer 9, bs_iter=38, k=3565, beta_mu=2.6571540685776713e+153, beta_phi=nan
NaN in beta_*: layer 9, bs_iter=38, k=3566, beta_mu=5.189116760973789e+152, beta_phi=nan
NaN in beta_*: layer 9, bs_iter=38, k=3568, beta_mu=2.744248920498245e+153, beta_phi=nan
NaN in beta_*: layer 9, bs_iter=38, k=3569, beta_mu=3.749918442996198e+152, beta_phi=nan
NaN in beta_*: layer 9, bs_iter=38, k=3570, beta_mu=2.6548020332350246e+153, beta_phi=nan
NaN in beta_*: layer 9, bs_iter=38, k=3571, beta_mu=2.5025713927863365e+153, beta_phi=nan
NaN in beta_*: layer 9, bs_iter=38, k=3572, beta_mu=2.6548027510381714e+153, beta_phi=nan
NaN in beta_*: layer 9, bs_iter=38, k=3574, beta_mu=3.661776866774331e+152, beta_phi=nan
NaN in beta_*: layer 9, bs_iter=38, k=3576, beta_mu=1.6426971232341882e+153, beta_phi=nan
NaN in beta_*: layer 9, bs_iter=38, k=3577, beta_mu=2.7177756086816737e+153, beta_phi=nan
NaN in beta_*: layer 9, bs_iter=38, k=3578, beta_mu=2.9247266170039125e+152, beta_phi=nan
NaN in beta_*: layer 9, bs_iter=38, k=3579, beta_mu=5.926453157132644e+152, beta_phi=nan
NaN in beta_*: layer 9, bs_iter=38, k=3582, beta_mu=4.584619245860922e+152, beta_phi=nan
NaN in beta_*: layer 9, bs_iter=38, k=3584, beta_mu=8.229331061535767e+152, beta_phi=nan
NaN in beta_*: layer 9, bs_iter=38, k=3585, beta_mu=3.814963317820411e+153, beta_phi=nan
NaN in beta_*: layer 9, bs_iter=38, k=3586, beta_mu=3.858124983444768e+153, beta_phi=nan
NaN in beta_*: layer 9, bs_iter=38, k=3587, beta_mu=8.945764977516938e+152, beta_phi=nan
NaN in beta_*: layer 9, bs_iter=38, k=3588, beta_mu=3.836630480393622e+153, beta_phi=nan
NaN in beta_*: layer 9, bs_iter=38, k=3590, beta_mu=1.2352866081017878e+153, beta_phi=nan
NaN in beta_*: layer 9, bs_iter=38, k=3591, beta_mu=2.1561660979374474e+152, beta_phi=nan
NaN in beta_*: layer 9, bs_iter=38, k=3592, beta_mu=7.932258513953445e+152, beta_phi=nan
NaN in beta_*: layer 9, bs_iter=38, k=3593, beta_mu=8.494237720960226e+152, beta_phi=nan
NaN in beta_*: layer 9, bs_iter=38, k=3594, beta_mu=2.52744963372198e+153, beta_phi=nan
NaN in beta_*: layer 9, bs_iter=38, k=3595, beta_mu=3.466095570619539e+152, beta_phi=nan
NaN in beta_*: layer 9, bs_iter=38, k=3596, beta_mu=3.446168331147663e+153, beta_phi=nan
NaN in beta_*: layer 9, bs_iter=38, k=3597, beta_mu=2.839922878185368e+153, beta_phi=nan
NaN in beta_*: layer 9, bs_iter=38, k=3598, beta_mu=3.4905033688993336e+153, beta_phi=nan
NaN in beta_*: layer 9, bs_iter=38, k=3599, beta_mu=3.490502884494001e+153, beta_phi=nan
NaN in beta_*: layer 9, bs_iter=38, k=3600, beta_mu=9.04264517096094e+152, beta_phi=nan
NaN in beta_*: layer 9, bs_iter=38, k=3602, beta_mu=2.1419437793115966e+152, beta_phi=nan
NaN in beta_*: layer 9, bs_iter=38, k=3603, beta_mu=4.041230679322497e+153, beta_phi=nan
NaN in beta_*: layer 9, bs_iter=38, k=3604, beta_mu=8.328208213290722e+152, beta_phi=nan
NaN in beta_*: layer 9, bs_iter=38, k=3605, beta_mu=3.400926671643076e+153, beta_phi=nan
NaN in beta_*: layer 9, bs_iter=38, k=3607, beta_mu=2.1986407300021454e+152, beta_phi=nan
NaN in beta_*: layer 9, bs_iter=38, k=3609, beta_mu=3.602606721381555e+153, beta_phi=nan
NaN in beta_*: layer 9, bs_iter=38, k=3610, beta_mu=9.647838658513103e+151, beta_phi=nan
NaN in beta_*: layer 9, bs_iter=38, k=3611, beta_mu=7.819378422262794e+152, beta_phi=nan
NaN in beta_*: layer 9, bs_iter=38, k=3612, beta_mu=4.1800048760331866e+153, beta_phi=nan
NaN in beta_*: layer 9, bs_iter=38, k=3613, beta_mu=1.3134257113953836e+153, beta_phi=nan
NaN in beta_*: layer 9, bs_iter=38, k=3614, beta_mu=1.8078258787532314e+153, beta_phi=nan
NaN in beta_*: layer 9, bs_iter=38, k=3616, beta_mu=1.7848294402380244e+153, beta_phi=nan
NaN in beta_*: layer 9, bs_iter=38, k=3619, beta_mu=8.617503191354508e+152, beta_phi=nan
NaN in beta_*: layer 9, bs_iter=38, k=3620, beta_mu=1.66021905701391e+152, beta_phi=nan
NaN in beta_*: layer 9, bs_iter=38, k=3623, beta_mu=3.1591550258111814e+153, beta_phi=nan
NaN in beta_*: layer 9, bs_iter=38, k=3624, beta_mu=2.6248235326596798e+153, beta_phi=nan
NaN in beta_*: layer 9, bs_iter=38, k=3625, beta_mu=2.8208280658321305e+153, beta_phi=nan
NaN in beta_*: layer 9, bs_iter=38, k=3626, beta_mu=2.8431927687076564e+153, beta_phi=nan
NaN in beta_*: layer 9, bs_iter=38, k=3627, beta_mu=2.3157364858348034e+153, beta_phi=nan
NaN in beta_*: layer 9, bs_iter=38, k=3628, beta_mu=2.897604528265366e+153, beta_phi=nan
NaN in beta_*: layer 9, bs_iter=38, k=3629, beta_mu=2.901376098846851e+153, beta_phi=nan
NaN in beta_*: layer 9, bs_iter=38, k=3630, beta_mu=1.1017067082981408e+152, beta_phi=nan
NaN in beta_*: layer 9, bs_iter=38, k=3631, beta_mu=2.698819827017269e+153, beta_phi=nan
NaN in beta_*: layer 9, bs_iter=38, k=3632, beta_mu=2.8720648475754317e+153, beta_phi=nan
NaN in beta_*: layer 9, bs_iter=38, k=3633, beta_mu=2.8122871902199317e+152, beta_phi=nan
NaN in beta_*: layer 9, bs_iter=38, k=3634, beta_mu=1.077513545489774e+153, beta_phi=nan
NaN in beta_*: layer 9, bs_iter=38, k=3635, beta_mu=3.212533375214226e+152, beta_phi=nan
NaN in beta_*: layer 9, bs_iter=38, k=3636, beta_mu=6.386696321449412e+152, beta_phi=nan
NaN in beta_*: layer 9, bs_iter=38, k=3637, beta_mu=4.029270377305108e+152, beta_phi=nan
NaN in beta_*: layer 9, bs_iter=38, k=3638, beta_mu=2.006402316108307e+153, beta_phi=nan
NaN in beta_*: layer 9, bs_iter=38, k=3640, beta_mu=2.66585614048939e+152, beta_phi=nan
NaN in beta_*: layer 9, bs_iter=38, k=3641, beta_mu=1.0413264318097567e+153, beta_phi=nan
NaN in beta_*: layer 9, bs_iter=38, k=3642, beta_mu=2.8944395543050793e+153, beta_phi=nan
NaN in beta_*: layer 9, bs_iter=38, k=3643, beta_mu=2.901732459886733e+153, beta_phi=nan
NaN in beta_*: layer 9, bs_iter=38, k=3644, beta_mu=1.2498093506021016e+153, beta_phi=nan
NaN in beta_*: layer 9, bs_iter=38, k=3645, beta_mu=1.2692522880280883e+153, beta_phi=nan
NaN in beta_*: layer 9, bs_iter=38, k=3646, beta_mu=1.2409812818744554e+153, beta_phi=nan
NaN in beta_*: layer 9, bs_iter=38, k=3648, beta_mu=9.99313834974232e+152, beta_phi=nan
NaN in beta_*: layer 9, bs_iter=38, k=3649, beta_mu=2.752856553771571e+152, beta_phi=nan
NaN in beta_*: layer 9, bs_iter=38, k=3650, beta_mu=5.47659338581481e+152, beta_phi=nan
NaN in beta_*: layer 9, bs_iter=38, k=3651, beta_mu=6.14412303835044e+152, beta_phi=nan
NaN in beta_*: layer 9, bs_iter=38, k=3652, beta_mu=1.0830439052598026e+152, beta_phi=nan
NaN in beta_*: layer 9, bs_iter=38, k=3653, beta_mu=4.09503769040313e+152, beta_phi=nan
NaN in beta_*: layer 9, bs_iter=38, k=3654, beta_mu=1.2276176122730368e+152, beta_phi=nan
NaN in beta_*: layer 9, bs_iter=38, k=3655, beta_mu=2.6509131360846462e+152, beta_phi=nan
NaN in beta_*: layer 9, bs_iter=38, k=3656, beta_mu=1.1270264927483393e+152, beta_phi=nan
NaN in beta_*: layer 9, bs_iter=38, k=3657, beta_mu=1.1994986632208852e+153, beta_phi=nan
NaN in beta_*: layer 9, bs_iter=38, k=3658, beta_mu=5.73505612036218e+152, beta_phi=nan
NaN in beta_*: layer 9, bs_iter=38, k=3659, beta_mu=2.4419481408690607e+152, beta_phi=nan
NaN in beta_*: layer 9, bs_iter=38, k=3661, beta_mu=1.2168365400030716e+153, beta_phi=nan
NaN in beta_*: layer 9, bs_iter=38, k=3662, beta_mu=2.9196776720135293e+153, beta_phi=nan
NaN in beta_*: layer 9, bs_iter=38, k=3663, beta_mu=1.9501726212441888e+152, beta_phi=nan
NaN in beta_*: layer 9, bs_iter=38, k=3664, beta_mu=1.2168372531144997e+153, beta_phi=nan
NaN in beta_*: layer 9, bs_iter=38, k=3665, beta_mu=1.2792130298701475e+152, beta_phi=nan
NaN in beta_*: layer 9, bs_iter=38, k=3666, beta_mu=1.661440043770979e+152, beta_phi=nan
NaN in beta_*: layer 9, bs_iter=38, k=3667, beta_mu=1.3714447484191917e+153, beta_phi=nan
NaN in beta_*: layer 9, bs_iter=38, k=3669, beta_mu=9.718499919121647e+152, beta_phi=nan
NaN in beta_*: layer 9, bs_iter=38, k=3670, beta_mu=2.923586171422985e+153, beta_phi=nan
NaN in beta_*: layer 9, bs_iter=38, k=3671, beta_mu=2.899232190359891e+153, beta_phi=nan
NaN in beta_*: layer 9, bs_iter=38, k=3672, beta_mu=1.573580538942024e+153, beta_phi=nan
NaN in beta_*: layer 9, bs_iter=38, k=3673, beta_mu=3.5476733495189165e+153, beta_phi=nan
NaN in beta_*: layer 9, bs_iter=38, k=3674, beta_mu=1.4262850443970045e+153, beta_phi=nan
NaN in beta_*: layer 9, bs_iter=38, k=3675, beta_mu=2.919464079301165e+153, beta_phi=nan
NaN in beta_*: layer 9, bs_iter=38, k=3676, beta_mu=1.0487639051079789e+153, beta_phi=nan
NaN in beta_*: layer 9, bs_iter=38, k=3677, beta_mu=1.8239687382201366e+152, beta_phi=nan
NaN in beta_*: layer 9, bs_iter=38, k=3678, beta_mu=1.0779008229985412e+152, beta_phi=nan
NaN in beta_*: layer 9, bs_iter=38, k=3679, beta_mu=3.3394899775572737e+152, beta_phi=nan
NaN in beta_*: layer 9, bs_iter=38, k=3680, beta_mu=1.9574756473944108e+152, beta_phi=nan
NaN in beta_*: layer 9, bs_iter=38, k=3681, beta_mu=1.4279436329359822e+153, beta_phi=nan
NaN in beta_*: layer 9, bs_iter=38, k=3682, beta_mu=1.7224863668810936e+153, beta_phi=nan
NaN in beta_*: layer 9, bs_iter=38, k=3684, beta_mu=1.0229950237975981e+152, beta_phi=nan
NaN in beta_*: layer 9, bs_iter=38, k=3685, beta_mu=1.3241932762758278e+152, beta_phi=nan
NaN in beta_*: layer 9, bs_iter=38, k=3687, beta_mu=4.0964206882639667e+152, beta_phi=nan
NaN in beta_*: layer 9, bs_iter=38, k=3688, beta_mu=3.0781206453404987e+152, beta_phi=nan
NaN in beta_*: layer 9, bs_iter=38, k=3689, beta_mu=1.8970540005914863e+152, beta_phi=nan
NaN in beta_*: layer 9, bs_iter=38, k=3691, beta_mu=6.614362830726233e+152, beta_phi=nan
NaN in beta_*: layer 9, bs_iter=38, k=3692, beta_mu=2.8828820722122194e+153, beta_phi=nan
NaN in beta_*: layer 9, bs_iter=38, k=3693, beta_mu=6.826868058935321e+152, beta_phi=nan
NaN in beta_*: layer 9, bs_iter=38, k=3695, beta_mu=1.5615125183282396e+153, beta_phi=nan
NaN in beta_*: layer 9, bs_iter=38, k=3696, beta_mu=2.647975074023976e+152, beta_phi=nan
NaN in beta_*: layer 9, bs_iter=38, k=3697, beta_mu=2.5136576844401384e+152, beta_phi=nan
NaN in beta_*: layer 9, bs_iter=38, k=3698, beta_mu=3.002322178826103e+153, beta_phi=nan
NaN in beta_*: layer 9, bs_iter=38, k=3699, beta_mu=3.018284933526193e+153, beta_phi=nan
NaN in beta_*: layer 9, bs_iter=38, k=3700, beta_mu=1.0246264343378776e+153, beta_phi=nan
NaN in beta_*: layer 9, bs_iter=38, k=3701, beta_mu=8.94354129929301e+151, beta_phi=nan
NaN in beta_*: layer 9, bs_iter=38, k=3702, beta_mu=1.885210157436036e+153, beta_phi=nan
NaN in beta_*: layer 9, bs_iter=38, k=3703, beta_mu=9.142204678324703e+152, beta_phi=nan
NaN in beta_*: layer 9, bs_iter=38, k=3704, beta_mu=1.1812995115919128e+153, beta_phi=nan
NaN in beta_*: layer 9, bs_iter=38, k=3705, beta_mu=2.153167658444304e+152, beta_phi=nan
NaN in beta_*: layer 9, bs_iter=38, k=3706, beta_mu=1.0228133053726123e+153, beta_phi=nan
NaN in beta_*: layer 9, bs_iter=38, k=3707, beta_mu=1.1820119950334588e+153, beta_phi=nan
NaN in beta_*: layer 9, bs_iter=38, k=3709, beta_mu=7.800137872787726e+152, beta_phi=nan
NaN in beta_*: layer 9, bs_iter=38, k=3713, beta_mu=1.0428917955957669e+153, beta_phi=nan
NaN in beta_*: layer 9, bs_iter=38, k=3714, beta_mu=1.068886018179452e+153, beta_phi=nan
NaN in beta_*: layer 9, bs_iter=38, k=3717, beta_mu=1.3125163686355412e+153, beta_phi=nan
NaN in beta_*: layer 9, bs_iter=38, k=3719, beta_mu=2.047671752461438e+153, beta_phi=nan
NaN in beta_*: layer 9, bs_iter=38, k=3720, beta_mu=2.5342872844226854e+153, beta_phi=nan
NaN in beta_*: layer 9, bs_iter=38, k=3724, beta_mu=1.0352496864219115e+153, beta_phi=nan
NaN in beta_*: layer 9, bs_iter=38, k=3726, beta_mu=2.607481998709998e+153, beta_phi=nan
NaN in beta_*: layer 9, bs_iter=38, k=3728, beta_mu=1.8208433265811332e+153, beta_phi=nan
NaN in beta_*: layer 9, bs_iter=38, k=3729, beta_mu=9.263624327159485e+151, beta_phi=nan
NaN in beta_*: layer 9, bs_iter=38, k=3730, beta_mu=1.9422069733239446e+153, beta_phi=nan
NaN in beta_*: layer 9, bs_iter=38, k=3734, beta_mu=2.8636606138014594e+152, beta_phi=nan
NaN in beta_*: layer 9, bs_iter=38, k=3736, beta_mu=9.18942592645777e+151, beta_phi=nan
NaN in beta_*: layer 9, bs_iter=38, k=3738, beta_mu=3.220899125639291e+152, beta_phi=nan
NaN in beta_*: layer 9, bs_iter=38, k=3741, beta_mu=1.438060370742308e+152, beta_phi=nan
NaN in beta_*: layer 9, bs_iter=38, k=3742, beta_mu=3.186167022690861e+152, beta_phi=nan
NaN in beta_*: layer 9, bs_iter=38, k=3743, beta_mu=2.662812945587183e+152, beta_phi=nan
NaN in beta_*: layer 9, bs_iter=38, k=3745, beta_mu=6.466873580342731e+152, beta_phi=nan
NaN in beta_*: layer 9, bs_iter=38, k=3749, beta_mu=2.422562113383624e+152, beta_phi=nan
NaN in beta_*: layer 9, bs_iter=38, k=3751, beta_mu=1.1560063418947764e+153, beta_phi=nan
NaN in beta_*: layer 9, bs_iter=38, k=3752, beta_mu=1.5239318899419233e+153, beta_phi=nan
NaN in beta_*: layer 9, bs_iter=38, k=3753, beta_mu=1.7811604102040656e+152, beta_phi=nan
NaN in beta_*: layer 9, bs_iter=38, k=3754, beta_mu=1.751901374336101e+152, beta_phi=nan
NaN in beta_*: layer 9, bs_iter=38, k=3755, beta_mu=1.78116026446292e+152, beta_phi=nan
NaN in beta_*: layer 9, bs_iter=38, k=3756, beta_mu=1.434194124907639e+152, beta_phi=nan
NaN in beta_*: layer 9, bs_iter=38, k=3757, beta_mu=1.5747473061692387e+152, beta_phi=nan
NaN in beta_*: layer 9, bs_iter=38, k=3758, beta_mu=2.5926394208672704e+152, beta_phi=nan
NaN in beta_*: layer 9, bs_iter=38, k=3759, beta_mu=4.7092047431819325e+152, beta_phi=nan
NaN in beta_*: layer 9, bs_iter=38, k=3760, beta_mu=1.5762442095568738e+152, beta_phi=nan
NaN in beta_*: layer 9, bs_iter=38, k=3763, beta_mu=2.4377863250076236e+153, beta_phi=nan
NaN in beta_*: layer 9, bs_iter=38, k=3764, beta_mu=1.1984576618841131e+153, beta_phi=nan
NaN in beta_*: layer 9, bs_iter=38, k=3765, beta_mu=3.058512818657233e+152, beta_phi=nan
NaN in beta_*: layer 9, bs_iter=38, k=3766, beta_mu=1.0778010359703288e+152, beta_phi=nan
NaN in beta_*: layer 9, bs_iter=38, k=3767, beta_mu=2.5588024725145486e+152, beta_phi=nan
NaN in beta_*: layer 9, bs_iter=38, k=3768, beta_mu=4.594566531514372e+152, beta_phi=nan
NaN in beta_*: layer 9, bs_iter=38, k=3779, beta_mu=1.037533625200914e+152, beta_phi=nan
NaN in beta_*: layer 9, bs_iter=38, k=3783, beta_mu=4.1377221458737567e+152, beta_phi=nan
NaN in beta_*: layer 9, bs_iter=38, k=3784, beta_mu=2.366566265677594e+152, beta_phi=nan
NaN in beta_*: layer 9, bs_iter=38, k=3788, beta_mu=2.5440827855876883e+152, beta_phi=nan
NaN in beta_*: layer 9, bs_iter=38, k=3790, beta_mu=2.7962775813782304e+152, beta_phi=nan
NaN in beta_*: layer 9, bs_iter=38, k=3791, beta_mu=3.012846154272058e+152, beta_phi=nan
NaN in beta_*: layer 9, bs_iter=38, k=3793, beta_mu=9.65720858822519e+151, beta_phi=nan
NaN in beta_*: layer 9, bs_iter=38, k=3794, beta_mu=1.2038601374584196e+152, beta_phi=nan
NaN in beta_*: layer 9, bs_iter=38, k=3795, beta_mu=5.204143271381069e+152, beta_phi=nan
NaN in beta_*: layer 9, bs_iter=38, k=3796, beta_mu=1.3880092730447197e+152, beta_phi=nan
NaN in beta_*: layer 9, bs_iter=38, k=3797, beta_mu=9.657204034036711e+151, beta_phi=nan
NaN in beta_*: layer 9, bs_iter=38, k=3798, beta_mu=1.0968433296030935e+153, beta_phi=nan
NaN in beta_*: layer 9, bs_iter=38, k=3799, beta_mu=6.3013937245113955e+152, beta_phi=nan
NaN in beta_*: layer 9, bs_iter=38, k=3800, beta_mu=9.69085758384479e+151, beta_phi=nan
NaN in beta_*: layer 9, bs_iter=38, k=3804, beta_mu=2.1613479928718952e+152, beta_phi=nan
NaN in beta_*: layer 9, bs_iter=38, k=3805, beta_mu=2.7613784062822757e+153, beta_phi=nan
NaN in beta_*: layer 9, bs_iter=38, k=3806, beta_mu=4.210304700079934e+152, beta_phi=nan
NaN in beta_*: layer 9, bs_iter=38, k=3807, beta_mu=4.0641349593280073e+152, beta_phi=nan
NaN in beta_*: layer 9, bs_iter=38, k=3808, beta_mu=1.8470647615113198e+152, beta_phi=nan
NaN in beta_*: layer 9, bs_iter=38, k=3810, beta_mu=6.251666084638988e+152, beta_phi=nan
NaN in beta_*: layer 9, bs_iter=38, k=3811, beta_mu=1.2674378307433535e+152, beta_phi=nan
NaN in beta_*: layer 9, bs_iter=38, k=3812, beta_mu=1.9893637262365406e+152, beta_phi=nan
NaN in beta_*: layer 9, bs_iter=38, k=3815, beta_mu=5.411227436247743e+152, beta_phi=nan
NaN in beta_*: layer 9, bs_iter=38, k=3818, beta_mu=5.370815345490512e+152, beta_phi=nan
NaN in beta_*: layer 9, bs_iter=38, k=3819, beta_mu=4.15664582566919e+152, beta_phi=nan
NaN in beta_*: layer 9, bs_iter=38, k=3820, beta_mu=4.62529272285841e+152, beta_phi=nan
NaN in beta_*: layer 9, bs_iter=38, k=3821, beta_mu=1.8465087326446924e+152, beta_phi=nan
NaN in beta_*: layer 9, bs_iter=38, k=3822, beta_mu=4.353621573542974e+152, beta_phi=nan
NaN in beta_*: layer 9, bs_iter=38, k=3824, beta_mu=1.282448239107759e+152, beta_phi=nan
NaN in beta_*: layer 9, bs_iter=38, k=3827, beta_mu=2.0023928396832818e+152, beta_phi=nan
NaN in beta_*: layer 9, bs_iter=38, k=3828, beta_mu=2.0711028678469423e+152, beta_phi=nan
NaN in beta_*: layer 9, bs_iter=38, k=3829, beta_mu=1.6502536082011297e+152, beta_phi=nan
NaN in beta_*: layer 9, bs_iter=38, k=3831, beta_mu=1.346534283482549e+152, beta_phi=nan
NaN in beta_*: layer 9, bs_iter=38, k=3834, beta_mu=4.098271715096811e+152, beta_phi=nan
NaN in beta_*: layer 9, bs_iter=38, k=3835, beta_mu=1.1142617657274832e+153, beta_phi=nan
NaN in beta_*: layer 9, bs_iter=38, k=3836, beta_mu=9.827819981042364e+152, beta_phi=nan
NaN in beta_*: layer 9, bs_iter=38, k=3837, beta_mu=1.0280911526272622e+153, beta_phi=nan
NaN in beta_*: layer 9, bs_iter=38, k=3838, beta_mu=1.3008001017287648e+153, beta_phi=nan
NaN in beta_*: layer 9, bs_iter=38, k=3839, beta_mu=9.808919270560563e+152, beta_phi=nan
NaN in beta_*: layer 9, bs_iter=38, k=3840, beta_mu=7.008463456803625e+152, beta_phi=nan
NaN in beta_*: layer 9, bs_iter=38, k=3841, beta_mu=2.4038681483939554e+153, beta_phi=nan
NaN in beta_*: layer 9, bs_iter=38, k=3842, beta_mu=3.245269997850486e+152, beta_phi=nan
NaN in beta_*: layer 9, bs_iter=38, k=3843, beta_mu=7.238270537339194e+152, beta_phi=nan
NaN in beta_*: layer 9, bs_iter=38, k=3845, beta_mu=3.474114579782857e+152, beta_phi=nan
NaN in beta_*: layer 9, bs_iter=38, k=3846, beta_mu=3.322074978603607e+152, beta_phi=nan
NaN in beta_*: layer 9, bs_iter=38, k=3847, beta_mu=8.275146778477287e+152, beta_phi=nan
NaN in beta_*: layer 9, bs_iter=38, k=3849, beta_mu=2.404121866109111e+152, beta_phi=nan
NaN in beta_*: layer 9, bs_iter=38, k=3851, beta_mu=4.705227803357998e+152, beta_phi=nan
NaN in beta_*: layer 9, bs_iter=38, k=3852, beta_mu=9.32606282427539e+152, beta_phi=nan
NaN in beta_*: layer 9, bs_iter=38, k=3853, beta_mu=2.9562985100602614e+152, beta_phi=nan
NaN in beta_*: layer 9, bs_iter=38, k=3854, beta_mu=1.1138357071661181e+153, beta_phi=nan
NaN in beta_*: layer 9, bs_iter=38, k=3855, beta_mu=7.838575749845802e+152, beta_phi=nan
NaN in beta_*: layer 9, bs_iter=38, k=3857, beta_mu=9.423579780737475e+152, beta_phi=nan
NaN in beta_*: layer 9, bs_iter=38, k=3859, beta_mu=1.3050241647630188e+152, beta_phi=nan
NaN in beta_*: layer 9, bs_iter=38, k=3860, beta_mu=2.903134918607851e+152, beta_phi=nan
NaN in beta_*: layer 9, bs_iter=38, k=3861, beta_mu=6.725632020830994e+152, beta_phi=nan
NaN in beta_*: layer 9, bs_iter=38, k=3862, beta_mu=9.326050865901212e+152, beta_phi=nan
NaN in beta_*: layer 9, bs_iter=38, k=3863, beta_mu=3.1503307807284734e+152, beta_phi=nan
NaN in beta_*: layer 9, bs_iter=38, k=3864, beta_mu=2.6352997815467943e+152, beta_phi=nan
NaN in beta_*: layer 9, bs_iter=38, k=3866, beta_mu=3.41858049826147e+153, beta_phi=nan
NaN in beta_*: layer 9, bs_iter=38, k=3867, beta_mu=5.485582254906244e+152, beta_phi=nan
NaN in beta_*: layer 9, bs_iter=38, k=3869, beta_mu=1.0986144555480274e+153, beta_phi=nan
NaN in beta_*: layer 9, bs_iter=38, k=3871, beta_mu=3.4119957754325917e+152, beta_phi=nan
NaN in beta_*: layer 9, bs_iter=38, k=3874, beta_mu=6.397419837335232e+152, beta_phi=nan
NaN in beta_*: layer 9, bs_iter=38, k=3877, beta_mu=8.922149698414287e+151, beta_phi=nan
NaN in beta_*: layer 9, bs_iter=38, k=3878, beta_mu=1.0346797699062478e+152, beta_phi=nan
NaN in beta_*: layer 9, bs_iter=38, k=3880, beta_mu=1.8587001987072113e+153, beta_phi=nan
NaN in beta_*: layer 9, bs_iter=38, k=3881, beta_mu=1.4233282324817203e+153, beta_phi=nan
NaN in beta_*: layer 9, bs_iter=38, k=3889, beta_mu=1.1880127192790499e+152, beta_phi=nan
NaN in beta_*: layer 9, bs_iter=38, k=3890, beta_mu=3.2663885431303278e+153, beta_phi=nan
NaN in beta_*: layer 9, bs_iter=38, k=3891, beta_mu=1.2241310762466523e+152, beta_phi=nan
NaN in beta_*: layer 9, bs_iter=38, k=3895, beta_mu=1.1643832429627267e+152, beta_phi=nan
NaN in beta_*: layer 9, bs_iter=38, k=3896, beta_mu=3.63808030698057e+152, beta_phi=nan
NaN in beta_*: layer 9, bs_iter=38, k=3897, beta_mu=5.567862513834701e+152, beta_phi=nan
NaN in beta_*: layer 9, bs_iter=38, k=3898, beta_mu=4.1260285731624237e+152, beta_phi=nan
NaN in beta_*: layer 9, bs_iter=38, k=3899, beta_mu=9.36547196557755e+151, beta_phi=nan
NaN in beta_*: layer 9, bs_iter=38, k=3902, beta_mu=8.062926997284852e+152, beta_phi=nan
NaN in beta_*: layer 9, bs_iter=38, k=3903, beta_mu=8.432603601721306e+152, beta_phi=nan
NaN in beta_*: layer 9, bs_iter=38, k=3906, beta_mu=1.0859220345420121e+153, beta_phi=nan
NaN in beta_*: layer 9, bs_iter=38, k=3908, beta_mu=2.48382840482039e+153, beta_phi=nan
NaN in beta_*: layer 9, bs_iter=38, k=3909, beta_mu=3.786524752846604e+153, beta_phi=nan
NaN in beta_*: layer 9, bs_iter=38, k=3910, beta_mu=3.420343838244776e+153, beta_phi=nan
NaN in beta_*: layer 9, bs_iter=38, k=3911, beta_mu=3.4347793604200046e+153, beta_phi=nan
NaN in beta_*: layer 9, bs_iter=38, k=3912, beta_mu=2.8717022673352775e+153, beta_phi=nan
NaN in beta_*: layer 9, bs_iter=38, k=3913, beta_mu=1.4540516815698574e+153, beta_phi=nan
NaN in beta_*: layer 9, bs_iter=38, k=3914, beta_mu=3.374275444109896e+153, beta_phi=nan
NaN in beta_*: layer 9, bs_iter=38, k=3915, beta_mu=3.375922658375591e+153, beta_phi=nan
NaN in beta_*: layer 9, bs_iter=38, k=3916, beta_mu=2.8514320923858298e+153, beta_phi=nan
NaN in beta_*: layer 9, bs_iter=38, k=3917, beta_mu=4.507408085345727e+152, beta_phi=nan
NaN in beta_*: layer 9, bs_iter=38, k=3918, beta_mu=3.325413207619273e+153, beta_phi=nan
NaN in beta_*: layer 9, bs_iter=38, k=3919, beta_mu=1.9840958045990095e+153, beta_phi=nan
NaN in beta_*: layer 9, bs_iter=38, k=3920, beta_mu=1.3529880915694301e+152, beta_phi=nan
NaN in beta_*: layer 9, bs_iter=38, k=3921, beta_mu=1.0040234209094861e+153, beta_phi=nan
NaN in beta_*: layer 9, bs_iter=38, k=3922, beta_mu=3.474945988598506e+152, beta_phi=nan
NaN in beta_*: layer 9, bs_iter=38, k=3923, beta_mu=3.320684598460273e+152, beta_phi=nan
NaN in beta_*: layer 9, bs_iter=38, k=3924, beta_mu=3.31602931521663e+153, beta_phi=nan
NaN in beta_*: layer 9, bs_iter=38, k=3926, beta_mu=1.4540582812676304e+153, beta_phi=nan
NaN in beta_*: layer 9, bs_iter=38, k=3928, beta_mu=4.201346610672435e+152, beta_phi=nan
NaN in beta_*: layer 9, bs_iter=38, k=3929, beta_mu=4.087456874553786e+152, beta_phi=nan
NaN in beta_*: layer 9, bs_iter=38, k=3933, beta_mu=1.4909883636021149e+153, beta_phi=nan
NaN in beta_*: layer 9, bs_iter=38, k=3934, beta_mu=1.0920892659018819e+153, beta_phi=nan
NaN in beta_*: layer 9, bs_iter=38, k=3935, beta_mu=6.324125322585116e+152, beta_phi=nan
NaN in beta_*: layer 9, bs_iter=38, k=3936, beta_mu=6.80277183298821e+152, beta_phi=nan
NaN in beta_*: layer 9, bs_iter=38, k=3937, beta_mu=3.1682188587796717e+152, beta_phi=nan
NaN in beta_*: layer 9, bs_iter=38, k=3938, beta_mu=2.9071782097768077e+152, beta_phi=nan
NaN in beta_*: layer 9, bs_iter=38, k=3939, beta_mu=2.8035041787851335e+152, beta_phi=nan
NaN in beta_*: layer 9, bs_iter=38, k=3940, beta_mu=1.2769125154851028e+153, beta_phi=nan
NaN in beta_*: layer 9, bs_iter=38, k=3941, beta_mu=2.803504178330833e+152, beta_phi=nan
NaN in beta_*: layer 9, bs_iter=38, k=3942, beta_mu=5.075328157213029e+152, beta_phi=nan
NaN in beta_*: layer 9, bs_iter=38, k=3943, beta_mu=2.907156450942082e+152, beta_phi=nan
NaN in beta_*: layer 9, bs_iter=38, k=3944, beta_mu=2.803509312091664e+152, beta_phi=nan
NaN in beta_*: layer 9, bs_iter=38, k=3947, beta_mu=2.803504444108258e+152, beta_phi=nan
NaN in beta_*: layer 9, bs_iter=38, k=3948, beta_mu=3.302301639137299e+152, beta_phi=nan
NaN in beta_*: layer 9, bs_iter=38, k=3949, beta_mu=2.806271124334251e+152, beta_phi=nan
NaN in beta_*: layer 9, bs_iter=38, k=3950, beta_mu=4.1172452146869745e+153, beta_phi=nan
NaN in beta_*: layer 9, bs_iter=38, k=3951, beta_mu=2.8403637186500363e+152, beta_phi=nan
NaN in beta_*: layer 9, bs_iter=38, k=3952, beta_mu=2.803508012655005e+152, beta_phi=nan
NaN in beta_*: layer 9, bs_iter=38, k=3953, beta_mu=2.907172586465478e+152, beta_phi=nan
NaN in beta_*: layer 9, bs_iter=38, k=3954, beta_mu=2.8035045085536565e+152, beta_phi=nan
NaN in beta_*: layer 9, bs_iter=38, k=3955, beta_mu=1.4561339511720766e+153, beta_phi=nan
NaN in beta_*: layer 9, bs_iter=38, k=3956, beta_mu=2.7885614593008796e+152, beta_phi=nan
NaN in beta_*: layer 9, bs_iter=38, k=3957, beta_mu=2.8034724824603633e+152, beta_phi=nan
NaN in beta_*: layer 9, bs_iter=38, k=3958, beta_mu=2.803455328625513e+152, beta_phi=nan
NaN in beta_*: layer 9, bs_iter=38, k=3959, beta_mu=2.412949849353351e+152, beta_phi=nan
NaN in beta_*: layer 9, bs_iter=38, k=3960, beta_mu=2.6757032590018853e+152, beta_phi=nan
NaN in beta_*: layer 9, bs_iter=38, k=3961, beta_mu=2.879186186905349e+152, beta_phi=nan
NaN in beta_*: layer 9, bs_iter=38, k=3962, beta_mu=2.8695708200638526e+152, beta_phi=nan
NaN in beta_*: layer 9, bs_iter=38, k=3963, beta_mu=2.728481488012167e+152, beta_phi=nan
NaN in beta_*: layer 9, bs_iter=38, k=3964, beta_mu=5.08960728028642e+152, beta_phi=nan
NaN in beta_*: layer 9, bs_iter=38, k=3965, beta_mu=5.174562284677712e+152, beta_phi=nan
NaN in beta_*: layer 9, bs_iter=38, k=3966, beta_mu=2.7796880832447044e+152, beta_phi=nan
NaN in beta_*: layer 9, bs_iter=38, k=3967, beta_mu=2.7532943611647413e+152, beta_phi=nan
NaN in beta_*: layer 9, bs_iter=38, k=3969, beta_mu=2.8034894503771916e+152, beta_phi=nan
NaN in beta_*: layer 9, bs_iter=38, k=3970, beta_mu=2.803493456687298e+152, beta_phi=nan
NaN in beta_*: layer 9, bs_iter=38, k=3971, beta_mu=5.112285723132755e+152, beta_phi=nan
NaN in beta_*: layer 9, bs_iter=38, k=3972, beta_mu=2.34623689421317e+152, beta_phi=nan
NaN in beta_*: layer 9, bs_iter=38, k=3973, beta_mu=5.362148732323854e+153, beta_phi=nan
NaN in beta_*: layer 9, bs_iter=38, k=3975, beta_mu=2.8930169108420694e+152, beta_phi=nan
NaN in beta_*: layer 9, bs_iter=38, k=3976, beta_mu=2.8584479011864073e+152, beta_phi=nan
NaN in beta_*: layer 9, bs_iter=38, k=3977, beta_mu=3.1875955788834523e+153, beta_phi=nan
NaN in beta_*: layer 9, bs_iter=38, k=3978, beta_mu=5.451031614387016e+152, beta_phi=nan
NaN in beta_*: layer 9, bs_iter=38, k=3979, beta_mu=5.412452671357046e+152, beta_phi=nan
NaN in beta_*: layer 9, bs_iter=38, k=3980, beta_mu=4.181686713940082e+153, beta_phi=nan
NaN in beta_*: layer 9, bs_iter=38, k=3981, beta_mu=5.41803116472949e+152, beta_phi=nan
NaN in beta_*: layer 9, bs_iter=38, k=3982, beta_mu=5.482221325165091e+152, beta_phi=nan
NaN in beta_*: layer 9, bs_iter=38, k=3983, beta_mu=1.820087254663875e+153, beta_phi=nan
NaN in beta_*: layer 9, bs_iter=38, k=3984, beta_mu=2.347089166073284e+153, beta_phi=nan
NaN in beta_*: layer 9, bs_iter=38, k=3988, beta_mu=5.4510535730828435e+152, beta_phi=nan
NaN in beta_*: layer 9, bs_iter=38, k=3989, beta_mu=1.4495066912024922e+152, beta_phi=nan
NaN in beta_*: layer 9, bs_iter=38, k=3991, beta_mu=4.09404338521948e+153, beta_phi=nan
NaN in beta_*: layer 9, bs_iter=38, k=3996, beta_mu=1.8087567849690927e+153, beta_phi=nan
NaN in beta_*: layer 9, bs_iter=38, k=3998, beta_mu=1.394556612653628e+153, beta_phi=nan
NaN in beta_*: layer 9, bs_iter=38, k=4000, beta_mu=5.098600269453158e+153, beta_phi=nan
NaN in beta_*: layer 9, bs_iter=38, k=4002, beta_mu=4.945957679243779e+153, beta_phi=nan
NaN in beta_*: layer 9, bs_iter=38, k=4003, beta_mu=4.92764428028702e+153, beta_phi=nan
NaN in beta_*: layer 9, bs_iter=38, k=4004, beta_mu=5.2827297222648324e+153, beta_phi=nan
NaN in beta_*: layer 9, bs_iter=38, k=4005, beta_mu=6.809584670406385e+153, beta_phi=nan
NaN in beta_*: layer 9, bs_iter=38, k=4006, beta_mu=5.383819784095221e+153, beta_phi=nan
NaN in beta_*: layer 9, bs_iter=38, k=4009, beta_mu=3.811765290494292e+153, beta_phi=nan
NaN in beta_*: layer 9, bs_iter=38, k=4010, beta_mu=1.7910768991083075e+152, beta_phi=nan
NaN in beta_*: layer 9, bs_iter=38, k=4011, beta_mu=1.5878968390065574e+152, beta_phi=nan
NaN in beta_*: layer 9, bs_iter=38, k=4012, beta_mu=1.1784270075007878e+152, beta_phi=nan
NaN in beta_*: layer 9, bs_iter=38, k=4014, beta_mu=2.0863548474429402e+152, beta_phi=nan
NaN in beta_*: layer 9, bs_iter=38, k=4015, beta_mu=9.363691599598711e+152, beta_phi=nan
NaN in beta_*: layer 9, bs_iter=38, k=4016, beta_mu=4.017125248351436e+152, beta_phi=nan
NaN in beta_*: layer 9, bs_iter=38, k=4017, beta_mu=9.48501919583793e+152, beta_phi=nan
NaN in beta_*: layer 9, bs_iter=38, k=4018, beta_mu=3.479540856865761e+152, beta_phi=nan
NaN in beta_*: layer 9, bs_iter=38, k=4019, beta_mu=1.9407426365952956e+152, beta_phi=nan
NaN in beta_*: layer 9, bs_iter=38, k=4021, beta_mu=1.4958325377803741e+153, beta_phi=nan
NaN in beta_*: layer 9, bs_iter=38, k=4022, beta_mu=1.3150552692720643e+153, beta_phi=nan
NaN in beta_*: layer 9, bs_iter=38, k=4023, beta_mu=9.451782511887912e+152, beta_phi=nan
NaN in beta_*: layer 9, bs_iter=38, k=4026, beta_mu=1.8865762009898717e+152, beta_phi=nan
NaN in beta_*: layer 9, bs_iter=38, k=4029, beta_mu=3.531409315653765e+152, beta_phi=nan
NaN in beta_*: layer 9, bs_iter=38, k=4030, beta_mu=3.457524229417327e+152, beta_phi=nan
NaN in beta_*: layer 9, bs_iter=38, k=4031, beta_mu=5.7228509634542685e+152, beta_phi=nan
NaN in beta_*: layer 9, bs_iter=38, k=4032, beta_mu=1.0229379873488821e+153, beta_phi=nan
NaN in beta_*: layer 9, bs_iter=38, k=4041, beta_mu=3.235561616518702e+152, beta_phi=nan
NaN in beta_*: layer 9, bs_iter=38, k=4042, beta_mu=3.744981606005862e+152, beta_phi=nan
NaN in beta_*: layer 9, bs_iter=38, k=4043, beta_mu=1.1037078128624224e+153, beta_phi=nan
NaN in beta_*: layer 9, bs_iter=38, k=4045, beta_mu=2.0149129761766393e+153, beta_phi=nan
NaN in beta_*: layer 9, bs_iter=38, k=4046, beta_mu=1.0009504861618784e+153, beta_phi=nan
NaN in beta_*: layer 9, bs_iter=38, k=4048, beta_mu=3.3020017431084995e+152, beta_phi=nan
NaN in beta_*: layer 9, bs_iter=38, k=4050, beta_mu=5.562491558728637e+152, beta_phi=nan
NaN in beta_*: layer 9, bs_iter=38, k=4051, beta_mu=1.1432941446864608e+152, beta_phi=nan
NaN in beta_*: layer 9, bs_iter=38, k=4053, beta_mu=2.89481440960513e+152, beta_phi=nan
NaN in beta_*: layer 9, bs_iter=38, k=4054, beta_mu=1.0248643288358858e+153, beta_phi=nan
NaN in beta_*: layer 9, bs_iter=38, k=4055, beta_mu=2.3475596458560233e+153, beta_phi=nan
NaN in beta_*: layer 9, bs_iter=38, k=4056, beta_mu=1.0248630756502511e+153, beta_phi=nan
NaN in beta_*: layer 9, bs_iter=38, k=4058, beta_mu=1.3213275165397181e+152, beta_phi=nan
NaN in beta_*: layer 9, bs_iter=38, k=4059, beta_mu=5.76275343675819e+152, beta_phi=nan
NaN in beta_*: layer 9, bs_iter=38, k=4060, beta_mu=1.3213293275361533e+152, beta_phi=nan
NaN in beta_*: layer 9, bs_iter=38, k=4061, beta_mu=4.008318654742858e+153, beta_phi=nan
NaN in beta_*: layer 9, bs_iter=38, k=4065, beta_mu=8.993053751236968e+151, beta_phi=nan
NaN in beta_*: layer 9, bs_iter=38, k=4067, beta_mu=1.2761293249306276e+152, beta_phi=nan
NaN in beta_*: layer 9, bs_iter=38, k=4068, beta_mu=1.312317380042934e+152, beta_phi=nan
NaN in beta_*: layer 9, bs_iter=38, k=4069, beta_mu=1.3123151194371625e+152, beta_phi=nan
NaN in beta_*: layer 9, bs_iter=38, k=4071, beta_mu=6.739134690911048e+152, beta_phi=nan
NaN in beta_*: layer 9, bs_iter=38, k=4072, beta_mu=3.1294899119259567e+153, beta_phi=nan
NaN in beta_*: layer 9, bs_iter=38, k=4074, beta_mu=1.9010463388775708e+153, beta_phi=nan
NaN in beta_*: layer 9, bs_iter=38, k=4075, beta_mu=2.217672876293031e+152, beta_phi=nan
NaN in beta_*: layer 9, bs_iter=38, k=4076, beta_mu=1.219779856815287e+152, beta_phi=nan
NaN in beta_*: layer 9, bs_iter=38, k=4077, beta_mu=1.3418084694013946e+152, beta_phi=nan
NaN in beta_*: layer 9, bs_iter=38, k=4078, beta_mu=1.5095751911228884e+152, beta_phi=nan
NaN in beta_*: layer 9, bs_iter=38, k=4079, beta_mu=1.4267600577486865e+152, beta_phi=nan
NaN in beta_*: layer 9, bs_iter=38, k=4080, beta_mu=1.976796180957162e+153, beta_phi=nan
NaN in beta_*: layer 9, bs_iter=38, k=4081, beta_mu=2.8313836211829173e+153, beta_phi=nan
NaN in beta_*: layer 9, bs_iter=38, k=4082, beta_mu=4.36078196626538e+152, beta_phi=nan
NaN in beta_*: layer 9, bs_iter=38, k=4083, beta_mu=1.3379942562842714e+152, beta_phi=nan
NaN in beta_*: layer 9, bs_iter=38, k=4084, beta_mu=1.396516875708136e+152, beta_phi=nan
NaN in beta_*: layer 9, bs_iter=38, k=4085, beta_mu=5.399651370782386e+152, beta_phi=nan
NaN in beta_*: layer 9, bs_iter=38, k=4086, beta_mu=5.787511895617064e+152, beta_phi=nan
NaN in beta_*: layer 9, bs_iter=38, k=4087, beta_mu=2.1409082552767503e+153, beta_phi=nan
NaN in beta_*: layer 9, bs_iter=38, k=4088, beta_mu=3.3904415546016494e+152, beta_phi=nan
NaN in beta_*: layer 9, bs_iter=38, k=4089, beta_mu=2.0358261116309194e+152, beta_phi=nan
NaN in beta_*: layer 9, bs_iter=38, k=4090, beta_mu=1.150592698153859e+153, beta_phi=nan
NaN in beta_*: layer 9, bs_iter=38, k=4091, beta_mu=4.608750612491062e+152, beta_phi=nan
NaN in beta_*: layer 9, bs_iter=38, k=4092, beta_mu=2.1667781404034026e+153, beta_phi=nan
NaN in beta_*: layer 9, bs_iter=38, k=4093, beta_mu=8.679630381289448e+152, beta_phi=nan
NaN in beta_*: layer 9, bs_iter=38, k=4094, beta_mu=8.846021942764043e+151, beta_phi=nan
NaN in beta_*: layer 9, bs_iter=38, k=4095, beta_mu=5.409942001559704e+152, beta_phi=nan
NaN in beta_*: layer 9, bs_iter=38, k=4096, beta_mu=1.2099799946902813e+152, beta_phi=nan
NaN in beta_*: layer 9, bs_iter=38, k=4097, beta_mu=4.6104907536180345e+152, beta_phi=nan
NaN in beta_*: layer 9, bs_iter=38, k=4098, beta_mu=5.297837164831444e+152, beta_phi=nan
NaN in beta_*: layer 9, bs_iter=38, k=4099, beta_mu=2.1945763425719634e+152, beta_phi=nan
NaN in beta_*: layer 9, bs_iter=38, k=4100, beta_mu=1.5101596024957956e+152, beta_phi=nan
NaN in beta_*: layer 9, bs_iter=38, k=4101, beta_mu=1.3423680486040848e+152, beta_phi=nan
NaN in beta_*: layer 9, bs_iter=38, k=4102, beta_mu=4.913269181577243e+152, beta_phi=nan
NaN in beta_*: layer 9, bs_iter=38, k=4103, beta_mu=1.373826470793809e+153, beta_phi=nan
NaN in beta_*: layer 9, bs_iter=38, k=4104, beta_mu=1.9920531183518348e+153, beta_phi=nan
NaN in beta_*: layer 9, bs_iter=38, k=4105, beta_mu=5.924832408791552e+152, beta_phi=nan
NaN in beta_*: layer 9, bs_iter=38, k=4106, beta_mu=5.068923982414795e+152, beta_phi=nan
NaN in beta_*: layer 9, bs_iter=38, k=4107, beta_mu=5.149226861069534e+152, beta_phi=nan
NaN in beta_*: layer 9, bs_iter=38, k=4108, beta_mu=1.4655037677889993e+153, beta_phi=nan
NaN in beta_*: layer 9, bs_iter=38, k=4109, beta_mu=2.8758880320416173e+153, beta_phi=nan
NaN in beta_*: layer 9, bs_iter=38, k=4110, beta_mu=1.0096441226369795e+152, beta_phi=nan
NaN in beta_*: layer 9, bs_iter=38, k=4111, beta_mu=1.7732476947085473e+152, beta_phi=nan
NaN in beta_*: layer 9, bs_iter=38, k=4112, beta_mu=8.680078949274537e+152, beta_phi=nan
NaN in beta_*: layer 9, bs_iter=38, k=4113, beta_mu=1.5048686940274704e+152, beta_phi=nan
NaN in beta_*: layer 9, bs_iter=38, k=4115, beta_mu=2.124909480880708e+153, beta_phi=nan
NaN in beta_*: layer 9, bs_iter=38, k=4120, beta_mu=2.1288743470974817e+153, beta_phi=nan
NaN in beta_*: layer 9, bs_iter=38, k=4121, beta_mu=3.849691235660848e+153, beta_phi=nan
NaN in beta_*: layer 9, bs_iter=38, k=4124, beta_mu=2.4131510973389825e+153, beta_phi=nan
NaN in beta_*: layer 9, bs_iter=38, k=4125, beta_mu=7.551127648809869e+152, beta_phi=nan
NaN in beta_*: layer 9, bs_iter=38, k=4126, beta_mu=7.737288895853023e+152, beta_phi=nan
NaN in beta_*: layer 9, bs_iter=38, k=4127, beta_mu=8.4682308239378e+152, beta_phi=nan
NaN in beta_*: layer 9, bs_iter=38, k=4128, beta_mu=6.221541045285691e+152, beta_phi=nan
NaN in beta_*: layer 9, bs_iter=38, k=4129, beta_mu=1.6440333539163205e+152, beta_phi=nan
NaN in beta_*: layer 9, bs_iter=38, k=4130, beta_mu=3.4171367342533883e+152, beta_phi=nan
NaN in beta_*: layer 9, bs_iter=38, k=4131, beta_mu=3.5022051227402735e+152, beta_phi=nan
NaN in beta_*: layer 9, bs_iter=38, k=4132, beta_mu=3.4019703770791975e+152, beta_phi=nan
NaN in beta_*: layer 9, bs_iter=38, k=4133, beta_mu=7.102874747775721e+152, beta_phi=nan
NaN in beta_*: layer 9, bs_iter=38, k=4134, beta_mu=2.574868903405084e+153, beta_phi=nan
NaN in beta_*: layer 9, bs_iter=38, k=4135, beta_mu=3.511611485416207e+152, beta_phi=nan
NaN in beta_*: layer 9, bs_iter=38, k=4136, beta_mu=3.5370528972650417e+152, beta_phi=nan
NaN in beta_*: layer 9, bs_iter=38, k=4137, beta_mu=2.4947139150405004e+153, beta_phi=nan
NaN in beta_*: layer 9, bs_iter=38, k=4138, beta_mu=3.465020080506358e+152, beta_phi=nan
NaN in beta_*: layer 9, bs_iter=38, k=4139, beta_mu=3.528115049077655e+152, beta_phi=nan
NaN in beta_*: layer 9, bs_iter=38, k=4140, beta_mu=3.4324611359011043e+152, beta_phi=nan
NaN in beta_*: layer 9, bs_iter=38, k=4141, beta_mu=8.69297955239569e+152, beta_phi=nan
NaN in beta_*: layer 9, bs_iter=38, k=4142, beta_mu=2.477596257738867e+153, beta_phi=nan
NaN in beta_*: layer 9, bs_iter=38, k=4143, beta_mu=5.407978836977208e+152, beta_phi=nan
NaN in beta_*: layer 9, bs_iter=38, k=4144, beta_mu=4.708096004076307e+152, beta_phi=nan
NaN in beta_*: layer 9, bs_iter=38, k=4145, beta_mu=4.678273365432661e+152, beta_phi=nan
NaN in beta_*: layer 9, bs_iter=38, k=4146, beta_mu=4.844778751224119e+152, beta_phi=nan
NaN in beta_*: layer 9, bs_iter=38, k=4147, beta_mu=1.652706093141294e+152, beta_phi=nan
NaN in beta_*: layer 9, bs_iter=38, k=4148, beta_mu=1.5644061340672852e+153, beta_phi=nan
NaN in beta_*: layer 9, bs_iter=38, k=4149, beta_mu=2.2126894953468544e+153, beta_phi=nan
NaN in beta_*: layer 9, bs_iter=38, k=4150, beta_mu=9.74828093394207e+152, beta_phi=nan
NaN in beta_*: layer 9, bs_iter=38, k=4151, beta_mu=9.964975200647798e+152, beta_phi=nan
NaN in beta_*: layer 9, bs_iter=38, k=4152, beta_mu=9.912112268361669e+152, beta_phi=nan
NaN in beta_*: layer 9, bs_iter=38, k=4153, beta_mu=9.90786976375454e+152, beta_phi=nan
NaN in beta_*: layer 9, bs_iter=38, k=4156, beta_mu=1.6838496995656235e+153, beta_phi=nan
NaN in beta_*: layer 9, bs_iter=38, k=4158, beta_mu=2.3799956347952516e+153, beta_phi=nan
NaN in beta_*: layer 9, bs_iter=38, k=4159, beta_mu=2.4448023901443837e+153, beta_phi=nan
NaN in beta_*: layer 9, bs_iter=38, k=4160, beta_mu=2.371354837246177e+152, beta_phi=nan
NaN in beta_*: layer 9, bs_iter=38, k=4161, beta_mu=2.348647068191723e+153, beta_phi=nan
NaN in beta_*: layer 9, bs_iter=38, k=4162, beta_mu=2.4474846629748562e+153, beta_phi=nan
NaN in beta_*: layer 9, bs_iter=38, k=4163, beta_mu=3.537990583816605e+153, beta_phi=nan
NaN in beta_*: layer 9, bs_iter=38, k=4164, beta_mu=1.5879788915644861e+153, beta_phi=nan
NaN in beta_*: layer 9, bs_iter=38, k=4165, beta_mu=4.216663386591945e+153, beta_phi=nan
NaN in beta_*: layer 9, bs_iter=38, k=4166, beta_mu=2.4877042920166426e+152, beta_phi=nan
NaN in beta_*: layer 9, bs_iter=38, k=4167, beta_mu=3.397847886305592e+153, beta_phi=nan
NaN in beta_*: layer 9, bs_iter=38, k=4169, beta_mu=1.109750273998577e+152, beta_phi=nan
NaN in beta_*: layer 9, bs_iter=38, k=4170, beta_mu=2.3410363302288472e+153, beta_phi=nan
NaN in beta_*: layer 9, bs_iter=38, k=4171, beta_mu=2.313844421751688e+153, beta_phi=nan
NaN in beta_*: layer 9, bs_iter=38, k=4172, beta_mu=3.528411163246325e+153, beta_phi=nan
NaN in beta_*: layer 9, bs_iter=38, k=4173, beta_mu=2.5979113493188832e+153, beta_phi=nan
NaN in beta_*: layer 9, bs_iter=38, k=4175, beta_mu=3.045061992577512e+153, beta_phi=nan
NaN in beta_*: layer 9, bs_iter=38, k=4176, beta_mu=3.629487484322709e+153, beta_phi=nan
NaN in beta_*: layer 9, bs_iter=38, k=4177, beta_mu=5.308048895437138e+152, beta_phi=nan
NaN in beta_*: layer 9, bs_iter=38, k=4178, beta_mu=1.4070752539554684e+153, beta_phi=nan
NaN in beta_*: layer 9, bs_iter=38, k=4179, beta_mu=2.6131993991960915e+152, beta_phi=nan
NaN in beta_*: layer 9, bs_iter=38, k=4181, beta_mu=2.30716897452061e+152, beta_phi=nan
NaN in beta_*: layer 9, bs_iter=38, k=4182, beta_mu=2.468626310698997e+152, beta_phi=nan
NaN in beta_*: layer 9, bs_iter=38, k=4183, beta_mu=2.486655266502045e+152, beta_phi=nan
NaN in beta_*: layer 9, bs_iter=38, k=4184, beta_mu=1.2814654939530445e+153, beta_phi=nan
NaN in beta_*: layer 9, bs_iter=38, k=4185, beta_mu=2.998277686945361e+152, beta_phi=nan
NaN in beta_*: layer 9, bs_iter=38, k=4186, beta_mu=1.2027815874666536e+152, beta_phi=nan
NaN in beta_*: layer 9, bs_iter=38, k=4187, beta_mu=5.026769608095959e+152, beta_phi=nan
NaN in beta_*: layer 9, bs_iter=38, k=4188, beta_mu=1.730548630019362e+152, beta_phi=nan
NaN in beta_*: layer 9, bs_iter=38, k=4189, beta_mu=1.7959688805217608e+152, beta_phi=nan
NaN in beta_*: layer 9, bs_iter=38, k=4190, beta_mu=1.8112992315043695e+152, beta_phi=nan
NaN in beta_*: layer 9, bs_iter=38, k=4191, beta_mu=1.2606709572204583e+152, beta_phi=nan
NaN in beta_*: layer 9, bs_iter=38, k=4192, beta_mu=2.651858765708168e+152, beta_phi=nan
NaN in beta_*: layer 9, bs_iter=38, k=4193, beta_mu=2.1342054099770913e+153, beta_phi=nan
NaN in beta_*: layer 9, bs_iter=38, k=4194, beta_mu=4.514215983879498e+152, beta_phi=nan
NaN in beta_*: layer 9, bs_iter=38, k=4195, beta_mu=4.3562862485666475e+153, beta_phi=nan
NaN in beta_*: layer 9, bs_iter=38, k=4196, beta_mu=3.116752315090143e+153, beta_phi=nan
NaN in beta_*: layer 9, bs_iter=38, k=4197, beta_mu=2.0588711366236626e+152, beta_phi=nan
NaN in beta_*: layer 9, bs_iter=38, k=4198, beta_mu=2.6500057331605515e+152, beta_phi=nan
NaN in beta_*: layer 9, bs_iter=38, k=4199, beta_mu=2.582567130267891e+152, beta_phi=nan
NaN in beta_*: layer 9, bs_iter=38, k=4200, beta_mu=2.3423252109689472e+152, beta_phi=nan
NaN in beta_*: layer 9, bs_iter=38, k=4201, beta_mu=2.1597376947048196e+152, beta_phi=nan
NaN in beta_*: layer 9, bs_iter=38, k=4202, beta_mu=1.9827200981095338e+152, beta_phi=nan
NaN in beta_*: layer 9, bs_iter=38, k=4203, beta_mu=8.794815387484028e+152, beta_phi=nan
NaN in beta_*: layer 9, bs_iter=38, k=4204, beta_mu=3.470320213703346e+152, beta_phi=nan
NaN in beta_*: layer 9, bs_iter=38, k=4205, beta_mu=3.594706597429695e+152, beta_phi=nan
NaN in beta_*: layer 9, bs_iter=38, k=4206, beta_mu=4.4018319263347315e+152, beta_phi=nan
NaN in beta_*: layer 9, bs_iter=38, k=4207, beta_mu=4.520549664202989e+152, beta_phi=nan
NaN in beta_*: layer 9, bs_iter=38, k=4208, beta_mu=1.40133087448366e+152, beta_phi=nan
NaN in beta_*: layer 9, bs_iter=38, k=4209, beta_mu=3.337360468093035e+152, beta_phi=nan
NaN in beta_*: layer 9, bs_iter=38, k=4211, beta_mu=8.512713063961801e+152, beta_phi=nan
NaN in beta_*: layer 9, bs_iter=38, k=4212, beta_mu=4.4989942372627e+152, beta_phi=nan
NaN in beta_*: layer 9, bs_iter=38, k=4213, beta_mu=2.161348061406158e+152, beta_phi=nan
NaN in beta_*: layer 9, bs_iter=38, k=4214, beta_mu=8.429359193072492e+152, beta_phi=nan
NaN in beta_*: layer 9, bs_iter=38, k=4215, beta_mu=3.4400166996944635e+153, beta_phi=nan
NaN in beta_*: layer 9, bs_iter=38, k=4216, beta_mu=8.339073049548557e+152, beta_phi=nan
NaN in beta_*: layer 9, bs_iter=38, k=4217, beta_mu=2.2035817941158953e+153, beta_phi=nan
NaN in beta_*: layer 9, bs_iter=38, k=4218, beta_mu=7.050582152242174e+152, beta_phi=nan
NaN in beta_*: layer 9, bs_iter=38, k=4219, beta_mu=3.4755390041392854e+152, beta_phi=nan
NaN in beta_*: layer 9, bs_iter=38, k=4220, beta_mu=2.2989448184137808e+153, beta_phi=nan
NaN in beta_*: layer 9, bs_iter=38, k=4221, beta_mu=1.8394458961714763e+152, beta_phi=nan
NaN in beta_*: layer 9, bs_iter=38, k=4222, beta_mu=2.3391802738262004e+152, beta_phi=nan
NaN in beta_*: layer 9, bs_iter=38, k=4223, beta_mu=9.854829902393902e+152, beta_phi=nan
NaN in beta_*: layer 9, bs_iter=38, k=4224, beta_mu=6.943228549020641e+152, beta_phi=nan
NaN in beta_*: layer 9, bs_iter=38, k=4225, beta_mu=2.8398247566668875e+153, beta_phi=nan
NaN in beta_*: layer 9, bs_iter=38, k=4226, beta_mu=8.850048097159638e+152, beta_phi=nan
NaN in beta_*: layer 9, bs_iter=38, k=4228, beta_mu=2.339182922310016e+152, beta_phi=nan
NaN in beta_*: layer 9, bs_iter=38, k=4229, beta_mu=2.469579892425094e+152, beta_phi=nan
NaN in beta_*: layer 9, bs_iter=38, k=4230, beta_mu=1.8839396671276077e+152, beta_phi=nan
NaN in beta_*: layer 9, bs_iter=38, k=4231, beta_mu=2.834776149629669e+153, beta_phi=nan
NaN in beta_*: layer 9, bs_iter=38, k=4232, beta_mu=8.1308159773960525e+152, beta_phi=nan
NaN in beta_*: layer 9, bs_iter=38, k=4233, beta_mu=7.540925955472928e+152, beta_phi=nan
NaN in beta_*: layer 9, bs_iter=38, k=4234, beta_mu=8.135484937974065e+152, beta_phi=nan
NaN in beta_*: layer 9, bs_iter=38, k=4235, beta_mu=9.19159619653457e+152, beta_phi=nan
NaN in beta_*: layer 9, bs_iter=38, k=4236, beta_mu=9.78234418108548e+152, beta_phi=nan
NaN in beta_*: layer 9, bs_iter=38, k=4237, beta_mu=9.408662770765845e+152, beta_phi=nan
NaN in beta_*: layer 9, bs_iter=38, k=4238, beta_mu=5.483620206471459e+153, beta_phi=nan
NaN in beta_*: layer 9, bs_iter=38, k=4239, beta_mu=4.591898371375239e+152, beta_phi=nan
NaN in beta_*: layer 9, bs_iter=38, k=4240, beta_mu=1.5128484747654153e+153, beta_phi=nan
NaN in beta_*: layer 9, bs_iter=38, k=4241, beta_mu=1.898493708145922e+153, beta_phi=nan
NaN in beta_*: layer 9, bs_iter=38, k=4243, beta_mu=4.0417455671309237e+152, beta_phi=nan
NaN in beta_*: layer 9, bs_iter=38, k=4245, beta_mu=2.2637025648050737e+152, beta_phi=nan
NaN in beta_*: layer 9, bs_iter=38, k=4246, beta_mu=4.565456080808118e+153, beta_phi=nan
NaN in beta_*: layer 9, bs_iter=38, k=4247, beta_mu=2.2040552374192687e+152, beta_phi=nan
NaN in beta_*: layer 9, bs_iter=38, k=4248, beta_mu=2.2040540152308508e+152, beta_phi=nan
NaN in beta_*: layer 9, bs_iter=38, k=4250, beta_mu=3.1288184916467387e+153, beta_phi=nan
NaN in beta_*: layer 9, bs_iter=38, k=4251, beta_mu=1.0190071656700597e+153, beta_phi=nan
NaN in beta_*: layer 9, bs_iter=38, k=4252, beta_mu=3.2582279143028033e+153, beta_phi=nan
NaN in beta_*: layer 9, bs_iter=38, k=4253, beta_mu=2.402975140285062e+152, beta_phi=nan
NaN in beta_*: layer 9, bs_iter=38, k=4254, beta_mu=1.613492229055737e+153, beta_phi=nan
NaN in beta_*: layer 9, bs_iter=38, k=4255, beta_mu=2.3515149945783956e+152, beta_phi=nan
NaN in beta_*: layer 9, bs_iter=38, k=4256, beta_mu=1.4633084201358786e+153, beta_phi=nan
NaN in beta_*: layer 9, bs_iter=38, k=4257, beta_mu=2.3515141252961743e+152, beta_phi=nan
NaN in beta_*: layer 9, bs_iter=38, k=4258, beta_mu=9.66374485054012e+152, beta_phi=nan
NaN in beta_*: layer 9, bs_iter=38, k=4260, beta_mu=8.336562577214402e+152, beta_phi=nan
NaN in beta_*: layer 9, bs_iter=38, k=4261, beta_mu=2.3744929869080117e+152, beta_phi=nan
NaN in beta_*: layer 9, bs_iter=38, k=4262, beta_mu=1.4024094699867666e+153, beta_phi=nan
NaN in beta_*: layer 9, bs_iter=38, k=4263, beta_mu=1.41154697316521e+153, beta_phi=nan
NaN in beta_*: layer 9, bs_iter=38, k=4267, beta_mu=1.374422113556011e+153, beta_phi=nan
NaN in beta_*: layer 9, bs_iter=38, k=4269, beta_mu=2.9870482219288252e+153, beta_phi=nan
NaN in beta_*: layer 9, bs_iter=38, k=4271, beta_mu=3.194502866269286e+153, beta_phi=nan
NaN in beta_*: layer 9, bs_iter=38, k=4274, beta_mu=2.210936452569641e+152, beta_phi=nan
NaN in beta_*: layer 9, bs_iter=38, k=4276, beta_mu=1.0222859063629133e+153, beta_phi=nan
NaN in beta_*: layer 9, bs_iter=38, k=4277, beta_mu=8.636080185603371e+152, beta_phi=nan
NaN in beta_*: layer 9, bs_iter=38, k=4278, beta_mu=8.636028667117444e+152, beta_phi=nan
NaN in beta_*: layer 9, bs_iter=38, k=4279, beta_mu=3.062115939425667e+152, beta_phi=nan
NaN in beta_*: layer 9, bs_iter=38, k=4280, beta_mu=3.4637208546619767e+152, beta_phi=nan
NaN in beta_*: layer 9, bs_iter=38, k=4281, beta_mu=2.400857508665862e+153, beta_phi=nan
NaN in beta_*: layer 9, bs_iter=38, k=4282, beta_mu=2.9716207825206142e+153, beta_phi=nan
NaN in beta_*: layer 9, bs_iter=38, k=4283, beta_mu=7.336392531436251e+152, beta_phi=nan
NaN in beta_*: layer 9, bs_iter=38, k=4284, beta_mu=1.4311864533610344e+153, beta_phi=nan
NaN in beta_*: layer 9, bs_iter=38, k=4285, beta_mu=1.873259547055158e+152, beta_phi=nan
NaN in beta_*: layer 9, bs_iter=38, k=4286, beta_mu=2.9945524783642095e+152, beta_phi=nan
NaN in beta_*: layer 9, bs_iter=38, k=4287, beta_mu=7.721503676146365e+152, beta_phi=nan
NaN in beta_*: layer 9, bs_iter=38, k=4288, beta_mu=4.941488441235324e+152, beta_phi=nan
NaN in beta_*: layer 9, bs_iter=38, k=4289, beta_mu=5.069731015493792e+152, beta_phi=nan
NaN in beta_*: layer 9, bs_iter=38, k=4291, beta_mu=1.718079136670011e+152, beta_phi=nan
NaN in beta_*: layer 9, bs_iter=38, k=4292, beta_mu=1.0451016911389113e+153, beta_phi=nan
NaN in beta_*: layer 9, bs_iter=38, k=4293, beta_mu=3.1761773649958034e+152, beta_phi=nan
NaN in beta_*: layer 9, bs_iter=38, k=4294, beta_mu=1.0122416052555238e+153, beta_phi=nan
NaN in beta_*: layer 9, bs_iter=38, k=4296, beta_mu=6.679310291927952e+152, beta_phi=nan
NaN in beta_*: layer 9, bs_iter=38, k=4297, beta_mu=5.490358138726325e+152, beta_phi=nan
NaN in beta_*: layer 9, bs_iter=38, k=4299, beta_mu=8.789304806775534e+152, beta_phi=nan
NaN in beta_*: layer 9, bs_iter=38, k=4301, beta_mu=9.263649277214354e+152, beta_phi=nan
NaN in beta_*: layer 9, bs_iter=38, k=4302, beta_mu=6.700415190162853e+152, beta_phi=nan
NaN in beta_*: layer 9, bs_iter=38, k=4303, beta_mu=2.0874091786377762e+152, beta_phi=nan
NaN in beta_*: layer 9, bs_iter=38, k=4304, beta_mu=2.0235322034702869e+152, beta_phi=nan
NaN in beta_*: layer 9, bs_iter=38, k=4305, beta_mu=2.0735574966422023e+152, beta_phi=nan
NaN in beta_*: layer 9, bs_iter=38, k=4308, beta_mu=4.64083247808496e+152, beta_phi=nan
NaN in beta_*: layer 9, bs_iter=38, k=4309, beta_mu=1.6640786228923355e+152, beta_phi=nan
NaN in beta_*: layer 9, bs_iter=38, k=4310, beta_mu=1.6776568878595884e+152, beta_phi=nan
NaN in beta_*: layer 9, bs_iter=38, k=4311, beta_mu=1.6237177096237082e+152, beta_phi=nan
NaN in beta_*: layer 9, bs_iter=38, k=4312, beta_mu=1.7006986640387426e+152, beta_phi=nan
NaN in beta_*: layer 9, bs_iter=38, k=4313, beta_mu=7.863050047423942e+152, beta_phi=nan
NaN in beta_*: layer 9, bs_iter=38, k=4315, beta_mu=1.37196931328988e+153, beta_phi=nan
NaN in beta_*: layer 9, bs_iter=38, k=4317, beta_mu=7.179367288098183e+152, beta_phi=nan
NaN in beta_*: layer 9, bs_iter=38, k=4319, beta_mu=3.784582659850555e+152, beta_phi=nan
NaN in beta_*: layer 9, bs_iter=38, k=4320, beta_mu=2.8955140663021635e+152, beta_phi=nan
NaN in beta_*: layer 9, bs_iter=38, k=4321, beta_mu=7.098337497600233e+153, beta_phi=nan
NaN in beta_*: layer 9, bs_iter=38, k=4322, beta_mu=5.838436521268827e+153, beta_phi=nan
NaN in beta_*: layer 9, bs_iter=38, k=4323, beta_mu=2.052853254821557e+152, beta_phi=nan
NaN in beta_*: layer 9, bs_iter=38, k=4324, beta_mu=6.094890098104363e+152, beta_phi=nan
NaN in beta_*: layer 9, bs_iter=38, k=4325, beta_mu=1.4728406016347672e+153, beta_phi=nan
NaN in beta_*: layer 9, bs_iter=38, k=4328, beta_mu=3.692924024395497e+152, beta_phi=nan
NaN in beta_*: layer 9, bs_iter=38, k=4330, beta_mu=3.2943550938212347e+153, beta_phi=nan
NaN in beta_*: layer 9, bs_iter=38, k=4332, beta_mu=2.873125436921141e+152, beta_phi=nan
NaN in beta_*: layer 9, bs_iter=38, k=4333, beta_mu=8.451609462055795e+152, beta_phi=nan
NaN in beta_*: layer 9, bs_iter=38, k=4335, beta_mu=1.4102365990807808e+153, beta_phi=nan
NaN in beta_*: layer 9, bs_iter=38, k=4337, beta_mu=1.4151590538334178e+153, beta_phi=nan
NaN in beta_*: layer 9, bs_iter=38, k=4338, beta_mu=1.403070782366179e+153, beta_phi=nan
NaN in beta_*: layer 9, bs_iter=38, k=4339, beta_mu=1.0716418188169522e+152, beta_phi=nan
NaN in beta_*: layer 9, bs_iter=38, k=4340, beta_mu=6.668113332609728e+152, beta_phi=nan
NaN in beta_*: layer 9, bs_iter=38, k=4342, beta_mu=8.941799496877078e+152, beta_phi=nan
NaN in beta_*: layer 9, bs_iter=38, k=4343, beta_mu=9.326885693823028e+152, beta_phi=nan
NaN in beta_*: layer 9, bs_iter=38, k=4344, beta_mu=1.9884477298294907e+152, beta_phi=nan
NaN in beta_*: layer 9, bs_iter=38, k=4345, beta_mu=1.6565185752200501e+153, beta_phi=nan
NaN in beta_*: layer 9, bs_iter=38, k=4347, beta_mu=1.0508210533257374e+152, beta_phi=nan
NaN in beta_*: layer 9, bs_iter=38, k=4348, beta_mu=5.385103635502342e+153, beta_phi=nan
NaN in beta_*: layer 9, bs_iter=38, k=4349, beta_mu=5.204259591527467e+152, beta_phi=nan
NaN in beta_*: layer 9, bs_iter=38, k=4350, beta_mu=5.805842958047853e+152, beta_phi=nan
NaN in beta_*: layer 9, bs_iter=38, k=4351, beta_mu=5.33448123997935e+152, beta_phi=nan
NaN in beta_*: layer 9, bs_iter=38, k=4352, beta_mu=2.269656192106269e+152, beta_phi=nan
NaN in beta_*: layer 9, bs_iter=38, k=4353, beta_mu=5.385566062662356e+152, beta_phi=nan
NaN in beta_*: layer 9, bs_iter=38, k=4354, beta_mu=1.663764757632353e+153, beta_phi=nan
NaN in beta_*: layer 9, bs_iter=38, k=4355, beta_mu=4.420306380300652e+152, beta_phi=nan
NaN in beta_*: layer 9, bs_iter=38, k=4356, beta_mu=4.380596595868687e+152, beta_phi=nan
NaN in beta_*: layer 9, bs_iter=38, k=4357, beta_mu=6.623792139765857e+152, beta_phi=nan
NaN in beta_*: layer 9, bs_iter=38, k=4358, beta_mu=1.7772340552413644e+152, beta_phi=nan
NaN in beta_*: layer 9, bs_iter=38, k=4359, beta_mu=9.429805926277949e+151, beta_phi=nan
NaN in beta_*: layer 9, bs_iter=38, k=4362, beta_mu=1.5008976812165294e+153, beta_phi=nan
NaN in beta_*: layer 9, bs_iter=38, k=4366, beta_mu=7.062062022292799e+152, beta_phi=nan
NaN in beta_*: layer 9, bs_iter=38, k=4368, beta_mu=1.0271705667868618e+153, beta_phi=nan
NaN in beta_*: layer 9, bs_iter=38, k=4372, beta_mu=1.55763064315094e+153, beta_phi=nan
NaN in beta_*: layer 9, bs_iter=38, k=4374, beta_mu=1.5460915196738566e+153, beta_phi=nan
NaN in beta_*: layer 9, bs_iter=38, k=4375, beta_mu=1.750783677737291e+152, beta_phi=nan
NaN in beta_*: layer 9, bs_iter=38, k=4376, beta_mu=3.17024914562375e+153, beta_phi=nan
NaN in beta_*: layer 9, bs_iter=38, k=4377, beta_mu=2.0462388180984295e+152, beta_phi=nan
NaN in beta_*: layer 9, bs_iter=38, k=4379, beta_mu=1.3645120477286486e+153, beta_phi=nan
NaN in beta_*: layer 9, bs_iter=38, k=4380, beta_mu=1.363162677251817e+153, beta_phi=nan
NaN in beta_*: layer 9, bs_iter=38, k=4381, beta_mu=6.866968144462626e+152, beta_phi=nan
NaN in beta_*: layer 9, bs_iter=38, k=4382, beta_mu=1.5095066066423625e+153, beta_phi=nan
NaN in beta_*: layer 9, bs_iter=38, k=4383, beta_mu=2.5574170421388816e+152, beta_phi=nan
NaN in beta_*: layer 9, bs_iter=38, k=4384, beta_mu=1.406995595052755e+153, beta_phi=nan
NaN in beta_*: layer 9, bs_iter=38, k=4385, beta_mu=5.307948040694188e+152, beta_phi=nan
NaN in beta_*: layer 9, bs_iter=38, k=4386, beta_mu=1.3806006959825088e+153, beta_phi=nan
NaN in beta_*: layer 9, bs_iter=38, k=4387, beta_mu=1.5564387738364281e+153, beta_phi=nan
NaN in beta_*: layer 9, bs_iter=38, k=4388, beta_mu=1.3909353578199345e+153, beta_phi=nan
NaN in beta_*: layer 9, bs_iter=38, k=4389, beta_mu=2.465002392864586e+152, beta_phi=nan
NaN in beta_*: layer 9, bs_iter=38, k=4390, beta_mu=5.599466961080152e+153, beta_phi=nan
NaN in beta_*: layer 9, bs_iter=38, k=4391, beta_mu=1.504986361399317e+152, beta_phi=nan
NaN in beta_*: layer 9, bs_iter=38, k=4393, beta_mu=6.6500879208389724e+153, beta_phi=nan
NaN in beta_*: layer 9, bs_iter=38, k=4394, beta_mu=3.750451589116315e+153, beta_phi=nan
NaN in beta_*: layer 9, bs_iter=38, k=4395, beta_mu=1.0997184163635248e+153, beta_phi=nan
NaN in beta_*: layer 9, bs_iter=38, k=4396, beta_mu=1.4618253656419343e+153, beta_phi=nan
NaN in beta_*: layer 9, bs_iter=38, k=4397, beta_mu=1.0535843381701192e+153, beta_phi=nan
NaN in beta_*: layer 9, bs_iter=38, k=4398, beta_mu=3.3143685720373513e+152, beta_phi=nan
NaN in beta_*: layer 9, bs_iter=38, k=4399, beta_mu=3.3508068229655296e+153, beta_phi=nan
NaN in beta_*: layer 9, bs_iter=38, k=4400, beta_mu=1.1231571009901227e+153, beta_phi=nan
NaN in beta_*: layer 9, bs_iter=38, k=4401, beta_mu=6.1862793246408765e+153, beta_phi=nan
NaN in beta_*: layer 9, bs_iter=38, k=4403, beta_mu=6.1303954769732376e+153, beta_phi=nan
NaN in beta_*: layer 9, bs_iter=38, k=4404, beta_mu=6.153306500527909e+153, beta_phi=nan
NaN in beta_*: layer 9, bs_iter=38, k=4405, beta_mu=1.3474353965983122e+152, beta_phi=nan
NaN in beta_*: layer 9, bs_iter=38, k=4406, beta_mu=2.502441669951044e+152, beta_phi=nan
NaN in beta_*: layer 9, bs_iter=38, k=4407, beta_mu=5.190299369490661e+152, beta_phi=nan
NaN in beta_*: layer 9, bs_iter=38, k=4408, beta_mu=1.1458332802520099e+153, beta_phi=nan
NaN in beta_*: layer 9, bs_iter=38, k=4410, beta_mu=7.130938468608734e+152, beta_phi=nan
NaN in beta_*: layer 9, bs_iter=38, k=4412, beta_mu=1.4290637270857541e+153, beta_phi=nan
NaN in beta_*: layer 9, bs_iter=38, k=4413, beta_mu=5.967894228574303e+152, beta_phi=nan
NaN in beta_*: layer 9, bs_iter=38, k=4414, beta_mu=4.551338042366288e+152, beta_phi=nan
NaN in beta_*: layer 9, bs_iter=38, k=4415, beta_mu=1.1231580938284762e+153, beta_phi=nan
NaN in beta_*: layer 9, bs_iter=38, k=4416, beta_mu=8.352521739383093e+152, beta_phi=nan
NaN in beta_*: layer 9, bs_iter=38, k=4418, beta_mu=1.5991100781761308e+152, beta_phi=nan
NaN in beta_*: layer 9, bs_iter=38, k=4419, beta_mu=8.760219982967046e+152, beta_phi=nan
NaN in beta_*: layer 9, bs_iter=38, k=4420, beta_mu=4.37406028714635e+153, beta_phi=nan
NaN in beta_*: layer 9, bs_iter=38, k=4421, beta_mu=1.4241357341599367e+153, beta_phi=nan
NaN in beta_*: layer 9, bs_iter=38, k=4422, beta_mu=5.770734444523103e+152, beta_phi=nan
NaN in beta_*: layer 9, bs_iter=38, k=4424, beta_mu=4.640507234843055e+152, beta_phi=nan
NaN in beta_*: layer 9, bs_iter=38, k=4425, beta_mu=8.324966782798967e+152, beta_phi=nan
NaN in beta_*: layer 9, bs_iter=38, k=4426, beta_mu=1.2158560827350145e+153, beta_phi=nan
NaN in beta_*: layer 9, bs_iter=38, k=4428, beta_mu=6.611323242874928e+152, beta_phi=nan
NaN in beta_*: layer 9, bs_iter=38, k=4431, beta_mu=3.643388651001998e+152, beta_phi=nan
NaN in beta_*: layer 9, bs_iter=38, k=4432, beta_mu=1.1822355560890813e+153, beta_phi=nan
NaN in beta_*: layer 9, bs_iter=38, k=4433, beta_mu=3.808550581052332e+153, beta_phi=nan
NaN in beta_*: layer 9, bs_iter=38, k=4434, beta_mu=5.465813022017805e+153, beta_phi=nan
NaN in beta_*: layer 9, bs_iter=38, k=4435, beta_mu=4.674093280180669e+153, beta_phi=nan
NaN in beta_*: layer 9, bs_iter=38, k=4436, beta_mu=5.3927428642255535e+153, beta_phi=nan
NaN in beta_*: layer 9, bs_iter=38, k=4437, beta_mu=2.4929306530516754e+153, beta_phi=nan
NaN in beta_*: layer 9, bs_iter=38, k=4438, beta_mu=3.237938783422484e+152, beta_phi=nan
NaN in beta_*: layer 9, bs_iter=38, k=4439, beta_mu=2.779009335720961e+152, beta_phi=nan
NaN in beta_*: layer 9, bs_iter=38, k=4441, beta_mu=5.019373227199719e+152, beta_phi=nan
NaN in beta_*: layer 9, bs_iter=38, k=4442, beta_mu=3.003856396084837e+152, beta_phi=nan
NaN in beta_*: layer 9, bs_iter=38, k=4443, beta_mu=2.7191305359069603e+152, beta_phi=nan
NaN in beta_*: layer 9, bs_iter=38, k=4444, beta_mu=4.3619881649775304e+153, beta_phi=nan
NaN in beta_*: layer 9, bs_iter=38, k=4446, beta_mu=7.427074936250303e+153, beta_phi=nan
NaN in beta_*: layer 9, bs_iter=38, k=4447, beta_mu=3.835489416694696e+152, beta_phi=nan
NaN in beta_*: layer 9, bs_iter=38, k=4448, beta_mu=2.8004297636488887e+152, beta_phi=nan
NaN in beta_*: layer 9, bs_iter=38, k=4449, beta_mu=8.271620847692336e+152, beta_phi=nan
NaN in beta_*: layer 9, bs_iter=38, k=4450, beta_mu=6.755598609249119e+153, beta_phi=nan
NaN in beta_*: layer 9, bs_iter=38, k=4451, beta_mu=5.690971045423493e+153, beta_phi=nan
NaN in beta_*: layer 9, bs_iter=38, k=4452, beta_mu=2.5379870957121677e+153, beta_phi=nan
NaN in beta_*: layer 9, bs_iter=38, k=4454, beta_mu=3.0641321536491653e+153, beta_phi=nan
NaN in beta_*: layer 9, bs_iter=38, k=4455, beta_mu=3.680255059742111e+153, beta_phi=nan
NaN in beta_*: layer 9, bs_iter=38, k=4456, beta_mu=5.309399962715697e+153, beta_phi=nan
NaN in beta_*: layer 9, bs_iter=38, k=4457, beta_mu=3.3734579471806475e+153, beta_phi=nan
NaN in beta_*: layer 9, bs_iter=38, k=4458, beta_mu=3.695604427042472e+153, beta_phi=nan
NaN in beta_*: layer 9, bs_iter=38, k=4459, beta_mu=1.4390935312857516e+153, beta_phi=nan
NaN in beta_*: layer 9, bs_iter=38, k=4460, beta_mu=2.576393070379982e+153, beta_phi=nan
NaN in beta_*: layer 9, bs_iter=38, k=4462, beta_mu=2.0743252602905692e+153, beta_phi=nan
NaN in beta_*: layer 9, bs_iter=38, k=4463, beta_mu=1.977677951602122e+153, beta_phi=nan
NaN in beta_*: layer 9, bs_iter=38, k=4464, beta_mu=5.242940214641114e+152, beta_phi=nan
NaN in beta_*: layer 9, bs_iter=38, k=4465, beta_mu=1.84850009408271e+153, beta_phi=nan
NaN in beta_*: layer 9, bs_iter=38, k=4466, beta_mu=2.623475555140774e+152, beta_phi=nan
NaN in beta_*: layer 9, bs_iter=38, k=4469, beta_mu=3.1877597646762526e+153, beta_phi=nan
NaN in beta_*: layer 9, bs_iter=38, k=4470, beta_mu=5.969117393883317e+152, beta_phi=nan
NaN in beta_*: layer 9, bs_iter=38, k=4474, beta_mu=3.475117996107086e+153, beta_phi=nan
NaN in beta_*: layer 9, bs_iter=38, k=4476, beta_mu=1.703150301944083e+153, beta_phi=nan
NaN in beta_*: layer 9, bs_iter=38, k=4477, beta_mu=3.741729122800389e+153, beta_phi=nan
NaN in beta_*: layer 9, bs_iter=38, k=4478, beta_mu=4.310049168818274e+152, beta_phi=nan
NaN in beta_*: layer 9, bs_iter=38, k=4479, beta_mu=4.503005434868476e+152, beta_phi=nan
NaN in beta_*: layer 9, bs_iter=38, k=4480, beta_mu=4.393195838696908e+152, beta_phi=nan
NaN in beta_*: layer 9, bs_iter=38, k=4481, beta_mu=4.393191689015854e+152, beta_phi=nan
NaN in beta_*: layer 9, bs_iter=38, k=4482, beta_mu=4.436885341169871e+152, beta_phi=nan
NaN in beta_*: layer 9, bs_iter=38, k=4483, beta_mu=7.633189034597148e+152, beta_phi=nan
NaN in beta_*: layer 9, bs_iter=38, k=4484, beta_mu=1.8678086214137652e+153, beta_phi=nan
NaN in beta_*: layer 9, bs_iter=38, k=4485, beta_mu=5.506016832147408e+152, beta_phi=nan
NaN in beta_*: layer 9, bs_iter=38, k=4486, beta_mu=2.935647219593516e+153, beta_phi=nan
NaN in beta_*: layer 9, bs_iter=38, k=4487, beta_mu=5.131445448618722e+152, beta_phi=nan
NaN in beta_*: layer 9, bs_iter=38, k=4488, beta_mu=4.393191952754665e+152, beta_phi=nan
NaN in beta_*: layer 9, bs_iter=38, k=4489, beta_mu=4.393188836034835e+152, beta_phi=nan
NaN in beta_*: layer 9, bs_iter=38, k=4490, beta_mu=4.151824443810901e+152, beta_phi=nan
NaN in beta_*: layer 9, bs_iter=38, k=4491, beta_mu=2.0423272086917722e+153, beta_phi=nan
NaN in beta_*: layer 9, bs_iter=38, k=4492, beta_mu=3.9156713846996465e+152, beta_phi=nan
NaN in beta_*: layer 9, bs_iter=38, k=4493, beta_mu=2.00890412852681e+153, beta_phi=nan
NaN in beta_*: layer 9, bs_iter=38, k=4494, beta_mu=2.01176711020036e+153, beta_phi=nan
NaN in beta_*: layer 9, bs_iter=38, k=4495, beta_mu=3.915668714357708e+152, beta_phi=nan
NaN in beta_*: layer 9, bs_iter=38, k=4498, beta_mu=1.9378068501002108e+153, beta_phi=nan
NaN in beta_*: layer 9, bs_iter=38, k=4499, beta_mu=4.276500007108363e+153, beta_phi=nan
NaN in beta_*: layer 9, bs_iter=38, k=4501, beta_mu=1.910284709650735e+153, beta_phi=nan
NaN in beta_*: layer 9, bs_iter=38, k=4503, beta_mu=1.5993862165947587e+153, beta_phi=nan
NaN in beta_*: layer 9, bs_iter=38, k=4509, beta_mu=3.9156666584621523e+152, beta_phi=nan
NaN in beta_*: layer 9, bs_iter=38, k=4510, beta_mu=1.9800875523065462e+153, beta_phi=nan
NaN in beta_*: layer 9, bs_iter=38, k=4511, beta_mu=3.915667372968526e+152, beta_phi=nan
NaN in beta_*: layer 9, bs_iter=38, k=4512, beta_mu=1.799062864025566e+153, beta_phi=nan
NaN in beta_*: layer 9, bs_iter=38, k=4513, beta_mu=2.948372130913292e+152, beta_phi=nan
NaN in beta_*: layer 9, bs_iter=38, k=4514, beta_mu=5.682146939405331e+152, beta_phi=nan
NaN in beta_*: layer 9, bs_iter=38, k=4516, beta_mu=5.131421286031058e+152, beta_phi=nan
NaN in beta_*: layer 9, bs_iter=38, k=4517, beta_mu=2.3304283297761687e+152, beta_phi=nan
NaN in beta_*: layer 9, bs_iter=38, k=4518, beta_mu=3.5527725652388137e+152, beta_phi=nan
NaN in beta_*: layer 9, bs_iter=38, k=4519, beta_mu=2.5790444914014882e+152, beta_phi=nan
NaN in beta_*: layer 9, bs_iter=38, k=4520, beta_mu=2.0344495756272177e+152, beta_phi=nan
NaN in beta_*: layer 9, bs_iter=38, k=4522, beta_mu=5.642515941650086e+152, beta_phi=nan
NaN in beta_*: layer 9, bs_iter=38, k=4523, beta_mu=2.902723749470652e+153, beta_phi=nan
NaN in beta_*: layer 9, bs_iter=38, k=4524, beta_mu=2.879630370022924e+153, beta_phi=nan
NaN in beta_*: layer 9, bs_iter=38, k=4526, beta_mu=1.955553348681076e+152, beta_phi=nan
NaN in beta_*: layer 9, bs_iter=38, k=4527, beta_mu=3.7783292077963544e+152, beta_phi=nan
NaN in beta_*: layer 9, bs_iter=38, k=4528, beta_mu=7.155435000414298e+152, beta_phi=nan
NaN in beta_*: layer 9, bs_iter=38, k=4529, beta_mu=3.715063755566768e+152, beta_phi=nan
NaN in beta_*: layer 9, bs_iter=38, k=4531, beta_mu=2.1438944151756663e+153, beta_phi=nan
NaN in beta_*: layer 9, bs_iter=38, k=4532, beta_mu=2.820190913357893e+153, beta_phi=nan
NaN in beta_*: layer 9, bs_iter=38, k=4533, beta_mu=5.590307995306852e+152, beta_phi=nan
NaN in beta_*: layer 9, bs_iter=38, k=4534, beta_mu=2.251689036017027e+152, beta_phi=nan
NaN in beta_*: layer 9, bs_iter=38, k=4535, beta_mu=8.151129798284534e+152, beta_phi=nan
NaN in beta_*: layer 9, bs_iter=38, k=4536, beta_mu=1.7993862085871154e+153, beta_phi=nan
NaN in beta_*: layer 9, bs_iter=38, k=4537, beta_mu=4.140767882394754e+152, beta_phi=nan
NaN in beta_*: layer 9, bs_iter=38, k=4538, beta_mu=1.0480934026594338e+153, beta_phi=nan
NaN in beta_*: layer 9, bs_iter=38, k=4539, beta_mu=5.067485152800675e+152, beta_phi=nan
NaN in beta_*: layer 9, bs_iter=38, k=4541, beta_mu=2.2938488974707876e+153, beta_phi=nan
NaN in beta_*: layer 9, bs_iter=38, k=4543, beta_mu=1.7994262009122622e+153, beta_phi=nan
NaN in beta_*: layer 9, bs_iter=38, k=4544, beta_mu=3.0774416479422963e+152, beta_phi=nan
NaN in beta_*: layer 9, bs_iter=38, k=4545, beta_mu=4.2056093201683555e+152, beta_phi=nan
NaN in beta_*: layer 9, bs_iter=38, k=4546, beta_mu=3.2513518817164895e+152, beta_phi=nan
NaN in beta_*: layer 9, bs_iter=38, k=4547, beta_mu=3.2513582587269615e+152, beta_phi=nan
NaN in beta_*: layer 9, bs_iter=38, k=4548, beta_mu=4.9831019789390355e+153, beta_phi=nan
NaN in beta_*: layer 9, bs_iter=38, k=4549, beta_mu=4.391443037302314e+153, beta_phi=nan
NaN in beta_*: layer 9, bs_iter=38, k=4550, beta_mu=2.3759416981128687e+153, beta_phi=nan
NaN in beta_*: layer 9, bs_iter=38, k=4552, beta_mu=2.989489146016342e+153, beta_phi=nan
NaN in beta_*: layer 9, bs_iter=38, k=4553, beta_mu=3.2513540800543986e+152, beta_phi=nan
NaN in beta_*: layer 9, bs_iter=38, k=4554, beta_mu=3.251354661503756e+152, beta_phi=nan
NaN in beta_*: layer 9, bs_iter=38, k=4555, beta_mu=3.0762425231847123e+152, beta_phi=nan
NaN in beta_*: layer 9, bs_iter=38, k=4556, beta_mu=9.350045300576417e+152, beta_phi=nan
NaN in beta_*: layer 9, bs_iter=38, k=4557, beta_mu=3.755268551238265e+152, beta_phi=nan
NaN in beta_*: layer 9, bs_iter=38, k=4558, beta_mu=3.2513583525340265e+152, beta_phi=nan
NaN in beta_*: layer 9, bs_iter=38, k=4559, beta_mu=6.000991464593146e+152, beta_phi=nan
NaN in beta_*: layer 9, bs_iter=38, k=4560, beta_mu=1.0282424206496441e+153, beta_phi=nan
NaN in beta_*: layer 9, bs_iter=38, k=4561, beta_mu=3.69501720402297e+152, beta_phi=nan
NaN in beta_*: layer 9, bs_iter=38, k=4562, beta_mu=3.251356309295473e+152, beta_phi=nan
NaN in beta_*: layer 9, bs_iter=38, k=4563, beta_mu=8.691550546765166e+152, beta_phi=nan
NaN in beta_*: layer 9, bs_iter=38, k=4564, beta_mu=1.8232568824369353e+152, beta_phi=nan
NaN in beta_*: layer 9, bs_iter=38, k=4565, beta_mu=3.2779411743499226e+152, beta_phi=nan
NaN in beta_*: layer 9, bs_iter=38, k=4566, beta_mu=1.3094458411681779e+153, beta_phi=nan
NaN in beta_*: layer 9, bs_iter=38, k=4567, beta_mu=3.280814510680748e+152, beta_phi=nan
NaN in beta_*: layer 9, bs_iter=38, k=4569, beta_mu=7.150083981694721e+152, beta_phi=nan
NaN in beta_*: layer 9, bs_iter=38, k=4570, beta_mu=9.407425338600166e+152, beta_phi=nan
NaN in beta_*: layer 9, bs_iter=38, k=4572, beta_mu=2.9940450889565223e+152, beta_phi=nan
NaN in beta_*: layer 9, bs_iter=38, k=4573, beta_mu=2.718784252590331e+153, beta_phi=nan
NaN in beta_*: layer 9, bs_iter=38, k=4574, beta_mu=2.9940453634680627e+152, beta_phi=nan
NaN in beta_*: layer 9, bs_iter=38, k=4575, beta_mu=2.2819617907648397e+153, beta_phi=nan
NaN in beta_*: layer 9, bs_iter=38, k=4576, beta_mu=3.3436062543890847e+153, beta_phi=nan
NaN in beta_*: layer 9, bs_iter=38, k=4577, beta_mu=7.653500901493129e+152, beta_phi=nan
NaN in beta_*: layer 9, bs_iter=38, k=4578, beta_mu=2.9940450889565223e+152, beta_phi=nan
NaN in beta_*: layer 9, bs_iter=38, k=4579, beta_mu=2.994045763265529e+152, beta_phi=nan
NaN in beta_*: layer 9, bs_iter=38, k=4580, beta_mu=3.321476632398716e+153, beta_phi=nan
NaN in beta_*: layer 9, bs_iter=38, k=4581, beta_mu=2.9940456315956877e+152, beta_phi=nan
NaN in beta_*: layer 9, bs_iter=38, k=4582, beta_mu=2.994044328491139e+152, beta_phi=nan
NaN in beta_*: layer 9, bs_iter=38, k=4583, beta_mu=2.9940449009011084e+152, beta_phi=nan
NaN in beta_*: layer 9, bs_iter=38, k=4584, beta_mu=3.0759370141683055e+152, beta_phi=nan
NaN in beta_*: layer 9, bs_iter=38, k=4585, beta_mu=2.9940456976301055e+152, beta_phi=nan
NaN in beta_*: layer 9, bs_iter=38, k=4586, beta_mu=2.209003943541695e+153, beta_phi=nan
NaN in beta_*: layer 9, bs_iter=38, k=4588, beta_mu=1.0603224550316894e+153, beta_phi=nan
NaN in beta_*: layer 9, bs_iter=38, k=4589, beta_mu=1.0377636427873901e+153, beta_phi=nan
NaN in beta_*: layer 9, bs_iter=38, k=4590, beta_mu=2.9940450889565223e+152, beta_phi=nan
NaN in beta_*: layer 9, bs_iter=38, k=4591, beta_mu=2.1430730298089583e+152, beta_phi=nan
NaN in beta_*: layer 9, bs_iter=38, k=4592, beta_mu=2.9940456976301055e+152, beta_phi=nan
NaN in beta_*: layer 9, bs_iter=38, k=4593, beta_mu=4.101631937144696e+152, beta_phi=nan
NaN in beta_*: layer 9, bs_iter=38, k=4594, beta_mu=2.9940315261966307e+152, beta_phi=nan
NaN in beta_*: layer 9, bs_iter=38, k=4595, beta_mu=3.1744033208871187e+152, beta_phi=nan
NaN in beta_*: layer 9, bs_iter=38, k=4596, beta_mu=3.0835314922744132e+152, beta_phi=nan
NaN in beta_*: layer 9, bs_iter=38, k=4597, beta_mu=1.4128554876786072e+153, beta_phi=nan
NaN in beta_*: layer 9, bs_iter=38, k=4599, beta_mu=2.425986950339351e+152, beta_phi=nan
NaN in beta_*: layer 9, bs_iter=38, k=4600, beta_mu=1.124015879165094e+153, beta_phi=nan
NaN in beta_*: layer 9, bs_iter=38, k=4602, beta_mu=2.3565798612429326e+153, beta_phi=nan
NaN in beta_*: layer 9, bs_iter=38, k=4603, beta_mu=7.383077748315135e+152, beta_phi=nan
NaN in beta_*: layer 9, bs_iter=38, k=4604, beta_mu=1.400202258265181e+152, beta_phi=nan
NaN in beta_*: layer 9, bs_iter=38, k=4605, beta_mu=2.6074093449463936e+152, beta_phi=nan
NaN in beta_*: layer 9, bs_iter=38, k=4606, beta_mu=2.994046624922797e+152, beta_phi=nan
NaN in beta_*: layer 9, bs_iter=38, k=4607, beta_mu=3.174413592454452e+152, beta_phi=nan
NaN in beta_*: layer 9, bs_iter=38, k=4608, beta_mu=2.2037065247592643e+153, beta_phi=nan
NaN in beta_*: layer 9, bs_iter=38, k=4609, beta_mu=4.673436551339657e+153, beta_phi=nan
NaN in beta_*: layer 9, bs_iter=38, k=4610, beta_mu=1.4546861405129636e+153, beta_phi=nan
NaN in beta_*: layer 9, bs_iter=38, k=4613, beta_mu=1.902409511674529e+152, beta_phi=nan
NaN in beta_*: layer 9, bs_iter=38, k=4614, beta_mu=4.336742137292602e+152, beta_phi=nan
NaN in beta_*: layer 9, bs_iter=38, k=4615, beta_mu=6.441984386133401e+152, beta_phi=nan
NaN in beta_*: layer 9, bs_iter=38, k=4616, beta_mu=2.7052895356231436e+152, beta_phi=nan
NaN in beta_*: layer 9, bs_iter=38, k=4618, beta_mu=2.2927525230216542e+153, beta_phi=nan
NaN in beta_*: layer 9, bs_iter=38, k=4619, beta_mu=2.825320277649342e+152, beta_phi=nan
NaN in beta_*: layer 9, bs_iter=38, k=4620, beta_mu=1.5890620535775408e+152, beta_phi=nan
NaN in beta_*: layer 9, bs_iter=38, k=4621, beta_mu=1.8950672891614364e+152, beta_phi=nan
NaN in beta_*: layer 9, bs_iter=38, k=4622, beta_mu=8.91154823599898e+151, beta_phi=nan
NaN in beta_*: layer 9, bs_iter=38, k=4623, beta_mu=1.3286354162897553e+152, beta_phi=nan
NaN in beta_*: layer 9, bs_iter=38, k=4625, beta_mu=2.362325847012871e+153, beta_phi=nan
NaN in beta_*: layer 9, bs_iter=38, k=4626, beta_mu=3.0094848482968945e+152, beta_phi=nan
NaN in beta_*: layer 9, bs_iter=38, k=4628, beta_mu=1.9142387470792533e+152, beta_phi=nan
NaN in beta_*: layer 9, bs_iter=38, k=4629, beta_mu=4.019585104656484e+152, beta_phi=nan
NaN in beta_*: layer 9, bs_iter=38, k=4630, beta_mu=2.3252705359011476e+153, beta_phi=nan
NaN in beta_*: layer 9, bs_iter=38, k=4631, beta_mu=2.2678290843533734e+152, beta_phi=nan
NaN in beta_*: layer 9, bs_iter=38, k=4632, beta_mu=1.3761234559157707e+152, beta_phi=nan
NaN in beta_*: layer 9, bs_iter=38, k=4633, beta_mu=1.4501263941907604e+152, beta_phi=nan
NaN in beta_*: layer 9, bs_iter=38, k=4634, beta_mu=2.848463834405694e+152, beta_phi=nan
NaN in beta_*: layer 9, bs_iter=38, k=4635, beta_mu=1.4501251899946025e+152, beta_phi=nan
NaN in beta_*: layer 9, bs_iter=38, k=4636, beta_mu=2.9302769798922124e+153, beta_phi=nan
NaN in beta_*: layer 9, bs_iter=38, k=4637, beta_mu=1.9714934750278997e+152, beta_phi=nan
NaN in beta_*: layer 9, bs_iter=38, k=4638, beta_mu=2.793853873081562e+152, beta_phi=nan
NaN in beta_*: layer 9, bs_iter=38, k=4639, beta_mu=2.8253226349888585e+152, beta_phi=nan
NaN in beta_*: layer 9, bs_iter=38, k=4640, beta_mu=1.607937377553272e+152, beta_phi=nan
NaN in beta_*: layer 9, bs_iter=38, k=4641, beta_mu=1.6231040310039682e+152, beta_phi=nan
NaN in beta_*: layer 9, bs_iter=38, k=4644, beta_mu=2.6595818205166654e+152, beta_phi=nan
NaN in beta_*: layer 9, bs_iter=38, k=4645, beta_mu=2.826079745800716e+153, beta_phi=nan
NaN in beta_*: layer 9, bs_iter=38, k=4647, beta_mu=2.7583297436311984e+152, beta_phi=nan
NaN in beta_*: layer 9, bs_iter=38, k=4651, beta_mu=7.825672811439832e+152, beta_phi=nan
NaN in beta_*: layer 9, bs_iter=38, k=4653, beta_mu=1.7024102065824657e+152, beta_phi=nan
NaN in beta_*: layer 9, bs_iter=38, k=4657, beta_mu=2.2838944221437853e+152, beta_phi=nan
NaN in beta_*: layer 9, bs_iter=38, k=4659, beta_mu=4.799506003913559e+152, beta_phi=nan
NaN in beta_*: layer 9, bs_iter=38, k=4660, beta_mu=4.809559922164166e+152, beta_phi=nan
NaN in beta_*: layer 9, bs_iter=38, k=4662, beta_mu=3.1224860318746826e+153, beta_phi=nan
NaN in beta_*: layer 9, bs_iter=38, k=4664, beta_mu=1.1813349059847937e+153, beta_phi=nan
NaN in beta_*: layer 9, bs_iter=38, k=4667, beta_mu=3.0164095432033513e+152, beta_phi=nan
NaN in beta_*: layer 9, bs_iter=38, k=4668, beta_mu=2.981399371283739e+152, beta_phi=nan
NaN in beta_*: layer 9, bs_iter=38, k=4669, beta_mu=2.9813969952571126e+152, beta_phi=nan
NaN in beta_*: layer 9, bs_iter=38, k=4670, beta_mu=1.448901440243776e+152, beta_phi=nan
NaN in beta_*: layer 9, bs_iter=38, k=4671, beta_mu=2.981394823741246e+152, beta_phi=nan
NaN in beta_*: layer 9, bs_iter=38, k=4672, beta_mu=1.4378447998029824e+152, beta_phi=nan
NaN in beta_*: layer 9, bs_iter=38, k=4673, beta_mu=1.4054928807251793e+152, beta_phi=nan
NaN in beta_*: layer 9, bs_iter=38, k=4674, beta_mu=1.4054926095153346e+152, beta_phi=nan
NaN in beta_*: layer 9, bs_iter=38, k=4675, beta_mu=1.4517970448356916e+152, beta_phi=nan
NaN in beta_*: layer 9, bs_iter=38, k=4677, beta_mu=3.0164041407193714e+152, beta_phi=nan
NaN in beta_*: layer 9, bs_iter=38, k=4678, beta_mu=2.390948387270073e+153, beta_phi=nan
NaN in beta_*: layer 9, bs_iter=38, k=4679, beta_mu=3.0164045575066104e+152, beta_phi=nan
NaN in beta_*: layer 9, bs_iter=38, k=4680, beta_mu=2.3909479987328498e+153, beta_phi=nan
NaN in beta_*: layer 9, bs_iter=38, k=4681, beta_mu=3.01641078026445e+152, beta_phi=nan
NaN in beta_*: layer 9, bs_iter=38, k=4682, beta_mu=3.106401096440533e+152, beta_phi=nan
NaN in beta_*: layer 9, bs_iter=38, k=4683, beta_mu=3.10640166499845e+152, beta_phi=nan
NaN in beta_*: layer 9, bs_iter=38, k=4684, beta_mu=3.1063988268121883e+152, beta_phi=nan
NaN in beta_*: layer 9, bs_iter=38, k=4685, beta_mu=8.929612068223225e+152, beta_phi=nan
NaN in beta_*: layer 9, bs_iter=38, k=4686, beta_mu=1.3899079779963823e+152, beta_phi=nan
NaN in beta_*: layer 9, bs_iter=38, k=4687, beta_mu=2.9524492515402736e+152, beta_phi=nan
NaN in beta_*: layer 9, bs_iter=38, k=4688, beta_mu=2.353398650449387e+153, beta_phi=nan
NaN in beta_*: layer 9, bs_iter=38, k=4690, beta_mu=2.960150751357055e+152, beta_phi=nan
NaN in beta_*: layer 9, bs_iter=38, k=4691, beta_mu=2.0352877022644646e+152, beta_phi=nan
NaN in beta_*: layer 9, bs_iter=38, k=4692, beta_mu=2.6118980068581714e+153, beta_phi=nan
NaN in beta_*: layer 9, bs_iter=38, k=4693, beta_mu=9.98996842910365e+151, beta_phi=nan
NaN in beta_*: layer 9, bs_iter=38, k=4694, beta_mu=2.39094691974978e+153, beta_phi=nan
NaN in beta_*: layer 9, bs_iter=38, k=4695, beta_mu=2.3939819239829187e+153, beta_phi=nan
NaN in beta_*: layer 9, bs_iter=38, k=4696, beta_mu=7.59545369077636e+152, beta_phi=nan
NaN in beta_*: layer 9, bs_iter=38, k=4697, beta_mu=7.772274383129192e+152, beta_phi=nan
NaN in beta_*: layer 9, bs_iter=38, k=4698, beta_mu=2.3909458759901783e+153, beta_phi=nan
NaN in beta_*: layer 9, bs_iter=38, k=4699, beta_mu=3.21892189691759e+153, beta_phi=nan
NaN in beta_*: layer 9, bs_iter=38, k=4700, beta_mu=1.542212882747901e+153, beta_phi=nan
NaN in beta_*: layer 9, bs_iter=38, k=4702, beta_mu=2.4315404687220742e+153, beta_phi=nan
NaN in beta_*: layer 9, bs_iter=38, k=4703, beta_mu=2.2838945978579936e+152, beta_phi=nan
NaN in beta_*: layer 9, bs_iter=38, k=4705, beta_mu=2.390945907707964e+153, beta_phi=nan
NaN in beta_*: layer 9, bs_iter=38, k=4706, beta_mu=2.390945950781745e+153, beta_phi=nan
NaN in beta_*: layer 9, bs_iter=38, k=4708, beta_mu=5.971401693459824e+152, beta_phi=nan
NaN in beta_*: layer 9, bs_iter=38, k=4709, beta_mu=5.155433575044509e+153, beta_phi=nan
NaN in beta_*: layer 9, bs_iter=38, k=4710, beta_mu=2.220496298466651e+152, beta_phi=nan
NaN in beta_*: layer 9, bs_iter=38, k=4711, beta_mu=1.926521659468838e+152, beta_phi=nan
NaN in beta_*: layer 9, bs_iter=38, k=4712, beta_mu=2.204268660337168e+152, beta_phi=nan
NaN in beta_*: layer 9, bs_iter=38, k=4714, beta_mu=1.9753125807068519e+152, beta_phi=nan
NaN in beta_*: layer 9, bs_iter=38, k=4715, beta_mu=2.283894018579963e+152, beta_phi=nan
NaN in beta_*: layer 9, bs_iter=38, k=4716, beta_mu=2.4295201589097e+153, beta_phi=nan
NaN in beta_*: layer 9, bs_iter=38, k=4717, beta_mu=2.4295194918354505e+153, beta_phi=nan
NaN in beta_*: layer 9, bs_iter=38, k=4718, beta_mu=7.237252072878766e+152, beta_phi=nan
NaN in beta_*: layer 9, bs_iter=38, k=4719, beta_mu=1.9588817319602326e+152, beta_phi=nan
NaN in beta_*: layer 9, bs_iter=38, k=4720, beta_mu=2.3932985965587445e+153, beta_phi=nan
NaN in beta_*: layer 9, bs_iter=38, k=4721, beta_mu=2.943420542689601e+153, beta_phi=nan
NaN in beta_*: layer 9, bs_iter=38, k=4722, beta_mu=2.4295282646469546e+153, beta_phi=nan
NaN in beta_*: layer 9, bs_iter=38, k=4723, beta_mu=1.913280496335783e+152, beta_phi=nan
NaN in beta_*: layer 9, bs_iter=38, k=4724, beta_mu=1.9588816141258643e+152, beta_phi=nan
NaN in beta_*: layer 9, bs_iter=38, k=4725, beta_mu=1.9269061474153751e+152, beta_phi=nan
NaN in beta_*: layer 9, bs_iter=38, k=4726, beta_mu=2.1391771670015757e+152, beta_phi=nan
NaN in beta_*: layer 9, bs_iter=38, k=4727, beta_mu=6.449717453233133e+152, beta_phi=nan
NaN in beta_*: layer 9, bs_iter=38, k=4728, beta_mu=6.311387139094891e+152, beta_phi=nan
NaN in beta_*: layer 9, bs_iter=38, k=4729, beta_mu=2.139177101995386e+152, beta_phi=nan
NaN in beta_*: layer 9, bs_iter=38, k=4730, beta_mu=2.4295286872230925e+153, beta_phi=nan
NaN in beta_*: layer 9, bs_iter=38, k=4731, beta_mu=2.139177161954036e+152, beta_phi=nan
NaN in beta_*: layer 9, bs_iter=38, k=4732, beta_mu=1.0541571268538898e+153, beta_phi=nan
NaN in beta_*: layer 9, bs_iter=38, k=4733, beta_mu=2.1391770028800786e+152, beta_phi=nan
NaN in beta_*: layer 9, bs_iter=38, k=4734, beta_mu=2.429528614240722e+153, beta_phi=nan
NaN in beta_*: layer 9, bs_iter=38, k=4735, beta_mu=2.4295278846801557e+153, beta_phi=nan
NaN in beta_*: layer 9, bs_iter=38, k=4737, beta_mu=1.977158418036957e+152, beta_phi=nan
NaN in beta_*: layer 9, bs_iter=38, k=4738, beta_mu=1.5422340117995304e+153, beta_phi=nan
NaN in beta_*: layer 9, bs_iter=38, k=4740, beta_mu=2.521900955635302e+153, beta_phi=nan
NaN in beta_*: layer 9, bs_iter=38, k=4742, beta_mu=1.936344248673142e+152, beta_phi=nan
NaN in beta_*: layer 9, bs_iter=38, k=4743, beta_mu=2.491727187465607e+153, beta_phi=nan
NaN in beta_*: layer 9, bs_iter=38, k=4745, beta_mu=8.430934661767619e+152, beta_phi=nan
NaN in beta_*: layer 9, bs_iter=38, k=4746, beta_mu=6.617233344145225e+153, beta_phi=nan
NaN in beta_*: layer 9, bs_iter=38, k=4747, beta_mu=2.1159104409801725e+152, beta_phi=nan
NaN in beta_*: layer 9, bs_iter=38, k=4748, beta_mu=2.1159104857338345e+152, beta_phi=nan
NaN in beta_*: layer 9, bs_iter=38, k=4750, beta_mu=1.2228822633617497e+153, beta_phi=nan
NaN in beta_*: layer 9, bs_iter=38, k=4751, beta_mu=2.115910332204267e+152, beta_phi=nan
NaN in beta_*: layer 9, bs_iter=38, k=4752, beta_mu=2.115909564134887e+152, beta_phi=nan
NaN in beta_*: layer 9, bs_iter=38, k=4753, beta_mu=2.0853558046779874e+152, beta_phi=nan
NaN in beta_*: layer 9, bs_iter=38, k=4754, beta_mu=1.730847041207909e+152, beta_phi=nan
NaN in beta_*: layer 9, bs_iter=38, k=4755, beta_mu=2.0137515261224044e+152, beta_phi=nan
NaN in beta_*: layer 9, bs_iter=38, k=4756, beta_mu=2.1540700764310926e+152, beta_phi=nan
NaN in beta_*: layer 9, bs_iter=38, k=4757, beta_mu=1.7050738662963144e+152, beta_phi=nan
NaN in beta_*: layer 9, bs_iter=38, k=4758, beta_mu=4.2901822712680515e+152, beta_phi=nan
NaN in beta_*: layer 9, bs_iter=38, k=4759, beta_mu=2.3343002438282213e+153, beta_phi=nan
NaN in beta_*: layer 9, bs_iter=38, k=4760, beta_mu=1.9707033450221574e+153, beta_phi=nan
NaN in beta_*: layer 9, bs_iter=38, k=4761, beta_mu=1.9707033036720766e+153, beta_phi=nan
NaN in beta_*: layer 9, bs_iter=38, k=4762, beta_mu=1.9024916912078123e+152, beta_phi=nan
NaN in beta_*: layer 9, bs_iter=38, k=4763, beta_mu=1.6373384297133228e+153, beta_phi=nan
NaN in beta_*: layer 9, bs_iter=38, k=4764, beta_mu=1.9707032520427384e+153, beta_phi=nan
NaN in beta_*: layer 9, bs_iter=38, k=4765, beta_mu=1.9707031720880435e+153, beta_phi=nan
NaN in beta_*: layer 9, bs_iter=38, k=4766, beta_mu=1.970703138221123e+153, beta_phi=nan
NaN in beta_*: layer 9, bs_iter=38, k=4767, beta_mu=1.9706968694945932e+153, beta_phi=nan
NaN in beta_*: layer 9, bs_iter=38, k=4768, beta_mu=3.3545714096717066e+152, beta_phi=nan
NaN in beta_*: layer 9, bs_iter=38, k=4769, beta_mu=2.565676966371607e+152, beta_phi=nan
NaN in beta_*: layer 9, bs_iter=38, k=4770, beta_mu=1.8934963376129745e+153, beta_phi=nan
NaN in beta_*: layer 9, bs_iter=38, k=4772, beta_mu=2.829234403313808e+152, beta_phi=nan
NaN in beta_*: layer 9, bs_iter=38, k=4773, beta_mu=1.9707031958108637e+153, beta_phi=nan
NaN in beta_*: layer 9, bs_iter=38, k=4774, beta_mu=1.97070184538149e+153, beta_phi=nan
NaN in beta_*: layer 9, bs_iter=38, k=4775, beta_mu=3.0928302818778477e+153, beta_phi=nan
NaN in beta_*: layer 9, bs_iter=38, k=4776, beta_mu=1.9706973919373614e+153, beta_phi=nan
NaN in beta_*: layer 9, bs_iter=38, k=4777, beta_mu=3.127935055293818e+153, beta_phi=nan
NaN in beta_*: layer 9, bs_iter=38, k=4778, beta_mu=6.959482716259261e+152, beta_phi=nan
NaN in beta_*: layer 9, bs_iter=38, k=4779, beta_mu=1.9706971843201476e+153, beta_phi=nan
NaN in beta_*: layer 9, bs_iter=38, k=4780, beta_mu=1.942093058299729e+153, beta_phi=nan
NaN in beta_*: layer 9, bs_iter=38, k=4781, beta_mu=2.565676360899306e+152, beta_phi=nan
NaN in beta_*: layer 9, bs_iter=38, k=4782, beta_mu=1.9707032925219543e+153, beta_phi=nan
NaN in beta_*: layer 9, bs_iter=38, k=4783, beta_mu=1.9707033579458354e+153, beta_phi=nan
NaN in beta_*: layer 9, bs_iter=38, k=4784, beta_mu=1.9722636945760425e+153, beta_phi=nan
NaN in beta_*: layer 9, bs_iter=38, k=4785, beta_mu=1.970702508476603e+153, beta_phi=nan
NaN in beta_*: layer 9, bs_iter=38, k=4786, beta_mu=1.9722615807224372e+153, beta_phi=nan
NaN in beta_*: layer 9, bs_iter=38, k=4787, beta_mu=2.127210000528013e+153, beta_phi=nan
NaN in beta_*: layer 9, bs_iter=38, k=4788, beta_mu=1.9727701830521265e+152, beta_phi=nan
NaN in beta_*: layer 9, bs_iter=38, k=4789, beta_mu=1.970702911825944e+153, beta_phi=nan
NaN in beta_*: layer 9, bs_iter=38, k=4790, beta_mu=1.8934958521314287e+153, beta_phi=nan
NaN in beta_*: layer 9, bs_iter=38, k=4792, beta_mu=1.970703130319358e+153, beta_phi=nan
NaN in beta_*: layer 9, bs_iter=38, k=4793, beta_mu=2.0953071150085953e+152, beta_phi=nan
NaN in beta_*: layer 9, bs_iter=38, k=4794, beta_mu=1.9706990561398494e+153, beta_phi=nan
NaN in beta_*: layer 9, bs_iter=38, k=4795, beta_mu=2.539106567256665e+152, beta_phi=nan
NaN in beta_*: layer 9, bs_iter=38, k=4796, beta_mu=1.9706978675998515e+153, beta_phi=nan
NaN in beta_*: layer 9, bs_iter=38, k=4797, beta_mu=1.9933211063390574e+152, beta_phi=nan
NaN in beta_*: layer 9, bs_iter=38, k=4798, beta_mu=1.970702920261711e+153, beta_phi=nan
NaN in beta_*: layer 9, bs_iter=38, k=4799, beta_mu=2.281338288134939e+152, beta_phi=nan
NaN in beta_*: layer 9, bs_iter=38, k=4800, beta_mu=1.971328546567163e+153, beta_phi=nan
NaN in beta_*: layer 9, bs_iter=38, k=4801, beta_mu=3.7101943700484906e+152, beta_phi=nan
NaN in beta_*: layer 9, bs_iter=38, k=4802, beta_mu=1.9727673637868086e+152, beta_phi=nan
NaN in beta_*: layer 9, bs_iter=38, k=4803, beta_mu=1.9707032180959387e+153, beta_phi=nan
NaN in beta_*: layer 9, bs_iter=38, k=4804, beta_mu=2.0927111230219714e+153, beta_phi=nan
NaN in beta_*: layer 9, bs_iter=38, k=4805, beta_mu=1.970703155474082e+153, beta_phi=nan
NaN in beta_*: layer 9, bs_iter=38, k=4806, beta_mu=1.970703293192627e+153, beta_phi=nan
NaN in beta_*: layer 9, bs_iter=38, k=4807, beta_mu=1.9707033220607657e+153, beta_phi=nan
NaN in beta_*: layer 9, bs_iter=38, k=4808, beta_mu=3.710193565179996e+152, beta_phi=nan
NaN in beta_*: layer 9, bs_iter=38, k=4809, beta_mu=1.0215242947425725e+153, beta_phi=nan
NaN in beta_*: layer 9, bs_iter=38, k=4810, beta_mu=2.281329612715814e+152, beta_phi=nan
NaN in beta_*: layer 9, bs_iter=38, k=4811, beta_mu=1.970703196519358e+153, beta_phi=nan
NaN in beta_*: layer 9, bs_iter=38, k=4812, beta_mu=1.9707030539347518e+153, beta_phi=nan
NaN in beta_*: layer 9, bs_iter=38, k=4813, beta_mu=1.798918108657176e+153, beta_phi=nan
NaN in beta_*: layer 9, bs_iter=38, k=4814, beta_mu=5.335678321437336e+152, beta_phi=nan
NaN in beta_*: layer 9, bs_iter=38, k=4815, beta_mu=1.97383028242405e+153, beta_phi=nan
NaN in beta_*: layer 9, bs_iter=38, k=4816, beta_mu=1.9738302322056374e+153, beta_phi=nan
NaN in beta_*: layer 9, bs_iter=38, k=4817, beta_mu=1.975393123589358e+153, beta_phi=nan
NaN in beta_*: layer 9, bs_iter=38, k=4818, beta_mu=1.9719512198188204e+153, beta_phi=nan
NaN in beta_*: layer 9, bs_iter=38, k=4819, beta_mu=1.9719507936400964e+153, beta_phi=nan
NaN in beta_*: layer 9, bs_iter=38, k=4820, beta_mu=1.8896456388299406e+152, beta_phi=nan
NaN in beta_*: layer 9, bs_iter=38, k=4821, beta_mu=1.973830540141593e+153, beta_phi=nan
NaN in beta_*: layer 9, bs_iter=38, k=4822, beta_mu=1.9738305185014538e+153, beta_phi=nan
NaN in beta_*: layer 9, bs_iter=38, k=4823, beta_mu=1.9738301768186205e+153, beta_phi=nan
NaN in beta_*: layer 9, bs_iter=38, k=4824, beta_mu=1.9738299844183373e+153, beta_phi=nan
NaN in beta_*: layer 9, bs_iter=38, k=4825, beta_mu=2.2406129194621192e+153, beta_phi=nan
NaN in beta_*: layer 9, bs_iter=38, k=4826, beta_mu=4.470399674402916e+153, beta_phi=nan
NaN in beta_*: layer 9, bs_iter=38, k=4827, beta_mu=2.1272126876229293e+153, beta_phi=nan
NaN in beta_*: layer 9, bs_iter=38, k=4828, beta_mu=4.477941150281871e+153, beta_phi=nan
NaN in beta_*: layer 9, bs_iter=38, k=4829, beta_mu=1.4648586091922933e+152, beta_phi=nan
NaN in beta_*: layer 9, bs_iter=38, k=4830, beta_mu=1.441008777081868e+152, beta_phi=nan
NaN in beta_*: layer 9, bs_iter=38, k=4831, beta_mu=2.1272124157353233e+153, beta_phi=nan
NaN in beta_*: layer 9, bs_iter=38, k=4832, beta_mu=4.085107667738295e+152, beta_phi=nan
NaN in beta_*: layer 9, bs_iter=38, k=4833, beta_mu=1.889646183644877e+152, beta_phi=nan
NaN in beta_*: layer 9, bs_iter=38, k=4834, beta_mu=2.281337284450616e+152, beta_phi=nan
NaN in beta_*: layer 9, bs_iter=38, k=4835, beta_mu=2.2813371761022966e+152, beta_phi=nan
NaN in beta_*: layer 9, bs_iter=38, k=4837, beta_mu=9.442240605268412e+151, beta_phi=nan
NaN in beta_*: layer 9, bs_iter=38, k=4838, beta_mu=6.706554433035021e+152, beta_phi=nan
NaN in beta_*: layer 9, bs_iter=38, k=4839, beta_mu=8.196083782541454e+152, beta_phi=nan
NaN in beta_*: layer 9, bs_iter=38, k=4840, beta_mu=7.797068862574646e+152, beta_phi=nan
NaN in beta_*: layer 9, bs_iter=38, k=4841, beta_mu=2.2075101716012907e+153, beta_phi=nan
NaN in beta_*: layer 9, bs_iter=38, k=4842, beta_mu=7.816927057636406e+152, beta_phi=nan
NaN in beta_*: layer 9, bs_iter=38, k=4843, beta_mu=2.6817871965358614e+152, beta_phi=nan
NaN in beta_*: layer 9, bs_iter=38, k=4844, beta_mu=1.748502718207499e+153, beta_phi=nan
NaN in beta_*: layer 9, bs_iter=38, k=4845, beta_mu=8.155978667669238e+152, beta_phi=nan
NaN in beta_*: layer 9, bs_iter=38, k=4846, beta_mu=8.025599119774855e+152, beta_phi=nan
NaN in beta_*: layer 9, bs_iter=38, k=4847, beta_mu=1.615585862031865e+153, beta_phi=nan
NaN in beta_*: layer 9, bs_iter=38, k=4848, beta_mu=2.372299384289852e+152, beta_phi=nan
NaN in beta_*: layer 9, bs_iter=38, k=4849, beta_mu=2.819889395480735e+152, beta_phi=nan
NaN in beta_*: layer 9, bs_iter=38, k=4850, beta_mu=4.0372982535453257e+152, beta_phi=nan
NaN in beta_*: layer 9, bs_iter=38, k=4851, beta_mu=9.564708184994042e+151, beta_phi=nan
NaN in beta_*: layer 9, bs_iter=38, k=4852, beta_mu=2.372299001694947e+152, beta_phi=nan
NaN in beta_*: layer 9, bs_iter=38, k=4853, beta_mu=8.589669055453522e+152, beta_phi=nan
NaN in beta_*: layer 9, bs_iter=38, k=4854, beta_mu=8.533070114955122e+152, beta_phi=nan
NaN in beta_*: layer 9, bs_iter=38, k=4855, beta_mu=4.037304922358004e+152, beta_phi=nan
NaN in beta_*: layer 9, bs_iter=38, k=4856, beta_mu=2.4444517128299065e+152, beta_phi=nan
NaN in beta_*: layer 9, bs_iter=38, k=4857, beta_mu=1.6041305327161003e+153, beta_phi=nan
NaN in beta_*: layer 9, bs_iter=38, k=4858, beta_mu=1.623778588021163e+153, beta_phi=nan
NaN in beta_*: layer 9, bs_iter=38, k=4859, beta_mu=1.6263330767651318e+153, beta_phi=nan
NaN in beta_*: layer 9, bs_iter=38, k=4860, beta_mu=9.564709038503002e+151, beta_phi=nan
NaN in beta_*: layer 9, bs_iter=38, k=4861, beta_mu=2.8012961041930858e+152, beta_phi=nan
NaN in beta_*: layer 9, bs_iter=38, k=4862, beta_mu=2.9173909423557093e+152, beta_phi=nan
NaN in beta_*: layer 9, bs_iter=38, k=4863, beta_mu=2.721780101591319e+152, beta_phi=nan
NaN in beta_*: layer 9, bs_iter=38, k=4864, beta_mu=4.333371659510303e+152, beta_phi=nan
NaN in beta_*: layer 9, bs_iter=38, k=4865, beta_mu=1.6919076284889338e+153, beta_phi=nan
NaN in beta_*: layer 9, bs_iter=38, k=4866, beta_mu=9.564730281005261e+151, beta_phi=nan
NaN in beta_*: layer 9, bs_iter=38, k=4867, beta_mu=1.598588793238576e+153, beta_phi=nan
NaN in beta_*: layer 9, bs_iter=38, k=4869, beta_mu=8.040032024964315e+152, beta_phi=nan
NaN in beta_*: layer 9, bs_iter=38, k=4870, beta_mu=1.6263334895199522e+153, beta_phi=nan
NaN in beta_*: layer 9, bs_iter=38, k=4871, beta_mu=1.8306549608128265e+153, beta_phi=nan
NaN in beta_*: layer 9, bs_iter=38, k=4872, beta_mu=1.501692115831068e+153, beta_phi=nan
NaN in beta_*: layer 9, bs_iter=38, k=4873, beta_mu=1.6263332058638538e+153, beta_phi=nan
NaN in beta_*: layer 9, bs_iter=38, k=4874, beta_mu=9.154334646278963e+152, beta_phi=nan
NaN in beta_*: layer 9, bs_iter=38, k=4875, beta_mu=1.6263349532889897e+153, beta_phi=nan
NaN in beta_*: layer 9, bs_iter=38, k=4876, beta_mu=4.0372959624696433e+152, beta_phi=nan
NaN in beta_*: layer 9, bs_iter=38, k=4877, beta_mu=2.0936980713996855e+153, beta_phi=nan
NaN in beta_*: layer 9, bs_iter=38, k=4879, beta_mu=2.2075099817318432e+153, beta_phi=nan
NaN in beta_*: layer 9, bs_iter=38, k=4880, beta_mu=1.4854645156481992e+153, beta_phi=nan
NaN in beta_*: layer 9, bs_iter=38, k=4881, beta_mu=2.288214568083671e+152, beta_phi=nan
NaN in beta_*: layer 9, bs_iter=38, k=4882, beta_mu=2.1938983531748876e+153, beta_phi=nan
NaN in beta_*: layer 9, bs_iter=38, k=4883, beta_mu=2.527932512600283e+153, beta_phi=nan
NaN in beta_*: layer 9, bs_iter=38, k=4884, beta_mu=2.1248589601319074e+153, beta_phi=nan
NaN in beta_*: layer 9, bs_iter=38, k=4885, beta_mu=7.013907028758563e+153, beta_phi=nan
NaN in beta_*: layer 9, bs_iter=38, k=4886, beta_mu=2.0463678464681847e+152, beta_phi=nan
NaN in beta_*: layer 9, bs_iter=38, k=4887, beta_mu=2.0338243362658894e+152, beta_phi=nan
NaN in beta_*: layer 9, bs_iter=38, k=4888, beta_mu=2.203533489615801e+153, beta_phi=nan
NaN in beta_*: layer 9, bs_iter=38, k=4889, beta_mu=1.7502972853757418e+153, beta_phi=nan
NaN in beta_*: layer 9, bs_iter=38, k=4890, beta_mu=1.7485436257611e+153, beta_phi=nan
NaN in beta_*: layer 9, bs_iter=38, k=4891, beta_mu=3.6663782602558516e+152, beta_phi=nan
NaN in beta_*: layer 9, bs_iter=38, k=4892, beta_mu=2.2829287605676095e+152, beta_phi=nan
NaN in beta_*: layer 9, bs_iter=38, k=4893, beta_mu=1.7095566974617447e+153, beta_phi=nan
NaN in beta_*: layer 9, bs_iter=38, k=4894, beta_mu=9.569031847532912e+151, beta_phi=nan
NaN in beta_*: layer 9, bs_iter=38, k=4895, beta_mu=1.978281570522543e+153, beta_phi=nan
NaN in beta_*: layer 9, bs_iter=38, k=4896, beta_mu=2.2330564269368765e+152, beta_phi=nan
NaN in beta_*: layer 9, bs_iter=38, k=4898, beta_mu=1.709557627087798e+153, beta_phi=nan
NaN in beta_*: layer 9, bs_iter=38, k=4899, beta_mu=1.7095574858888354e+153, beta_phi=nan
NaN in beta_*: layer 9, bs_iter=38, k=4900, beta_mu=4.651632091480808e+152, beta_phi=nan
NaN in beta_*: layer 9, bs_iter=38, k=4901, beta_mu=1.0294331029952005e+153, beta_phi=nan
NaN in beta_*: layer 9, bs_iter=38, k=4902, beta_mu=1.0381115601635507e+152, beta_phi=nan
NaN in beta_*: layer 9, bs_iter=38, k=4903, beta_mu=1.0211830924437152e+152, beta_phi=nan
NaN in beta_*: layer 9, bs_iter=38, k=4905, beta_mu=1.736706046982255e+153, beta_phi=nan
NaN in beta_*: layer 9, bs_iter=38, k=4907, beta_mu=1.7650674634024467e+152, beta_phi=nan
NaN in beta_*: layer 9, bs_iter=38, k=4908, beta_mu=1.7564149884836276e+153, beta_phi=nan
NaN in beta_*: layer 9, bs_iter=38, k=4910, beta_mu=1.9908004998907272e+152, beta_phi=nan
NaN in beta_*: layer 9, bs_iter=38, k=4913, beta_mu=1.6569260188000589e+153, beta_phi=nan
NaN in beta_*: layer 9, bs_iter=38, k=4914, beta_mu=2.801508148024694e+153, beta_phi=nan
NaN in beta_*: layer 9, bs_iter=38, k=4915, beta_mu=9.182350293443932e+153, beta_phi=nan
NaN in beta_*: layer 9, bs_iter=38, k=4916, beta_mu=1.0719487093211062e+152, beta_phi=nan
NaN in beta_*: layer 9, bs_iter=38, k=4918, beta_mu=4.8669853308559e+152, beta_phi=nan
NaN in beta_*: layer 9, bs_iter=38, k=4921, beta_mu=2.2079992863225218e+153, beta_phi=nan
NaN in beta_*: layer 9, bs_iter=38, k=4926, beta_mu=1.4427646624780549e+153, beta_phi=nan
NaN in beta_*: layer 9, bs_iter=38, k=4927, beta_mu=1.3399544568548992e+153, beta_phi=nan
NaN in beta_*: layer 9, bs_iter=38, k=4931, beta_mu=1.444606309157328e+153, beta_phi=nan
NaN in beta_*: layer 9, bs_iter=38, k=4933, beta_mu=1.5082118588604488e+153, beta_phi=nan
NaN in beta_*: layer 9, bs_iter=38, k=4934, beta_mu=1.3123226621847803e+153, beta_phi=nan
NaN in beta_*: layer 9, bs_iter=38, k=4937, beta_mu=3.45507229643e+153, beta_phi=nan
NaN in beta_*: layer 9, bs_iter=38, k=4939, beta_mu=6.289305575222128e+152, beta_phi=nan
NaN in beta_*: layer 9, bs_iter=38, k=4940, beta_mu=2.1905042437534685e+152, beta_phi=nan
NaN in beta_*: layer 9, bs_iter=38, k=4941, beta_mu=2.6984650920398182e+153, beta_phi=nan
NaN in beta_*: layer 9, bs_iter=38, k=4942, beta_mu=1.2391856025965308e+152, beta_phi=nan
NaN in beta_*: layer 9, bs_iter=38, k=4943, beta_mu=6.369661972921442e+152, beta_phi=nan
NaN in beta_*: layer 9, bs_iter=38, k=4944, beta_mu=1.5893766492706928e+153, beta_phi=nan
NaN in beta_*: layer 9, bs_iter=38, k=4945, beta_mu=2.8999987695505134e+152, beta_phi=nan
NaN in beta_*: layer 9, bs_iter=38, k=4949, beta_mu=1.5469637624316306e+153, beta_phi=nan
NaN in beta_*: layer 9, bs_iter=38, k=4952, beta_mu=6.0213342960564424e+153, beta_phi=nan
NaN in beta_*: layer 9, bs_iter=38, k=4953, beta_mu=3.421095266591723e+152, beta_phi=nan
NaN in beta_*: layer 9, bs_iter=38, k=4954, beta_mu=7.491691044394463e+152, beta_phi=nan
NaN in beta_*: layer 9, bs_iter=38, k=4955, beta_mu=3.7193976756927447e+152, beta_phi=nan
NaN in beta_*: layer 9, bs_iter=38, k=4958, beta_mu=3.466294895223119e+152, beta_phi=nan
NaN in beta_*: layer 9, bs_iter=38, k=4959, beta_mu=1.1276895078371068e+153, beta_phi=nan
NaN in beta_*: layer 9, bs_iter=38, k=4963, beta_mu=4.0132429407237965e+152, beta_phi=nan
NaN in beta_*: layer 9, bs_iter=38, k=4965, beta_mu=9.079561195087188e+152, beta_phi=nan
NaN in beta_*: layer 9, bs_iter=38, k=4966, beta_mu=1.3216119409342177e+153, beta_phi=nan
NaN in beta_*: layer 9, bs_iter=38, k=4967, beta_mu=8.285724128701293e+152, beta_phi=nan
NaN in beta_*: layer 9, bs_iter=38, k=4968, beta_mu=5.598523984576512e+152, beta_phi=nan
NaN in beta_*: layer 9, bs_iter=38, k=4969, beta_mu=2.5443049835978254e+153, beta_phi=nan
NaN in beta_*: layer 9, bs_iter=38, k=4971, beta_mu=4.078407979908941e+152, beta_phi=nan
NaN in beta_*: layer 9, bs_iter=38, k=4972, beta_mu=3.341688826413937e+152, beta_phi=nan
NaN in beta_*: layer 9, bs_iter=38, k=4973, beta_mu=2.7358959542375023e+152, beta_phi=nan
NaN in beta_*: layer 9, bs_iter=38, k=4975, beta_mu=2.713787855418078e+152, beta_phi=nan
NaN in beta_*: layer 9, bs_iter=38, k=4976, beta_mu=2.713788368530772e+152, beta_phi=nan
NaN in beta_*: layer 9, bs_iter=38, k=4977, beta_mu=2.7293793471400266e+152, beta_phi=nan
NaN in beta_*: layer 9, bs_iter=38, k=4978, beta_mu=2.5684969700547994e+152, beta_phi=nan
NaN in beta_*: layer 9, bs_iter=38, k=4979, beta_mu=2.7782047833836435e+152, beta_phi=nan
NaN in beta_*: layer 9, bs_iter=38, k=4981, beta_mu=2.7661256635884415e+152, beta_phi=nan
NaN in beta_*: layer 9, bs_iter=38, k=4982, beta_mu=2.709375460366306e+152, beta_phi=nan
NaN in beta_*: layer 9, bs_iter=38, k=4983, beta_mu=2.794609228870956e+152, beta_phi=nan
NaN in beta_*: layer 9, bs_iter=38, k=4984, beta_mu=2.7946131851552543e+152, beta_phi=nan
NaN in beta_*: layer 9, bs_iter=38, k=4985, beta_mu=2.689969069030236e+152, beta_phi=nan
NaN in beta_*: layer 9, bs_iter=38, k=4986, beta_mu=2.7298504862815986e+152, beta_phi=nan
NaN in beta_*: layer 9, bs_iter=38, k=4987, beta_mu=2.8526302059734224e+152, beta_phi=nan
NaN in beta_*: layer 9, bs_iter=38, k=4988, beta_mu=2.9969547215666277e+152, beta_phi=nan
NaN in beta_*: layer 9, bs_iter=38, k=4989, beta_mu=2.35191897658101e+152, beta_phi=nan
NaN in beta_*: layer 9, bs_iter=38, k=4990, beta_mu=2.884958458358861e+152, beta_phi=nan
NaN in beta_*: layer 9, bs_iter=38, k=4991, beta_mu=2.326644379405487e+152, beta_phi=nan
NaN in beta_*: layer 9, bs_iter=38, k=4992, beta_mu=4.715112524548672e+152, beta_phi=nan
NaN in beta_*: layer 9, bs_iter=38, k=4993, beta_mu=1.9634264661257063e+152, beta_phi=nan
NaN in beta_*: layer 9, bs_iter=38, k=4994, beta_mu=3.2498767433265868e+153, beta_phi=nan
NaN in beta_*: layer 9, bs_iter=38, k=4995, beta_mu=3.8510452057495395e+153, beta_phi=nan
NaN in beta_*: layer 9, bs_iter=38, k=4997, beta_mu=2.478880776668435e+152, beta_phi=nan
NaN in beta_*: layer 9, bs_iter=38, k=4998, beta_mu=1.9545747918688697e+152, beta_phi=nan
NaN in beta_*: layer 9, bs_iter=38, k=4999, beta_mu=1.6106995821271635e+152, beta_phi=nan
NaN in beta_*: layer 9, bs_iter=38, k=5000, beta_mu=1.9545737624730874e+152, beta_phi=nan
NaN in beta_*: layer 9, bs_iter=38, k=5001, beta_mu=2.707176656601034e+152, beta_phi=nan
NaN in beta_*: layer 9, bs_iter=38, k=5002, beta_mu=1.9545733849291856e+152, beta_phi=nan
NaN in beta_*: layer 9, bs_iter=38, k=5003, beta_mu=2.361322417711625e+152, beta_phi=nan
NaN in beta_*: layer 9, bs_iter=38, k=5005, beta_mu=3.2116622040190274e+152, beta_phi=nan
NaN in beta_*: layer 9, bs_iter=38, k=5006, beta_mu=2.2586439739619923e+152, beta_phi=nan
NaN in beta_*: layer 9, bs_iter=38, k=5007, beta_mu=4.470526014991813e+152, beta_phi=nan
NaN in beta_*: layer 9, bs_iter=38, k=5010, beta_mu=2.0345780658535057e+152, beta_phi=nan
NaN in beta_*: layer 9, bs_iter=38, k=5011, beta_mu=1.2617034332392742e+152, beta_phi=nan
NaN in beta_*: layer 9, bs_iter=38, k=5013, beta_mu=2.30234401108572e+152, beta_phi=nan
NaN in beta_*: layer 9, bs_iter=38, k=5014, beta_mu=2.302342504908083e+152, beta_phi=nan
NaN in beta_*: layer 9, bs_iter=38, k=5015, beta_mu=4.6617001427361895e+153, beta_phi=nan
NaN in beta_*: layer 9, bs_iter=38, k=5016, beta_mu=6.156072919046985e+152, beta_phi=nan
NaN in beta_*: layer 9, bs_iter=38, k=5017, beta_mu=2.163384772390935e+152, beta_phi=nan
NaN in beta_*: layer 9, bs_iter=38, k=5018, beta_mu=2.163378602474228e+152, beta_phi=nan
NaN in beta_*: layer 9, bs_iter=38, k=5019, beta_mu=2.1633782706775667e+152, beta_phi=nan
NaN in beta_*: layer 9, bs_iter=38, k=5020, beta_mu=7.034380001148286e+153, beta_phi=nan
NaN in beta_*: layer 9, bs_iter=38, k=5021, beta_mu=1.1032479824617368e+153, beta_phi=nan
NaN in beta_*: layer 9, bs_iter=38, k=5022, beta_mu=2.8400001435088095e+152, beta_phi=nan
NaN in beta_*: layer 9, bs_iter=38, k=5023, beta_mu=2.569864619450303e+152, beta_phi=nan
NaN in beta_*: layer 9, bs_iter=38, k=5024, beta_mu=2.0457733178133497e+152, beta_phi=nan
NaN in beta_*: layer 9, bs_iter=38, k=5026, beta_mu=3.0527814638942294e+152, beta_phi=nan
NaN in beta_*: layer 9, bs_iter=38, k=5027, beta_mu=3.1099778819452772e+152, beta_phi=nan
NaN in beta_*: layer 9, bs_iter=38, k=5028, beta_mu=4.522206103459474e+153, beta_phi=nan
NaN in beta_*: layer 9, bs_iter=38, k=5029, beta_mu=2.840002122994023e+152, beta_phi=nan
NaN in beta_*: layer 9, bs_iter=38, k=5030, beta_mu=6.767167480142244e+153, beta_phi=nan
NaN in beta_*: layer 9, bs_iter=38, k=5031, beta_mu=2.939900152455152e+152, beta_phi=nan
NaN in beta_*: layer 9, bs_iter=38, k=5032, beta_mu=2.1509572044067456e+152, beta_phi=nan
NaN in beta_*: layer 9, bs_iter=38, k=5034, beta_mu=2.839998325899788e+152, beta_phi=nan
NaN in beta_*: layer 9, bs_iter=38, k=5035, beta_mu=2.1509548522612553e+152, beta_phi=nan
NaN in beta_*: layer 9, bs_iter=38, k=5036, beta_mu=3.6169899340893797e+152, beta_phi=nan
NaN in beta_*: layer 9, bs_iter=38, k=5037, beta_mu=7.327901060395264e+152, beta_phi=nan
NaN in beta_*: layer 9, bs_iter=38, k=5038, beta_mu=2.007125346216034e+152, beta_phi=nan
NaN in beta_*: layer 9, bs_iter=38, k=5039, beta_mu=5.958366263967774e+153, beta_phi=nan
NaN in beta_*: layer 9, bs_iter=38, k=5040, beta_mu=2.6936677362491587e+152, beta_phi=nan
NaN in beta_*: layer 9, bs_iter=38, k=5041, beta_mu=9.57800904022887e+152, beta_phi=nan
NaN in beta_*: layer 9, bs_iter=38, k=5042, beta_mu=7.126358669827946e+153, beta_phi=nan
NaN in beta_*: layer 9, bs_iter=38, k=5045, beta_mu=9.611569980551154e+152, beta_phi=nan
NaN in beta_*: layer 9, bs_iter=38, k=5046, beta_mu=8.484524203320658e+152, beta_phi=nan
NaN in beta_*: layer 9, bs_iter=38, k=5047, beta_mu=4.4487766674481935e+153, beta_phi=nan
NaN in beta_*: layer 9, bs_iter=38, k=5048, beta_mu=3.5555568559219513e+152, beta_phi=nan
NaN in beta_*: layer 9, bs_iter=38, k=5049, beta_mu=1.010202499451332e+153, beta_phi=nan
NaN in beta_*: layer 9, bs_iter=38, k=5050, beta_mu=7.343175617775197e+152, beta_phi=nan
NaN in beta_*: layer 9, bs_iter=38, k=5051, beta_mu=1.0180035765080663e+153, beta_phi=nan
NaN in beta_*: layer 9, bs_iter=38, k=5052, beta_mu=7.448739071287312e+152, beta_phi=nan
NaN in beta_*: layer 9, bs_iter=38, k=5053, beta_mu=7.1894692166115835e+152, beta_phi=nan
NaN in beta_*: layer 9, bs_iter=38, k=5054, beta_mu=9.777808636100808e+152, beta_phi=nan
NaN in beta_*: layer 9, bs_iter=38, k=5055, beta_mu=7.0028971895891535e+152, beta_phi=nan
NaN in beta_*: layer 9, bs_iter=38, k=5056, beta_mu=1.014393252486956e+153, beta_phi=nan
NaN in beta_*: layer 9, bs_iter=38, k=5057, beta_mu=3.412969393673257e+152, beta_phi=nan
NaN in beta_*: layer 9, bs_iter=38, k=5059, beta_mu=9.195048975697724e+152, beta_phi=nan
NaN in beta_*: layer 9, bs_iter=38, k=5063, beta_mu=2.4130256317626446e+152, beta_phi=nan
NaN in beta_*: layer 9, bs_iter=38, k=5064, beta_mu=2.0080121509956457e+152, beta_phi=nan
NaN in beta_*: layer 9, bs_iter=38, k=5066, beta_mu=8.406204164142318e+152, beta_phi=nan
NaN in beta_*: layer 9, bs_iter=38, k=5067, beta_mu=3.886452551596821e+153, beta_phi=nan
NaN in beta_*: layer 9, bs_iter=38, k=5068, beta_mu=3.1521095936169744e+152, beta_phi=nan
NaN in beta_*: layer 9, bs_iter=38, k=5070, beta_mu=2.2454901628397015e+152, beta_phi=nan
NaN in beta_*: layer 9, bs_iter=38, k=5071, beta_mu=7.924081490486568e+152, beta_phi=nan
NaN in beta_*: layer 9, bs_iter=38, k=5072, beta_mu=7.924087756404137e+152, beta_phi=nan
NaN in beta_*: layer 9, bs_iter=38, k=5073, beta_mu=3.718882236790114e+153, beta_phi=nan
NaN in beta_*: layer 9, bs_iter=38, k=5075, beta_mu=2.245491114385174e+152, beta_phi=nan
NaN in beta_*: layer 9, bs_iter=38, k=5076, beta_mu=4.405833916559723e+153, beta_phi=nan
NaN in beta_*: layer 9, bs_iter=38, k=5077, beta_mu=2.2099644954484908e+153, beta_phi=nan
NaN in beta_*: layer 9, bs_iter=38, k=5078, beta_mu=5.963253810337308e+153, beta_phi=nan
NaN in beta_*: layer 9, bs_iter=38, k=5079, beta_mu=4.0137848235947406e+153, beta_phi=nan
NaN in beta_*: layer 9, bs_iter=38, k=5081, beta_mu=2.125740362906023e+153, beta_phi=nan
NaN in beta_*: layer 9, bs_iter=38, k=5082, beta_mu=3.51048077084128e+153, beta_phi=nan
NaN in beta_*: layer 9, bs_iter=38, k=5083, beta_mu=2.447423440321083e+152, beta_phi=nan
NaN in beta_*: layer 9, bs_iter=38, k=5084, beta_mu=2.0550359511158732e+153, beta_phi=nan
NaN in beta_*: layer 9, bs_iter=38, k=5085, beta_mu=1.7324673289789076e+153, beta_phi=nan
NaN in beta_*: layer 9, bs_iter=38, k=5086, beta_mu=4.700882649209513e+153, beta_phi=nan
NaN in beta_*: layer 9, bs_iter=38, k=5087, beta_mu=3.628611355319452e+153, beta_phi=nan
NaN in beta_*: layer 9, bs_iter=38, k=5088, beta_mu=7.60438631705793e+153, beta_phi=nan
NaN in beta_*: layer 9, bs_iter=38, k=5089, beta_mu=3.628610298374273e+153, beta_phi=nan
NaN in beta_*: layer 9, bs_iter=38, k=5091, beta_mu=2.4474277587041266e+152, beta_phi=nan
NaN in beta_*: layer 9, bs_iter=38, k=5092, beta_mu=3.908457715780931e+153, beta_phi=nan
NaN in beta_*: layer 9, bs_iter=38, k=5094, beta_mu=9.223039189591113e+151, beta_phi=nan
NaN in beta_*: layer 9, bs_iter=38, k=5095, beta_mu=3.765979741075159e+153, beta_phi=nan
NaN in beta_*: layer 9, bs_iter=38, k=5096, beta_mu=2.600770196797007e+153, beta_phi=nan
NaN in beta_*: layer 9, bs_iter=38, k=5097, beta_mu=2.9646229359398404e+152, beta_phi=nan
NaN in beta_*: layer 9, bs_iter=38, k=5098, beta_mu=7.47828926380265e+153, beta_phi=nan
NaN in beta_*: layer 9, bs_iter=38, k=5099, beta_mu=4.788305384476983e+152, beta_phi=nan
NaN in beta_*: layer 9, bs_iter=38, k=5100, beta_mu=2.540083081626676e+152, beta_phi=nan
NaN in beta_*: layer 9, bs_iter=38, k=5101, beta_mu=3.547758737782168e+153, beta_phi=nan
NaN in beta_*: layer 9, bs_iter=38, k=5102, beta_mu=2.5400829488700023e+152, beta_phi=nan
NaN in beta_*: layer 9, bs_iter=38, k=5103, beta_mu=8.735532193226387e+152, beta_phi=nan
NaN in beta_*: layer 9, bs_iter=38, k=5104, beta_mu=1.6248895066270018e+153, beta_phi=nan
NaN in beta_*: layer 9, bs_iter=38, k=5105, beta_mu=5.512852036055758e+152, beta_phi=nan
NaN in beta_*: layer 9, bs_iter=38, k=5108, beta_mu=2.5400827160292275e+152, beta_phi=nan
NaN in beta_*: layer 9, bs_iter=38, k=5109, beta_mu=3.512774328583007e+153, beta_phi=nan
NaN in beta_*: layer 9, bs_iter=38, k=5111, beta_mu=3.106146026750059e+152, beta_phi=nan
NaN in beta_*: layer 9, bs_iter=38, k=5112, beta_mu=2.4108193654815257e+152, beta_phi=nan
NaN in beta_*: layer 9, bs_iter=38, k=5113, beta_mu=3.860425459934631e+153, beta_phi=nan
NaN in beta_*: layer 9, bs_iter=38, k=5114, beta_mu=3.94982752689979e+153, beta_phi=nan
NaN in beta_*: layer 9, bs_iter=38, k=5116, beta_mu=2.540079210597954e+152, beta_phi=nan
NaN in beta_*: layer 9, bs_iter=38, k=5117, beta_mu=2.540084086653472e+152, beta_phi=nan
NaN in beta_*: layer 9, bs_iter=38, k=5119, beta_mu=3.6795682663456126e+153, beta_phi=nan
NaN in beta_*: layer 9, bs_iter=38, k=5121, beta_mu=4.370371862373339e+153, beta_phi=nan
NaN in beta_*: layer 9, bs_iter=38, k=5122, beta_mu=3.6369248648373675e+153, beta_phi=nan
NaN in beta_*: layer 9, bs_iter=38, k=5123, beta_mu=2.634615950718762e+152, beta_phi=nan
NaN in beta_*: layer 9, bs_iter=38, k=5124, beta_mu=6.723054494746201e+153, beta_phi=nan
NaN in beta_*: layer 9, bs_iter=38, k=5125, beta_mu=1.0249221286316215e+153, beta_phi=nan
NaN in beta_*: layer 9, bs_iter=38, k=5126, beta_mu=3.9344273613844975e+153, beta_phi=nan
NaN in beta_*: layer 9, bs_iter=38, k=5127, beta_mu=3.9213615817088475e+153, beta_phi=nan
NaN in beta_*: layer 9, bs_iter=38, k=5129, beta_mu=3.950633961723671e+153, beta_phi=nan
NaN in beta_*: layer 9, bs_iter=38, k=5130, beta_mu=3.950631045805546e+153, beta_phi=nan
NaN in beta_*: layer 9, bs_iter=38, k=5131, beta_mu=1.1769923384573042e+153, beta_phi=nan
NaN in beta_*: layer 9, bs_iter=38, k=5132, beta_mu=3.950630626558863e+153, beta_phi=nan
NaN in beta_*: layer 9, bs_iter=38, k=5133, beta_mu=2.5400849260986676e+152, beta_phi=nan
NaN in beta_*: layer 9, bs_iter=38, k=5134, beta_mu=2.7622449074488316e+153, beta_phi=nan
NaN in beta_*: layer 9, bs_iter=38, k=5135, beta_mu=4.6075264388982864e+153, beta_phi=nan
NaN in beta_*: layer 9, bs_iter=38, k=5136, beta_mu=6.529731423994877e+152, beta_phi=nan
NaN in beta_*: layer 9, bs_iter=38, k=5138, beta_mu=4.5915278617862476e+153, beta_phi=nan
NaN in beta_*: layer 9, bs_iter=38, k=5139, beta_mu=3.7321356177444034e+153, beta_phi=nan
NaN in beta_*: layer 9, bs_iter=38, k=5140, beta_mu=7.20873826604681e+153, beta_phi=nan
NaN in beta_*: layer 9, bs_iter=38, k=5141, beta_mu=1.3410966600221524e+152, beta_phi=nan
NaN in beta_*: layer 9, bs_iter=38, k=5142, beta_mu=5.791424063872505e+152, beta_phi=nan
NaN in beta_*: layer 9, bs_iter=38, k=5143, beta_mu=7.401979545980297e+152, beta_phi=nan
NaN in beta_*: layer 9, bs_iter=38, k=5144, beta_mu=1.3410938106634333e+152, beta_phi=nan
NaN in beta_*: layer 9, bs_iter=38, k=5145, beta_mu=9.831779023738856e+152, beta_phi=nan
NaN in beta_*: layer 9, bs_iter=38, k=5146, beta_mu=1.1062787056929827e+152, beta_phi=nan
NaN in beta_*: layer 9, bs_iter=38, k=5147, beta_mu=9.824465380630233e+152, beta_phi=nan
NaN in beta_*: layer 9, bs_iter=38, k=5148, beta_mu=8.674382495526405e+152, beta_phi=nan
NaN in beta_*: layer 9, bs_iter=38, k=5149, beta_mu=8.329729959154305e+152, beta_phi=nan
NaN in beta_*: layer 9, bs_iter=38, k=5150, beta_mu=8.146317731287047e+152, beta_phi=nan
NaN in beta_*: layer 9, bs_iter=38, k=5151, beta_mu=2.7691447735940528e+153, beta_phi=nan
NaN in beta_*: layer 9, bs_iter=38, k=5152, beta_mu=1.4489582632940342e+152, beta_phi=nan
NaN in beta_*: layer 9, bs_iter=38, k=5153, beta_mu=1.08664217141738e+152, beta_phi=nan
NaN in beta_*: layer 9, bs_iter=38, k=5154, beta_mu=1.0866421309844393e+152, beta_phi=nan
NaN in beta_*: layer 9, bs_iter=38, k=5155, beta_mu=6.765526919045995e+152, beta_phi=nan
NaN in beta_*: layer 9, bs_iter=38, k=5156, beta_mu=8.166449192495309e+152, beta_phi=nan
NaN in beta_*: layer 9, bs_iter=38, k=5157, beta_mu=1.5855838147136617e+153, beta_phi=nan
NaN in beta_*: layer 9, bs_iter=38, k=5158, beta_mu=6.332753602102708e+152, beta_phi=nan
NaN in beta_*: layer 9, bs_iter=38, k=5159, beta_mu=1.0866416027162752e+152, beta_phi=nan
NaN in beta_*: layer 9, bs_iter=38, k=5160, beta_mu=7.645531958431966e+152, beta_phi=nan
NaN in beta_*: layer 9, bs_iter=38, k=5161, beta_mu=6.575568668571789e+152, beta_phi=nan
NaN in beta_*: layer 9, bs_iter=38, k=5162, beta_mu=8.173177436593386e+152, beta_phi=nan
NaN in beta_*: layer 9, bs_iter=38, k=5163, beta_mu=1.4489598095635272e+152, beta_phi=nan
NaN in beta_*: layer 9, bs_iter=38, k=5164, beta_mu=6.224920407112519e+152, beta_phi=nan
NaN in beta_*: layer 9, bs_iter=38, k=5165, beta_mu=1.4489622213986293e+152, beta_phi=nan
NaN in beta_*: layer 9, bs_iter=38, k=5166, beta_mu=8.041559953271322e+152, beta_phi=nan
NaN in beta_*: layer 9, bs_iter=38, k=5167, beta_mu=3.4688980147464e+153, beta_phi=nan
NaN in beta_*: layer 9, bs_iter=38, k=5168, beta_mu=6.575571443016863e+152, beta_phi=nan
NaN in beta_*: layer 9, bs_iter=38, k=5169, beta_mu=1.0866412694263565e+152, beta_phi=nan
NaN in beta_*: layer 9, bs_iter=38, k=5170, beta_mu=7.795829647404032e+152, beta_phi=nan
NaN in beta_*: layer 9, bs_iter=38, k=5171, beta_mu=1.5125181250938955e+154, beta_phi=nan
NaN in beta_*: layer 9, bs_iter=38, k=5172, beta_mu=8.126911772891336e+152, beta_phi=nan
NaN in beta_*: layer 9, bs_iter=38, k=5173, beta_mu=7.985969266850424e+152, beta_phi=nan
NaN in beta_*: layer 9, bs_iter=38, k=5174, beta_mu=6.171699496062115e+152, beta_phi=nan
NaN in beta_*: layer 9, bs_iter=38, k=5175, beta_mu=6.726381526702758e+152, beta_phi=nan
NaN in beta_*: layer 9, bs_iter=38, k=5176, beta_mu=6.726381861683929e+152, beta_phi=nan
NaN in beta_*: layer 9, bs_iter=38, k=5177, beta_mu=5.139443286618711e+153, beta_phi=nan
NaN in beta_*: layer 9, bs_iter=38, k=5178, beta_mu=7.149207630268059e+152, beta_phi=nan
NaN in beta_*: layer 9, bs_iter=38, k=5179, beta_mu=1.9142159391790157e+153, beta_phi=nan
NaN in beta_*: layer 9, bs_iter=38, k=5180, beta_mu=7.189023441414073e+152, beta_phi=nan
NaN in beta_*: layer 9, bs_iter=38, k=5181, beta_mu=7.189022581659678e+152, beta_phi=nan
NaN in beta_*: layer 9, bs_iter=38, k=5182, beta_mu=3.2569184013767226e+153, beta_phi=nan
NaN in beta_*: layer 9, bs_iter=38, k=5183, beta_mu=5.565577776008931e+152, beta_phi=nan
NaN in beta_*: layer 9, bs_iter=38, k=5184, beta_mu=6.299306431019109e+152, beta_phi=nan
NaN in beta_*: layer 9, bs_iter=38, k=5185, beta_mu=5.670475510181107e+152, beta_phi=nan
NaN in beta_*: layer 9, bs_iter=38, k=5186, beta_mu=7.8745926295545165e+152, beta_phi=nan
NaN in beta_*: layer 9, bs_iter=38, k=5187, beta_mu=8.005648923214755e+152, beta_phi=nan
NaN in beta_*: layer 9, bs_iter=38, k=5188, beta_mu=5.274308704982394e+152, beta_phi=nan
NaN in beta_*: layer 9, bs_iter=38, k=5189, beta_mu=7.446262307121564e+152, beta_phi=nan
NaN in beta_*: layer 9, bs_iter=38, k=5190, beta_mu=4.58407777690444e+153, beta_phi=nan
NaN in beta_*: layer 9, bs_iter=38, k=5191, beta_mu=5.868015008998914e+152, beta_phi=nan
NaN in beta_*: layer 9, bs_iter=38, k=5192, beta_mu=5.740986377494565e+152, beta_phi=nan
NaN in beta_*: layer 9, bs_iter=38, k=5193, beta_mu=7.833715590601872e+152, beta_phi=nan
NaN in beta_*: layer 9, bs_iter=38, k=5194, beta_mu=7.964551979295312e+152, beta_phi=nan
NaN in beta_*: layer 9, bs_iter=38, k=5195, beta_mu=2.229306614883529e+153, beta_phi=nan
NaN in beta_*: layer 9, bs_iter=38, k=5196, beta_mu=6.299720925063195e+152, beta_phi=nan
NaN in beta_*: layer 9, bs_iter=38, k=5197, beta_mu=7.760339094296454e+152, beta_phi=nan
NaN in beta_*: layer 9, bs_iter=38, k=5198, beta_mu=7.760339216435823e+152, beta_phi=nan
NaN in beta_*: layer 9, bs_iter=38, k=5199, beta_mu=7.760340245755715e+152, beta_phi=nan
NaN in beta_*: layer 9, bs_iter=38, k=5200, beta_mu=7.760341568234527e+152, beta_phi=nan
NaN in beta_*: layer 9, bs_iter=38, k=5201, beta_mu=8.08952131145675e+152, beta_phi=nan
NaN in beta_*: layer 9, bs_iter=38, k=5202, beta_mu=8.0895235022718585e+152, beta_phi=nan
NaN in beta_*: layer 9, bs_iter=38, k=5203, beta_mu=7.58204041254758e+152, beta_phi=nan
NaN in beta_*: layer 9, bs_iter=38, k=5204, beta_mu=8.089526111806915e+152, beta_phi=nan
NaN in beta_*: layer 9, bs_iter=38, k=5205, beta_mu=4.134611324687998e+153, beta_phi=nan
NaN in beta_*: layer 9, bs_iter=38, k=5206, beta_mu=3.897358447355006e+153, beta_phi=nan
NaN in beta_*: layer 9, bs_iter=38, k=5208, beta_mu=4.061003414753356e+153, beta_phi=nan
NaN in beta_*: layer 9, bs_iter=38, k=5209, beta_mu=4.8063666654129475e+153, beta_phi=nan
NaN in beta_*: layer 9, bs_iter=38, k=5210, beta_mu=9.50888929843062e+153, beta_phi=nan
NaN in beta_*: layer 9, bs_iter=38, k=5211, beta_mu=1.0008589505031241e+154, beta_phi=nan
NaN in beta_*: layer 9, bs_iter=38, k=5212, beta_mu=4.581505715764761e+153, beta_phi=nan
NaN in beta_*: layer 9, bs_iter=38, k=5213, beta_mu=1.0666546104583368e+154, beta_phi=nan
NaN in beta_*: layer 9, bs_iter=38, k=5214, beta_mu=7.829486764244145e+152, beta_phi=nan
NaN in beta_*: layer 9, bs_iter=38, k=5215, beta_mu=1.1038334830814866e+154, beta_phi=nan
NaN in beta_*: layer 9, bs_iter=38, k=5216, beta_mu=1.0462165404068817e+154, beta_phi=nan
NaN in beta_*: layer 9, bs_iter=38, k=5217, beta_mu=4.12437650675674e+153, beta_phi=nan
NaN in beta_*: layer 9, bs_iter=38, k=5218, beta_mu=1.0429773568607121e+154, beta_phi=nan
NaN in beta_*: layer 9, bs_iter=38, k=5219, beta_mu=6.4177056023728e+153, beta_phi=nan
NaN in beta_*: layer 9, bs_iter=38, k=5220, beta_mu=1.0166890230877406e+154, beta_phi=nan
NaN in beta_*: layer 9, bs_iter=38, k=5221, beta_mu=1.0185001115443832e+154, beta_phi=nan
NaN in beta_*: layer 9, bs_iter=38, k=5222, beta_mu=1.0254318773016027e+154, beta_phi=nan
NaN in beta_*: layer 9, bs_iter=38, k=5223, beta_mu=1.0240410918316977e+154, beta_phi=nan
NaN in beta_*: layer 9, bs_iter=38, k=5226, beta_mu=1.4179381931689611e+153, beta_phi=nan
NaN in beta_*: layer 9, bs_iter=38, k=5236, beta_mu=4.144233851406179e+153, beta_phi=nan
NaN in beta_*: layer 9, bs_iter=38, k=5239, beta_mu=4.4252353138687474e+153, beta_phi=nan
NaN in beta_*: layer 9, bs_iter=38, k=5240, beta_mu=2.625566138963798e+153, beta_phi=nan
NaN in beta_*: layer 9, bs_iter=38, k=5241, beta_mu=7.617420239853539e+152, beta_phi=nan
NaN in beta_*: layer 9, bs_iter=38, k=5242, beta_mu=4.094173131731916e+153, beta_phi=nan
NaN in beta_*: layer 9, bs_iter=38, k=5243, beta_mu=1.0356607334590304e+153, beta_phi=nan
NaN in beta_*: layer 9, bs_iter=38, k=5245, beta_mu=2.6881757022201654e+153, beta_phi=nan
NaN in beta_*: layer 9, bs_iter=38, k=5246, beta_mu=3.044624553933718e+153, beta_phi=nan
NaN in beta_*: layer 9, bs_iter=38, k=5247, beta_mu=1.0723349950490864e+152, beta_phi=nan
NaN in beta_*: layer 9, bs_iter=38, k=5248, beta_mu=2.997515071313873e+153, beta_phi=nan
NaN in beta_*: layer 9, bs_iter=38, k=5249, beta_mu=3.029287254190487e+153, beta_phi=nan
NaN in beta_*: layer 9, bs_iter=38, k=5250, beta_mu=3.0310235637195323e+153, beta_phi=nan
NaN in beta_*: layer 9, bs_iter=38, k=5251, beta_mu=1.1541498479098637e+152, beta_phi=nan
NaN in beta_*: layer 9, bs_iter=38, k=5252, beta_mu=3.0347038967936754e+153, beta_phi=nan
NaN in beta_*: layer 9, bs_iter=38, k=5253, beta_mu=3.022646931485167e+153, beta_phi=nan
NaN in beta_*: layer 9, bs_iter=38, k=5254, beta_mu=3.031021850855374e+153, beta_phi=nan
NaN in beta_*: layer 9, bs_iter=38, k=5255, beta_mu=3.031021850855374e+153, beta_phi=nan
NaN in beta_*: layer 9, bs_iter=38, k=5256, beta_mu=4.055279186497145e+153, beta_phi=nan
NaN in beta_*: layer 9, bs_iter=38, k=5257, beta_mu=9.65659902109684e+151, beta_phi=nan
NaN in beta_*: layer 9, bs_iter=38, k=5258, beta_mu=2.090259137183147e+153, beta_phi=nan
NaN in beta_*: layer 9, bs_iter=38, k=5259, beta_mu=1.4928269530610957e+152, beta_phi=nan
NaN in beta_*: layer 9, bs_iter=38, k=5260, beta_mu=3.490498884793423e+153, beta_phi=nan
NaN in beta_*: layer 9, bs_iter=38, k=5263, beta_mu=4.066592364918323e+153, beta_phi=nan
NaN in beta_*: layer 9, bs_iter=38, k=5264, beta_mu=4.0665976051238925e+153, beta_phi=nan
NaN in beta_*: layer 9, bs_iter=38, k=5265, beta_mu=1.4888850267905624e+154, beta_phi=nan
NaN in beta_*: layer 9, bs_iter=38, k=5266, beta_mu=4.061419241470058e+153, beta_phi=nan
NaN in beta_*: layer 9, bs_iter=38, k=5268, beta_mu=9.654776274929657e+153, beta_phi=nan
NaN in beta_*: layer 9, bs_iter=38, k=5269, beta_mu=3.122924737977687e+152, beta_phi=nan
NaN in beta_*: layer 9, bs_iter=38, k=5270, beta_mu=6.99423987007799e+152, beta_phi=nan
NaN in beta_*: layer 9, bs_iter=38, k=5271, beta_mu=5.720844413226379e+152, beta_phi=nan
NaN in beta_*: layer 9, bs_iter=38, k=5272, beta_mu=4.772874034306349e+153, beta_phi=nan
NaN in beta_*: layer 9, bs_iter=38, k=5273, beta_mu=4.725407835427596e+153, beta_phi=nan
NaN in beta_*: layer 9, bs_iter=38, k=5274, beta_mu=4.7803857441360465e+153, beta_phi=nan
NaN in beta_*: layer 9, bs_iter=38, k=5275, beta_mu=4.7964110756541456e+153, beta_phi=nan
NaN in beta_*: layer 9, bs_iter=38, k=5276, beta_mu=1.4900222310898545e+153, beta_phi=nan
NaN in beta_*: layer 9, bs_iter=38, k=5277, beta_mu=4.80657516375716e+153, beta_phi=nan
NaN in beta_*: layer 9, bs_iter=38, k=5278, beta_mu=4.837789729296188e+153, beta_phi=nan
NaN in beta_*: layer 9, bs_iter=38, k=5279, beta_mu=4.7998724079928706e+153, beta_phi=nan
NaN in beta_*: layer 9, bs_iter=38, k=5280, beta_mu=4.338936225282337e+153, beta_phi=nan
NaN in beta_*: layer 9, bs_iter=38, k=5281, beta_mu=4.796414444454372e+153, beta_phi=nan
NaN in beta_*: layer 9, bs_iter=38, k=5282, beta_mu=1.6530126102869496e+154, beta_phi=nan
NaN in beta_*: layer 9, bs_iter=38, k=5283, beta_mu=6.260245318085015e+153, beta_phi=nan
NaN in beta_*: layer 9, bs_iter=38, k=5284, beta_mu=4.7964132438349615e+153, beta_phi=nan
NaN in beta_*: layer 9, bs_iter=38, k=5285, beta_mu=4.2071157664504644e+153, beta_phi=nan
NaN in beta_*: layer 9, bs_iter=38, k=5286, beta_mu=4.776586721023181e+153, beta_phi=nan
NaN in beta_*: layer 9, bs_iter=38, k=5287, beta_mu=4.6935527851953856e+153, beta_phi=nan
NaN in beta_*: layer 9, bs_iter=38, k=5288, beta_mu=9.529746940398046e+152, beta_phi=nan
NaN in beta_*: layer 9, bs_iter=38, k=5290, beta_mu=1.640909280730725e+154, beta_phi=nan
NaN in beta_*: layer 9, bs_iter=38, k=5291, beta_mu=9.417427270138821e+152, beta_phi=nan
NaN in beta_*: layer 9, bs_iter=38, k=5292, beta_mu=6.033277531475568e+153, beta_phi=nan
NaN in beta_*: layer 9, bs_iter=38, k=5293, beta_mu=1.660582259544369e+154, beta_phi=nan
NaN in beta_*: layer 9, bs_iter=38, k=5294, beta_mu=1.6583012681748642e+154, beta_phi=nan
NaN in beta_*: layer 9, bs_iter=38, k=5295, beta_mu=1.68341027298158e+154, beta_phi=nan
NaN in beta_*: layer 9, bs_iter=38, k=5296, beta_mu=3.8445204675268695e+153, beta_phi=nan
NaN in beta_*: layer 9, bs_iter=38, k=5297, beta_mu=1.0736835761855977e+153, beta_phi=nan
NaN in beta_*: layer 9, bs_iter=38, k=5298, beta_mu=1.0649494557094197e+153, beta_phi=nan
NaN in beta_*: layer 9, bs_iter=38, k=5299, beta_mu=1.0497556252918288e+153, beta_phi=nan
NaN in beta_*: layer 9, bs_iter=38, k=5300, beta_mu=1.6711084784534344e+154, beta_phi=nan
NaN in beta_*: layer 9, bs_iter=38, k=5301, beta_mu=1.6525354394544704e+154, beta_phi=nan
NaN in beta_*: layer 9, bs_iter=38, k=5302, beta_mu=1.656154234633837e+153, beta_phi=nan
NaN in beta_*: layer 9, bs_iter=38, k=5303, beta_mu=1.645496735132183e+154, beta_phi=nan
NaN in beta_*: layer 9, bs_iter=38, k=5304, beta_mu=1.6422496498291163e+154, beta_phi=nan
NaN in beta_*: layer 9, bs_iter=38, k=5305, beta_mu=1.6374415689491008e+154, beta_phi=nan
NaN in beta_*: layer 9, bs_iter=38, k=5306, beta_mu=1.64784176821775e+154, beta_phi=nan
NaN in beta_*: layer 9, bs_iter=38, k=5307, beta_mu=4.944557729516161e+153, beta_phi=nan
NaN in beta_*: layer 9, bs_iter=38, k=5308, beta_mu=1.5506541390234281e+153, beta_phi=nan
NaN in beta_*: layer 9, bs_iter=38, k=5310, beta_mu=2.9307520998998266e+152, beta_phi=nan
NaN in beta_*: layer 9, bs_iter=38, k=5311, beta_mu=1.6781078289156323e+154, beta_phi=nan
NaN in beta_*: layer 9, bs_iter=38, k=5312, beta_mu=2.9142421090380996e+152, beta_phi=nan
NaN in beta_*: layer 9, bs_iter=38, k=5313, beta_mu=1.1331866949585155e+153, beta_phi=nan
NaN in beta_*: layer 9, bs_iter=38, k=5314, beta_mu=2.8727350535636874e+152, beta_phi=nan
NaN in beta_*: layer 9, bs_iter=38, k=5315, beta_mu=1.139755053240338e+153, beta_phi=nan
NaN in beta_*: layer 9, bs_iter=38, k=5316, beta_mu=8.715839080532656e+153, beta_phi=nan
NaN in beta_*: layer 9, bs_iter=38, k=5317, beta_mu=4.979433346213e+153, beta_phi=nan
NaN in beta_*: layer 9, bs_iter=38, k=5318, beta_mu=1.2040896072636368e+153, beta_phi=nan
NaN in beta_*: layer 9, bs_iter=38, k=5319, beta_mu=8.684455297906159e+153, beta_phi=nan
NaN in beta_*: layer 9, bs_iter=38, k=5320, beta_mu=3.674796879757348e+153, beta_phi=nan
NaN in beta_*: layer 9, bs_iter=38, k=5321, beta_mu=9.517623950317468e+153, beta_phi=nan
NaN in beta_*: layer 9, bs_iter=38, k=5322, beta_mu=9.494868802813915e+153, beta_phi=nan
NaN in beta_*: layer 9, bs_iter=38, k=5323, beta_mu=7.461936591669647e+152, beta_phi=nan
NaN in beta_*: layer 9, bs_iter=38, k=5324, beta_mu=9.4509255171306e+153, beta_phi=nan
NaN in beta_*: layer 9, bs_iter=38, k=5325, beta_mu=9.510809842502278e+153, beta_phi=nan
NaN in beta_*: layer 9, bs_iter=38, k=5326, beta_mu=5.047758548576027e+153, beta_phi=nan
NaN in beta_*: layer 9, bs_iter=38, k=5327, beta_mu=4.9881773204528995e+153, beta_phi=nan
NaN in beta_*: layer 9, bs_iter=38, k=5328, beta_mu=5.006548812156049e+153, beta_phi=nan
NaN in beta_*: layer 9, bs_iter=38, k=5329, beta_mu=7.434085105117037e+153, beta_phi=nan
NaN in beta_*: layer 9, bs_iter=38, k=5330, beta_mu=3.598802762932321e+153, beta_phi=nan
NaN in beta_*: layer 9, bs_iter=38, k=5331, beta_mu=3.6892511459187755e+153, beta_phi=nan
NaN in beta_*: layer 9, bs_iter=38, k=5333, beta_mu=1.5045292736261765e+154, beta_phi=nan
NaN in beta_*: layer 9, bs_iter=38, k=5334, beta_mu=9.490494137736695e+153, beta_phi=nan
NaN in beta_*: layer 9, bs_iter=38, k=5335, beta_mu=3.716923144166221e+153, beta_phi=nan
NaN in beta_*: layer 9, bs_iter=38, k=5336, beta_mu=5.0047846417325284e+153, beta_phi=nan
NaN in beta_*: layer 9, bs_iter=38, k=5337, beta_mu=1.2698676638589038e+153, beta_phi=nan
NaN in beta_*: layer 9, bs_iter=38, k=5338, beta_mu=3.8049287349464136e+153, beta_phi=nan
NaN in beta_*: layer 9, bs_iter=38, k=5339, beta_mu=8.611120535658436e+153, beta_phi=nan
NaN in beta_*: layer 9, bs_iter=38, k=5340, beta_mu=6.0418718914481154e+153, beta_phi=nan
NaN in beta_*: layer 9, bs_iter=38, k=5341, beta_mu=6.187189597944746e+153, beta_phi=nan
NaN in beta_*: layer 9, bs_iter=38, k=5342, beta_mu=1.4958829437604125e+154, beta_phi=nan
NaN in beta_*: layer 9, bs_iter=38, k=5343, beta_mu=8.344538975767374e+153, beta_phi=nan
NaN in beta_*: layer 9, bs_iter=38, k=5345, beta_mu=1.493797159883082e+154, beta_phi=nan
NaN in beta_*: layer 9, bs_iter=38, k=5346, beta_mu=3.84684853475983e+153, beta_phi=nan
NaN in beta_*: layer 9, bs_iter=38, k=5347, beta_mu=8.570300286381133e+153, beta_phi=nan
NaN in beta_*: layer 9, bs_iter=38, k=5348, beta_mu=1.2918940233186424e+153, beta_phi=nan
NaN in beta_*: layer 9, bs_iter=38, k=5349, beta_mu=1.0445860834315383e+153, beta_phi=nan
NaN in beta_*: layer 9, bs_iter=38, k=5350, beta_mu=1.1250150603507389e+153, beta_phi=nan
NaN in beta_*: layer 9, bs_iter=38, k=5351, beta_mu=1.3828491963462466e+153, beta_phi=nan
NaN in beta_*: layer 9, bs_iter=38, k=5352, beta_mu=8.556230046964383e+153, beta_phi=nan
NaN in beta_*: layer 9, bs_iter=38, k=5353, beta_mu=8.539680689994235e+153, beta_phi=nan
NaN in beta_*: layer 9, bs_iter=38, k=5355, beta_mu=9.3786893395538e+153, beta_phi=nan
NaN in beta_*: layer 9, bs_iter=38, k=5356, beta_mu=3.599815113802949e+153, beta_phi=nan
NaN in beta_*: layer 9, bs_iter=38, k=5357, beta_mu=4.999973594327964e+153, beta_phi=nan
NaN in beta_*: layer 9, bs_iter=38, k=5358, beta_mu=8.565271868543863e+153, beta_phi=nan
NaN in beta_*: layer 9, bs_iter=38, k=5359, beta_mu=4.7395670694616615e+153, beta_phi=nan
NaN in beta_*: layer 9, bs_iter=38, k=5360, beta_mu=8.099193943017876e+152, beta_phi=nan
NaN in beta_*: layer 9, bs_iter=38, k=5361, beta_mu=3.43641570373909e+153, beta_phi=nan
NaN in beta_*: layer 9, bs_iter=38, k=5362, beta_mu=7.196084242476744e+153, beta_phi=nan
NaN in beta_*: layer 9, bs_iter=38, k=5363, beta_mu=1.3296908714959673e+153, beta_phi=nan
NaN in beta_*: layer 9, bs_iter=38, k=5364, beta_mu=7.913456383342806e+152, beta_phi=nan
NaN in beta_*: layer 9, bs_iter=38, k=5365, beta_mu=8.471679653734757e+153, beta_phi=nan
NaN in beta_*: layer 9, bs_iter=38, k=5366, beta_mu=3.614330461346959e+153, beta_phi=nan
NaN in beta_*: layer 9, bs_iter=38, k=5367, beta_mu=1.416670163542979e+152, beta_phi=nan
NaN in beta_*: layer 9, bs_iter=38, k=5368, beta_mu=7.982388159907474e+153, beta_phi=nan
NaN in beta_*: layer 9, bs_iter=38, k=5369, beta_mu=5.990741206784673e+153, beta_phi=nan
NaN in beta_*: layer 9, bs_iter=38, k=5370, beta_mu=7.42787164433766e+153, beta_phi=nan
NaN in beta_*: layer 9, bs_iter=38, k=5371, beta_mu=1.6648785476686063e+153, beta_phi=nan
NaN in beta_*: layer 9, bs_iter=38, k=5372, beta_mu=7.076962788212729e+153, beta_phi=nan
NaN in beta_*: layer 9, bs_iter=38, k=5373, beta_mu=7.081780617681275e+153, beta_phi=nan
NaN in beta_*: layer 9, bs_iter=38, k=5374, beta_mu=7.064509165548704e+153, beta_phi=nan
NaN in beta_*: layer 9, bs_iter=38, k=5375, beta_mu=7.541287445569724e+153, beta_phi=nan
NaN in beta_*: layer 9, bs_iter=38, k=5376, beta_mu=3.61668588151616e+153, beta_phi=nan
NaN in beta_*: layer 9, bs_iter=38, k=5377, beta_mu=7.108388462897557e+153, beta_phi=nan
NaN in beta_*: layer 9, bs_iter=38, k=5378, beta_mu=7.121495206136887e+153, beta_phi=nan
NaN in beta_*: layer 9, bs_iter=38, k=5379, beta_mu=7.01810547364459e+153, beta_phi=nan
NaN in beta_*: layer 9, bs_iter=38, k=5380, beta_mu=7.126321724294981e+153, beta_phi=nan
NaN in beta_*: layer 9, bs_iter=38, k=5381, beta_mu=7.139361130960055e+153, beta_phi=nan
NaN in beta_*: layer 9, bs_iter=38, k=5382, beta_mu=1.4881980596498106e+154, beta_phi=nan
NaN in beta_*: layer 9, bs_iter=38, k=5383, beta_mu=1.488198190830703e+154, beta_phi=nan
NaN in beta_*: layer 9, bs_iter=38, k=5384, beta_mu=1.4881983159021354e+154, beta_phi=nan
NaN in beta_*: layer 9, bs_iter=38, k=5385, beta_mu=1.4966555121086882e+154, beta_phi=nan
NaN in beta_*: layer 9, bs_iter=38, k=5386, beta_mu=1.4842927812549083e+154, beta_phi=nan
NaN in beta_*: layer 9, bs_iter=38, k=5387, beta_mu=1.473657607477279e+154, beta_phi=nan
NaN in beta_*: layer 9, bs_iter=38, k=5388, beta_mu=2.06790864103049e+153, beta_phi=nan
NaN in beta_*: layer 9, bs_iter=38, k=5389, beta_mu=3.730058762724562e+153, beta_phi=nan
NaN in beta_*: layer 9, bs_iter=38, k=5390, beta_mu=6.020531639554638e+152, beta_phi=nan
NaN in beta_*: layer 9, bs_iter=38, k=5392, beta_mu=6.653620624447126e+153, beta_phi=nan
NaN in beta_*: layer 9, bs_iter=38, k=5393, beta_mu=1.2338381614788205e+154, beta_phi=nan
NaN in beta_*: layer 9, bs_iter=38, k=5394, beta_mu=2.1414591791905214e+153, beta_phi=nan
NaN in beta_*: layer 9, bs_iter=38, k=5395, beta_mu=3.0654116999963973e+153, beta_phi=nan
NaN in beta_*: layer 9, bs_iter=38, k=5396, beta_mu=1.435875565386721e+154, beta_phi=nan
NaN in beta_*: layer 9, bs_iter=38, k=5399, beta_mu=1.0800357785119797e+153, beta_phi=nan
NaN in beta_*: layer 9, bs_iter=38, k=5400, beta_mu=2.8912407186346623e+153, beta_phi=nan
NaN in beta_*: layer 9, bs_iter=38, k=5401, beta_mu=4.573773002421732e+153, beta_phi=nan
NaN in beta_*: layer 9, bs_iter=38, k=5403, beta_mu=1.4944817222440893e+154, beta_phi=nan
NaN in beta_*: layer 9, bs_iter=38, k=5404, beta_mu=1.4285133298633464e+154, beta_phi=nan
NaN in beta_*: layer 9, bs_iter=38, k=5405, beta_mu=3.817358564713852e+153, beta_phi=nan
NaN in beta_*: layer 9, bs_iter=38, k=5406, beta_mu=1.482618186141988e+154, beta_phi=nan
NaN in beta_*: layer 9, bs_iter=38, k=5407, beta_mu=4.202483454596323e+153, beta_phi=nan
NaN in beta_*: layer 9, bs_iter=38, k=5408, beta_mu=1.4081227737095375e+154, beta_phi=nan
NaN in beta_*: layer 9, bs_iter=38, k=5409, beta_mu=1.6775278339839857e+152, beta_phi=nan
NaN in beta_*: layer 9, bs_iter=38, k=5410, beta_mu=1.4093901280111653e+154, beta_phi=nan
NaN in beta_*: layer 9, bs_iter=38, k=5411, beta_mu=1.1834945540715698e+153, beta_phi=nan
NaN in beta_*: layer 9, bs_iter=38, k=5412, beta_mu=4.8234696827675814e+153, beta_phi=nan
NaN in beta_*: layer 9, bs_iter=38, k=5413, beta_mu=1.411617597495227e+154, beta_phi=nan
NaN in beta_*: layer 9, bs_iter=38, k=5414, beta_mu=2.5690202702053366e+153, beta_phi=nan
NaN in beta_*: layer 9, bs_iter=38, k=5415, beta_mu=1.6834489219933892e+152, beta_phi=nan
NaN in beta_*: layer 9, bs_iter=38, k=5416, beta_mu=1.4354678521066724e+154, beta_phi=nan
NaN in beta_*: layer 9, bs_iter=38, k=5417, beta_mu=6.818397273371532e+153, beta_phi=nan
NaN in beta_*: layer 9, bs_iter=38, k=5418, beta_mu=7.479286243799244e+153, beta_phi=nan
NaN in beta_*: layer 9, bs_iter=38, k=5419, beta_mu=1.696275632280578e+154, beta_phi=nan
NaN in beta_*: layer 9, bs_iter=38, k=5420, beta_mu=7.44954727203155e+153, beta_phi=nan
NaN in beta_*: layer 9, bs_iter=38, k=5421, beta_mu=1.432081873648186e+154, beta_phi=nan
NaN in beta_*: layer 9, bs_iter=38, k=5423, beta_mu=5.560684251179672e+153, beta_phi=nan
NaN in beta_*: layer 9, bs_iter=38, k=5424, beta_mu=1.4424995414746876e+152, beta_phi=nan
NaN in beta_*: layer 9, bs_iter=38, k=5425, beta_mu=3.9602291087275344e+153, beta_phi=nan
NaN in beta_*: layer 9, bs_iter=38, k=5426, beta_mu=1.4214277044653544e+152, beta_phi=nan
NaN in beta_*: layer 9, bs_iter=38, k=5427, beta_mu=1.447628036453314e+154, beta_phi=nan
NaN in beta_*: layer 9, bs_iter=38, k=5428, beta_mu=1.4047303927772452e+154, beta_phi=nan
NaN in beta_*: layer 9, bs_iter=38, k=5430, beta_mu=5.112422083174307e+153, beta_phi=nan
NaN in beta_*: layer 9, bs_iter=38, k=5431, beta_mu=1.3366515510984134e+154, beta_phi=nan
NaN in beta_*: layer 9, bs_iter=38, k=5433, beta_mu=1.4622947155930473e+154, beta_phi=nan
NaN in beta_*: layer 9, bs_iter=38, k=5434, beta_mu=4.775356357328475e+153, beta_phi=nan
NaN in beta_*: layer 9, bs_iter=38, k=5435, beta_mu=4.762019814619666e+153, beta_phi=nan
NaN in beta_*: layer 9, bs_iter=38, k=5436, beta_mu=8.173169966976771e+153, beta_phi=nan
NaN in beta_*: layer 9, bs_iter=38, k=5437, beta_mu=8.173168821146653e+153, beta_phi=nan
NaN in beta_*: layer 9, bs_iter=38, k=5438, beta_mu=9.885025809481207e+153, beta_phi=nan
NaN in beta_*: layer 9, bs_iter=38, k=5439, beta_mu=8.184085170647339e+153, beta_phi=nan
NaN in beta_*: layer 9, bs_iter=38, k=5440, beta_mu=8.161167101235275e+153, beta_phi=nan
NaN in beta_*: layer 9, bs_iter=38, k=5441, beta_mu=8.426828355376849e+153, beta_phi=nan
NaN in beta_*: layer 9, bs_iter=38, k=5442, beta_mu=3.221489291825324e+153, beta_phi=nan
NaN in beta_*: layer 9, bs_iter=38, k=5443, beta_mu=6.6102768405360265e+153, beta_phi=nan
NaN in beta_*: layer 9, bs_iter=38, k=5444, beta_mu=2.8706302319811393e+153, beta_phi=nan
NaN in beta_*: layer 9, bs_iter=38, k=5445, beta_mu=4.7721486933015276e+153, beta_phi=nan
NaN in beta_*: layer 9, bs_iter=38, k=5446, beta_mu=1.983829768096962e+153, beta_phi=nan
NaN in beta_*: layer 9, bs_iter=38, k=5447, beta_mu=1.6821843912654202e+154, beta_phi=nan
NaN in beta_*: layer 9, bs_iter=38, k=5450, beta_mu=2.5590898959649497e+153, beta_phi=nan
NaN in beta_*: layer 9, bs_iter=38, k=5454, beta_mu=1.2786786774512605e+154, beta_phi=nan
NaN in beta_*: layer 9, bs_iter=38, k=5457, beta_mu=1.6014237664789802e+154, beta_phi=nan
NaN in beta_*: layer 9, bs_iter=38, k=5458, beta_mu=8.301247683554911e+153, beta_phi=nan
NaN in beta_*: layer 9, bs_iter=38, k=5459, beta_mu=5.235745717886745e+153, beta_phi=nan
NaN in beta_*: layer 9, bs_iter=38, k=5461, beta_mu=1.5791597685452216e+154, beta_phi=nan
NaN in beta_*: layer 9, bs_iter=38, k=5462, beta_mu=6.034398338653227e+153, beta_phi=nan
NaN in beta_*: layer 9, bs_iter=38, k=5463, beta_mu=1.6017811789676132e+154, beta_phi=nan
NaN in beta_*: layer 9, bs_iter=38, k=5464, beta_mu=7.782560201593123e+153, beta_phi=nan
NaN in beta_*: layer 9, bs_iter=38, k=5465, beta_mu=2.822162452033426e+153, beta_phi=nan
NaN in beta_*: layer 9, bs_iter=38, k=5466, beta_mu=8.058667798146999e+153, beta_phi=nan
NaN in beta_*: layer 9, bs_iter=38, k=5467, beta_mu=7.635672166077099e+153, beta_phi=nan
NaN in beta_*: layer 9, bs_iter=38, k=5468, beta_mu=8.006622481165822e+153, beta_phi=nan
NaN in beta_*: layer 9, bs_iter=38, k=5469, beta_mu=8.201311252104807e+153, beta_phi=nan
NaN in beta_*: layer 9, bs_iter=38, k=5470, beta_mu=8.067628339895462e+153, beta_phi=nan
NaN in beta_*: layer 9, bs_iter=38, k=5471, beta_mu=7.604764641418582e+153, beta_phi=nan
NaN in beta_*: layer 9, bs_iter=38, k=5472, beta_mu=1.2534095716679868e+154, beta_phi=nan
NaN in beta_*: layer 9, bs_iter=38, k=5474, beta_mu=5.200483774360857e+153, beta_phi=nan
NaN in beta_*: layer 9, bs_iter=38, k=5476, beta_mu=2.5296843771183055e+153, beta_phi=nan
NaN in beta_*: layer 9, bs_iter=38, k=5477, beta_mu=3.9789181830845054e+153, beta_phi=nan
NaN in beta_*: layer 9, bs_iter=38, k=5478, beta_mu=1.1381466567542092e+153, beta_phi=nan
NaN in beta_*: layer 9, bs_iter=38, k=5479, beta_mu=1.5819766697389054e+154, beta_phi=nan
NaN in beta_*: layer 9, bs_iter=38, k=5480, beta_mu=6.213911312208687e+153, beta_phi=nan
NaN in beta_*: layer 9, bs_iter=38, k=5481, beta_mu=1.5999086597976873e+153, beta_phi=nan
NaN in beta_*: layer 9, bs_iter=38, k=5482, beta_mu=7.509077635124465e+153, beta_phi=nan
NaN in beta_*: layer 9, bs_iter=38, k=5483, beta_mu=7.509083195737619e+153, beta_phi=nan
NaN in beta_*: layer 9, bs_iter=38, k=5484, beta_mu=1.8042817848187295e+154, beta_phi=nan
NaN in beta_*: layer 9, bs_iter=38, k=5485, beta_mu=1.622792113650803e+152, beta_phi=nan
NaN in beta_*: layer 9, bs_iter=38, k=5486, beta_mu=8.381264622830577e+153, beta_phi=nan
NaN in beta_*: layer 9, bs_iter=38, k=5487, beta_mu=6.226945330446522e+153, beta_phi=nan
NaN in beta_*: layer 9, bs_iter=38, k=5488, beta_mu=8.408149953487574e+153, beta_phi=nan
NaN in beta_*: layer 9, bs_iter=38, k=5489, beta_mu=7.550848789276546e+153, beta_phi=nan
NaN in beta_*: layer 9, bs_iter=38, k=5490, beta_mu=5.805191484532453e+153, beta_phi=nan
NaN in beta_*: layer 9, bs_iter=38, k=5491, beta_mu=5.170165973783426e+153, beta_phi=nan
NaN in beta_*: layer 9, bs_iter=38, k=5493, beta_mu=5.1251894762423e+153, beta_phi=nan
NaN in beta_*: layer 9, bs_iter=38, k=5494, beta_mu=2.520081130227466e+153, beta_phi=nan
NaN in beta_*: layer 9, bs_iter=38, k=5495, beta_mu=1.0459880559410019e+152, beta_phi=nan
NaN in beta_*: layer 9, bs_iter=38, k=5496, beta_mu=1.7552728006876624e+154, beta_phi=nan
NaN in beta_*: layer 9, bs_iter=38, k=5497, beta_mu=1.7532673912514403e+154, beta_phi=nan
NaN in beta_*: layer 9, bs_iter=38, k=5498, beta_mu=5.025446909824035e+153, beta_phi=nan
NaN in beta_*: layer 9, bs_iter=38, k=5499, beta_mu=2.346388942079646e+153, beta_phi=nan
NaN in beta_*: layer 9, bs_iter=38, k=5501, beta_mu=1.7658454595368e+154, beta_phi=nan
NaN in beta_*: layer 9, bs_iter=38, k=5504, beta_mu=1.067068707744494e+152, beta_phi=nan
NaN in beta_*: layer 9, bs_iter=38, k=5505, beta_mu=1.3286905243615462e+154, beta_phi=nan
NaN in beta_*: layer 9, bs_iter=38, k=5506, beta_mu=1.7150479381334672e+154, beta_phi=nan
NaN in beta_*: layer 9, bs_iter=38, k=5507, beta_mu=7.237800242993858e+153, beta_phi=nan
NaN in beta_*: layer 9, bs_iter=38, k=5508, beta_mu=7.234119464558045e+153, beta_phi=nan
NaN in beta_*: layer 9, bs_iter=38, k=5509, beta_mu=1.602719245216216e+153, beta_phi=nan
NaN in beta_*: layer 9, bs_iter=38, k=5510, beta_mu=1.0581704875401034e+152, beta_phi=nan
NaN in beta_*: layer 9, bs_iter=38, k=5511, beta_mu=1.7994570092493934e+154, beta_phi=nan
NaN in beta_*: layer 9, bs_iter=38, k=5512, beta_mu=8.115095893659363e+152, beta_phi=nan
NaN in beta_*: layer 9, bs_iter=38, k=5513, beta_mu=1.8373759769885725e+154, beta_phi=nan
NaN in beta_*: layer 9, bs_iter=38, k=5517, beta_mu=1.8128005997220763e+154, beta_phi=nan
NaN in beta_*: layer 9, bs_iter=38, k=5518, beta_mu=1.7436874935719705e+154, beta_phi=nan
NaN in beta_*: layer 9, bs_iter=38, k=5519, beta_mu=1.4522993319240303e+154, beta_phi=nan
NaN in beta_*: layer 9, bs_iter=38, k=5520, beta_mu=3.0495357542849915e+153, beta_phi=nan
NaN in beta_*: layer 9, bs_iter=38, k=5521, beta_mu=1.4904469153543763e+154, beta_phi=nan
NaN in beta_*: layer 9, bs_iter=38, k=5524, beta_mu=1.754410722364852e+154, beta_phi=nan
NaN in beta_*: layer 9, bs_iter=38, k=5525, beta_mu=1.7467601730280365e+154, beta_phi=nan
NaN in beta_*: layer 9, bs_iter=38, k=5526, beta_mu=1.6773083380572695e+152, beta_phi=nan
NaN in beta_*: layer 9, bs_iter=38, k=5528, beta_mu=1.859237935851695e+154, beta_phi=nan
NaN in beta_*: layer 9, bs_iter=38, k=5530, beta_mu=1.4908351353316865e+154, beta_phi=nan
NaN in beta_*: layer 9, bs_iter=38, k=5533, beta_mu=6.144294195240688e+153, beta_phi=nan
NaN in beta_*: layer 9, bs_iter=38, k=5534, beta_mu=1.0291277531344344e+154, beta_phi=nan
NaN in beta_*: layer 9, bs_iter=38, k=5535, beta_mu=4.868926914202803e+153, beta_phi=nan
NaN in beta_*: layer 9, bs_iter=38, k=5537, beta_mu=3.8696153923458113e+152, beta_phi=nan
NaN in beta_*: layer 9, bs_iter=38, k=5539, beta_mu=1.855332017519053e+154, beta_phi=nan
NaN in beta_*: layer 9, bs_iter=38, k=5540, beta_mu=6.376223728412384e+153, beta_phi=nan
NaN in beta_*: layer 9, bs_iter=38, k=5541, beta_mu=8.146952088574623e+153, beta_phi=nan
NaN in beta_*: layer 9, bs_iter=38, k=5542, beta_mu=1.467518435961946e+154, beta_phi=nan
NaN in beta_*: layer 9, bs_iter=38, k=5544, beta_mu=2.4897159521490093e+153, beta_phi=nan
NaN in beta_*: layer 9, bs_iter=38, k=5545, beta_mu=2.4928754130062713e+152, beta_phi=nan
NaN in beta_*: layer 9, bs_iter=38, k=5548, beta_mu=1.6564833981955976e+152, beta_phi=nan
NaN in beta_*: layer 9, bs_iter=38, k=5549, beta_mu=6.743971369038357e+153, beta_phi=nan
NaN in beta_*: layer 9, bs_iter=38, k=5550, beta_mu=1.8746511883740574e+154, beta_phi=nan
NaN in beta_*: layer 9, bs_iter=38, k=5551, beta_mu=1.7905734489650135e+154, beta_phi=nan
NaN in beta_*: layer 9, bs_iter=38, k=5552, beta_mu=6.392406234005906e+152, beta_phi=nan
NaN in beta_*: layer 9, bs_iter=38, k=5553, beta_mu=1.8218667342361513e+154, beta_phi=nan
NaN in beta_*: layer 9, bs_iter=38, k=5554, beta_mu=1.783558499931138e+154, beta_phi=nan
NaN in beta_*: layer 9, bs_iter=38, k=5555, beta_mu=1.8326896617618954e+154, beta_phi=nan
NaN in beta_*: layer 9, bs_iter=38, k=5556, beta_mu=1.4625174185915952e+154, beta_phi=nan
NaN in beta_*: layer 9, bs_iter=38, k=5557, beta_mu=2.3376596143530575e+152, beta_phi=nan
NaN in beta_*: layer 9, bs_iter=38, k=5560, beta_mu=1.7377334590900077e+154, beta_phi=nan
NaN in beta_*: layer 9, bs_iter=38, k=5561, beta_mu=1.8228806074544728e+154, beta_phi=nan
NaN in beta_*: layer 9, bs_iter=38, k=5563, beta_mu=1.6948306217491282e+152, beta_phi=nan
NaN in beta_*: layer 9, bs_iter=38, k=5564, beta_mu=1.8447395812019647e+154, beta_phi=nan
NaN in beta_*: layer 9, bs_iter=38, k=5565, beta_mu=1.854846133073774e+154, beta_phi=nan
NaN in beta_*: layer 9, bs_iter=38, k=5566, beta_mu=1.9629521438490884e+152, beta_phi=nan
NaN in beta_*: layer 9, bs_iter=38, k=5567, beta_mu=1.4373297343019206e+154, beta_phi=nan
NaN in beta_*: layer 9, bs_iter=38, k=5568, beta_mu=1.7049443856259182e+152, beta_phi=nan
NaN in beta_*: layer 9, bs_iter=38, k=5569, beta_mu=1.7150247990569575e+154, beta_phi=nan
NaN in beta_*: layer 9, bs_iter=38, k=5570, beta_mu=1.7754790986858847e+154, beta_phi=nan
NaN in beta_*: layer 9, bs_iter=38, k=5571, beta_mu=1.818121693122977e+153, beta_phi=nan
NaN in beta_*: layer 9, bs_iter=38, k=5573, beta_mu=1.9603171015748757e+152, beta_phi=nan
NaN in beta_*: layer 9, bs_iter=38, k=5574, beta_mu=1.782416098545352e+154, beta_phi=nan
NaN in beta_*: layer 9, bs_iter=38, k=5575, beta_mu=4.744027938958673e+153, beta_phi=nan
NaN in beta_*: layer 9, bs_iter=38, k=5577, beta_mu=2.3872992930467483e+153, beta_phi=nan
NaN in beta_*: layer 9, bs_iter=38, k=5578, beta_mu=1.8275584372629395e+153, beta_phi=nan
NaN in beta_*: layer 9, bs_iter=38, k=5579, beta_mu=1.921561056130988e+152, beta_phi=nan
NaN in beta_*: layer 9, bs_iter=38, k=5580, beta_mu=8.292622491389279e+152, beta_phi=nan
NaN in beta_*: layer 9, bs_iter=38, k=5581, beta_mu=7.470914362731185e+152, beta_phi=nan
NaN in beta_*: layer 9, bs_iter=38, k=5587, beta_mu=1.6574957393274216e+152, beta_phi=nan
NaN in beta_*: layer 9, bs_iter=38, k=5588, beta_mu=2.9964194883265613e+153, beta_phi=nan
NaN in beta_*: layer 9, bs_iter=38, k=5589, beta_mu=9.787940304731472e+152, beta_phi=nan
NaN in beta_*: layer 9, bs_iter=38, k=5591, beta_mu=3.988319539027242e+152, beta_phi=nan
NaN in beta_*: layer 9, bs_iter=38, k=5592, beta_mu=1.6616292118529448e+153, beta_phi=nan
NaN in beta_*: layer 9, bs_iter=38, k=5593, beta_mu=5.052256060436858e+153, beta_phi=nan
NaN in beta_*: layer 9, bs_iter=38, k=5594, beta_mu=1.254793057773064e+153, beta_phi=nan
NaN in beta_*: layer 9, bs_iter=38, k=5595, beta_mu=2.1715689747430248e+153, beta_phi=nan
NaN in beta_*: layer 9, bs_iter=38, k=5596, beta_mu=2.5431669704227043e+152, beta_phi=nan
NaN in beta_*: layer 9, bs_iter=38, k=5597, beta_mu=2.3256590300289664e+152, beta_phi=nan
NaN in beta_*: layer 9, bs_iter=38, k=5599, beta_mu=2.0962213232965955e+153, beta_phi=nan
NaN in beta_*: layer 9, bs_iter=38, k=5600, beta_mu=2.378961968413193e+152, beta_phi=nan
NaN in beta_*: layer 9, bs_iter=38, k=5601, beta_mu=2.2454661870059304e+153, beta_phi=nan
NaN in beta_*: layer 9, bs_iter=38, k=5602, beta_mu=2.3253712774601763e+152, beta_phi=nan
NaN in beta_*: layer 9, bs_iter=38, k=5603, beta_mu=2.2537890131393144e+153, beta_phi=nan
NaN in beta_*: layer 9, bs_iter=38, k=5604, beta_mu=2.39931961450381e+152, beta_phi=nan
NaN in beta_*: layer 9, bs_iter=38, k=5606, beta_mu=2.171942069877596e+153, beta_phi=nan
NaN in beta_*: layer 9, bs_iter=38, k=5607, beta_mu=2.208612725473623e+152, beta_phi=nan
NaN in beta_*: layer 9, bs_iter=38, k=5608, beta_mu=2.2086114274928255e+152, beta_phi=nan
NaN in beta_*: layer 9, bs_iter=38, k=5609, beta_mu=7.797307870536511e+152, beta_phi=nan
NaN in beta_*: layer 9, bs_iter=38, k=5611, beta_mu=8.433082942075353e+152, beta_phi=nan
NaN in beta_*: layer 9, bs_iter=38, k=5613, beta_mu=2.1719330697296437e+153, beta_phi=nan
NaN in beta_*: layer 9, bs_iter=38, k=5614, beta_mu=2.603455945987155e+153, beta_phi=nan
NaN in beta_*: layer 9, bs_iter=38, k=5615, beta_mu=2.603456653750271e+153, beta_phi=nan
NaN in beta_*: layer 9, bs_iter=38, k=5616, beta_mu=4.991546974870556e+152, beta_phi=nan
NaN in beta_*: layer 9, bs_iter=38, k=5617, beta_mu=5.08276398247552e+152, beta_phi=nan
NaN in beta_*: layer 9, bs_iter=38, k=5618, beta_mu=2.582414145592499e+153, beta_phi=nan
NaN in beta_*: layer 9, bs_iter=38, k=5619, beta_mu=5.0342610503687296e+153, beta_phi=nan
NaN in beta_*: layer 9, bs_iter=38, k=5620, beta_mu=1.6335214698439073e+153, beta_phi=nan
NaN in beta_*: layer 9, bs_iter=38, k=5621, beta_mu=2.593685185746465e+153, beta_phi=nan
NaN in beta_*: layer 9, bs_iter=38, k=5622, beta_mu=5.223686850693153e+152, beta_phi=nan
NaN in beta_*: layer 9, bs_iter=38, k=5623, beta_mu=5.0006424382512525e+153, beta_phi=nan
NaN in beta_*: layer 9, bs_iter=38, k=5624, beta_mu=2.1719270435099403e+153, beta_phi=nan
NaN in beta_*: layer 9, bs_iter=38, k=5625, beta_mu=3.825105701889465e+153, beta_phi=nan
NaN in beta_*: layer 9, bs_iter=38, k=5626, beta_mu=5.187132692451058e+152, beta_phi=nan
NaN in beta_*: layer 9, bs_iter=38, k=5627, beta_mu=2.6763911192067882e+153, beta_phi=nan
NaN in beta_*: layer 9, bs_iter=38, k=5628, beta_mu=6.951978601072387e+152, beta_phi=nan
NaN in beta_*: layer 9, bs_iter=38, k=5629, beta_mu=5.000629749964473e+153, beta_phi=nan
NaN in beta_*: layer 9, bs_iter=38, k=5630, beta_mu=2.1727130230599125e+153, beta_phi=nan
NaN in beta_*: layer 9, bs_iter=38, k=5632, beta_mu=1.9904527487216227e+153, beta_phi=nan
NaN in beta_*: layer 9, bs_iter=38, k=5634, beta_mu=2.1702325337614325e+153, beta_phi=nan
NaN in beta_*: layer 9, bs_iter=38, k=5635, beta_mu=3.179445264773424e+152, beta_phi=nan
NaN in beta_*: layer 9, bs_iter=38, k=5636, beta_mu=4.3503302481067104e+153, beta_phi=nan
NaN in beta_*: layer 9, bs_iter=38, k=5637, beta_mu=1.9704653530581468e+153, beta_phi=nan
NaN in beta_*: layer 9, bs_iter=38, k=5638, beta_mu=2.3216398277597706e+152, beta_phi=nan
NaN in beta_*: layer 9, bs_iter=38, k=5639, beta_mu=1.2984984515489417e+153, beta_phi=nan
NaN in beta_*: layer 9, bs_iter=38, k=5641, beta_mu=5.876362135879196e+152, beta_phi=nan
NaN in beta_*: layer 9, bs_iter=38, k=5642, beta_mu=2.2434777415986223e+154, beta_phi=nan
NaN in beta_*: layer 9, bs_iter=38, k=5643, beta_mu=1.0928388972545147e+153, beta_phi=nan
NaN in beta_*: layer 9, bs_iter=38, k=5644, beta_mu=8.218369081500123e+152, beta_phi=nan
NaN in beta_*: layer 9, bs_iter=38, k=5645, beta_mu=2.621642675599925e+154, beta_phi=nan
NaN in beta_*: layer 9, bs_iter=38, k=5646, beta_mu=1.4031804022583497e+154, beta_phi=nan
NaN in beta_*: layer 9, bs_iter=38, k=5647, beta_mu=5.674758700939201e+152, beta_phi=nan
NaN in beta_*: layer 9, bs_iter=38, k=5648, beta_mu=2.465370134129511e+153, beta_phi=nan
NaN in beta_*: layer 9, bs_iter=38, k=5649, beta_mu=6.243296960505503e+152, beta_phi=nan
NaN in beta_*: layer 9, bs_iter=38, k=5650, beta_mu=7.081281259495149e+153, beta_phi=nan
NaN in beta_*: layer 9, bs_iter=38, k=5652, beta_mu=3.7677185688952434e+153, beta_phi=nan
NaN in beta_*: layer 9, bs_iter=38, k=5653, beta_mu=7.02738990220502e+153, beta_phi=nan
NaN in beta_*: layer 9, bs_iter=38, k=5654, beta_mu=3.520402713015062e+153, beta_phi=nan
NaN in beta_*: layer 9, bs_iter=38, k=5655, beta_mu=3.571238011246858e+153, beta_phi=nan
NaN in beta_*: layer 9, bs_iter=38, k=5657, beta_mu=4.428301011412023e+152, beta_phi=nan
NaN in beta_*: layer 9, bs_iter=38, k=5658, beta_mu=7.130221707403139e+153, beta_phi=nan
NaN in beta_*: layer 9, bs_iter=38, k=5659, beta_mu=3.6278027686277914e+153, beta_phi=nan
NaN in beta_*: layer 9, bs_iter=38, k=5660, beta_mu=4.5306510578238234e+153, beta_phi=nan
NaN in beta_*: layer 9, bs_iter=38, k=5661, beta_mu=2.12413844672669e+153, beta_phi=nan
NaN in beta_*: layer 9, bs_iter=38, k=5662, beta_mu=1.2872512267977701e+153, beta_phi=nan
NaN in beta_*: layer 9, bs_iter=38, k=5663, beta_mu=6.921572164944883e+153, beta_phi=nan
NaN in beta_*: layer 9, bs_iter=38, k=5665, beta_mu=3.66012086936125e+153, beta_phi=nan
NaN in beta_*: layer 9, bs_iter=38, k=5666, beta_mu=1.3181904270406826e+152, beta_phi=nan
NaN in beta_*: layer 9, bs_iter=38, k=5667, beta_mu=4.706036479462154e+153, beta_phi=nan
NaN in beta_*: layer 9, bs_iter=38, k=5668, beta_mu=1.34276480554858e+152, beta_phi=nan
NaN in beta_*: layer 9, bs_iter=38, k=5669, beta_mu=6.391124385734777e+152, beta_phi=nan
NaN in beta_*: layer 9, bs_iter=38, k=5670, beta_mu=6.914030807340367e+153, beta_phi=nan
NaN in beta_*: layer 9, bs_iter=38, k=5671, beta_mu=2.271488216611482e+153, beta_phi=nan
NaN in beta_*: layer 9, bs_iter=38, k=5672, beta_mu=3.577945909759852e+153, beta_phi=nan
NaN in beta_*: layer 9, bs_iter=38, k=5673, beta_mu=3.543482032232919e+153, beta_phi=nan
NaN in beta_*: layer 9, bs_iter=38, k=5674, beta_mu=8.344528631667611e+154, beta_phi=nan
NaN in beta_*: layer 9, bs_iter=38, k=5676, beta_mu=1.351610879030918e+154, beta_phi=nan
NaN in beta_*: layer 9, bs_iter=38, k=5677, beta_mu=7.05844148926784e+153, beta_phi=nan
NaN in beta_*: layer 9, bs_iter=38, k=5678, beta_mu=3.2758241703853457e+152, beta_phi=nan
NaN in beta_*: layer 9, bs_iter=38, k=5679, beta_mu=2.760502429716755e+153, beta_phi=nan
NaN in beta_*: layer 9, bs_iter=38, k=5681, beta_mu=2.544746933603834e+154, beta_phi=nan
NaN in beta_*: layer 9, bs_iter=38, k=5683, beta_mu=3.516852410765146e+153, beta_phi=nan
NaN in beta_*: layer 9, bs_iter=38, k=5684, beta_mu=3.801576977918559e+153, beta_phi=nan
NaN in beta_*: layer 9, bs_iter=38, k=5685, beta_mu=6.171665100499294e+152, beta_phi=nan
NaN in beta_*: layer 9, bs_iter=38, k=5686, beta_mu=6.790655068618408e+153, beta_phi=nan
NaN in beta_*: layer 9, bs_iter=38, k=5687, beta_mu=5.3444686595620625e+153, beta_phi=nan
NaN in beta_*: layer 9, bs_iter=38, k=5688, beta_mu=1.4561244131802704e+154, beta_phi=nan
NaN in beta_*: layer 9, bs_iter=38, k=5690, beta_mu=4.387154418648833e+152, beta_phi=nan
NaN in beta_*: layer 9, bs_iter=38, k=5694, beta_mu=1.6359711986500839e+153, beta_phi=nan
NaN in beta_*: layer 9, bs_iter=38, k=5695, beta_mu=1.8168480525274754e+154, beta_phi=nan
NaN in beta_*: layer 9, bs_iter=38, k=5696, beta_mu=8.13654633428059e+153, beta_phi=nan
NaN in beta_*: layer 9, bs_iter=38, k=5697, beta_mu=3.593229725231622e+153, beta_phi=nan
NaN in beta_*: layer 9, bs_iter=38, k=5698, beta_mu=3.6078044678224734e+153, beta_phi=nan
NaN in beta_*: layer 9, bs_iter=38, k=5699, beta_mu=1.056826630984763e+154, beta_phi=nan
NaN in beta_*: layer 9, bs_iter=38, k=5700, beta_mu=3.585551322915957e+153, beta_phi=nan
NaN in beta_*: layer 9, bs_iter=38, k=5701, beta_mu=1.1246998323957588e+153, beta_phi=nan
NaN in beta_*: layer 9, bs_iter=38, k=5702, beta_mu=1.9377562314832476e+154, beta_phi=nan
NaN in beta_*: layer 9, bs_iter=38, k=5703, beta_mu=1.8090074907029044e+154, beta_phi=nan
NaN in beta_*: layer 9, bs_iter=38, k=5705, beta_mu=7.638821314657472e+153, beta_phi=nan
NaN in beta_*: layer 9, bs_iter=38, k=5706, beta_mu=1.7439954730276564e+154, beta_phi=nan
NaN in beta_*: layer 9, bs_iter=38, k=5707, beta_mu=1.8015346092218735e+154, beta_phi=nan
NaN in beta_*: layer 9, bs_iter=38, k=5708, beta_mu=3.40593816209843e+153, beta_phi=nan
NaN in beta_*: layer 9, bs_iter=38, k=5709, beta_mu=1.3206371868618722e+153, beta_phi=nan
NaN in beta_*: layer 9, bs_iter=38, k=5710, beta_mu=1.7915871447414514e+154, beta_phi=nan
NaN in beta_*: layer 9, bs_iter=38, k=5711, beta_mu=5.770644247814609e+153, beta_phi=nan
NaN in beta_*: layer 9, bs_iter=38, k=5713, beta_mu=8.735971342849587e+153, beta_phi=nan
NaN in beta_*: layer 9, bs_iter=38, k=5714, beta_mu=1.5294125224048118e+153, beta_phi=nan
NaN in beta_*: layer 9, bs_iter=38, k=5715, beta_mu=3.649797024668232e+153, beta_phi=nan
NaN in beta_*: layer 9, bs_iter=38, k=5717, beta_mu=3.600488900040155e+153, beta_phi=nan
NaN in beta_*: layer 9, bs_iter=38, k=5718, beta_mu=1.2375802433264688e+154, beta_phi=nan
NaN in beta_*: layer 9, bs_iter=38, k=5719, beta_mu=2.4302987222699138e+153, beta_phi=nan
NaN in beta_*: layer 9, bs_iter=38, k=5721, beta_mu=1.866794541827892e+154, beta_phi=nan
NaN in beta_*: layer 9, bs_iter=38, k=5722, beta_mu=1.7256011934099782e+153, beta_phi=nan
NaN in beta_*: layer 9, bs_iter=38, k=5723, beta_mu=3.6458325873503556e+153, beta_phi=nan
NaN in beta_*: layer 9, bs_iter=38, k=5724, beta_mu=3.645832056378708e+153, beta_phi=nan
NaN in beta_*: layer 9, bs_iter=38, k=5725, beta_mu=1.8703387491036232e+154, beta_phi=nan
NaN in beta_*: layer 9, bs_iter=38, k=5726, beta_mu=3.667917747518276e+153, beta_phi=nan
NaN in beta_*: layer 9, bs_iter=38, k=5727, beta_mu=1.9119062833522386e+154, beta_phi=nan
NaN in beta_*: layer 9, bs_iter=38, k=5728, beta_mu=1.6784094611601666e+153, beta_phi=nan
NaN in beta_*: layer 9, bs_iter=38, k=5729, beta_mu=1.868520748363162e+154, beta_phi=nan
NaN in beta_*: layer 9, bs_iter=38, k=5730, beta_mu=7.62241268306409e+153, beta_phi=nan
NaN in beta_*: layer 9, bs_iter=38, k=5731, beta_mu=1.9839747033562764e+154, beta_phi=nan
NaN in beta_*: layer 9, bs_iter=38, k=5732, beta_mu=5.265692958340581e+152, beta_phi=nan
NaN in beta_*: layer 9, bs_iter=38, k=5733, beta_mu=6.806726759982109e+153, beta_phi=nan
NaN in beta_*: layer 9, bs_iter=38, k=5734, beta_mu=6.796897212985703e+152, beta_phi=nan
NaN in beta_*: layer 9, bs_iter=38, k=5735, beta_mu=3.718957192279896e+153, beta_phi=nan
NaN in beta_*: layer 9, bs_iter=38, k=5736, beta_mu=7.471893373429806e+153, beta_phi=nan
NaN in beta_*: layer 9, bs_iter=38, k=5737, beta_mu=7.485404427661652e+153, beta_phi=nan
NaN in beta_*: layer 9, bs_iter=38, k=5738, beta_mu=2.4279773299505468e+153, beta_phi=nan
NaN in beta_*: layer 9, bs_iter=38, k=5739, beta_mu=1.548087891929071e+154, beta_phi=nan
NaN in beta_*: layer 9, bs_iter=38, k=5740, beta_mu=1.5637223230602717e+154, beta_phi=nan
NaN in beta_*: layer 9, bs_iter=38, k=5742, beta_mu=3.2916844970835667e+152, beta_phi=nan
NaN in beta_*: layer 9, bs_iter=38, k=5743, beta_mu=3.270855927565885e+152, beta_phi=nan
NaN in beta_*: layer 9, bs_iter=38, k=5744, beta_mu=1.5648134480904835e+154, beta_phi=nan
NaN in beta_*: layer 9, bs_iter=38, k=5745, beta_mu=1.5657473076632823e+154, beta_phi=nan
NaN in beta_*: layer 9, bs_iter=38, k=5746, beta_mu=1.5597046159071244e+154, beta_phi=nan
NaN in beta_*: layer 9, bs_iter=38, k=5748, beta_mu=3.1633050080383273e+152, beta_phi=nan
NaN in beta_*: layer 9, bs_iter=38, k=5749, beta_mu=1.573769800792861e+154, beta_phi=nan
NaN in beta_*: layer 9, bs_iter=38, k=5750, beta_mu=9.500667151236421e+153, beta_phi=nan
NaN in beta_*: layer 9, bs_iter=38, k=5751, beta_mu=7.546915700378279e+153, beta_phi=nan
NaN in beta_*: layer 9, bs_iter=38, k=5752, beta_mu=6.895258135306711e+152, beta_phi=nan
NaN in beta_*: layer 9, bs_iter=38, k=5753, beta_mu=3.124600830741362e+152, beta_phi=nan
NaN in beta_*: layer 9, bs_iter=38, k=5754, beta_mu=3.022656480252168e+152, beta_phi=nan
NaN in beta_*: layer 9, bs_iter=38, k=5755, beta_mu=6.701088794763243e+152, beta_phi=nan
NaN in beta_*: layer 9, bs_iter=38, k=5756, beta_mu=2.5255431835091508e+154, beta_phi=nan
NaN in beta_*: layer 9, bs_iter=38, k=5757, beta_mu=1.5695328866137503e+154, beta_phi=nan
NaN in beta_*: layer 9, bs_iter=38, k=5758, beta_mu=1.5695336826656814e+154, beta_phi=nan
NaN in beta_*: layer 9, bs_iter=38, k=5759, beta_mu=7.649022312350743e+153, beta_phi=nan
NaN in beta_*: layer 9, bs_iter=38, k=5760, beta_mu=3.3481961346939813e+152, beta_phi=nan
NaN in beta_*: layer 9, bs_iter=38, k=5761, beta_mu=3.2974081250020847e+152, beta_phi=nan
NaN in beta_*: layer 9, bs_iter=38, k=5762, beta_mu=7.58790233097617e+153, beta_phi=nan
NaN in beta_*: layer 9, bs_iter=38, k=5763, beta_mu=5.3462295357243775e+153, beta_phi=nan
NaN in beta_*: layer 9, bs_iter=38, k=5764, beta_mu=5.108232505342727e+153, beta_phi=nan
NaN in beta_*: layer 9, bs_iter=38, k=5765, beta_mu=7.56026261626927e+153, beta_phi=nan
NaN in beta_*: layer 9, bs_iter=38, k=5766, beta_mu=3.7964361709782554e+153, beta_phi=nan
NaN in beta_*: layer 9, bs_iter=38, k=5767, beta_mu=1.5657339993907015e+154, beta_phi=nan
NaN in beta_*: layer 9, bs_iter=38, k=5768, beta_mu=1.252611606511981e+153, beta_phi=nan
NaN in beta_*: layer 9, bs_iter=38, k=5769, beta_mu=6.700066767220272e+152, beta_phi=nan
NaN in beta_*: layer 9, bs_iter=38, k=5770, beta_mu=7.582347800602365e+153, beta_phi=nan
NaN in beta_*: layer 9, bs_iter=38, k=5771, beta_mu=1.4086420597092627e+154, beta_phi=nan
NaN in beta_*: layer 9, bs_iter=38, k=5774, beta_mu=6.5283819851116055e+152, beta_phi=nan
NaN in beta_*: layer 9, bs_iter=38, k=5775, beta_mu=6.624909145686469e+152, beta_phi=nan
NaN in beta_*: layer 9, bs_iter=38, k=5776, beta_mu=3.8107601974265913e+154, beta_phi=nan
NaN in beta_*: layer 9, bs_iter=38, k=5777, beta_mu=7.697575158367792e+153, beta_phi=nan
NaN in beta_*: layer 9, bs_iter=38, k=5778, beta_mu=3.868523391879226e+154, beta_phi=nan
NaN in beta_*: layer 9, bs_iter=38, k=5779, beta_mu=1.5669107184503786e+154, beta_phi=nan
NaN in beta_*: layer 9, bs_iter=38, k=5781, beta_mu=6.122787274293297e+153, beta_phi=nan
NaN in beta_*: layer 9, bs_iter=38, k=5783, beta_mu=7.57891345233655e+153, beta_phi=nan
NaN in beta_*: layer 9, bs_iter=38, k=5784, beta_mu=1.5559661998130694e+154, beta_phi=nan
NaN in beta_*: layer 9, bs_iter=38, k=5785, beta_mu=3.0226459265132786e+152, beta_phi=nan
NaN in beta_*: layer 9, bs_iter=38, k=5786, beta_mu=1.292517608069418e+154, beta_phi=nan
NaN in beta_*: layer 9, bs_iter=38, k=5787, beta_mu=1.2925407522242008e+154, beta_phi=nan
NaN in beta_*: layer 9, bs_iter=38, k=5788, beta_mu=6.178880519391988e+152, beta_phi=nan
NaN in beta_*: layer 9, bs_iter=38, k=5789, beta_mu=6.127243812143471e+152, beta_phi=nan
NaN in beta_*: layer 9, bs_iter=38, k=5790, beta_mu=6.144832015006961e+152, beta_phi=nan
NaN in beta_*: layer 9, bs_iter=38, k=5791, beta_mu=7.56827416439431e+153, beta_phi=nan
NaN in beta_*: layer 9, bs_iter=38, k=5792, beta_mu=1.5496963236675083e+154, beta_phi=nan
NaN in beta_*: layer 9, bs_iter=38, k=5794, beta_mu=6.196542194353297e+152, beta_phi=nan
NaN in beta_*: layer 9, bs_iter=38, k=5795, beta_mu=6.196536974700766e+152, beta_phi=nan
NaN in beta_*: layer 9, bs_iter=38, k=5796, beta_mu=6.280729618455707e+152, beta_phi=nan
NaN in beta_*: layer 9, bs_iter=38, k=5797, beta_mu=7.757207941720068e+153, beta_phi=nan
NaN in beta_*: layer 9, bs_iter=38, k=5798, beta_mu=7.146911583936062e+153, beta_phi=nan
NaN in beta_*: layer 9, bs_iter=38, k=5799, beta_mu=9.596243663459582e+151, beta_phi=nan
NaN in beta_*: layer 9, bs_iter=38, k=5801, beta_mu=1.5486308506573738e+154, beta_phi=nan
NaN in beta_*: layer 9, bs_iter=38, k=5802, beta_mu=3.1095851494386154e+152, beta_phi=nan
NaN in beta_*: layer 9, bs_iter=38, k=5803, beta_mu=6.298544209948784e+152, beta_phi=nan
NaN in beta_*: layer 9, bs_iter=38, k=5804, beta_mu=6.304211344322768e+152, beta_phi=nan
NaN in beta_*: layer 9, bs_iter=38, k=5805, beta_mu=3.1217017123806777e+153, beta_phi=nan
NaN in beta_*: layer 9, bs_iter=38, k=5806, beta_mu=3.1095856840334224e+152, beta_phi=nan
NaN in beta_*: layer 9, bs_iter=38, k=5807, beta_mu=5.587227302401526e+152, beta_phi=nan
NaN in beta_*: layer 9, bs_iter=38, k=5808, beta_mu=5.713106547408723e+153, beta_phi=nan
NaN in beta_*: layer 9, bs_iter=38, k=5809, beta_mu=7.5287675771347e+153, beta_phi=nan
NaN in beta_*: layer 9, bs_iter=38, k=5810, beta_mu=6.30420425390621e+152, beta_phi=nan
NaN in beta_*: layer 9, bs_iter=38, k=5811, beta_mu=6.304208466573656e+152, beta_phi=nan
NaN in beta_*: layer 9, bs_iter=38, k=5812, beta_mu=1.568804825004964e+154, beta_phi=nan
NaN in beta_*: layer 9, bs_iter=38, k=5813, beta_mu=6.807479680729814e+152, beta_phi=nan
NaN in beta_*: layer 9, bs_iter=38, k=5814, beta_mu=1.5716261896506137e+154, beta_phi=nan
NaN in beta_*: layer 9, bs_iter=38, k=5815, beta_mu=3.3176231362944423e+152, beta_phi=nan
NaN in beta_*: layer 9, bs_iter=38, k=5816, beta_mu=7.253022370752403e+153, beta_phi=nan
NaN in beta_*: layer 9, bs_iter=38, k=5817, beta_mu=6.754538633831727e+152, beta_phi=nan
NaN in beta_*: layer 9, bs_iter=38, k=5818, beta_mu=6.736088371260073e+152, beta_phi=nan
NaN in beta_*: layer 9, bs_iter=38, k=5819, beta_mu=6.924822986531565e+152, beta_phi=nan
NaN in beta_*: layer 9, bs_iter=38, k=5820, beta_mu=6.754496851628205e+152, beta_phi=nan
NaN in beta_*: layer 9, bs_iter=38, k=5821, beta_mu=1.577201988563289e+154, beta_phi=nan
NaN in beta_*: layer 9, bs_iter=38, k=5822, beta_mu=1.2312099611115017e+154, beta_phi=nan
NaN in beta_*: layer 9, bs_iter=38, k=5824, beta_mu=7.648714906371214e+153, beta_phi=nan
NaN in beta_*: layer 9, bs_iter=38, k=5825, beta_mu=3.3095539305786647e+152, beta_phi=nan
NaN in beta_*: layer 9, bs_iter=38, k=5826, beta_mu=7.51109281644294e+153, beta_phi=nan
NaN in beta_*: layer 9, bs_iter=38, k=5827, beta_mu=6.856846411108363e+152, beta_phi=nan
NaN in beta_*: layer 9, bs_iter=38, k=5828, beta_mu=7.450812909716867e+153, beta_phi=nan
NaN in beta_*: layer 9, bs_iter=38, k=5829, beta_mu=9.99006953548285e+153, beta_phi=nan
NaN in beta_*: layer 9, bs_iter=38, k=5830, beta_mu=3.077259072146316e+153, beta_phi=nan
NaN in beta_*: layer 9, bs_iter=38, k=5831, beta_mu=5.500712756023588e+153, beta_phi=nan
NaN in beta_*: layer 9, bs_iter=38, k=5832, beta_mu=3.0427151725364724e+154, beta_phi=nan
NaN in beta_*: layer 9, bs_iter=38, k=5833, beta_mu=2.91688367307824e+152, beta_phi=nan
NaN in beta_*: layer 9, bs_iter=38, k=5834, beta_mu=9.401455380397826e+153, beta_phi=nan
NaN in beta_*: layer 9, bs_iter=38, k=5835, beta_mu=9.401461634540178e+153, beta_phi=nan
NaN in beta_*: layer 9, bs_iter=38, k=5836, beta_mu=3.438323096801933e+153, beta_phi=nan
NaN in beta_*: layer 9, bs_iter=38, k=5838, beta_mu=1.0181448210137061e+152, beta_phi=nan
NaN in beta_*: layer 9, bs_iter=38, k=5839, beta_mu=2.8564959618459877e+152, beta_phi=nan
NaN in beta_*: layer 9, bs_iter=38, k=5840, beta_mu=3.165824468674794e+152, beta_phi=nan
NaN in beta_*: layer 9, bs_iter=38, k=5841, beta_mu=1.5344516881985805e+154, beta_phi=nan
NaN in beta_*: layer 9, bs_iter=38, k=5843, beta_mu=2.894327016481285e+152, beta_phi=nan
NaN in beta_*: layer 9, bs_iter=38, k=5844, beta_mu=9.404677457355666e+153, beta_phi=nan
NaN in beta_*: layer 9, bs_iter=38, k=5845, beta_mu=2.894321668262914e+152, beta_phi=nan
NaN in beta_*: layer 9, bs_iter=38, k=5846, beta_mu=1.540216509782506e+154, beta_phi=nan
NaN in beta_*: layer 9, bs_iter=38, k=5848, beta_mu=8.840797532968371e+153, beta_phi=nan
NaN in beta_*: layer 9, bs_iter=38, k=5849, beta_mu=2.484732282700822e+152, beta_phi=nan
NaN in beta_*: layer 9, bs_iter=38, k=5851, beta_mu=9.36175894646908e+153, beta_phi=nan
NaN in beta_*: layer 9, bs_iter=38, k=5852, beta_mu=9.539637438580038e+153, beta_phi=nan
NaN in beta_*: layer 9, bs_iter=38, k=5853, beta_mu=1.5428396874411487e+154, beta_phi=nan
NaN in beta_*: layer 9, bs_iter=38, k=5854, beta_mu=2.894323528803922e+152, beta_phi=nan
NaN in beta_*: layer 9, bs_iter=38, k=5855, beta_mu=2.8943266785855914e+152, beta_phi=nan
NaN in beta_*: layer 9, bs_iter=38, k=5856, beta_mu=9.725290917437519e+153, beta_phi=nan
NaN in beta_*: layer 9, bs_iter=38, k=5857, beta_mu=5.045128719406986e+153, beta_phi=nan
NaN in beta_*: layer 9, bs_iter=38, k=5858, beta_mu=4.938695158103127e+153, beta_phi=nan
NaN in beta_*: layer 9, bs_iter=38, k=5859, beta_mu=4.938692697394666e+153, beta_phi=nan
NaN in beta_*: layer 9, bs_iter=38, k=5860, beta_mu=1.558526209117626e+154, beta_phi=nan
NaN in beta_*: layer 9, bs_iter=38, k=5861, beta_mu=3.16584562452201e+152, beta_phi=nan
NaN in beta_*: layer 9, bs_iter=38, k=5863, beta_mu=9.427767650478659e+153, beta_phi=nan
NaN in beta_*: layer 9, bs_iter=38, k=5865, beta_mu=1.528633462061256e+154, beta_phi=nan
NaN in beta_*: layer 9, bs_iter=38, k=5867, beta_mu=4.939620905588781e+153, beta_phi=nan
NaN in beta_*: layer 9, bs_iter=38, k=5868, beta_mu=1.5454482538550462e+154, beta_phi=nan
NaN in beta_*: layer 9, bs_iter=38, k=5869, beta_mu=1.0179520778821122e+152, beta_phi=nan
NaN in beta_*: layer 9, bs_iter=38, k=5870, beta_mu=2.78532507412749e+152, beta_phi=nan
NaN in beta_*: layer 9, bs_iter=38, k=5872, beta_mu=5.7035294940456004e+153, beta_phi=nan
NaN in beta_*: layer 9, bs_iter=38, k=5873, beta_mu=2.9554739862588314e+152, beta_phi=nan
NaN in beta_*: layer 9, bs_iter=38, k=5874, beta_mu=1.85141853669225e+153, beta_phi=nan
NaN in beta_*: layer 9, bs_iter=38, k=5875, beta_mu=1.544563090851604e+154, beta_phi=nan
NaN in beta_*: layer 9, bs_iter=38, k=5876, beta_mu=1.5352757351397157e+154, beta_phi=nan
NaN in beta_*: layer 9, bs_iter=38, k=5877, beta_mu=3.278866582883081e+154, beta_phi=nan
NaN in beta_*: layer 9, bs_iter=38, k=5878, beta_mu=2.983560754494489e+152, beta_phi=nan
NaN in beta_*: layer 9, bs_iter=38, k=5880, beta_mu=9.227229471310991e+151, beta_phi=nan
NaN in beta_*: layer 9, bs_iter=38, k=5881, beta_mu=9.407047927712052e+153, beta_phi=nan
NaN in beta_*: layer 9, bs_iter=38, k=5882, beta_mu=2.894328362903119e+152, beta_phi=nan
NaN in beta_*: layer 9, bs_iter=38, k=5883, beta_mu=9.539646210514608e+153, beta_phi=nan
NaN in beta_*: layer 9, bs_iter=38, k=5884, beta_mu=1.5354708801160527e+154, beta_phi=nan
NaN in beta_*: layer 9, bs_iter=38, k=5886, beta_mu=1.2595961275824759e+154, beta_phi=nan
NaN in beta_*: layer 9, bs_iter=38, k=5887, beta_mu=1.5427513053974214e+154, beta_phi=nan
NaN in beta_*: layer 9, bs_iter=38, k=5888, beta_mu=2.52139335262383e+153, beta_phi=nan
NaN in beta_*: layer 9, bs_iter=38, k=5889, beta_mu=2.8943276275021413e+152, beta_phi=nan
NaN in beta_*: layer 9, bs_iter=38, k=5890, beta_mu=8.619997767805776e+153, beta_phi=nan
NaN in beta_*: layer 9, bs_iter=38, k=5891, beta_mu=1.7430701213908526e+152, beta_phi=nan
NaN in beta_*: layer 9, bs_iter=38, k=5892, beta_mu=1.5358363543318996e+154, beta_phi=nan
NaN in beta_*: layer 9, bs_iter=38, k=5893, beta_mu=1.5358380956888605e+154, beta_phi=nan
NaN in beta_*: layer 9, bs_iter=38, k=5894, beta_mu=9.685865223956251e+153, beta_phi=nan
NaN in beta_*: layer 9, bs_iter=38, k=5895, beta_mu=7.845904634541483e+153, beta_phi=nan
NaN in beta_*: layer 9, bs_iter=38, k=5896, beta_mu=1.537712526020781e+154, beta_phi=nan
NaN in beta_*: layer 9, bs_iter=38, k=5897, beta_mu=2.939390390659329e+152, beta_phi=nan
NaN in beta_*: layer 9, bs_iter=38, k=5898, beta_mu=2.90359506243997e+152, beta_phi=nan
NaN in beta_*: layer 9, bs_iter=38, k=5899, beta_mu=9.26632899308178e+153, beta_phi=nan
NaN in beta_*: layer 9, bs_iter=38, k=5900, beta_mu=3.0910546781157467e+152, beta_phi=nan
NaN in beta_*: layer 9, bs_iter=38, k=5901, beta_mu=9.654568188122707e+153, beta_phi=nan
NaN in beta_*: layer 9, bs_iter=38, k=5902, beta_mu=2.5516476823533663e+152, beta_phi=nan
NaN in beta_*: layer 9, bs_iter=38, k=5903, beta_mu=1.5184744267954476e+154, beta_phi=nan
NaN in beta_*: layer 9, bs_iter=38, k=5904, beta_mu=1.5363934036007173e+154, beta_phi=nan
NaN in beta_*: layer 9, bs_iter=38, k=5905, beta_mu=1.2583048004008203e+154, beta_phi=nan
NaN in beta_*: layer 9, bs_iter=38, k=5906, beta_mu=1.538275338175582e+154, beta_phi=nan
NaN in beta_*: layer 9, bs_iter=38, k=5907, beta_mu=2.0942563723356878e+152, beta_phi=nan
NaN in beta_*: layer 9, bs_iter=38, k=5908, beta_mu=8.692641476987437e+153, beta_phi=nan
NaN in beta_*: layer 9, bs_iter=38, k=5909, beta_mu=9.424948281117761e+153, beta_phi=nan
NaN in beta_*: layer 9, bs_iter=38, k=5910, beta_mu=2.957900479128185e+152, beta_phi=nan
NaN in beta_*: layer 9, bs_iter=38, k=5912, beta_mu=2.9346984772780257e+152, beta_phi=nan
NaN in beta_*: layer 9, bs_iter=38, k=5914, beta_mu=1.5555005489401305e+154, beta_phi=nan
NaN in beta_*: layer 9, bs_iter=38, k=5915, beta_mu=2.8868998277200086e+152, beta_phi=nan
NaN in beta_*: layer 9, bs_iter=38, k=5916, beta_mu=9.646162698204589e+153, beta_phi=nan
NaN in beta_*: layer 9, bs_iter=38, k=5917, beta_mu=9.874834930189293e+153, beta_phi=nan
NaN in beta_*: layer 9, bs_iter=38, k=5919, beta_mu=1.6389149055123234e+154, beta_phi=nan
NaN in beta_*: layer 9, bs_iter=38, k=5920, beta_mu=9.710130648647015e+153, beta_phi=nan
NaN in beta_*: layer 9, bs_iter=38, k=5921, beta_mu=7.033677735167881e+152, beta_phi=nan
NaN in beta_*: layer 9, bs_iter=38, k=5922, beta_mu=1.6066322182173893e+152, beta_phi=nan
NaN in beta_*: layer 9, bs_iter=38, k=5923, beta_mu=4.16855825798532e+154, beta_phi=nan
NaN in beta_*: layer 9, bs_iter=38, k=5924, beta_mu=1.079801838357209e+154, beta_phi=nan
NaN in beta_*: layer 9, bs_iter=38, k=5926, beta_mu=1.0825349832496614e+152, beta_phi=nan
NaN in beta_*: layer 9, bs_iter=38, k=5927, beta_mu=9.689217592197766e+153, beta_phi=nan
NaN in beta_*: layer 9, bs_iter=38, k=5929, beta_mu=8.422635701011733e+153, beta_phi=nan
NaN in beta_*: layer 9, bs_iter=38, k=5930, beta_mu=9.689217592197766e+153, beta_phi=nan
NaN in beta_*: layer 9, bs_iter=38, k=5931, beta_mu=9.492516151862998e+153, beta_phi=nan
NaN in beta_*: layer 9, bs_iter=38, k=5932, beta_mu=3.171022979024637e+152, beta_phi=nan
NaN in beta_*: layer 9, bs_iter=38, k=5933, beta_mu=9.684553346125826e+153, beta_phi=nan
NaN in beta_*: layer 9, bs_iter=38, k=5934, beta_mu=9.491091674973142e+153, beta_phi=nan
NaN in beta_*: layer 9, bs_iter=38, k=5935, beta_mu=1.6500281769271884e+154, beta_phi=nan
NaN in beta_*: layer 9, bs_iter=38, k=5936, beta_mu=9.65881191107542e+153, beta_phi=nan
NaN in beta_*: layer 9, bs_iter=38, k=5937, beta_mu=1.0241459211109862e+154, beta_phi=nan
NaN in beta_*: layer 9, bs_iter=38, k=5939, beta_mu=2.921520071138831e+153, beta_phi=nan
NaN in beta_*: layer 9, bs_iter=38, k=5940, beta_mu=9.698878389723975e+153, beta_phi=nan
NaN in beta_*: layer 9, bs_iter=38, k=5941, beta_mu=9.689216861455231e+153, beta_phi=nan
NaN in beta_*: layer 9, bs_iter=38, k=5942, beta_mu=3.171020609693831e+152, beta_phi=nan
NaN in beta_*: layer 9, bs_iter=38, k=5943, beta_mu=9.592431634710597e+151, beta_phi=nan
NaN in beta_*: layer 9, bs_iter=38, k=5944, beta_mu=1.0845178331689555e+152, beta_phi=nan
NaN in beta_*: layer 9, bs_iter=38, k=5946, beta_mu=9.526578539142062e+153, beta_phi=nan
NaN in beta_*: layer 9, bs_iter=38, k=5947, beta_mu=9.471268435515375e+153, beta_phi=nan
NaN in beta_*: layer 9, bs_iter=38, k=5948, beta_mu=1.1653049875796286e+154, beta_phi=nan
NaN in beta_*: layer 9, bs_iter=38, k=5949, beta_mu=9.736124783604517e+153, beta_phi=nan
NaN in beta_*: layer 9, bs_iter=38, k=5950, beta_mu=9.61774026218796e+153, beta_phi=nan
NaN in beta_*: layer 9, bs_iter=38, k=5951, beta_mu=9.472106357219595e+153, beta_phi=nan
NaN in beta_*: layer 9, bs_iter=38, k=5952, beta_mu=9.567729587316475e+153, beta_phi=nan
NaN in beta_*: layer 9, bs_iter=38, k=5953, beta_mu=9.617734137107231e+153, beta_phi=nan
NaN in beta_*: layer 9, bs_iter=38, k=5954, beta_mu=9.617739915135231e+153, beta_phi=nan
NaN in beta_*: layer 9, bs_iter=38, k=5955, beta_mu=1.9727616220195755e+153, beta_phi=nan
NaN in beta_*: layer 9, bs_iter=38, k=5956, beta_mu=9.458368832462167e+153, beta_phi=nan
NaN in beta_*: layer 9, bs_iter=38, k=5959, beta_mu=1.776064464017697e+154, beta_phi=nan
NaN in beta_*: layer 9, bs_iter=38, k=5961, beta_mu=9.638569786158671e+153, beta_phi=nan
NaN in beta_*: layer 9, bs_iter=38, k=5963, beta_mu=3.3667425255589204e+152, beta_phi=nan
NaN in beta_*: layer 9, bs_iter=38, k=5964, beta_mu=3.3667470508062564e+152, beta_phi=nan
NaN in beta_*: layer 9, bs_iter=38, k=5965, beta_mu=2.222944589393599e+152, beta_phi=nan
NaN in beta_*: layer 9, bs_iter=38, k=5966, beta_mu=9.314521851550207e+153, beta_phi=nan
NaN in beta_*: layer 9, bs_iter=38, k=5967, beta_mu=1.0938461500132593e+152, beta_phi=nan
NaN in beta_*: layer 9, bs_iter=38, k=5968, beta_mu=9.081047782311867e+153, beta_phi=nan
NaN in beta_*: layer 9, bs_iter=38, k=5969, beta_mu=2.8530289794536415e+153, beta_phi=nan
NaN in beta_*: layer 9, bs_iter=38, k=5970, beta_mu=6.111864565321378e+153, beta_phi=nan
NaN in beta_*: layer 9, bs_iter=38, k=5971, beta_mu=1.265164244228982e+154, beta_phi=nan
NaN in beta_*: layer 9, bs_iter=38, k=5972, beta_mu=5.1965645765960926e+153, beta_phi=nan
NaN in beta_*: layer 9, bs_iter=38, k=5974, beta_mu=9.227855761221178e+153, beta_phi=nan
NaN in beta_*: layer 9, bs_iter=38, k=5975, beta_mu=1.125016907634184e+152, beta_phi=nan
NaN in beta_*: layer 9, bs_iter=38, k=5976, beta_mu=3.62041774107269e+153, beta_phi=nan
NaN in beta_*: layer 9, bs_iter=38, k=5977, beta_mu=3.751339332332386e+153, beta_phi=nan
NaN in beta_*: layer 9, bs_iter=38, k=5978, beta_mu=3.547714573349359e+153, beta_phi=nan
NaN in beta_*: layer 9, bs_iter=38, k=5979, beta_mu=4.479037845717029e+153, beta_phi=nan
NaN in beta_*: layer 9, bs_iter=38, k=5980, beta_mu=3.642315508166946e+153, beta_phi=nan
NaN in beta_*: layer 9, bs_iter=38, k=5981, beta_mu=4.642647126697007e+152, beta_phi=nan
NaN in beta_*: layer 9, bs_iter=38, k=5982, beta_mu=2.7405184916846324e+153, beta_phi=nan
NaN in beta_*: layer 9, bs_iter=38, k=5983, beta_mu=2.8018532849550024e+153, beta_phi=nan
NaN in beta_*: layer 9, bs_iter=38, k=5984, beta_mu=2.1523120701241366e+153, beta_phi=nan
NaN in beta_*: layer 9, bs_iter=38, k=5985, beta_mu=2.127087977608017e+153, beta_phi=nan
NaN in beta_*: layer 9, bs_iter=38, k=5986, beta_mu=2.1035079419540085e+153, beta_phi=nan
NaN in beta_*: layer 9, bs_iter=38, k=5987, beta_mu=2.2764734277524724e+152, beta_phi=nan
NaN in beta_*: layer 9, bs_iter=38, k=5988, beta_mu=2.005812599748235e+153, beta_phi=nan
NaN in beta_*: layer 9, bs_iter=38, k=5989, beta_mu=2.078779488041184e+153, beta_phi=nan
NaN in beta_*: layer 9, bs_iter=38, k=5990, beta_mu=2.2991272328256597e+152, beta_phi=nan
NaN in beta_*: layer 9, bs_iter=38, k=5991, beta_mu=2.4133114683830735e+153, beta_phi=nan
NaN in beta_*: layer 9, bs_iter=38, k=5992, beta_mu=2.4028772589941674e+153, beta_phi=nan
NaN in beta_*: layer 9, bs_iter=38, k=5994, beta_mu=3.1475238167249855e+153, beta_phi=nan
NaN in beta_*: layer 9, bs_iter=38, k=5995, beta_mu=1.4498145060000732e+152, beta_phi=nan
NaN in beta_*: layer 9, bs_iter=38, k=5996, beta_mu=3.3477088431982426e+152, beta_phi=nan
NaN in beta_*: layer 9, bs_iter=38, k=5997, beta_mu=2.149118205198104e+153, beta_phi=nan
NaN in beta_*: layer 9, bs_iter=38, k=5998, beta_mu=3.7872226015845485e+153, beta_phi=nan
NaN in beta_*: layer 9, bs_iter=38, k=5999, beta_mu=1.3258012960094304e+154, beta_phi=nan
NaN in beta_*: layer 9, bs_iter=38, k=6000, beta_mu=1.810929563975042e+153, beta_phi=nan
NaN in beta_*: layer 9, bs_iter=38, k=6001, beta_mu=2.4093040254861935e+153, beta_phi=nan
NaN in beta_*: layer 9, bs_iter=38, k=6002, beta_mu=2.7737687093795014e+153, beta_phi=nan
NaN in beta_*: layer 9, bs_iter=38, k=6003, beta_mu=1.2406860887881487e+153, beta_phi=nan
NaN in beta_*: layer 9, bs_iter=38, k=6004, beta_mu=1.6256709117931983e+152, beta_phi=nan
NaN in beta_*: layer 9, bs_iter=38, k=6005, beta_mu=4.1878410005486106e+152, beta_phi=nan
NaN in beta_*: layer 9, bs_iter=38, k=6006, beta_mu=3.6166436213719926e+152, beta_phi=nan
NaN in beta_*: layer 9, bs_iter=38, k=6007, beta_mu=2.320401441479402e+153, beta_phi=nan
NaN in beta_*: layer 9, bs_iter=38, k=6008, beta_mu=2.320402494721798e+153, beta_phi=nan
NaN in beta_*: layer 9, bs_iter=38, k=6010, beta_mu=3.618021628415133e+153, beta_phi=nan
NaN in beta_*: layer 9, bs_iter=38, k=6011, beta_mu=3.6166697867274503e+152, beta_phi=nan
NaN in beta_*: layer 9, bs_iter=38, k=6012, beta_mu=3.616662903252289e+152, beta_phi=nan
NaN in beta_*: layer 9, bs_iter=38, k=6013, beta_mu=3.450227621480295e+153, beta_phi=nan
NaN in beta_*: layer 9, bs_iter=38, k=6014, beta_mu=3.152323334900343e+152, beta_phi=nan
NaN in beta_*: layer 9, bs_iter=38, k=6015, beta_mu=3.243236599560076e+153, beta_phi=nan
NaN in beta_*: layer 9, bs_iter=38, k=6016, beta_mu=2.5170925680004592e+153, beta_phi=nan
NaN in beta_*: layer 9, bs_iter=38, k=6017, beta_mu=3.3492908358723256e+153, beta_phi=nan
NaN in beta_*: layer 9, bs_iter=38, k=6018, beta_mu=2.618344903066079e+153, beta_phi=nan
NaN in beta_*: layer 9, bs_iter=38, k=6019, beta_mu=3.889599242191685e+153, beta_phi=nan
NaN in beta_*: layer 9, bs_iter=38, k=6020, beta_mu=3.1060776836902743e+152, beta_phi=nan
NaN in beta_*: layer 9, bs_iter=38, k=6021, beta_mu=3.0080408185889674e+152, beta_phi=nan
NaN in beta_*: layer 9, bs_iter=38, k=6024, beta_mu=4.1026639904248535e+153, beta_phi=nan
NaN in beta_*: layer 9, bs_iter=38, k=6025, beta_mu=3.0314074962018667e+152, beta_phi=nan
NaN in beta_*: layer 9, bs_iter=38, k=6026, beta_mu=2.743481929569879e+153, beta_phi=nan
NaN in beta_*: layer 9, bs_iter=38, k=6027, beta_mu=3.2454698319395622e+153, beta_phi=nan
NaN in beta_*: layer 9, bs_iter=38, k=6029, beta_mu=1.513601322452951e+152, beta_phi=nan
NaN in beta_*: layer 9, bs_iter=38, k=6030, beta_mu=3.163771857280962e+153, beta_phi=nan
NaN in beta_*: layer 9, bs_iter=38, k=6031, beta_mu=3.1512348411038786e+153, beta_phi=nan
NaN in beta_*: layer 9, bs_iter=38, k=6032, beta_mu=3.339177218245035e+154, beta_phi=nan
NaN in beta_*: layer 9, bs_iter=38, k=6033, beta_mu=3.149337063826866e+153, beta_phi=nan
NaN in beta_*: layer 9, bs_iter=38, k=6035, beta_mu=3.1397032342742306e+153, beta_phi=nan
NaN in beta_*: layer 9, bs_iter=38, k=6036, beta_mu=3.2628845208130317e+153, beta_phi=nan
NaN in beta_*: layer 9, bs_iter=38, k=6037, beta_mu=2.671520929672277e+152, beta_phi=nan
NaN in beta_*: layer 9, bs_iter=38, k=6038, beta_mu=4.2987731490823973e+154, beta_phi=nan
NaN in beta_*: layer 9, bs_iter=38, k=6039, beta_mu=5.0269032503971e+153, beta_phi=nan
NaN in beta_*: layer 9, bs_iter=38, k=6040, beta_mu=3.105025314416026e+153, beta_phi=nan
NaN in beta_*: layer 9, bs_iter=38, k=6041, beta_mu=3.079390091045289e+153, beta_phi=nan
NaN in beta_*: layer 9, bs_iter=38, k=6042, beta_mu=1.6532307046840145e+153, beta_phi=nan
NaN in beta_*: layer 9, bs_iter=38, k=6043, beta_mu=8.938337051905612e+152, beta_phi=nan
NaN in beta_*: layer 9, bs_iter=38, k=6044, beta_mu=1.5372195697848703e+152, beta_phi=nan
NaN in beta_*: layer 9, bs_iter=38, k=6045, beta_mu=2.7492731161569888e+153, beta_phi=nan
NaN in beta_*: layer 9, bs_iter=38, k=6046, beta_mu=3.098986176012461e+153, beta_phi=nan
NaN in beta_*: layer 9, bs_iter=38, k=6049, beta_mu=7.678963785091985e+153, beta_phi=nan
NaN in beta_*: layer 9, bs_iter=38, k=6050, beta_mu=2.437272979553609e+152, beta_phi=nan
NaN in beta_*: layer 9, bs_iter=38, k=6055, beta_mu=4.817999785138426e+152, beta_phi=nan
NaN in beta_*: layer 9, bs_iter=38, k=6056, beta_mu=1.017707630213557e+153, beta_phi=nan
NaN in beta_*: layer 9, bs_iter=38, k=6057, beta_mu=1.7103129371982397e+153, beta_phi=nan
NaN in beta_*: layer 9, bs_iter=38, k=6058, beta_mu=4.0734459095790844e+152, beta_phi=nan
NaN in beta_*: layer 9, bs_iter=38, k=6060, beta_mu=3.2793489738309123e+154, beta_phi=nan
NaN in beta_*: layer 9, bs_iter=38, k=6061, beta_mu=3.887706394108814e+152, beta_phi=nan
NaN in beta_*: layer 9, bs_iter=38, k=6062, beta_mu=1.1787791653384737e+153, beta_phi=nan
NaN in beta_*: layer 9, bs_iter=38, k=6063, beta_mu=4.29577910413263e+152, beta_phi=nan
NaN in beta_*: layer 9, bs_iter=38, k=6064, beta_mu=1.0766788209234371e+153, beta_phi=nan
NaN in beta_*: layer 9, bs_iter=38, k=6066, beta_mu=4.295772023281862e+152, beta_phi=nan
NaN in beta_*: layer 9, bs_iter=38, k=6067, beta_mu=2.406477819275825e+152, beta_phi=nan
NaN in beta_*: layer 9, bs_iter=38, k=6068, beta_mu=2.575854335128388e+153, beta_phi=nan
NaN in beta_*: layer 9, bs_iter=38, k=6069, beta_mu=4.327649433385526e+152, beta_phi=nan
NaN in beta_*: layer 9, bs_iter=38, k=6070, beta_mu=8.571121721676975e+153, beta_phi=nan
NaN in beta_*: layer 9, bs_iter=38, k=6072, beta_mu=4.250157728870271e+152, beta_phi=nan
NaN in beta_*: layer 9, bs_iter=38, k=6073, beta_mu=5.833940648182131e+154, beta_phi=nan
NaN in beta_*: layer 9, bs_iter=38, k=6074, beta_mu=7.40455010383877e+152, beta_phi=nan
NaN in beta_*: layer 9, bs_iter=38, k=6075, beta_mu=6.9574772444743e+153, beta_phi=nan
NaN in beta_*: layer 9, bs_iter=38, k=6076, beta_mu=4.1069376861756167e+152, beta_phi=nan
NaN in beta_*: layer 9, bs_iter=38, k=6078, beta_mu=4.11001127952085e+152, beta_phi=nan
NaN in beta_*: layer 9, bs_iter=38, k=6079, beta_mu=7.30563050637342e+152, beta_phi=nan
NaN in beta_*: layer 9, bs_iter=38, k=6080, beta_mu=4.64647911928594e+152, beta_phi=nan
NaN in beta_*: layer 9, bs_iter=38, k=6081, beta_mu=1.3256096236199514e+154, beta_phi=nan
NaN in beta_*: layer 9, bs_iter=38, k=6082, beta_mu=4.695950367383959e+152, beta_phi=nan
NaN in beta_*: layer 9, bs_iter=38, k=6083, beta_mu=4.458464057280012e+152, beta_phi=nan
NaN in beta_*: layer 9, bs_iter=38, k=6085, beta_mu=4.126385175265141e+152, beta_phi=nan
NaN in beta_*: layer 9, bs_iter=38, k=6086, beta_mu=1.6924348826271457e+153, beta_phi=nan
NaN in beta_*: layer 9, bs_iter=38, k=6087, beta_mu=1.7185644870981378e+154, beta_phi=nan
NaN in beta_*: layer 9, bs_iter=38, k=6088, beta_mu=1.0255364539363155e+153, beta_phi=nan
NaN in beta_*: layer 9, bs_iter=38, k=6090, beta_mu=9.852433727678467e+152, beta_phi=nan
NaN in beta_*: layer 9, bs_iter=38, k=6091, beta_mu=1.033060535408341e+153, beta_phi=nan
NaN in beta_*: layer 9, bs_iter=38, k=6092, beta_mu=7.333834416434928e+152, beta_phi=nan
NaN in beta_*: layer 9, bs_iter=38, k=6093, beta_mu=7.222994372129824e+152, beta_phi=nan
NaN in beta_*: layer 9, bs_iter=38, k=6094, beta_mu=7.254975817185357e+152, beta_phi=nan
NaN in beta_*: layer 9, bs_iter=38, k=6095, beta_mu=5.26128512455557e+153, beta_phi=nan
NaN in beta_*: layer 9, bs_iter=38, k=6096, beta_mu=7.147366690474658e+152, beta_phi=nan
NaN in beta_*: layer 9, bs_iter=38, k=6097, beta_mu=1.440158399670146e+154, beta_phi=nan
NaN in beta_*: layer 9, bs_iter=38, k=6098, beta_mu=1.4019939442561013e+153, beta_phi=nan
NaN in beta_*: layer 9, bs_iter=38, k=6099, beta_mu=9.654195555210851e+152, beta_phi=nan
NaN in beta_*: layer 9, bs_iter=38, k=6100, beta_mu=7.143992372974129e+152, beta_phi=nan
NaN in beta_*: layer 9, bs_iter=38, k=6102, beta_mu=7.308553859943487e+152, beta_phi=nan
NaN in beta_*: layer 9, bs_iter=38, k=6103, beta_mu=7.672060493868457e+152, beta_phi=nan
NaN in beta_*: layer 9, bs_iter=38, k=6104, beta_mu=4.510057436223863e+152, beta_phi=nan
NaN in beta_*: layer 9, bs_iter=38, k=6107, beta_mu=5.025106346679927e+152, beta_phi=nan
NaN in beta_*: layer 9, bs_iter=38, k=6108, beta_mu=7.320213797783448e+152, beta_phi=nan
NaN in beta_*: layer 9, bs_iter=38, k=6109, beta_mu=2.9068063899922813e+153, beta_phi=nan
NaN in beta_*: layer 9, bs_iter=38, k=6111, beta_mu=9.779091563098091e+152, beta_phi=nan
NaN in beta_*: layer 9, bs_iter=38, k=6113, beta_mu=3.142979021939028e+154, beta_phi=nan
NaN in beta_*: layer 9, bs_iter=38, k=6114, beta_mu=7.328478222375635e+152, beta_phi=nan
NaN in beta_*: layer 9, bs_iter=38, k=6115, beta_mu=7.088149313692106e+152, beta_phi=nan
NaN in beta_*: layer 9, bs_iter=38, k=6116, beta_mu=2.9372503393146788e+153, beta_phi=nan
NaN in beta_*: layer 9, bs_iter=38, k=6117, beta_mu=7.1479622749000895e+152, beta_phi=nan
NaN in beta_*: layer 9, bs_iter=38, k=6119, beta_mu=3.1514216014515437e+152, beta_phi=nan
NaN in beta_*: layer 9, bs_iter=38, k=6120, beta_mu=9.546679794718965e+152, beta_phi=nan
NaN in beta_*: layer 9, bs_iter=38, k=6121, beta_mu=7.551322799010257e+152, beta_phi=nan
NaN in beta_*: layer 9, bs_iter=38, k=6124, beta_mu=7.453885856660793e+152, beta_phi=nan
NaN in beta_*: layer 9, bs_iter=38, k=6125, beta_mu=1.0103803709941128e+153, beta_phi=nan
NaN in beta_*: layer 9, bs_iter=38, k=6126, beta_mu=7.274075166179341e+152, beta_phi=nan
NaN in beta_*: layer 9, bs_iter=38, k=6127, beta_mu=5.018518712048762e+152, beta_phi=nan
NaN in beta_*: layer 9, bs_iter=38, k=6128, beta_mu=4.1060296565605875e+153, beta_phi=nan
NaN in beta_*: layer 9, bs_iter=38, k=6129, beta_mu=2.740830391271633e+153, beta_phi=nan
NaN in beta_*: layer 9, bs_iter=38, k=6130, beta_mu=2.034579628902012e+153, beta_phi=nan
NaN in beta_*: layer 9, bs_iter=38, k=6131, beta_mu=9.211688155543556e+152, beta_phi=nan
NaN in beta_*: layer 9, bs_iter=38, k=6133, beta_mu=8.278901407498416e+152, beta_phi=nan
NaN in beta_*: layer 9, bs_iter=38, k=6135, beta_mu=7.410739654230651e+152, beta_phi=nan
NaN in beta_*: layer 9, bs_iter=38, k=6137, beta_mu=8.128623901970013e+152, beta_phi=nan
NaN in beta_*: layer 9, bs_iter=38, k=6138, beta_mu=7.603336242713389e+152, beta_phi=nan
NaN in beta_*: layer 9, bs_iter=38, k=6139, beta_mu=9.805506717064134e+153, beta_phi=nan
NaN in beta_*: layer 9, bs_iter=38, k=6140, beta_mu=1.462770239469726e+153, beta_phi=nan
NaN in beta_*: layer 9, bs_iter=38, k=6141, beta_mu=9.604308156166249e+151, beta_phi=nan
NaN in beta_*: layer 9, bs_iter=38, k=6143, beta_mu=7.535369047727118e+152, beta_phi=nan
NaN in beta_*: layer 9, bs_iter=38, k=6144, beta_mu=6.586497543257697e+154, beta_phi=nan
NaN in beta_*: layer 9, bs_iter=38, k=6145, beta_mu=1.787623871520672e+154, beta_phi=nan
NaN in beta_*: layer 9, bs_iter=38, k=6146, beta_mu=8.139401896498512e+152, beta_phi=nan
NaN in beta_*: layer 9, bs_iter=38, k=6147, beta_mu=8.139390524105586e+152, beta_phi=nan
NaN in beta_*: layer 9, bs_iter=38, k=6148, beta_mu=1.4915969750156593e+153, beta_phi=nan
NaN in beta_*: layer 9, bs_iter=38, k=6149, beta_mu=5.230188005896711e+153, beta_phi=nan
NaN in beta_*: layer 9, bs_iter=38, k=6150, beta_mu=1.4730360942973762e+153, beta_phi=nan
NaN in beta_*: layer 9, bs_iter=38, k=6151, beta_mu=7.530211730694176e+153, beta_phi=nan
NaN in beta_*: layer 9, bs_iter=38, k=6152, beta_mu=7.510815448231433e+152, beta_phi=nan
NaN in beta_*: layer 9, bs_iter=38, k=6153, beta_mu=7.662961843567217e+152, beta_phi=nan
NaN in beta_*: layer 9, bs_iter=38, k=6154, beta_mu=7.662964255164577e+152, beta_phi=nan
NaN in beta_*: layer 9, bs_iter=38, k=6155, beta_mu=7.741584659275799e+152, beta_phi=nan
NaN in beta_*: layer 9, bs_iter=38, k=6156, beta_mu=1.433648670613101e+154, beta_phi=nan
NaN in beta_*: layer 9, bs_iter=38, k=6157, beta_mu=7.186171514434377e+152, beta_phi=nan
NaN in beta_*: layer 9, bs_iter=38, k=6159, beta_mu=5.471781641719179e+153, beta_phi=nan
NaN in beta_*: layer 9, bs_iter=38, k=6160, beta_mu=8.262465589545236e+153, beta_phi=nan
NaN in beta_*: layer 9, bs_iter=38, k=6161, beta_mu=1.6601743840285258e+154, beta_phi=nan
NaN in beta_*: layer 9, bs_iter=38, k=6163, beta_mu=2.03246502864555e+153, beta_phi=nan
NaN in beta_*: layer 9, bs_iter=38, k=6164, beta_mu=7.610817971943708e+153, beta_phi=nan
NaN in beta_*: layer 9, bs_iter=38, k=6165, beta_mu=3.3447542104957475e+152, beta_phi=nan
NaN in beta_*: layer 9, bs_iter=38, k=6166, beta_mu=2.218006365702183e+154, beta_phi=nan
NaN in beta_*: layer 9, bs_iter=38, k=6167, beta_mu=1.5329554815625672e+153, beta_phi=nan
NaN in beta_*: layer 9, bs_iter=38, k=6169, beta_mu=9.587446230674321e+151, beta_phi=nan
NaN in beta_*: layer 9, bs_iter=38, k=6171, beta_mu=1.0141113013339028e+154, beta_phi=nan
NaN in beta_*: layer 9, bs_iter=38, k=6172, beta_mu=1.0783321634245612e+153, beta_phi=nan
NaN in beta_*: layer 9, bs_iter=38, k=6173, beta_mu=1.3081675161359422e+154, beta_phi=nan
NaN in beta_*: layer 9, bs_iter=38, k=6174, beta_mu=2.5524681167844356e+152, beta_phi=nan
NaN in beta_*: layer 9, bs_iter=38, k=6175, beta_mu=2.219125131058692e+153, beta_phi=nan
NaN in beta_*: layer 9, bs_iter=38, k=6176, beta_mu=2.0055690599717732e+152, beta_phi=nan
NaN in beta_*: layer 9, bs_iter=38, k=6177, beta_mu=2.396184643192288e+153, beta_phi=nan
NaN in beta_*: layer 9, bs_iter=38, k=6178, beta_mu=2.7354675050680496e+153, beta_phi=nan
NaN in beta_*: layer 9, bs_iter=38, k=6179, beta_mu=2.285394719648034e+153, beta_phi=nan
NaN in beta_*: layer 9, bs_iter=38, k=6180, beta_mu=9.41673710367078e+153, beta_phi=nan
NaN in beta_*: layer 9, bs_iter=38, k=6181, beta_mu=2.7354681428757535e+153, beta_phi=nan
NaN in beta_*: layer 9, bs_iter=38, k=6182, beta_mu=2.709996466118512e+153, beta_phi=nan
NaN in beta_*: layer 9, bs_iter=38, k=6183, beta_mu=2.5456427879337094e+153, beta_phi=nan
NaN in beta_*: layer 9, bs_iter=38, k=6184, beta_mu=2.735467796125681e+153, beta_phi=nan
NaN in beta_*: layer 9, bs_iter=38, k=6185, beta_mu=2.7354672356412083e+153, beta_phi=nan
NaN in beta_*: layer 9, bs_iter=38, k=6186, beta_mu=2.8203539177659568e+153, beta_phi=nan
NaN in beta_*: layer 9, bs_iter=38, k=6187, beta_mu=2.7381491000760062e+153, beta_phi=nan
NaN in beta_*: layer 9, bs_iter=38, k=6188, beta_mu=2.870222263516615e+153, beta_phi=nan
NaN in beta_*: layer 9, bs_iter=38, k=6189, beta_mu=2.839677089652836e+153, beta_phi=nan
NaN in beta_*: layer 9, bs_iter=38, k=6190, beta_mu=6.4386159715385606e+153, beta_phi=nan
NaN in beta_*: layer 9, bs_iter=38, k=6191, beta_mu=2.8203559358405592e+153, beta_phi=nan
NaN in beta_*: layer 9, bs_iter=38, k=6192, beta_mu=3.105014770580849e+154, beta_phi=nan
NaN in beta_*: layer 9, bs_iter=38, k=6193, beta_mu=2.3312964713436707e+153, beta_phi=nan
NaN in beta_*: layer 9, bs_iter=38, k=6195, beta_mu=2.735468599356696e+153, beta_phi=nan
NaN in beta_*: layer 9, bs_iter=38, k=6196, beta_mu=1.1484771610618366e+153, beta_phi=nan
NaN in beta_*: layer 9, bs_iter=38, k=6197, beta_mu=5.6804325663064205e+153, beta_phi=nan
NaN in beta_*: layer 9, bs_iter=38, k=6198, beta_mu=2.9579129055180687e+152, beta_phi=nan
NaN in beta_*: layer 9, bs_iter=38, k=6199, beta_mu=1.7576090444602325e+152, beta_phi=nan
NaN in beta_*: layer 9, bs_iter=38, k=6200, beta_mu=2.774679435793982e+153, beta_phi=nan
NaN in beta_*: layer 9, bs_iter=38, k=6202, beta_mu=3.568434920391326e+153, beta_phi=nan
NaN in beta_*: layer 9, bs_iter=38, k=6203, beta_mu=1.808366688905808e+152, beta_phi=nan
NaN in beta_*: layer 9, bs_iter=38, k=6204, beta_mu=2.735468759487841e+153, beta_phi=nan
NaN in beta_*: layer 9, bs_iter=38, k=6205, beta_mu=1.0812433075322291e+153, beta_phi=nan
NaN in beta_*: layer 9, bs_iter=38, k=6206, beta_mu=9.248766561385884e+152, beta_phi=nan
NaN in beta_*: layer 9, bs_iter=38, k=6207, beta_mu=6.023906017205851e+153, beta_phi=nan
NaN in beta_*: layer 9, bs_iter=38, k=6208, beta_mu=1.2462520449612502e+154, beta_phi=nan
NaN in beta_*: layer 9, bs_iter=38, k=6209, beta_mu=6.256413895120376e+153, beta_phi=nan
NaN in beta_*: layer 9, bs_iter=38, k=6210, beta_mu=2.6349820110478704e+153, beta_phi=nan
NaN in beta_*: layer 9, bs_iter=38, k=6211, beta_mu=2.7442383852193437e+153, beta_phi=nan
NaN in beta_*: layer 9, bs_iter=38, k=6212, beta_mu=2.7442374078494983e+153, beta_phi=nan
NaN in beta_*: layer 9, bs_iter=38, k=6213, beta_mu=1.1160499821800603e+154, beta_phi=nan
NaN in beta_*: layer 9, bs_iter=38, k=6214, beta_mu=2.8127337400118542e+153, beta_phi=nan
NaN in beta_*: layer 9, bs_iter=38, k=6216, beta_mu=1.7045326280149725e+154, beta_phi=nan
NaN in beta_*: layer 9, bs_iter=38, k=6217, beta_mu=2.812733570875903e+153, beta_phi=nan
NaN in beta_*: layer 9, bs_iter=38, k=6218, beta_mu=9.234198371882082e+152, beta_phi=nan
NaN in beta_*: layer 9, bs_iter=38, k=6219, beta_mu=2.8127335831975843e+153, beta_phi=nan
NaN in beta_*: layer 9, bs_iter=38, k=6220, beta_mu=2.7319253150783733e+153, beta_phi=nan
NaN in beta_*: layer 9, bs_iter=38, k=6221, beta_mu=1.8248340094838948e+152, beta_phi=nan
NaN in beta_*: layer 9, bs_iter=38, k=6222, beta_mu=1.8109751728782125e+152, beta_phi=nan
NaN in beta_*: layer 9, bs_iter=38, k=6223, beta_mu=2.8127334777359932e+153, beta_phi=nan
NaN in beta_*: layer 9, bs_iter=38, k=6224, beta_mu=2.8130124824596616e+153, beta_phi=nan
NaN in beta_*: layer 9, bs_iter=38, k=6225, beta_mu=2.5664499407813954e+154, beta_phi=nan
NaN in beta_*: layer 9, bs_iter=38, k=6226, beta_mu=2.8127330523269705e+153, beta_phi=nan
NaN in beta_*: layer 9, bs_iter=38, k=6227, beta_mu=2.7306468858669454e+153, beta_phi=nan
NaN in beta_*: layer 9, bs_iter=38, k=6228, beta_mu=3.2713251434064725e+152, beta_phi=nan
NaN in beta_*: layer 9, bs_iter=38, k=6229, beta_mu=2.8775958227195846e+153, beta_phi=nan
NaN in beta_*: layer 9, bs_iter=38, k=6230, beta_mu=2.3837232825636177e+153, beta_phi=nan
NaN in beta_*: layer 9, bs_iter=38, k=6231, beta_mu=6.100607057951487e+153, beta_phi=nan
NaN in beta_*: layer 9, bs_iter=38, k=6232, beta_mu=6.100605933452538e+153, beta_phi=nan
NaN in beta_*: layer 9, bs_iter=38, k=6233, beta_mu=2.8127326737756264e+153, beta_phi=nan
NaN in beta_*: layer 9, bs_iter=38, k=6234, beta_mu=2.243393553336994e+152, beta_phi=nan
NaN in beta_*: layer 9, bs_iter=38, k=6235, beta_mu=2.731925555725502e+153, beta_phi=nan
NaN in beta_*: layer 9, bs_iter=38, k=6236, beta_mu=1.8832427522154303e+152, beta_phi=nan
NaN in beta_*: layer 9, bs_iter=38, k=6237, beta_mu=2.49560509601664e+154, beta_phi=nan
NaN in beta_*: layer 9, bs_iter=38, k=6238, beta_mu=6.075977617497626e+153, beta_phi=nan
NaN in beta_*: layer 9, bs_iter=38, k=6239, beta_mu=2.611882763730129e+153, beta_phi=nan
NaN in beta_*: layer 9, bs_iter=38, k=6240, beta_mu=1.4358048556857084e+153, beta_phi=nan
NaN in beta_*: layer 9, bs_iter=38, k=6241, beta_mu=2.8979817172747865e+153, beta_phi=nan
NaN in beta_*: layer 9, bs_iter=38, k=6242, beta_mu=2.91797115347874e+153, beta_phi=nan
NaN in beta_*: layer 9, bs_iter=38, k=6243, beta_mu=1.8821160598733979e+152, beta_phi=nan
NaN in beta_*: layer 9, bs_iter=38, k=6244, beta_mu=1.5820682238045294e+154, beta_phi=nan
NaN in beta_*: layer 9, bs_iter=38, k=6245, beta_mu=1.883243902716578e+152, beta_phi=nan
NaN in beta_*: layer 9, bs_iter=38, k=6246, beta_mu=2.8397606509550614e+153, beta_phi=nan
NaN in beta_*: layer 9, bs_iter=38, k=6247, beta_mu=2.2710951230838126e+152, beta_phi=nan
NaN in beta_*: layer 9, bs_iter=38, k=6248, beta_mu=2.914169108020055e+153, beta_phi=nan
NaN in beta_*: layer 9, bs_iter=38, k=6249, beta_mu=2.7587407853122174e+153, beta_phi=nan
NaN in beta_*: layer 9, bs_iter=38, k=6250, beta_mu=2.8397601527209865e+153, beta_phi=nan
NaN in beta_*: layer 9, bs_iter=38, k=6252, beta_mu=1.2686515702399913e+152, beta_phi=nan
NaN in beta_*: layer 9, bs_iter=38, k=6253, beta_mu=2.8397605057146994e+153, beta_phi=nan
NaN in beta_*: layer 9, bs_iter=38, k=6254, beta_mu=6.100618835194406e+153, beta_phi=nan
NaN in beta_*: layer 9, bs_iter=38, k=6255, beta_mu=1.77026374582502e+152, beta_phi=nan
NaN in beta_*: layer 9, bs_iter=38, k=6256, beta_mu=1.431578519114131e+153, beta_phi=nan
NaN in beta_*: layer 9, bs_iter=38, k=6257, beta_mu=1.432645876691203e+153, beta_phi=nan
NaN in beta_*: layer 9, bs_iter=38, k=6258, beta_mu=2.839760784493994e+153, beta_phi=nan
NaN in beta_*: layer 9, bs_iter=38, k=6259, beta_mu=1.4503116185413238e+153, beta_phi=nan
NaN in beta_*: layer 9, bs_iter=38, k=6260, beta_mu=2.8534653129701856e+153, beta_phi=nan
NaN in beta_*: layer 9, bs_iter=38, k=6261, beta_mu=2.8130125736446615e+153, beta_phi=nan
NaN in beta_*: layer 9, bs_iter=38, k=6262, beta_mu=2.8130124290286487e+153, beta_phi=nan
NaN in beta_*: layer 9, bs_iter=38, k=6263, beta_mu=2.7322160327899254e+153, beta_phi=nan
NaN in beta_*: layer 9, bs_iter=38, k=6264, beta_mu=6.1783087022751104e+153, beta_phi=nan
NaN in beta_*: layer 9, bs_iter=38, k=6265, beta_mu=2.8130128076095527e+153, beta_phi=nan
NaN in beta_*: layer 9, bs_iter=38, k=6267, beta_mu=1.3471673672534343e+154, beta_phi=nan
NaN in beta_*: layer 9, bs_iter=38, k=6268, beta_mu=6.1006040343690386e+153, beta_phi=nan
NaN in beta_*: layer 9, bs_iter=38, k=6269, beta_mu=2.905321499572575e+152, beta_phi=nan
NaN in beta_*: layer 9, bs_iter=38, k=6270, beta_mu=2.8130130482356028e+153, beta_phi=nan
NaN in beta_*: layer 9, bs_iter=38, k=6271, beta_mu=2.7558008034971378e+153, beta_phi=nan
NaN in beta_*: layer 9, bs_iter=38, k=6272, beta_mu=1.6071161378010549e+153, beta_phi=nan
NaN in beta_*: layer 9, bs_iter=38, k=6273, beta_mu=3.2582612660186116e+152, beta_phi=nan
NaN in beta_*: layer 9, bs_iter=38, k=6274, beta_mu=2.8130127016736578e+153, beta_phi=nan
NaN in beta_*: layer 9, bs_iter=38, k=6275, beta_mu=6.10742122519259e+153, beta_phi=nan
NaN in beta_*: layer 9, bs_iter=38, k=6276, beta_mu=1.414146007406389e+153, beta_phi=nan
NaN in beta_*: layer 9, bs_iter=38, k=6278, beta_mu=1.2067396743818857e+153, beta_phi=nan
NaN in beta_*: layer 9, bs_iter=38, k=6279, beta_mu=1.4136733388625602e+153, beta_phi=nan
NaN in beta_*: layer 9, bs_iter=38, k=6280, beta_mu=2.199972958492793e+152, beta_phi=nan
NaN in beta_*: layer 9, bs_iter=38, k=6281, beta_mu=1.3574208915984848e+153, beta_phi=nan
NaN in beta_*: layer 9, bs_iter=38, k=6282, beta_mu=2.8130125765221428e+153, beta_phi=nan
NaN in beta_*: layer 9, bs_iter=38, k=6283, beta_mu=6.1466718858329894e+153, beta_phi=nan
NaN in beta_*: layer 9, bs_iter=38, k=6284, beta_mu=2.9071970164533977e+153, beta_phi=nan
NaN in beta_*: layer 9, bs_iter=38, k=6285, beta_mu=2.8130126646664764e+153, beta_phi=nan
NaN in beta_*: layer 9, bs_iter=38, k=6286, beta_mu=2.813012453032604e+153, beta_phi=nan
NaN in beta_*: layer 9, bs_iter=38, k=6287, beta_mu=1.0134415677174503e+154, beta_phi=nan
NaN in beta_*: layer 9, bs_iter=38, k=6288, beta_mu=2.8119331878594735e+153, beta_phi=nan
NaN in beta_*: layer 9, bs_iter=38, k=6289, beta_mu=1.3990267632348595e+153, beta_phi=nan
NaN in beta_*: layer 9, bs_iter=38, k=6290, beta_mu=2.813012354122378e+153, beta_phi=nan
NaN in beta_*: layer 9, bs_iter=38, k=6291, beta_mu=1.417543219599059e+153, beta_phi=nan
NaN in beta_*: layer 9, bs_iter=38, k=6292, beta_mu=1.4369958533977824e+153, beta_phi=nan
NaN in beta_*: layer 9, bs_iter=38, k=6293, beta_mu=2.6769797264411053e+153, beta_phi=nan
NaN in beta_*: layer 9, bs_iter=38, k=6294, beta_mu=2.5672674108461206e+153, beta_phi=nan
NaN in beta_*: layer 9, bs_iter=38, k=6295, beta_mu=1.3689448981520473e+154, beta_phi=nan
NaN in beta_*: layer 9, bs_iter=38, k=6296, beta_mu=2.813012544975044e+153, beta_phi=nan
NaN in beta_*: layer 9, bs_iter=38, k=6297, beta_mu=1.0643811687728894e+154, beta_phi=nan
NaN in beta_*: layer 9, bs_iter=38, k=6298, beta_mu=5.969712704157408e+153, beta_phi=nan
NaN in beta_*: layer 9, bs_iter=38, k=6299, beta_mu=1.2852079887605613e+153, beta_phi=nan
NaN in beta_*: layer 9, bs_iter=38, k=6300, beta_mu=1.4352291618752045e+153, beta_phi=nan
NaN in beta_*: layer 9, bs_iter=38, k=6302, beta_mu=1.815000033709814e+153, beta_phi=nan
NaN in beta_*: layer 9, bs_iter=38, k=6303, beta_mu=2.7045014345227817e+152, beta_phi=nan
NaN in beta_*: layer 9, bs_iter=38, k=6304, beta_mu=2.8466528879847694e+152, beta_phi=nan
NaN in beta_*: layer 9, bs_iter=38, k=6305, beta_mu=2.6993764927824236e+153, beta_phi=nan
NaN in beta_*: layer 9, bs_iter=38, k=6306, beta_mu=1.9429142732033194e+152, beta_phi=nan
NaN in beta_*: layer 9, bs_iter=38, k=6307, beta_mu=2.6707094031494902e+153, beta_phi=nan
NaN in beta_*: layer 9, bs_iter=38, k=6308, beta_mu=2.813012495948567e+153, beta_phi=nan
NaN in beta_*: layer 9, bs_iter=38, k=6310, beta_mu=2.034795624481617e+153, beta_phi=nan
NaN in beta_*: layer 9, bs_iter=38, k=6311, beta_mu=1.4005107846548155e+153, beta_phi=nan
NaN in beta_*: layer 9, bs_iter=38, k=6312, beta_mu=2.7322156312830017e+153, beta_phi=nan
NaN in beta_*: layer 9, bs_iter=38, k=6313, beta_mu=2.8130121296670632e+153, beta_phi=nan
NaN in beta_*: layer 9, bs_iter=38, k=6314, beta_mu=2.6882488989925528e+153, beta_phi=nan
NaN in beta_*: layer 9, bs_iter=38, k=6315, beta_mu=1.5059866791352357e+153, beta_phi=nan
NaN in beta_*: layer 9, bs_iter=38, k=6316, beta_mu=1.5418862786547568e+153, beta_phi=nan
NaN in beta_*: layer 9, bs_iter=38, k=6317, beta_mu=2.8130128265296717e+153, beta_phi=nan
NaN in beta_*: layer 9, bs_iter=38, k=6318, beta_mu=1.4189852465459573e+153, beta_phi=nan
NaN in beta_*: layer 9, bs_iter=38, k=6319, beta_mu=2.813012722947592e+153, beta_phi=nan
NaN in beta_*: layer 9, bs_iter=38, k=6320, beta_mu=1.9000753797142555e+152, beta_phi=nan
NaN in beta_*: layer 9, bs_iter=38, k=6321, beta_mu=2.5504767457737504e+153, beta_phi=nan
NaN in beta_*: layer 9, bs_iter=38, k=6322, beta_mu=1.491289043735951e+152, beta_phi=nan
NaN in beta_*: layer 9, bs_iter=38, k=6323, beta_mu=2.6808696156735213e+153, beta_phi=nan
NaN in beta_*: layer 9, bs_iter=38, k=6325, beta_mu=2.762671992216728e+153, beta_phi=nan
NaN in beta_*: layer 9, bs_iter=38, k=6326, beta_mu=1.3379812558940494e+153, beta_phi=nan
NaN in beta_*: layer 9, bs_iter=38, k=6327, beta_mu=2.1886883587157656e+153, beta_phi=nan
NaN in beta_*: layer 9, bs_iter=38, k=6328, beta_mu=2.727139623712902e+153, beta_phi=nan
NaN in beta_*: layer 9, bs_iter=38, k=6329, beta_mu=2.7271411795243322e+153, beta_phi=nan
NaN in beta_*: layer 9, bs_iter=38, k=6330, beta_mu=1.3319117532635397e+153, beta_phi=nan
NaN in beta_*: layer 9, bs_iter=38, k=6331, beta_mu=2.7626720185531705e+153, beta_phi=nan
NaN in beta_*: layer 9, bs_iter=38, k=6332, beta_mu=2.8079393237591043e+153, beta_phi=nan
NaN in beta_*: layer 9, bs_iter=38, k=6333, beta_mu=2.680869572110204e+153, beta_phi=nan
NaN in beta_*: layer 9, bs_iter=38, k=6334, beta_mu=1.6805110258731465e+152, beta_phi=nan
NaN in beta_*: layer 9, bs_iter=38, k=6335, beta_mu=1.3688644006474472e+153, beta_phi=nan
NaN in beta_*: layer 9, bs_iter=38, k=6336, beta_mu=6.064727325316948e+153, beta_phi=nan
NaN in beta_*: layer 9, bs_iter=38, k=6337, beta_mu=2.8119518967822714e+153, beta_phi=nan
NaN in beta_*: layer 9, bs_iter=38, k=6338, beta_mu=1.0445744584439915e+154, beta_phi=nan
NaN in beta_*: layer 9, bs_iter=38, k=6339, beta_mu=4.75857413718312e+154, beta_phi=nan
NaN in beta_*: layer 9, bs_iter=38, k=6340, beta_mu=2.762671942875578e+153, beta_phi=nan
NaN in beta_*: layer 9, bs_iter=38, k=6341, beta_mu=3.906566461489891e+153, beta_phi=nan
NaN in beta_*: layer 9, bs_iter=38, k=6342, beta_mu=2.7626718594204166e+153, beta_phi=nan
NaN in beta_*: layer 9, bs_iter=38, k=6343, beta_mu=1.2466809847172134e+153, beta_phi=nan
NaN in beta_*: layer 9, bs_iter=38, k=6344, beta_mu=2.7626719413610968e+153, beta_phi=nan
NaN in beta_*: layer 9, bs_iter=38, k=6345, beta_mu=2.6556432968287762e+153, beta_phi=nan
NaN in beta_*: layer 9, bs_iter=38, k=6346, beta_mu=2.9727473888836018e+153, beta_phi=nan
NaN in beta_*: layer 9, bs_iter=38, k=6347, beta_mu=2.7626721693355913e+153, beta_phi=nan
NaN in beta_*: layer 9, bs_iter=38, k=6348, beta_mu=2.7626721170096018e+153, beta_phi=nan
NaN in beta_*: layer 9, bs_iter=38, k=6349, beta_mu=2.680868504404241e+153, beta_phi=nan
NaN in beta_*: layer 9, bs_iter=38, k=6350, beta_mu=2.487466348028176e+154, beta_phi=nan
NaN in beta_*: layer 9, bs_iter=38, k=6351, beta_mu=8.208740972263165e+153, beta_phi=nan
NaN in beta_*: layer 9, bs_iter=38, k=6352, beta_mu=2.6808693553190768e+153, beta_phi=nan
NaN in beta_*: layer 9, bs_iter=38, k=6353, beta_mu=2.7626717998754785e+153, beta_phi=nan
NaN in beta_*: layer 9, bs_iter=38, k=6354, beta_mu=3.014499131498792e+153, beta_phi=nan
NaN in beta_*: layer 9, bs_iter=38, k=6355, beta_mu=2.7626721795983636e+153, beta_phi=nan
NaN in beta_*: layer 9, bs_iter=38, k=6356, beta_mu=2.762672153201773e+153, beta_phi=nan
NaN in beta_*: layer 9, bs_iter=38, k=6357, beta_mu=2.7626720779412012e+153, beta_phi=nan
NaN in beta_*: layer 9, bs_iter=38, k=6358, beta_mu=3.011678826093188e+153, beta_phi=nan
NaN in beta_*: layer 9, bs_iter=38, k=6359, beta_mu=1.6861114814960575e+154, beta_phi=nan
NaN in beta_*: layer 9, bs_iter=38, k=6360, beta_mu=1.274391685211195e+153, beta_phi=nan
NaN in beta_*: layer 9, bs_iter=38, k=6361, beta_mu=2.68086950918396e+153, beta_phi=nan
NaN in beta_*: layer 9, bs_iter=38, k=6362, beta_mu=2.5821923206659842e+153, beta_phi=nan
NaN in beta_*: layer 9, bs_iter=38, k=6363, beta_mu=1.2777227731533084e+153, beta_phi=nan
NaN in beta_*: layer 9, bs_iter=38, k=6364, beta_mu=2.7626721633996338e+153, beta_phi=nan
NaN in beta_*: layer 9, bs_iter=38, k=6365, beta_mu=2.680868825954751e+153, beta_phi=nan
NaN in beta_*: layer 9, bs_iter=38, k=6366, beta_mu=1.199623171666146e+153, beta_phi=nan
NaN in beta_*: layer 9, bs_iter=38, k=6367, beta_mu=2.680869573829277e+153, beta_phi=nan
NaN in beta_*: layer 9, bs_iter=38, k=6368, beta_mu=3.0337903991008745e+153, beta_phi=nan
NaN in beta_*: layer 9, bs_iter=38, k=6369, beta_mu=1.111884505849771e+152, beta_phi=nan
NaN in beta_*: layer 9, bs_iter=38, k=6370, beta_mu=5.158435542327545e+153, beta_phi=nan
NaN in beta_*: layer 9, bs_iter=38, k=6371, beta_mu=1.0493446599586084e+155, beta_phi=nan
NaN in beta_*: layer 9, bs_iter=38, k=6372, beta_mu=3.0349069394896707e+153, beta_phi=nan
NaN in beta_*: layer 9, bs_iter=38, k=6373, beta_mu=2.6808697117278277e+153, beta_phi=nan
NaN in beta_*: layer 9, bs_iter=38, k=6374, beta_mu=2.762672006960189e+153, beta_phi=nan
NaN in beta_*: layer 9, bs_iter=38, k=6375, beta_mu=2.7626721331083677e+153, beta_phi=nan
NaN in beta_*: layer 9, bs_iter=38, k=6376, beta_mu=2.7626719833751274e+153, beta_phi=nan
NaN in beta_*: layer 9, bs_iter=38, k=6377, beta_mu=2.7626719755780184e+153, beta_phi=nan
NaN in beta_*: layer 9, bs_iter=38, k=6378, beta_mu=2.7626721801961106e+153, beta_phi=nan
NaN in beta_*: layer 9, bs_iter=38, k=6379, beta_mu=1.2148730570389947e+153, beta_phi=nan
NaN in beta_*: layer 9, bs_iter=38, k=6380, beta_mu=2.7626721468873458e+153, beta_phi=nan
NaN in beta_*: layer 9, bs_iter=38, k=6383, beta_mu=6.01236697735269e+153, beta_phi=nan
NaN in beta_*: layer 9, bs_iter=38, k=6384, beta_mu=4.221562914212055e+153, beta_phi=nan
NaN in beta_*: layer 9, bs_iter=38, k=6385, beta_mu=2.762671764418262e+153, beta_phi=nan
NaN in beta_*: layer 9, bs_iter=38, k=6386, beta_mu=2.680869711309712e+153, beta_phi=nan
NaN in beta_*: layer 9, bs_iter=38, k=6387, beta_mu=3.267179591942527e+153, beta_phi=nan
NaN in beta_*: layer 9, bs_iter=38, k=6388, beta_mu=3.078718609851334e+153, beta_phi=nan
NaN in beta_*: layer 9, bs_iter=38, k=6389, beta_mu=1.927306659946737e+154, beta_phi=nan
NaN in beta_*: layer 9, bs_iter=38, k=6390, beta_mu=1.4441931624094814e+153, beta_phi=nan
NaN in beta_*: layer 9, bs_iter=38, k=6391, beta_mu=6.1831413153956406e+153, beta_phi=nan
NaN in beta_*: layer 9, bs_iter=38, k=6393, beta_mu=2.7626717197117364e+153, beta_phi=nan
NaN in beta_*: layer 9, bs_iter=38, k=6394, beta_mu=2.583317238537595e+153, beta_phi=nan
NaN in beta_*: layer 9, bs_iter=38, k=6395, beta_mu=1.9936867194074022e+154, beta_phi=nan
NaN in beta_*: layer 9, bs_iter=38, k=6397, beta_mu=6.088993316856527e+153, beta_phi=nan
NaN in beta_*: layer 9, bs_iter=38, k=6398, beta_mu=1.1564291952806338e+152, beta_phi=nan
NaN in beta_*: layer 9, bs_iter=38, k=6399, beta_mu=1.1119339459284996e+152, beta_phi=nan
NaN in beta_*: layer 9, bs_iter=38, k=6400, beta_mu=2.680869690615471e+153, beta_phi=nan
NaN in beta_*: layer 9, bs_iter=38, k=6401, beta_mu=6.106444413545213e+153, beta_phi=nan
NaN in beta_*: layer 9, bs_iter=38, k=6402, beta_mu=1.1321413919656825e+152, beta_phi=nan
NaN in beta_*: layer 9, bs_iter=38, k=6403, beta_mu=2.7626718536396536e+153, beta_phi=nan
NaN in beta_*: layer 9, bs_iter=38, k=6404, beta_mu=2.7626720669373216e+153, beta_phi=nan
NaN in beta_*: layer 9, bs_iter=38, k=6405, beta_mu=3.0063159315521833e+153, beta_phi=nan
NaN in beta_*: layer 9, bs_iter=38, k=6406, beta_mu=2.7626716333379572e+153, beta_phi=nan
NaN in beta_*: layer 9, bs_iter=38, k=6407, beta_mu=3.1028928254557455e+153, beta_phi=nan
NaN in beta_*: layer 9, bs_iter=38, k=6408, beta_mu=2.762671685175781e+153, beta_phi=nan
NaN in beta_*: layer 9, bs_iter=38, k=6409, beta_mu=2.7626717998754785e+153, beta_phi=nan
NaN in beta_*: layer 9, bs_iter=38, k=6410, beta_mu=2.762671895640185e+153, beta_phi=nan
NaN in beta_*: layer 9, bs_iter=38, k=6411, beta_mu=2.7626720946744857e+153, beta_phi=nan
NaN in beta_*: layer 9, bs_iter=38, k=6412, beta_mu=2.762671952003522e+153, beta_phi=nan
NaN in beta_*: layer 9, bs_iter=38, k=6413, beta_mu=1.8830626134958143e+153, beta_phi=nan
NaN in beta_*: layer 9, bs_iter=38, k=6414, beta_mu=2.6808698343340185e+153, beta_phi=nan
NaN in beta_*: layer 9, bs_iter=38, k=6415, beta_mu=2.6808697579298055e+153, beta_phi=nan
NaN in beta_*: layer 9, bs_iter=38, k=6416, beta_mu=2.7626711979378742e+153, beta_phi=nan
NaN in beta_*: layer 9, bs_iter=38, k=6418, beta_mu=1.2520632167085307e+152, beta_phi=nan
NaN in beta_*: layer 9, bs_iter=38, k=6419, beta_mu=2.7626718711854963e+153, beta_phi=nan
NaN in beta_*: layer 9, bs_iter=38, k=6420, beta_mu=2.762671430428655e+153, beta_phi=nan
NaN in beta_*: layer 9, bs_iter=38, k=6421, beta_mu=1.6732795407103363e+154, beta_phi=nan
NaN in beta_*: layer 9, bs_iter=38, k=6422, beta_mu=3.911789153638416e+153, beta_phi=nan
NaN in beta_*: layer 9, bs_iter=38, k=6424, beta_mu=2.7626713084117968e+153, beta_phi=nan
NaN in beta_*: layer 9, bs_iter=38, k=6425, beta_mu=1.1498378047871686e+153, beta_phi=nan
NaN in beta_*: layer 9, bs_iter=38, k=6426, beta_mu=3.08588753437646e+153, beta_phi=nan
NaN in beta_*: layer 9, bs_iter=38, k=6427, beta_mu=2.780042736350083e+153, beta_phi=nan
NaN in beta_*: layer 9, bs_iter=38, k=6428, beta_mu=2.756445178061008e+153, beta_phi=nan
NaN in beta_*: layer 9, bs_iter=38, k=6429, beta_mu=2.7564455198734946e+153, beta_phi=nan
NaN in beta_*: layer 9, bs_iter=38, k=6430, beta_mu=2.756444914442887e+153, beta_phi=nan
NaN in beta_*: layer 9, bs_iter=38, k=6431, beta_mu=4.942909169884765e+153, beta_phi=nan
NaN in beta_*: layer 9, bs_iter=38, k=6432, beta_mu=2.756444621596704e+153, beta_phi=nan
NaN in beta_*: layer 9, bs_iter=38, k=6433, beta_mu=2.756444548210614e+153, beta_phi=nan
NaN in beta_*: layer 9, bs_iter=38, k=6434, beta_mu=2.756443780341873e+153, beta_phi=nan
NaN in beta_*: layer 9, bs_iter=38, k=6435, beta_mu=2.756444290577016e+153, beta_phi=nan
NaN in beta_*: layer 9, bs_iter=38, k=6436, beta_mu=2.7564443911053176e+153, beta_phi=nan
NaN in beta_*: layer 9, bs_iter=38, k=6437, beta_mu=1.186971217716802e+153, beta_phi=nan
NaN in beta_*: layer 9, bs_iter=38, k=6438, beta_mu=2.7564437624125027e+153, beta_phi=nan
NaN in beta_*: layer 9, bs_iter=38, k=6439, beta_mu=2.7564437139398345e+153, beta_phi=nan
NaN in beta_*: layer 9, bs_iter=38, k=6440, beta_mu=2.7564443470556708e+153, beta_phi=nan
NaN in beta_*: layer 9, bs_iter=38, k=6441, beta_mu=1.9092382620542465e+153, beta_phi=nan
NaN in beta_*: layer 9, bs_iter=38, k=6443, beta_mu=2.756443608585772e+153, beta_phi=nan
NaN in beta_*: layer 9, bs_iter=38, k=6444, beta_mu=2.6747747837940833e+153, beta_phi=nan
NaN in beta_*: layer 9, bs_iter=38, k=6445, beta_mu=9.343434422295032e+153, beta_phi=nan
NaN in beta_*: layer 9, bs_iter=38, k=6446, beta_mu=6.051445197625436e+153, beta_phi=nan
NaN in beta_*: layer 9, bs_iter=38, k=6447, beta_mu=2.6877907657647164e+153, beta_phi=nan
NaN in beta_*: layer 9, bs_iter=38, k=6448, beta_mu=2.8762222622774698e+153, beta_phi=nan
NaN in beta_*: layer 9, bs_iter=38, k=6450, beta_mu=6.163995549549484e+153, beta_phi=nan
NaN in beta_*: layer 9, bs_iter=38, k=6451, beta_mu=3.618630396162788e+153, beta_phi=nan
NaN in beta_*: layer 9, bs_iter=38, k=6452, beta_mu=1.2701631420392299e+153, beta_phi=nan
NaN in beta_*: layer 9, bs_iter=38, k=6453, beta_mu=2.3749670777255256e+153, beta_phi=nan
NaN in beta_*: layer 9, bs_iter=38, k=6454, beta_mu=1.9278580387290526e+153, beta_phi=nan
NaN in beta_*: layer 9, bs_iter=38, k=6455, beta_mu=3.850067036526654e+153, beta_phi=nan
NaN in beta_*: layer 9, bs_iter=38, k=6456, beta_mu=3.928091915996361e+153, beta_phi=nan
NaN in beta_*: layer 9, bs_iter=38, k=6457, beta_mu=2.070036188124561e+153, beta_phi=nan
NaN in beta_*: layer 9, bs_iter=38, k=6458, beta_mu=3.678553801601702e+153, beta_phi=nan
NaN in beta_*: layer 9, bs_iter=38, k=6459, beta_mu=6.898964208240564e+153, beta_phi=nan
NaN in beta_*: layer 9, bs_iter=38, k=6460, beta_mu=3.1933472991917315e+153, beta_phi=nan
NaN in beta_*: layer 9, bs_iter=38, k=6461, beta_mu=5.9641363664564416e+153, beta_phi=nan
NaN in beta_*: layer 9, bs_iter=38, k=6462, beta_mu=1.443362785311801e+153, beta_phi=nan
NaN in beta_*: layer 9, bs_iter=38, k=6463, beta_mu=2.3271494637847125e+153, beta_phi=nan
NaN in beta_*: layer 9, bs_iter=38, k=6464, beta_mu=3.185417220572857e+153, beta_phi=nan
NaN in beta_*: layer 9, bs_iter=38, k=6465, beta_mu=5.8807342250886924e+153, beta_phi=nan
NaN in beta_*: layer 9, bs_iter=38, k=6466, beta_mu=3.1854173890370814e+153, beta_phi=nan
NaN in beta_*: layer 9, bs_iter=38, k=6467, beta_mu=2.327148117296707e+153, beta_phi=nan
NaN in beta_*: layer 9, bs_iter=38, k=6468, beta_mu=3.0594378779334155e+153, beta_phi=nan
NaN in beta_*: layer 9, bs_iter=38, k=6469, beta_mu=2.6502853562166133e+153, beta_phi=nan
NaN in beta_*: layer 9, bs_iter=38, k=6470, beta_mu=2.6393402419236756e+153, beta_phi=nan
NaN in beta_*: layer 9, bs_iter=38, k=6471, beta_mu=5.238542056187082e+153, beta_phi=nan
NaN in beta_*: layer 9, bs_iter=38, k=6472, beta_mu=3.2948098942095678e+153, beta_phi=nan
NaN in beta_*: layer 9, bs_iter=38, k=6473, beta_mu=2.3271492355047666e+153, beta_phi=nan
NaN in beta_*: layer 9, bs_iter=38, k=6474, beta_mu=3.184158356187863e+153, beta_phi=nan
NaN in beta_*: layer 9, bs_iter=38, k=6476, beta_mu=2.327149285417178e+153, beta_phi=nan
NaN in beta_*: layer 9, bs_iter=38, k=6477, beta_mu=1.1986700585443476e+153, beta_phi=nan
NaN in beta_*: layer 9, bs_iter=38, k=6478, beta_mu=3.2143970704052196e+153, beta_phi=nan
NaN in beta_*: layer 9, bs_iter=38, k=6479, beta_mu=3.2351134285760718e+153, beta_phi=nan
NaN in beta_*: layer 9, bs_iter=38, k=6480, beta_mu=8.978059011262054e+152, beta_phi=nan
NaN in beta_*: layer 9, bs_iter=38, k=6482, beta_mu=2.417644907935266e+153, beta_phi=nan
NaN in beta_*: layer 9, bs_iter=38, k=6483, beta_mu=1.311084424392445e+153, beta_phi=nan
NaN in beta_*: layer 9, bs_iter=38, k=6484, beta_mu=1.181096569113061e+153, beta_phi=nan
NaN in beta_*: layer 9, bs_iter=38, k=6485, beta_mu=2.417644716975813e+153, beta_phi=nan
NaN in beta_*: layer 9, bs_iter=38, k=6486, beta_mu=3.1020456778423135e+153, beta_phi=nan
NaN in beta_*: layer 9, bs_iter=38, k=6487, beta_mu=3.1020464641867515e+153, beta_phi=nan
NaN in beta_*: layer 9, bs_iter=38, k=6488, beta_mu=2.067300657310608e+154, beta_phi=nan
NaN in beta_*: layer 9, bs_iter=38, k=6489, beta_mu=2.417644543850838e+153, beta_phi=nan
NaN in beta_*: layer 9, bs_iter=38, k=6490, beta_mu=1.311083701255346e+153, beta_phi=nan
NaN in beta_*: layer 9, bs_iter=38, k=6491, beta_mu=2.417645103796471e+153, beta_phi=nan
NaN in beta_*: layer 9, bs_iter=38, k=6492, beta_mu=6.013775708069392e+153, beta_phi=nan
NaN in beta_*: layer 9, bs_iter=38, k=6493, beta_mu=2.555275605013945e+153, beta_phi=nan
NaN in beta_*: layer 9, bs_iter=38, k=6494, beta_mu=2.6136111298773946e+153, beta_phi=nan
NaN in beta_*: layer 9, bs_iter=38, k=6495, beta_mu=6.031561954093759e+153, beta_phi=nan
NaN in beta_*: layer 9, bs_iter=38, k=6496, beta_mu=2.4176455605740185e+153, beta_phi=nan
NaN in beta_*: layer 9, bs_iter=38, k=6497, beta_mu=6.031559918947012e+153, beta_phi=nan
NaN in beta_*: layer 9, bs_iter=38, k=6498, beta_mu=3.1785477818612838e+153, beta_phi=nan
NaN in beta_*: layer 9, bs_iter=38, k=6499, beta_mu=1.1763197373475357e+152, beta_phi=nan
NaN in beta_*: layer 9, bs_iter=38, k=6500, beta_mu=3.19049823880685e+153, beta_phi=nan
NaN in beta_*: layer 9, bs_iter=38, k=6501, beta_mu=3.1904989187188878e+153, beta_phi=nan
NaN in beta_*: layer 9, bs_iter=38, k=6502, beta_mu=2.417645236880223e+153, beta_phi=nan
NaN in beta_*: layer 9, bs_iter=38, k=6503, beta_mu=1.3071125120405503e+153, beta_phi=nan
NaN in beta_*: layer 9, bs_iter=38, k=6504, beta_mu=6.0248372141960935e+153, beta_phi=nan
NaN in beta_*: layer 9, bs_iter=38, k=6505, beta_mu=3.1357167940483288e+153, beta_phi=nan
NaN in beta_*: layer 9, bs_iter=38, k=6506, beta_mu=3.185944943320555e+153, beta_phi=nan
NaN in beta_*: layer 9, bs_iter=38, k=6507, beta_mu=3.147584849693303e+153, beta_phi=nan
NaN in beta_*: layer 9, bs_iter=38, k=6508, beta_mu=3.1475842570158998e+153, beta_phi=nan
NaN in beta_*: layer 9, bs_iter=38, k=6509, beta_mu=3.1148045809047174e+153, beta_phi=nan
NaN in beta_*: layer 9, bs_iter=38, k=6510, beta_mu=2.4835236570567e+153, beta_phi=nan
NaN in beta_*: layer 9, bs_iter=38, k=6511, beta_mu=3.1527467677631853e+153, beta_phi=nan
NaN in beta_*: layer 9, bs_iter=38, k=6512, beta_mu=2.4176458222419452e+153, beta_phi=nan
NaN in beta_*: layer 9, bs_iter=38, k=6513, beta_mu=5.978173450446479e+153, beta_phi=nan
NaN in beta_*: layer 9, bs_iter=38, k=6514, beta_mu=1.8056526190766987e+154, beta_phi=nan
NaN in beta_*: layer 9, bs_iter=38, k=6515, beta_mu=2.4176459539840655e+153, beta_phi=nan
NaN in beta_*: layer 9, bs_iter=38, k=6516, beta_mu=1.1227837468191478e+154, beta_phi=nan
NaN in beta_*: layer 9, bs_iter=38, k=6517, beta_mu=1.2559410889144757e+153, beta_phi=nan
NaN in beta_*: layer 9, bs_iter=38, k=6518, beta_mu=5.987591515610409e+153, beta_phi=nan
NaN in beta_*: layer 9, bs_iter=38, k=6519, beta_mu=3.1475836600368653e+153, beta_phi=nan
NaN in beta_*: layer 9, bs_iter=38, k=6520, beta_mu=2.7409466553624427e+153, beta_phi=nan
NaN in beta_*: layer 9, bs_iter=38, k=6521, beta_mu=2.4460059823771803e+153, beta_phi=nan
NaN in beta_*: layer 9, bs_iter=38, k=6522, beta_mu=2.417646568864415e+153, beta_phi=nan
NaN in beta_*: layer 9, bs_iter=38, k=6523, beta_mu=2.41764634562728e+153, beta_phi=nan
NaN in beta_*: layer 9, bs_iter=38, k=6524, beta_mu=5.978176866205617e+153, beta_phi=nan
NaN in beta_*: layer 9, bs_iter=38, k=6525, beta_mu=1.2579707601968515e+153, beta_phi=nan
NaN in beta_*: layer 9, bs_iter=38, k=6526, beta_mu=3.1475845428535123e+153, beta_phi=nan
NaN in beta_*: layer 9, bs_iter=38, k=6527, beta_mu=2.531412505360745e+153, beta_phi=nan
NaN in beta_*: layer 9, bs_iter=38, k=6528, beta_mu=3.1475835619913987e+153, beta_phi=nan
NaN in beta_*: layer 9, bs_iter=38, k=6530, beta_mu=1.146484819989205e+154, beta_phi=nan
NaN in beta_*: layer 9, bs_iter=38, k=6531, beta_mu=5.342797992095534e+153, beta_phi=nan
NaN in beta_*: layer 9, bs_iter=38, k=6532, beta_mu=3.1475843084895296e+153, beta_phi=nan
NaN in beta_*: layer 9, bs_iter=38, k=6533, beta_mu=2.523033478085723e+153, beta_phi=nan
NaN in beta_*: layer 9, bs_iter=38, k=6534, beta_mu=2.4176455393431496e+153, beta_phi=nan
NaN in beta_*: layer 9, bs_iter=38, k=6535, beta_mu=1.2902024505577732e+153, beta_phi=nan
NaN in beta_*: layer 9, bs_iter=38, k=6536, beta_mu=1.7658036842559637e+154, beta_phi=nan
NaN in beta_*: layer 9, bs_iter=38, k=6537, beta_mu=3.2913760891492606e+152, beta_phi=nan
NaN in beta_*: layer 9, bs_iter=38, k=6538, beta_mu=6.350948810593494e+152, beta_phi=nan
NaN in beta_*: layer 9, bs_iter=38, k=6539, beta_mu=2.3016756651462117e+153, beta_phi=nan
NaN in beta_*: layer 9, bs_iter=38, k=6540, beta_mu=2.3016753950590627e+153, beta_phi=nan
NaN in beta_*: layer 9, bs_iter=38, k=6541, beta_mu=6.123313931970372e+153, beta_phi=nan
NaN in beta_*: layer 9, bs_iter=38, k=6542, beta_mu=1.3301642467690185e+153, beta_phi=nan
NaN in beta_*: layer 9, bs_iter=38, k=6543, beta_mu=2.4999575754514993e+153, beta_phi=nan
NaN in beta_*: layer 9, bs_iter=38, k=6544, beta_mu=3.454863430019154e+153, beta_phi=nan
NaN in beta_*: layer 9, bs_iter=38, k=6545, beta_mu=6.660075834526395e+154, beta_phi=nan
NaN in beta_*: layer 9, bs_iter=38, k=6546, beta_mu=2.8009492473453002e+152, beta_phi=nan
NaN in beta_*: layer 9, bs_iter=38, k=6547, beta_mu=5.1068391918187736e+153, beta_phi=nan
NaN in beta_*: layer 9, bs_iter=38, k=6548, beta_mu=6.1399275673204e+153, beta_phi=nan
NaN in beta_*: layer 9, bs_iter=38, k=6549, beta_mu=2.7485065749249673e+152, beta_phi=nan
NaN in beta_*: layer 9, bs_iter=38, k=6550, beta_mu=3.26211692363536e+153, beta_phi=nan
NaN in beta_*: layer 9, bs_iter=38, k=6551, beta_mu=1.2859223251329187e+153, beta_phi=nan
NaN in beta_*: layer 9, bs_iter=38, k=6552, beta_mu=3.1712338892484418e+153, beta_phi=nan
NaN in beta_*: layer 9, bs_iter=38, k=6553, beta_mu=1.3711388318167991e+153, beta_phi=nan
NaN in beta_*: layer 9, bs_iter=38, k=6554, beta_mu=1.3037584780571815e+153, beta_phi=nan
NaN in beta_*: layer 9, bs_iter=38, k=6555, beta_mu=2.4176448459641674e+153, beta_phi=nan
NaN in beta_*: layer 9, bs_iter=38, k=6556, beta_mu=2.5444865819987126e+153, beta_phi=nan
NaN in beta_*: layer 9, bs_iter=38, k=6557, beta_mu=6.0295296139090775e+153, beta_phi=nan
NaN in beta_*: layer 9, bs_iter=38, k=6558, beta_mu=6.42393358969458e+153, beta_phi=nan
NaN in beta_*: layer 9, bs_iter=38, k=6559, beta_mu=6.44348095933117e+153, beta_phi=nan
NaN in beta_*: layer 9, bs_iter=38, k=6560, beta_mu=5.384134121586272e+153, beta_phi=nan
NaN in beta_*: layer 9, bs_iter=38, k=6561, beta_mu=3.7134216458242366e+153, beta_phi=nan
NaN in beta_*: layer 9, bs_iter=38, k=6562, beta_mu=1.4425068757111103e+152, beta_phi=nan
NaN in beta_*: layer 9, bs_iter=38, k=6563, beta_mu=8.132327504074092e+153, beta_phi=nan
NaN in beta_*: layer 9, bs_iter=38, k=6564, beta_mu=8.132445038980666e+153, beta_phi=nan
NaN in beta_*: layer 9, bs_iter=38, k=6565, beta_mu=8.105049481833772e+153, beta_phi=nan
NaN in beta_*: layer 9, bs_iter=38, k=6566, beta_mu=3.686175499915859e+153, beta_phi=nan
NaN in beta_*: layer 9, bs_iter=38, k=6567, beta_mu=5.279365178730965e+153, beta_phi=nan
NaN in beta_*: layer 9, bs_iter=38, k=6568, beta_mu=8.064120591052178e+153, beta_phi=nan
NaN in beta_*: layer 9, bs_iter=38, k=6569, beta_mu=8.064145957779894e+153, beta_phi=nan
NaN in beta_*: layer 9, bs_iter=38, k=6570, beta_mu=3.6861732569392e+153, beta_phi=nan
NaN in beta_*: layer 9, bs_iter=38, k=6571, beta_mu=1.297782670740313e+154, beta_phi=nan
NaN in beta_*: layer 9, bs_iter=38, k=6572, beta_mu=8.021095123131591e+153, beta_phi=nan
NaN in beta_*: layer 9, bs_iter=38, k=6573, beta_mu=8.021101314133014e+153, beta_phi=nan
NaN in beta_*: layer 9, bs_iter=38, k=6574, beta_mu=2.172781222571703e+153, beta_phi=nan
NaN in beta_*: layer 9, bs_iter=38, k=6575, beta_mu=3.6861727951921975e+153, beta_phi=nan
NaN in beta_*: layer 9, bs_iter=38, k=6576, beta_mu=8.021082109471242e+153, beta_phi=nan
NaN in beta_*: layer 9, bs_iter=38, k=6577, beta_mu=7.977675948124988e+153, beta_phi=nan
NaN in beta_*: layer 9, bs_iter=38, k=6578, beta_mu=9.429639368306053e+153, beta_phi=nan
NaN in beta_*: layer 9, bs_iter=38, k=6579, beta_mu=4.9262400273675045e+153, beta_phi=nan
NaN in beta_*: layer 9, bs_iter=38, k=6580, beta_mu=1.5445434310008068e+154, beta_phi=nan
NaN in beta_*: layer 9, bs_iter=38, k=6581, beta_mu=2.5186695927007534e+154, beta_phi=nan
NaN in beta_*: layer 9, bs_iter=38, k=6582, beta_mu=9.384654352017955e+153, beta_phi=nan
NaN in beta_*: layer 9, bs_iter=38, k=6583, beta_mu=9.384337475008482e+153, beta_phi=nan
NaN in beta_*: layer 9, bs_iter=38, k=6584, beta_mu=1.5394512031890716e+154, beta_phi=nan
NaN in beta_*: layer 9, bs_iter=38, k=6585, beta_mu=9.343358853272833e+153, beta_phi=nan
NaN in beta_*: layer 9, bs_iter=38, k=6586, beta_mu=5.1050891447030926e+153, beta_phi=nan
NaN in beta_*: layer 9, bs_iter=38, k=6587, beta_mu=4.291044601754031e+153, beta_phi=nan
NaN in beta_*: layer 9, bs_iter=38, k=6588, beta_mu=1.5423618965482475e+154, beta_phi=nan
NaN in beta_*: layer 9, bs_iter=38, k=6589, beta_mu=8.059458379584628e+153, beta_phi=nan
NaN in beta_*: layer 9, bs_iter=38, k=6590, beta_mu=4.291046351528144e+153, beta_phi=nan
NaN in beta_*: layer 9, bs_iter=38, k=6591, beta_mu=5.30943226974226e+153, beta_phi=nan
NaN in beta_*: layer 9, bs_iter=38, k=6592, beta_mu=2.0756656899349793e+152, beta_phi=nan
NaN in beta_*: layer 9, bs_iter=38, k=6593, beta_mu=6.438462918998556e+153, beta_phi=nan
NaN in beta_*: layer 9, bs_iter=38, k=6594, beta_mu=1.9459848722422765e+152, beta_phi=nan
NaN in beta_*: layer 9, bs_iter=38, k=6595, beta_mu=4.2960142106663934e+153, beta_phi=nan
NaN in beta_*: layer 9, bs_iter=38, k=6596, beta_mu=4.2960214903137956e+153, beta_phi=nan
NaN in beta_*: layer 9, bs_iter=38, k=6598, beta_mu=3.2678266380470134e+154, beta_phi=nan
NaN in beta_*: layer 9, bs_iter=38, k=6599, beta_mu=6.438463679432409e+153, beta_phi=nan
NaN in beta_*: layer 9, bs_iter=38, k=6600, beta_mu=1.7313463250201683e+152, beta_phi=nan
NaN in beta_*: layer 9, bs_iter=38, k=6601, beta_mu=1.0823980927934833e+154, beta_phi=nan
NaN in beta_*: layer 9, bs_iter=38, k=6602, beta_mu=2.0124074164839482e+153, beta_phi=nan
NaN in beta_*: layer 9, bs_iter=38, k=6603, beta_mu=2.342167849325426e+153, beta_phi=nan
NaN in beta_*: layer 9, bs_iter=38, k=6604, beta_mu=9.151383820570045e+153, beta_phi=nan
NaN in beta_*: layer 9, bs_iter=38, k=6605, beta_mu=2.0641726797553154e+153, beta_phi=nan
NaN in beta_*: layer 9, bs_iter=38, k=6606, beta_mu=2.0641774107093064e+153, beta_phi=nan
NaN in beta_*: layer 9, bs_iter=38, k=6607, beta_mu=1.8136205803250072e+154, beta_phi=nan
NaN in beta_*: layer 9, bs_iter=38, k=6608, beta_mu=2.0478344130994914e+153, beta_phi=nan
NaN in beta_*: layer 9, bs_iter=38, k=6609, beta_mu=2.0119278444349876e+153, beta_phi=nan
NaN in beta_*: layer 9, bs_iter=38, k=6610, beta_mu=2.0414688559783443e+153, beta_phi=nan
NaN in beta_*: layer 9, bs_iter=38, k=6611, beta_mu=4.180487160386886e+154, beta_phi=nan
NaN in beta_*: layer 9, bs_iter=38, k=6612, beta_mu=2.3484233518930767e+153, beta_phi=nan
NaN in beta_*: layer 9, bs_iter=38, k=6613, beta_mu=5.3440703694523043e+154, beta_phi=nan
NaN in beta_*: layer 9, bs_iter=38, k=6614, beta_mu=4.210991090828743e+154, beta_phi=nan
NaN in beta_*: layer 9, bs_iter=38, k=6619, beta_mu=6.974453096112842e+154, beta_phi=nan
NaN in beta_*: layer 9, bs_iter=38, k=6620, beta_mu=8.833859837127138e+154, beta_phi=nan
NaN in beta_*: layer 9, bs_iter=38, k=6621, beta_mu=1.5139106739442915e+152, beta_phi=nan
NaN in beta_*: layer 9, bs_iter=38, k=6622, beta_mu=1.375541786360863e+154, beta_phi=nan
NaN in beta_*: layer 9, bs_iter=38, k=6623, beta_mu=4.11657586424964e+153, beta_phi=nan
NaN in beta_*: layer 9, bs_iter=38, k=6624, beta_mu=3.14467877442803e+154, beta_phi=nan
NaN in beta_*: layer 9, bs_iter=38, k=6625, beta_mu=2.671323022794121e+153, beta_phi=nan
NaN in beta_*: layer 9, bs_iter=38, k=6626, beta_mu=2.2767944197543805e+154, beta_phi=nan
NaN in beta_*: layer 9, bs_iter=38, k=6627, beta_mu=4.860628019940572e+154, beta_phi=nan
NaN in beta_*: layer 9, bs_iter=38, k=6628, beta_mu=5.791845615828268e+154, beta_phi=nan
NaN in beta_*: layer 9, bs_iter=38, k=6629, beta_mu=9.018496852138281e+153, beta_phi=nan
NaN in beta_*: layer 9, bs_iter=38, k=6630, beta_mu=1.254547880398599e+154, beta_phi=nan
NaN in beta_*: layer 9, bs_iter=38, k=6631, beta_mu=1.0542234836733141e+155, beta_phi=nan
NaN in beta_*: layer 9, bs_iter=38, k=6632, beta_mu=8.569958516396872e+153, beta_phi=nan
NaN in beta_*: layer 9, bs_iter=38, k=6633, beta_mu=9.107108678542924e+153, beta_phi=nan
NaN in beta_*: layer 9, bs_iter=38, k=6634, beta_mu=4.965480649295626e+153, beta_phi=nan
NaN in beta_*: layer 9, bs_iter=38, k=6635, beta_mu=1.047663731410313e+155, beta_phi=nan
NaN in beta_*: layer 9, bs_iter=38, k=6636, beta_mu=4.489008528655605e+154, beta_phi=nan
NaN in beta_*: layer 9, bs_iter=38, k=6637, beta_mu=6.777510302901977e+152, beta_phi=nan
NaN in beta_*: layer 9, bs_iter=38, k=6638, beta_mu=8.61669675790919e+153, beta_phi=nan
NaN in beta_*: layer 9, bs_iter=38, k=6639, beta_mu=8.575178973137666e+153, beta_phi=nan
NaN in beta_*: layer 9, bs_iter=38, k=6640, beta_mu=4.494874172418217e+153, beta_phi=nan
NaN in beta_*: layer 9, bs_iter=38, k=6641, beta_mu=4.502798945293452e+153, beta_phi=nan
NaN in beta_*: layer 9, bs_iter=38, k=6642, beta_mu=2.4347814584040915e+153, beta_phi=nan
NaN in beta_*: layer 9, bs_iter=38, k=6643, beta_mu=1.5880653450418894e+155, beta_phi=nan
NaN in beta_*: layer 9, bs_iter=38, k=6645, beta_mu=1.0801119572971352e+154, beta_phi=nan
NaN in beta_*: layer 9, bs_iter=38, k=6646, beta_mu=2.4611320827934277e+154, beta_phi=nan
NaN in beta_*: layer 9, bs_iter=38, k=6647, beta_mu=5.708195038290306e+154, beta_phi=nan
NaN in beta_*: layer 9, bs_iter=38, k=6648, beta_mu=8.216377746516206e+153, beta_phi=nan
NaN in beta_*: layer 9, bs_iter=38, k=6649, beta_mu=1.0138571687935646e+152, beta_phi=nan
NaN in beta_*: layer 9, bs_iter=38, k=6650, beta_mu=1.0032191426568884e+152, beta_phi=nan
NaN in beta_*: layer 9, bs_iter=38, k=6651, beta_mu=1.2732629498586248e+153, beta_phi=nan
NaN in beta_*: layer 9, bs_iter=38, k=6652, beta_mu=5.824795688170833e+154, beta_phi=nan
NaN in beta_*: layer 9, bs_iter=38, k=6653, beta_mu=1.4879540065779558e+154, beta_phi=nan
NaN in beta_*: layer 9, bs_iter=38, k=6654, beta_mu=8.268768208483026e+153, beta_phi=nan
NaN in beta_*: layer 9, bs_iter=38, k=6655, beta_mu=5.555986596082825e+154, beta_phi=nan
NaN in beta_*: layer 9, bs_iter=38, k=6656, beta_mu=5.284441594661381e+154, beta_phi=nan
NaN in beta_*: layer 9, bs_iter=38, k=6657, beta_mu=1.2533348433595484e+154, beta_phi=nan
NaN in beta_*: layer 9, bs_iter=38, k=6658, beta_mu=2.073300542219546e+154, beta_phi=nan
NaN in beta_*: layer 9, bs_iter=38, k=6659, beta_mu=7.42693821644873e+153, beta_phi=nan
NaN in beta_*: layer 9, bs_iter=38, k=6660, beta_mu=7.274093201459811e+153, beta_phi=nan
NaN in beta_*: layer 9, bs_iter=38, k=6661, beta_mu=4.12676635498976e+153, beta_phi=nan
NaN in beta_*: layer 9, bs_iter=38, k=6662, beta_mu=2.579285077270951e+152, beta_phi=nan
NaN in beta_*: layer 9, bs_iter=38, k=6663, beta_mu=1.909400400529195e+155, beta_phi=nan
NaN in beta_*: layer 9, bs_iter=38, k=6664, beta_mu=2.698172651113935e+155, beta_phi=nan
NaN in beta_*: layer 9, bs_iter=38, k=6665, beta_mu=3.517535519351723e+154, beta_phi=nan
NaN in beta_*: layer 9, bs_iter=38, k=6666, beta_mu=4.856612432785143e+153, beta_phi=nan
NaN in beta_*: layer 9, bs_iter=38, k=6667, beta_mu=2.9681125936768915e+154, beta_phi=nan
NaN in beta_*: layer 9, bs_iter=38, k=6668, beta_mu=4.453732094419992e+154, beta_phi=nan
NaN in beta_*: layer 9, bs_iter=38, k=6669, beta_mu=3.4920065460471167e+155, beta_phi=nan
NaN in beta_*: layer 9, bs_iter=38, k=6670, beta_mu=1.6675150470683894e+153, beta_phi=nan
NaN in beta_*: layer 9, bs_iter=38, k=6671, beta_mu=1.3010451148192306e+152, beta_phi=nan
NaN in beta_*: layer 9, bs_iter=38, k=6672, beta_mu=2.8531658909507546e+155, beta_phi=nan
NaN in beta_*: layer 9, bs_iter=38, k=6673, beta_mu=4.398679461432539e+154, beta_phi=nan
NaN in beta_*: layer 9, bs_iter=38, k=6674, beta_mu=5.671396768680051e+154, beta_phi=nan
NaN in beta_*: layer 9, bs_iter=38, k=6675, beta_mu=4.517010552091466e+153, beta_phi=nan
NaN in beta_*: layer 9, bs_iter=38, k=6676, beta_mu=2.15948474033477e+152, beta_phi=nan
NaN in beta_*: layer 9, bs_iter=38, k=6677, beta_mu=3.352001320573992e+152, beta_phi=nan
NaN in beta_*: layer 9, bs_iter=38, k=6678, beta_mu=2.39123477026921e+155, beta_phi=nan
NaN in beta_*: layer 9, bs_iter=38, k=6679, beta_mu=8.548607433656636e+152, beta_phi=nan
NaN in beta_*: layer 9, bs_iter=38, k=6680, beta_mu=2.396643500621778e+155, beta_phi=nan
NaN in beta_*: layer 9, bs_iter=38, k=6681, beta_mu=1.7037162784434023e+154, beta_phi=nan
NaN in beta_*: layer 9, bs_iter=38, k=6682, beta_mu=1.0171333809211562e+155, beta_phi=nan
NaN in beta_*: layer 9, bs_iter=38, k=6683, beta_mu=1.156401757681012e+154, beta_phi=nan
NaN in beta_*: layer 9, bs_iter=38, k=6684, beta_mu=5.7180212841807555e+153, beta_phi=nan
NaN in beta_*: layer 9, bs_iter=38, k=6685, beta_mu=3.757344621363323e+153, beta_phi=nan
NaN in beta_*: layer 9, bs_iter=38, k=6686, beta_mu=2.0745929665552476e+154, beta_phi=nan
NaN in beta_*: layer 9, bs_iter=38, k=6687, beta_mu=1.7862468366933608e+154, beta_phi=nan
NaN in beta_*: layer 9, bs_iter=38, k=6688, beta_mu=6.437919445358131e+153, beta_phi=nan
NaN in beta_*: layer 9, bs_iter=38, k=6689, beta_mu=7.487209210705228e+153, beta_phi=nan
NaN in beta_*: layer 9, bs_iter=38, k=6690, beta_mu=8.38201624316229e+154, beta_phi=nan
NaN in beta_*: layer 9, bs_iter=38, k=6691, beta_mu=8.461421624125716e+154, beta_phi=nan
NaN in beta_*: layer 9, bs_iter=38, k=6692, beta_mu=4.9591594656790485e+153, beta_phi=nan
NaN in beta_*: layer 9, bs_iter=38, k=6693, beta_mu=1.49998463553019e+154, beta_phi=nan
NaN in beta_*: layer 9, bs_iter=38, k=6694, beta_mu=1.5270977564199804e+154, beta_phi=nan
NaN in beta_*: layer 9, bs_iter=38, k=6696, beta_mu=5.3646446443661394e+153, beta_phi=nan
NaN in beta_*: layer 9, bs_iter=38, k=6697, beta_mu=5.364654298847624e+153, beta_phi=nan
NaN in beta_*: layer 9, bs_iter=38, k=6698, beta_mu=5.795916533120143e+152, beta_phi=nan
NaN in beta_*: layer 9, bs_iter=38, k=6699, beta_mu=1.6510724367708312e+154, beta_phi=nan
NaN in beta_*: layer 9, bs_iter=38, k=6700, beta_mu=1.6457774373176808e+154, beta_phi=nan
NaN in beta_*: layer 9, bs_iter=38, k=6701, beta_mu=4.959166519265034e+153, beta_phi=nan
NaN in beta_*: layer 9, bs_iter=38, k=6702, beta_mu=3.2564641571963737e+153, beta_phi=nan
NaN in beta_*: layer 9, bs_iter=38, k=6703, beta_mu=6.969856384942359e+154, beta_phi=nan
NaN in beta_*: layer 9, bs_iter=38, k=6704, beta_mu=7.427429582057776e+154, beta_phi=nan
NaN in beta_*: layer 9, bs_iter=38, k=6705, beta_mu=6.870611249605026e+154, beta_phi=nan
NaN in beta_*: layer 9, bs_iter=38, k=6706, beta_mu=4.347014616096945e+155, beta_phi=nan
NaN in beta_*: layer 9, bs_iter=38, k=6707, beta_mu=2.0575863729888698e+153, beta_phi=nan
NaN in beta_*: layer 9, bs_iter=38, k=6708, beta_mu=2.7722108866880753e+156, beta_phi=nan
NaN in beta_*: layer 9, bs_iter=38, k=6709, beta_mu=2.7791721557274504e+156, beta_phi=nan
NaN in beta_*: layer 9, bs_iter=38, k=6710, beta_mu=2.784792495187921e+156, beta_phi=nan
NaN in beta_*: layer 9, bs_iter=38, k=6711, beta_mu=2.0781913623722143e+156, beta_phi=nan
NaN in beta_*: layer 9, bs_iter=38, k=6712, beta_mu=2.784790872431743e+156, beta_phi=nan
NaN in beta_*: layer 9, bs_iter=38, k=6713, beta_mu=8.04004467159991e+154, beta_phi=nan
NaN in beta_*: layer 9, bs_iter=38, k=6714, beta_mu=2.783430677230601e+156, beta_phi=nan
NaN in beta_*: layer 9, bs_iter=38, k=6715, beta_mu=2.7847872061830186e+156, beta_phi=nan
NaN in beta_*: layer 9, bs_iter=38, k=6716, beta_mu=8.037032524210112e+154, beta_phi=nan
NaN in beta_*: layer 9, bs_iter=38, k=6717, beta_mu=1.4841646653791248e+156, beta_phi=nan
NaN in beta_*: layer 9, bs_iter=38, k=6718, beta_mu=1.4843627929272682e+156, beta_phi=nan
NaN in beta_*: layer 9, bs_iter=38, k=6719, beta_mu=5.833220314673636e+153, beta_phi=nan
NaN in beta_*: layer 9, bs_iter=38, k=6720, beta_mu=8.045954656820096e+154, beta_phi=nan
NaN in beta_*: layer 9, bs_iter=38, k=6721, beta_mu=5.060744713381163e+154, beta_phi=nan
NaN in beta_*: layer 9, bs_iter=38, k=6722, beta_mu=2.7894174551466218e+156, beta_phi=nan
NaN in beta_*: layer 9, bs_iter=38, k=6723, beta_mu=8.037024456187468e+154, beta_phi=nan
NaN in beta_*: layer 9, bs_iter=38, k=6724, beta_mu=8.049176791070551e+154, beta_phi=nan
NaN in beta_*: layer 9, bs_iter=38, k=6725, beta_mu=6.89328225651887e+154, beta_phi=nan
NaN in beta_*: layer 9, bs_iter=38, k=6726, beta_mu=8.037131832451069e+154, beta_phi=nan
NaN in beta_*: layer 9, bs_iter=38, k=6727, beta_mu=8.050446562313587e+154, beta_phi=nan
NaN in beta_*: layer 9, bs_iter=38, k=6729, beta_mu=8.052172623056395e+154, beta_phi=nan
NaN in beta_*: layer 9, bs_iter=38, k=6730, beta_mu=2.791067085696997e+156, beta_phi=nan
NaN in beta_*: layer 9, bs_iter=38, k=6731, beta_mu=8.037132031422375e+154, beta_phi=nan
NaN in beta_*: layer 9, bs_iter=38, k=6732, beta_mu=2.0754159422232105e+156, beta_phi=nan
NaN in beta_*: layer 9, bs_iter=38, k=6733, beta_mu=2.076207320165996e+156, beta_phi=nan
NaN in beta_*: layer 9, bs_iter=38, k=6735, beta_mu=7.996003206227793e+155, beta_phi=nan
NaN in beta_*: layer 9, bs_iter=38, k=6736, beta_mu=7.981010059838211e+155, beta_phi=nan
NaN in beta_*: layer 9, bs_iter=38, k=6737, beta_mu=7.993632585220712e+155, beta_phi=nan
NaN in beta_*: layer 9, bs_iter=38, k=6738, beta_mu=5.915789038494992e+153, beta_phi=nan
NaN in beta_*: layer 9, bs_iter=38, k=6739, beta_mu=1.5324743474966174e+156, beta_phi=nan
NaN in beta_*: layer 9, bs_iter=38, k=6740, beta_mu=2.9059310551406302e+153, beta_phi=nan
NaN in beta_*: layer 9, bs_iter=38, k=6741, beta_mu=6.520382763424847e+154, beta_phi=nan
NaN in beta_*: layer 9, bs_iter=38, k=6742, beta_mu=1.0172200024109992e+156, beta_phi=nan
NaN in beta_*: layer 9, bs_iter=38, k=6743, beta_mu=1.516377322092066e+155, beta_phi=nan
NaN in beta_*: layer 9, bs_iter=38, k=6744, beta_mu=6.503517360865266e+154, beta_phi=nan
NaN in beta_*: layer 9, bs_iter=38, k=6745, beta_mu=1.9091911201005692e+155, beta_phi=nan
NaN in beta_*: layer 9, bs_iter=38, k=6746, beta_mu=2.2638869017798665e+156, beta_phi=nan
NaN in beta_*: layer 9, bs_iter=38, k=6747, beta_mu=6.650938281482907e+154, beta_phi=nan
NaN in beta_*: layer 9, bs_iter=38, k=6748, beta_mu=1.3527757834638497e+155, beta_phi=nan
NaN in beta_*: layer 9, bs_iter=38, k=6749, beta_mu=6.289949017443632e+154, beta_phi=nan
NaN in beta_*: layer 9, bs_iter=38, k=6750, beta_mu=6.012481264033561e+155, beta_phi=nan
NaN in beta_*: layer 9, bs_iter=38, k=6751, beta_mu=1.0187581754462566e+156, beta_phi=nan
NaN in beta_*: layer 9, bs_iter=38, k=6752, beta_mu=6.013630308763965e+155, beta_phi=nan
NaN in beta_*: layer 9, bs_iter=38, k=6753, beta_mu=1.9618356594873734e+156, beta_phi=nan
NaN in beta_*: layer 9, bs_iter=38, k=6754, beta_mu=1.014794048159186e+156, beta_phi=nan
NaN in beta_*: layer 9, bs_iter=38, k=6755, beta_mu=9.390214648162443e+155, beta_phi=nan
NaN in beta_*: layer 9, bs_iter=38, k=6756, beta_mu=9.757509301179991e+155, beta_phi=nan
NaN in beta_*: layer 9, bs_iter=38, k=6757, beta_mu=1.345400197423985e+153, beta_phi=nan
NaN in beta_*: layer 9, bs_iter=38, k=6758, beta_mu=9.095332229255036e+153, beta_phi=nan
NaN in beta_*: layer 9, bs_iter=38, k=6759, beta_mu=3.691003759702433e+153, beta_phi=nan
NaN in beta_*: layer 9, bs_iter=38, k=6762, beta_mu=1.6259153645377877e+153, beta_phi=nan
NaN in beta_*: layer 9, bs_iter=38, k=6763, beta_mu=1.7781922887827562e+153, beta_phi=nan
NaN in beta_*: layer 9, bs_iter=38, k=6764, beta_mu=1.5338288809060302e+155, beta_phi=nan
NaN in beta_*: layer 9, bs_iter=38, k=6765, beta_mu=8.410827422197296e+154, beta_phi=nan
NaN in beta_*: layer 9, bs_iter=38, k=6766, beta_mu=4.420391950767634e+154, beta_phi=nan
NaN in beta_*: layer 9, bs_iter=38, k=6767, beta_mu=1.7107383704385364e+155, beta_phi=nan
NaN in beta_*: layer 9, bs_iter=38, k=6768, beta_mu=6.037256602607855e+154, beta_phi=nan
NaN in beta_*: layer 9, bs_iter=38, k=6769, beta_mu=1.0851446178363986e+155, beta_phi=nan
NaN in beta_*: layer 9, bs_iter=38, k=6770, beta_mu=3.959468058182498e+154, beta_phi=nan
NaN in beta_*: layer 9, bs_iter=38, k=6771, beta_mu=8.11304803470396e+153, beta_phi=nan
NaN in beta_*: layer 9, bs_iter=38, k=6772, beta_mu=5.706320602805931e+154, beta_phi=nan
NaN in beta_*: layer 9, bs_iter=38, k=6773, beta_mu=1.4595188389642823e+155, beta_phi=nan
NaN in beta_*: layer 9, bs_iter=38, k=6774, beta_mu=1.7214037992900282e+155, beta_phi=nan
NaN in beta_*: layer 9, bs_iter=38, k=6775, beta_mu=4.1608608989919266e+152, beta_phi=nan
NaN in beta_*: layer 9, bs_iter=38, k=6776, beta_mu=5.791877896911632e+154, beta_phi=nan
NaN in beta_*: layer 9, bs_iter=38, k=6777, beta_mu=5.769557690491106e+154, beta_phi=nan
NaN in beta_*: layer 9, bs_iter=38, k=6778, beta_mu=3.573206928733978e+153, beta_phi=nan
NaN in beta_*: layer 9, bs_iter=38, k=6779, beta_mu=8.325968785648562e+154, beta_phi=nan
NaN in beta_*: layer 9, bs_iter=38, k=6780, beta_mu=6.09296650989951e+154, beta_phi=nan
NaN in beta_*: layer 9, bs_iter=38, k=6781, beta_mu=4.505283530629872e+153, beta_phi=nan
NaN in beta_*: layer 9, bs_iter=38, k=6782, beta_mu=2.0614267231211732e+154, beta_phi=nan
NaN in beta_*: layer 9, bs_iter=38, k=6783, beta_mu=5.763926650854878e+154, beta_phi=nan
NaN in beta_*: layer 9, bs_iter=38, k=6784, beta_mu=3.387142276504986e+153, beta_phi=nan
NaN in beta_*: layer 9, bs_iter=38, k=6786, beta_mu=8.309081125367622e+154, beta_phi=nan
NaN in beta_*: layer 9, bs_iter=38, k=6787, beta_mu=8.383430195392762e+154, beta_phi=nan
NaN in beta_*: layer 9, bs_iter=38, k=6788, beta_mu=4.0737726793524377e+154, beta_phi=nan
NaN in beta_*: layer 9, bs_iter=38, k=6789, beta_mu=1.6882617612473362e+155, beta_phi=nan
NaN in beta_*: layer 9, bs_iter=38, k=6790, beta_mu=4.843734397209865e+152, beta_phi=nan
NaN in beta_*: layer 9, bs_iter=38, k=6791, beta_mu=5.027118364373422e+152, beta_phi=nan
NaN in beta_*: layer 9, bs_iter=38, k=6792, beta_mu=1.5172381257475888e+155, beta_phi=nan
NaN in beta_*: layer 9, bs_iter=38, k=6794, beta_mu=1.6951530563099502e+155, beta_phi=nan
NaN in beta_*: layer 9, bs_iter=38, k=6795, beta_mu=5.335004682987297e+152, beta_phi=nan
NaN in beta_*: layer 9, bs_iter=38, k=6796, beta_mu=1.5172351265168773e+155, beta_phi=nan
NaN in beta_*: layer 9, bs_iter=38, k=6797, beta_mu=5.748876460840935e+154, beta_phi=nan
NaN in beta_*: layer 9, bs_iter=38, k=6798, beta_mu=5.754374925317756e+154, beta_phi=nan
NaN in beta_*: layer 9, bs_iter=38, k=6799, beta_mu=5.1733370177637095e+152, beta_phi=nan
NaN in beta_*: layer 9, bs_iter=38, k=6801, beta_mu=5.746164831375827e+154, beta_phi=nan
NaN in beta_*: layer 9, bs_iter=38, k=6802, beta_mu=5.74934532336426e+154, beta_phi=nan
NaN in beta_*: layer 9, bs_iter=38, k=6803, beta_mu=1.2273917396631536e+153, beta_phi=nan
NaN in beta_*: layer 9, bs_iter=38, k=6805, beta_mu=5.72178870144649e+154, beta_phi=nan
NaN in beta_*: layer 9, bs_iter=38, k=6806, beta_mu=1.6980976916063059e+155, beta_phi=nan
NaN in beta_*: layer 9, bs_iter=38, k=6807, beta_mu=6.054114123250086e+154, beta_phi=nan
NaN in beta_*: layer 9, bs_iter=38, k=6808, beta_mu=8.315443313890504e+154, beta_phi=nan
NaN in beta_*: layer 9, bs_iter=38, k=6809, beta_mu=5.750321513102085e+154, beta_phi=nan
NaN in beta_*: layer 9, bs_iter=38, k=6810, beta_mu=4.373806057219896e+152, beta_phi=nan
NaN in beta_*: layer 9, bs_iter=38, k=6811, beta_mu=5.748593265147397e+154, beta_phi=nan
NaN in beta_*: layer 9, bs_iter=38, k=6812, beta_mu=1.7026913625611306e+155, beta_phi=nan
NaN in beta_*: layer 9, bs_iter=38, k=6813, beta_mu=5.748600521537773e+154, beta_phi=nan
NaN in beta_*: layer 9, bs_iter=38, k=6814, beta_mu=4.067978529800204e+154, beta_phi=nan
NaN in beta_*: layer 9, bs_iter=38, k=6815, beta_mu=5.750905291052027e+154, beta_phi=nan
NaN in beta_*: layer 9, bs_iter=38, k=6816, beta_mu=1.9326064788446406e+155, beta_phi=nan
NaN in beta_*: layer 9, bs_iter=38, k=6817, beta_mu=8.333759270896002e+154, beta_phi=nan
NaN in beta_*: layer 9, bs_iter=38, k=6818, beta_mu=5.368703166060611e+152, beta_phi=nan
NaN in beta_*: layer 9, bs_iter=38, k=6819, beta_mu=5.743571296206807e+154, beta_phi=nan
NaN in beta_*: layer 9, bs_iter=38, k=6820, beta_mu=5.753307928439357e+154, beta_phi=nan
NaN in beta_*: layer 9, bs_iter=38, k=6821, beta_mu=5.768521991437533e+154, beta_phi=nan
NaN in beta_*: layer 9, bs_iter=38, k=6822, beta_mu=1.6985539367109483e+155, beta_phi=nan
NaN in beta_*: layer 9, bs_iter=38, k=6823, beta_mu=4.054436770200044e+154, beta_phi=nan
NaN in beta_*: layer 9, bs_iter=38, k=6824, beta_mu=1.6973768911176171e+155, beta_phi=nan
NaN in beta_*: layer 9, bs_iter=38, k=6825, beta_mu=4.023064861947479e+154, beta_phi=nan
NaN in beta_*: layer 9, bs_iter=38, k=6826, beta_mu=5.740695207402461e+154, beta_phi=nan
NaN in beta_*: layer 9, bs_iter=38, k=6827, beta_mu=8.747757678700506e+153, beta_phi=nan
NaN in beta_*: layer 9, bs_iter=38, k=6828, beta_mu=5.745109034072741e+154, beta_phi=nan
NaN in beta_*: layer 9, bs_iter=38, k=6829, beta_mu=1.7018415928586602e+155, beta_phi=nan
NaN in beta_*: layer 9, bs_iter=38, k=6830, beta_mu=8.42319421324044e+154, beta_phi=nan
NaN in beta_*: layer 9, bs_iter=38, k=6831, beta_mu=1.4585161655333913e+155, beta_phi=nan
NaN in beta_*: layer 9, bs_iter=38, k=6832, beta_mu=1.5162200252075222e+155, beta_phi=nan
NaN in beta_*: layer 9, bs_iter=38, k=6833, beta_mu=2.1554427025707535e+154, beta_phi=nan
NaN in beta_*: layer 9, bs_iter=38, k=6834, beta_mu=8.45041739245335e+154, beta_phi=nan
NaN in beta_*: layer 9, bs_iter=38, k=6835, beta_mu=5.759958089714639e+154, beta_phi=nan
NaN in beta_*: layer 9, bs_iter=38, k=6836, beta_mu=5.7590363093057e+154, beta_phi=nan
NaN in beta_*: layer 9, bs_iter=38, k=6838, beta_mu=1.1147778012859166e+154, beta_phi=nan
NaN in beta_*: layer 9, bs_iter=38, k=6839, beta_mu=1.5157434126471304e+155, beta_phi=nan
NaN in beta_*: layer 9, bs_iter=38, k=6840, beta_mu=5.751579748740901e+154, beta_phi=nan
NaN in beta_*: layer 9, bs_iter=38, k=6841, beta_mu=4.939987832606442e+152, beta_phi=nan
NaN in beta_*: layer 9, bs_iter=38, k=6842, beta_mu=5.731982825357435e+154, beta_phi=nan
NaN in beta_*: layer 9, bs_iter=38, k=6843, beta_mu=4.630215704676602e+154, beta_phi=nan
NaN in beta_*: layer 9, bs_iter=38, k=6844, beta_mu=1.7332424559995493e+155, beta_phi=nan
NaN in beta_*: layer 9, bs_iter=38, k=6845, beta_mu=9.31080550139106e+151, beta_phi=nan
NaN in beta_*: layer 9, bs_iter=38, k=6846, beta_mu=4.6302064902187625e+154, beta_phi=nan
NaN in beta_*: layer 9, bs_iter=38, k=6847, beta_mu=6.846178189657849e+153, beta_phi=nan
NaN in beta_*: layer 9, bs_iter=38, k=6848, beta_mu=2.1623828502821806e+154, beta_phi=nan
NaN in beta_*: layer 9, bs_iter=38, k=6849, beta_mu=1.687759182270169e+155, beta_phi=nan
NaN in beta_*: layer 9, bs_iter=38, k=6850, beta_mu=1.5161238404370583e+155, beta_phi=nan
NaN in beta_*: layer 9, bs_iter=38, k=6851, beta_mu=5.0527562215390165e+152, beta_phi=nan
NaN in beta_*: layer 9, bs_iter=38, k=6852, beta_mu=7.60871764913572e+154, beta_phi=nan
NaN in beta_*: layer 9, bs_iter=38, k=6853, beta_mu=2.912953477579517e+154, beta_phi=nan
NaN in beta_*: layer 9, bs_iter=38, k=6854, beta_mu=5.587079528485184e+152, beta_phi=nan
NaN in beta_*: layer 9, bs_iter=38, k=6855, beta_mu=1.6766900267585613e+155, beta_phi=nan
NaN in beta_*: layer 9, bs_iter=38, k=6856, beta_mu=5.0283253384150714e+154, beta_phi=nan
NaN in beta_*: layer 9, bs_iter=38, k=6857, beta_mu=1.1189906903084825e+155, beta_phi=nan
NaN in beta_*: layer 9, bs_iter=38, k=6858, beta_mu=5.658679571598316e+154, beta_phi=nan
NaN in beta_*: layer 9, bs_iter=38, k=6859, beta_mu=2.7294853594911344e+155, beta_phi=nan
NaN in beta_*: layer 9, bs_iter=38, k=6860, beta_mu=5.658658083588934e+154, beta_phi=nan
NaN in beta_*: layer 9, bs_iter=38, k=6861, beta_mu=4.890987751646276e+153, beta_phi=nan
NaN in beta_*: layer 9, bs_iter=38, k=6862, beta_mu=5.552649594341266e+152, beta_phi=nan
NaN in beta_*: layer 9, bs_iter=38, k=6863, beta_mu=2.1566158403458874e+154, beta_phi=nan
NaN in beta_*: layer 9, bs_iter=38, k=6864, beta_mu=5.65639992696577e+154, beta_phi=nan
NaN in beta_*: layer 9, bs_iter=38, k=6865, beta_mu=1.5165986131097555e+155, beta_phi=nan
NaN in beta_*: layer 9, bs_iter=38, k=6866, beta_mu=2.424751802232877e+155, beta_phi=nan
NaN in beta_*: layer 9, bs_iter=38, k=6867, beta_mu=1.2974214676844738e+154, beta_phi=nan
NaN in beta_*: layer 9, bs_iter=38, k=6868, beta_mu=1.520319234989142e+155, beta_phi=nan
NaN in beta_*: layer 9, bs_iter=38, k=6869, beta_mu=1.5203338311148344e+155, beta_phi=nan
NaN in beta_*: layer 9, bs_iter=38, k=6870, beta_mu=1.4586093503745875e+155, beta_phi=nan
NaN in beta_*: layer 9, bs_iter=38, k=6871, beta_mu=3.6277981572878513e+155, beta_phi=nan
NaN in beta_*: layer 9, bs_iter=38, k=6872, beta_mu=4.4453233562655667e+154, beta_phi=nan
NaN in beta_*: layer 9, bs_iter=38, k=6873, beta_mu=2.4228824342258425e+155, beta_phi=nan
NaN in beta_*: layer 9, bs_iter=38, k=6874, beta_mu=1.520083405482355e+155, beta_phi=nan
NaN in beta_*: layer 9, bs_iter=38, k=6875, beta_mu=1.293670101988822e+155, beta_phi=nan
NaN in beta_*: layer 9, bs_iter=38, k=6876, beta_mu=5.242691547624899e+153, beta_phi=nan
NaN in beta_*: layer 9, bs_iter=38, k=6877, beta_mu=1.6835947178269246e+155, beta_phi=nan
NaN in beta_*: layer 9, bs_iter=38, k=6878, beta_mu=7.508278160105214e+154, beta_phi=nan
NaN in beta_*: layer 9, bs_iter=38, k=6879, beta_mu=7.517272583421278e+154, beta_phi=nan
NaN in beta_*: layer 9, bs_iter=38, k=6880, beta_mu=1.777246341981824e+154, beta_phi=nan
NaN in beta_*: layer 9, bs_iter=38, k=6881, beta_mu=2.4087318979751244e+155, beta_phi=nan
NaN in beta_*: layer 9, bs_iter=38, k=6882, beta_mu=2.4953086349463107e+155, beta_phi=nan
NaN in beta_*: layer 9, bs_iter=38, k=6883, beta_mu=2.5117819939131073e+155, beta_phi=nan
NaN in beta_*: layer 9, bs_iter=38, k=6884, beta_mu=4.6194190560513696e+153, beta_phi=nan
NaN in beta_*: layer 9, bs_iter=38, k=6885, beta_mu=2.489450976945389e+155, beta_phi=nan
NaN in beta_*: layer 9, bs_iter=38, k=6886, beta_mu=9.343713420608685e+153, beta_phi=nan
NaN in beta_*: layer 9, bs_iter=38, k=6887, beta_mu=2.4965511719351506e+155, beta_phi=nan
NaN in beta_*: layer 9, bs_iter=38, k=6888, beta_mu=4.560636929764534e+154, beta_phi=nan
NaN in beta_*: layer 9, bs_iter=38, k=6889, beta_mu=2.1184410658283497e+155, beta_phi=nan
NaN in beta_*: layer 9, bs_iter=38, k=6890, beta_mu=4.560636929764534e+154, beta_phi=nan
NaN in beta_*: layer 9, bs_iter=38, k=6891, beta_mu=2.8216664958399972e+153, beta_phi=nan
NaN in beta_*: layer 9, bs_iter=38, k=6892, beta_mu=1.542974694926078e+153, beta_phi=nan
NaN in beta_*: layer 9, bs_iter=38, k=6893, beta_mu=2.8783884234734855e+154, beta_phi=nan
NaN in beta_*: layer 9, bs_iter=38, k=6894, beta_mu=4.56823815300069e+154, beta_phi=nan
NaN in beta_*: layer 9, bs_iter=38, k=6895, beta_mu=4.5682457106557293e+154, beta_phi=nan
NaN in beta_*: layer 9, bs_iter=38, k=6896, beta_mu=4.560642481699019e+154, beta_phi=nan
NaN in beta_*: layer 9, bs_iter=38, k=6897, beta_mu=4.586663855045241e+154, beta_phi=nan
NaN in beta_*: layer 9, bs_iter=38, k=6898, beta_mu=4.5623724342382324e+154, beta_phi=nan
NaN in beta_*: layer 9, bs_iter=38, k=6899, beta_mu=1.9125791300802583e+155, beta_phi=nan
NaN in beta_*: layer 9, bs_iter=38, k=6900, beta_mu=4.560640911260974e+154, beta_phi=nan
NaN in beta_*: layer 9, bs_iter=38, k=6901, beta_mu=1.332912568986609e+155, beta_phi=nan
NaN in beta_*: layer 9, bs_iter=38, k=6902, beta_mu=1.432782135504824e+154, beta_phi=nan
NaN in beta_*: layer 9, bs_iter=38, k=6903, beta_mu=4.537204968355212e+154, beta_phi=nan
NaN in beta_*: layer 9, bs_iter=38, k=6904, beta_mu=1.5202594675785203e+155, beta_phi=nan
NaN in beta_*: layer 9, bs_iter=38, k=6905, beta_mu=4.563890015218894e+154, beta_phi=nan
NaN in beta_*: layer 9, bs_iter=38, k=6906, beta_mu=6.10726380458987e+154, beta_phi=nan
NaN in beta_*: layer 9, bs_iter=38, k=6907, beta_mu=2.155569115789196e+153, beta_phi=nan
NaN in beta_*: layer 9, bs_iter=38, k=6908, beta_mu=1.688530753419595e+155, beta_phi=nan
NaN in beta_*: layer 9, bs_iter=38, k=6909, beta_mu=1.1534804534904015e+153, beta_phi=nan
NaN in beta_*: layer 9, bs_iter=38, k=6910, beta_mu=2.1783295333028477e+153, beta_phi=nan
NaN in beta_*: layer 9, bs_iter=38, k=6911, beta_mu=2.155569083539612e+153, beta_phi=nan
NaN in beta_*: layer 9, bs_iter=38, k=6912, beta_mu=1.6887936256199735e+155, beta_phi=nan
NaN in beta_*: layer 9, bs_iter=38, k=6913, beta_mu=1.4584759460555158e+155, beta_phi=nan
NaN in beta_*: layer 9, bs_iter=38, k=6914, beta_mu=2.688880926284724e+155, beta_phi=nan
NaN in beta_*: layer 9, bs_iter=38, k=6915, beta_mu=2.19702232417299e+154, beta_phi=nan
NaN in beta_*: layer 9, bs_iter=38, k=6916, beta_mu=4.569757312823418e+154, beta_phi=nan
NaN in beta_*: layer 9, bs_iter=38, k=6917, beta_mu=2.1916006479551332e+154, beta_phi=nan
NaN in beta_*: layer 9, bs_iter=38, k=6918, beta_mu=1.514941019355831e+155, beta_phi=nan
NaN in beta_*: layer 9, bs_iter=38, k=6919, beta_mu=2.1842151544492007e+154, beta_phi=nan
NaN in beta_*: layer 9, bs_iter=38, k=6921, beta_mu=8.306806444391332e+153, beta_phi=nan
NaN in beta_*: layer 9, bs_iter=38, k=6923, beta_mu=2.36496341586542e+154, beta_phi=nan
NaN in beta_*: layer 9, bs_iter=38, k=6924, beta_mu=5.114470801588195e+155, beta_phi=nan
NaN in beta_*: layer 9, bs_iter=38, k=6925, beta_mu=1.5200180993564332e+155, beta_phi=nan
NaN in beta_*: layer 9, bs_iter=38, k=6926, beta_mu=7.533096565699066e+154, beta_phi=nan
NaN in beta_*: layer 9, bs_iter=38, k=6927, beta_mu=4.5266795734495725e+154, beta_phi=nan
NaN in beta_*: layer 9, bs_iter=38, k=6928, beta_mu=1.3780512891920685e+154, beta_phi=nan
NaN in beta_*: layer 9, bs_iter=38, k=6929, beta_mu=1.635796758082241e+155, beta_phi=nan
NaN in beta_*: layer 9, bs_iter=38, k=6930, beta_mu=3.939146942364233e+154, beta_phi=nan
NaN in beta_*: layer 9, bs_iter=38, k=6931, beta_mu=9.361762908114134e+153, beta_phi=nan
NaN in beta_*: layer 9, bs_iter=38, k=6932, beta_mu=6.093545511488168e+154, beta_phi=nan
NaN in beta_*: layer 9, bs_iter=38, k=6934, beta_mu=1.7546978374457498e+154, beta_phi=nan
NaN in beta_*: layer 9, bs_iter=38, k=6935, beta_mu=1.1771392403865358e+155, beta_phi=nan
NaN in beta_*: layer 9, bs_iter=38, k=6936, beta_mu=4.747618623452535e+154, beta_phi=nan
NaN in beta_*: layer 9, bs_iter=38, k=6937, beta_mu=7.486249082567931e+154, beta_phi=nan
NaN in beta_*: layer 9, bs_iter=38, k=6938, beta_mu=9.999360429294718e+154, beta_phi=nan
NaN in beta_*: layer 9, bs_iter=38, k=6939, beta_mu=3.644393589786536e+154, beta_phi=nan
NaN in beta_*: layer 9, bs_iter=38, k=6940, beta_mu=2.6101778117204346e+155, beta_phi=nan
NaN in beta_*: layer 9, bs_iter=38, k=6941, beta_mu=9.87508593031335e+154, beta_phi=nan
NaN in beta_*: layer 9, bs_iter=38, k=6942, beta_mu=1.2128492569200718e+155, beta_phi=nan
NaN in beta_*: layer 9, bs_iter=38, k=6943, beta_mu=2.1764618904871585e+154, beta_phi=nan
NaN in beta_*: layer 9, bs_iter=38, k=6944, beta_mu=1.4265324787883596e+155, beta_phi=nan
NaN in beta_*: layer 9, bs_iter=38, k=6945, beta_mu=3.64443140237348e+154, beta_phi=nan
NaN in beta_*: layer 9, bs_iter=38, k=6947, beta_mu=3.6442263009553255e+154, beta_phi=nan
NaN in beta_*: layer 9, bs_iter=38, k=6948, beta_mu=2.182014907083436e+154, beta_phi=nan
NaN in beta_*: layer 9, bs_iter=38, k=6949, beta_mu=4.746953986031092e+154, beta_phi=nan
NaN in beta_*: layer 9, bs_iter=38, k=6950, beta_mu=2.1953517815364133e+154, beta_phi=nan
NaN in beta_*: layer 9, bs_iter=38, k=6951, beta_mu=1.4258050375782475e+154, beta_phi=nan
NaN in beta_*: layer 9, bs_iter=38, k=6953, beta_mu=3.6443769480557934e+154, beta_phi=nan
NaN in beta_*: layer 9, bs_iter=38, k=6955, beta_mu=4.9916086359139036e+154, beta_phi=nan
NaN in beta_*: layer 9, bs_iter=38, k=6956, beta_mu=6.644303307405485e+154, beta_phi=nan
NaN in beta_*: layer 9, bs_iter=38, k=6957, beta_mu=3.6363296136276343e+154, beta_phi=nan
NaN in beta_*: layer 9, bs_iter=38, k=6958, beta_mu=4.746955334922178e+154, beta_phi=nan
NaN in beta_*: layer 9, bs_iter=38, k=6959, beta_mu=3.644392100405705e+154, beta_phi=nan
NaN in beta_*: layer 9, bs_iter=38, k=6960, beta_mu=1.482341906244248e+154, beta_phi=nan
NaN in beta_*: layer 9, bs_iter=38, k=6961, beta_mu=4.763373840723717e+154, beta_phi=nan
NaN in beta_*: layer 9, bs_iter=38, k=6962, beta_mu=2.7593341998762843e+153, beta_phi=nan
NaN in beta_*: layer 9, bs_iter=38, k=6963, beta_mu=2.3514059397359985e+154, beta_phi=nan
NaN in beta_*: layer 9, bs_iter=38, k=6964, beta_mu=3.644391684976067e+154, beta_phi=nan
NaN in beta_*: layer 9, bs_iter=38, k=6965, beta_mu=1.9014539560581646e+153, beta_phi=nan
NaN in beta_*: layer 9, bs_iter=38, k=6966, beta_mu=4.8326702736278675e+154, beta_phi=nan
NaN in beta_*: layer 9, bs_iter=38, k=6967, beta_mu=5.78728741987141e+154, beta_phi=nan
NaN in beta_*: layer 9, bs_iter=38, k=6968, beta_mu=7.492556802431632e+154, beta_phi=nan
NaN in beta_*: layer 9, bs_iter=38, k=6970, beta_mu=1.4943182999052163e+154, beta_phi=nan
NaN in beta_*: layer 9, bs_iter=38, k=6973, beta_mu=3.643558202470155e+154, beta_phi=nan
NaN in beta_*: layer 9, bs_iter=38, k=6974, beta_mu=6.3435362150089295e+153, beta_phi=nan
NaN in beta_*: layer 9, bs_iter=38, k=6975, beta_mu=5.941449773849459e+153, beta_phi=nan
NaN in beta_*: layer 9, bs_iter=38, k=6976, beta_mu=2.2966015190285133e+154, beta_phi=nan
NaN in beta_*: layer 9, bs_iter=38, k=6977, beta_mu=2.699963632124517e+155, beta_phi=nan
NaN in beta_*: layer 9, bs_iter=38, k=6978, beta_mu=2.626167414547797e+153, beta_phi=nan
NaN in beta_*: layer 9, bs_iter=38, k=6979, beta_mu=7.437864958475286e+154, beta_phi=nan
NaN in beta_*: layer 9, bs_iter=38, k=6980, beta_mu=3.591665894976927e+154, beta_phi=nan
NaN in beta_*: layer 9, bs_iter=38, k=6982, beta_mu=1.3493253135331236e+154, beta_phi=nan
NaN in beta_*: layer 9, bs_iter=38, k=6984, beta_mu=5.749271910020263e+154, beta_phi=nan
NaN in beta_*: layer 9, bs_iter=38, k=6985, beta_mu=3.643556294368022e+154, beta_phi=nan
NaN in beta_*: layer 9, bs_iter=38, k=6986, beta_mu=7.369174351178745e+154, beta_phi=nan
NaN in beta_*: layer 9, bs_iter=38, k=6987, beta_mu=7.480139393635992e+154, beta_phi=nan
NaN in beta_*: layer 9, bs_iter=38, k=6988, beta_mu=5.738405350089618e+154, beta_phi=nan
NaN in beta_*: layer 9, bs_iter=38, k=6989, beta_mu=6.017417854611189e+153, beta_phi=nan
NaN in beta_*: layer 9, bs_iter=38, k=6990, beta_mu=1.4213447761696632e+155, beta_phi=nan
NaN in beta_*: layer 9, bs_iter=38, k=6991, beta_mu=5.74141737050471e+154, beta_phi=nan
NaN in beta_*: layer 9, bs_iter=38, k=6992, beta_mu=3.6435539756556177e+154, beta_phi=nan
NaN in beta_*: layer 9, bs_iter=38, k=6993, beta_mu=5.9644400125522735e+153, beta_phi=nan
NaN in beta_*: layer 9, bs_iter=38, k=6994, beta_mu=3.604223658566142e+154, beta_phi=nan
NaN in beta_*: layer 9, bs_iter=38, k=6995, beta_mu=3.6435499991020045e+154, beta_phi=nan
NaN in beta_*: layer 9, bs_iter=38, k=6996, beta_mu=2.3075863817759787e+154, beta_phi=nan
NaN in beta_*: layer 9, bs_iter=38, k=6997, beta_mu=3.39621150368338e+154, beta_phi=nan
NaN in beta_*: layer 9, bs_iter=38, k=6998, beta_mu=5.065279810745037e+153, beta_phi=nan
NaN in beta_*: layer 9, bs_iter=38, k=6999, beta_mu=5.77149307211673e+154, beta_phi=nan
NaN in beta_*: layer 9, bs_iter=38, k=7000, beta_mu=4.824613081886936e+154, beta_phi=nan
NaN in beta_*: layer 9, bs_iter=38, k=7001, beta_mu=3.6435604966759977e+154, beta_phi=nan
NaN in beta_*: layer 9, bs_iter=38, k=7002, beta_mu=7.485239420197676e+154, beta_phi=nan
NaN in beta_*: layer 9, bs_iter=38, k=7003, beta_mu=1.3432879945374918e+154, beta_phi=nan
NaN in beta_*: layer 9, bs_iter=38, k=7004, beta_mu=8.292687486370685e+153, beta_phi=nan
NaN in beta_*: layer 9, bs_iter=38, k=7006, beta_mu=1.0861497257931046e+154, beta_phi=nan
NaN in beta_*: layer 9, bs_iter=38, k=7007, beta_mu=1.2037999772080716e+153, beta_phi=nan
NaN in beta_*: layer 9, bs_iter=38, k=7010, beta_mu=1.2038001382093788e+153, beta_phi=nan
NaN in beta_*: layer 9, bs_iter=38, k=7011, beta_mu=9.111445505107735e+152, beta_phi=nan
NaN in beta_*: layer 9, bs_iter=38, k=7012, beta_mu=3.6436924709656577e+154, beta_phi=nan
NaN in beta_*: layer 9, bs_iter=38, k=7013, beta_mu=3.643558011553467e+154, beta_phi=nan
NaN in beta_*: layer 9, bs_iter=38, k=7014, beta_mu=9.178759756834546e+152, beta_phi=nan
NaN in beta_*: layer 9, bs_iter=38, k=7015, beta_mu=6.052661109953418e+153, beta_phi=nan
NaN in beta_*: layer 9, bs_iter=38, k=7016, beta_mu=3.643555927271495e+154, beta_phi=nan
NaN in beta_*: layer 9, bs_iter=38, k=7017, beta_mu=4.8313391289221485e+154, beta_phi=nan
NaN in beta_*: layer 9, bs_iter=38, k=7018, beta_mu=4.716474198226622e+154, beta_phi=nan
NaN in beta_*: layer 9, bs_iter=38, k=7020, beta_mu=1.375553069828121e+155, beta_phi=nan
NaN in beta_*: layer 9, bs_iter=38, k=7022, beta_mu=3.643547571559591e+154, beta_phi=nan
NaN in beta_*: layer 9, bs_iter=38, k=7023, beta_mu=1.3118573687751862e+154, beta_phi=nan
NaN in beta_*: layer 9, bs_iter=38, k=7024, beta_mu=1.3417292590438064e+154, beta_phi=nan
NaN in beta_*: layer 9, bs_iter=38, k=7026, beta_mu=6.051068252219834e+154, beta_phi=nan
NaN in beta_*: layer 9, bs_iter=38, k=7027, beta_mu=1.4153247235547682e+154, beta_phi=nan
NaN in beta_*: layer 9, bs_iter=38, k=7028, beta_mu=1.3134754141057826e+153, beta_phi=nan
NaN in beta_*: layer 9, bs_iter=38, k=7029, beta_mu=1.279340140998406e+155, beta_phi=nan
NaN in beta_*: layer 9, bs_iter=38, k=7030, beta_mu=1.3639390038944637e+155, beta_phi=nan
NaN in beta_*: layer 9, bs_iter=38, k=7031, beta_mu=3.450393934056561e+154, beta_phi=nan
NaN in beta_*: layer 9, bs_iter=38, k=7032, beta_mu=1.3949359545495264e+154, beta_phi=nan
NaN in beta_*: layer 9, bs_iter=38, k=7033, beta_mu=3.408588648266522e+154, beta_phi=nan
NaN in beta_*: layer 9, bs_iter=38, k=7035, beta_mu=7.479124643512199e+154, beta_phi=nan
NaN in beta_*: layer 9, bs_iter=38, k=7036, beta_mu=3.601145370391991e+154, beta_phi=nan
NaN in beta_*: layer 9, bs_iter=38, k=7037, beta_mu=3.6011661494663666e+154, beta_phi=nan
NaN in beta_*: layer 9, bs_iter=38, k=7038, beta_mu=1.3752684056434445e+155, beta_phi=nan
NaN in beta_*: layer 9, bs_iter=38, k=7039, beta_mu=6.730883213520176e+154, beta_phi=nan
NaN in beta_*: layer 9, bs_iter=38, k=7040, beta_mu=3.6011476567802595e+154, beta_phi=nan
NaN in beta_*: layer 9, bs_iter=38, k=7041, beta_mu=1.427437855630502e+155, beta_phi=nan
NaN in beta_*: layer 9, bs_iter=38, k=7043, beta_mu=3.601146919595874e+154, beta_phi=nan
NaN in beta_*: layer 9, bs_iter=38, k=7044, beta_mu=1.3520468048674814e+153, beta_phi=nan
NaN in beta_*: layer 9, bs_iter=38, k=7046, beta_mu=6.776087466695798e+154, beta_phi=nan
NaN in beta_*: layer 9, bs_iter=38, k=7047, beta_mu=1.4275384814565172e+155, beta_phi=nan
NaN in beta_*: layer 9, bs_iter=38, k=7048, beta_mu=1.4276122307546678e+155, beta_phi=nan
NaN in beta_*: layer 9, bs_iter=38, k=7049, beta_mu=2.0865288169716335e+154, beta_phi=nan
NaN in beta_*: layer 9, bs_iter=38, k=7050, beta_mu=1.0962654069009502e+154, beta_phi=nan
NaN in beta_*: layer 9, bs_iter=38, k=7051, beta_mu=6.944076469316417e+154, beta_phi=nan
NaN in beta_*: layer 9, bs_iter=38, k=7053, beta_mu=3.4865278545095636e+154, beta_phi=nan
NaN in beta_*: layer 9, bs_iter=38, k=7054, beta_mu=1.5266371160053916e+153, beta_phi=nan
NaN in beta_*: layer 9, bs_iter=38, k=7055, beta_mu=1.3679312317145492e+155, beta_phi=nan
NaN in beta_*: layer 9, bs_iter=38, k=7056, beta_mu=3.548737691497253e+154, beta_phi=nan
NaN in beta_*: layer 9, bs_iter=38, k=7057, beta_mu=3.4197234979255233e+154, beta_phi=nan
NaN in beta_*: layer 9, bs_iter=38, k=7058, beta_mu=4.6939711717632666e+154, beta_phi=nan
NaN in beta_*: layer 9, bs_iter=38, k=7059, beta_mu=1.316466426798561e+155, beta_phi=nan
NaN in beta_*: layer 9, bs_iter=38, k=7060, beta_mu=4.774042705795594e+154, beta_phi=nan
NaN in beta_*: layer 9, bs_iter=38, k=7061, beta_mu=7.388348591135548e+153, beta_phi=nan
NaN in beta_*: layer 9, bs_iter=38, k=7062, beta_mu=3.588079912320855e+154, beta_phi=nan
NaN in beta_*: layer 9, bs_iter=38, k=7063, beta_mu=1.1574838475041185e+154, beta_phi=nan
NaN in beta_*: layer 9, bs_iter=38, k=7064, beta_mu=3.4197507041911355e+154, beta_phi=nan
NaN in beta_*: layer 9, bs_iter=38, k=7065, beta_mu=3.826870044644377e+153, beta_phi=nan
NaN in beta_*: layer 9, bs_iter=38, k=7066, beta_mu=5.083573132047925e+153, beta_phi=nan
NaN in beta_*: layer 9, bs_iter=38, k=7067, beta_mu=2.302552761149477e+154, beta_phi=nan
NaN in beta_*: layer 9, bs_iter=38, k=7068, beta_mu=2.320084009675812e+154, beta_phi=nan
NaN in beta_*: layer 9, bs_iter=38, k=7069, beta_mu=3.263419900796677e+154, beta_phi=nan
NaN in beta_*: layer 9, bs_iter=38, k=7070, beta_mu=3.4199027181875e+154, beta_phi=nan
NaN in beta_*: layer 9, bs_iter=38, k=7071, beta_mu=2.3200841427290452e+154, beta_phi=nan
NaN in beta_*: layer 9, bs_iter=38, k=7072, beta_mu=2.3200819694870782e+154, beta_phi=nan
NaN in beta_*: layer 9, bs_iter=38, k=7073, beta_mu=3.6650529012620634e+154, beta_phi=nan
NaN in beta_*: layer 9, bs_iter=38, k=7074, beta_mu=2.320076843620539e+154, beta_phi=nan
NaN in beta_*: layer 9, bs_iter=38, k=7075, beta_mu=3.3319343322473853e+154, beta_phi=nan
NaN in beta_*: layer 9, bs_iter=38, k=7076, beta_mu=3.163920939906459e+154, beta_phi=nan
NaN in beta_*: layer 9, bs_iter=38, k=7077, beta_mu=2.320007312411369e+154, beta_phi=nan
NaN in beta_*: layer 9, bs_iter=38, k=7078, beta_mu=7.822121894287613e+153, beta_phi=nan
NaN in beta_*: layer 9, bs_iter=38, k=7079, beta_mu=2.3270305518700842e+154, beta_phi=nan
NaN in beta_*: layer 9, bs_iter=38, k=7080, beta_mu=2.3200828102171604e+154, beta_phi=nan
NaN in beta_*: layer 9, bs_iter=38, k=7081, beta_mu=2.3200828102171604e+154, beta_phi=nan
NaN in beta_*: layer 9, bs_iter=38, k=7082, beta_mu=3.419757878082493e+154, beta_phi=nan
NaN in beta_*: layer 9, bs_iter=38, k=7083, beta_mu=2.3467982813248156e+154, beta_phi=nan
NaN in beta_*: layer 9, bs_iter=38, k=7084, beta_mu=3.2634237740739676e+154, beta_phi=nan
NaN in beta_*: layer 9, bs_iter=38, k=7085, beta_mu=2.3213222345190336e+154, beta_phi=nan
NaN in beta_*: layer 9, bs_iter=38, k=7086, beta_mu=3.416776854569506e+154, beta_phi=nan
NaN in beta_*: layer 9, bs_iter=38, k=7087, beta_mu=8.196302369581818e+153, beta_phi=nan
NaN in beta_*: layer 9, bs_iter=38, k=7088, beta_mu=1.963607526497251e+153, beta_phi=nan
NaN in beta_*: layer 9, bs_iter=38, k=7089, beta_mu=1.8334147632596582e+154, beta_phi=nan
NaN in beta_*: layer 9, bs_iter=38, k=7090, beta_mu=1.2092276953663354e+155, beta_phi=nan
NaN in beta_*: layer 9, bs_iter=38, k=7091, beta_mu=3.753953614311784e+154, beta_phi=nan
NaN in beta_*: layer 9, bs_iter=38, k=7092, beta_mu=3.366284254237912e+154, beta_phi=nan
NaN in beta_*: layer 9, bs_iter=38, k=7093, beta_mu=2.1769369229125568e+153, beta_phi=nan
NaN in beta_*: layer 9, bs_iter=38, k=7094, beta_mu=3.755297136688728e+154, beta_phi=nan
NaN in beta_*: layer 9, bs_iter=38, k=7095, beta_mu=1.2565831968884832e+154, beta_phi=nan
NaN in beta_*: layer 9, bs_iter=38, k=7096, beta_mu=8.148711915926418e+153, beta_phi=nan
NaN in beta_*: layer 9, bs_iter=38, k=7097, beta_mu=8.028987198464391e+153, beta_phi=nan
NaN in beta_*: layer 9, bs_iter=38, k=7098, beta_mu=3.74586064677305e+154, beta_phi=nan
NaN in beta_*: layer 9, bs_iter=38, k=7099, beta_mu=8.12730161078521e+153, beta_phi=nan
NaN in beta_*: layer 9, bs_iter=38, k=7100, beta_mu=1.1001050556511447e+155, beta_phi=nan
NaN in beta_*: layer 9, bs_iter=38, k=7101, beta_mu=3.6842976150759215e+154, beta_phi=nan
NaN in beta_*: layer 9, bs_iter=38, k=7102, beta_mu=8.036379647609077e+153, beta_phi=nan
NaN in beta_*: layer 9, bs_iter=38, k=7103, beta_mu=1.3412166513092432e+155, beta_phi=nan
NaN in beta_*: layer 9, bs_iter=38, k=7104, beta_mu=7.978151801506665e+153, beta_phi=nan
NaN in beta_*: layer 9, bs_iter=38, k=7105, beta_mu=5.8616568526389274e+153, beta_phi=nan
NaN in beta_*: layer 9, bs_iter=38, k=7106, beta_mu=1.0739707269930727e+154, beta_phi=nan
NaN in beta_*: layer 9, bs_iter=38, k=7107, beta_mu=4.637925805793827e+154, beta_phi=nan
NaN in beta_*: layer 9, bs_iter=38, k=7108, beta_mu=7.982595847352752e+153, beta_phi=nan
NaN in beta_*: layer 9, bs_iter=38, k=7109, beta_mu=4.4630181871828375e+153, beta_phi=nan
NaN in beta_*: layer 9, bs_iter=38, k=7110, beta_mu=1.1536468388998787e+153, beta_phi=nan
NaN in beta_*: layer 9, bs_iter=38, k=7112, beta_mu=1.2965696127180513e+154, beta_phi=nan
NaN in beta_*: layer 9, bs_iter=38, k=7113, beta_mu=3.7089769008574526e+154, beta_phi=nan
NaN in beta_*: layer 9, bs_iter=38, k=7114, beta_mu=8.063843131424389e+153, beta_phi=nan
NaN in beta_*: layer 9, bs_iter=38, k=7115, beta_mu=2.181582544762282e+153, beta_phi=nan
NaN in beta_*: layer 9, bs_iter=38, k=7116, beta_mu=3.366459909909787e+154, beta_phi=nan
NaN in beta_*: layer 9, bs_iter=38, k=7117, beta_mu=1.3452593480166932e+155, beta_phi=nan
NaN in beta_*: layer 9, bs_iter=38, k=7118, beta_mu=8.08063801239264e+153, beta_phi=nan
NaN in beta_*: layer 9, bs_iter=38, k=7119, beta_mu=5.966798211937858e+154, beta_phi=nan
NaN in beta_*: layer 9, bs_iter=38, k=7120, beta_mu=3.366179972844368e+154, beta_phi=nan
NaN in beta_*: layer 9, bs_iter=38, k=7121, beta_mu=3.366444588006952e+154, beta_phi=nan
NaN in beta_*: layer 9, bs_iter=38, k=7122, beta_mu=8.151347161606111e+153, beta_phi=nan
NaN in beta_*: layer 9, bs_iter=38, k=7123, beta_mu=7.289828015229656e+153, beta_phi=nan
NaN in beta_*: layer 9, bs_iter=38, k=7124, beta_mu=2.133291355011306e+153, beta_phi=nan
NaN in beta_*: layer 9, bs_iter=38, k=7125, beta_mu=2.2309341536100432e+153, beta_phi=nan
NaN in beta_*: layer 9, bs_iter=38, k=7126, beta_mu=3.0833845719784364e+154, beta_phi=nan
NaN in beta_*: layer 9, bs_iter=38, k=7127, beta_mu=3.132055459836804e+154, beta_phi=nan
NaN in beta_*: layer 9, bs_iter=38, k=7128, beta_mu=3.646403176394807e+154, beta_phi=nan
NaN in beta_*: layer 9, bs_iter=38, k=7129, beta_mu=1.5405455761309198e+155, beta_phi=nan
NaN in beta_*: layer 9, bs_iter=38, k=7130, beta_mu=3.666870885008764e+154, beta_phi=nan
NaN in beta_*: layer 9, bs_iter=38, k=7131, beta_mu=4.639490126918171e+154, beta_phi=nan
NaN in beta_*: layer 9, bs_iter=38, k=7132, beta_mu=6.479317698965495e+153, beta_phi=nan
NaN in beta_*: layer 9, bs_iter=38, k=7133, beta_mu=1.2840142195483278e+155, beta_phi=nan
NaN in beta_*: layer 9, bs_iter=38, k=7134, beta_mu=1.476129580369796e+155, beta_phi=nan
NaN in beta_*: layer 9, bs_iter=38, k=7135, beta_mu=7.174724574804929e+153, beta_phi=nan
NaN in beta_*: layer 9, bs_iter=38, k=7136, beta_mu=1.3733829726297054e+155, beta_phi=nan
NaN in beta_*: layer 9, bs_iter=38, k=7137, beta_mu=2.6660634600602147e+154, beta_phi=nan
NaN in beta_*: layer 9, bs_iter=38, k=7138, beta_mu=1.4761966126036674e+152, beta_phi=nan
NaN in beta_*: layer 9, bs_iter=38, k=7139, beta_mu=1.6157080262831617e+154, beta_phi=nan
NaN in beta_*: layer 9, bs_iter=38, k=7140, beta_mu=5.8625401575398865e+152, beta_phi=nan
NaN in beta_*: layer 9, bs_iter=38, k=7142, beta_mu=1.7454193529301034e+153, beta_phi=nan
NaN in beta_*: layer 9, bs_iter=38, k=7143, beta_mu=1.3068308078172529e+154, beta_phi=nan
NaN in beta_*: layer 9, bs_iter=38, k=7145, beta_mu=2.5180697681620193e+152, beta_phi=nan
NaN in beta_*: layer 9, bs_iter=38, k=7146, beta_mu=6.533595785766184e+152, beta_phi=nan
NaN in beta_*: layer 9, bs_iter=38, k=7147, beta_mu=2.808824363909307e+154, beta_phi=nan
NaN in beta_*: layer 9, bs_iter=38, k=7148, beta_mu=6.546229410743974e+152, beta_phi=nan
NaN in beta_*: layer 9, bs_iter=38, k=7149, beta_mu=1.306828890343761e+154, beta_phi=nan
NaN in beta_*: layer 9, bs_iter=38, k=7150, beta_mu=9.621953583050342e+154, beta_phi=nan
NaN in beta_*: layer 9, bs_iter=38, k=7151, beta_mu=5.87647409327682e+152, beta_phi=nan
NaN in beta_*: layer 9, bs_iter=38, k=7152, beta_mu=1.3069899397772878e+154, beta_phi=nan
NaN in beta_*: layer 9, bs_iter=38, k=7154, beta_mu=1.3071371116886911e+154, beta_phi=nan
NaN in beta_*: layer 9, bs_iter=38, k=7155, beta_mu=3.5918887890256057e+152, beta_phi=nan
NaN in beta_*: layer 9, bs_iter=38, k=7156, beta_mu=1.2873127512633188e+154, beta_phi=nan
NaN in beta_*: layer 9, bs_iter=38, k=7157, beta_mu=2.7932167615179275e+154, beta_phi=nan
NaN in beta_*: layer 9, bs_iter=38, k=7158, beta_mu=1.301750162870227e+154, beta_phi=nan
NaN in beta_*: layer 9, bs_iter=38, k=7159, beta_mu=1.3017431420174595e+154, beta_phi=nan
NaN in beta_*: layer 9, bs_iter=38, k=7160, beta_mu=1.2355060575939689e+154, beta_phi=nan
NaN in beta_*: layer 9, bs_iter=38, k=7161, beta_mu=3.4968360982947284e+154, beta_phi=nan
NaN in beta_*: layer 9, bs_iter=38, k=7162, beta_mu=2.6517310283510114e+152, beta_phi=nan
NaN in beta_*: layer 9, bs_iter=38, k=7163, beta_mu=2.3309613185976635e+154, beta_phi=nan
NaN in beta_*: layer 9, bs_iter=38, k=7164, beta_mu=7.382991456974735e+152, beta_phi=nan
NaN in beta_*: layer 9, bs_iter=38, k=7165, beta_mu=1.2300503419831089e+154, beta_phi=nan
NaN in beta_*: layer 9, bs_iter=38, k=7166, beta_mu=6.696122757492232e+153, beta_phi=nan
NaN in beta_*: layer 9, bs_iter=38, k=7167, beta_mu=1.235506128741857e+154, beta_phi=nan
NaN in beta_*: layer 9, bs_iter=38, k=7168, beta_mu=3.0048542280230784e+152, beta_phi=nan
NaN in beta_*: layer 9, bs_iter=38, k=7169, beta_mu=1.3259134121803557e+154, beta_phi=nan
NaN in beta_*: layer 9, bs_iter=38, k=7170, beta_mu=1.2355061294929203e+154, beta_phi=nan
NaN in beta_*: layer 9, bs_iter=38, k=7171, beta_mu=1.3259133992091397e+154, beta_phi=nan
NaN in beta_*: layer 9, bs_iter=38, k=7172, beta_mu=2.891356948815725e+152, beta_phi=nan
NaN in beta_*: layer 9, bs_iter=38, k=7173, beta_mu=1.325321449280945e+154, beta_phi=nan
NaN in beta_*: layer 9, bs_iter=38, k=7174, beta_mu=1.3299980645325358e+154, beta_phi=nan
NaN in beta_*: layer 9, bs_iter=38, k=7175, beta_mu=9.169569151754613e+154, beta_phi=nan
NaN in beta_*: layer 9, bs_iter=38, k=7176, beta_mu=1.3141810012193925e+154, beta_phi=nan
NaN in beta_*: layer 9, bs_iter=38, k=7177, beta_mu=3.9127812732117945e+154, beta_phi=nan
NaN in beta_*: layer 9, bs_iter=38, k=7178, beta_mu=1.3247293900227312e+154, beta_phi=nan
NaN in beta_*: layer 9, bs_iter=38, k=7179, beta_mu=1.2983023566111597e+154, beta_phi=nan
NaN in beta_*: layer 9, bs_iter=38, k=7180, beta_mu=1.3179418066153375e+154, beta_phi=nan
NaN in beta_*: layer 9, bs_iter=38, k=7181, beta_mu=1.3259356784268122e+154, beta_phi=nan
NaN in beta_*: layer 9, bs_iter=38, k=7182, beta_mu=5.4110090382785155e+153, beta_phi=nan
NaN in beta_*: layer 9, bs_iter=38, k=7183, beta_mu=1.2975040826436164e+153, beta_phi=nan
NaN in beta_*: layer 9, bs_iter=38, k=7184, beta_mu=4.011422934529853e+154, beta_phi=nan
NaN in beta_*: layer 9, bs_iter=38, k=7185, beta_mu=2.3622310683690907e+153, beta_phi=nan
NaN in beta_*: layer 9, bs_iter=38, k=7186, beta_mu=1.0158555598232422e+155, beta_phi=nan
NaN in beta_*: layer 9, bs_iter=38, k=7187, beta_mu=1.3003851351848493e+154, beta_phi=nan
NaN in beta_*: layer 9, bs_iter=38, k=7188, beta_mu=2.9082767964174178e+153, beta_phi=nan
NaN in beta_*: layer 9, bs_iter=38, k=7189, beta_mu=1.8057972042436087e+153, beta_phi=nan
NaN in beta_*: layer 9, bs_iter=38, k=7190, beta_mu=1.826342066124991e+154, beta_phi=nan
NaN in beta_*: layer 9, bs_iter=38, k=7191, beta_mu=2.78509134482739e+154, beta_phi=nan
NaN in beta_*: layer 9, bs_iter=38, k=7192, beta_mu=1.2186022435986228e+153, beta_phi=nan
NaN in beta_*: layer 9, bs_iter=38, k=7193, beta_mu=2.8288102692834537e+154, beta_phi=nan
NaN in beta_*: layer 9, bs_iter=38, k=7194, beta_mu=2.6674522820186865e+154, beta_phi=nan
NaN in beta_*: layer 9, bs_iter=38, k=7195, beta_mu=2.3195920858169138e+152, beta_phi=nan
NaN in beta_*: layer 9, bs_iter=38, k=7196, beta_mu=1.1313289767311037e+152, beta_phi=nan
NaN in beta_*: layer 9, bs_iter=38, k=7197, beta_mu=9.531365081192626e+154, beta_phi=nan
NaN in beta_*: layer 9, bs_iter=38, k=7198, beta_mu=4.429843904481343e+153, beta_phi=nan
NaN in beta_*: layer 9, bs_iter=38, k=7199, beta_mu=9.797071830219386e+151, beta_phi=nan
NaN in beta_*: layer 9, bs_iter=38, k=7201, beta_mu=1.0359084629744042e+152, beta_phi=nan
NaN in beta_*: layer 9, bs_iter=38, k=7202, beta_mu=1.276511898140811e+154, beta_phi=nan
NaN in beta_*: layer 9, bs_iter=38, k=7203, beta_mu=3.7846798330220386e+154, beta_phi=nan
NaN in beta_*: layer 9, bs_iter=38, k=7204, beta_mu=1.1072608391935695e+155, beta_phi=nan
NaN in beta_*: layer 9, bs_iter=38, k=7205, beta_mu=1.1313283019615899e+152, beta_phi=nan
NaN in beta_*: layer 9, bs_iter=38, k=7206, beta_mu=7.230705416879483e+152, beta_phi=nan
NaN in beta_*: layer 9, bs_iter=38, k=7207, beta_mu=7.318674487549882e+152, beta_phi=nan
NaN in beta_*: layer 9, bs_iter=38, k=7208, beta_mu=1.3164027268108337e+154, beta_phi=nan
NaN in beta_*: layer 9, bs_iter=38, k=7209, beta_mu=7.416381966052237e+152, beta_phi=nan
NaN in beta_*: layer 9, bs_iter=38, k=7210, beta_mu=2.932502308050486e+154, beta_phi=nan
NaN in beta_*: layer 9, bs_iter=38, k=7211, beta_mu=3.7780051913381795e+154, beta_phi=nan
NaN in beta_*: layer 9, bs_iter=38, k=7212, beta_mu=1.2187830336112174e+153, beta_phi=nan
NaN in beta_*: layer 9, bs_iter=38, k=7214, beta_mu=3.041767402882896e+153, beta_phi=nan
NaN in beta_*: layer 9, bs_iter=38, k=7215, beta_mu=3.93076358549695e+154, beta_phi=nan
NaN in beta_*: layer 9, bs_iter=38, k=7216, beta_mu=6.660198855166725e+154, beta_phi=nan
NaN in beta_*: layer 9, bs_iter=38, k=7217, beta_mu=7.295780991249892e+154, beta_phi=nan
NaN in beta_*: layer 9, bs_iter=38, k=7218, beta_mu=1.3160974107881707e+154, beta_phi=nan
NaN in beta_*: layer 9, bs_iter=38, k=7219, beta_mu=6.421794764675316e+154, beta_phi=nan
NaN in beta_*: layer 9, bs_iter=38, k=7220, beta_mu=7.614221517299614e+152, beta_phi=nan
NaN in beta_*: layer 9, bs_iter=38, k=7221, beta_mu=7.650217738230913e+152, beta_phi=nan
NaN in beta_*: layer 9, bs_iter=38, k=7222, beta_mu=7.701531741584649e+152, beta_phi=nan
NaN in beta_*: layer 9, bs_iter=38, k=7223, beta_mu=7.624909681694349e+152, beta_phi=nan
NaN in beta_*: layer 9, bs_iter=38, k=7224, beta_mu=3.95343002427495e+154, beta_phi=nan
NaN in beta_*: layer 9, bs_iter=38, k=7225, beta_mu=1.1054387265020363e+154, beta_phi=nan
NaN in beta_*: layer 9, bs_iter=38, k=7226, beta_mu=8.261453590738835e+152, beta_phi=nan
NaN in beta_*: layer 9, bs_iter=38, k=7228, beta_mu=3.057218313483445e+154, beta_phi=nan
NaN in beta_*: layer 9, bs_iter=38, k=7229, beta_mu=2.560406113197642e+153, beta_phi=nan
NaN in beta_*: layer 9, bs_iter=38, k=7230, beta_mu=2.0578919516639533e+154, beta_phi=nan
NaN in beta_*: layer 9, bs_iter=38, k=7231, beta_mu=3.390424756632884e+154, beta_phi=nan
NaN in beta_*: layer 9, bs_iter=38, k=7232, beta_mu=1.2031778713445062e+154, beta_phi=nan
NaN in beta_*: layer 9, bs_iter=38, k=7233, beta_mu=7.316290294861415e+154, beta_phi=nan
NaN in beta_*: layer 9, bs_iter=38, k=7234, beta_mu=2.9303140187502928e+153, beta_phi=nan
NaN in beta_*: layer 9, bs_iter=38, k=7235, beta_mu=1.5451801596983604e+153, beta_phi=nan
NaN in beta_*: layer 9, bs_iter=38, k=7236, beta_mu=5.244642614693029e+153, beta_phi=nan
NaN in beta_*: layer 9, bs_iter=38, k=7237, beta_mu=1.1865597010915817e+154, beta_phi=nan
NaN in beta_*: layer 9, bs_iter=38, k=7238, beta_mu=5.262699560234165e+153, beta_phi=nan
NaN in beta_*: layer 9, bs_iter=38, k=7239, beta_mu=1.2564039391333539e+154, beta_phi=nan
NaN in beta_*: layer 9, bs_iter=38, k=7240, beta_mu=3.75126648050152e+153, beta_phi=nan
NaN in beta_*: layer 9, bs_iter=38, k=7241, beta_mu=2.4199076857464358e+154, beta_phi=nan
NaN in beta_*: layer 9, bs_iter=38, k=7242, beta_mu=6.300080871107549e+154, beta_phi=nan
NaN in beta_*: layer 9, bs_iter=38, k=7244, beta_mu=2.648924947105937e+153, beta_phi=nan
NaN in beta_*: layer 9, bs_iter=38, k=7245, beta_mu=2.5311908405825874e+153, beta_phi=nan
NaN in beta_*: layer 9, bs_iter=38, k=7246, beta_mu=2.1788739455479132e+154, beta_phi=nan
NaN in beta_*: layer 9, bs_iter=38, k=7247, beta_mu=8.047091178760539e+154, beta_phi=nan
NaN in beta_*: layer 9, bs_iter=38, k=7248, beta_mu=8.124895608115387e+154, beta_phi=nan
NaN in beta_*: layer 9, bs_iter=38, k=7249, beta_mu=3.057949999473965e+154, beta_phi=nan
NaN in beta_*: layer 9, bs_iter=38, k=7253, beta_mu=6.259069242207942e+152, beta_phi=nan
NaN in beta_*: layer 9, bs_iter=38, k=7254, beta_mu=3.55473607083346e+153, beta_phi=nan
NaN in beta_*: layer 9, bs_iter=38, k=7255, beta_mu=1.8693735829632285e+154, beta_phi=nan
NaN in beta_*: layer 9, bs_iter=38, k=7256, beta_mu=1.0026151783992127e+153, beta_phi=nan
NaN in beta_*: layer 9, bs_iter=38, k=7257, beta_mu=1.0349622598636243e+153, beta_phi=nan
NaN in beta_*: layer 9, bs_iter=38, k=7258, beta_mu=1.1153038995334487e+153, beta_phi=nan
NaN in beta_*: layer 9, bs_iter=38, k=7260, beta_mu=2.0088256238234212e+154, beta_phi=nan
NaN in beta_*: layer 9, bs_iter=38, k=7261, beta_mu=2.0088408009657078e+154, beta_phi=nan
NaN in beta_*: layer 9, bs_iter=38, k=7262, beta_mu=2.0124489638301948e+154, beta_phi=nan
NaN in beta_*: layer 9, bs_iter=38, k=7263, beta_mu=1.0520083264171884e+154, beta_phi=nan
NaN in beta_*: layer 9, bs_iter=38, k=7264, beta_mu=1.974642085540296e+154, beta_phi=nan
NaN in beta_*: layer 9, bs_iter=38, k=7265, beta_mu=2.094895193811866e+154, beta_phi=nan
NaN in beta_*: layer 9, bs_iter=38, k=7266, beta_mu=2.003825254260524e+154, beta_phi=nan
NaN in beta_*: layer 9, bs_iter=38, k=7267, beta_mu=8.478887496432156e+153, beta_phi=nan
NaN in beta_*: layer 9, bs_iter=38, k=7268, beta_mu=3.6752844582178853e+154, beta_phi=nan
NaN in beta_*: layer 9, bs_iter=38, k=7269, beta_mu=2.34033456039295e+152, beta_phi=nan
NaN in beta_*: layer 9, bs_iter=38, k=7270, beta_mu=1.3692704255203978e+153, beta_phi=nan
NaN in beta_*: layer 9, bs_iter=38, k=7271, beta_mu=6.928782587172276e+153, beta_phi=nan
NaN in beta_*: layer 9, bs_iter=38, k=7272, beta_mu=8.858395763891722e+152, beta_phi=nan
NaN in beta_*: layer 9, bs_iter=38, k=7273, beta_mu=1.64943476764066e+154, beta_phi=nan
NaN in beta_*: layer 9, bs_iter=38, k=7274, beta_mu=6.842738844927673e+153, beta_phi=nan
NaN in beta_*: layer 9, bs_iter=38, k=7275, beta_mu=7.033870406003066e+154, beta_phi=nan
NaN in beta_*: layer 9, bs_iter=38, k=7276, beta_mu=6.842749538042385e+153, beta_phi=nan
NaN in beta_*: layer 9, bs_iter=38, k=7277, beta_mu=6.842751107678118e+153, beta_phi=nan
NaN in beta_*: layer 9, bs_iter=38, k=7278, beta_mu=6.825715053439114e+153, beta_phi=nan
NaN in beta_*: layer 9, bs_iter=38, k=7279, beta_mu=1.0460629741488486e+154, beta_phi=nan
NaN in beta_*: layer 9, bs_iter=38, k=7280, beta_mu=6.871242603266187e+153, beta_phi=nan
NaN in beta_*: layer 9, bs_iter=38, k=7281, beta_mu=6.850385440631765e+153, beta_phi=nan
NaN in beta_*: layer 9, bs_iter=38, k=7282, beta_mu=6.868951939178109e+153, beta_phi=nan
NaN in beta_*: layer 9, bs_iter=38, k=7283, beta_mu=6.855829800460383e+153, beta_phi=nan
NaN in beta_*: layer 9, bs_iter=38, k=7284, beta_mu=1.1042364147715463e+154, beta_phi=nan
NaN in beta_*: layer 9, bs_iter=38, k=7285, beta_mu=6.782896693401617e+153, beta_phi=nan
NaN in beta_*: layer 9, bs_iter=38, k=7286, beta_mu=1.04336373411048e+154, beta_phi=nan
NaN in beta_*: layer 9, bs_iter=38, k=7287, beta_mu=6.855823489651048e+153, beta_phi=nan
NaN in beta_*: layer 9, bs_iter=38, k=7288, beta_mu=1.0490959768769824e+154, beta_phi=nan
NaN in beta_*: layer 9, bs_iter=38, k=7289, beta_mu=6.855824405027498e+153, beta_phi=nan
NaN in beta_*: layer 9, bs_iter=38, k=7290, beta_mu=6.908429943985532e+153, beta_phi=nan
NaN in beta_*: layer 9, bs_iter=38, k=7291, beta_mu=1.0580158591624907e+154, beta_phi=nan
NaN in beta_*: layer 9, bs_iter=38, k=7292, beta_mu=6.855826220482711e+153, beta_phi=nan
NaN in beta_*: layer 9, bs_iter=38, k=7293, beta_mu=1.8399312708007105e+154, beta_phi=nan
NaN in beta_*: layer 9, bs_iter=38, k=7294, beta_mu=1.0367253416074413e+154, beta_phi=nan
NaN in beta_*: layer 9, bs_iter=38, k=7295, beta_mu=3.0448307804104793e+154, beta_phi=nan
NaN in beta_*: layer 9, bs_iter=38, k=7296, beta_mu=1.0598750762359729e+154, beta_phi=nan
NaN in beta_*: layer 9, bs_iter=38, k=7297, beta_mu=6.806600972042708e+153, beta_phi=nan
NaN in beta_*: layer 9, bs_iter=38, k=7298, beta_mu=3.5725903692738423e+154, beta_phi=nan
NaN in beta_*: layer 9, bs_iter=38, k=7299, beta_mu=3.651349144083452e+154, beta_phi=nan
NaN in beta_*: layer 9, bs_iter=38, k=7300, beta_mu=6.839556086491396e+153, beta_phi=nan
NaN in beta_*: layer 9, bs_iter=38, k=7301, beta_mu=6.977886714397427e+153, beta_phi=nan
NaN in beta_*: layer 9, bs_iter=38, k=7302, beta_mu=6.944969107549208e+153, beta_phi=nan
NaN in beta_*: layer 9, bs_iter=38, k=7303, beta_mu=3.606044627589672e+154, beta_phi=nan
NaN in beta_*: layer 9, bs_iter=38, k=7304, beta_mu=1.8192758852826258e+154, beta_phi=nan
NaN in beta_*: layer 9, bs_iter=38, k=7305, beta_mu=1.1167461790857714e+154, beta_phi=nan
NaN in beta_*: layer 9, bs_iter=38, k=7306, beta_mu=1.5902497018904837e+154, beta_phi=nan
NaN in beta_*: layer 9, bs_iter=38, k=7307, beta_mu=3.04342450165961e+154, beta_phi=nan
NaN in beta_*: layer 9, bs_iter=38, k=7308, beta_mu=1.8854517749994718e+154, beta_phi=nan
NaN in beta_*: layer 9, bs_iter=38, k=7313, beta_mu=2.2033183319566142e+154, beta_phi=nan
NaN in beta_*: layer 9, bs_iter=38, k=7314, beta_mu=4.639774328991209e+153, beta_phi=nan
NaN in beta_*: layer 9, bs_iter=38, k=7316, beta_mu=9.313517580241167e+153, beta_phi=nan
NaN in beta_*: layer 9, bs_iter=38, k=7317, beta_mu=3.392158641906163e+152, beta_phi=nan
NaN in beta_*: layer 9, bs_iter=38, k=7319, beta_mu=5.3488178195731596e+153, beta_phi=nan
NaN in beta_*: layer 9, bs_iter=38, k=7320, beta_mu=8.386210606129781e+153, beta_phi=nan
NaN in beta_*: layer 9, bs_iter=38, k=7321, beta_mu=1.8366945777245322e+154, beta_phi=nan
NaN in beta_*: layer 9, bs_iter=38, k=7326, beta_mu=8.917723617553233e+153, beta_phi=nan
NaN in beta_*: layer 9, bs_iter=38, k=7327, beta_mu=1.8420455766949438e+154, beta_phi=nan
NaN in beta_*: layer 9, bs_iter=38, k=7329, beta_mu=1.1366444398755163e+153, beta_phi=nan
NaN in beta_*: layer 9, bs_iter=38, k=7330, beta_mu=7.523630250717853e+152, beta_phi=nan
NaN in beta_*: layer 9, bs_iter=38, k=7332, beta_mu=3.199777890600439e+154, beta_phi=nan
NaN in beta_*: layer 9, bs_iter=38, k=7333, beta_mu=5.359477867787977e+153, beta_phi=nan
NaN in beta_*: layer 9, bs_iter=38, k=7337, beta_mu=1.3294609506607495e+154, beta_phi=nan
NaN in beta_*: layer 9, bs_iter=38, k=7341, beta_mu=1.8487094583044438e+154, beta_phi=nan
NaN in beta_*: layer 9, bs_iter=38, k=7342, beta_mu=7.832083458715587e+154, beta_phi=nan
NaN in beta_*: layer 9, bs_iter=38, k=7343, beta_mu=7.666462889279406e+153, beta_phi=nan
NaN in beta_*: layer 9, bs_iter=38, k=7345, beta_mu=2.3569954569842947e+153, beta_phi=nan
NaN in beta_*: layer 9, bs_iter=38, k=7346, beta_mu=1.2803795281214039e+153, beta_phi=nan
NaN in beta_*: layer 9, bs_iter=38, k=7347, beta_mu=1.2799473404182008e+154, beta_phi=nan
NaN in beta_*: layer 9, bs_iter=38, k=7348, beta_mu=8.517939509511121e+153, beta_phi=nan
NaN in beta_*: layer 9, bs_iter=38, k=7355, beta_mu=3.936400918273969e+153, beta_phi=nan
NaN in beta_*: layer 9, bs_iter=38, k=7356, beta_mu=6.706584056048589e+153, beta_phi=nan
NaN in beta_*: layer 9, bs_iter=38, k=7357, beta_mu=4.352844866036511e+153, beta_phi=nan
NaN in beta_*: layer 9, bs_iter=38, k=7358, beta_mu=7.647083745634047e+154, beta_phi=nan
NaN in beta_*: layer 9, bs_iter=38, k=7359, beta_mu=6.696601373570978e+153, beta_phi=nan
NaN in beta_*: layer 9, bs_iter=38, k=7360, beta_mu=9.603437271465253e+151, beta_phi=nan
NaN in beta_*: layer 9, bs_iter=38, k=7362, beta_mu=1.308388664180753e+152, beta_phi=nan
NaN in beta_*: layer 9, bs_iter=38, k=7363, beta_mu=1.786519778705659e+154, beta_phi=nan
NaN in beta_*: layer 9, bs_iter=38, k=7364, beta_mu=1.784886315122059e+154, beta_phi=nan
NaN in beta_*: layer 9, bs_iter=38, k=7366, beta_mu=9.541786543980992e+153, beta_phi=nan
NaN in beta_*: layer 9, bs_iter=38, k=7368, beta_mu=2.6172843187005392e+154, beta_phi=nan
NaN in beta_*: layer 9, bs_iter=38, k=7369, beta_mu=3.176667378767784e+154, beta_phi=nan
NaN in beta_*: layer 9, bs_iter=38, k=7370, beta_mu=5.2311222049530214e+153, beta_phi=nan
NaN in beta_*: layer 9, bs_iter=38, k=7371, beta_mu=7.596820685375891e+152, beta_phi=nan
NaN in beta_*: layer 9, bs_iter=38, k=7372, beta_mu=6.6121143816577525e+153, beta_phi=nan
NaN in beta_*: layer 9, bs_iter=38, k=7373, beta_mu=3.964151302463662e+154, beta_phi=nan
NaN in beta_*: layer 9, bs_iter=38, k=7374, beta_mu=2.765583692883517e+153, beta_phi=nan
NaN in beta_*: layer 9, bs_iter=38, k=7376, beta_mu=5.835453270460107e+153, beta_phi=nan
NaN in beta_*: layer 9, bs_iter=38, k=7377, beta_mu=6.056885646432491e+153, beta_phi=nan
NaN in beta_*: layer 9, bs_iter=38, k=7378, beta_mu=6.37493077810144e+153, beta_phi=nan
NaN in beta_*: layer 9, bs_iter=38, k=7380, beta_mu=1.5559314433306165e+154, beta_phi=nan
NaN in beta_*: layer 9, bs_iter=38, k=7381, beta_mu=3.040089629343638e+154, beta_phi=nan
NaN in beta_*: layer 9, bs_iter=38, k=7382, beta_mu=5.7486726881515266e+153, beta_phi=nan
NaN in beta_*: layer 9, bs_iter=38, k=7383, beta_mu=1.5858860364973877e+153, beta_phi=nan
NaN in beta_*: layer 9, bs_iter=38, k=7384, beta_mu=1.5566990981576614e+154, beta_phi=nan
NaN in beta_*: layer 9, bs_iter=38, k=7387, beta_mu=5.75994725395109e+153, beta_phi=nan
NaN in beta_*: layer 9, bs_iter=38, k=7388, beta_mu=3.49295604255935e+153, beta_phi=nan
NaN in beta_*: layer 9, bs_iter=38, k=7389, beta_mu=1.5566992660849804e+154, beta_phi=nan
NaN in beta_*: layer 9, bs_iter=38, k=7390, beta_mu=1.5566989347364407e+154, beta_phi=nan
NaN in beta_*: layer 9, bs_iter=38, k=7391, beta_mu=2.437857890716397e+153, beta_phi=nan
NaN in beta_*: layer 9, bs_iter=38, k=7392, beta_mu=3.2934467998378454e+153, beta_phi=nan
NaN in beta_*: layer 9, bs_iter=38, k=7393, beta_mu=3.279399283160159e+153, beta_phi=nan
NaN in beta_*: layer 9, bs_iter=38, k=7394, beta_mu=6.060313304485558e+153, beta_phi=nan
NaN in beta_*: layer 9, bs_iter=38, k=7395, beta_mu=3.5368554326846875e+154, beta_phi=nan
NaN in beta_*: layer 9, bs_iter=38, k=7396, beta_mu=1.5583700931582058e+153, beta_phi=nan
NaN in beta_*: layer 9, bs_iter=38, k=7397, beta_mu=6.071940181421673e+153, beta_phi=nan
NaN in beta_*: layer 9, bs_iter=38, k=7398, beta_mu=4.9982482795873374e+153, beta_phi=nan
NaN in beta_*: layer 9, bs_iter=38, k=7399, beta_mu=4.8035597636805116e+153, beta_phi=nan
NaN in beta_*: layer 9, bs_iter=38, k=7400, beta_mu=3.4549430989915415e+152, beta_phi=nan
NaN in beta_*: layer 9, bs_iter=38, k=7401, beta_mu=4.947325948329096e+153, beta_phi=nan
NaN in beta_*: layer 9, bs_iter=38, k=7402, beta_mu=6.137608390013042e+153, beta_phi=nan
NaN in beta_*: layer 9, bs_iter=38, k=7403, beta_mu=4.9532730073938895e+153, beta_phi=nan
NaN in beta_*: layer 9, bs_iter=38, k=7404, beta_mu=4.903379117383876e+153, beta_phi=nan
NaN in beta_*: layer 9, bs_iter=38, k=7405, beta_mu=3.458071433778267e+152, beta_phi=nan
NaN in beta_*: layer 9, bs_iter=38, k=7406, beta_mu=1.5281706671253102e+154, beta_phi=nan
NaN in beta_*: layer 9, bs_iter=38, k=7407, beta_mu=1.6851205786421528e+154, beta_phi=nan
NaN in beta_*: layer 9, bs_iter=38, k=7408, beta_mu=3.324636290573254e+152, beta_phi=nan
NaN in beta_*: layer 9, bs_iter=38, k=7409, beta_mu=5.1888230235934086e+153, beta_phi=nan
NaN in beta_*: layer 9, bs_iter=38, k=7410, beta_mu=3.3384222269065496e+154, beta_phi=nan
NaN in beta_*: layer 9, bs_iter=38, k=7411, beta_mu=1.532666544584502e+154, beta_phi=nan
NaN in beta_*: layer 9, bs_iter=38, k=7413, beta_mu=3.708332789570171e+153, beta_phi=nan
NaN in beta_*: layer 9, bs_iter=38, k=7414, beta_mu=2.9624432246018956e+153, beta_phi=nan
NaN in beta_*: layer 9, bs_iter=38, k=7415, beta_mu=1.5192585587183544e+154, beta_phi=nan
NaN in beta_*: layer 9, bs_iter=38, k=7416, beta_mu=3.597014079766297e+153, beta_phi=nan
NaN in beta_*: layer 9, bs_iter=38, k=7417, beta_mu=7.757893792351987e+153, beta_phi=nan
NaN in beta_*: layer 9, bs_iter=38, k=7418, beta_mu=4.04275125483117e+153, beta_phi=nan
NaN in beta_*: layer 9, bs_iter=38, k=7419, beta_mu=4.586677009007983e+153, beta_phi=nan
NaN in beta_*: layer 9, bs_iter=38, k=7420, beta_mu=4.547113403185743e+153, beta_phi=nan
NaN in beta_*: layer 9, bs_iter=38, k=7421, beta_mu=1.1025262996302038e+154, beta_phi=nan
NaN in beta_*: layer 9, bs_iter=38, k=7422, beta_mu=5.523369340038467e+154, beta_phi=nan
NaN in beta_*: layer 9, bs_iter=38, k=7423, beta_mu=2.70392054698529e+154, beta_phi=nan
NaN in beta_*: layer 9, bs_iter=38, k=7424, beta_mu=4.446723924123488e+153, beta_phi=nan
NaN in beta_*: layer 9, bs_iter=38, k=7425, beta_mu=1.1813663219160824e+154, beta_phi=nan
NaN in beta_*: layer 9, bs_iter=38, k=7426, beta_mu=1.197253260970454e+154, beta_phi=nan
NaN in beta_*: layer 9, bs_iter=38, k=7428, beta_mu=1.1968157688430115e+154, beta_phi=nan
NaN in beta_*: layer 9, bs_iter=38, k=7429, beta_mu=1.1989574687015093e+154, beta_phi=nan
NaN in beta_*: layer 9, bs_iter=38, k=7430, beta_mu=4.41858464122057e+153, beta_phi=nan
NaN in beta_*: layer 9, bs_iter=38, k=7431, beta_mu=4.384239073381909e+153, beta_phi=nan
NaN in beta_*: layer 9, bs_iter=38, k=7432, beta_mu=1.1833057992279691e+154, beta_phi=nan
NaN in beta_*: layer 9, bs_iter=38, k=7433, beta_mu=1.1782876727651026e+154, beta_phi=nan
NaN in beta_*: layer 9, bs_iter=38, k=7435, beta_mu=2.894642848709522e+154, beta_phi=nan
NaN in beta_*: layer 9, bs_iter=38, k=7436, beta_mu=2.3449236353901503e+152, beta_phi=nan
NaN in beta_*: layer 9, bs_iter=38, k=7437, beta_mu=2.8352581642133125e+153, beta_phi=nan
NaN in beta_*: layer 9, bs_iter=38, k=7438, beta_mu=1.2697724574291723e+154, beta_phi=nan
NaN in beta_*: layer 9, bs_iter=38, k=7439, beta_mu=2.2374376675437287e+153, beta_phi=nan
NaN in beta_*: layer 9, bs_iter=38, k=7440, beta_mu=2.2406888119325015e+154, beta_phi=nan
NaN in beta_*: layer 9, bs_iter=38, k=7441, beta_mu=4.654326290002077e+153, beta_phi=nan
NaN in beta_*: layer 9, bs_iter=38, k=7442, beta_mu=3.240958877237327e+153, beta_phi=nan
NaN in beta_*: layer 9, bs_iter=38, k=7443, beta_mu=5.2754094202528175e+153, beta_phi=nan
NaN in beta_*: layer 9, bs_iter=38, k=7444, beta_mu=1.4245659221856585e+154, beta_phi=nan
NaN in beta_*: layer 9, bs_iter=38, k=7446, beta_mu=1.4317252354204752e+154, beta_phi=nan
NaN in beta_*: layer 9, bs_iter=38, k=7447, beta_mu=5.477800516708487e+153, beta_phi=nan
NaN in beta_*: layer 9, bs_iter=38, k=7448, beta_mu=1.7209901111025122e+154, beta_phi=nan
NaN in beta_*: layer 9, bs_iter=38, k=7450, beta_mu=1.039829491427566e+153, beta_phi=nan
NaN in beta_*: layer 9, bs_iter=38, k=7452, beta_mu=1.6969931557640916e+154, beta_phi=nan
NaN in beta_*: layer 9, bs_iter=38, k=7453, beta_mu=1.3952418363271018e+154, beta_phi=nan
NaN in beta_*: layer 9, bs_iter=38, k=7454, beta_mu=3.468705612893053e+153, beta_phi=nan
NaN in beta_*: layer 9, bs_iter=38, k=7455, beta_mu=1.696993336365238e+154, beta_phi=nan
NaN in beta_*: layer 9, bs_iter=38, k=7456, beta_mu=2.0142844477652267e+154, beta_phi=nan
NaN in beta_*: layer 9, bs_iter=38, k=7457, beta_mu=2.8661911960694682e+153, beta_phi=nan
NaN in beta_*: layer 9, bs_iter=38, k=7458, beta_mu=1.5244007771972666e+154, beta_phi=nan
NaN in beta_*: layer 9, bs_iter=38, k=7459, beta_mu=9.356737631717316e+152, beta_phi=nan
NaN in beta_*: layer 9, bs_iter=38, k=7460, beta_mu=1.7796312116128788e+154, beta_phi=nan
NaN in beta_*: layer 9, bs_iter=38, k=7461, beta_mu=3.524468199724788e+153, beta_phi=nan
NaN in beta_*: layer 9, bs_iter=38, k=7462, beta_mu=1.4169954560485695e+154, beta_phi=nan
NaN in beta_*: layer 9, bs_iter=38, k=7464, beta_mu=2.919077450866989e+153, beta_phi=nan
NaN in beta_*: layer 9, bs_iter=38, k=7465, beta_mu=2.9190777445259916e+153, beta_phi=nan
NaN in beta_*: layer 9, bs_iter=38, k=7466, beta_mu=3.561026243523084e+153, beta_phi=nan
NaN in beta_*: layer 9, bs_iter=38, k=7468, beta_mu=2.919078081703e+153, beta_phi=nan
NaN in beta_*: layer 9, bs_iter=38, k=7469, beta_mu=4.71369273843373e+153, beta_phi=nan
NaN in beta_*: layer 9, bs_iter=38, k=7470, beta_mu=1.686037096809196e+154, beta_phi=nan
NaN in beta_*: layer 9, bs_iter=38, k=7471, beta_mu=3.533823538493996e+153, beta_phi=nan
NaN in beta_*: layer 9, bs_iter=38, k=7472, beta_mu=3.5322520958475276e+153, beta_phi=nan
NaN in beta_*: layer 9, bs_iter=38, k=7473, beta_mu=3.532253409311766e+153, beta_phi=nan
NaN in beta_*: layer 9, bs_iter=38, k=7475, beta_mu=1.373728551731062e+154, beta_phi=nan
NaN in beta_*: layer 9, bs_iter=38, k=7476, beta_mu=1.6972983419017946e+154, beta_phi=nan
NaN in beta_*: layer 9, bs_iter=38, k=7477, beta_mu=3.556720325162159e+153, beta_phi=nan
NaN in beta_*: layer 9, bs_iter=38, k=7478, beta_mu=2.3097087061969302e+154, beta_phi=nan
NaN in beta_*: layer 9, bs_iter=38, k=7479, beta_mu=3.4617506302489645e+153, beta_phi=nan
NaN in beta_*: layer 9, bs_iter=38, k=7480, beta_mu=1.644916398706724e+154, beta_phi=nan
NaN in beta_*: layer 9, bs_iter=38, k=7481, beta_mu=9.200711487417803e+153, beta_phi=nan
NaN in beta_*: layer 9, bs_iter=38, k=7482, beta_mu=7.586944972944205e+153, beta_phi=nan
NaN in beta_*: layer 9, bs_iter=38, k=7483, beta_mu=5.02994618770965e+152, beta_phi=nan
NaN in beta_*: layer 9, bs_iter=38, k=7484, beta_mu=7.498489396205487e+154, beta_phi=nan
NaN in beta_*: layer 9, bs_iter=38, k=7486, beta_mu=2.977412248625545e+153, beta_phi=nan
NaN in beta_*: layer 9, bs_iter=38, k=7489, beta_mu=7.728796426394942e+153, beta_phi=nan
NaN in beta_*: layer 9, bs_iter=38, k=7490, beta_mu=7.694479841326905e+153, beta_phi=nan
NaN in beta_*: layer 9, bs_iter=38, k=7491, beta_mu=7.667820427179894e+153, beta_phi=nan
NaN in beta_*: layer 9, bs_iter=38, k=7492, beta_mu=2.4533871449898688e+153, beta_phi=nan
NaN in beta_*: layer 9, bs_iter=38, k=7493, beta_mu=1.1855669259626172e+154, beta_phi=nan
NaN in beta_*: layer 9, bs_iter=38, k=7494, beta_mu=7.754841188927332e+153, beta_phi=nan
NaN in beta_*: layer 9, bs_iter=38, k=7495, beta_mu=1.5470302403269427e+153, beta_phi=nan
NaN in beta_*: layer 9, bs_iter=38, k=7496, beta_mu=7.692045737404911e+153, beta_phi=nan
NaN in beta_*: layer 9, bs_iter=38, k=7497, beta_mu=2.4347408249748905e+153, beta_phi=nan
NaN in beta_*: layer 9, bs_iter=38, k=7499, beta_mu=1.9680426234598688e+153, beta_phi=nan
NaN in beta_*: layer 9, bs_iter=38, k=7501, beta_mu=7.580893947278275e+153, beta_phi=nan
NaN in beta_*: layer 9, bs_iter=38, k=7502, beta_mu=8.505095279172643e+153, beta_phi=nan
NaN in beta_*: layer 9, bs_iter=38, k=7503, beta_mu=1.6606977046021217e+154, beta_phi=nan
NaN in beta_*: layer 9, bs_iter=38, k=7504, beta_mu=1.9977233472187583e+153, beta_phi=nan
NaN in beta_*: layer 9, bs_iter=38, k=7506, beta_mu=2.4761528506188956e+153, beta_phi=nan
NaN in beta_*: layer 9, bs_iter=38, k=7507, beta_mu=1.928933751344364e+154, beta_phi=nan
NaN in beta_*: layer 9, bs_iter=38, k=7508, beta_mu=4.254854269835069e+152, beta_phi=nan
NaN in beta_*: layer 9, bs_iter=38, k=7510, beta_mu=1.671032786330366e+154, beta_phi=nan
NaN in beta_*: layer 9, bs_iter=38, k=7511, beta_mu=1.0750375378686787e+154, beta_phi=nan
NaN in beta_*: layer 9, bs_iter=38, k=7512, beta_mu=1.7236098295352368e+154, beta_phi=nan
NaN in beta_*: layer 9, bs_iter=38, k=7513, beta_mu=1.3432516781275605e+154, beta_phi=nan
NaN in beta_*: layer 9, bs_iter=38, k=7514, beta_mu=1.7288182653137042e+154, beta_phi=nan
NaN in beta_*: layer 9, bs_iter=38, k=7515, beta_mu=1.1589585501987946e+154, beta_phi=nan
NaN in beta_*: layer 9, bs_iter=38, k=7516, beta_mu=1.944691703458729e+153, beta_phi=nan
NaN in beta_*: layer 9, bs_iter=38, k=7517, beta_mu=1.38676899145868e+154, beta_phi=nan
NaN in beta_*: layer 9, bs_iter=38, k=7518, beta_mu=2.4019151470335978e+153, beta_phi=nan
NaN in beta_*: layer 9, bs_iter=38, k=7519, beta_mu=1.212705121120035e+153, beta_phi=nan
NaN in beta_*: layer 9, bs_iter=38, k=7520, beta_mu=1.3614044975743751e+153, beta_phi=nan
NaN in beta_*: layer 9, bs_iter=38, k=7521, beta_mu=1.3268235483207214e+154, beta_phi=nan
NaN in beta_*: layer 9, bs_iter=38, k=7522, beta_mu=4.917591375538286e+153, beta_phi=nan
NaN in beta_*: layer 9, bs_iter=38, k=7523, beta_mu=9.124950013901513e+152, beta_phi=nan
NaN in beta_*: layer 9, bs_iter=38, k=7524, beta_mu=2.7783662545669476e+153, beta_phi=nan
NaN in beta_*: layer 9, bs_iter=38, k=7525, beta_mu=1.4260841554480064e+153, beta_phi=nan
NaN in beta_*: layer 9, bs_iter=38, k=7526, beta_mu=9.0893396545171e+152, beta_phi=nan
NaN in beta_*: layer 9, bs_iter=38, k=7527, beta_mu=8.41041511087741e+153, beta_phi=nan
NaN in beta_*: layer 9, bs_iter=38, k=7529, beta_mu=4.508073829787239e+153, beta_phi=nan
NaN in beta_*: layer 9, bs_iter=38, k=7530, beta_mu=1.5950938674700986e+153, beta_phi=nan
NaN in beta_*: layer 9, bs_iter=38, k=7531, beta_mu=1.039571288100658e+152, beta_phi=nan
NaN in beta_*: layer 9, bs_iter=38, k=7533, beta_mu=2.371619535407152e+154, beta_phi=nan
NaN in beta_*: layer 9, bs_iter=38, k=7534, beta_mu=4.537318623367915e+153, beta_phi=nan
NaN in beta_*: layer 9, bs_iter=38, k=7536, beta_mu=4.502120924132769e+153, beta_phi=nan
NaN in beta_*: layer 9, bs_iter=38, k=7537, beta_mu=6.094236439578741e+153, beta_phi=nan
NaN in beta_*: layer 9, bs_iter=38, k=7538, beta_mu=1.3215459654102028e+154, beta_phi=nan
NaN in beta_*: layer 9, bs_iter=38, k=7539, beta_mu=3.679523290353086e+153, beta_phi=nan
NaN in beta_*: layer 9, bs_iter=38, k=7540, beta_mu=4.3191369931706826e+153, beta_phi=nan
NaN in beta_*: layer 9, bs_iter=38, k=7541, beta_mu=4.716571702905637e+153, beta_phi=nan
NaN in beta_*: layer 9, bs_iter=38, k=7542, beta_mu=1.1225932814542026e+154, beta_phi=nan
NaN in beta_*: layer 9, bs_iter=38, k=7543, beta_mu=3.5815310305384683e+152, beta_phi=nan
NaN in beta_*: layer 9, bs_iter=38, k=7544, beta_mu=1.0474019030434247e+154, beta_phi=nan
NaN in beta_*: layer 9, bs_iter=38, k=7546, beta_mu=1.0438871377897222e+154, beta_phi=nan
NaN in beta_*: layer 9, bs_iter=38, k=7547, beta_mu=2.4521234952183244e+154, beta_phi=nan
NaN in beta_*: layer 9, bs_iter=38, k=7549, beta_mu=2.453106637617298e+153, beta_phi=nan
NaN in beta_*: layer 9, bs_iter=38, k=7550, beta_mu=1.7724262453100033e+153, beta_phi=nan
NaN in beta_*: layer 9, bs_iter=38, k=7551, beta_mu=1.3213428601940754e+154, beta_phi=nan
NaN in beta_*: layer 9, bs_iter=38, k=7552, beta_mu=5.527820382679003e+153, beta_phi=nan
NaN in beta_*: layer 9, bs_iter=38, k=7553, beta_mu=4.134097716083874e+153, beta_phi=nan
NaN in beta_*: layer 9, bs_iter=38, k=7554, beta_mu=1.0112932955738941e+154, beta_phi=nan
NaN in beta_*: layer 9, bs_iter=38, k=7555, beta_mu=1.0112927898245726e+154, beta_phi=nan
NaN in beta_*: layer 9, bs_iter=38, k=7556, beta_mu=1.1596777067458524e+153, beta_phi=nan
NaN in beta_*: layer 9, bs_iter=38, k=7557, beta_mu=7.503435283305108e+152, beta_phi=nan
NaN in beta_*: layer 9, bs_iter=38, k=7558, beta_mu=5.281169017340359e+153, beta_phi=nan
NaN in beta_*: layer 9, bs_iter=38, k=7560, beta_mu=1.6810861068948417e+153, beta_phi=nan
NaN in beta_*: layer 9, bs_iter=38, k=7561, beta_mu=1.1635893097853014e+153, beta_phi=nan
NaN in beta_*: layer 9, bs_iter=38, k=7562, beta_mu=1.9951005310590785e+152, beta_phi=nan
NaN in beta_*: layer 9, bs_iter=38, k=7563, beta_mu=6.703989005702177e+153, beta_phi=nan
NaN in beta_*: layer 9, bs_iter=38, k=7565, beta_mu=4.86486347941248e+153, beta_phi=nan
NaN in beta_*: layer 9, bs_iter=38, k=7568, beta_mu=5.518207039658992e+153, beta_phi=nan
NaN in beta_*: layer 9, bs_iter=38, k=7569, beta_mu=5.8762914664682095e+153, beta_phi=nan
NaN in beta_*: layer 9, bs_iter=38, k=7570, beta_mu=5.581036503369273e+153, beta_phi=nan
NaN in beta_*: layer 9, bs_iter=38, k=7574, beta_mu=1.687735136182556e+153, beta_phi=nan
NaN in beta_*: layer 9, bs_iter=38, k=7576, beta_mu=1.5406620226467352e+153, beta_phi=nan
NaN in beta_*: layer 9, bs_iter=38, k=7578, beta_mu=5.456702413678716e+153, beta_phi=nan
NaN in beta_*: layer 9, bs_iter=38, k=7579, beta_mu=5.441795257699865e+153, beta_phi=nan
NaN in beta_*: layer 9, bs_iter=38, k=7580, beta_mu=1.5444643793105813e+153, beta_phi=nan
NaN in beta_*: layer 9, bs_iter=38, k=7582, beta_mu=9.97605094795632e+153, beta_phi=nan
NaN in beta_*: layer 9, bs_iter=38, k=7583, beta_mu=1.2520233453380038e+153, beta_phi=nan
NaN in beta_*: layer 9, bs_iter=38, k=7584, beta_mu=6.561146413922425e+153, beta_phi=nan
NaN in beta_*: layer 9, bs_iter=38, k=7585, beta_mu=1.2549502044843376e+153, beta_phi=nan
NaN in beta_*: layer 9, bs_iter=38, k=7587, beta_mu=7.477021704797918e+152, beta_phi=nan
NaN in beta_*: layer 9, bs_iter=38, k=7588, beta_mu=1.0110804302122337e+154, beta_phi=nan
NaN in beta_*: layer 9, bs_iter=38, k=7589, beta_mu=8.734354599890703e+152, beta_phi=nan
NaN in beta_*: layer 9, bs_iter=38, k=7591, beta_mu=5.4762184296607665e+153, beta_phi=nan
NaN in beta_*: layer 9, bs_iter=38, k=7592, beta_mu=3.421377805235185e+153, beta_phi=nan
NaN in beta_*: layer 9, bs_iter=38, k=7594, beta_mu=4.013171570147657e+153, beta_phi=nan
NaN in beta_*: layer 9, bs_iter=38, k=7599, beta_mu=9.96615712984423e+152, beta_phi=nan
NaN in beta_*: layer 9, bs_iter=38, k=7600, beta_mu=5.382213955299956e+153, beta_phi=nan
NaN in beta_*: layer 9, bs_iter=38, k=7601, beta_mu=5.061073541906343e+153, beta_phi=nan
NaN in beta_*: layer 9, bs_iter=38, k=7602, beta_mu=7.324944421746905e+153, beta_phi=nan
NaN in beta_*: layer 9, bs_iter=38, k=7603, beta_mu=6.567989257486973e+153, beta_phi=nan
NaN in beta_*: layer 9, bs_iter=38, k=7604, beta_mu=9.2917351043986e+152, beta_phi=nan
NaN in beta_*: layer 9, bs_iter=38, k=7607, beta_mu=1.0226487491523791e+152, beta_phi=nan
NaN in beta_*: layer 9, bs_iter=38, k=7608, beta_mu=9.975889314976012e+152, beta_phi=nan
NaN in beta_*: layer 9, bs_iter=38, k=7609, beta_mu=4.1365714487734896e+152, beta_phi=nan
NaN in beta_*: layer 9, bs_iter=38, k=7610, beta_mu=2.393773115291482e+154, beta_phi=nan
NaN in beta_*: layer 9, bs_iter=38, k=7611, beta_mu=2.9253356881609934e+153, beta_phi=nan
NaN in beta_*: layer 9, bs_iter=38, k=7612, beta_mu=1.7254990864767665e+153, beta_phi=nan
NaN in beta_*: layer 9, bs_iter=38, k=7614, beta_mu=1.0257344784402506e+153, beta_phi=nan
NaN in beta_*: layer 9, bs_iter=38, k=7615, beta_mu=9.224648621786695e+152, beta_phi=nan
NaN in beta_*: layer 9, bs_iter=38, k=7616, beta_mu=2.1301678535899226e+152, beta_phi=nan
NaN in beta_*: layer 9, bs_iter=38, k=7617, beta_mu=4.0860130830070135e+154, beta_phi=nan
NaN in beta_*: layer 9, bs_iter=38, k=7618, beta_mu=1.079592766666833e+154, beta_phi=nan
NaN in beta_*: layer 9, bs_iter=38, k=7619, beta_mu=1.8851139065647694e+154, beta_phi=nan
NaN in beta_*: layer 9, bs_iter=38, k=7620, beta_mu=1.0960035352745331e+154, beta_phi=nan
NaN in beta_*: layer 9, bs_iter=38, k=7621, beta_mu=1.063603278986123e+153, beta_phi=nan
NaN in beta_*: layer 9, bs_iter=38, k=7622, beta_mu=2.3022451504475855e+154, beta_phi=nan
NaN in beta_*: layer 9, bs_iter=38, k=7623, beta_mu=8.961477207341121e+151, beta_phi=nan
NaN in beta_*: layer 9, bs_iter=38, k=7624, beta_mu=5.099218577643207e+152, beta_phi=nan
NaN in beta_*: layer 9, bs_iter=38, k=7625, beta_mu=3.8870392924022574e+154, beta_phi=nan
NaN in beta_*: layer 9, bs_iter=38, k=7626, beta_mu=1.5062182571362428e+153, beta_phi=nan
NaN in beta_*: layer 9, bs_iter=38, k=7627, beta_mu=1.9091288233048533e+154, beta_phi=nan
NaN in beta_*: layer 9, bs_iter=38, k=7628, beta_mu=3.845703198130279e+153, beta_phi=nan
NaN in beta_*: layer 9, bs_iter=38, k=7629, beta_mu=1.9006912012247397e+152, beta_phi=nan
NaN in beta_*: layer 9, bs_iter=38, k=7630, beta_mu=1.4375640676908112e+153, beta_phi=nan
NaN in beta_*: layer 9, bs_iter=38, k=7631, beta_mu=6.1098617083033236e+153, beta_phi=nan
NaN in beta_*: layer 9, bs_iter=38, k=7632, beta_mu=1.2551190192920885e+153, beta_phi=nan
NaN in beta_*: layer 9, bs_iter=38, k=7633, beta_mu=4.0180305589429956e+153, beta_phi=nan
NaN in beta_*: layer 9, bs_iter=38, k=7634, beta_mu=1.8978472203619699e+152, beta_phi=nan
NaN in beta_*: layer 9, bs_iter=38, k=7635, beta_mu=6.0924941162294644e+153, beta_phi=nan
NaN in beta_*: layer 9, bs_iter=38, k=7636, beta_mu=3.455264445760464e+153, beta_phi=nan
NaN in beta_*: layer 9, bs_iter=38, k=7637, beta_mu=1.813210970151058e+152, beta_phi=nan
NaN in beta_*: layer 9, bs_iter=38, k=7638, beta_mu=1.813209331825181e+152, beta_phi=nan
NaN in beta_*: layer 9, bs_iter=38, k=7639, beta_mu=4.208023419348638e+152, beta_phi=nan
NaN in beta_*: layer 9, bs_iter=38, k=7640, beta_mu=1.0673809280414365e+153, beta_phi=nan
NaN in beta_*: layer 9, bs_iter=38, k=7641, beta_mu=6.007504752536936e+153, beta_phi=nan
NaN in beta_*: layer 9, bs_iter=38, k=7642, beta_mu=6.3485893904134724e+153, beta_phi=nan
NaN in beta_*: layer 9, bs_iter=38, k=7643, beta_mu=1.0535243421948901e+153, beta_phi=nan
NaN in beta_*: layer 9, bs_iter=38, k=7644, beta_mu=1.054105237892666e+153, beta_phi=nan
NaN in beta_*: layer 9, bs_iter=38, k=7645, beta_mu=5.8772681352490716e+153, beta_phi=nan
NaN in beta_*: layer 9, bs_iter=38, k=7646, beta_mu=1.3001477729321324e+152, beta_phi=nan
NaN in beta_*: layer 9, bs_iter=38, k=7647, beta_mu=1.5077029343270826e+152, beta_phi=nan
NaN in beta_*: layer 9, bs_iter=38, k=7648, beta_mu=1.051265877889707e+153, beta_phi=nan
NaN in beta_*: layer 9, bs_iter=38, k=7649, beta_mu=7.936095537096704e+152, beta_phi=nan
NaN in beta_*: layer 9, bs_iter=38, k=7650, beta_mu=1.881823497064467e+153, beta_phi=nan
NaN in beta_*: layer 9, bs_iter=38, k=7651, beta_mu=1.0422843345170121e+153, beta_phi=nan
NaN in beta_*: layer 9, bs_iter=38, k=7652, beta_mu=6.26423523961397e+153, beta_phi=nan
NaN in beta_*: layer 9, bs_iter=38, k=7653, beta_mu=1.7783142993469167e+152, beta_phi=nan
NaN in beta_*: layer 9, bs_iter=38, k=7654, beta_mu=4.041189120488276e+153, beta_phi=nan
NaN in beta_*: layer 9, bs_iter=38, k=7655, beta_mu=1.0521395067195333e+153, beta_phi=nan
NaN in beta_*: layer 9, bs_iter=38, k=7657, beta_mu=6.082725056276668e+153, beta_phi=nan
NaN in beta_*: layer 9, bs_iter=38, k=7658, beta_mu=4.0377830204470907e+152, beta_phi=nan
NaN in beta_*: layer 9, bs_iter=38, k=7659, beta_mu=9.921487062809839e+152, beta_phi=nan
NaN in beta_*: layer 9, bs_iter=38, k=7660, beta_mu=1.054105237892666e+153, beta_phi=nan
NaN in beta_*: layer 9, bs_iter=38, k=7661, beta_mu=1.4037964115149836e+152, beta_phi=nan
NaN in beta_*: layer 9, bs_iter=38, k=7662, beta_mu=6.186987633823568e+153, beta_phi=nan
NaN in beta_*: layer 9, bs_iter=38, k=7663, beta_mu=1.044501196159327e+153, beta_phi=nan
NaN in beta_*: layer 9, bs_iter=38, k=7664, beta_mu=1.0399278271085102e+153, beta_phi=nan
NaN in beta_*: layer 9, bs_iter=38, k=7665, beta_mu=3.862204322125834e+153, beta_phi=nan
NaN in beta_*: layer 9, bs_iter=38, k=7666, beta_mu=6.0346883273985394e+153, beta_phi=nan
NaN in beta_*: layer 9, bs_iter=38, k=7667, beta_mu=9.821409566178898e+152, beta_phi=nan
NaN in beta_*: layer 9, bs_iter=38, k=7668, beta_mu=1.04783712783059e+153, beta_phi=nan
NaN in beta_*: layer 9, bs_iter=38, k=7670, beta_mu=8.33081461760297e+152, beta_phi=nan
NaN in beta_*: layer 9, bs_iter=38, k=7671, beta_mu=1.4400774107160598e+152, beta_phi=nan
NaN in beta_*: layer 9, bs_iter=38, k=7672, beta_mu=1.0720376010811808e+153, beta_phi=nan
NaN in beta_*: layer 9, bs_iter=38, k=7673, beta_mu=4.707412055237083e+152, beta_phi=nan
NaN in beta_*: layer 9, bs_iter=38, k=7674, beta_mu=8.848158439232148e+152, beta_phi=nan
NaN in beta_*: layer 9, bs_iter=38, k=7675, beta_mu=1.5150271053189756e+152, beta_phi=nan
NaN in beta_*: layer 9, bs_iter=38, k=7676, beta_mu=6.470804145803543e+153, beta_phi=nan
NaN in beta_*: layer 9, bs_iter=38, k=7677, beta_mu=1.1110379931320115e+153, beta_phi=nan
NaN in beta_*: layer 9, bs_iter=38, k=7678, beta_mu=1.057509399166804e+152, beta_phi=nan
NaN in beta_*: layer 9, bs_iter=38, k=7679, beta_mu=9.23557794323895e+152, beta_phi=nan
NaN in beta_*: layer 9, bs_iter=38, k=7680, beta_mu=1.0448107214343058e+152, beta_phi=nan
NaN in beta_*: layer 9, bs_iter=38, k=7681, beta_mu=7.533708548837862e+152, beta_phi=nan
NaN in beta_*: layer 9, bs_iter=38, k=7682, beta_mu=8.398426799849082e+152, beta_phi=nan
NaN in beta_*: layer 9, bs_iter=38, k=7683, beta_mu=6.5758419275988054e+153, beta_phi=nan
NaN in beta_*: layer 9, bs_iter=38, k=7684, beta_mu=1.296023550563208e+152, beta_phi=nan
NaN in beta_*: layer 9, bs_iter=38, k=7685, beta_mu=6.393212335007333e+153, beta_phi=nan
NaN in beta_*: layer 9, bs_iter=38, k=7688, beta_mu=4.043925236567384e+152, beta_phi=nan
NaN in beta_*: layer 9, bs_iter=38, k=7691, beta_mu=1.1522936214155968e+153, beta_phi=nan
NaN in beta_*: layer 9, bs_iter=38, k=7692, beta_mu=4.802559662501008e+152, beta_phi=nan
NaN in beta_*: layer 9, bs_iter=38, k=7693, beta_mu=7.238134067103911e+152, beta_phi=nan
NaN in beta_*: layer 9, bs_iter=38, k=7694, beta_mu=7.061308229434214e+153, beta_phi=nan
NaN in beta_*: layer 9, bs_iter=38, k=7695, beta_mu=7.123160922799467e+152, beta_phi=nan
NaN in beta_*: layer 9, bs_iter=38, k=7697, beta_mu=9.638374745865908e+151, beta_phi=nan
NaN in beta_*: layer 9, bs_iter=38, k=7698, beta_mu=6.13741934756931e+153, beta_phi=nan
NaN in beta_*: layer 9, bs_iter=38, k=7699, beta_mu=7.878997669012177e+153, beta_phi=nan
NaN in beta_*: layer 9, bs_iter=38, k=7700, beta_mu=2.31331814040968e+154, beta_phi=nan
NaN in beta_*: layer 9, bs_iter=38, k=7701, beta_mu=5.777321104726039e+153, beta_phi=nan
NaN in beta_*: layer 9, bs_iter=38, k=7702, beta_mu=1.0313967886076704e+153, beta_phi=nan
NaN in beta_*: layer 9, bs_iter=38, k=7703, beta_mu=1.3677219113216948e+152, beta_phi=nan
NaN in beta_*: layer 9, bs_iter=38, k=7704, beta_mu=6.512742060328096e+153, beta_phi=nan
NaN in beta_*: layer 9, bs_iter=38, k=7705, beta_mu=3.862998096269496e+153, beta_phi=nan
NaN in beta_*: layer 9, bs_iter=38, k=7706, beta_mu=1.061042290366871e+152, beta_phi=nan
NaN in beta_*: layer 9, bs_iter=38, k=7708, beta_mu=2.2319728861944287e+152, beta_phi=nan
NaN in beta_*: layer 9, bs_iter=38, k=7709, beta_mu=6.3607111219330265e+153, beta_phi=nan
NaN in beta_*: layer 9, bs_iter=38, k=7711, beta_mu=2.6530631657023446e+153, beta_phi=nan
NaN in beta_*: layer 9, bs_iter=38, k=7712, beta_mu=1.099225873029307e+153, beta_phi=nan
NaN in beta_*: layer 9, bs_iter=38, k=7716, beta_mu=6.354702309309343e+152, beta_phi=nan
NaN in beta_*: layer 9, bs_iter=38, k=7717, beta_mu=5.743971046428731e+152, beta_phi=nan
NaN in beta_*: layer 9, bs_iter=38, k=7718, beta_mu=9.111861263960622e+153, beta_phi=nan
NaN in beta_*: layer 9, bs_iter=38, k=7721, beta_mu=9.077473694620368e+153, beta_phi=nan
NaN in beta_*: layer 9, bs_iter=38, k=7723, beta_mu=1.5892655419215028e+153, beta_phi=nan
NaN in beta_*: layer 9, bs_iter=38, k=7724, beta_mu=2.64227179169781e+153, beta_phi=nan
NaN in beta_*: layer 9, bs_iter=38, k=7725, beta_mu=2.610096059399287e+153, beta_phi=nan
NaN in beta_*: layer 9, bs_iter=38, k=7726, beta_mu=2.7929046652436888e+153, beta_phi=nan
NaN in beta_*: layer 9, bs_iter=38, k=7728, beta_mu=6.3582749870826255e+153, beta_phi=nan
NaN in beta_*: layer 9, bs_iter=38, k=7729, beta_mu=6.4502651804878734e+153, beta_phi=nan
NaN in beta_*: layer 9, bs_iter=38, k=7731, beta_mu=9.56486310737703e+153, beta_phi=nan
NaN in beta_*: layer 9, bs_iter=38, k=7732, beta_mu=8.646474602195256e+153, beta_phi=nan
NaN in beta_*: layer 9, bs_iter=38, k=7736, beta_mu=4.363053488803701e+153, beta_phi=nan
NaN in beta_*: layer 9, bs_iter=38, k=7737, beta_mu=1.312161796040479e+152, beta_phi=nan
NaN in beta_*: layer 9, bs_iter=38, k=7739, beta_mu=5.314075239218474e+152, beta_phi=nan
NaN in beta_*: layer 9, bs_iter=38, k=7741, beta_mu=3.016805882021713e+153, beta_phi=nan
NaN in beta_*: layer 9, bs_iter=38, k=7742, beta_mu=6.705423874316813e+153, beta_phi=nan
NaN in beta_*: layer 9, bs_iter=38, k=7743, beta_mu=2.3854233681580006e+152, beta_phi=nan
NaN in beta_*: layer 9, bs_iter=38, k=7745, beta_mu=1.2471040100402793e+153, beta_phi=nan
NaN in beta_*: layer 9, bs_iter=38, k=7746, beta_mu=1.7603578311785314e+152, beta_phi=nan
NaN in beta_*: layer 9, bs_iter=38, k=7747, beta_mu=1.1287364046381139e+154, beta_phi=nan
NaN in beta_*: layer 9, bs_iter=38, k=7748, beta_mu=3.982918870012817e+153, beta_phi=nan
NaN in beta_*: layer 9, bs_iter=38, k=7749, beta_mu=3.17542129728492e+153, beta_phi=nan
NaN in beta_*: layer 9, bs_iter=38, k=7750, beta_mu=2.043537912687308e+153, beta_phi=nan
NaN in beta_*: layer 9, bs_iter=38, k=7751, beta_mu=1.8481547453572966e+153, beta_phi=nan
NaN in beta_*: layer 9, bs_iter=38, k=7752, beta_mu=8.50337316772845e+153, beta_phi=nan
NaN in beta_*: layer 9, bs_iter=38, k=7753, beta_mu=3.0580323969515195e+152, beta_phi=nan
NaN in beta_*: layer 9, bs_iter=38, k=7754, beta_mu=2.57848826117279e+153, beta_phi=nan
NaN in beta_*: layer 9, bs_iter=38, k=7757, beta_mu=3.0823960268079015e+152, beta_phi=nan
NaN in beta_*: layer 9, bs_iter=38, k=7759, beta_mu=1.994601867333385e+153, beta_phi=nan
NaN in beta_*: layer 9, bs_iter=38, k=7760, beta_mu=4.13627963092296e+153, beta_phi=nan
NaN in beta_*: layer 9, bs_iter=38, k=7761, beta_mu=3.66785425197351e+153, beta_phi=nan
NaN in beta_*: layer 9, bs_iter=38, k=7762, beta_mu=2.8329728530482678e+153, beta_phi=nan
NaN in beta_*: layer 9, bs_iter=38, k=7763, beta_mu=7.998401185459099e+153, beta_phi=nan
NaN in beta_*: layer 9, bs_iter=38, k=7766, beta_mu=1.4596885349870835e+153, beta_phi=nan
NaN in beta_*: layer 9, bs_iter=38, k=7767, beta_mu=2.019245488125082e+153, beta_phi=nan
NaN in beta_*: layer 9, bs_iter=38, k=7768, beta_mu=2.0248343567149447e+153, beta_phi=nan
NaN in beta_*: layer 9, bs_iter=38, k=7769, beta_mu=3.599876605619397e+152, beta_phi=nan
NaN in beta_*: layer 9, bs_iter=38, k=7770, beta_mu=4.010915370338292e+153, beta_phi=nan
NaN in beta_*: layer 9, bs_iter=38, k=7771, beta_mu=9.422241738051255e+152, beta_phi=nan
NaN in beta_*: layer 9, bs_iter=38, k=7772, beta_mu=3.7300857924486376e+152, beta_phi=nan
NaN in beta_*: layer 9, bs_iter=38, k=7773, beta_mu=5.293629155143866e+153, beta_phi=nan
NaN in beta_*: layer 9, bs_iter=38, k=7774, beta_mu=1.9215476901930646e+153, beta_phi=nan
NaN in beta_*: layer 9, bs_iter=38, k=7775, beta_mu=3.756945821412168e+153, beta_phi=nan
NaN in beta_*: layer 9, bs_iter=38, k=7776, beta_mu=1.9923097355307156e+152, beta_phi=nan
NaN in beta_*: layer 9, bs_iter=38, k=7777, beta_mu=2.3557171820640033e+152, beta_phi=nan
NaN in beta_*: layer 9, bs_iter=38, k=7778, beta_mu=3.23311035493565e+153, beta_phi=nan
NaN in beta_*: layer 9, bs_iter=38, k=7779, beta_mu=5.64286655359207e+153, beta_phi=nan
NaN in beta_*: layer 9, bs_iter=38, k=7781, beta_mu=1.3142105246989093e+153, beta_phi=nan
NaN in beta_*: layer 9, bs_iter=38, k=7783, beta_mu=3.417921932051707e+152, beta_phi=nan
NaN in beta_*: layer 9, bs_iter=38, k=7784, beta_mu=1.1151700666474269e+154, beta_phi=nan
NaN in beta_*: layer 9, bs_iter=38, k=7785, beta_mu=3.076081387453041e+152, beta_phi=nan
NaN in beta_*: layer 9, bs_iter=38, k=7787, beta_mu=2.0308194685666793e+153, beta_phi=nan
NaN in beta_*: layer 9, bs_iter=38, k=7788, beta_mu=9.124289795487701e+152, beta_phi=nan
NaN in beta_*: layer 9, bs_iter=38, k=7790, beta_mu=4.3781784375194096e+153, beta_phi=nan
NaN in beta_*: layer 9, bs_iter=38, k=7791, beta_mu=2.564203117982613e+153, beta_phi=nan
NaN in beta_*: layer 9, bs_iter=38, k=7793, beta_mu=1.3846295304095671e+152, beta_phi=nan
NaN in beta_*: layer 9, bs_iter=38, k=7795, beta_mu=1.409583559448632e+153, beta_phi=nan
NaN in beta_*: layer 9, bs_iter=38, k=7797, beta_mu=1.537968328064689e+153, beta_phi=nan
NaN in beta_*: layer 9, bs_iter=38, k=7798, beta_mu=8.691024496806155e+152, beta_phi=nan
NaN in beta_*: layer 9, bs_iter=38, k=7799, beta_mu=3.144500202182987e+152, beta_phi=nan
NaN in beta_*: layer 9, bs_iter=38, k=7800, beta_mu=3.7528518613613776e+153, beta_phi=nan
NaN in beta_*: layer 9, bs_iter=38, k=7804, beta_mu=8.910518920762378e+151, beta_phi=nan
NaN in beta_*: layer 9, bs_iter=38, k=7805, beta_mu=3.4634807481468296e+152, beta_phi=nan
NaN in beta_*: layer 9, bs_iter=38, k=7806, beta_mu=3.46348025658538e+152, beta_phi=nan
NaN in beta_*: layer 9, bs_iter=38, k=7807, beta_mu=4.659881476820038e+152, beta_phi=nan
NaN in beta_*: layer 9, bs_iter=38, k=7808, beta_mu=3.4634822008678803e+152, beta_phi=nan
NaN in beta_*: layer 9, bs_iter=38, k=7810, beta_mu=4.330197428142763e+153, beta_phi=nan
NaN in beta_*: layer 9, bs_iter=38, k=7811, beta_mu=1.209603093802116e+152, beta_phi=nan
NaN in beta_*: layer 9, bs_iter=38, k=7812, beta_mu=1.13760600402012e+152, beta_phi=nan
NaN in beta_*: layer 9, bs_iter=38, k=7814, beta_mu=1.3096648923508598e+152, beta_phi=nan
NaN in beta_*: layer 9, bs_iter=38, k=7815, beta_mu=1.2794621431362535e+152, beta_phi=nan
NaN in beta_*: layer 9, bs_iter=38, k=7817, beta_mu=2.569806097163591e+152, beta_phi=nan
NaN in beta_*: layer 9, bs_iter=38, k=7819, beta_mu=4.552183538915967e+153, beta_phi=nan
NaN in beta_*: layer 9, bs_iter=38, k=7820, beta_mu=1.4179234577226417e+153, beta_phi=nan
NaN in beta_*: layer 9, bs_iter=38, k=7821, beta_mu=2.4027089782712196e+153, beta_phi=nan
NaN in beta_*: layer 9, bs_iter=38, k=7822, beta_mu=1.9401897128542233e+153, beta_phi=nan
NaN in beta_*: layer 9, bs_iter=38, k=7823, beta_mu=1.1883855714911315e+152, beta_phi=nan
NaN in beta_*: layer 9, bs_iter=38, k=7824, beta_mu=1.7374445856679952e+153, beta_phi=nan
NaN in beta_*: layer 9, bs_iter=38, k=7825, beta_mu=9.783407052861231e+152, beta_phi=nan
NaN in beta_*: layer 9, bs_iter=38, k=7826, beta_mu=8.014607269764761e+152, beta_phi=nan
NaN in beta_*: layer 9, bs_iter=38, k=7829, beta_mu=3.666369296021052e+152, beta_phi=nan
NaN in beta_*: layer 9, bs_iter=38, k=7831, beta_mu=8.668862408459133e+152, beta_phi=nan
NaN in beta_*: layer 9, bs_iter=38, k=7832, beta_mu=1.4060844309732004e+152, beta_phi=nan
NaN in beta_*: layer 9, bs_iter=38, k=7840, beta_mu=9.116731300847731e+152, beta_phi=nan
NaN in beta_*: layer 9, bs_iter=38, k=7841, beta_mu=2.8284700941132747e+152, beta_phi=nan
NaN in beta_*: layer 9, bs_iter=38, k=7842, beta_mu=8.80994376639088e+152, beta_phi=nan
NaN in beta_*: layer 9, bs_iter=38, k=7846, beta_mu=4.527712678665545e+152, beta_phi=nan
NaN in beta_*: layer 9, bs_iter=38, k=7847, beta_mu=5.591476189097179e+153, beta_phi=nan
NaN in beta_*: layer 9, bs_iter=38, k=7848, beta_mu=1.5979720425997675e+152, beta_phi=nan
NaN in beta_*: layer 9, bs_iter=38, k=7850, beta_mu=3.6386677210941505e+152, beta_phi=nan
NaN in beta_*: layer 9, bs_iter=38, k=7855, beta_mu=1.352033348836214e+152, beta_phi=nan
NaN in beta_*: layer 9, bs_iter=38, k=7856, beta_mu=2.113119040663358e+152, beta_phi=nan
NaN in beta_*: layer 9, bs_iter=38, k=7859, beta_mu=2.8049319903141675e+152, beta_phi=nan
NaN in beta_*: layer 9, bs_iter=38, k=7860, beta_mu=4.240961014077464e+152, beta_phi=nan
NaN in beta_*: layer 9, bs_iter=38, k=7861, beta_mu=1.2846366253523808e+153, beta_phi=nan
NaN in beta_*: layer 9, bs_iter=38, k=7863, beta_mu=5.331719375086771e+152, beta_phi=nan
NaN in beta_*: layer 9, bs_iter=38, k=7866, beta_mu=5.39178143944977e+152, beta_phi=nan
NaN in beta_*: layer 9, bs_iter=38, k=7867, beta_mu=1.6730040538180625e+153, beta_phi=nan
NaN in beta_*: layer 9, bs_iter=38, k=7868, beta_mu=2.417116764049534e+153, beta_phi=nan
NaN in beta_*: layer 9, bs_iter=38, k=7870, beta_mu=1.6212443105302332e+153, beta_phi=nan
NaN in beta_*: layer 9, bs_iter=38, k=7871, beta_mu=4.0285238242476265e+152, beta_phi=nan
NaN in beta_*: layer 9, bs_iter=38, k=7873, beta_mu=3.356824437007771e+153, beta_phi=nan
NaN in beta_*: layer 9, bs_iter=38, k=7876, beta_mu=2.980451813009426e+152, beta_phi=nan
NaN in beta_*: layer 9, bs_iter=38, k=7877, beta_mu=5.8093144837249174e+153, beta_phi=nan
NaN in beta_*: layer 9, bs_iter=38, k=7878, beta_mu=1.9949202946631386e+152, beta_phi=nan
NaN in beta_*: layer 9, bs_iter=38, k=7879, beta_mu=9.139575764995224e+152, beta_phi=nan
NaN in beta_*: layer 9, bs_iter=38, k=7880, beta_mu=3.081948860507755e+152, beta_phi=nan
NaN in beta_*: layer 9, bs_iter=38, k=7881, beta_mu=1.6982176542241474e+153, beta_phi=nan
NaN in beta_*: layer 9, bs_iter=38, k=7882, beta_mu=1.699974866493741e+152, beta_phi=nan
NaN in beta_*: layer 9, bs_iter=38, k=7883, beta_mu=1.2836678769281535e+152, beta_phi=nan
NaN in beta_*: layer 9, bs_iter=38, k=7886, beta_mu=9.307953382263096e+152, beta_phi=nan
NaN in beta_*: layer 9, bs_iter=38, k=7889, beta_mu=1.6552578802107244e+152, beta_phi=nan
NaN in beta_*: layer 9, bs_iter=38, k=7890, beta_mu=1.5812980747216737e+152, beta_phi=nan
NaN in beta_*: layer 9, bs_iter=38, k=7891, beta_mu=3.60748884083727e+153, beta_phi=nan
NaN in beta_*: layer 9, bs_iter=38, k=7892, beta_mu=3.725698861991306e+153, beta_phi=nan
NaN in beta_*: layer 9, bs_iter=38, k=7893, beta_mu=3.731692750733542e+153, beta_phi=nan
NaN in beta_*: layer 9, bs_iter=38, k=7894, beta_mu=2.59451186548702e+153, beta_phi=nan
NaN in beta_*: layer 9, bs_iter=38, k=7895, beta_mu=2.0393379612343466e+153, beta_phi=nan
NaN in beta_*: layer 9, bs_iter=38, k=7896, beta_mu=3.58877759136737e+153, beta_phi=nan
NaN in beta_*: layer 9, bs_iter=38, k=7897, beta_mu=3.7082722082636914e+153, beta_phi=nan
NaN in beta_*: layer 9, bs_iter=38, k=7898, beta_mu=1.4180409608250297e+153, beta_phi=nan
NaN in beta_*: layer 9, bs_iter=38, k=7899, beta_mu=3.819839221253487e+153, beta_phi=nan
NaN in beta_*: layer 9, bs_iter=38, k=7900, beta_mu=3.047231908637777e+153, beta_phi=nan
NaN in beta_*: layer 9, bs_iter=38, k=7901, beta_mu=6.065299024236812e+152, beta_phi=nan
NaN in beta_*: layer 9, bs_iter=38, k=7902, beta_mu=4.519378870454756e+152, beta_phi=nan
NaN in beta_*: layer 9, bs_iter=38, k=7903, beta_mu=1.9897406400961914e+153, beta_phi=nan
NaN in beta_*: layer 9, bs_iter=38, k=7904, beta_mu=1.8319892152506564e+153, beta_phi=nan
NaN in beta_*: layer 9, bs_iter=38, k=7905, beta_mu=8.161230018744194e+152, beta_phi=nan
NaN in beta_*: layer 9, bs_iter=38, k=7906, beta_mu=2.9392688777239047e+153, beta_phi=nan
NaN in beta_*: layer 9, bs_iter=38, k=7907, beta_mu=2.953955322505308e+153, beta_phi=nan
NaN in beta_*: layer 9, bs_iter=38, k=7908, beta_mu=1.5310989923335212e+153, beta_phi=nan
NaN in beta_*: layer 9, bs_iter=38, k=7909, beta_mu=8.281017731561126e+152, beta_phi=nan
NaN in beta_*: layer 9, bs_iter=38, k=7911, beta_mu=2.730880744894557e+152, beta_phi=nan
NaN in beta_*: layer 9, bs_iter=38, k=7912, beta_mu=2.7007657786937973e+152, beta_phi=nan
NaN in beta_*: layer 9, bs_iter=38, k=7913, beta_mu=2.7486349669062636e+152, beta_phi=nan
NaN in beta_*: layer 9, bs_iter=38, k=7914, beta_mu=1.8464372670055463e+153, beta_phi=nan
NaN in beta_*: layer 9, bs_iter=38, k=7915, beta_mu=1.0468426720037794e+153, beta_phi=nan
NaN in beta_*: layer 9, bs_iter=38, k=7916, beta_mu=2.679925229832245e+152, beta_phi=nan
NaN in beta_*: layer 9, bs_iter=38, k=7917, beta_mu=1.6953556186404872e+153, beta_phi=nan
NaN in beta_*: layer 9, bs_iter=38, k=7918, beta_mu=3.410725594689442e+153, beta_phi=nan
NaN in beta_*: layer 9, bs_iter=38, k=7919, beta_mu=9.58067084159691e+152, beta_phi=nan
NaN in beta_*: layer 9, bs_iter=38, k=7920, beta_mu=3.3667255597307435e+153, beta_phi=nan
NaN in beta_*: layer 9, bs_iter=38, k=7921, beta_mu=5.0112604086702675e+153, beta_phi=nan
NaN in beta_*: layer 9, bs_iter=38, k=7922, beta_mu=9.27352427949666e+152, beta_phi=nan
NaN in beta_*: layer 9, bs_iter=38, k=7923, beta_mu=1.1711833717426422e+153, beta_phi=nan
NaN in beta_*: layer 9, bs_iter=38, k=7924, beta_mu=2.460706708557823e+153, beta_phi=nan
NaN in beta_*: layer 9, bs_iter=38, k=7925, beta_mu=2.362993577447336e+153, beta_phi=nan
NaN in beta_*: layer 9, bs_iter=38, k=7926, beta_mu=3.5076136141305176e+152, beta_phi=nan
NaN in beta_*: layer 9, bs_iter=38, k=7927, beta_mu=3.3503357932975802e+153, beta_phi=nan
NaN in beta_*: layer 9, bs_iter=38, k=7929, beta_mu=1.0142811902102791e+153, beta_phi=nan
NaN in beta_*: layer 9, bs_iter=38, k=7930, beta_mu=5.500587992413133e+152, beta_phi=nan
NaN in beta_*: layer 9, bs_iter=38, k=7931, beta_mu=2.4175212789033314e+153, beta_phi=nan
NaN in beta_*: layer 9, bs_iter=38, k=7932, beta_mu=3.5389731230155384e+152, beta_phi=nan
NaN in beta_*: layer 9, bs_iter=38, k=7933, beta_mu=1.0142861069124257e+153, beta_phi=nan
NaN in beta_*: layer 9, bs_iter=38, k=7934, beta_mu=2.920811792405019e+153, beta_phi=nan
NaN in beta_*: layer 9, bs_iter=38, k=7935, beta_mu=8.009487600150029e+152, beta_phi=nan
NaN in beta_*: layer 9, bs_iter=38, k=7937, beta_mu=2.322176997620411e+153, beta_phi=nan
NaN in beta_*: layer 9, bs_iter=38, k=7938, beta_mu=1.0190224646754493e+153, beta_phi=nan
NaN in beta_*: layer 9, bs_iter=38, k=7940, beta_mu=2.3132331039887755e+153, beta_phi=nan
NaN in beta_*: layer 9, bs_iter=38, k=7941, beta_mu=1.286383108643184e+153, beta_phi=nan
NaN in beta_*: layer 9, bs_iter=38, k=7942, beta_mu=2.876473565939333e+153, beta_phi=nan
NaN in beta_*: layer 9, bs_iter=38, k=7945, beta_mu=3.4145982595479927e+152, beta_phi=nan
NaN in beta_*: layer 9, bs_iter=38, k=7946, beta_mu=3.116882752527121e+152, beta_phi=nan
NaN in beta_*: layer 9, bs_iter=38, k=7947, beta_mu=2.88459836098528e+153, beta_phi=nan
NaN in beta_*: layer 9, bs_iter=38, k=7948, beta_mu=3.2218956706252e+152, beta_phi=nan
NaN in beta_*: layer 9, bs_iter=38, k=7949, beta_mu=8.270986278873896e+152, beta_phi=nan
NaN in beta_*: layer 9, bs_iter=38, k=7950, beta_mu=8.088709069338536e+152, beta_phi=nan
NaN in beta_*: layer 9, bs_iter=38, k=7951, beta_mu=9.706512301176768e+151, beta_phi=nan
NaN in beta_*: layer 9, bs_iter=38, k=7952, beta_mu=8.079142533563415e+152, beta_phi=nan
NaN in beta_*: layer 9, bs_iter=38, k=7953, beta_mu=2.435877088264163e+153, beta_phi=nan
NaN in beta_*: layer 9, bs_iter=38, k=7955, beta_mu=1.7989551416827064e+153, beta_phi=nan
NaN in beta_*: layer 9, bs_iter=38, k=7956, beta_mu=9.994871123434427e+152, beta_phi=nan
NaN in beta_*: layer 9, bs_iter=38, k=7957, beta_mu=2.884598913896789e+153, beta_phi=nan
NaN in beta_*: layer 9, bs_iter=38, k=7958, beta_mu=8.269175104044275e+152, beta_phi=nan
NaN in beta_*: layer 9, bs_iter=38, k=7959, beta_mu=5.167986662811538e+152, beta_phi=nan
NaN in beta_*: layer 9, bs_iter=38, k=7960, beta_mu=3.373116497733877e+153, beta_phi=nan
NaN in beta_*: layer 9, bs_iter=38, k=7961, beta_mu=3.459678285176048e+152, beta_phi=nan
NaN in beta_*: layer 9, bs_iter=38, k=7962, beta_mu=3.521491516833566e+152, beta_phi=nan
NaN in beta_*: layer 9, bs_iter=38, k=7963, beta_mu=2.872367859855885e+153, beta_phi=nan
NaN in beta_*: layer 9, bs_iter=38, k=7964, beta_mu=1.8535116174297213e+153, beta_phi=nan
NaN in beta_*: layer 9, bs_iter=38, k=7965, beta_mu=1.5974940756739387e+153, beta_phi=nan
NaN in beta_*: layer 9, bs_iter=38, k=7967, beta_mu=5.170359689222695e+152, beta_phi=nan
NaN in beta_*: layer 9, bs_iter=38, k=7968, beta_mu=4.985175760556182e+152, beta_phi=nan
NaN in beta_*: layer 9, bs_iter=38, k=7969, beta_mu=2.0244945470801214e+153, beta_phi=nan
NaN in beta_*: layer 9, bs_iter=38, k=7970, beta_mu=3.403166920175963e+153, beta_phi=nan
NaN in beta_*: layer 9, bs_iter=38, k=7972, beta_mu=8.64507643357405e+152, beta_phi=nan
NaN in beta_*: layer 9, bs_iter=38, k=7973, beta_mu=9.097200256552989e+151, beta_phi=nan
NaN in beta_*: layer 9, bs_iter=38, k=7974, beta_mu=5.616637088525679e+152, beta_phi=nan
NaN in beta_*: layer 9, bs_iter=38, k=7975, beta_mu=1.1093140721055745e+152, beta_phi=nan
NaN in beta_*: layer 9, bs_iter=38, k=7976, beta_mu=1.9048399633300095e+153, beta_phi=nan
NaN in beta_*: layer 9, bs_iter=38, k=7977, beta_mu=7.49188542308803e+152, beta_phi=nan
NaN in beta_*: layer 9, bs_iter=38, k=7978, beta_mu=7.183625030323179e+152, beta_phi=nan
NaN in beta_*: layer 9, bs_iter=38, k=7980, beta_mu=1.1388626444936316e+153, beta_phi=nan
NaN in beta_*: layer 9, bs_iter=38, k=7981, beta_mu=9.06184983086218e+152, beta_phi=nan
NaN in beta_*: layer 9, bs_iter=38, k=7982, beta_mu=4.590463431527098e+153, beta_phi=nan
NaN in beta_*: layer 9, bs_iter=38, k=7983, beta_mu=4.610208057577165e+153, beta_phi=nan
NaN in beta_*: layer 9, bs_iter=38, k=7984, beta_mu=1.4839910749408725e+153, beta_phi=nan
NaN in beta_*: layer 9, bs_iter=38, k=7985, beta_mu=3.593827943248981e+153, beta_phi=nan
NaN in beta_*: layer 9, bs_iter=38, k=7986, beta_mu=2.3093539667295536e+153, beta_phi=nan
NaN in beta_*: layer 9, bs_iter=38, k=7988, beta_mu=3.395242777342696e+153, beta_phi=nan
NaN in beta_*: layer 9, bs_iter=38, k=7989, beta_mu=1.9911747582105864e+152, beta_phi=nan
NaN in beta_*: layer 9, bs_iter=38, k=7990, beta_mu=4.5587858574320145e+153, beta_phi=nan
NaN in beta_*: layer 9, bs_iter=38, k=7991, beta_mu=1.0725349685002301e+153, beta_phi=nan
NaN in beta_*: layer 9, bs_iter=38, k=7992, beta_mu=1.0980187310280231e+153, beta_phi=nan
NaN in beta_*: layer 9, bs_iter=38, k=7993, beta_mu=3.923410597346268e+153, beta_phi=nan
NaN in beta_*: layer 9, bs_iter=38, k=7994, beta_mu=7.5709019223165e+152, beta_phi=nan
NaN in beta_*: layer 9, bs_iter=38, k=7995, beta_mu=1.352764642478928e+153, beta_phi=nan
NaN in beta_*: layer 9, bs_iter=38, k=7997, beta_mu=7.854261267933411e+152, beta_phi=nan
NaN in beta_*: layer 9, bs_iter=38, k=8000, beta_mu=2.000087849409284e+153, beta_phi=nan
NaN in beta_*: layer 9, bs_iter=38, k=8001, beta_mu=1.0295256302483239e+153, beta_phi=nan
NaN in beta_*: layer 9, bs_iter=38, k=8002, beta_mu=4.9097074881497655e+153, beta_phi=nan
NaN in beta_*: layer 9, bs_iter=38, k=8003, beta_mu=2.865945921326992e+153, beta_phi=nan
NaN in beta_*: layer 9, bs_iter=38, k=8004, beta_mu=3.9334393271837055e+153, beta_phi=nan
NaN in beta_*: layer 9, bs_iter=38, k=8005, beta_mu=1.804438562274701e+153, beta_phi=nan
NaN in beta_*: layer 9, bs_iter=38, k=8006, beta_mu=3.796605529655822e+153, beta_phi=nan
NaN in beta_*: layer 9, bs_iter=38, k=8007, beta_mu=1.8562304380173366e+153, beta_phi=nan
NaN in beta_*: layer 9, bs_iter=38, k=8008, beta_mu=1.1467069127708735e+152, beta_phi=nan
NaN in beta_*: layer 9, bs_iter=38, k=8010, beta_mu=7.995618004869057e+152, beta_phi=nan
NaN in beta_*: layer 9, bs_iter=38, k=8011, beta_mu=7.531829617861968e+152, beta_phi=nan
NaN in beta_*: layer 9, bs_iter=38, k=8012, beta_mu=7.963642136566127e+152, beta_phi=nan
NaN in beta_*: layer 9, bs_iter=38, k=8013, beta_mu=8.153221571921667e+152, beta_phi=nan
NaN in beta_*: layer 9, bs_iter=38, k=8014, beta_mu=4.251342798643331e+152, beta_phi=nan
NaN in beta_*: layer 9, bs_iter=38, k=8015, beta_mu=8.225019687235164e+152, beta_phi=nan
NaN in beta_*: layer 9, bs_iter=38, k=8016, beta_mu=2.6122922684518508e+153, beta_phi=nan
NaN in beta_*: layer 9, bs_iter=38, k=8017, beta_mu=3.324734933051186e+153, beta_phi=nan
NaN in beta_*: layer 9, bs_iter=38, k=8025, beta_mu=1.9911748622144093e+152, beta_phi=nan
NaN in beta_*: layer 9, bs_iter=38, k=8026, beta_mu=4.0594522781629755e+152, beta_phi=nan
NaN in beta_*: layer 9, bs_iter=38, k=8027, beta_mu=4.248509783046881e+152, beta_phi=nan
NaN in beta_*: layer 9, bs_iter=38, k=8028, beta_mu=2.4237628666977907e+153, beta_phi=nan
NaN in beta_*: layer 9, bs_iter=38, k=8029, beta_mu=4.1568337331227464e+152, beta_phi=nan
NaN in beta_*: layer 9, bs_iter=38, k=8031, beta_mu=7.238195238425184e+152, beta_phi=nan
NaN in beta_*: layer 9, bs_iter=38, k=8032, beta_mu=1.800130983114781e+153, beta_phi=nan
NaN in beta_*: layer 9, bs_iter=38, k=8033, beta_mu=4.5203431442399025e+152, beta_phi=nan
NaN in beta_*: layer 9, bs_iter=38, k=8035, beta_mu=4.586374539242583e+152, beta_phi=nan
NaN in beta_*: layer 9, bs_iter=38, k=8036, beta_mu=1.3479612768121609e+152, beta_phi=nan
NaN in beta_*: layer 9, bs_iter=38, k=8037, beta_mu=1.7264639399761424e+153, beta_phi=nan
NaN in beta_*: layer 9, bs_iter=38, k=8040, beta_mu=4.439459442323089e+152, beta_phi=nan
NaN in beta_*: layer 9, bs_iter=38, k=8041, beta_mu=4.439454817482792e+152, beta_phi=nan
NaN in beta_*: layer 9, bs_iter=38, k=8043, beta_mu=1.3034176459216711e+153, beta_phi=nan
NaN in beta_*: layer 9, bs_iter=38, k=8044, beta_mu=5.119322300740379e+152, beta_phi=nan
NaN in beta_*: layer 9, bs_iter=38, k=8045, beta_mu=5.20626379787952e+152, beta_phi=nan
NaN in beta_*: layer 9, bs_iter=38, k=8047, beta_mu=1.734282097217969e+152, beta_phi=nan
NaN in beta_*: layer 9, bs_iter=38, k=8050, beta_mu=1.7978212388016425e+153, beta_phi=nan
NaN in beta_*: layer 9, bs_iter=38, k=8051, beta_mu=2.3323266611382194e+152, beta_phi=nan
NaN in beta_*: layer 9, bs_iter=38, k=8053, beta_mu=4.718188844498287e+152, beta_phi=nan
NaN in beta_*: layer 9, bs_iter=38, k=8055, beta_mu=1.5014903984165669e+153, beta_phi=nan
NaN in beta_*: layer 9, bs_iter=38, k=8056, beta_mu=3.437693524071129e+152, beta_phi=nan
NaN in beta_*: layer 9, bs_iter=38, k=8057, beta_mu=1.65595884563985e+152, beta_phi=nan
NaN in beta_*: layer 9, bs_iter=38, k=8058, beta_mu=4.171912173169009e+152, beta_phi=nan
NaN in beta_*: layer 9, bs_iter=38, k=8059, beta_mu=4.439463038683217e+152, beta_phi=nan
NaN in beta_*: layer 9, bs_iter=38, k=8060, beta_mu=1.5838359955325964e+153, beta_phi=nan
NaN in beta_*: layer 9, bs_iter=38, k=8061, beta_mu=1.6911675679770344e+153, beta_phi=nan
NaN in beta_*: layer 9, bs_iter=38, k=8062, beta_mu=4.1469787631354452e+152, beta_phi=nan
NaN in beta_*: layer 9, bs_iter=38, k=8063, beta_mu=1.5590661240323954e+152, beta_phi=nan
NaN in beta_*: layer 9, bs_iter=38, k=8064, beta_mu=4.563464713426683e+152, beta_phi=nan
NaN in beta_*: layer 9, bs_iter=38, k=8065, beta_mu=1.3918620342545369e+152, beta_phi=nan
NaN in beta_*: layer 9, bs_iter=38, k=8066, beta_mu=2.445037503903606e+153, beta_phi=nan
NaN in beta_*: layer 9, bs_iter=38, k=8067, beta_mu=4.439474155326558e+152, beta_phi=nan
NaN in beta_*: layer 9, bs_iter=38, k=8069, beta_mu=4.293155080533738e+152, beta_phi=nan
NaN in beta_*: layer 9, bs_iter=38, k=8070, beta_mu=4.70949692961354e+152, beta_phi=nan
NaN in beta_*: layer 9, bs_iter=38, k=8071, beta_mu=1.6758814945362512e+152, beta_phi=nan
NaN in beta_*: layer 9, bs_iter=38, k=8072, beta_mu=1.2840662657218624e+152, beta_phi=nan
NaN in beta_*: layer 9, bs_iter=38, k=8074, beta_mu=4.0508196964448816e+152, beta_phi=nan
NaN in beta_*: layer 9, bs_iter=38, k=8075, beta_mu=4.0245174935256323e+152, beta_phi=nan
NaN in beta_*: layer 9, bs_iter=38, k=8076, beta_mu=3.8900519640565407e+152, beta_phi=nan
NaN in beta_*: layer 9, bs_iter=38, k=8077, beta_mu=6.646043984338088e+152, beta_phi=nan
NaN in beta_*: layer 9, bs_iter=38, k=8079, beta_mu=3.255123238637671e+153, beta_phi=nan
NaN in beta_*: layer 9, bs_iter=38, k=8080, beta_mu=2.3250905953581777e+153, beta_phi=nan
NaN in beta_*: layer 9, bs_iter=38, k=8081, beta_mu=3.9862105783142007e+152, beta_phi=nan
NaN in beta_*: layer 9, bs_iter=38, k=8082, beta_mu=1.501485103914328e+153, beta_phi=nan
NaN in beta_*: layer 9, bs_iter=38, k=8083, beta_mu=1.284060642451114e+152, beta_phi=nan
NaN in beta_*: layer 9, bs_iter=38, k=8086, beta_mu=3.9445566822456643e+152, beta_phi=nan
NaN in beta_*: layer 9, bs_iter=38, k=8087, beta_mu=4.400095437881277e+152, beta_phi=nan
NaN in beta_*: layer 9, bs_iter=38, k=8088, beta_mu=4.833067419680007e+152, beta_phi=nan
NaN in beta_*: layer 9, bs_iter=38, k=8090, beta_mu=4.692857566096327e+152, beta_phi=nan
NaN in beta_*: layer 9, bs_iter=38, k=8092, beta_mu=1.0158765926093307e+152, beta_phi=nan
NaN in beta_*: layer 9, bs_iter=38, k=8093, beta_mu=7.668246646101133e+152, beta_phi=nan
NaN in beta_*: layer 9, bs_iter=38, k=8094, beta_mu=1.1017182057813333e+153, beta_phi=nan
NaN in beta_*: layer 9, bs_iter=38, k=8096, beta_mu=4.824229024194743e+152, beta_phi=nan
NaN in beta_*: layer 9, bs_iter=38, k=8097, beta_mu=1.0176382283215401e+153, beta_phi=nan
NaN in beta_*: layer 9, bs_iter=38, k=8098, beta_mu=4.546358036258128e+152, beta_phi=nan
NaN in beta_*: layer 9, bs_iter=38, k=8099, beta_mu=4.495017462818171e+152, beta_phi=nan
NaN in beta_*: layer 9, bs_iter=38, k=8102, beta_mu=1.7865699570015208e+153, beta_phi=nan
NaN in beta_*: layer 9, bs_iter=38, k=8103, beta_mu=4.546365539093946e+152, beta_phi=nan
NaN in beta_*: layer 9, bs_iter=38, k=8104, beta_mu=2.0506152826612588e+153, beta_phi=nan
NaN in beta_*: layer 9, bs_iter=38, k=8106, beta_mu=9.006811779012394e+151, beta_phi=nan
NaN in beta_*: layer 9, bs_iter=38, k=8107, beta_mu=4.886259129985131e+152, beta_phi=nan
NaN in beta_*: layer 9, bs_iter=38, k=8108, beta_mu=4.864247025517704e+152, beta_phi=nan
NaN in beta_*: layer 9, bs_iter=38, k=8109, beta_mu=3.1931178624683017e+153, beta_phi=nan
NaN in beta_*: layer 9, bs_iter=38, k=8110, beta_mu=3.6680797465189225e+152, beta_phi=nan
NaN in beta_*: layer 9, bs_iter=38, k=8113, beta_mu=4.401720241385164e+152, beta_phi=nan
NaN in beta_*: layer 9, bs_iter=38, k=8114, beta_mu=6.195886832037411e+152, beta_phi=nan
NaN in beta_*: layer 9, bs_iter=38, k=8115, beta_mu=2.3253042295544506e+152, beta_phi=nan
NaN in beta_*: layer 9, bs_iter=38, k=8116, beta_mu=4.031538344388928e+152, beta_phi=nan
NaN in beta_*: layer 9, bs_iter=38, k=8118, beta_mu=3.8366499381288564e+152, beta_phi=nan
NaN in beta_*: layer 9, bs_iter=38, k=8119, beta_mu=1.0304120025541828e+152, beta_phi=nan
NaN in beta_*: layer 9, bs_iter=38, k=8120, beta_mu=2.404275267910561e+153, beta_phi=nan
NaN in beta_*: layer 9, bs_iter=38, k=8122, beta_mu=3.7211289582238494e+152, beta_phi=nan
NaN in beta_*: layer 9, bs_iter=38, k=8123, beta_mu=4.0629084618358814e+152, beta_phi=nan
NaN in beta_*: layer 9, bs_iter=38, k=8124, beta_mu=3.9834475811088095e+152, beta_phi=nan
NaN in beta_*: layer 9, bs_iter=38, k=8125, beta_mu=3.9653675610613e+152, beta_phi=nan
NaN in beta_*: layer 9, bs_iter=38, k=8126, beta_mu=2.4934846866214e+153, beta_phi=nan
NaN in beta_*: layer 9, bs_iter=38, k=8127, beta_mu=1.1321735094328426e+153, beta_phi=nan
NaN in beta_*: layer 9, bs_iter=38, k=8128, beta_mu=2.051639910339825e+153, beta_phi=nan
NaN in beta_*: layer 9, bs_iter=38, k=8131, beta_mu=9.361564934807242e+152, beta_phi=nan
NaN in beta_*: layer 9, bs_iter=38, k=8132, beta_mu=1.16125913153389e+152, beta_phi=nan
NaN in beta_*: layer 9, bs_iter=38, k=8133, beta_mu=4.691435782136138e+152, beta_phi=nan
NaN in beta_*: layer 9, bs_iter=38, k=8134, beta_mu=4.056486895663095e+152, beta_phi=nan
NaN in beta_*: layer 9, bs_iter=38, k=8135, beta_mu=5.6750610722736386e+153, beta_phi=nan
NaN in beta_*: layer 9, bs_iter=38, k=8137, beta_mu=4.281419821831444e+152, beta_phi=nan
NaN in beta_*: layer 9, bs_iter=38, k=8138, beta_mu=4.281419913495811e+152, beta_phi=nan
NaN in beta_*: layer 9, bs_iter=38, k=8139, beta_mu=3.9456619848745923e+152, beta_phi=nan
NaN in beta_*: layer 9, bs_iter=38, k=8141, beta_mu=6.053350920407699e+153, beta_phi=nan
NaN in beta_*: layer 9, bs_iter=38, k=8142, beta_mu=6.339027555985395e+152, beta_phi=nan
NaN in beta_*: layer 9, bs_iter=38, k=8143, beta_mu=3.8818996657415465e+152, beta_phi=nan
NaN in beta_*: layer 9, bs_iter=38, k=8144, beta_mu=2.3986624943264815e+153, beta_phi=nan
NaN in beta_*: layer 9, bs_iter=38, k=8145, beta_mu=6.315327474054908e+152, beta_phi=nan
NaN in beta_*: layer 9, bs_iter=38, k=8146, beta_mu=3.943604700101617e+152, beta_phi=nan
NaN in beta_*: layer 9, bs_iter=38, k=8147, beta_mu=6.302369918419665e+152, beta_phi=nan
NaN in beta_*: layer 9, bs_iter=38, k=8148, beta_mu=7.25757075753624e+152, beta_phi=nan
NaN in beta_*: layer 9, bs_iter=38, k=8149, beta_mu=6.346373405620646e+152, beta_phi=nan
NaN in beta_*: layer 9, bs_iter=38, k=8150, beta_mu=3.9127511445444565e+153, beta_phi=nan
NaN in beta_*: layer 9, bs_iter=38, k=8151, beta_mu=2.533722111779405e+152, beta_phi=nan
NaN in beta_*: layer 9, bs_iter=38, k=8152, beta_mu=1.2125085698632711e+152, beta_phi=nan
NaN in beta_*: layer 9, bs_iter=38, k=8153, beta_mu=6.497507632192965e+152, beta_phi=nan
NaN in beta_*: layer 9, bs_iter=38, k=8154, beta_mu=6.523111050372958e+152, beta_phi=nan
NaN in beta_*: layer 9, bs_iter=38, k=8155, beta_mu=2.2886427028469055e+152, beta_phi=nan
NaN in beta_*: layer 9, bs_iter=38, k=8156, beta_mu=4.049506547247794e+152, beta_phi=nan
NaN in beta_*: layer 9, bs_iter=38, k=8158, beta_mu=3.977052697905442e+152, beta_phi=nan
NaN in beta_*: layer 9, bs_iter=38, k=8159, beta_mu=1.0665735875372504e+152, beta_phi=nan
NaN in beta_*: layer 9, bs_iter=38, k=8160, beta_mu=1.6995672306397146e+153, beta_phi=nan
NaN in beta_*: layer 9, bs_iter=38, k=8161, beta_mu=4.0132097679289177e+152, beta_phi=nan
NaN in beta_*: layer 9, bs_iter=38, k=8163, beta_mu=1.931385430943856e+153, beta_phi=nan
NaN in beta_*: layer 9, bs_iter=38, k=8165, beta_mu=6.330066450203239e+152, beta_phi=nan
NaN in beta_*: layer 9, bs_iter=38, k=8166, beta_mu=6.191271005218882e+152, beta_phi=nan
NaN in beta_*: layer 9, bs_iter=38, k=8167, beta_mu=3.8949491804983496e+152, beta_phi=nan
NaN in beta_*: layer 9, bs_iter=38, k=8168, beta_mu=4.711221899005514e+152, beta_phi=nan
NaN in beta_*: layer 9, bs_iter=38, k=8169, beta_mu=1.1436682796495022e+152, beta_phi=nan
NaN in beta_*: layer 9, bs_iter=38, k=8172, beta_mu=1.6021251258794663e+152, beta_phi=nan
NaN in beta_*: layer 9, bs_iter=38, k=8173, beta_mu=3.5633490660131373e+152, beta_phi=nan
NaN in beta_*: layer 9, bs_iter=38, k=8174, beta_mu=3.799213072155399e+152, beta_phi=nan
NaN in beta_*: layer 9, bs_iter=38, k=8175, beta_mu=1.243939790880872e+152, beta_phi=nan
NaN in beta_*: layer 9, bs_iter=38, k=8177, beta_mu=3.905660608424488e+152, beta_phi=nan
NaN in beta_*: layer 9, bs_iter=38, k=8178, beta_mu=5.184789134887584e+152, beta_phi=nan
NaN in beta_*: layer 9, bs_iter=38, k=8179, beta_mu=4.010378327146161e+152, beta_phi=nan
NaN in beta_*: layer 9, bs_iter=38, k=8181, beta_mu=3.1381454519047875e+152, beta_phi=nan
NaN in beta_*: layer 9, bs_iter=38, k=8183, beta_mu=2.4457863348734696e+153, beta_phi=nan
NaN in beta_*: layer 9, bs_iter=38, k=8185, beta_mu=2.039078471993094e+153, beta_phi=nan
NaN in beta_*: layer 9, bs_iter=38, k=8186, beta_mu=1.6990542641683278e+153, beta_phi=nan
NaN in beta_*: layer 9, bs_iter=38, k=8187, beta_mu=1.1919058956334702e+153, beta_phi=nan
NaN in beta_*: layer 9, bs_iter=38, k=8188, beta_mu=1.0994281491657667e+152, beta_phi=nan
NaN in beta_*: layer 9, bs_iter=38, k=8191, beta_mu=2.8089954092779526e+152, beta_phi=nan
NaN in beta_*: layer 9, bs_iter=38, k=8193, beta_mu=1.9879136912431714e+153, beta_phi=nan
NaN in beta_*: layer 9, bs_iter=38, k=8194, beta_mu=1.7059973765387575e+152, beta_phi=nan
NaN in beta_*: layer 9, bs_iter=38, k=8197, beta_mu=1.1270654682580272e+152, beta_phi=nan
NaN in beta_*: layer 9, bs_iter=38, k=8198, beta_mu=3.847165258130052e+152, beta_phi=nan
NaN in beta_*: layer 9, bs_iter=38, k=8199, beta_mu=2.8967807215752253e+153, beta_phi=nan
NaN in beta_*: layer 9, bs_iter=38, k=8200, beta_mu=2.174361278887742e+152, beta_phi=nan
NaN in beta_*: layer 9, bs_iter=38, k=8201, beta_mu=2.1462857433445966e+152, beta_phi=nan
NaN in beta_*: layer 9, bs_iter=38, k=8203, beta_mu=2.0052831680092056e+153, beta_phi=nan
NaN in beta_*: layer 9, bs_iter=38, k=8204, beta_mu=1.5219579284777198e+153, beta_phi=nan
NaN in beta_*: layer 9, bs_iter=38, k=8205, beta_mu=3.4777438775605615e+152, beta_phi=nan
NaN in beta_*: layer 9, bs_iter=38, k=8206, beta_mu=2.800397441109288e+152, beta_phi=nan
NaN in beta_*: layer 9, bs_iter=38, k=8207, beta_mu=1.0490513162704036e+152, beta_phi=nan
NaN in beta_*: layer 9, bs_iter=38, k=8208, beta_mu=3.249998617941201e+152, beta_phi=nan
NaN in beta_*: layer 9, bs_iter=38, k=8209, beta_mu=2.117003543726098e+152, beta_phi=nan
NaN in beta_*: layer 9, bs_iter=38, k=8210, beta_mu=1.9737710451327596e+152, beta_phi=nan
NaN in beta_*: layer 9, bs_iter=38, k=8211, beta_mu=2.692537231854598e+152, beta_phi=nan
NaN in beta_*: layer 9, bs_iter=38, k=8212, beta_mu=2.6501659434992286e+152, beta_phi=nan
NaN in beta_*: layer 9, bs_iter=38, k=8213, beta_mu=3.477745896787062e+152, beta_phi=nan
NaN in beta_*: layer 9, bs_iter=38, k=8214, beta_mu=2.896999130193141e+153, beta_phi=nan
NaN in beta_*: layer 9, bs_iter=38, k=8216, beta_mu=2.2912323585740196e+153, beta_phi=nan
NaN in beta_*: layer 9, bs_iter=38, k=8217, beta_mu=1.1166755692709492e+152, beta_phi=nan
NaN in beta_*: layer 9, bs_iter=38, k=8218, beta_mu=1.9577147391756147e+152, beta_phi=nan
NaN in beta_*: layer 9, bs_iter=38, k=8219, beta_mu=2.008476646956743e+152, beta_phi=nan
NaN in beta_*: layer 9, bs_iter=38, k=8220, beta_mu=2.312269653963068e+153, beta_phi=nan
NaN in beta_*: layer 9, bs_iter=38, k=8221, beta_mu=3.1407371063432865e+152, beta_phi=nan
NaN in beta_*: layer 9, bs_iter=38, k=8223, beta_mu=3.4068351774979015e+152, beta_phi=nan
NaN in beta_*: layer 9, bs_iter=38, k=8224, beta_mu=1.7923395209362669e+152, beta_phi=nan
NaN in beta_*: layer 9, bs_iter=38, k=8225, beta_mu=3.156855988357811e+152, beta_phi=nan
NaN in beta_*: layer 9, bs_iter=38, k=8226, beta_mu=1.11667347434819e+152, beta_phi=nan
NaN in beta_*: layer 9, bs_iter=38, k=8227, beta_mu=1.1305545047118877e+152, beta_phi=nan
NaN in beta_*: layer 9, bs_iter=38, k=8228, beta_mu=3.552045976675391e+152, beta_phi=nan
NaN in beta_*: layer 9, bs_iter=38, k=8229, beta_mu=2.324463299166937e+153, beta_phi=nan
NaN in beta_*: layer 9, bs_iter=38, k=8231, beta_mu=3.2752946229029545e+152, beta_phi=nan
NaN in beta_*: layer 9, bs_iter=38, k=8232, beta_mu=1.165070388508306e+152, beta_phi=nan
NaN in beta_*: layer 9, bs_iter=38, k=8233, beta_mu=1.698001212542652e+153, beta_phi=nan
NaN in beta_*: layer 9, bs_iter=38, k=8234, beta_mu=1.727754969357774e+152, beta_phi=nan
NaN in beta_*: layer 9, bs_iter=38, k=8235, beta_mu=4.1090648471403576e+153, beta_phi=nan
NaN in beta_*: layer 9, bs_iter=38, k=8237, beta_mu=2.0030551276754712e+153, beta_phi=nan
NaN in beta_*: layer 9, bs_iter=38, k=8239, beta_mu=2.406513907389072e+153, beta_phi=nan
NaN in beta_*: layer 9, bs_iter=38, k=8241, beta_mu=7.437275639009996e+152, beta_phi=nan
NaN in beta_*: layer 9, bs_iter=38, k=8243, beta_mu=3.240867216404481e+152, beta_phi=nan
NaN in beta_*: layer 9, bs_iter=38, k=8244, beta_mu=1.9033472731339105e+153, beta_phi=nan
NaN in beta_*: layer 9, bs_iter=38, k=8246, beta_mu=1.1590173542548464e+152, beta_phi=nan
NaN in beta_*: layer 9, bs_iter=38, k=8247, beta_mu=2.1595488381240493e+153, beta_phi=nan
NaN in beta_*: layer 9, bs_iter=38, k=8248, beta_mu=1.9326135574922674e+153, beta_phi=nan
NaN in beta_*: layer 9, bs_iter=38, k=8249, beta_mu=3.271441105497892e+152, beta_phi=nan
NaN in beta_*: layer 9, bs_iter=38, k=8250, beta_mu=2.752016103977658e+152, beta_phi=nan
NaN in beta_*: layer 9, bs_iter=38, k=8251, beta_mu=1.559565252487893e+153, beta_phi=nan
NaN in beta_*: layer 9, bs_iter=38, k=8252, beta_mu=6.461016004570099e+152, beta_phi=nan
NaN in beta_*: layer 9, bs_iter=38, k=8253, beta_mu=1.1402116941799784e+152, beta_phi=nan
NaN in beta_*: layer 9, bs_iter=38, k=8254, beta_mu=6.625643643731205e+152, beta_phi=nan
NaN in beta_*: layer 9, bs_iter=38, k=8255, beta_mu=2.0753616675864333e+152, beta_phi=nan
NaN in beta_*: layer 9, bs_iter=38, k=8256, beta_mu=2.075358012004352e+152, beta_phi=nan
NaN in beta_*: layer 9, bs_iter=38, k=8257, beta_mu=2.0753563358590265e+152, beta_phi=nan
NaN in beta_*: layer 9, bs_iter=38, k=8258, beta_mu=1.6702120489145096e+153, beta_phi=nan
NaN in beta_*: layer 9, bs_iter=38, k=8260, beta_mu=3.0309325918132916e+152, beta_phi=nan
NaN in beta_*: layer 9, bs_iter=38, k=8261, beta_mu=2.7046460948414057e+152, beta_phi=nan
NaN in beta_*: layer 9, bs_iter=38, k=8262, beta_mu=2.6939106474537277e+152, beta_phi=nan
NaN in beta_*: layer 9, bs_iter=38, k=8264, beta_mu=2.0753551845185596e+152, beta_phi=nan
NaN in beta_*: layer 9, bs_iter=38, k=8265, beta_mu=1.788476197721889e+153, beta_phi=nan
NaN in beta_*: layer 9, bs_iter=38, k=8266, beta_mu=2.0753582028211147e+152, beta_phi=nan
NaN in beta_*: layer 9, bs_iter=38, k=8267, beta_mu=3.01602385129872e+152, beta_phi=nan
NaN in beta_*: layer 9, bs_iter=38, k=8268, beta_mu=2.3886317642829934e+152, beta_phi=nan
NaN in beta_*: layer 9, bs_iter=38, k=8270, beta_mu=6.198844219339247e+152, beta_phi=nan
NaN in beta_*: layer 9, bs_iter=38, k=8271, beta_mu=1.2191712620492283e+152, beta_phi=nan
NaN in beta_*: layer 9, bs_iter=38, k=8272, beta_mu=2.5102261856036922e+152, beta_phi=nan
NaN in beta_*: layer 9, bs_iter=38, k=8273, beta_mu=1.6125193295427823e+152, beta_phi=nan
NaN in beta_*: layer 9, bs_iter=38, k=8274, beta_mu=2.860724980750749e+152, beta_phi=nan
NaN in beta_*: layer 9, bs_iter=38, k=8275, beta_mu=3.061247886322608e+152, beta_phi=nan
NaN in beta_*: layer 9, bs_iter=38, k=8276, beta_mu=1.5955402354454147e+152, beta_phi=nan
NaN in beta_*: layer 9, bs_iter=38, k=8277, beta_mu=1.3240857193049409e+153, beta_phi=nan
NaN in beta_*: layer 9, bs_iter=38, k=8278, beta_mu=4.1673528304382443e+152, beta_phi=nan
NaN in beta_*: layer 9, bs_iter=38, k=8279, beta_mu=6.961403587277646e+152, beta_phi=nan
NaN in beta_*: layer 9, bs_iter=38, k=8280, beta_mu=3.0326037324462977e+152, beta_phi=nan
NaN in beta_*: layer 9, bs_iter=38, k=8281, beta_mu=2.692528946848376e+152, beta_phi=nan
NaN in beta_*: layer 9, bs_iter=38, k=8282, beta_mu=2.808990923060961e+152, beta_phi=nan
NaN in beta_*: layer 9, bs_iter=38, k=8283, beta_mu=1.4591158964122609e+153, beta_phi=nan
NaN in beta_*: layer 9, bs_iter=38, k=8285, beta_mu=2.200463725769004e+152, beta_phi=nan
NaN in beta_*: layer 9, bs_iter=38, k=8287, beta_mu=1.5276650731519107e+152, beta_phi=nan
NaN in beta_*: layer 9, bs_iter=38, k=8288, beta_mu=2.382169516783888e+152, beta_phi=nan
NaN in beta_*: layer 9, bs_iter=38, k=8289, beta_mu=3.165145825473841e+152, beta_phi=nan
NaN in beta_*: layer 9, bs_iter=38, k=8290, beta_mu=1.727675879354187e+152, beta_phi=nan
NaN in beta_*: layer 9, bs_iter=38, k=8291, beta_mu=2.376392482091608e+152, beta_phi=nan
NaN in beta_*: layer 9, bs_iter=38, k=8292, beta_mu=5.46361586434291e+152, beta_phi=nan
NaN in beta_*: layer 9, bs_iter=38, k=8293, beta_mu=1.171313319754518e+152, beta_phi=nan
NaN in beta_*: layer 9, bs_iter=38, k=8296, beta_mu=3.092885113315372e+152, beta_phi=nan
NaN in beta_*: layer 9, bs_iter=38, k=8299, beta_mu=2.3155472248987423e+152, beta_phi=nan
NaN in beta_*: layer 9, bs_iter=38, k=8300, beta_mu=7.243796254188641e+152, beta_phi=nan
NaN in beta_*: layer 9, bs_iter=38, k=8301, beta_mu=2.4614859871087183e+152, beta_phi=nan
NaN in beta_*: layer 9, bs_iter=38, k=8302, beta_mu=3.0352943201474094e+152, beta_phi=nan
NaN in beta_*: layer 9, bs_iter=38, k=8303, beta_mu=2.5233064545737283e+152, beta_phi=nan
NaN in beta_*: layer 9, bs_iter=38, k=8304, beta_mu=2.3821780166144983e+152, beta_phi=nan
NaN in beta_*: layer 9, bs_iter=38, k=8305, beta_mu=1.6279755172870907e+152, beta_phi=nan
NaN in beta_*: layer 9, bs_iter=38, k=8306, beta_mu=2.28848415022642e+152, beta_phi=nan
NaN in beta_*: layer 9, bs_iter=38, k=8307, beta_mu=1.2311477476409627e+153, beta_phi=nan
NaN in beta_*: layer 9, bs_iter=38, k=8308, beta_mu=2.6803519334663798e+152, beta_phi=nan
NaN in beta_*: layer 9, bs_iter=38, k=8309, beta_mu=1.7087337932135685e+152, beta_phi=nan
NaN in beta_*: layer 9, bs_iter=38, k=8310, beta_mu=3.2373722027028214e+152, beta_phi=nan
NaN in beta_*: layer 9, bs_iter=38, k=8311, beta_mu=1.7210500120903955e+152, beta_phi=nan
NaN in beta_*: layer 9, bs_iter=38, k=8312, beta_mu=1.6655276888166819e+152, beta_phi=nan
NaN in beta_*: layer 9, bs_iter=38, k=8313, beta_mu=2.448889670764556e+152, beta_phi=nan
NaN in beta_*: layer 9, bs_iter=38, k=8314, beta_mu=2.3821652123424537e+152, beta_phi=nan
NaN in beta_*: layer 9, bs_iter=38, k=8315, beta_mu=1.6876918216979843e+152, beta_phi=nan
NaN in beta_*: layer 9, bs_iter=38, k=8316, beta_mu=2.702884838035009e+152, beta_phi=nan
NaN in beta_*: layer 9, bs_iter=38, k=8317, beta_mu=1.6521572517818778e+152, beta_phi=nan
NaN in beta_*: layer 9, bs_iter=38, k=8318, beta_mu=2.3886326371340767e+152, beta_phi=nan
NaN in beta_*: layer 9, bs_iter=38, k=8321, beta_mu=7.256366007289572e+152, beta_phi=nan
NaN in beta_*: layer 9, bs_iter=38, k=8322, beta_mu=7.821534689605272e+152, beta_phi=nan
NaN in beta_*: layer 9, bs_iter=38, k=8323, beta_mu=4.525865754073319e+152, beta_phi=nan
NaN in beta_*: layer 9, bs_iter=38, k=8324, beta_mu=1.0575517465696745e+152, beta_phi=nan
NaN in beta_*: layer 9, bs_iter=38, k=8325, beta_mu=3.082133839026959e+152, beta_phi=nan
NaN in beta_*: layer 9, bs_iter=38, k=8326, beta_mu=1.501269986607189e+152, beta_phi=nan
NaN in beta_*: layer 9, bs_iter=38, k=8327, beta_mu=7.821556898415499e+152, beta_phi=nan
NaN in beta_*: layer 9, bs_iter=38, k=8328, beta_mu=7.939559502336854e+152, beta_phi=nan
NaN in beta_*: layer 9, bs_iter=38, k=8329, beta_mu=3.1017068800525296e+152, beta_phi=nan
NaN in beta_*: layer 9, bs_iter=38, k=8330, beta_mu=1.0388926472339249e+152, beta_phi=nan
NaN in beta_*: layer 9, bs_iter=38, k=8334, beta_mu=3.977160969749383e+153, beta_phi=nan
NaN in beta_*: layer 9, bs_iter=38, k=8336, beta_mu=2.588668650405522e+152, beta_phi=nan
NaN in beta_*: layer 9, bs_iter=38, k=8337, beta_mu=3.1557396124644026e+152, beta_phi=nan
NaN in beta_*: layer 9, bs_iter=38, k=8338, beta_mu=8.2688378758860745e+152, beta_phi=nan
NaN in beta_*: layer 9, bs_iter=38, k=8339, beta_mu=9.544260528351196e+152, beta_phi=nan
NaN in beta_*: layer 9, bs_iter=38, k=8340, beta_mu=2.7998032187293643e+152, beta_phi=nan
NaN in beta_*: layer 9, bs_iter=38, k=8341, beta_mu=2.0916895669976035e+153, beta_phi=nan
NaN in beta_*: layer 9, bs_iter=38, k=8343, beta_mu=1.6335717500998904e+153, beta_phi=nan
NaN in beta_*: layer 9, bs_iter=38, k=8345, beta_mu=2.8067630798278933e+152, beta_phi=nan
NaN in beta_*: layer 9, bs_iter=38, k=8346, beta_mu=2.806757346425969e+152, beta_phi=nan
NaN in beta_*: layer 9, bs_iter=38, k=8347, beta_mu=2.8027214211732455e+152, beta_phi=nan
NaN in beta_*: layer 9, bs_iter=38, k=8348, beta_mu=6.674098709193598e+152, beta_phi=nan
NaN in beta_*: layer 9, bs_iter=38, k=8352, beta_mu=7.0837177827787245e+152, beta_phi=nan
NaN in beta_*: layer 9, bs_iter=38, k=8357, beta_mu=1.053925685196426e+153, beta_phi=nan
NaN in beta_*: layer 9, bs_iter=38, k=8361, beta_mu=6.825472351582686e+152, beta_phi=nan
NaN in beta_*: layer 9, bs_iter=38, k=8362, beta_mu=1.3934489707122405e+152, beta_phi=nan
NaN in beta_*: layer 9, bs_iter=38, k=8363, beta_mu=7.432903510215125e+152, beta_phi=nan
NaN in beta_*: layer 9, bs_iter=38, k=8364, beta_mu=1.097130777619163e+153, beta_phi=nan
NaN in beta_*: layer 9, bs_iter=38, k=8365, beta_mu=8.0595187315412075e+152, beta_phi=nan
NaN in beta_*: layer 9, bs_iter=38, k=8366, beta_mu=2.4075984412844015e+153, beta_phi=nan
NaN in beta_*: layer 9, bs_iter=38, k=8367, beta_mu=3.6219322367956344e+152, beta_phi=nan
NaN in beta_*: layer 9, bs_iter=38, k=8369, beta_mu=8.05949826506029e+152, beta_phi=nan
NaN in beta_*: layer 9, bs_iter=38, k=8371, beta_mu=3.255749378221806e+153, beta_phi=nan
NaN in beta_*: layer 9, bs_iter=38, k=8372, beta_mu=8.059512676834586e+152, beta_phi=nan
NaN in beta_*: layer 9, bs_iter=38, k=8373, beta_mu=8.359451008488163e+152, beta_phi=nan
NaN in beta_*: layer 9, bs_iter=38, k=8374, beta_mu=1.2138025845805443e+152, beta_phi=nan
NaN in beta_*: layer 9, bs_iter=38, k=8376, beta_mu=1.2045546060671705e+152, beta_phi=nan
NaN in beta_*: layer 9, bs_iter=38, k=8378, beta_mu=1.3051799089054983e+153, beta_phi=nan
NaN in beta_*: layer 9, bs_iter=38, k=8379, beta_mu=2.7644115912048967e+152, beta_phi=nan
NaN in beta_*: layer 9, bs_iter=38, k=8380, beta_mu=1.566161591973175e+152, beta_phi=nan
NaN in beta_*: layer 9, bs_iter=38, k=8381, beta_mu=8.93297591266419e+152, beta_phi=nan
NaN in beta_*: layer 9, bs_iter=38, k=8382, beta_mu=5.820741963862947e+152, beta_phi=nan
NaN in beta_*: layer 9, bs_iter=38, k=8384, beta_mu=3.9260211851358984e+152, beta_phi=nan
NaN in beta_*: layer 9, bs_iter=38, k=8386, beta_mu=8.984331445300834e+152, beta_phi=nan
NaN in beta_*: layer 9, bs_iter=38, k=8387, beta_mu=1.865567164584649e+152, beta_phi=nan
NaN in beta_*: layer 9, bs_iter=38, k=8388, beta_mu=1.463109410743166e+152, beta_phi=nan
NaN in beta_*: layer 9, bs_iter=38, k=8389, beta_mu=7.072845951984889e+152, beta_phi=nan
NaN in beta_*: layer 9, bs_iter=38, k=8390, beta_mu=3.457789234722699e+153, beta_phi=nan
NaN in beta_*: layer 9, bs_iter=38, k=8391, beta_mu=5.514386612071212e+153, beta_phi=nan
NaN in beta_*: layer 9, bs_iter=38, k=8392, beta_mu=2.738859320855768e+153, beta_phi=nan
NaN in beta_*: layer 9, bs_iter=38, k=8393, beta_mu=7.177780676168536e+152, beta_phi=nan
NaN in beta_*: layer 9, bs_iter=38, k=8394, beta_mu=2.558618239333856e+153, beta_phi=nan
NaN in beta_*: layer 9, bs_iter=38, k=8395, beta_mu=1.674465117633436e+152, beta_phi=nan
NaN in beta_*: layer 9, bs_iter=38, k=8396, beta_mu=1.6857122772330722e+152, beta_phi=nan
NaN in beta_*: layer 9, bs_iter=38, k=8397, beta_mu=5.563716466018419e+152, beta_phi=nan
NaN in beta_*: layer 9, bs_iter=38, k=8399, beta_mu=2.469557212202338e+152, beta_phi=nan
NaN in beta_*: layer 9, bs_iter=38, k=8400, beta_mu=2.542594465146863e+152, beta_phi=nan
NaN in beta_*: layer 9, bs_iter=38, k=8401, beta_mu=2.6874758350593857e+153, beta_phi=nan
NaN in beta_*: layer 9, bs_iter=38, k=8402, beta_mu=1.0465963099315877e+153, beta_phi=nan
NaN in beta_*: layer 9, bs_iter=38, k=8403, beta_mu=6.302575373703672e+152, beta_phi=nan
NaN in beta_*: layer 9, bs_iter=38, k=8404, beta_mu=1.4009486835663758e+152, beta_phi=nan
NaN in beta_*: layer 9, bs_iter=38, k=8405, beta_mu=3.404491173613297e+153, beta_phi=nan
NaN in beta_*: layer 9, bs_iter=38, k=8406, beta_mu=1.101063885891953e+153, beta_phi=nan
NaN in beta_*: layer 9, bs_iter=38, k=8409, beta_mu=1.5830600067052357e+152, beta_phi=nan
NaN in beta_*: layer 9, bs_iter=38, k=8410, beta_mu=7.967344223005543e+152, beta_phi=nan
NaN in beta_*: layer 9, bs_iter=38, k=8412, beta_mu=3.034172912425376e+152, beta_phi=nan
NaN in beta_*: layer 9, bs_iter=38, k=8413, beta_mu=5.957368883627348e+153, beta_phi=nan
NaN in beta_*: layer 9, bs_iter=38, k=8415, beta_mu=4.115729756152773e+152, beta_phi=nan
NaN in beta_*: layer 9, bs_iter=38, k=8416, beta_mu=5.5613216506980715e+152, beta_phi=nan
NaN in beta_*: layer 9, bs_iter=38, k=8417, beta_mu=1.8253053313474165e+152, beta_phi=nan
NaN in beta_*: layer 9, bs_iter=38, k=8418, beta_mu=2.629791795631093e+152, beta_phi=nan
NaN in beta_*: layer 9, bs_iter=38, k=8419, beta_mu=1.1372776806572825e+153, beta_phi=nan
NaN in beta_*: layer 9, bs_iter=38, k=8420, beta_mu=1.464375516599527e+152, beta_phi=nan
NaN in beta_*: layer 9, bs_iter=38, k=8421, beta_mu=1.4167139336278208e+153, beta_phi=nan
NaN in beta_*: layer 9, bs_iter=38, k=8422, beta_mu=7.072872553655471e+152, beta_phi=nan
NaN in beta_*: layer 9, bs_iter=38, k=8423, beta_mu=7.090154405642328e+152, beta_phi=nan
NaN in beta_*: layer 9, bs_iter=38, k=8424, beta_mu=2.5048762637191264e+152, beta_phi=nan
NaN in beta_*: layer 9, bs_iter=38, k=8425, beta_mu=2.6830555092478292e+153, beta_phi=nan
NaN in beta_*: layer 9, bs_iter=38, k=8426, beta_mu=2.2748483176921447e+153, beta_phi=nan
NaN in beta_*: layer 9, bs_iter=38, k=8427, beta_mu=2.614165906969905e+153, beta_phi=nan
NaN in beta_*: layer 9, bs_iter=38, k=8428, beta_mu=9.570578469501938e+152, beta_phi=nan
NaN in beta_*: layer 9, bs_iter=38, k=8429, beta_mu=7.731293652153645e+152, beta_phi=nan
NaN in beta_*: layer 9, bs_iter=38, k=8430, beta_mu=3.7054953075478834e+152, beta_phi=nan
NaN in beta_*: layer 9, bs_iter=38, k=8432, beta_mu=3.8139857199257134e+152, beta_phi=nan
NaN in beta_*: layer 9, bs_iter=38, k=8433, beta_mu=1.802967125071852e+153, beta_phi=nan
NaN in beta_*: layer 9, bs_iter=38, k=8434, beta_mu=1.5573508477885165e+153, beta_phi=nan
NaN in beta_*: layer 9, bs_iter=38, k=8435, beta_mu=1.4865051826304447e+153, beta_phi=nan
NaN in beta_*: layer 9, bs_iter=38, k=8436, beta_mu=1.5259576035476936e+152, beta_phi=nan
NaN in beta_*: layer 9, bs_iter=38, k=8437, beta_mu=1.1643473699726231e+153, beta_phi=nan
NaN in beta_*: layer 9, bs_iter=38, k=8438, beta_mu=1.1416370494879959e+153, beta_phi=nan
NaN in beta_*: layer 9, bs_iter=38, k=8439, beta_mu=1.5471124583230024e+153, beta_phi=nan
NaN in beta_*: layer 9, bs_iter=38, k=8440, beta_mu=1.150037492297831e+153, beta_phi=nan
NaN in beta_*: layer 9, bs_iter=38, k=8442, beta_mu=7.213581754122279e+152, beta_phi=nan
NaN in beta_*: layer 9, bs_iter=38, k=8443, beta_mu=2.084753717071315e+153, beta_phi=nan
NaN in beta_*: layer 9, bs_iter=38, k=8445, beta_mu=7.025080820649642e+152, beta_phi=nan
NaN in beta_*: layer 9, bs_iter=38, k=8446, beta_mu=2.0793418655206093e+153, beta_phi=nan
NaN in beta_*: layer 9, bs_iter=38, k=8447, beta_mu=7.025062599782422e+152, beta_phi=nan
NaN in beta_*: layer 9, bs_iter=38, k=8452, beta_mu=9.364736764358127e+152, beta_phi=nan
NaN in beta_*: layer 9, bs_iter=38, k=8457, beta_mu=1.5845367325797195e+153, beta_phi=nan
NaN in beta_*: layer 9, bs_iter=38, k=8458, beta_mu=5.295527024633207e+152, beta_phi=nan
NaN in beta_*: layer 9, bs_iter=38, k=8461, beta_mu=2.4983437653686923e+152, beta_phi=nan
NaN in beta_*: layer 9, bs_iter=38, k=8462, beta_mu=2.372358433065715e+152, beta_phi=nan
NaN in beta_*: layer 9, bs_iter=38, k=8463, beta_mu=5.151300121628647e+152, beta_phi=nan
NaN in beta_*: layer 9, bs_iter=38, k=8464, beta_mu=3.885763447799709e+152, beta_phi=nan
NaN in beta_*: layer 9, bs_iter=38, k=8465, beta_mu=1.3177130576112469e+153, beta_phi=nan
NaN in beta_*: layer 9, bs_iter=38, k=8467, beta_mu=6.5373043782779045e+152, beta_phi=nan
NaN in beta_*: layer 9, bs_iter=38, k=8468, beta_mu=6.537281919327409e+152, beta_phi=nan
NaN in beta_*: layer 9, bs_iter=38, k=8469, beta_mu=6.53729778974459e+152, beta_phi=nan
NaN in beta_*: layer 9, bs_iter=38, k=8471, beta_mu=6.426925059099793e+153, beta_phi=nan
NaN in beta_*: layer 9, bs_iter=38, k=8473, beta_mu=1.6232843527160042e+152, beta_phi=nan
NaN in beta_*: layer 9, bs_iter=38, k=8476, beta_mu=9.786942532723533e+152, beta_phi=nan
NaN in beta_*: layer 9, bs_iter=38, k=8477, beta_mu=6.127705664640353e+152, beta_phi=nan
NaN in beta_*: layer 9, bs_iter=38, k=8478, beta_mu=6.784038964183856e+152, beta_phi=nan
NaN in beta_*: layer 9, bs_iter=38, k=8479, beta_mu=1.593364771828585e+153, beta_phi=nan
NaN in beta_*: layer 9, bs_iter=38, k=8481, beta_mu=2.7809375615114703e+153, beta_phi=nan
NaN in beta_*: layer 9, bs_iter=38, k=8482, beta_mu=6.322645571748579e+153, beta_phi=nan
NaN in beta_*: layer 9, bs_iter=38, k=8483, beta_mu=6.977692146326588e+152, beta_phi=nan
NaN in beta_*: layer 9, bs_iter=38, k=8484, beta_mu=6.62475021058721e+152, beta_phi=nan
NaN in beta_*: layer 9, bs_iter=38, k=8485, beta_mu=7.72722803361559e+152, beta_phi=nan
NaN in beta_*: layer 9, bs_iter=38, k=8486, beta_mu=6.343193030689547e+152, beta_phi=nan
NaN in beta_*: layer 9, bs_iter=38, k=8487, beta_mu=1.635199626633487e+153, beta_phi=nan
NaN in beta_*: layer 9, bs_iter=38, k=8490, beta_mu=1.4317135444373688e+153, beta_phi=nan
NaN in beta_*: layer 9, bs_iter=38, k=8493, beta_mu=7.064176336653525e+152, beta_phi=nan
NaN in beta_*: layer 9, bs_iter=38, k=8494, beta_mu=1.4317060250385951e+153, beta_phi=nan
NaN in beta_*: layer 9, bs_iter=38, k=8502, beta_mu=5.193951807148734e+152, beta_phi=nan
NaN in beta_*: layer 9, bs_iter=38, k=8503, beta_mu=3.510108408079083e+152, beta_phi=nan
NaN in beta_*: layer 9, bs_iter=38, k=8504, beta_mu=5.45972695406157e+152, beta_phi=nan
NaN in beta_*: layer 9, bs_iter=38, k=8505, beta_mu=1.4743330134700733e+152, beta_phi=nan
NaN in beta_*: layer 9, bs_iter=38, k=8510, beta_mu=4.453433452245688e+152, beta_phi=nan
NaN in beta_*: layer 9, bs_iter=38, k=8511, beta_mu=4.067824458964186e+152, beta_phi=nan
NaN in beta_*: layer 9, bs_iter=38, k=8512, beta_mu=6.179341925822127e+152, beta_phi=nan
NaN in beta_*: layer 9, bs_iter=38, k=8513, beta_mu=1.8174574610900959e+152, beta_phi=nan
NaN in beta_*: layer 9, bs_iter=38, k=8515, beta_mu=4.600493864020389e+152, beta_phi=nan
NaN in beta_*: layer 9, bs_iter=38, k=8516, beta_mu=1.0981854998685108e+152, beta_phi=nan
NaN in beta_*: layer 9, bs_iter=38, k=8518, beta_mu=1.8141874754313448e+152, beta_phi=nan
NaN in beta_*: layer 9, bs_iter=38, k=8519, beta_mu=4.8858199257699605e+153, beta_phi=nan
NaN in beta_*: layer 9, bs_iter=38, k=8520, beta_mu=6.783243794157489e+152, beta_phi=nan
NaN in beta_*: layer 9, bs_iter=38, k=8521, beta_mu=4.914375983745015e+152, beta_phi=nan
NaN in beta_*: layer 9, bs_iter=38, k=8522, beta_mu=8.26443337794407e+152, beta_phi=nan
NaN in beta_*: layer 9, bs_iter=38, k=8523, beta_mu=1.2625152065698648e+153, beta_phi=nan
NaN in beta_*: layer 9, bs_iter=38, k=8524, beta_mu=1.306004569641174e+153, beta_phi=nan
NaN in beta_*: layer 9, bs_iter=38, k=8526, beta_mu=2.2341945608800704e+152, beta_phi=nan
NaN in beta_*: layer 9, bs_iter=38, k=8527, beta_mu=4.7963781986832245e+153, beta_phi=nan
NaN in beta_*: layer 9, bs_iter=38, k=8528, beta_mu=1.0973908302596324e+153, beta_phi=nan
NaN in beta_*: layer 9, bs_iter=38, k=8529, beta_mu=9.13410411724763e+152, beta_phi=nan
NaN in beta_*: layer 9, bs_iter=38, k=8530, beta_mu=1.2553268658167145e+152, beta_phi=nan
NaN in beta_*: layer 9, bs_iter=38, k=8531, beta_mu=2.732353043461055e+153, beta_phi=nan
NaN in beta_*: layer 9, bs_iter=38, k=8532, beta_mu=2.781684325725495e+153, beta_phi=nan
NaN in beta_*: layer 9, bs_iter=38, k=8533, beta_mu=1.4228362071380004e+153, beta_phi=nan
NaN in beta_*: layer 9, bs_iter=38, k=8534, beta_mu=9.543018581245728e+152, beta_phi=nan
NaN in beta_*: layer 9, bs_iter=38, k=8535, beta_mu=8.729215410291022e+152, beta_phi=nan
NaN in beta_*: layer 9, bs_iter=38, k=8536, beta_mu=2.677601626107271e+153, beta_phi=nan
NaN in beta_*: layer 9, bs_iter=38, k=8537, beta_mu=2.2333134945416872e+153, beta_phi=nan
NaN in beta_*: layer 9, bs_iter=38, k=8538, beta_mu=2.6388743030340536e+153, beta_phi=nan
NaN in beta_*: layer 9, bs_iter=38, k=8540, beta_mu=6.037624456540418e+152, beta_phi=nan
NaN in beta_*: layer 9, bs_iter=38, k=8542, beta_mu=1.0277463396109132e+153, beta_phi=nan
NaN in beta_*: layer 9, bs_iter=38, k=8544, beta_mu=4.703136043497998e+152, beta_phi=nan
NaN in beta_*: layer 9, bs_iter=38, k=8547, beta_mu=2.7439978434594663e+153, beta_phi=nan
NaN in beta_*: layer 9, bs_iter=38, k=8548, beta_mu=6.456219679708498e+152, beta_phi=nan
NaN in beta_*: layer 9, bs_iter=38, k=8549, beta_mu=2.6994250898524127e+153, beta_phi=nan
NaN in beta_*: layer 9, bs_iter=38, k=8550, beta_mu=9.569952699539419e+152, beta_phi=nan
NaN in beta_*: layer 9, bs_iter=38, k=8551, beta_mu=2.7001046230908425e+153, beta_phi=nan
NaN in beta_*: layer 9, bs_iter=38, k=8552, beta_mu=2.672911218253603e+153, beta_phi=nan
NaN in beta_*: layer 9, bs_iter=38, k=8553, beta_mu=9.606013526853642e+151, beta_phi=nan
NaN in beta_*: layer 9, bs_iter=38, k=8555, beta_mu=1.8191326841124763e+153, beta_phi=nan
NaN in beta_*: layer 9, bs_iter=38, k=8556, beta_mu=1.8868987240901574e+153, beta_phi=nan
NaN in beta_*: layer 9, bs_iter=38, k=8557, beta_mu=1.3261807787540006e+153, beta_phi=nan
NaN in beta_*: layer 9, bs_iter=38, k=8558, beta_mu=8.55963650261022e+152, beta_phi=nan
NaN in beta_*: layer 9, bs_iter=38, k=8559, beta_mu=1.712734118809912e+152, beta_phi=nan
NaN in beta_*: layer 9, bs_iter=38, k=8560, beta_mu=8.706065071166322e+152, beta_phi=nan
NaN in beta_*: layer 9, bs_iter=38, k=8563, beta_mu=1.0211998437107431e+152, beta_phi=nan
NaN in beta_*: layer 9, bs_iter=38, k=8564, beta_mu=1.339129714562085e+152, beta_phi=nan
NaN in beta_*: layer 9, bs_iter=38, k=8565, beta_mu=2.3639353423936367e+153, beta_phi=nan
NaN in beta_*: layer 9, bs_iter=38, k=8566, beta_mu=1.3811037291838213e+153, beta_phi=nan
NaN in beta_*: layer 9, bs_iter=38, k=8567, beta_mu=1.9624807185060806e+153, beta_phi=nan
NaN in beta_*: layer 9, bs_iter=38, k=8568, beta_mu=3.1127140258957326e+152, beta_phi=nan
NaN in beta_*: layer 9, bs_iter=38, k=8569, beta_mu=1.962189782788961e+153, beta_phi=nan
NaN in beta_*: layer 9, bs_iter=38, k=8570, beta_mu=1.954295591616113e+153, beta_phi=nan
NaN in beta_*: layer 9, bs_iter=38, k=8571, beta_mu=1.8108458746278355e+152, beta_phi=nan
NaN in beta_*: layer 9, bs_iter=38, k=8573, beta_mu=1.0849370454892862e+153, beta_phi=nan
NaN in beta_*: layer 9, bs_iter=38, k=8574, beta_mu=1.1090792769560514e+153, beta_phi=nan
NaN in beta_*: layer 9, bs_iter=38, k=8576, beta_mu=3.1547151602377335e+152, beta_phi=nan
NaN in beta_*: layer 9, bs_iter=38, k=8577, beta_mu=1.1867059911223136e+153, beta_phi=nan
NaN in beta_*: layer 9, bs_iter=38, k=8578, beta_mu=1.024112650764874e+153, beta_phi=nan
NaN in beta_*: layer 9, bs_iter=38, k=8579, beta_mu=1.0581364171946512e+153, beta_phi=nan
NaN in beta_*: layer 9, bs_iter=38, k=8580, beta_mu=9.570050563568239e+152, beta_phi=nan
NaN in beta_*: layer 9, bs_iter=38, k=8582, beta_mu=5.206662542558589e+152, beta_phi=nan
NaN in beta_*: layer 9, bs_iter=38, k=8583, beta_mu=2.435664305096932e+152, beta_phi=nan
NaN in beta_*: layer 9, bs_iter=38, k=8584, beta_mu=1.3722868271643522e+152, beta_phi=nan
NaN in beta_*: layer 9, bs_iter=38, k=8585, beta_mu=1.313761528187741e+152, beta_phi=nan
NaN in beta_*: layer 9, bs_iter=38, k=8586, beta_mu=1.3031706082283076e+152, beta_phi=nan
NaN in beta_*: layer 9, bs_iter=38, k=8587, beta_mu=4.174212516557583e+152, beta_phi=nan
NaN in beta_*: layer 9, bs_iter=38, k=8588, beta_mu=3.44096755546505e+153, beta_phi=nan
NaN in beta_*: layer 9, bs_iter=38, k=8589, beta_mu=5.71031539143783e+153, beta_phi=nan
NaN in beta_*: layer 9, bs_iter=38, k=8590, beta_mu=6.727286542328502e+152, beta_phi=nan
NaN in beta_*: layer 9, bs_iter=38, k=8591, beta_mu=3.2147964055051243e+153, beta_phi=nan
NaN in beta_*: layer 9, bs_iter=38, k=8593, beta_mu=7.101826747028248e+152, beta_phi=nan
NaN in beta_*: layer 9, bs_iter=38, k=8594, beta_mu=1.5030955312795543e+153, beta_phi=nan
NaN in beta_*: layer 9, bs_iter=38, k=8595, beta_mu=3.58057251642123e+152, beta_phi=nan
NaN in beta_*: layer 9, bs_iter=38, k=8596, beta_mu=1.0492280184157293e+152, beta_phi=nan
NaN in beta_*: layer 9, bs_iter=38, k=8597, beta_mu=1.8146307674541874e+152, beta_phi=nan
NaN in beta_*: layer 9, bs_iter=38, k=8598, beta_mu=1.252241626228018e+153, beta_phi=nan
NaN in beta_*: layer 9, bs_iter=38, k=8599, beta_mu=1.3714570553315242e+152, beta_phi=nan
NaN in beta_*: layer 9, bs_iter=38, k=8600, beta_mu=1.1386742728764007e+152, beta_phi=nan
NaN in beta_*: layer 9, bs_iter=38, k=8601, beta_mu=1.1989054741781273e+152, beta_phi=nan
NaN in beta_*: layer 9, bs_iter=38, k=8602, beta_mu=1.1989052807929007e+152, beta_phi=nan
NaN in beta_*: layer 9, bs_iter=38, k=8603, beta_mu=1.4368046897002647e+152, beta_phi=nan
NaN in beta_*: layer 9, bs_iter=38, k=8604, beta_mu=1.1989062809998095e+152, beta_phi=nan
NaN in beta_*: layer 9, bs_iter=38, k=8606, beta_mu=7.32564542147279e+152, beta_phi=nan
NaN in beta_*: layer 9, bs_iter=38, k=8607, beta_mu=1.7116114146522785e+152, beta_phi=nan
NaN in beta_*: layer 9, bs_iter=38, k=8608, beta_mu=1.1776923973834537e+152, beta_phi=nan
NaN in beta_*: layer 9, bs_iter=38, k=8609, beta_mu=9.913080406069886e+151, beta_phi=nan
NaN in beta_*: layer 9, bs_iter=38, k=8610, beta_mu=1.2326013449224605e+152, beta_phi=nan
NaN in beta_*: layer 9, bs_iter=38, k=8611, beta_mu=2.598949862705375e+152, beta_phi=nan
NaN in beta_*: layer 9, bs_iter=38, k=8612, beta_mu=7.517015031213721e+152, beta_phi=nan
NaN in beta_*: layer 9, bs_iter=38, k=8613, beta_mu=6.17870826279758e+152, beta_phi=nan
NaN in beta_*: layer 9, bs_iter=38, k=8615, beta_mu=7.337191286298554e+152, beta_phi=nan
NaN in beta_*: layer 9, bs_iter=38, k=8616, beta_mu=7.588654637914348e+152, beta_phi=nan
NaN in beta_*: layer 9, bs_iter=38, k=8617, beta_mu=6.754605196747416e+152, beta_phi=nan
NaN in beta_*: layer 9, bs_iter=38, k=8618, beta_mu=1.2726916045748607e+153, beta_phi=nan
NaN in beta_*: layer 9, bs_iter=38, k=8620, beta_mu=7.315453070630343e+152, beta_phi=nan
NaN in beta_*: layer 9, bs_iter=38, k=8621, beta_mu=7.343622985203914e+152, beta_phi=nan
NaN in beta_*: layer 9, bs_iter=38, k=8622, beta_mu=9.881017919220446e+151, beta_phi=nan
NaN in beta_*: layer 9, bs_iter=38, k=8625, beta_mu=6.240588653489298e+152, beta_phi=nan
NaN in beta_*: layer 9, bs_iter=38, k=8626, beta_mu=6.761662691507389e+152, beta_phi=nan
NaN in beta_*: layer 9, bs_iter=38, k=8627, beta_mu=8.409420390038578e+152, beta_phi=nan
NaN in beta_*: layer 9, bs_iter=38, k=8628, beta_mu=8.251652450904077e+152, beta_phi=nan
NaN in beta_*: layer 9, bs_iter=38, k=8630, beta_mu=8.047530265657581e+152, beta_phi=nan
NaN in beta_*: layer 9, bs_iter=38, k=8632, beta_mu=1.6357879023225577e+152, beta_phi=nan
NaN in beta_*: layer 9, bs_iter=38, k=8633, beta_mu=1.421495066749323e+152, beta_phi=nan
NaN in beta_*: layer 9, bs_iter=38, k=8634, beta_mu=9.836970476620365e+152, beta_phi=nan
NaN in beta_*: layer 9, bs_iter=38, k=8635, beta_mu=7.842812222350233e+152, beta_phi=nan
NaN in beta_*: layer 9, bs_iter=38, k=8636, beta_mu=4.807236582436309e+153, beta_phi=nan
NaN in beta_*: layer 9, bs_iter=38, k=8637, beta_mu=2.702868013911697e+152, beta_phi=nan
NaN in beta_*: layer 9, bs_iter=38, k=8639, beta_mu=7.217338327449462e+152, beta_phi=nan
NaN in beta_*: layer 9, bs_iter=38, k=8640, beta_mu=3.415191765890142e+153, beta_phi=nan
NaN in beta_*: layer 9, bs_iter=38, k=8641, beta_mu=7.478432835319882e+152, beta_phi=nan
NaN in beta_*: layer 9, bs_iter=38, k=8642, beta_mu=8.431040789754394e+152, beta_phi=nan
NaN in beta_*: layer 9, bs_iter=38, k=8645, beta_mu=6.402481628789361e+152, beta_phi=nan
NaN in beta_*: layer 9, bs_iter=38, k=8649, beta_mu=1.494275501669275e+152, beta_phi=nan
NaN in beta_*: layer 9, bs_iter=38, k=8650, beta_mu=1.2643637301266447e+153, beta_phi=nan
NaN in beta_*: layer 9, bs_iter=38, k=8652, beta_mu=3.134609995958774e+152, beta_phi=nan
NaN in beta_*: layer 9, bs_iter=38, k=8657, beta_mu=1.834494055988933e+153, beta_phi=nan
NaN in beta_*: layer 9, bs_iter=38, k=8660, beta_mu=3.4674032955508915e+152, beta_phi=nan
NaN in beta_*: layer 9, bs_iter=38, k=8663, beta_mu=4.197169894670462e+152, beta_phi=nan
NaN in beta_*: layer 9, bs_iter=38, k=8664, beta_mu=1.8133227415434896e+153, beta_phi=nan
NaN in beta_*: layer 9, bs_iter=38, k=8665, beta_mu=1.3761986757333688e+152, beta_phi=nan
NaN in beta_*: layer 9, bs_iter=38, k=8666, beta_mu=4.733260440672902e+152, beta_phi=nan
NaN in beta_*: layer 9, bs_iter=38, k=8667, beta_mu=1.9810989577500713e+152, beta_phi=nan
NaN in beta_*: layer 9, bs_iter=38, k=8668, beta_mu=4.733255696647448e+152, beta_phi=nan
NaN in beta_*: layer 9, bs_iter=38, k=8669, beta_mu=2.160841907018267e+152, beta_phi=nan
NaN in beta_*: layer 9, bs_iter=38, k=8670, beta_mu=2.3656939649135246e+152, beta_phi=nan
NaN in beta_*: layer 9, bs_iter=38, k=8671, beta_mu=1.4407615068732019e+153, beta_phi=nan
NaN in beta_*: layer 9, bs_iter=38, k=8673, beta_mu=1.9340298080368783e+152, beta_phi=nan
NaN in beta_*: layer 9, bs_iter=38, k=8674, beta_mu=2.854410026768461e+153, beta_phi=nan
NaN in beta_*: layer 9, bs_iter=38, k=8675, beta_mu=1.9340311514837432e+152, beta_phi=nan
NaN in beta_*: layer 9, bs_iter=38, k=8677, beta_mu=1.9317258812291208e+152, beta_phi=nan
NaN in beta_*: layer 9, bs_iter=38, k=8678, beta_mu=1.8179935420894152e+153, beta_phi=nan
NaN in beta_*: layer 9, bs_iter=38, k=8679, beta_mu=2.723092717577996e+152, beta_phi=nan
NaN in beta_*: layer 9, bs_iter=38, k=8681, beta_mu=1.2310857003302493e+153, beta_phi=nan
NaN in beta_*: layer 9, bs_iter=38, k=8682, beta_mu=2.888755868496033e+152, beta_phi=nan
NaN in beta_*: layer 9, bs_iter=38, k=8683, beta_mu=2.2160054925270853e+153, beta_phi=nan
NaN in beta_*: layer 9, bs_iter=38, k=8685, beta_mu=1.814316168932687e+153, beta_phi=nan
NaN in beta_*: layer 9, bs_iter=38, k=8689, beta_mu=6.116537968447924e+152, beta_phi=nan
NaN in beta_*: layer 9, bs_iter=38, k=8693, beta_mu=1.8873672549353244e+152, beta_phi=nan
NaN in beta_*: layer 9, bs_iter=38, k=8695, beta_mu=4.504564254544129e+152, beta_phi=nan
NaN in beta_*: layer 9, bs_iter=38, k=8696, beta_mu=2.0557889108877827e+153, beta_phi=nan
NaN in beta_*: layer 9, bs_iter=38, k=8697, beta_mu=1.993000100400494e+153, beta_phi=nan
NaN in beta_*: layer 9, bs_iter=38, k=8699, beta_mu=3.7615142060521225e+152, beta_phi=nan
NaN in beta_*: layer 9, bs_iter=38, k=8701, beta_mu=5.631627904451495e+152, beta_phi=nan
NaN in beta_*: layer 9, bs_iter=38, k=8703, beta_mu=1.9527577944549396e+153, beta_phi=nan
NaN in beta_*: layer 9, bs_iter=38, k=8704, beta_mu=1.955567772564039e+153, beta_phi=nan
NaN in beta_*: layer 9, bs_iter=38, k=8705, beta_mu=1.1728549975907465e+153, beta_phi=nan
NaN in beta_*: layer 9, bs_iter=38, k=8706, beta_mu=1.350494728027135e+152, beta_phi=nan
NaN in beta_*: layer 9, bs_iter=38, k=8707, beta_mu=1.0976306457080882e+152, beta_phi=nan
NaN in beta_*: layer 9, bs_iter=38, k=8708, beta_mu=3.575954582463745e+152, beta_phi=nan
NaN in beta_*: layer 9, bs_iter=38, k=8709, beta_mu=1.0495067298367715e+153, beta_phi=nan
NaN in beta_*: layer 9, bs_iter=38, k=8710, beta_mu=3.4931168239757754e+152, beta_phi=nan
NaN in beta_*: layer 9, bs_iter=38, k=8711, beta_mu=7.124664215321704e+152, beta_phi=nan
NaN in beta_*: layer 9, bs_iter=38, k=8713, beta_mu=6.871250860541834e+152, beta_phi=nan
NaN in beta_*: layer 9, bs_iter=38, k=8715, beta_mu=4.52880405446976e+152, beta_phi=nan
NaN in beta_*: layer 9, bs_iter=38, k=8716, beta_mu=1.163967416912295e+152, beta_phi=nan
NaN in beta_*: layer 9, bs_iter=38, k=8717, beta_mu=1.599578345467794e+152, beta_phi=nan
NaN in beta_*: layer 9, bs_iter=38, k=8718, beta_mu=1.0954554611022255e+153, beta_phi=nan
NaN in beta_*: layer 9, bs_iter=38, k=8719, beta_mu=1.3390604385289896e+152, beta_phi=nan
NaN in beta_*: layer 9, bs_iter=38, k=8720, beta_mu=5.208089314021772e+152, beta_phi=nan
NaN in beta_*: layer 9, bs_iter=38, k=8721, beta_mu=1.6067111819584877e+152, beta_phi=nan
NaN in beta_*: layer 9, bs_iter=38, k=8725, beta_mu=2.104396184754761e+152, beta_phi=nan
NaN in beta_*: layer 9, bs_iter=38, k=8726, beta_mu=5.507925943412452e+152, beta_phi=nan
NaN in beta_*: layer 9, bs_iter=38, k=8727, beta_mu=2.4596103548356183e+152, beta_phi=nan
NaN in beta_*: layer 9, bs_iter=38, k=8729, beta_mu=1.32120271107872e+152, beta_phi=nan
NaN in beta_*: layer 9, bs_iter=38, k=8731, beta_mu=1.0722754752825594e+153, beta_phi=nan
NaN in beta_*: layer 9, bs_iter=38, k=8735, beta_mu=1.6895694963226288e+152, beta_phi=nan
NaN in beta_*: layer 9, bs_iter=38, k=8736, beta_mu=1.07268707361866e+152, beta_phi=nan
NaN in beta_*: layer 9, bs_iter=38, k=8737, beta_mu=1.8288324604899047e+152, beta_phi=nan
NaN in beta_*: layer 9, bs_iter=38, k=8738, beta_mu=2.4565000556412673e+152, beta_phi=nan
NaN in beta_*: layer 9, bs_iter=38, k=8742, beta_mu=1.1008450970369789e+152, beta_phi=nan
NaN in beta_*: layer 9, bs_iter=38, k=8743, beta_mu=1.5528704813803685e+153, beta_phi=nan
NaN in beta_*: layer 9, bs_iter=38, k=8744, beta_mu=4.443346703616655e+152, beta_phi=nan
NaN in beta_*: layer 9, bs_iter=38, k=8745, beta_mu=1.3207350786583602e+152, beta_phi=nan
NaN in beta_*: layer 9, bs_iter=38, k=8747, beta_mu=1.2224576442543583e+152, beta_phi=nan
NaN in beta_*: layer 9, bs_iter=38, k=8748, beta_mu=3.396863290412972e+152, beta_phi=nan
NaN in beta_*: layer 9, bs_iter=38, k=8749, beta_mu=1.1220908906188273e+152, beta_phi=nan
NaN in beta_*: layer 9, bs_iter=38, k=8750, beta_mu=6.812732191463475e+152, beta_phi=nan
NaN in beta_*: layer 9, bs_iter=38, k=8751, beta_mu=2.369105616123306e+152, beta_phi=nan
NaN in beta_*: layer 9, bs_iter=38, k=8752, beta_mu=2.466783582659003e+152, beta_phi=nan
NaN in beta_*: layer 9, bs_iter=38, k=8753, beta_mu=3.247686661234762e+152, beta_phi=nan
NaN in beta_*: layer 9, bs_iter=38, k=8754, beta_mu=2.9858453460092543e+152, beta_phi=nan
NaN in beta_*: layer 9, bs_iter=38, k=8755, beta_mu=3.017729447735792e+152, beta_phi=nan
NaN in beta_*: layer 9, bs_iter=38, k=8756, beta_mu=2.420940426232368e+152, beta_phi=nan
NaN in beta_*: layer 9, bs_iter=38, k=8757, beta_mu=4.1347743505330165e+152, beta_phi=nan
NaN in beta_*: layer 9, bs_iter=38, k=8758, beta_mu=3.336647563054884e+152, beta_phi=nan
NaN in beta_*: layer 9, bs_iter=38, k=8760, beta_mu=2.0092230185080368e+152, beta_phi=nan
NaN in beta_*: layer 9, bs_iter=38, k=8761, beta_mu=1.0942607144185974e+153, beta_phi=nan
NaN in beta_*: layer 9, bs_iter=38, k=8762, beta_mu=1.0942608750215894e+153, beta_phi=nan
NaN in beta_*: layer 9, bs_iter=38, k=8763, beta_mu=1.5942046414973906e+152, beta_phi=nan
NaN in beta_*: layer 9, bs_iter=38, k=8764, beta_mu=1.3005291865098901e+152, beta_phi=nan
NaN in beta_*: layer 9, bs_iter=38, k=8765, beta_mu=3.7369903007489562e+152, beta_phi=nan
NaN in beta_*: layer 9, bs_iter=38, k=8768, beta_mu=1.2706630944110791e+153, beta_phi=nan
NaN in beta_*: layer 9, bs_iter=38, k=8769, beta_mu=4.874791266707382e+152, beta_phi=nan
NaN in beta_*: layer 9, bs_iter=38, k=8770, beta_mu=2.835711526914861e+152, beta_phi=nan
NaN in beta_*: layer 9, bs_iter=38, k=8772, beta_mu=1.0647460055186398e+152, beta_phi=nan
NaN in beta_*: layer 9, bs_iter=38, k=8773, beta_mu=9.160358770252546e+151, beta_phi=nan
NaN in beta_*: layer 9, bs_iter=38, k=8774, beta_mu=4.044551983222587e+152, beta_phi=nan
NaN in beta_*: layer 9, bs_iter=38, k=8775, beta_mu=6.470662849830136e+152, beta_phi=nan
NaN in beta_*: layer 9, bs_iter=38, k=8776, beta_mu=9.068081234930333e+151, beta_phi=nan
NaN in beta_*: layer 9, bs_iter=38, k=8777, beta_mu=6.4544605461038235e+152, beta_phi=nan
NaN in beta_*: layer 9, bs_iter=38, k=8778, beta_mu=2.534275099972725e+152, beta_phi=nan
NaN in beta_*: layer 9, bs_iter=38, k=8782, beta_mu=6.401948287567638e+152, beta_phi=nan
NaN in beta_*: layer 9, bs_iter=38, k=8784, beta_mu=1.462240170186469e+153, beta_phi=nan
NaN in beta_*: layer 9, bs_iter=38, k=8785, beta_mu=2.769023078444388e+152, beta_phi=nan
NaN in beta_*: layer 9, bs_iter=38, k=8786, beta_mu=1.2446762367716723e+152, beta_phi=nan
NaN in beta_*: layer 9, bs_iter=38, k=8787, beta_mu=5.602731229158296e+152, beta_phi=nan
NaN in beta_*: layer 9, bs_iter=38, k=8788, beta_mu=2.898749302962984e+152, beta_phi=nan
NaN in beta_*: layer 9, bs_iter=38, k=8789, beta_mu=9.923509421982874e+152, beta_phi=nan
NaN in beta_*: layer 9, bs_iter=38, k=8790, beta_mu=1.5365053447916958e+153, beta_phi=nan
NaN in beta_*: layer 9, bs_iter=38, k=8791, beta_mu=2.654484549671583e+152, beta_phi=nan
NaN in beta_*: layer 9, bs_iter=38, k=8793, beta_mu=4.364161358040983e+152, beta_phi=nan
NaN in beta_*: layer 9, bs_iter=38, k=8796, beta_mu=1.3062984560469387e+152, beta_phi=nan
NaN in beta_*: layer 9, bs_iter=38, k=8797, beta_mu=7.823441044343476e+152, beta_phi=nan
NaN in beta_*: layer 9, bs_iter=38, k=8798, beta_mu=1.1234046063076134e+153, beta_phi=nan
NaN in beta_*: layer 9, bs_iter=38, k=8800, beta_mu=9.932712647178406e+152, beta_phi=nan
NaN in beta_*: layer 9, bs_iter=38, k=8801, beta_mu=8.902349895053299e+152, beta_phi=nan
NaN in beta_*: layer 9, bs_iter=38, k=8802, beta_mu=9.92810438277122e+152, beta_phi=nan
NaN in beta_*: layer 9, bs_iter=38, k=8804, beta_mu=9.304256902354888e+152, beta_phi=nan
NaN in beta_*: layer 9, bs_iter=38, k=8806, beta_mu=5.02188883106375e+152, beta_phi=nan
NaN in beta_*: layer 9, bs_iter=38, k=8810, beta_mu=3.227523150249652e+152, beta_phi=nan
NaN in beta_*: layer 9, bs_iter=38, k=8812, beta_mu=1.509026231380847e+152, beta_phi=nan
NaN in beta_*: layer 9, bs_iter=38, k=8813, beta_mu=1.4824973186241827e+152, beta_phi=nan
NaN in beta_*: layer 9, bs_iter=38, k=8814, beta_mu=2.462550008964139e+152, beta_phi=nan
NaN in beta_*: layer 9, bs_iter=38, k=8815, beta_mu=2.8802012440304597e+152, beta_phi=nan
NaN in beta_*: layer 9, bs_iter=38, k=8816, beta_mu=3.7605018717885663e+152, beta_phi=nan
NaN in beta_*: layer 9, bs_iter=38, k=8817, beta_mu=8.696155937143226e+152, beta_phi=nan
NaN in beta_*: layer 9, bs_iter=38, k=8818, beta_mu=2.0758681146856054e+152, beta_phi=nan
NaN in beta_*: layer 9, bs_iter=38, k=8820, beta_mu=2.168607809282527e+152, beta_phi=nan
NaN in beta_*: layer 9, bs_iter=38, k=8821, beta_mu=2.142794783988484e+152, beta_phi=nan
NaN in beta_*: layer 9, bs_iter=38, k=8823, beta_mu=2.6381584755451013e+152, beta_phi=nan
NaN in beta_*: layer 9, bs_iter=38, k=8824, beta_mu=3.5194476064891067e+152, beta_phi=nan
NaN in beta_*: layer 9, bs_iter=38, k=8825, beta_mu=9.599861418094841e+151, beta_phi=nan
NaN in beta_*: layer 9, bs_iter=38, k=8826, beta_mu=2.3951039313436078e+153, beta_phi=nan
NaN in beta_*: layer 9, bs_iter=38, k=8827, beta_mu=9.116492225870165e+152, beta_phi=nan
NaN in beta_*: layer 9, bs_iter=38, k=8828, beta_mu=5.491444651911215e+152, beta_phi=nan
NaN in beta_*: layer 9, bs_iter=38, k=8831, beta_mu=1.6856722968819145e+152, beta_phi=nan
NaN in beta_*: layer 9, bs_iter=38, k=8832, beta_mu=1.612437395069524e+152, beta_phi=nan
NaN in beta_*: layer 9, bs_iter=38, k=8834, beta_mu=1.0448823033013383e+153, beta_phi=nan
NaN in beta_*: layer 9, bs_iter=38, k=8838, beta_mu=2.000320068395376e+152, beta_phi=nan
NaN in beta_*: layer 9, bs_iter=38, k=8840, beta_mu=1.0769103953450892e+153, beta_phi=nan
NaN in beta_*: layer 9, bs_iter=38, k=8841, beta_mu=1.5031202653312188e+153, beta_phi=nan
NaN in beta_*: layer 9, bs_iter=38, k=8843, beta_mu=9.981600510575416e+151, beta_phi=nan
NaN in beta_*: layer 9, bs_iter=38, k=8845, beta_mu=1.0457177630490001e+153, beta_phi=nan
NaN in beta_*: layer 9, bs_iter=38, k=8846, beta_mu=1.0242056828057708e+153, beta_phi=nan
NaN in beta_*: layer 9, bs_iter=38, k=8848, beta_mu=1.0076760632988374e+153, beta_phi=nan
NaN in beta_*: layer 9, bs_iter=38, k=8849, beta_mu=3.9762031031823333e+152, beta_phi=nan
NaN in beta_*: layer 9, bs_iter=38, k=8851, beta_mu=1.0064025616055651e+153, beta_phi=nan
NaN in beta_*: layer 9, bs_iter=38, k=8852, beta_mu=9.019107787807016e+152, beta_phi=nan
NaN in beta_*: layer 9, bs_iter=38, k=8853, beta_mu=7.889918716659125e+152, beta_phi=nan
NaN in beta_*: layer 9, bs_iter=38, k=8857, beta_mu=4.633481102857916e+152, beta_phi=nan
NaN in beta_*: layer 9, bs_iter=38, k=8859, beta_mu=9.396641428670768e+152, beta_phi=nan
NaN in beta_*: layer 9, bs_iter=38, k=8860, beta_mu=6.640387301379277e+152, beta_phi=nan
NaN in beta_*: layer 9, bs_iter=38, k=8861, beta_mu=6.184257916738297e+152, beta_phi=nan
NaN in beta_*: layer 9, bs_iter=38, k=8862, beta_mu=4.981289463188365e+152, beta_phi=nan
NaN in beta_*: layer 9, bs_iter=38, k=8863, beta_mu=4.0522260538678873e+152, beta_phi=nan
NaN in beta_*: layer 9, bs_iter=38, k=8864, beta_mu=6.057309170093811e+152, beta_phi=nan
NaN in beta_*: layer 9, bs_iter=38, k=8865, beta_mu=5.710262931264641e+152, beta_phi=nan
NaN in beta_*: layer 9, bs_iter=38, k=8870, beta_mu=2.444009216996757e+152, beta_phi=nan
NaN in beta_*: layer 9, bs_iter=38, k=8872, beta_mu=9.863785961090427e+152, beta_phi=nan
NaN in beta_*: layer 9, bs_iter=38, k=8875, beta_mu=1.558431185414339e+152, beta_phi=nan
NaN in beta_*: layer 9, bs_iter=38, k=8876, beta_mu=9.860500341722432e+151, beta_phi=nan
NaN in beta_*: layer 9, bs_iter=38, k=8877, beta_mu=9.611230233221111e+152, beta_phi=nan
NaN in beta_*: layer 9, bs_iter=38, k=8878, beta_mu=2.1998048025145097e+152, beta_phi=nan
NaN in beta_*: layer 9, bs_iter=38, k=8880, beta_mu=2.2681141913409327e+152, beta_phi=nan
NaN in beta_*: layer 9, bs_iter=38, k=8881, beta_mu=1.5758491437218096e+153, beta_phi=nan
NaN in beta_*: layer 9, bs_iter=38, k=8882, beta_mu=1.5553835210570365e+153, beta_phi=nan
NaN in beta_*: layer 9, bs_iter=38, k=8884, beta_mu=1.5687201049233058e+153, beta_phi=nan
NaN in beta_*: layer 9, bs_iter=38, k=8886, beta_mu=1.3234498989301832e+152, beta_phi=nan
NaN in beta_*: layer 9, bs_iter=38, k=8887, beta_mu=1.0214394505608024e+152, beta_phi=nan
NaN in beta_*: layer 9, bs_iter=38, k=8888, beta_mu=1.6728864250690667e+153, beta_phi=nan
NaN in beta_*: layer 9, bs_iter=38, k=8890, beta_mu=1.1112549479536794e+152, beta_phi=nan
NaN in beta_*: layer 9, bs_iter=38, k=8892, beta_mu=1.075798842040633e+152, beta_phi=nan
NaN in beta_*: layer 9, bs_iter=38, k=8895, beta_mu=1.6897453302846222e+153, beta_phi=nan
NaN in beta_*: layer 9, bs_iter=38, k=8897, beta_mu=9.379332673085197e+151, beta_phi=nan
NaN in beta_*: layer 9, bs_iter=38, k=8900, beta_mu=2.965901471382763e+152, beta_phi=nan
NaN in beta_*: layer 9, bs_iter=38, k=8901, beta_mu=1.6728865541822787e+153, beta_phi=nan
NaN in beta_*: layer 9, bs_iter=38, k=8902, beta_mu=1.2711927789159968e+152, beta_phi=nan
NaN in beta_*: layer 9, bs_iter=38, k=8903, beta_mu=9.236410155841124e+152, beta_phi=nan
NaN in beta_*: layer 9, bs_iter=38, k=8904, beta_mu=1.8322585800269673e+152, beta_phi=nan
NaN in beta_*: layer 9, bs_iter=38, k=8905, beta_mu=3.6788441586000443e+152, beta_phi=nan
NaN in beta_*: layer 9, bs_iter=38, k=8906, beta_mu=1.3590205864775092e+152, beta_phi=nan
NaN in beta_*: layer 9, bs_iter=38, k=8907, beta_mu=4.2410737260641155e+152, beta_phi=nan
NaN in beta_*: layer 9, bs_iter=38, k=8908, beta_mu=2.201424497501303e+153, beta_phi=nan
NaN in beta_*: layer 9, bs_iter=38, k=8910, beta_mu=1.6595080878131706e+152, beta_phi=nan
NaN in beta_*: layer 9, bs_iter=38, k=8911, beta_mu=1.4213814992695867e+152, beta_phi=nan
NaN in beta_*: layer 9, bs_iter=38, k=8912, beta_mu=3.874973378655507e+153, beta_phi=nan
NaN in beta_*: layer 9, bs_iter=38, k=8913, beta_mu=1.162054986461344e+152, beta_phi=nan
NaN in beta_*: layer 9, bs_iter=38, k=8915, beta_mu=2.899483638464523e+152, beta_phi=nan
NaN in beta_*: layer 9, bs_iter=38, k=8917, beta_mu=1.6032041342844885e+152, beta_phi=nan
NaN in beta_*: layer 9, bs_iter=38, k=8918, beta_mu=8.727348619652445e+152, beta_phi=nan
NaN in beta_*: layer 9, bs_iter=38, k=8922, beta_mu=1.324290874718679e+152, beta_phi=nan
NaN in beta_*: layer 9, bs_iter=38, k=8923, beta_mu=1.4084929531186372e+152, beta_phi=nan
NaN in beta_*: layer 9, bs_iter=38, k=8926, beta_mu=2.0578073151715843e+152, beta_phi=nan
NaN in beta_*: layer 9, bs_iter=38, k=8929, beta_mu=1.1219472188349226e+152, beta_phi=nan
NaN in beta_*: layer 9, bs_iter=38, k=8931, beta_mu=1.6717072268404086e+153, beta_phi=nan
NaN in beta_*: layer 9, bs_iter=38, k=8932, beta_mu=1.9183737359538391e+152, beta_phi=nan
NaN in beta_*: layer 9, bs_iter=38, k=8933, beta_mu=1.7539062957617967e+153, beta_phi=nan
NaN in beta_*: layer 9, bs_iter=38, k=8936, beta_mu=1.5512159857292366e+153, beta_phi=nan
NaN in beta_*: layer 9, bs_iter=38, k=8938, beta_mu=1.6036368435341624e+153, beta_phi=nan
NaN in beta_*: layer 9, bs_iter=38, k=8940, beta_mu=2.888025772834146e+152, beta_phi=nan
NaN in beta_*: layer 9, bs_iter=38, k=8942, beta_mu=1.5258461253475309e+153, beta_phi=nan
NaN in beta_*: layer 9, bs_iter=38, k=8943, beta_mu=2.4086409938983194e+152, beta_phi=nan
NaN in beta_*: layer 9, bs_iter=38, k=8945, beta_mu=9.815154246804331e+152, beta_phi=nan
NaN in beta_*: layer 9, bs_iter=38, k=8946, beta_mu=1.5289711383880546e+153, beta_phi=nan
NaN in beta_*: layer 9, bs_iter=38, k=8947, beta_mu=1.4482663440907963e+152, beta_phi=nan
NaN in beta_*: layer 9, bs_iter=38, k=8950, beta_mu=1.5604356052579107e+153, beta_phi=nan
NaN in beta_*: layer 9, bs_iter=38, k=8951, beta_mu=4.411374777497475e+152, beta_phi=nan
NaN in beta_*: layer 9, bs_iter=38, k=8952, beta_mu=1.4607846483454764e+153, beta_phi=nan
NaN in beta_*: layer 9, bs_iter=38, k=8953, beta_mu=1.1957650647712888e+152, beta_phi=nan
NaN in beta_*: layer 9, bs_iter=38, k=8954, beta_mu=1.5408004289301404e+152, beta_phi=nan
NaN in beta_*: layer 9, bs_iter=38, k=8957, beta_mu=1.6931828499032293e+152, beta_phi=nan
NaN in beta_*: layer 9, bs_iter=38, k=8959, beta_mu=3.4724703845372864e+152, beta_phi=nan
NaN in beta_*: layer 9, bs_iter=38, k=8960, beta_mu=5.187245360492996e+152, beta_phi=nan
NaN in beta_*: layer 9, bs_iter=38, k=8961, beta_mu=2.7636831473816044e+152, beta_phi=nan
NaN in beta_*: layer 9, bs_iter=38, k=8962, beta_mu=3.2277416284480683e+152, beta_phi=nan
NaN in beta_*: layer 9, bs_iter=38, k=8963, beta_mu=3.7619676306118454e+152, beta_phi=nan
NaN in beta_*: layer 9, bs_iter=38, k=8964, beta_mu=3.3687449515327953e+152, beta_phi=nan
NaN in beta_*: layer 9, bs_iter=38, k=8965, beta_mu=1.7183422474198615e+153, beta_phi=nan
NaN in beta_*: layer 9, bs_iter=38, k=8966, beta_mu=1.769102699790683e+153, beta_phi=nan
NaN in beta_*: layer 9, bs_iter=38, k=8967, beta_mu=3.030425141456168e+152, beta_phi=nan
NaN in beta_*: layer 9, bs_iter=38, k=8968, beta_mu=3.4788387868366433e+152, beta_phi=nan
NaN in beta_*: layer 9, bs_iter=38, k=8969, beta_mu=2.6627536453769007e+152, beta_phi=nan
NaN in beta_*: layer 9, bs_iter=38, k=8971, beta_mu=1.3868918863911005e+152, beta_phi=nan
NaN in beta_*: layer 9, bs_iter=38, k=8972, beta_mu=3.6581050913099445e+152, beta_phi=nan
NaN in beta_*: layer 9, bs_iter=38, k=8973, beta_mu=2.115025583818281e+152, beta_phi=nan
NaN in beta_*: layer 9, bs_iter=38, k=8974, beta_mu=1.842924732451714e+152, beta_phi=nan
NaN in beta_*: layer 9, bs_iter=38, k=8975, beta_mu=3.9234131152564774e+152, beta_phi=nan
NaN in beta_*: layer 9, bs_iter=38, k=8976, beta_mu=5.55683164802761e+152, beta_phi=nan
NaN in beta_*: layer 9, bs_iter=38, k=8981, beta_mu=3.952838752729929e+152, beta_phi=nan
NaN in beta_*: layer 9, bs_iter=38, k=8983, beta_mu=9.113900525353443e+151, beta_phi=nan
NaN in beta_*: layer 9, bs_iter=38, k=8984, beta_mu=2.537098914960319e+152, beta_phi=nan
NaN in beta_*: layer 9, bs_iter=38, k=8985, beta_mu=1.8160022656982146e+152, beta_phi=nan
NaN in beta_*: layer 9, bs_iter=38, k=8987, beta_mu=1.0597910942889317e+152, beta_phi=nan
NaN in beta_*: layer 9, bs_iter=38, k=8988, beta_mu=2.603923002504659e+152, beta_phi=nan
NaN in beta_*: layer 9, bs_iter=38, k=8989, beta_mu=2.5766668269473237e+152, beta_phi=nan
NaN in beta_*: layer 9, bs_iter=38, k=8990, beta_mu=1.0531936741320728e+152, beta_phi=nan
NaN in beta_*: layer 9, bs_iter=38, k=8991, beta_mu=2.0110935454016916e+152, beta_phi=nan
NaN in beta_*: layer 9, bs_iter=38, k=8994, beta_mu=1.977702197229478e+152, beta_phi=nan
NaN in beta_*: layer 9, bs_iter=38, k=8995, beta_mu=1.9558286224043944e+152, beta_phi=nan
NaN in beta_*: layer 9, bs_iter=38, k=8998, beta_mu=2.595216535777116e+152, beta_phi=nan
NaN in beta_*: layer 9, bs_iter=38, k=9001, beta_mu=1.851482478902298e+152, beta_phi=nan
NaN in beta_*: layer 9, bs_iter=38, k=9002, beta_mu=2.3214612352190668e+152, beta_phi=nan
NaN in beta_*: layer 9, bs_iter=38, k=9004, beta_mu=1.1433431315659519e+153, beta_phi=nan
NaN in beta_*: layer 9, bs_iter=38, k=9006, beta_mu=3.805045190160865e+152, beta_phi=nan
NaN in beta_*: layer 9, bs_iter=38, k=9007, beta_mu=2.7159988966560947e+152, beta_phi=nan
NaN in beta_*: layer 9, bs_iter=38, k=9008, beta_mu=6.013674853476488e+152, beta_phi=nan
NaN in beta_*: layer 9, bs_iter=38, k=9009, beta_mu=2.6890060057908685e+152, beta_phi=nan
NaN in beta_*: layer 9, bs_iter=38, k=9011, beta_mu=2.63111481840088e+152, beta_phi=nan
NaN in beta_*: layer 9, bs_iter=38, k=9012, beta_mu=2.6889942927427103e+152, beta_phi=nan
NaN in beta_*: layer 9, bs_iter=38, k=9013, beta_mu=2.688998716151482e+152, beta_phi=nan
NaN in beta_*: layer 9, bs_iter=38, k=9014, beta_mu=1.3444694620431804e+153, beta_phi=nan
NaN in beta_*: layer 9, bs_iter=38, k=9018, beta_mu=2.6889956004033766e+152, beta_phi=nan
NaN in beta_*: layer 9, bs_iter=38, k=9020, beta_mu=3.018298146439361e+152, beta_phi=nan
NaN in beta_*: layer 9, bs_iter=38, k=9021, beta_mu=2.9821919087281505e+152, beta_phi=nan
NaN in beta_*: layer 9, bs_iter=38, k=9022, beta_mu=2.085344424068856e+152, beta_phi=nan
NaN in beta_*: layer 9, bs_iter=38, k=9023, beta_mu=6.360249991668738e+152, beta_phi=nan
NaN in beta_*: layer 9, bs_iter=38, k=9024, beta_mu=1.1294997330531199e+153, beta_phi=nan
NaN in beta_*: layer 9, bs_iter=38, k=9025, beta_mu=7.241650796098554e+152, beta_phi=nan
NaN in beta_*: layer 9, bs_iter=38, k=9026, beta_mu=1.1306998075581519e+153, beta_phi=nan
NaN in beta_*: layer 9, bs_iter=38, k=9037, beta_mu=2.7089052325455505e+152, beta_phi=nan
NaN in beta_*: layer 9, bs_iter=38, k=9041, beta_mu=7.502229566290253e+152, beta_phi=nan
NaN in beta_*: layer 9, bs_iter=38, k=9043, beta_mu=2.6809496688576236e+152, beta_phi=nan
NaN in beta_*: layer 9, bs_iter=38, k=9045, beta_mu=2.17394138930592e+152, beta_phi=nan
NaN in beta_*: layer 9, bs_iter=38, k=9046, beta_mu=2.105378864412615e+152, beta_phi=nan
NaN in beta_*: layer 9, bs_iter=38, k=9047, beta_mu=2.105379060898255e+152, beta_phi=nan
NaN in beta_*: layer 9, bs_iter=38, k=9053, beta_mu=1.5957811587434724e+152, beta_phi=nan
NaN in beta_*: layer 9, bs_iter=38, k=9054, beta_mu=1.5957810063173116e+152, beta_phi=nan
NaN in beta_*: layer 9, bs_iter=38, k=9058, beta_mu=4.061900057601178e+152, beta_phi=nan
NaN in beta_*: layer 9, bs_iter=38, k=9063, beta_mu=1.3199884705839998e+152, beta_phi=nan
NaN in beta_*: layer 9, bs_iter=38, k=9064, beta_mu=1.4158298900347698e+152, beta_phi=nan
NaN in beta_*: layer 9, bs_iter=38, k=9065, beta_mu=7.591321137588773e+152, beta_phi=nan
NaN in beta_*: layer 9, bs_iter=38, k=9068, beta_mu=1.6522733539408366e+152, beta_phi=nan
NaN in beta_*: layer 9, bs_iter=38, k=9072, beta_mu=7.888400071839971e+152, beta_phi=nan
NaN in beta_*: layer 9, bs_iter=38, k=9073, beta_mu=7.927706514194728e+152, beta_phi=nan
NaN in beta_*: layer 9, bs_iter=38, k=9074, beta_mu=4.188777440222996e+152, beta_phi=nan
NaN in beta_*: layer 9, bs_iter=38, k=9075, beta_mu=4.188769972051471e+152, beta_phi=nan
NaN in beta_*: layer 9, bs_iter=38, k=9077, beta_mu=1.9880874761872425e+152, beta_phi=nan
NaN in beta_*: layer 9, bs_iter=38, k=9079, beta_mu=7.927704011919951e+152, beta_phi=nan
NaN in beta_*: layer 9, bs_iter=38, k=9080, beta_mu=1.9248282162909977e+152, beta_phi=nan
NaN in beta_*: layer 9, bs_iter=38, k=9081, beta_mu=7.196578694071765e+152, beta_phi=nan
NaN in beta_*: layer 9, bs_iter=38, k=9082, beta_mu=1.750688922901373e+152, beta_phi=nan
NaN in beta_*: layer 9, bs_iter=38, k=9084, beta_mu=8.068283771255013e+152, beta_phi=nan
NaN in beta_*: layer 9, bs_iter=38, k=9085, beta_mu=8.06828908240062e+152, beta_phi=nan
NaN in beta_*: layer 9, bs_iter=38, k=9087, beta_mu=1.704466539661286e+152, beta_phi=nan
NaN in beta_*: layer 9, bs_iter=38, k=9089, beta_mu=1.7529487318239922e+152, beta_phi=nan
NaN in beta_*: layer 9, bs_iter=38, k=9090, beta_mu=7.927705871533466e+152, beta_phi=nan
NaN in beta_*: layer 9, bs_iter=38, k=9091, beta_mu=1.3758719661727843e+152, beta_phi=nan
NaN in beta_*: layer 9, bs_iter=38, k=9092, beta_mu=2.2350644668483782e+152, beta_phi=nan
NaN in beta_*: layer 9, bs_iter=38, k=9093, beta_mu=2.64575448827287e+152, beta_phi=nan
NaN in beta_*: layer 9, bs_iter=38, k=9094, beta_mu=7.7594404368615e+152, beta_phi=nan
NaN in beta_*: layer 9, bs_iter=38, k=9096, beta_mu=7.759437266116032e+152, beta_phi=nan
NaN in beta_*: layer 9, bs_iter=38, k=9097, beta_mu=1.2496421570600158e+152, beta_phi=nan
NaN in beta_*: layer 9, bs_iter=38, k=9098, beta_mu=1.3091759637171448e+152, beta_phi=nan
NaN in beta_*: layer 9, bs_iter=38, k=9100, beta_mu=1.1861070489425772e+152, beta_phi=nan
NaN in beta_*: layer 9, bs_iter=38, k=9103, beta_mu=7.720502685170722e+152, beta_phi=nan
NaN in beta_*: layer 9, bs_iter=38, k=9105, beta_mu=1.9678594084207225e+153, beta_phi=nan
NaN in beta_*: layer 9, bs_iter=38, k=9107, beta_mu=1.0510477018945558e+153, beta_phi=nan
NaN in beta_*: layer 9, bs_iter=38, k=9108, beta_mu=6.905754405917287e+152, beta_phi=nan
NaN in beta_*: layer 9, bs_iter=38, k=9110, beta_mu=1.427397322826571e+152, beta_phi=nan
NaN in beta_*: layer 9, bs_iter=38, k=9111, beta_mu=1.8813373125206267e+152, beta_phi=nan
NaN in beta_*: layer 9, bs_iter=38, k=9112, beta_mu=1.0313378169750154e+153, beta_phi=nan
NaN in beta_*: layer 9, bs_iter=38, k=9114, beta_mu=5.376213513896569e+152, beta_phi=nan
NaN in beta_*: layer 9, bs_iter=38, k=9115, beta_mu=7.759438652063024e+152, beta_phi=nan
NaN in beta_*: layer 9, bs_iter=38, k=9116, beta_mu=5.200872379924487e+152, beta_phi=nan
NaN in beta_*: layer 9, bs_iter=38, k=9117, beta_mu=4.9389563833979375e+152, beta_phi=nan
NaN in beta_*: layer 9, bs_iter=38, k=9118, beta_mu=4.831082965645469e+152, beta_phi=nan
NaN in beta_*: layer 9, bs_iter=38, k=9119, beta_mu=3.539208721802557e+152, beta_phi=nan
NaN in beta_*: layer 9, bs_iter=38, k=9120, beta_mu=2.6024116580533966e+152, beta_phi=nan
NaN in beta_*: layer 9, bs_iter=38, k=9123, beta_mu=7.4119932206236175e+152, beta_phi=nan
NaN in beta_*: layer 9, bs_iter=38, k=9124, beta_mu=5.211979402362376e+152, beta_phi=nan
NaN in beta_*: layer 9, bs_iter=38, k=9126, beta_mu=7.521773434710325e+152, beta_phi=nan
NaN in beta_*: layer 9, bs_iter=38, k=9127, beta_mu=5.108441053473794e+152, beta_phi=nan
NaN in beta_*: layer 9, bs_iter=38, k=9128, beta_mu=4.329864519912075e+152, beta_phi=nan
NaN in beta_*: layer 9, bs_iter=38, k=9130, beta_mu=5.653789493639757e+152, beta_phi=nan
NaN in beta_*: layer 9, bs_iter=38, k=9132, beta_mu=3.283696752899159e+152, beta_phi=nan
NaN in beta_*: layer 9, bs_iter=38, k=9136, beta_mu=5.740154315951653e+152, beta_phi=nan
NaN in beta_*: layer 9, bs_iter=38, k=9138, beta_mu=1.2154829285383574e+153, beta_phi=nan
NaN in beta_*: layer 9, bs_iter=38, k=9139, beta_mu=5.740156473807474e+152, beta_phi=nan
NaN in beta_*: layer 9, bs_iter=38, k=9140, beta_mu=3.61114271107822e+153, beta_phi=nan
NaN in beta_*: layer 9, bs_iter=38, k=9141, beta_mu=3.6469424351297234e+152, beta_phi=nan
NaN in beta_*: layer 9, bs_iter=38, k=9142, beta_mu=8.874559138126883e+152, beta_phi=nan
NaN in beta_*: layer 9, bs_iter=38, k=9144, beta_mu=5.740146490997006e+152, beta_phi=nan
NaN in beta_*: layer 9, bs_iter=38, k=9145, beta_mu=5.472475891654654e+152, beta_phi=nan
NaN in beta_*: layer 9, bs_iter=38, k=9146, beta_mu=5.740149463996842e+152, beta_phi=nan
NaN in beta_*: layer 9, bs_iter=38, k=9148, beta_mu=5.8967833395060845e+152, beta_phi=nan
NaN in beta_*: layer 9, bs_iter=38, k=9152, beta_mu=3.518058205944813e+152, beta_phi=nan
NaN in beta_*: layer 9, bs_iter=38, k=9155, beta_mu=5.292919928894875e+152, beta_phi=nan
NaN in beta_*: layer 9, bs_iter=38, k=9157, beta_mu=4.99609303432378e+152, beta_phi=nan
NaN in beta_*: layer 9, bs_iter=38, k=9161, beta_mu=4.0581292144704277e+152, beta_phi=nan
NaN in beta_*: layer 9, bs_iter=38, k=9165, beta_mu=7.28332672590719e+152, beta_phi=nan
NaN in beta_*: layer 9, bs_iter=38, k=9167, beta_mu=4.654128021832328e+152, beta_phi=nan
NaN in beta_*: layer 9, bs_iter=38, k=9168, beta_mu=5.6445478372784805e+152, beta_phi=nan
NaN in beta_*: layer 9, bs_iter=38, k=9170, beta_mu=2.5667948415296956e+152, beta_phi=nan
NaN in beta_*: layer 9, bs_iter=38, k=9171, beta_mu=2.57677142859447e+152, beta_phi=nan
NaN in beta_*: layer 9, bs_iter=38, k=9173, beta_mu=2.98558613868938e+152, beta_phi=nan
NaN in beta_*: layer 9, bs_iter=38, k=9174, beta_mu=9.886290990657446e+151, beta_phi=nan
NaN in beta_*: layer 9, bs_iter=38, k=9175, beta_mu=1.1094242888128026e+152, beta_phi=nan
NaN in beta_*: layer 9, bs_iter=38, k=9179, beta_mu=5.5030221261618115e+152, beta_phi=nan
NaN in beta_*: layer 9, bs_iter=38, k=9180, beta_mu=5.623473724097998e+152, beta_phi=nan
NaN in beta_*: layer 9, bs_iter=38, k=9182, beta_mu=1.1929056343039351e+153, beta_phi=nan
NaN in beta_*: layer 9, bs_iter=38, k=9186, beta_mu=4.410358455282654e+152, beta_phi=nan
NaN in beta_*: layer 9, bs_iter=38, k=9189, beta_mu=5.848509211565858e+152, beta_phi=nan
NaN in beta_*: layer 9, bs_iter=38, k=9190, beta_mu=4.976299058417069e+152, beta_phi=nan
NaN in beta_*: layer 9, bs_iter=38, k=9191, beta_mu=1.3109985087761004e+152, beta_phi=nan
NaN in beta_*: layer 9, bs_iter=38, k=9193, beta_mu=6.286427563247161e+152, beta_phi=nan
NaN in beta_*: layer 9, bs_iter=38, k=9196, beta_mu=3.775855547521486e+152, beta_phi=nan
NaN in beta_*: layer 9, bs_iter=38, k=9199, beta_mu=1.442866252693504e+152, beta_phi=nan
NaN in beta_*: layer 9, bs_iter=38, k=9201, beta_mu=7.956231055842705e+152, beta_phi=nan
NaN in beta_*: layer 9, bs_iter=38, k=9202, beta_mu=8.883914160640857e+151, beta_phi=nan
NaN in beta_*: layer 9, bs_iter=38, k=9208, beta_mu=9.682533880147625e+152, beta_phi=nan
NaN in beta_*: layer 9, bs_iter=38, k=9209, beta_mu=9.517767491018209e+151, beta_phi=nan
NaN in beta_*: layer 9, bs_iter=38, k=9213, beta_mu=9.206992496382692e+152, beta_phi=nan
NaN in beta_*: layer 9, bs_iter=38, k=9217, beta_mu=4.1505582133327402e+152, beta_phi=nan
NaN in beta_*: layer 9, bs_iter=38, k=9222, beta_mu=4.540325048560056e+152, beta_phi=nan
NaN in beta_*: layer 9, bs_iter=38, k=9224, beta_mu=4.748333369000548e+152, beta_phi=nan
NaN in beta_*: layer 9, bs_iter=38, k=9225, beta_mu=1.5541860407882593e+153, beta_phi=nan
NaN in beta_*: layer 9, bs_iter=38, k=9226, beta_mu=1.0226080923074481e+152, beta_phi=nan
NaN in beta_*: layer 9, bs_iter=38, k=9227, beta_mu=9.682530612654014e+152, beta_phi=nan
NaN in beta_*: layer 9, bs_iter=38, k=9230, beta_mu=9.68252960661059e+152, beta_phi=nan
NaN in beta_*: layer 9, bs_iter=38, k=9231, beta_mu=1.0303066452854839e+152, beta_phi=nan
NaN in beta_*: layer 9, bs_iter=38, k=9232, beta_mu=9.682528246699673e+152, beta_phi=nan
NaN in beta_*: layer 9, bs_iter=38, k=9233, beta_mu=2.3571062774501223e+152, beta_phi=nan
NaN in beta_*: layer 9, bs_iter=38, k=9234, beta_mu=1.1420658256015828e+152, beta_phi=nan
NaN in beta_*: layer 9, bs_iter=38, k=9235, beta_mu=1.3361851501974076e+152, beta_phi=nan
NaN in beta_*: layer 9, bs_iter=38, k=9239, beta_mu=9.79345388898731e+152, beta_phi=nan
NaN in beta_*: layer 9, bs_iter=38, k=9242, beta_mu=2.9619893854920495e+152, beta_phi=nan
NaN in beta_*: layer 9, bs_iter=38, k=9243, beta_mu=3.4324011692499793e+152, beta_phi=nan
NaN in beta_*: layer 9, bs_iter=38, k=9244, beta_mu=1.4074216642821917e+152, beta_phi=nan
NaN in beta_*: layer 9, bs_iter=38, k=9245, beta_mu=4.801769987218003e+152, beta_phi=nan
NaN in beta_*: layer 9, bs_iter=38, k=9246, beta_mu=9.831135245335204e+152, beta_phi=nan
NaN in beta_*: layer 9, bs_iter=38, k=9249, beta_mu=2.0263577467909639e+152, beta_phi=nan
NaN in beta_*: layer 9, bs_iter=38, k=9250, beta_mu=1.7509586195177058e+152, beta_phi=nan
NaN in beta_*: layer 9, bs_iter=38, k=9251, beta_mu=1.8893381842359112e+152, beta_phi=nan
NaN in beta_*: layer 9, bs_iter=38, k=9254, beta_mu=9.831127927712636e+152, beta_phi=nan
NaN in beta_*: layer 9, bs_iter=38, k=9255, beta_mu=2.1334702380970566e+152, beta_phi=nan
NaN in beta_*: layer 9, bs_iter=38, k=9256, beta_mu=1.5354497906430868e+152, beta_phi=nan
NaN in beta_*: layer 9, bs_iter=38, k=9257, beta_mu=1.5440277340814696e+152, beta_phi=nan
NaN in beta_*: layer 9, bs_iter=38, k=9259, beta_mu=3.464660065144731e+152, beta_phi=nan
NaN in beta_*: layer 9, bs_iter=38, k=9260, beta_mu=5.143609193802903e+152, beta_phi=nan
NaN in beta_*: layer 9, bs_iter=38, k=9262, beta_mu=1.4306199317093805e+153, beta_phi=nan
NaN in beta_*: layer 9, bs_iter=38, k=9263, beta_mu=2.3227486566687943e+152, beta_phi=nan
NaN in beta_*: layer 9, bs_iter=38, k=9264, beta_mu=2.2991812657341583e+152, beta_phi=nan
NaN in beta_*: layer 9, bs_iter=38, k=9267, beta_mu=5.6940691058496485e+152, beta_phi=nan
NaN in beta_*: layer 9, bs_iter=38, k=9268, beta_mu=2.10041735835304e+152, beta_phi=nan
NaN in beta_*: layer 9, bs_iter=38, k=9269, beta_mu=2.413234311784321e+152, beta_phi=nan
NaN in beta_*: layer 9, bs_iter=38, k=9270, beta_mu=3.684370126258233e+152, beta_phi=nan
NaN in beta_*: layer 9, bs_iter=38, k=9271, beta_mu=1.0323292517992546e+153, beta_phi=nan
NaN in beta_*: layer 9, bs_iter=38, k=9272, beta_mu=1.0352013399863927e+153, beta_phi=nan
NaN in beta_*: layer 9, bs_iter=38, k=9274, beta_mu=3.3041125330896257e+152, beta_phi=nan
NaN in beta_*: layer 9, bs_iter=38, k=9275, beta_mu=9.82215888597909e+152, beta_phi=nan
NaN in beta_*: layer 9, bs_iter=38, k=9276, beta_mu=1.0488194065981474e+153, beta_phi=nan
NaN in beta_*: layer 9, bs_iter=38, k=9277, beta_mu=1.127117088234275e+152, beta_phi=nan
NaN in beta_*: layer 9, bs_iter=38, k=9278, beta_mu=3.4320425820929286e+152, beta_phi=nan
NaN in beta_*: layer 9, bs_iter=38, k=9279, beta_mu=1.0198994313207173e+152, beta_phi=nan
NaN in beta_*: layer 9, bs_iter=38, k=9280, beta_mu=9.82215644440988e+152, beta_phi=nan
NaN in beta_*: layer 9, bs_iter=38, k=9281, beta_mu=8.961659819539635e+152, beta_phi=nan
NaN in beta_*: layer 9, bs_iter=38, k=9282, beta_mu=1.0987683958303149e+153, beta_phi=nan
NaN in beta_*: layer 9, bs_iter=38, k=9284, beta_mu=9.75000931250007e+152, beta_phi=nan
NaN in beta_*: layer 9, bs_iter=38, k=9285, beta_mu=1.0919547628259023e+153, beta_phi=nan
NaN in beta_*: layer 9, bs_iter=38, k=9287, beta_mu=9.822156210584637e+152, beta_phi=nan
NaN in beta_*: layer 9, bs_iter=38, k=9288, beta_mu=9.668989121162163e+152, beta_phi=nan
NaN in beta_*: layer 9, bs_iter=38, k=9289, beta_mu=3.9447116141882665e+152, beta_phi=nan
NaN in beta_*: layer 9, bs_iter=38, k=9290, beta_mu=2.164657726846251e+152, beta_phi=nan
NaN in beta_*: layer 9, bs_iter=38, k=9291, beta_mu=3.0185106838728276e+152, beta_phi=nan
NaN in beta_*: layer 9, bs_iter=38, k=9294, beta_mu=9.405652495098163e+152, beta_phi=nan
NaN in beta_*: layer 9, bs_iter=38, k=9297, beta_mu=1.2786711741159271e+153, beta_phi=nan
NaN in beta_*: layer 9, bs_iter=38, k=9298, beta_mu=4.259729533138143e+152, beta_phi=nan
NaN in beta_*: layer 9, bs_iter=38, k=9299, beta_mu=1.6189309890388713e+153, beta_phi=nan
NaN in beta_*: layer 9, bs_iter=38, k=9300, beta_mu=1.0371642288988238e+153, beta_phi=nan
NaN in beta_*: layer 9, bs_iter=38, k=9301, beta_mu=2.5436692852324395e+152, beta_phi=nan
NaN in beta_*: layer 9, bs_iter=38, k=9302, beta_mu=9.789221861226324e+151, beta_phi=nan
NaN in beta_*: layer 9, bs_iter=38, k=9303, beta_mu=3.789002404944427e+152, beta_phi=nan
NaN in beta_*: layer 9, bs_iter=38, k=9304, beta_mu=8.524979539965218e+152, beta_phi=nan
NaN in beta_*: layer 9, bs_iter=38, k=9305, beta_mu=8.69606641049241e+152, beta_phi=nan
NaN in beta_*: layer 9, bs_iter=38, k=9306, beta_mu=8.734967349907447e+152, beta_phi=nan
NaN in beta_*: layer 9, bs_iter=38, k=9307, beta_mu=8.731412075663612e+152, beta_phi=nan
NaN in beta_*: layer 9, bs_iter=38, k=9308, beta_mu=2.6755553338710715e+152, beta_phi=nan
NaN in beta_*: layer 9, bs_iter=38, k=9309, beta_mu=8.0488394148202425e+152, beta_phi=nan
NaN in beta_*: layer 9, bs_iter=38, k=9312, beta_mu=1.9762473617294713e+152, beta_phi=nan
NaN in beta_*: layer 9, bs_iter=38, k=9315, beta_mu=1.0139928133602795e+153, beta_phi=nan
NaN in beta_*: layer 9, bs_iter=38, k=9316, beta_mu=1.0074045148122461e+153, beta_phi=nan
NaN in beta_*: layer 9, bs_iter=38, k=9317, beta_mu=9.72259565253677e+152, beta_phi=nan
NaN in beta_*: layer 9, bs_iter=38, k=9318, beta_mu=8.581477721260085e+152, beta_phi=nan
NaN in beta_*: layer 9, bs_iter=38, k=9320, beta_mu=8.299503441020636e+152, beta_phi=nan
NaN in beta_*: layer 9, bs_iter=38, k=9321, beta_mu=8.495637596748808e+152, beta_phi=nan
NaN in beta_*: layer 9, bs_iter=38, k=9324, beta_mu=9.17970457222881e+152, beta_phi=nan
NaN in beta_*: layer 9, bs_iter=38, k=9325, beta_mu=8.718084095646038e+152, beta_phi=nan
NaN in beta_*: layer 9, bs_iter=38, k=9326, beta_mu=8.40659927898896e+152, beta_phi=nan
NaN in beta_*: layer 9, bs_iter=38, k=9328, beta_mu=8.55992624881724e+152, beta_phi=nan
NaN in beta_*: layer 9, bs_iter=38, k=9330, beta_mu=9.903246922619638e+152, beta_phi=nan
NaN in beta_*: layer 9, bs_iter=38, k=9332, beta_mu=1.0009499816686438e+153, beta_phi=nan
NaN in beta_*: layer 9, bs_iter=38, k=9334, beta_mu=7.549655562282405e+152, beta_phi=nan
NaN in beta_*: layer 9, bs_iter=38, k=9336, beta_mu=3.15350311658374e+152, beta_phi=nan
NaN in beta_*: layer 9, bs_iter=38, k=9337, beta_mu=7.514920839915229e+152, beta_phi=nan
NaN in beta_*: layer 9, bs_iter=38, k=9340, beta_mu=8.147901813687543e+152, beta_phi=nan
NaN in beta_*: layer 9, bs_iter=38, k=9342, beta_mu=8.963850723282521e+151, beta_phi=nan
NaN in beta_*: layer 9, bs_iter=38, k=9344, beta_mu=2.1216461156789225e+152, beta_phi=nan
NaN in beta_*: layer 9, bs_iter=38, k=9347, beta_mu=2.6240084774389796e+152, beta_phi=nan
NaN in beta_*: layer 9, bs_iter=38, k=9348, beta_mu=3.6756532006466923e+152, beta_phi=nan
NaN in beta_*: layer 9, bs_iter=38, k=9349, beta_mu=3.436232287406955e+152, beta_phi=nan
NaN in beta_*: layer 9, bs_iter=38, k=9350, beta_mu=1.7891397571312909e+152, beta_phi=nan
NaN in beta_*: layer 9, bs_iter=38, k=9351, beta_mu=3.3432368876678386e+152, beta_phi=nan
NaN in beta_*: layer 9, bs_iter=38, k=9353, beta_mu=3.7849047767367063e+152, beta_phi=nan
NaN in beta_*: layer 9, bs_iter=38, k=9356, beta_mu=3.167493297824986e+152, beta_phi=nan
NaN in beta_*: layer 9, bs_iter=38, k=9364, beta_mu=4.555229983521624e+152, beta_phi=nan
NaN in beta_*: layer 9, bs_iter=38, k=9366, beta_mu=1.2344220309753808e+153, beta_phi=nan
NaN in beta_*: layer 9, bs_iter=38, k=9367, beta_mu=3.1986064369686707e+152, beta_phi=nan
NaN in beta_*: layer 9, bs_iter=38, k=9368, beta_mu=2.3870020859963077e+152, beta_phi=nan
NaN in beta_*: layer 9, bs_iter=38, k=9370, beta_mu=2.040878775701662e+152, beta_phi=nan
NaN in beta_*: layer 9, bs_iter=38, k=9371, beta_mu=1.6946621795328718e+153, beta_phi=nan
NaN in beta_*: layer 9, bs_iter=38, k=9372, beta_mu=1.3447014471735116e+153, beta_phi=nan
NaN in beta_*: layer 9, bs_iter=38, k=9375, beta_mu=1.843892944166611e+153, beta_phi=nan
NaN in beta_*: layer 9, bs_iter=38, k=9384, beta_mu=1.365838027267093e+153, beta_phi=nan
NaN in beta_*: layer 9, bs_iter=38, k=9386, beta_mu=1.2473338143584398e+153, beta_phi=nan
NaN in beta_*: layer 9, bs_iter=38, k=9387, beta_mu=2.6667162486477115e+152, beta_phi=nan
NaN in beta_*: layer 9, bs_iter=38, k=9389, beta_mu=3.156660399412313e+152, beta_phi=nan
NaN in beta_*: layer 9, bs_iter=38, k=9392, beta_mu=1.1692608825735515e+153, beta_phi=nan
NaN in beta_*: layer 9, bs_iter=38, k=9396, beta_mu=2.9463128483673952e+152, beta_phi=nan
NaN in beta_*: layer 9, bs_iter=38, k=9405, beta_mu=2.4002394723151716e+152, beta_phi=nan
NaN in beta_*: layer 9, bs_iter=38, k=9409, beta_mu=1.86448439871408e+153, beta_phi=nan
NaN in beta_*: layer 9, bs_iter=38, k=9413, beta_mu=1.2831157711031685e+153, beta_phi=nan
NaN in beta_*: layer 9, bs_iter=38, k=9418, beta_mu=3.257853339799251e+152, beta_phi=nan
NaN in beta_*: layer 9, bs_iter=38, k=9422, beta_mu=3.638124149593689e+152, beta_phi=nan
NaN in beta_*: layer 9, bs_iter=38, k=9423, beta_mu=1.2253398109131949e+153, beta_phi=nan
NaN in beta_*: layer 9, bs_iter=38, k=9425, beta_mu=2.451152642056974e+153, beta_phi=nan
NaN in beta_*: layer 9, bs_iter=38, k=9427, beta_mu=9.213435351616922e+151, beta_phi=nan
NaN in beta_*: layer 9, bs_iter=38, k=9432, beta_mu=1.5176136185508478e+153, beta_phi=nan
NaN in beta_*: layer 9, bs_iter=38, k=9433, beta_mu=1.2171926743740078e+152, beta_phi=nan
NaN in beta_*: layer 9, bs_iter=38, k=9434, beta_mu=7.433973101190674e+152, beta_phi=nan
NaN in beta_*: layer 9, bs_iter=38, k=9439, beta_mu=1.219731614784849e+153, beta_phi=nan
NaN in beta_*: layer 9, bs_iter=38, k=9440, beta_mu=1.6658169987163439e+152, beta_phi=nan
NaN in beta_*: layer 9, bs_iter=38, k=9445, beta_mu=1.2318763986502653e+153, beta_phi=nan
NaN in beta_*: layer 9, bs_iter=38, k=9447, beta_mu=1.740531606975656e+152, beta_phi=nan
NaN in beta_*: layer 9, bs_iter=38, k=9449, beta_mu=2.308364965653309e+152, beta_phi=nan
NaN in beta_*: layer 9, bs_iter=38, k=9450, beta_mu=1.8677909048303304e+152, beta_phi=nan
NaN in beta_*: layer 9, bs_iter=38, k=9451, beta_mu=3.3338768400455775e+152, beta_phi=nan
NaN in beta_*: layer 9, bs_iter=38, k=9452, beta_mu=4.083188481867288e+152, beta_phi=nan
NaN in beta_*: layer 9, bs_iter=38, k=9453, beta_mu=9.583363513980706e+152, beta_phi=nan
NaN in beta_*: layer 9, bs_iter=38, k=9454, beta_mu=2.8376313929599082e+152, beta_phi=nan
NaN in beta_*: layer 9, bs_iter=38, k=9455, beta_mu=1.2048204788974258e+152, beta_phi=nan
NaN in beta_*: layer 9, bs_iter=38, k=9459, beta_mu=2.557462697207696e+152, beta_phi=nan
NaN in beta_*: layer 9, bs_iter=38, k=9461, beta_mu=1.0595209953204506e+153, beta_phi=nan
NaN in beta_*: layer 9, bs_iter=38, k=9464, beta_mu=4.813829661999374e+152, beta_phi=nan
NaN in beta_*: layer 9, bs_iter=38, k=9468, beta_mu=1.4485153165375514e+153, beta_phi=nan
NaN in beta_*: layer 9, bs_iter=38, k=9471, beta_mu=2.70687364376981e+152, beta_phi=nan
NaN in beta_*: layer 9, bs_iter=38, k=9476, beta_mu=5.419291707409249e+152, beta_phi=nan
NaN in beta_*: layer 9, bs_iter=38, k=9478, beta_mu=1.079888127436363e+153, beta_phi=nan
NaN in beta_*: layer 9, bs_iter=38, k=9486, beta_mu=1.9181503588280193e+152, beta_phi=nan
NaN in beta_*: layer 9, bs_iter=38, k=9487, beta_mu=3.3193534302687597e+152, beta_phi=nan
NaN in beta_*: layer 9, bs_iter=38, k=9490, beta_mu=1.4601904843328217e+152, beta_phi=nan
NaN in beta_*: layer 9, bs_iter=38, k=9492, beta_mu=1.9170489717159127e+152, beta_phi=nan
NaN in beta_*: layer 9, bs_iter=38, k=9495, beta_mu=1.9386882542578697e+153, beta_phi=nan
NaN in beta_*: layer 9, bs_iter=38, k=9496, beta_mu=5.273052185958898e+152, beta_phi=nan
NaN in beta_*: layer 9, bs_iter=38, k=9503, beta_mu=2.223805834369327e+152, beta_phi=nan
NaN in beta_*: layer 9, bs_iter=38, k=9504, beta_mu=2.8223185818775463e+152, beta_phi=nan
NaN in beta_*: layer 9, bs_iter=38, k=9508, beta_mu=2.3265883531014366e+153, beta_phi=nan
NaN in beta_*: layer 9, bs_iter=38, k=9511, beta_mu=4.75061330902232e+152, beta_phi=nan
NaN in beta_*: layer 9, bs_iter=38, k=9513, beta_mu=8.302367106087722e+152, beta_phi=nan
NaN in beta_*: layer 9, bs_iter=38, k=9514, beta_mu=1.3755916220892322e+153, beta_phi=nan
NaN in beta_*: layer 9, bs_iter=38, k=9518, beta_mu=1.9804829707429056e+153, beta_phi=nan
NaN in beta_*: layer 9, bs_iter=38, k=9521, beta_mu=1.717319698317246e+152, beta_phi=nan
NaN in beta_*: layer 9, bs_iter=38, k=9522, beta_mu=2.0119474740796883e+153, beta_phi=nan
NaN in beta_*: layer 9, bs_iter=38, k=9523, beta_mu=1.689502514347254e+153, beta_phi=nan
NaN in beta_*: layer 9, bs_iter=38, k=9528, beta_mu=1.742190603766707e+153, beta_phi=nan
NaN in beta_*: layer 9, bs_iter=38, k=9531, beta_mu=2.783891316715449e+152, beta_phi=nan
NaN in beta_*: layer 9, bs_iter=38, k=9533, beta_mu=1.7051845190724408e+152, beta_phi=nan
NaN in beta_*: layer 9, bs_iter=38, k=9538, beta_mu=1.6731495278641802e+153, beta_phi=nan
NaN in beta_*: layer 9, bs_iter=38, k=9548, beta_mu=4.973031863875439e+152, beta_phi=nan
NaN in beta_*: layer 9, bs_iter=38, k=9550, beta_mu=2.125741412254952e+152, beta_phi=nan
NaN in beta_*: layer 9, bs_iter=38, k=9556, beta_mu=6.085858028363055e+152, beta_phi=nan
NaN in beta_*: layer 9, bs_iter=38, k=9558, beta_mu=6.438774099309153e+152, beta_phi=nan
NaN in beta_*: layer 9, bs_iter=38, k=9565, beta_mu=9.037350030374095e+152, beta_phi=nan
NaN in beta_*: layer 9, bs_iter=38, k=9573, beta_mu=1.529629169693088e+152, beta_phi=nan
NaN in beta_*: layer 9, bs_iter=38, k=9574, beta_mu=8.909501925100921e+151, beta_phi=nan
NaN in beta_*: layer 9, bs_iter=38, k=9577, beta_mu=1.0246882558636413e+153, beta_phi=nan
NaN in beta_*: layer 9, bs_iter=38, k=9580, beta_mu=2.0104981616359045e+153, beta_phi=nan
NaN in beta_*: layer 9, bs_iter=38, k=9589, beta_mu=5.626597035651787e+152, beta_phi=nan
NaN in beta_*: layer 9, bs_iter=38, k=9590, beta_mu=1.0037686056418797e+153, beta_phi=nan
NaN in beta_*: layer 9, bs_iter=38, k=9593, beta_mu=1.036530934519825e+153, beta_phi=nan
NaN in beta_*: layer 9, bs_iter=38, k=9594, beta_mu=3.98261571933759e+152, beta_phi=nan
NaN in beta_*: layer 9, bs_iter=38, k=9595, beta_mu=2.869719690241079e+152, beta_phi=nan
NaN in beta_*: layer 9, bs_iter=38, k=9597, beta_mu=5.626586704564179e+152, beta_phi=nan
NaN in beta_*: layer 9, bs_iter=38, k=9598, beta_mu=7.275108382403964e+152, beta_phi=nan
NaN in beta_*: layer 9, bs_iter=38, k=9599, beta_mu=8.020228223442192e+152, beta_phi=nan
NaN in beta_*: layer 9, bs_iter=38, k=9601, beta_mu=1.0008515236622702e+152, beta_phi=nan
NaN in beta_*: layer 9, bs_iter=38, k=9603, beta_mu=3.4668263887915503e+152, beta_phi=nan
NaN in beta_*: layer 9, bs_iter=38, k=9606, beta_mu=3.891394910870482e+152, beta_phi=nan
NaN in beta_*: layer 9, bs_iter=38, k=9607, beta_mu=2.1315763681278886e+152, beta_phi=nan
NaN in beta_*: layer 9, bs_iter=38, k=9616, beta_mu=6.154589045037326e+152, beta_phi=nan
NaN in beta_*: layer 9, bs_iter=38, k=9620, beta_mu=1.2487934685669399e+153, beta_phi=nan
NaN in beta_*: layer 9, bs_iter=38, k=9621, beta_mu=2.939601214938265e+152, beta_phi=nan
NaN in beta_*: layer 9, bs_iter=38, k=9626, beta_mu=1.6616237692181974e+152, beta_phi=nan
NaN in beta_*: layer 9, bs_iter=38, k=9628, beta_mu=2.195523080507729e+152, beta_phi=nan
NaN in beta_*: layer 9, bs_iter=38, k=9629, beta_mu=1.4557336741960153e+152, beta_phi=nan
NaN in beta_*: layer 9, bs_iter=38, k=9631, beta_mu=1.0510965315170273e+152, beta_phi=nan
NaN in beta_*: layer 9, bs_iter=38, k=9639, beta_mu=9.774140508175162e+151, beta_phi=nan
NaN in beta_*: layer 9, bs_iter=38, k=9645, beta_mu=1.2774483019338407e+152, beta_phi=nan
NaN in beta_*: layer 9, bs_iter=38, k=9648, beta_mu=7.548172596393657e+152, beta_phi=nan
NaN in beta_*: layer 9, bs_iter=38, k=9659, beta_mu=5.2042393403494925e+152, beta_phi=nan
NaN in beta_*: layer 9, bs_iter=38, k=9674, beta_mu=3.2624932378863173e+152, beta_phi=nan
NaN in beta_*: layer 9, bs_iter=38, k=9675, beta_mu=1.0446932816502388e+152, beta_phi=nan
NaN in beta_*: layer 9, bs_iter=38, k=9680, beta_mu=2.356788139098881e+152, beta_phi=nan
NaN in beta_*: layer 9, bs_iter=38, k=9687, beta_mu=1.0456567293415026e+153, beta_phi=nan
NaN in beta_*: layer 9, bs_iter=38, k=9705, beta_mu=1.2352268479633496e+153, beta_phi=nan
NaN in beta_*: layer 9, bs_iter=38, k=9709, beta_mu=9.243217875324423e+151, beta_phi=nan
NaN in beta_*: layer 9, bs_iter=38, k=9711, beta_mu=2.722868874672429e+152, beta_phi=nan
NaN in beta_*: layer 9, bs_iter=38, k=9719, beta_mu=3.104000311027311e+152, beta_phi=nan
NaN in beta_*: layer 9, bs_iter=38, k=9722, beta_mu=4.211143403877602e+152, beta_phi=nan
NaN in beta_*: layer 9, bs_iter=38, k=9727, beta_mu=4.882999595133645e+152, beta_phi=nan
NaN in beta_*: layer 9, bs_iter=38, k=9729, beta_mu=2.347193782409726e+152, beta_phi=nan
NaN in beta_*: layer 9, bs_iter=38, k=9734, beta_mu=3.2821229116103735e+152, beta_phi=nan
NaN in beta_*: layer 9, bs_iter=38, k=9736, beta_mu=1.4046944916440572e+152, beta_phi=nan
NaN in beta_*: layer 9, bs_iter=38, k=9738, beta_mu=5.842609222159069e+152, beta_phi=nan
NaN in beta_*: layer 9, bs_iter=38, k=9739, beta_mu=6.4115245919698e+152, beta_phi=nan
NaN in beta_*: layer 9, bs_iter=38, k=9740, beta_mu=7.975104642151165e+152, beta_phi=nan
NaN in beta_*: layer 9, bs_iter=38, k=9741, beta_mu=5.528298729852995e+152, beta_phi=nan
NaN in beta_*: layer 9, bs_iter=38, k=9746, beta_mu=1.3433963284442606e+153, beta_phi=nan
NaN in beta_*: layer 9, bs_iter=38, k=9747, beta_mu=1.343391748650734e+153, beta_phi=nan
NaN in beta_*: layer 9, bs_iter=38, k=9748, beta_mu=1.3433986871124669e+153, beta_phi=nan
NaN in beta_*: layer 9, bs_iter=38, k=9752, beta_mu=1.4833666603572617e+152, beta_phi=nan
NaN in beta_*: layer 9, bs_iter=38, k=9754, beta_mu=1.5417265127920806e+152, beta_phi=nan
NaN in beta_*: layer 9, bs_iter=38, k=9755, beta_mu=6.418941437705462e+152, beta_phi=nan
NaN in beta_*: layer 9, bs_iter=38, k=9756, beta_mu=4.516788793251855e+152, beta_phi=nan
NaN in beta_*: layer 9, bs_iter=38, k=9757, beta_mu=3.144711797948218e+152, beta_phi=nan
NaN in beta_*: layer 9, bs_iter=38, k=9758, beta_mu=3.144715732823757e+152, beta_phi=nan
NaN in beta_*: layer 9, bs_iter=38, k=9759, beta_mu=5.497381791674006e+152, beta_phi=nan
NaN in beta_*: layer 9, bs_iter=38, k=9760, beta_mu=1.378647210655009e+152, beta_phi=nan
NaN in beta_*: layer 9, bs_iter=38, k=9761, beta_mu=4.5167778314852355e+152, beta_phi=nan
NaN in beta_*: layer 9, bs_iter=38, k=9762, beta_mu=9.303930386507157e+152, beta_phi=nan
NaN in beta_*: layer 9, bs_iter=38, k=9763, beta_mu=1.5365863990890137e+152, beta_phi=nan
NaN in beta_*: layer 9, bs_iter=38, k=9770, beta_mu=1.7425157202774062e+152, beta_phi=nan
NaN in beta_*: layer 9, bs_iter=38, k=9771, beta_mu=1.683008200298551e+152, beta_phi=nan
NaN in beta_*: layer 9, bs_iter=38, k=9772, beta_mu=2.0045573726975653e+152, beta_phi=nan
NaN in beta_*: layer 9, bs_iter=38, k=9774, beta_mu=4.5909440196799775e+152, beta_phi=nan
NaN in beta_*: layer 9, bs_iter=38, k=9775, beta_mu=2.4070127943529646e+152, beta_phi=nan
NaN in beta_*: layer 9, bs_iter=38, k=9776, beta_mu=2.6125643610204756e+152, beta_phi=nan
NaN in beta_*: layer 9, bs_iter=38, k=9777, beta_mu=1.4976899215926987e+152, beta_phi=nan
NaN in beta_*: layer 9, bs_iter=38, k=9778, beta_mu=1.6169758003518707e+152, beta_phi=nan
NaN in beta_*: layer 9, bs_iter=38, k=9779, beta_mu=3.896263953493503e+152, beta_phi=nan
NaN in beta_*: layer 9, bs_iter=38, k=9781, beta_mu=3.1900823978735934e+152, beta_phi=nan
NaN in beta_*: layer 9, bs_iter=38, k=9782, beta_mu=1.5089001493162204e+152, beta_phi=nan
NaN in beta_*: layer 9, bs_iter=38, k=9788, beta_mu=6.121231697016144e+152, beta_phi=nan
NaN in beta_*: layer 9, bs_iter=38, k=9789, beta_mu=2.522830758074226e+152, beta_phi=nan
NaN in beta_*: layer 9, bs_iter=38, k=9790, beta_mu=1.769874209869286e+152, beta_phi=nan
NaN in beta_*: layer 9, bs_iter=38, k=9791, beta_mu=2.0910219602224736e+152, beta_phi=nan
NaN in beta_*: layer 9, bs_iter=38, k=9792, beta_mu=1.5812249126350711e+152, beta_phi=nan
NaN in beta_*: layer 9, bs_iter=38, k=9793, beta_mu=3.015179319222964e+152, beta_phi=nan
NaN in beta_*: layer 9, bs_iter=38, k=9795, beta_mu=2.035072829874802e+152, beta_phi=nan
NaN in beta_*: layer 9, bs_iter=38, k=9797, beta_mu=6.640283795097529e+152, beta_phi=nan
NaN in beta_*: layer 9, bs_iter=38, k=9799, beta_mu=2.41920223023578e+152, beta_phi=nan
NaN in beta_*: layer 9, bs_iter=38, k=9801, beta_mu=2.584640063608179e+152, beta_phi=nan
NaN in beta_*: layer 9, bs_iter=38, k=9802, beta_mu=7.466132095887305e+152, beta_phi=nan
NaN in beta_*: layer 9, bs_iter=38, k=9804, beta_mu=1.9731199289049483e+152, beta_phi=nan
NaN in beta_*: layer 9, bs_iter=38, k=9805, beta_mu=7.497488164002349e+152, beta_phi=nan
NaN in beta_*: layer 9, bs_iter=38, k=9806, beta_mu=6.598788777812867e+152, beta_phi=nan
NaN in beta_*: layer 9, bs_iter=38, k=9807, beta_mu=2.65838957926464e+152, beta_phi=nan
NaN in beta_*: layer 9, bs_iter=38, k=9808, beta_mu=4.1136050399638727e+152, beta_phi=nan
NaN in beta_*: layer 9, bs_iter=38, k=9809, beta_mu=1.6979061085591404e+152, beta_phi=nan
NaN in beta_*: layer 9, bs_iter=38, k=9810, beta_mu=3.790683077586114e+152, beta_phi=nan
NaN in beta_*: layer 9, bs_iter=38, k=9811, beta_mu=1.264465608149355e+152, beta_phi=nan
NaN in beta_*: layer 9, bs_iter=38, k=9812, beta_mu=8.852470719894977e+151, beta_phi=nan
NaN in beta_*: layer 9, bs_iter=38, k=9813, beta_mu=1.6061924711672254e+152, beta_phi=nan
NaN in beta_*: layer 9, bs_iter=38, k=9815, beta_mu=1.0926729732686423e+152, beta_phi=nan
NaN in beta_*: layer 9, bs_iter=38, k=9816, beta_mu=6.16936858885875e+152, beta_phi=nan
NaN in beta_*: layer 9, bs_iter=38, k=9819, beta_mu=6.312066482124515e+152, beta_phi=nan
NaN in beta_*: layer 9, bs_iter=38, k=9820, beta_mu=4.548756862506645e+152, beta_phi=nan
NaN in beta_*: layer 9, bs_iter=38, k=9821, beta_mu=4.867928995578312e+152, beta_phi=nan
NaN in beta_*: layer 9, bs_iter=38, k=9822, beta_mu=6.191867490861671e+152, beta_phi=nan
NaN in beta_*: layer 9, bs_iter=38, k=9824, beta_mu=3.827233242290847e+152, beta_phi=nan
NaN in beta_*: layer 9, bs_iter=38, k=9825, beta_mu=5.841016624950898e+152, beta_phi=nan
NaN in beta_*: layer 9, bs_iter=38, k=9828, beta_mu=4.498102819073501e+152, beta_phi=nan
NaN in beta_*: layer 9, bs_iter=38, k=9829, beta_mu=4.498103482743198e+152, beta_phi=nan
NaN in beta_*: layer 9, bs_iter=38, k=9830, beta_mu=5.415161844858471e+152, beta_phi=nan
NaN in beta_*: layer 9, bs_iter=38, k=9832, beta_mu=4.428211040376563e+152, beta_phi=nan
NaN in beta_*: layer 9, bs_iter=38, k=9833, beta_mu=4.448063052391957e+152, beta_phi=nan
NaN in beta_*: layer 9, bs_iter=38, k=9834, beta_mu=4.4219307940904345e+152, beta_phi=nan
NaN in beta_*: layer 9, bs_iter=38, k=9835, beta_mu=6.27097254582943e+152, beta_phi=nan
NaN in beta_*: layer 9, bs_iter=38, k=9837, beta_mu=4.193244799752329e+152, beta_phi=nan
NaN in beta_*: layer 9, bs_iter=38, k=9838, beta_mu=6.099233365279427e+152, beta_phi=nan
NaN in beta_*: layer 9, bs_iter=38, k=9839, beta_mu=4.367203494957244e+152, beta_phi=nan
NaN in beta_*: layer 9, bs_iter=38, k=9841, beta_mu=1.6481809389705422e+152, beta_phi=nan
NaN in beta_*: layer 9, bs_iter=38, k=9843, beta_mu=4.428233704394692e+152, beta_phi=nan
NaN in beta_*: layer 9, bs_iter=38, k=9844, beta_mu=4.428241759575039e+152, beta_phi=nan
NaN in beta_*: layer 9, bs_iter=38, k=9845, beta_mu=4.557807341477107e+152, beta_phi=nan
NaN in beta_*: layer 9, bs_iter=38, k=9846, beta_mu=4.126518958355169e+152, beta_phi=nan
NaN in beta_*: layer 9, bs_iter=38, k=9848, beta_mu=2.647740951123484e+152, beta_phi=nan
NaN in beta_*: layer 9, bs_iter=38, k=9849, beta_mu=1.2320157083598494e+153, beta_phi=nan
NaN in beta_*: layer 9, bs_iter=38, k=9851, beta_mu=4.331800204893192e+152, beta_phi=nan
NaN in beta_*: layer 9, bs_iter=38, k=9852, beta_mu=3.803695535418741e+152, beta_phi=nan
NaN in beta_*: layer 9, bs_iter=38, k=9853, beta_mu=4.257714141446758e+152, beta_phi=nan
NaN in beta_*: layer 9, bs_iter=38, k=9854, beta_mu=4.469630915019491e+152, beta_phi=nan
NaN in beta_*: layer 9, bs_iter=38, k=9856, beta_mu=1.0602995360276361e+153, beta_phi=nan
NaN in beta_*: layer 9, bs_iter=38, k=9857, beta_mu=4.469620281562473e+152, beta_phi=nan
NaN in beta_*: layer 9, bs_iter=38, k=9858, beta_mu=4.579615756685012e+152, beta_phi=nan
NaN in beta_*: layer 9, bs_iter=38, k=9859, beta_mu=2.6966505056970964e+152, beta_phi=nan
NaN in beta_*: layer 9, bs_iter=38, k=9860, beta_mu=4.3413051922743115e+152, beta_phi=nan
NaN in beta_*: layer 9, bs_iter=38, k=9861, beta_mu=4.469603174005113e+152, beta_phi=nan
NaN in beta_*: layer 9, bs_iter=38, k=9862, beta_mu=4.210778936535487e+152, beta_phi=nan
NaN in beta_*: layer 9, bs_iter=38, k=9863, beta_mu=4.862879098791383e+152, beta_phi=nan
NaN in beta_*: layer 9, bs_iter=38, k=9864, beta_mu=4.479557427442872e+152, beta_phi=nan
NaN in beta_*: layer 9, bs_iter=38, k=9866, beta_mu=4.52131971167072e+152, beta_phi=nan
NaN in beta_*: layer 9, bs_iter=38, k=9868, beta_mu=3.861123990525412e+152, beta_phi=nan
NaN in beta_*: layer 9, bs_iter=38, k=9869, beta_mu=4.5815064475293235e+152, beta_phi=nan
NaN in beta_*: layer 9, bs_iter=38, k=9871, beta_mu=3.8035131393752642e+152, beta_phi=nan
NaN in beta_*: layer 9, bs_iter=38, k=9872, beta_mu=4.5110800300316e+152, beta_phi=nan
NaN in beta_*: layer 9, bs_iter=38, k=9875, beta_mu=4.631906885565156e+152, beta_phi=nan
NaN in beta_*: layer 9, bs_iter=38, k=9876, beta_mu=4.1732262886557244e+152, beta_phi=nan
NaN in beta_*: layer 9, bs_iter=38, k=9877, beta_mu=4.627633444098511e+152, beta_phi=nan
NaN in beta_*: layer 9, bs_iter=38, k=9879, beta_mu=4.0831814499355557e+152, beta_phi=nan
NaN in beta_*: layer 9, bs_iter=38, k=9882, beta_mu=4.531039777790682e+152, beta_phi=nan
NaN in beta_*: layer 9, bs_iter=38, k=9883, beta_mu=3.935679784351903e+152, beta_phi=nan
NaN in beta_*: layer 9, bs_iter=38, k=9885, beta_mu=6.465269770840281e+152, beta_phi=nan
NaN in beta_*: layer 9, bs_iter=38, k=9886, beta_mu=4.6409906384946705e+152, beta_phi=nan
NaN in beta_*: layer 9, bs_iter=38, k=9887, beta_mu=5.906630984729181e+152, beta_phi=nan
NaN in beta_*: layer 9, bs_iter=38, k=9888, beta_mu=2.208530781860076e+152, beta_phi=nan
NaN in beta_*: layer 9, bs_iter=38, k=9890, beta_mu=4.593261149276075e+152, beta_phi=nan
NaN in beta_*: layer 9, bs_iter=38, k=9892, beta_mu=5.925767005430527e+152, beta_phi=nan
NaN in beta_*: layer 9, bs_iter=38, k=9893, beta_mu=6.653991907691224e+152, beta_phi=nan
NaN in beta_*: layer 9, bs_iter=38, k=9896, beta_mu=4.52105755953529e+152, beta_phi=nan
NaN in beta_*: layer 9, bs_iter=38, k=9897, beta_mu=6.228321096884361e+152, beta_phi=nan
NaN in beta_*: layer 9, bs_iter=38, k=9898, beta_mu=4.651535050116285e+152, beta_phi=nan
NaN in beta_*: layer 9, bs_iter=38, k=9899, beta_mu=5.614667524946299e+152, beta_phi=nan
NaN in beta_*: layer 9, bs_iter=38, k=9902, beta_mu=4.53109330640556e+152, beta_phi=nan
NaN in beta_*: layer 9, bs_iter=38, k=9903, beta_mu=4.402019469205457e+152, beta_phi=nan
NaN in beta_*: layer 9, bs_iter=38, k=9904, beta_mu=5.614670532329829e+152, beta_phi=nan
NaN in beta_*: layer 9, bs_iter=38, k=9905, beta_mu=4.402016787349431e+152, beta_phi=nan
NaN in beta_*: layer 9, bs_iter=38, k=9906, beta_mu=2.797928622651469e+152, beta_phi=nan
NaN in beta_*: layer 9, bs_iter=38, k=9907, beta_mu=5.1707845990072975e+152, beta_phi=nan
NaN in beta_*: layer 9, bs_iter=38, k=9909, beta_mu=1.1707208726106695e+153, beta_phi=nan
NaN in beta_*: layer 9, bs_iter=38, k=9911, beta_mu=5.614665728115133e+152, beta_phi=nan
NaN in beta_*: layer 9, bs_iter=38, k=9912, beta_mu=4.511075103794212e+152, beta_phi=nan
NaN in beta_*: layer 9, bs_iter=38, k=9918, beta_mu=1.9483025047866496e+152, beta_phi=nan
NaN in beta_*: layer 9, bs_iter=38, k=9921, beta_mu=5.077454001590519e+152, beta_phi=nan
NaN in beta_*: layer 9, bs_iter=38, k=9922, beta_mu=5.761174378805141e+152, beta_phi=nan
NaN in beta_*: layer 9, bs_iter=38, k=9923, beta_mu=1.1629240178305772e+152, beta_phi=nan
NaN in beta_*: layer 9, bs_iter=38, k=9929, beta_mu=1.7614971881350792e+152, beta_phi=nan
NaN in beta_*: layer 9, bs_iter=38, k=9930, beta_mu=4.6206007850129965e+152, beta_phi=nan
NaN in beta_*: layer 9, bs_iter=38, k=9933, beta_mu=4.944807906578525e+152, beta_phi=nan
NaN in beta_*: layer 9, bs_iter=38, k=9934, beta_mu=4.4270718836595995e+152, beta_phi=nan
NaN in beta_*: layer 9, bs_iter=38, k=9935, beta_mu=4.764265398508319e+152, beta_phi=nan
NaN in beta_*: layer 9, bs_iter=38, k=9936, beta_mu=6.398087556443663e+152, beta_phi=nan
NaN in beta_*: layer 9, bs_iter=38, k=9937, beta_mu=5.829245556297367e+152, beta_phi=nan
NaN in beta_*: layer 9, bs_iter=38, k=9940, beta_mu=6.567554262593789e+152, beta_phi=nan
NaN in beta_*: layer 9, bs_iter=38, k=9941, beta_mu=3.378602546450577e+152, beta_phi=nan
NaN in beta_*: layer 9, bs_iter=38, k=9942, beta_mu=4.606639919460131e+152, beta_phi=nan
NaN in beta_*: layer 9, bs_iter=38, k=9943, beta_mu=4.521322453171908e+152, beta_phi=nan
NaN in beta_*: layer 9, bs_iter=38, k=9945, beta_mu=5.186231384084207e+152, beta_phi=nan
NaN in beta_*: layer 9, bs_iter=38, k=9946, beta_mu=5.749780812827483e+152, beta_phi=nan
NaN in beta_*: layer 9, bs_iter=38, k=9947, beta_mu=4.631911940966624e+152, beta_phi=nan
NaN in beta_*: layer 9, bs_iter=38, k=9949, beta_mu=6.272851834052147e+152, beta_phi=nan
NaN in beta_*: layer 9, bs_iter=38, k=9950, beta_mu=2.0426556260884222e+152, beta_phi=nan
NaN in beta_*: layer 9, bs_iter=38, k=9951, beta_mu=5.408204301765273e+152, beta_phi=nan
NaN in beta_*: layer 9, bs_iter=38, k=9953, beta_mu=4.631913613345979e+152, beta_phi=nan
NaN in beta_*: layer 9, bs_iter=38, k=9956, beta_mu=3.0941011206225906e+152, beta_phi=nan
NaN in beta_*: layer 9, bs_iter=38, k=9957, beta_mu=9.912038818326033e+152, beta_phi=nan
NaN in beta_*: layer 9, bs_iter=38, k=9959, beta_mu=5.829242910030315e+152, beta_phi=nan
NaN in beta_*: layer 9, bs_iter=38, k=9962, beta_mu=1.4774787278513461e+153, beta_phi=nan
NaN in beta_*: layer 9, bs_iter=38, k=9964, beta_mu=4.524910872108568e+152, beta_phi=nan
NaN in beta_*: layer 9, bs_iter=38, k=9965, beta_mu=1.223658117085523e+152, beta_phi=nan
NaN in beta_*: layer 9, bs_iter=38, k=9966, beta_mu=4.531346490531169e+152, beta_phi=nan
NaN in beta_*: layer 9, bs_iter=38, k=9968, beta_mu=1.120628846590827e+152, beta_phi=nan
NaN in beta_*: layer 9, bs_iter=38, k=9969, beta_mu=6.481650890078577e+152, beta_phi=nan
NaN in beta_*: layer 9, bs_iter=38, k=9971, beta_mu=4.412036938070727e+152, beta_phi=nan
NaN in beta_*: layer 9, bs_iter=38, k=9972, beta_mu=5.289261275400266e+152, beta_phi=nan
NaN in beta_*: layer 9, bs_iter=38, k=9973, beta_mu=4.565732522467745e+152, beta_phi=nan
NaN in beta_*: layer 9, bs_iter=38, k=9975, beta_mu=4.534185309844239e+152, beta_phi=nan
NaN in beta_*: layer 9, bs_iter=38, k=9978, beta_mu=6.788473237418412e+152, beta_phi=nan
NaN in beta_*: layer 9, bs_iter=38, k=9982, beta_mu=3.2167903978349653e+152, beta_phi=nan
NaN in beta_*: layer 9, bs_iter=38, k=9986, beta_mu=6.038746727773947e+152, beta_phi=nan
NaN in beta_*: layer 9, bs_iter=38, k=9987, beta_mu=6.883185920650173e+152, beta_phi=nan
NaN in beta_*: layer 9, bs_iter=38, k=9988, beta_mu=3.120406424524205e+152, beta_phi=nan
NaN in beta_*: layer 9, bs_iter=38, k=9989, beta_mu=3.0818308187710883e+152, beta_phi=nan
NaN in beta_*: layer 9, bs_iter=38, k=9990, beta_mu=6.776626606983371e+152, beta_phi=nan
NaN in beta_*: layer 9, bs_iter=38, k=9991, beta_mu=6.877833369057934e+152, beta_phi=nan
NaN in beta_*: layer 9, bs_iter=38, k=9992, beta_mu=1.3207264779384271e+153, beta_phi=nan
NaN in beta_*: layer 9, bs_iter=38, k=9994, beta_mu=2.1981010532850895e+153, beta_phi=nan
NaN in beta_*: layer 9, bs_iter=38, k=9997, beta_mu=3.5944808155192496e+152, beta_phi=nan
NaN in beta_*: layer 9, bs_iter=38, k=9998, beta_mu=3.148785385595739e+152, beta_phi=nan
NaN in beta_*: layer 9, bs_iter=38, k=9999, beta_mu=3.4003558442428505e+152, beta_phi=nan
NaN in beta_*: layer 9, bs_iter=38, k=10003, beta_mu=1.6372756155372517e+152, beta_phi=nan
NaN in beta_*: layer 9, bs_iter=38, k=10004, beta_mu=2.9853647452533727e+152, beta_phi=nan
NaN in beta_*: layer 9, bs_iter=38, k=10007, beta_mu=1.222339721513081e+152, beta_phi=nan
NaN in beta_*: layer 9, bs_iter=38, k=10009, beta_mu=6.451145284953804e+152, beta_phi=nan
NaN in beta_*: layer 9, bs_iter=38, k=10011, beta_mu=9.128884293790636e+151, beta_phi=nan
NaN in beta_*: layer 9, bs_iter=38, k=10012, beta_mu=4.0795734827236686e+152, beta_phi=nan
NaN in beta_*: layer 9, bs_iter=38, k=10013, beta_mu=4.732830107251945e+152, beta_phi=nan
NaN in beta_*: layer 9, bs_iter=38, k=10014, beta_mu=9.097848792996115e+151, beta_phi=nan
NaN in beta_*: layer 9, bs_iter=38, k=10017, beta_mu=9.328110752139329e+151, beta_phi=nan
NaN in beta_*: layer 9, bs_iter=38, k=10019, beta_mu=4.560284940559779e+152, beta_phi=nan
NaN in beta_*: layer 9, bs_iter=38, k=10020, beta_mu=2.8246258197912153e+152, beta_phi=nan
NaN in beta_*: layer 9, bs_iter=38, k=10021, beta_mu=4.4004277135505155e+152, beta_phi=nan
NaN in beta_*: layer 9, bs_iter=38, k=10025, beta_mu=4.368055192935014e+152, beta_phi=nan
NaN in beta_*: layer 9, bs_iter=38, k=10029, beta_mu=3.514155626482098e+152, beta_phi=nan
NaN in beta_*: layer 9, bs_iter=38, k=10030, beta_mu=4.368059522732934e+152, beta_phi=nan
NaN in beta_*: layer 9, bs_iter=38, k=10032, beta_mu=4.670848406471713e+152, beta_phi=nan
NaN in beta_*: layer 9, bs_iter=38, k=10033, beta_mu=4.5870121752843855e+152, beta_phi=nan
NaN in beta_*: layer 9, bs_iter=38, k=10034, beta_mu=1.1102349675228174e+152, beta_phi=nan
NaN in beta_*: layer 9, bs_iter=38, k=10035, beta_mu=9.098291067259794e+151, beta_phi=nan
NaN in beta_*: layer 9, bs_iter=38, k=10036, beta_mu=6.088345400739923e+152, beta_phi=nan
NaN in beta_*: layer 9, bs_iter=38, k=10037, beta_mu=4.368057363067912e+152, beta_phi=nan
NaN in beta_*: layer 9, bs_iter=38, k=10038, beta_mu=3.49968349539748e+152, beta_phi=nan
NaN in beta_*: layer 9, bs_iter=38, k=10039, beta_mu=1.3621711199655025e+152, beta_phi=nan
NaN in beta_*: layer 9, bs_iter=38, k=10040, beta_mu=1.1919536725765858e+152, beta_phi=nan
NaN in beta_*: layer 9, bs_iter=38, k=10041, beta_mu=4.138031626772661e+152, beta_phi=nan
NaN in beta_*: layer 9, bs_iter=38, k=10043, beta_mu=4.752211584840598e+152, beta_phi=nan
NaN in beta_*: layer 9, bs_iter=38, k=10044, beta_mu=4.88589745081653e+152, beta_phi=nan
NaN in beta_*: layer 9, bs_iter=38, k=10045, beta_mu=1.0760028333473834e+153, beta_phi=nan
NaN in beta_*: layer 9, bs_iter=38, k=10046, beta_mu=4.848315783048499e+152, beta_phi=nan
NaN in beta_*: layer 9, bs_iter=38, k=10049, beta_mu=1.406849785340439e+152, beta_phi=nan
NaN in beta_*: layer 9, bs_iter=38, k=10050, beta_mu=4.501877547810752e+152, beta_phi=nan
NaN in beta_*: layer 9, bs_iter=38, k=10052, beta_mu=4.854621386455852e+152, beta_phi=nan
NaN in beta_*: layer 9, bs_iter=38, k=10053, beta_mu=5.01786895999494e+152, beta_phi=nan
NaN in beta_*: layer 9, bs_iter=38, k=10055, beta_mu=9.34471498088395e+152, beta_phi=nan
NaN in beta_*: layer 9, bs_iter=38, k=10056, beta_mu=4.211164826622159e+152, beta_phi=nan
NaN in beta_*: layer 9, bs_iter=38, k=10057, beta_mu=4.617637483110357e+152, beta_phi=nan
NaN in beta_*: layer 9, bs_iter=38, k=10058, beta_mu=5.992708650484591e+152, beta_phi=nan
NaN in beta_*: layer 9, bs_iter=38, k=10062, beta_mu=1.186486937079595e+152, beta_phi=nan
NaN in beta_*: layer 9, bs_iter=38, k=10064, beta_mu=5.001127293713133e+152, beta_phi=nan
NaN in beta_*: layer 9, bs_iter=38, k=10066, beta_mu=3.499703347749181e+152, beta_phi=nan
NaN in beta_*: layer 9, bs_iter=38, k=10067, beta_mu=1.1378445905995982e+153, beta_phi=nan
NaN in beta_*: layer 9, bs_iter=38, k=10068, beta_mu=3.4115202570511304e+152, beta_phi=nan
NaN in beta_*: layer 9, bs_iter=38, k=10069, beta_mu=1.5465754758071402e+152, beta_phi=nan
NaN in beta_*: layer 9, bs_iter=38, k=10070, beta_mu=1.6631422459829157e+152, beta_phi=nan
NaN in beta_*: layer 9, bs_iter=38, k=10071, beta_mu=3.2332769346372486e+152, beta_phi=nan
NaN in beta_*: layer 9, bs_iter=38, k=10073, beta_mu=1.282169091491174e+152, beta_phi=nan
NaN in beta_*: layer 9, bs_iter=38, k=10074, beta_mu=1.6099469962270922e+152, beta_phi=nan
NaN in beta_*: layer 9, bs_iter=38, k=10075, beta_mu=2.9992206441516175e+152, beta_phi=nan
NaN in beta_*: layer 9, bs_iter=38, k=10076, beta_mu=1.5712569157349605e+152, beta_phi=nan
NaN in beta_*: layer 9, bs_iter=38, k=10077, beta_mu=4.772706663050025e+152, beta_phi=nan
NaN in beta_*: layer 9, bs_iter=38, k=10079, beta_mu=1.5815181265360476e+152, beta_phi=nan
NaN in beta_*: layer 9, bs_iter=38, k=10080, beta_mu=1.8658346160890972e+152, beta_phi=nan
NaN in beta_*: layer 9, bs_iter=38, k=10081, beta_mu=9.336518189435285e+151, beta_phi=nan
NaN in beta_*: layer 9, bs_iter=38, k=10084, beta_mu=2.926009694456449e+152, beta_phi=nan
NaN in beta_*: layer 9, bs_iter=38, k=10086, beta_mu=2.972943825585869e+152, beta_phi=nan
NaN in beta_*: layer 9, bs_iter=38, k=10087, beta_mu=3.4026492965898865e+152, beta_phi=nan
NaN in beta_*: layer 9, bs_iter=38, k=10089, beta_mu=3.6452891120825587e+152, beta_phi=nan
NaN in beta_*: layer 9, bs_iter=38, k=10091, beta_mu=4.827658978009544e+152, beta_phi=nan
NaN in beta_*: layer 9, bs_iter=38, k=10092, beta_mu=1.3823797184167593e+152, beta_phi=nan
NaN in beta_*: layer 9, bs_iter=38, k=10094, beta_mu=1.5210097341212126e+152, beta_phi=nan
NaN in beta_*: layer 9, bs_iter=38, k=10095, beta_mu=1.5156502625509813e+153, beta_phi=nan
NaN in beta_*: layer 9, bs_iter=38, k=10097, beta_mu=3.546845867874596e+152, beta_phi=nan
NaN in beta_*: layer 9, bs_iter=38, k=10099, beta_mu=3.478269685148532e+152, beta_phi=nan
NaN in beta_*: layer 9, bs_iter=38, k=10101, beta_mu=3.43482418382523e+152, beta_phi=nan
NaN in beta_*: layer 9, bs_iter=38, k=10102, beta_mu=1.28086758511699e+153, beta_phi=nan
NaN in beta_*: layer 9, bs_iter=38, k=10104, beta_mu=7.6209184817897555e+152, beta_phi=nan
NaN in beta_*: layer 9, bs_iter=38, k=10105, beta_mu=1.8306505501681443e+153, beta_phi=nan
NaN in beta_*: layer 9, bs_iter=38, k=10107, beta_mu=3.397137243661419e+152, beta_phi=nan
NaN in beta_*: layer 9, bs_iter=38, k=10108, beta_mu=5.152601610276401e+152, beta_phi=nan
NaN in beta_*: layer 9, bs_iter=38, k=10109, beta_mu=3.1727831614325084e+152, beta_phi=nan
NaN in beta_*: layer 9, bs_iter=38, k=10110, beta_mu=1.4124338840174608e+152, beta_phi=nan
NaN in beta_*: layer 9, bs_iter=38, k=10111, beta_mu=4.88385569986965e+152, beta_phi=nan
NaN in beta_*: layer 9, bs_iter=38, k=10113, beta_mu=3.5403083329182154e+152, beta_phi=nan
NaN in beta_*: layer 9, bs_iter=38, k=10115, beta_mu=3.5403077476181217e+152, beta_phi=nan
NaN in beta_*: layer 9, bs_iter=38, k=10116, beta_mu=3.280362371263045e+152, beta_phi=nan
NaN in beta_*: layer 9, bs_iter=38, k=10118, beta_mu=3.280357359191966e+152, beta_phi=nan
NaN in beta_*: layer 9, bs_iter=38, k=10120, beta_mu=3.280358145902955e+152, beta_phi=nan
NaN in beta_*: layer 9, bs_iter=38, k=10123, beta_mu=2.264273680071208e+152, beta_phi=nan
NaN in beta_*: layer 9, bs_iter=38, k=10124, beta_mu=1.0507836073807088e+153, beta_phi=nan
NaN in beta_*: layer 9, bs_iter=38, k=10125, beta_mu=2.7814931060922055e+152, beta_phi=nan
NaN in beta_*: layer 9, bs_iter=38, k=10126, beta_mu=2.3383456742811582e+152, beta_phi=nan
NaN in beta_*: layer 9, bs_iter=38, k=10127, beta_mu=3.420925420318444e+152, beta_phi=nan
NaN in beta_*: layer 9, bs_iter=38, k=10128, beta_mu=3.4569334980864063e+152, beta_phi=nan
NaN in beta_*: layer 9, bs_iter=38, k=10129, beta_mu=3.473359244576814e+152, beta_phi=nan
NaN in beta_*: layer 9, bs_iter=38, k=10130, beta_mu=3.8005611691359752e+152, beta_phi=nan
NaN in beta_*: layer 9, bs_iter=38, k=10131, beta_mu=3.5403110222883426e+152, beta_phi=nan
NaN in beta_*: layer 9, bs_iter=38, k=10132, beta_mu=3.5403059691964483e+152, beta_phi=nan
NaN in beta_*: layer 9, bs_iter=38, k=10133, beta_mu=3.6439762119529274e+152, beta_phi=nan
NaN in beta_*: layer 9, bs_iter=38, k=10134, beta_mu=3.940521781011895e+152, beta_phi=nan
NaN in beta_*: layer 9, bs_iter=38, k=10135, beta_mu=3.9807437645711226e+152, beta_phi=nan
NaN in beta_*: layer 9, bs_iter=38, k=10136, beta_mu=3.2803635380562813e+152, beta_phi=nan
NaN in beta_*: layer 9, bs_iter=38, k=10137, beta_mu=1.650856856902944e+152, beta_phi=nan
NaN in beta_*: layer 9, bs_iter=38, k=10138, beta_mu=3.27494568411578e+152, beta_phi=nan
NaN in beta_*: layer 9, bs_iter=38, k=10142, beta_mu=1.5700985490551764e+152, beta_phi=nan
NaN in beta_*: layer 9, bs_iter=38, k=10144, beta_mu=1.001624689774943e+153, beta_phi=nan
NaN in beta_*: layer 9, bs_iter=38, k=10145, beta_mu=3.642271465492057e+152, beta_phi=nan
NaN in beta_*: layer 9, bs_iter=38, k=10146, beta_mu=1.3714128608748546e+153, beta_phi=nan
NaN in beta_*: layer 9, bs_iter=38, k=10151, beta_mu=1.3410185390588545e+153, beta_phi=nan
NaN in beta_*: layer 9, bs_iter=38, k=10152, beta_mu=3.4070595638023784e+153, beta_phi=nan
NaN in beta_*: layer 9, bs_iter=38, k=10154, beta_mu=3.817179687779093e+152, beta_phi=nan
NaN in beta_*: layer 9, bs_iter=38, k=10156, beta_mu=3.275626539029805e+152, beta_phi=nan
NaN in beta_*: layer 9, bs_iter=38, k=10157, beta_mu=3.2143274178055224e+152, beta_phi=nan
NaN in beta_*: layer 9, bs_iter=38, k=10160, beta_mu=3.948315654742961e+152, beta_phi=nan
NaN in beta_*: layer 9, bs_iter=38, k=10162, beta_mu=3.41529281159448e+152, beta_phi=nan
NaN in beta_*: layer 9, bs_iter=38, k=10163, beta_mu=1.1098508922453887e+152, beta_phi=nan
NaN in beta_*: layer 9, bs_iter=38, k=10164, beta_mu=3.9781368619143707e+152, beta_phi=nan
NaN in beta_*: layer 9, bs_iter=38, k=10165, beta_mu=3.9744735704425404e+152, beta_phi=nan
NaN in beta_*: layer 9, bs_iter=38, k=10166, beta_mu=3.788351043974636e+152, beta_phi=nan
NaN in beta_*: layer 9, bs_iter=38, k=10167, beta_mu=3.919014021802189e+152, beta_phi=nan
NaN in beta_*: layer 9, bs_iter=38, k=10168, beta_mu=8.718753849212492e+152, beta_phi=nan
NaN in beta_*: layer 9, bs_iter=38, k=10171, beta_mu=4.0606345919045314e+152, beta_phi=nan
NaN in beta_*: layer 9, bs_iter=38, k=10172, beta_mu=4.581055541263815e+152, beta_phi=nan
NaN in beta_*: layer 9, bs_iter=38, k=10173, beta_mu=2.696272637627857e+152, beta_phi=nan
NaN in beta_*: layer 9, bs_iter=38, k=10176, beta_mu=3.484142668883044e+152, beta_phi=nan
NaN in beta_*: layer 9, bs_iter=38, k=10179, beta_mu=4.302824767282071e+152, beta_phi=nan
NaN in beta_*: layer 9, bs_iter=38, k=10181, beta_mu=1.5174300259159055e+153, beta_phi=nan
NaN in beta_*: layer 9, bs_iter=38, k=10183, beta_mu=4.4404196305444515e+152, beta_phi=nan
NaN in beta_*: layer 9, bs_iter=38, k=10184, beta_mu=4.891412529270977e+152, beta_phi=nan
NaN in beta_*: layer 9, bs_iter=38, k=10185, beta_mu=3.216036879721559e+152, beta_phi=nan
NaN in beta_*: layer 9, bs_iter=38, k=10186, beta_mu=4.473814707475156e+152, beta_phi=nan
NaN in beta_*: layer 9, bs_iter=38, k=10187, beta_mu=3.133920451131164e+152, beta_phi=nan
NaN in beta_*: layer 9, bs_iter=38, k=10188, beta_mu=6.946372284657398e+152, beta_phi=nan
NaN in beta_*: layer 9, bs_iter=38, k=10189, beta_mu=7.159948705099613e+152, beta_phi=nan
NaN in beta_*: layer 9, bs_iter=38, k=10190, beta_mu=2.2826251751513967e+152, beta_phi=nan
NaN in beta_*: layer 9, bs_iter=38, k=10191, beta_mu=2.9074070915721072e+152, beta_phi=nan
NaN in beta_*: layer 9, bs_iter=38, k=10192, beta_mu=7.287268500683212e+152, beta_phi=nan
NaN in beta_*: layer 9, bs_iter=38, k=10194, beta_mu=2.7109344302010687e+152, beta_phi=nan
NaN in beta_*: layer 9, bs_iter=38, k=10197, beta_mu=7.080142858620374e+152, beta_phi=nan
NaN in beta_*: layer 9, bs_iter=38, k=10199, beta_mu=3.349153734681059e+152, beta_phi=nan
NaN in beta_*: layer 9, bs_iter=38, k=10200, beta_mu=3.456952103172467e+152, beta_phi=nan
NaN in beta_*: layer 9, bs_iter=38, k=10202, beta_mu=3.217457306633542e+152, beta_phi=nan
NaN in beta_*: layer 9, bs_iter=38, k=10203, beta_mu=6.8649788677591645e+152, beta_phi=nan
NaN in beta_*: layer 9, bs_iter=38, k=10205, beta_mu=3.6378753090617286e+152, beta_phi=nan
NaN in beta_*: layer 9, bs_iter=38, k=10207, beta_mu=3.8062665124485326e+152, beta_phi=nan
NaN in beta_*: layer 9, bs_iter=38, k=10208, beta_mu=7.1440707137592995e+152, beta_phi=nan
NaN in beta_*: layer 9, bs_iter=38, k=10209, beta_mu=3.2256310880023055e+152, beta_phi=nan
NaN in beta_*: layer 9, bs_iter=38, k=10210, beta_mu=3.7409825680334285e+152, beta_phi=nan
NaN in beta_*: layer 9, bs_iter=38, k=10211, beta_mu=6.582096468845132e+152, beta_phi=nan
NaN in beta_*: layer 9, bs_iter=38, k=10212, beta_mu=3.7792035983658817e+152, beta_phi=nan
NaN in beta_*: layer 9, bs_iter=38, k=10213, beta_mu=9.01423629904033e+151, beta_phi=nan
NaN in beta_*: layer 9, bs_iter=38, k=10214, beta_mu=3.759222510152337e+152, beta_phi=nan
NaN in beta_*: layer 9, bs_iter=38, k=10216, beta_mu=8.630906661177647e+152, beta_phi=nan
NaN in beta_*: layer 9, bs_iter=38, k=10217, beta_mu=6.228904113036223e+152, beta_phi=nan
NaN in beta_*: layer 9, bs_iter=38, k=10219, beta_mu=3.891614790731105e+152, beta_phi=nan
NaN in beta_*: layer 9, bs_iter=38, k=10220, beta_mu=3.500858614800619e+152, beta_phi=nan
NaN in beta_*: layer 9, bs_iter=38, k=10222, beta_mu=9.632575665424986e+151, beta_phi=nan
NaN in beta_*: layer 9, bs_iter=38, k=10223, beta_mu=1.912592615294394e+152, beta_phi=nan
NaN in beta_*: layer 9, bs_iter=38, k=10226, beta_mu=3.9059830581710358e+152, beta_phi=nan
NaN in beta_*: layer 9, bs_iter=38, k=10227, beta_mu=3.424349685044733e+152, beta_phi=nan
NaN in beta_*: layer 9, bs_iter=38, k=10230, beta_mu=6.617145650971601e+152, beta_phi=nan
NaN in beta_*: layer 9, bs_iter=38, k=10233, beta_mu=1.093056304689025e+152, beta_phi=nan
NaN in beta_*: layer 9, bs_iter=38, k=10234, beta_mu=1.0008332272426625e+153, beta_phi=nan
NaN in beta_*: layer 9, bs_iter=38, k=10236, beta_mu=1.32058343958578e+152, beta_phi=nan
NaN in beta_*: layer 9, bs_iter=38, k=10237, beta_mu=1.7516557206247343e+152, beta_phi=nan
NaN in beta_*: layer 9, bs_iter=38, k=10238, beta_mu=1.4022024456186237e+153, beta_phi=nan
NaN in beta_*: layer 9, bs_iter=38, k=10239, beta_mu=1.0042716708656397e+153, beta_phi=nan
NaN in beta_*: layer 9, bs_iter=38, k=10240, beta_mu=2.6818420829437666e+152, beta_phi=nan
NaN in beta_*: layer 9, bs_iter=38, k=10243, beta_mu=2.394290718737618e+152, beta_phi=nan
NaN in beta_*: layer 9, bs_iter=38, k=10245, beta_mu=9.460586242103327e+152, beta_phi=nan
NaN in beta_*: layer 9, bs_iter=38, k=10249, beta_mu=1.108147391587297e+152, beta_phi=nan
NaN in beta_*: layer 9, bs_iter=38, k=10251, beta_mu=1.9665029605086184e+152, beta_phi=nan
NaN in beta_*: layer 9, bs_iter=38, k=10253, beta_mu=4.321261397348231e+152, beta_phi=nan
NaN in beta_*: layer 9, bs_iter=38, k=10254, beta_mu=7.549666375373024e+152, beta_phi=nan
NaN in beta_*: layer 9, bs_iter=38, k=10258, beta_mu=1.441227637265327e+152, beta_phi=nan
NaN in beta_*: layer 9, bs_iter=38, k=10260, beta_mu=6.949311660164646e+152, beta_phi=nan
NaN in beta_*: layer 9, bs_iter=38, k=10263, beta_mu=2.78051316467766e+152, beta_phi=nan
NaN in beta_*: layer 9, bs_iter=38, k=10266, beta_mu=2.790601960243142e+152, beta_phi=nan
NaN in beta_*: layer 9, bs_iter=38, k=10267, beta_mu=2.800697021601722e+152, beta_phi=nan
NaN in beta_*: layer 9, bs_iter=38, k=10268, beta_mu=2.872899661507009e+152, beta_phi=nan
NaN in beta_*: layer 9, bs_iter=38, k=10270, beta_mu=1.705265500380097e+153, beta_phi=nan
NaN in beta_*: layer 9, bs_iter=38, k=10271, beta_mu=2.800696523374528e+152, beta_phi=nan
NaN in beta_*: layer 9, bs_iter=38, k=10272, beta_mu=4.197346508797217e+152, beta_phi=nan
NaN in beta_*: layer 9, bs_iter=38, k=10273, beta_mu=2.7176357743699874e+152, beta_phi=nan
NaN in beta_*: layer 9, bs_iter=38, k=10274, beta_mu=1.7000425520822697e+153, beta_phi=nan
NaN in beta_*: layer 9, bs_iter=38, k=10275, beta_mu=3.782141020175609e+152, beta_phi=nan
NaN in beta_*: layer 9, bs_iter=38, k=10276, beta_mu=6.965103054998041e+152, beta_phi=nan
NaN in beta_*: layer 9, bs_iter=38, k=10277, beta_mu=1.0044855556185168e+153, beta_phi=nan
NaN in beta_*: layer 9, bs_iter=38, k=10278, beta_mu=4.664684824562721e+152, beta_phi=nan
NaN in beta_*: layer 9, bs_iter=38, k=10280, beta_mu=4.201175127704692e+152, beta_phi=nan
NaN in beta_*: layer 9, bs_iter=38, k=10282, beta_mu=1.3559799860529687e+153, beta_phi=nan
NaN in beta_*: layer 9, bs_iter=38, k=10284, beta_mu=1.5074233238600595e+152, beta_phi=nan
NaN in beta_*: layer 9, bs_iter=38, k=10285, beta_mu=3.542745270998951e+152, beta_phi=nan
NaN in beta_*: layer 9, bs_iter=38, k=10287, beta_mu=1.4217886078007917e+152, beta_phi=nan
NaN in beta_*: layer 9, bs_iter=38, k=10288, beta_mu=1.48374086845877e+152, beta_phi=nan
NaN in beta_*: layer 9, bs_iter=38, k=10289, beta_mu=2.0070742063637993e+152, beta_phi=nan
NaN in beta_*: layer 9, bs_iter=38, k=10297, beta_mu=5.2907887830707155e+152, beta_phi=nan
NaN in beta_*: layer 9, bs_iter=38, k=10298, beta_mu=2.1874371887558526e+152, beta_phi=nan
NaN in beta_*: layer 9, bs_iter=38, k=10299, beta_mu=1.518375757416323e+153, beta_phi=nan
NaN in beta_*: layer 9, bs_iter=38, k=10300, beta_mu=1.5070741456278652e+152, beta_phi=nan
NaN in beta_*: layer 9, bs_iter=38, k=10301, beta_mu=1.1911536371173143e+152, beta_phi=nan
NaN in beta_*: layer 9, bs_iter=38, k=10303, beta_mu=1.3824021935241445e+153, beta_phi=nan
NaN in beta_*: layer 9, bs_iter=38, k=10304, beta_mu=1.2727851515743414e+153, beta_phi=nan
NaN in beta_*: layer 9, bs_iter=38, k=10305, beta_mu=9.377269676070954e+151, beta_phi=nan
NaN in beta_*: layer 9, bs_iter=38, k=10307, beta_mu=1.2727830758955756e+153, beta_phi=nan
NaN in beta_*: layer 9, bs_iter=38, k=10311, beta_mu=1.0990467463844972e+152, beta_phi=nan
NaN in beta_*: layer 9, bs_iter=38, k=10312, beta_mu=1.7594716237002277e+152, beta_phi=nan
NaN in beta_*: layer 9, bs_iter=38, k=10315, beta_mu=1.1891852013261786e+152, beta_phi=nan
NaN in beta_*: layer 9, bs_iter=38, k=10316, beta_mu=1.220902738725719e+152, beta_phi=nan
NaN in beta_*: layer 9, bs_iter=38, k=10317, beta_mu=1.2018953555513735e+152, beta_phi=nan
NaN in beta_*: layer 9, bs_iter=38, k=10318, beta_mu=1.2223953453471267e+153, beta_phi=nan
NaN in beta_*: layer 9, bs_iter=38, k=10319, beta_mu=1.8190144236906301e+152, beta_phi=nan
NaN in beta_*: layer 9, bs_iter=38, k=10320, beta_mu=1.179896829422017e+152, beta_phi=nan
NaN in beta_*: layer 9, bs_iter=38, k=10323, beta_mu=5.187813355650836e+152, beta_phi=nan
NaN in beta_*: layer 9, bs_iter=38, k=10325, beta_mu=9.418540428179403e+152, beta_phi=nan
NaN in beta_*: layer 9, bs_iter=38, k=10326, beta_mu=3.1654836493539176e+152, beta_phi=nan
NaN in beta_*: layer 9, bs_iter=38, k=10327, beta_mu=1.3802161988288626e+152, beta_phi=nan
NaN in beta_*: layer 9, bs_iter=38, k=10340, beta_mu=5.208382419843605e+152, beta_phi=nan
NaN in beta_*: layer 9, bs_iter=38, k=10341, beta_mu=6.216743113700556e+152, beta_phi=nan
NaN in beta_*: layer 9, bs_iter=38, k=10344, beta_mu=3.803706155724696e+152, beta_phi=nan
NaN in beta_*: layer 9, bs_iter=38, k=10345, beta_mu=2.5829628305388184e+153, beta_phi=nan
NaN in beta_*: layer 9, bs_iter=38, k=10346, beta_mu=1.6066641409655352e+152, beta_phi=nan
NaN in beta_*: layer 9, bs_iter=38, k=10348, beta_mu=5.113065345100809e+152, beta_phi=nan
NaN in beta_*: layer 9, bs_iter=38, k=10349, beta_mu=1.576550116138678e+153, beta_phi=nan
NaN in beta_*: layer 9, bs_iter=38, k=10357, beta_mu=2.4940780982909845e+152, beta_phi=nan
NaN in beta_*: layer 9, bs_iter=38, k=10359, beta_mu=1.4567746505924677e+153, beta_phi=nan
NaN in beta_*: layer 9, bs_iter=38, k=10360, beta_mu=4.799863597600741e+152, beta_phi=nan
NaN in beta_*: layer 9, bs_iter=38, k=10361, beta_mu=2.275850657124762e+152, beta_phi=nan
NaN in beta_*: layer 9, bs_iter=38, k=10362, beta_mu=1.5184468705142425e+152, beta_phi=nan
NaN in beta_*: layer 9, bs_iter=38, k=10369, beta_mu=8.2140786786426275e+152, beta_phi=nan
NaN in beta_*: layer 9, bs_iter=38, k=10370, beta_mu=1.9195415783410575e+152, beta_phi=nan
NaN in beta_*: layer 9, bs_iter=38, k=10371, beta_mu=2.6096312586792495e+152, beta_phi=nan
NaN in beta_*: layer 9, bs_iter=38, k=10372, beta_mu=4.56553253117803e+152, beta_phi=nan
NaN in beta_*: layer 9, bs_iter=38, k=10373, beta_mu=1.0271914638707339e+152, beta_phi=nan
NaN in beta_*: layer 9, bs_iter=38, k=10374, beta_mu=2.5808575110894606e+152, beta_phi=nan
NaN in beta_*: layer 9, bs_iter=38, k=10375, beta_mu=1.5907199794856233e+152, beta_phi=nan
NaN in beta_*: layer 9, bs_iter=38, k=10376, beta_mu=9.129977787977656e+151, beta_phi=nan
NaN in beta_*: layer 9, bs_iter=38, k=10377, beta_mu=2.191367722247521e+152, beta_phi=nan
NaN in beta_*: layer 9, bs_iter=38, k=10378, beta_mu=5.595900086631757e+152, beta_phi=nan
NaN in beta_*: layer 9, bs_iter=38, k=10380, beta_mu=1.0056123769395692e+153, beta_phi=nan
NaN in beta_*: layer 9, bs_iter=38, k=10381, beta_mu=4.964451269906659e+152, beta_phi=nan
NaN in beta_*: layer 9, bs_iter=38, k=10382, beta_mu=4.964495020888089e+152, beta_phi=nan
NaN in beta_*: layer 9, bs_iter=38, k=10383, beta_mu=1.1952396476878224e+152, beta_phi=nan
NaN in beta_*: layer 9, bs_iter=38, k=10384, beta_mu=1.195707366211895e+152, beta_phi=nan
NaN in beta_*: layer 9, bs_iter=38, k=10385, beta_mu=1.2229622553322174e+153, beta_phi=nan
NaN in beta_*: layer 9, bs_iter=38, k=10386, beta_mu=8.55475562660166e+152, beta_phi=nan
NaN in beta_*: layer 9, bs_iter=38, k=10387, beta_mu=8.59610525227521e+152, beta_phi=nan
NaN in beta_*: layer 9, bs_iter=38, k=10390, beta_mu=8.774452031910326e+152, beta_phi=nan
NaN in beta_*: layer 9, bs_iter=38, k=10394, beta_mu=8.720197717907342e+152, beta_phi=nan
NaN in beta_*: layer 9, bs_iter=38, k=10397, beta_mu=9.815626175610419e+152, beta_phi=nan
NaN in beta_*: layer 9, bs_iter=38, k=10398, beta_mu=8.770332569496074e+152, beta_phi=nan
NaN in beta_*: layer 9, bs_iter=38, k=10399, beta_mu=1.0569124339559976e+153, beta_phi=nan
NaN in beta_*: layer 9, bs_iter=38, k=10400, beta_mu=1.1208457000182e+152, beta_phi=nan
NaN in beta_*: layer 9, bs_iter=38, k=10401, beta_mu=8.672228762176535e+152, beta_phi=nan
NaN in beta_*: layer 9, bs_iter=38, k=10402, beta_mu=7.37704221830925e+152, beta_phi=nan
NaN in beta_*: layer 9, bs_iter=38, k=10406, beta_mu=1.748563499889861e+152, beta_phi=nan
NaN in beta_*: layer 9, bs_iter=38, k=10407, beta_mu=8.688665706045527e+152, beta_phi=nan
NaN in beta_*: layer 9, bs_iter=38, k=10408, beta_mu=6.575138876604804e+152, beta_phi=nan
NaN in beta_*: layer 9, bs_iter=38, k=10409, beta_mu=9.667338535417424e+152, beta_phi=nan
NaN in beta_*: layer 9, bs_iter=38, k=10410, beta_mu=8.349590167193849e+152, beta_phi=nan
NaN in beta_*: layer 9, bs_iter=38, k=10411, beta_mu=8.834402722090355e+152, beta_phi=nan
NaN in beta_*: layer 9, bs_iter=38, k=10412, beta_mu=3.259820732182479e+152, beta_phi=nan
NaN in beta_*: layer 9, bs_iter=38, k=10417, beta_mu=8.052543495958085e+152, beta_phi=nan
NaN in beta_*: layer 9, bs_iter=38, k=10419, beta_mu=8.56408426611299e+152, beta_phi=nan
NaN in beta_*: layer 9, bs_iter=38, k=10420, beta_mu=9.581206384310576e+152, beta_phi=nan
NaN in beta_*: layer 9, bs_iter=38, k=10423, beta_mu=1.003818602037114e+153, beta_phi=nan
NaN in beta_*: layer 9, bs_iter=38, k=10424, beta_mu=2.9625563728883367e+152, beta_phi=nan
NaN in beta_*: layer 9, bs_iter=38, k=10425, beta_mu=1.2083221397123777e+153, beta_phi=nan
NaN in beta_*: layer 9, bs_iter=38, k=10426, beta_mu=8.468799472754103e+152, beta_phi=nan
NaN in beta_*: layer 9, bs_iter=38, k=10427, beta_mu=8.81952077000207e+152, beta_phi=nan
NaN in beta_*: layer 9, bs_iter=38, k=10428, beta_mu=1.7684618575746956e+152, beta_phi=nan
NaN in beta_*: layer 9, bs_iter=38, k=10431, beta_mu=4.26957802723848e+152, beta_phi=nan
NaN in beta_*: layer 9, bs_iter=38, k=10432, beta_mu=3.2710799529352417e+152, beta_phi=nan
NaN in beta_*: layer 9, bs_iter=38, k=10434, beta_mu=1.1306624604625965e+152, beta_phi=nan
NaN in beta_*: layer 9, bs_iter=38, k=10437, beta_mu=3.292913764909869e+152, beta_phi=nan
NaN in beta_*: layer 9, bs_iter=38, k=10445, beta_mu=1.7333505908075898e+152, beta_phi=nan
NaN in beta_*: layer 9, bs_iter=38, k=10451, beta_mu=1.8247885315398234e+152, beta_phi=nan
NaN in beta_*: layer 9, bs_iter=38, k=10452, beta_mu=1.749110641352995e+152, beta_phi=nan
NaN in beta_*: layer 9, bs_iter=38, k=10454, beta_mu=1.8247805908947207e+152, beta_phi=nan
NaN in beta_*: layer 9, bs_iter=38, k=10455, beta_mu=2.9720726107866667e+152, beta_phi=nan
NaN in beta_*: layer 9, bs_iter=38, k=10457, beta_mu=3.2641278821623876e+152, beta_phi=nan
NaN in beta_*: layer 9, bs_iter=38, k=10458, beta_mu=1.8452155643911985e+152, beta_phi=nan
NaN in beta_*: layer 9, bs_iter=38, k=10459, beta_mu=1.786534061666375e+152, beta_phi=nan
NaN in beta_*: layer 9, bs_iter=38, k=10461, beta_mu=3.0762055866163463e+152, beta_phi=nan
NaN in beta_*: layer 9, bs_iter=38, k=10462, beta_mu=3.2567607018112526e+152, beta_phi=nan
NaN in beta_*: layer 9, bs_iter=38, k=10464, beta_mu=2.148557068901233e+152, beta_phi=nan
NaN in beta_*: layer 9, bs_iter=38, k=10465, beta_mu=1.6511610877703695e+152, beta_phi=nan
NaN in beta_*: layer 9, bs_iter=38, k=10466, beta_mu=2.852325685135699e+152, beta_phi=nan
NaN in beta_*: layer 9, bs_iter=38, k=10470, beta_mu=1.6806529563103173e+152, beta_phi=nan
NaN in beta_*: layer 9, bs_iter=38, k=10471, beta_mu=2.639608551762673e+152, beta_phi=nan
NaN in beta_*: layer 9, bs_iter=38, k=10475, beta_mu=1.7492373523715595e+152, beta_phi=nan
NaN in beta_*: layer 9, bs_iter=38, k=10479, beta_mu=2.5463198238669045e+152, beta_phi=nan
NaN in beta_*: layer 9, bs_iter=38, k=10480, beta_mu=3.0752905660413876e+152, beta_phi=nan
NaN in beta_*: layer 9, bs_iter=38, k=10481, beta_mu=1.7362253194004523e+152, beta_phi=nan
NaN in beta_*: layer 9, bs_iter=38, k=10482, beta_mu=1.5758316152961744e+152, beta_phi=nan
NaN in beta_*: layer 9, bs_iter=38, k=10483, beta_mu=8.946218678185105e+151, beta_phi=nan
NaN in beta_*: layer 9, bs_iter=38, k=10487, beta_mu=7.305273119852667e+152, beta_phi=nan
NaN in beta_*: layer 9, bs_iter=38, k=10492, beta_mu=1.394812801076871e+152, beta_phi=nan
NaN in beta_*: layer 9, bs_iter=38, k=10495, beta_mu=1.352489292815786e+152, beta_phi=nan
NaN in beta_*: layer 9, bs_iter=38, k=10500, beta_mu=2.0350286472305508e+152, beta_phi=nan
NaN in beta_*: layer 9, bs_iter=38, k=10501, beta_mu=2.312961350913958e+152, beta_phi=nan
NaN in beta_*: layer 9, bs_iter=38, k=10502, beta_mu=1.8067543499741144e+152, beta_phi=nan
NaN in beta_*: layer 9, bs_iter=38, k=10504, beta_mu=2.202749455371428e+152, beta_phi=nan
NaN in beta_*: layer 9, bs_iter=38, k=10510, beta_mu=3.306499434618235e+152, beta_phi=nan
NaN in beta_*: layer 9, bs_iter=38, k=10515, beta_mu=4.552566048352876e+152, beta_phi=nan
NaN in beta_*: layer 9, bs_iter=38, k=10520, beta_mu=5.951693177221712e+152, beta_phi=nan
NaN in beta_*: layer 9, bs_iter=38, k=10526, beta_mu=1.3073173341687086e+152, beta_phi=nan
NaN in beta_*: layer 9, bs_iter=38, k=10528, beta_mu=3.99237992604611e+152, beta_phi=nan
NaN in beta_*: layer 9, bs_iter=38, k=10530, beta_mu=3.0649099946930648e+152, beta_phi=nan
NaN in beta_*: layer 9, bs_iter=38, k=10532, beta_mu=4.742464934766996e+152, beta_phi=nan
NaN in beta_*: layer 9, bs_iter=38, k=10535, beta_mu=4.46016316674961e+152, beta_phi=nan
NaN in beta_*: layer 9, bs_iter=38, k=10537, beta_mu=2.221190681872755e+152, beta_phi=nan
NaN in beta_*: layer 9, bs_iter=38, k=10538, beta_mu=2.1762207558080086e+152, beta_phi=nan
NaN in beta_*: layer 9, bs_iter=38, k=10539, beta_mu=4.231812013229545e+152, beta_phi=nan
NaN in beta_*: layer 9, bs_iter=38, k=10540, beta_mu=4.377668879309246e+152, beta_phi=nan
NaN in beta_*: layer 9, bs_iter=38, k=10541, beta_mu=6.210013011283855e+152, beta_phi=nan
NaN in beta_*: layer 9, bs_iter=38, k=10542, beta_mu=1.077719533025122e+152, beta_phi=nan
NaN in beta_*: layer 9, bs_iter=38, k=10543, beta_mu=3.0019936579459844e+152, beta_phi=nan
NaN in beta_*: layer 9, bs_iter=38, k=10544, beta_mu=2.334516746427475e+152, beta_phi=nan
NaN in beta_*: layer 9, bs_iter=38, k=10548, beta_mu=4.654746862328971e+152, beta_phi=nan
NaN in beta_*: layer 9, bs_iter=38, k=10549, beta_mu=1.978539952065574e+152, beta_phi=nan
NaN in beta_*: layer 9, bs_iter=38, k=10559, beta_mu=2.9847391628792504e+152, beta_phi=nan
NaN in beta_*: layer 9, bs_iter=38, k=10560, beta_mu=2.924149099880288e+152, beta_phi=nan
NaN in beta_*: layer 9, bs_iter=38, k=10561, beta_mu=4.735151678756718e+152, beta_phi=nan
NaN in beta_*: layer 9, bs_iter=38, k=10566, beta_mu=4.200504259595994e+152, beta_phi=nan
NaN in beta_*: layer 9, bs_iter=38, k=10568, beta_mu=4.392954912971772e+152, beta_phi=nan
NaN in beta_*: layer 9, bs_iter=38, k=10571, beta_mu=4.046631646611722e+152, beta_phi=nan
NaN in beta_*: layer 9, bs_iter=38, k=10574, beta_mu=6.905547530404481e+152, beta_phi=nan
NaN in beta_*: layer 9, bs_iter=38, k=10578, beta_mu=6.909281993688628e+152, beta_phi=nan
NaN in beta_*: layer 9, bs_iter=38, k=10579, beta_mu=2.6685165177911506e+152, beta_phi=nan
NaN in beta_*: layer 9, bs_iter=38, k=10580, beta_mu=5.43359452952368e+152, beta_phi=nan
NaN in beta_*: layer 9, bs_iter=38, k=10581, beta_mu=2.2467661853681053e+152, beta_phi=nan
NaN in beta_*: layer 9, bs_iter=38, k=10582, beta_mu=8.274104312727551e+152, beta_phi=nan
NaN in beta_*: layer 9, bs_iter=38, k=10583, beta_mu=4.91006604284598e+152, beta_phi=nan
NaN in beta_*: layer 9, bs_iter=38, k=10584, beta_mu=5.730805776569275e+152, beta_phi=nan
NaN in beta_*: layer 9, bs_iter=38, k=10589, beta_mu=1.506264631831829e+153, beta_phi=nan
NaN in beta_*: layer 9, bs_iter=38, k=10590, beta_mu=2.338319993663561e+152, beta_phi=nan
NaN in beta_*: layer 9, bs_iter=38, k=10591, beta_mu=1.4124540844515508e+153, beta_phi=nan
NaN in beta_*: layer 9, bs_iter=38, k=10592, beta_mu=2.184679690316106e+153, beta_phi=nan
NaN in beta_*: layer 9, bs_iter=38, k=10593, beta_mu=3.03457361243649e+152, beta_phi=nan
NaN in beta_*: layer 9, bs_iter=38, k=10594, beta_mu=1.2538007494007769e+153, beta_phi=nan
NaN in beta_*: layer 9, bs_iter=38, k=10596, beta_mu=1.9347254799825998e+153, beta_phi=nan
NaN in beta_*: layer 9, bs_iter=38, k=10597, beta_mu=6.325296811212261e+152, beta_phi=nan
NaN in beta_*: layer 9, bs_iter=38, k=10599, beta_mu=1.6795547945176676e+152, beta_phi=nan
NaN in beta_*: layer 9, bs_iter=38, k=10600, beta_mu=7.180985486345291e+152, beta_phi=nan
NaN in beta_*: layer 9, bs_iter=38, k=10601, beta_mu=6.819671980022749e+152, beta_phi=nan
NaN in beta_*: layer 9, bs_iter=38, k=10602, beta_mu=6.55277460653465e+152, beta_phi=nan
NaN in beta_*: layer 9, bs_iter=38, k=10603, beta_mu=1.476205884364449e+152, beta_phi=nan
NaN in beta_*: layer 9, bs_iter=38, k=10604, beta_mu=4.757605207497493e+152, beta_phi=nan
NaN in beta_*: layer 9, bs_iter=38, k=10605, beta_mu=1.492352830699451e+153, beta_phi=nan
NaN in beta_*: layer 9, bs_iter=38, k=10606, beta_mu=1.4196990612606186e+152, beta_phi=nan
NaN in beta_*: layer 9, bs_iter=38, k=10607, beta_mu=6.802168045471225e+152, beta_phi=nan
NaN in beta_*: layer 9, bs_iter=38, k=10608, beta_mu=3.957249394353178e+152, beta_phi=nan
NaN in beta_*: layer 9, bs_iter=38, k=10609, beta_mu=5.112899066965619e+152, beta_phi=nan
NaN in beta_*: layer 9, bs_iter=38, k=10610, beta_mu=7.102651657714539e+152, beta_phi=nan
NaN in beta_*: layer 9, bs_iter=38, k=10611, beta_mu=2.1924108707878928e+152, beta_phi=nan
NaN in beta_*: layer 9, bs_iter=38, k=10612, beta_mu=1.9089614250601574e+152, beta_phi=nan
NaN in beta_*: layer 9, bs_iter=38, k=10613, beta_mu=1.1658676696173144e+152, beta_phi=nan
NaN in beta_*: layer 9, bs_iter=38, k=10614, beta_mu=5.696581763333216e+152, beta_phi=nan
NaN in beta_*: layer 9, bs_iter=38, k=10616, beta_mu=4.271849015339623e+152, beta_phi=nan
NaN in beta_*: layer 9, bs_iter=38, k=10617, beta_mu=3.6146375950739923e+152, beta_phi=nan
NaN in beta_*: layer 9, bs_iter=38, k=10619, beta_mu=2.896464741061739e+152, beta_phi=nan
NaN in beta_*: layer 9, bs_iter=38, k=10620, beta_mu=3.615985769241858e+152, beta_phi=nan
NaN in beta_*: layer 9, bs_iter=38, k=10621, beta_mu=4.226136694856206e+152, beta_phi=nan
NaN in beta_*: layer 9, bs_iter=38, k=10622, beta_mu=2.991049522947752e+152, beta_phi=nan
NaN in beta_*: layer 9, bs_iter=38, k=10626, beta_mu=2.9231416493092325e+152, beta_phi=nan
NaN in beta_*: layer 9, bs_iter=38, k=10628, beta_mu=5.426839179381031e+152, beta_phi=nan
NaN in beta_*: layer 9, bs_iter=38, k=10629, beta_mu=3.5044650371351262e+152, beta_phi=nan
NaN in beta_*: layer 9, bs_iter=38, k=10634, beta_mu=5.429636150264351e+152, beta_phi=nan
NaN in beta_*: layer 9, bs_iter=38, k=10638, beta_mu=1.3418908462993629e+152, beta_phi=nan
NaN in beta_*: layer 9, bs_iter=38, k=10640, beta_mu=4.1792856075701645e+152, beta_phi=nan
NaN in beta_*: layer 9, bs_iter=38, k=10642, beta_mu=4.250092934936839e+152, beta_phi=nan
NaN in beta_*: layer 9, bs_iter=38, k=10643, beta_mu=4.274577882095515e+152, beta_phi=nan
NaN in beta_*: layer 9, bs_iter=38, k=10651, beta_mu=1.3898213074071724e+153, beta_phi=nan
NaN in beta_*: layer 9, bs_iter=38, k=10652, beta_mu=1.4353286217984267e+153, beta_phi=nan
NaN in beta_*: layer 9, bs_iter=38, k=10653, beta_mu=1.4258639921531858e+153, beta_phi=nan
NaN in beta_*: layer 9, bs_iter=38, k=10654, beta_mu=3.225985003470572e+152, beta_phi=nan
NaN in beta_*: layer 9, bs_iter=38, k=10655, beta_mu=3.2788881227955337e+152, beta_phi=nan
NaN in beta_*: layer 9, bs_iter=38, k=10656, beta_mu=1.2790893626615774e+153, beta_phi=nan
NaN in beta_*: layer 9, bs_iter=38, k=10659, beta_mu=3.139182901102704e+152, beta_phi=nan
NaN in beta_*: layer 9, bs_iter=38, k=10660, beta_mu=5.365073295335672e+152, beta_phi=nan
NaN in beta_*: layer 9, bs_iter=38, k=10661, beta_mu=1.0107129064194568e+152, beta_phi=nan
NaN in beta_*: layer 9, bs_iter=38, k=10662, beta_mu=1.4236306735585603e+153, beta_phi=nan
NaN in beta_*: layer 9, bs_iter=38, k=10667, beta_mu=5.88526158778993e+152, beta_phi=nan
NaN in beta_*: layer 9, bs_iter=38, k=10668, beta_mu=3.1102849253272983e+152, beta_phi=nan
NaN in beta_*: layer 9, bs_iter=38, k=10670, beta_mu=4.457177415560368e+152, beta_phi=nan
NaN in beta_*: layer 9, bs_iter=38, k=10671, beta_mu=2.74037123992824e+152, beta_phi=nan
NaN in beta_*: layer 9, bs_iter=38, k=10672, beta_mu=1.374772728022464e+153, beta_phi=nan
NaN in beta_*: layer 9, bs_iter=38, k=10673, beta_mu=1.3747953392419219e+153, beta_phi=nan
NaN in beta_*: layer 9, bs_iter=38, k=10675, beta_mu=6.043551648502966e+152, beta_phi=nan
NaN in beta_*: layer 9, bs_iter=38, k=10677, beta_mu=7.093387452487082e+152, beta_phi=nan
NaN in beta_*: layer 9, bs_iter=38, k=10678, beta_mu=3.0671617308228693e+152, beta_phi=nan
NaN in beta_*: layer 9, bs_iter=38, k=10679, beta_mu=6.239236103295166e+152, beta_phi=nan
NaN in beta_*: layer 9, bs_iter=38, k=10682, beta_mu=3.3097624087669394e+152, beta_phi=nan
NaN in beta_*: layer 9, bs_iter=38, k=10683, beta_mu=2.880614162230177e+152, beta_phi=nan
NaN in beta_*: layer 9, bs_iter=38, k=10685, beta_mu=6.030888391325668e+152, beta_phi=nan
NaN in beta_*: layer 9, bs_iter=38, k=10686, beta_mu=6.12360520579453e+152, beta_phi=nan
NaN in beta_*: layer 9, bs_iter=38, k=10688, beta_mu=2.835081119714206e+152, beta_phi=nan
NaN in beta_*: layer 9, bs_iter=38, k=10690, beta_mu=2.9422443546511985e+152, beta_phi=nan
NaN in beta_*: layer 9, bs_iter=38, k=10692, beta_mu=6.055210865034399e+152, beta_phi=nan
NaN in beta_*: layer 9, bs_iter=38, k=10693, beta_mu=2.8908630103878574e+152, beta_phi=nan
NaN in beta_*: layer 9, bs_iter=38, k=10694, beta_mu=2.8683967229566806e+152, beta_phi=nan
NaN in beta_*: layer 9, bs_iter=38, k=10697, beta_mu=6.172900617005783e+152, beta_phi=nan
NaN in beta_*: layer 9, bs_iter=38, k=10700, beta_mu=2.8585647147904547e+152, beta_phi=nan
NaN in beta_*: layer 9, bs_iter=38, k=10701, beta_mu=5.641661562223846e+152, beta_phi=nan
NaN in beta_*: layer 9, bs_iter=38, k=10702, beta_mu=1.2217686511112485e+152, beta_phi=nan
NaN in beta_*: layer 9, bs_iter=38, k=10703, beta_mu=8.227156895112724e+152, beta_phi=nan
NaN in beta_*: layer 9, bs_iter=38, k=10704, beta_mu=5.890394548171673e+152, beta_phi=nan
NaN in beta_*: layer 9, bs_iter=38, k=10705, beta_mu=5.934999502804315e+152, beta_phi=nan
NaN in beta_*: layer 9, bs_iter=38, k=10706, beta_mu=1.262090951340908e+153, beta_phi=nan
NaN in beta_*: layer 9, bs_iter=38, k=10708, beta_mu=1.2620888315738724e+153, beta_phi=nan
NaN in beta_*: layer 9, bs_iter=38, k=10710, beta_mu=1.7010839274763276e+152, beta_phi=nan
NaN in beta_*: layer 9, bs_iter=38, k=10711, beta_mu=1.7698492481759779e+152, beta_phi=nan
NaN in beta_*: layer 9, bs_iter=38, k=10712, beta_mu=2.7800331616740676e+152, beta_phi=nan
NaN in beta_*: layer 9, bs_iter=38, k=10714, beta_mu=2.8589572368997335e+152, beta_phi=nan
NaN in beta_*: layer 9, bs_iter=38, k=10715, beta_mu=7.598883978885939e+152, beta_phi=nan
NaN in beta_*: layer 9, bs_iter=38, k=10716, beta_mu=1.018473852565831e+152, beta_phi=nan
NaN in beta_*: layer 9, bs_iter=38, k=10717, beta_mu=9.57159823147325e+151, beta_phi=nan
NaN in beta_*: layer 9, bs_iter=38, k=10718, beta_mu=9.030002311264986e+151, beta_phi=nan
NaN in beta_*: layer 9, bs_iter=38, k=10719, beta_mu=7.575570055069213e+152, beta_phi=nan
NaN in beta_*: layer 9, bs_iter=38, k=10720, beta_mu=1.890444781388051e+152, beta_phi=nan
NaN in beta_*: layer 9, bs_iter=38, k=10721, beta_mu=7.782955424294277e+152, beta_phi=nan
NaN in beta_*: layer 9, bs_iter=38, k=10722, beta_mu=1.4921590947891858e+152, beta_phi=nan
NaN in beta_*: layer 9, bs_iter=38, k=10723, beta_mu=7.488053685379012e+152, beta_phi=nan
NaN in beta_*: layer 9, bs_iter=38, k=10724, beta_mu=7.953252947920067e+152, beta_phi=nan
NaN in beta_*: layer 9, bs_iter=38, k=10725, beta_mu=9.720298795487462e+151, beta_phi=nan
NaN in beta_*: layer 9, bs_iter=38, k=10726, beta_mu=1.7052517845697384e+152, beta_phi=nan
NaN in beta_*: layer 9, bs_iter=38, k=10727, beta_mu=1.4466147467502957e+152, beta_phi=nan
NaN in beta_*: layer 9, bs_iter=38, k=10728, beta_mu=1.2648966228186206e+153, beta_phi=nan
NaN in beta_*: layer 9, bs_iter=38, k=10731, beta_mu=1.580841735208904e+152, beta_phi=nan
NaN in beta_*: layer 9, bs_iter=38, k=10732, beta_mu=1.6393143760679947e+152, beta_phi=nan
NaN in beta_*: layer 9, bs_iter=38, k=10733, beta_mu=7.671702340528421e+152, beta_phi=nan
NaN in beta_*: layer 9, bs_iter=38, k=10734, beta_mu=1.6352277901009117e+152, beta_phi=nan
NaN in beta_*: layer 9, bs_iter=38, k=10735, beta_mu=1.3820572819968348e+152, beta_phi=nan
NaN in beta_*: layer 9, bs_iter=38, k=10736, beta_mu=7.339472100946057e+152, beta_phi=nan
NaN in beta_*: layer 9, bs_iter=38, k=10737, beta_mu=2.764489328211658e+152, beta_phi=nan
NaN in beta_*: layer 9, bs_iter=38, k=10739, beta_mu=1.4301620708793956e+152, beta_phi=nan
NaN in beta_*: layer 9, bs_iter=38, k=10740, beta_mu=1.1783663377801836e+152, beta_phi=nan
NaN in beta_*: layer 9, bs_iter=38, k=10741, beta_mu=2.6162750765500924e+152, beta_phi=nan
NaN in beta_*: layer 9, bs_iter=38, k=10742, beta_mu=1.0412726231406218e+152, beta_phi=nan
NaN in beta_*: layer 9, bs_iter=38, k=10743, beta_mu=2.4685364106959392e+152, beta_phi=nan
NaN in beta_*: layer 9, bs_iter=38, k=10744, beta_mu=2.299279976598973e+152, beta_phi=nan
NaN in beta_*: layer 9, bs_iter=38, k=10745, beta_mu=9.000643685123217e+151, beta_phi=nan
NaN in beta_*: layer 9, bs_iter=38, k=10747, beta_mu=1.310561399877728e+152, beta_phi=nan
NaN in beta_*: layer 9, bs_iter=38, k=10749, beta_mu=1.934080955941341e+152, beta_phi=nan
NaN in beta_*: layer 9, bs_iter=38, k=10750, beta_mu=7.03492391491982e+152, beta_phi=nan
NaN in beta_*: layer 9, bs_iter=38, k=10751, beta_mu=1.2627881899518593e+153, beta_phi=nan
NaN in beta_*: layer 9, bs_iter=38, k=10753, beta_mu=1.2648808166011235e+153, beta_phi=nan
NaN in beta_*: layer 9, bs_iter=38, k=10754, beta_mu=5.861448008780867e+152, beta_phi=nan
NaN in beta_*: layer 9, bs_iter=38, k=10755, beta_mu=9.655650112450881e+151, beta_phi=nan
NaN in beta_*: layer 9, bs_iter=38, k=10758, beta_mu=1.341271127870191e+152, beta_phi=nan
NaN in beta_*: layer 9, bs_iter=38, k=10759, beta_mu=1.0293595929725227e+153, beta_phi=nan
NaN in beta_*: layer 9, bs_iter=38, k=10760, beta_mu=1.0555403849622496e+153, beta_phi=nan
NaN in beta_*: layer 9, bs_iter=38, k=10761, beta_mu=7.109239352255208e+152, beta_phi=nan
NaN in beta_*: layer 9, bs_iter=38, k=10762, beta_mu=1.5209066402506688e+152, beta_phi=nan
NaN in beta_*: layer 9, bs_iter=38, k=10764, beta_mu=1.0466149725664616e+153, beta_phi=nan
NaN in beta_*: layer 9, bs_iter=38, k=10766, beta_mu=2.861366272466588e+152, beta_phi=nan
NaN in beta_*: layer 9, bs_iter=38, k=10767, beta_mu=1.060933635696355e+153, beta_phi=nan
NaN in beta_*: layer 9, bs_iter=38, k=10769, beta_mu=8.855997966060014e+151, beta_phi=nan
NaN in beta_*: layer 9, bs_iter=38, k=10771, beta_mu=1.3344860270245848e+153, beta_phi=nan
NaN in beta_*: layer 9, bs_iter=38, k=10772, beta_mu=1.3337736562367586e+153, beta_phi=nan
NaN in beta_*: layer 9, bs_iter=38, k=10773, beta_mu=4.245116149026663e+152, beta_phi=nan
NaN in beta_*: layer 9, bs_iter=38, k=10774, beta_mu=4.1258115525722686e+152, beta_phi=nan
NaN in beta_*: layer 9, bs_iter=38, k=10775, beta_mu=1.220705500815802e+152, beta_phi=nan
NaN in beta_*: layer 9, bs_iter=38, k=10776, beta_mu=1.0040884186763054e+152, beta_phi=nan
NaN in beta_*: layer 9, bs_iter=38, k=10777, beta_mu=3.8931472849364776e+152, beta_phi=nan
NaN in beta_*: layer 9, bs_iter=38, k=10778, beta_mu=7.692757983287889e+152, beta_phi=nan
NaN in beta_*: layer 9, bs_iter=38, k=10780, beta_mu=2.840834868280485e+152, beta_phi=nan
NaN in beta_*: layer 9, bs_iter=38, k=10781, beta_mu=1.888491298034299e+152, beta_phi=nan
NaN in beta_*: layer 9, bs_iter=38, k=10782, beta_mu=7.965700462577191e+152, beta_phi=nan
NaN in beta_*: layer 9, bs_iter=38, k=10784, beta_mu=1.3341956733491187e+153, beta_phi=nan
NaN in beta_*: layer 9, bs_iter=38, k=10785, beta_mu=1.3782785356779741e+152, beta_phi=nan
NaN in beta_*: layer 9, bs_iter=38, k=10787, beta_mu=1.2462377852267024e+153, beta_phi=nan
NaN in beta_*: layer 9, bs_iter=38, k=10788, beta_mu=3.151854238923555e+152, beta_phi=nan
NaN in beta_*: layer 9, bs_iter=38, k=10789, beta_mu=1.3337795833799994e+153, beta_phi=nan
NaN in beta_*: layer 9, bs_iter=38, k=10790, beta_mu=2.8462493432416153e+152, beta_phi=nan
NaN in beta_*: layer 9, bs_iter=38, k=10791, beta_mu=2.8442999979499484e+152, beta_phi=nan
NaN in beta_*: layer 9, bs_iter=38, k=10793, beta_mu=7.536471372307341e+152, beta_phi=nan
NaN in beta_*: layer 9, bs_iter=38, k=10796, beta_mu=1.6996430107622278e+152, beta_phi=nan
NaN in beta_*: layer 9, bs_iter=38, k=10797, beta_mu=7.790361092172937e+152, beta_phi=nan
NaN in beta_*: layer 9, bs_iter=38, k=10798, beta_mu=1.3345064636170671e+153, beta_phi=nan
NaN in beta_*: layer 9, bs_iter=38, k=10799, beta_mu=1.3329196322447567e+153, beta_phi=nan
NaN in beta_*: layer 9, bs_iter=38, k=10800, beta_mu=1.9051329965954468e+152, beta_phi=nan
NaN in beta_*: layer 9, bs_iter=38, k=10801, beta_mu=2.1066220358255013e+152, beta_phi=nan
NaN in beta_*: layer 9, bs_iter=38, k=10805, beta_mu=3.9680339611993203e+152, beta_phi=nan
NaN in beta_*: layer 9, bs_iter=38, k=10806, beta_mu=1.3319573155020617e+153, beta_phi=nan
NaN in beta_*: layer 9, bs_iter=38, k=10807, beta_mu=1.8522615492419363e+152, beta_phi=nan
NaN in beta_*: layer 9, bs_iter=38, k=10808, beta_mu=9.144377028435177e+151, beta_phi=nan
NaN in beta_*: layer 9, bs_iter=38, k=10809, beta_mu=8.178854195856099e+152, beta_phi=nan
NaN in beta_*: layer 9, bs_iter=38, k=10810, beta_mu=3.794501055611111e+152, beta_phi=nan
NaN in beta_*: layer 9, bs_iter=38, k=10811, beta_mu=8.00972392772769e+152, beta_phi=nan
NaN in beta_*: layer 9, bs_iter=38, k=10812, beta_mu=7.264989194126131e+152, beta_phi=nan
NaN in beta_*: layer 9, bs_iter=38, k=10813, beta_mu=1.33376658623387e+153, beta_phi=nan
NaN in beta_*: layer 9, bs_iter=38, k=10814, beta_mu=1.2983139401322563e+153, beta_phi=nan
NaN in beta_*: layer 9, bs_iter=38, k=10816, beta_mu=1.890162494553039e+152, beta_phi=nan
NaN in beta_*: layer 9, bs_iter=38, k=10817, beta_mu=9.523665617847529e+151, beta_phi=nan
NaN in beta_*: layer 9, bs_iter=38, k=10819, beta_mu=1.5795355683352013e+152, beta_phi=nan
NaN in beta_*: layer 9, bs_iter=38, k=10820, beta_mu=2.446238274334467e+152, beta_phi=nan
NaN in beta_*: layer 9, bs_iter=38, k=10822, beta_mu=8.110186674597822e+152, beta_phi=nan
NaN in beta_*: layer 9, bs_iter=38, k=10823, beta_mu=1.4719468838979048e+153, beta_phi=nan
NaN in beta_*: layer 9, bs_iter=38, k=10824, beta_mu=1.764117479952323e+152, beta_phi=nan
NaN in beta_*: layer 9, bs_iter=38, k=10826, beta_mu=2.4869296032824025e+152, beta_phi=nan
NaN in beta_*: layer 9, bs_iter=38, k=10827, beta_mu=8.389883054715087e+152, beta_phi=nan
NaN in beta_*: layer 9, bs_iter=38, k=10828, beta_mu=1.761607917098611e+152, beta_phi=nan
NaN in beta_*: layer 9, bs_iter=38, k=10829, beta_mu=2.478670892925103e+152, beta_phi=nan
NaN in beta_*: layer 9, bs_iter=38, k=10830, beta_mu=2.3647317650173923e+152, beta_phi=nan
NaN in beta_*: layer 9, bs_iter=38, k=10831, beta_mu=3.055296038116507e+152, beta_phi=nan
NaN in beta_*: layer 9, bs_iter=38, k=10832, beta_mu=1.519461429334461e+152, beta_phi=nan
NaN in beta_*: layer 9, bs_iter=38, k=10833, beta_mu=1.646613630644999e+152, beta_phi=nan
NaN in beta_*: layer 9, bs_iter=38, k=10834, beta_mu=1.8956737931083144e+152, beta_phi=nan
NaN in beta_*: layer 9, bs_iter=38, k=10835, beta_mu=1.8659365470901555e+153, beta_phi=nan
NaN in beta_*: layer 9, bs_iter=38, k=10836, beta_mu=8.037060139650574e+152, beta_phi=nan
NaN in beta_*: layer 9, bs_iter=38, k=10837, beta_mu=1.1302412806921004e+152, beta_phi=nan
NaN in beta_*: layer 9, bs_iter=38, k=10839, beta_mu=2.3657815682979665e+152, beta_phi=nan
NaN in beta_*: layer 9, bs_iter=38, k=10842, beta_mu=9.343055475067365e+151, beta_phi=nan
NaN in beta_*: layer 9, bs_iter=38, k=10844, beta_mu=8.088682488351539e+152, beta_phi=nan
NaN in beta_*: layer 9, bs_iter=38, k=10845, beta_mu=2.4013969449999877e+152, beta_phi=nan
NaN in beta_*: layer 9, bs_iter=38, k=10846, beta_mu=8.045686090315375e+152, beta_phi=nan
NaN in beta_*: layer 9, bs_iter=38, k=10847, beta_mu=2.7658346884829677e+152, beta_phi=nan
NaN in beta_*: layer 9, bs_iter=38, k=10848, beta_mu=1.239356021009481e+152, beta_phi=nan
NaN in beta_*: layer 9, bs_iter=38, k=10849, beta_mu=6.725964997501137e+152, beta_phi=nan
NaN in beta_*: layer 9, bs_iter=38, k=10850, beta_mu=1.362549015113432e+152, beta_phi=nan
NaN in beta_*: layer 9, bs_iter=38, k=10853, beta_mu=1.7242292777476578e+152, beta_phi=nan
NaN in beta_*: layer 9, bs_iter=38, k=10855, beta_mu=7.343713626393287e+152, beta_phi=nan
NaN in beta_*: layer 9, bs_iter=38, k=10856, beta_mu=7.082507023783266e+152, beta_phi=nan
NaN in beta_*: layer 9, bs_iter=38, k=10857, beta_mu=9.802357868486616e+151, beta_phi=nan
NaN in beta_*: layer 9, bs_iter=38, k=10858, beta_mu=4.282326272623795e+152, beta_phi=nan
NaN in beta_*: layer 9, bs_iter=38, k=10859, beta_mu=4.982129439713355e+152, beta_phi=nan
NaN in beta_*: layer 9, bs_iter=38, k=10861, beta_mu=7.082783531713442e+152, beta_phi=nan
NaN in beta_*: layer 9, bs_iter=38, k=10862, beta_mu=3.9919964126808317e+152, beta_phi=nan
NaN in beta_*: layer 9, bs_iter=38, k=10866, beta_mu=2.627797342243432e+152, beta_phi=nan
NaN in beta_*: layer 9, bs_iter=38, k=10867, beta_mu=2.8096852276532064e+152, beta_phi=nan
NaN in beta_*: layer 9, bs_iter=38, k=10868, beta_mu=6.966529704134853e+152, beta_phi=nan
NaN in beta_*: layer 9, bs_iter=38, k=10869, beta_mu=4.24128737707509e+152, beta_phi=nan
NaN in beta_*: layer 9, bs_iter=38, k=10873, beta_mu=2.5088360766199374e+152, beta_phi=nan
NaN in beta_*: layer 9, bs_iter=38, k=10877, beta_mu=1.3412480086513965e+153, beta_phi=nan
NaN in beta_*: layer 9, bs_iter=38, k=10880, beta_mu=3.9608546920712525e+152, beta_phi=nan
NaN in beta_*: layer 9, bs_iter=38, k=10883, beta_mu=1.487290553828854e+152, beta_phi=nan
NaN in beta_*: layer 9, bs_iter=38, k=10885, beta_mu=3.9592926769422663e+152, beta_phi=nan
NaN in beta_*: layer 9, bs_iter=38, k=10886, beta_mu=3.616902998972311e+152, beta_phi=nan
NaN in beta_*: layer 9, bs_iter=38, k=10891, beta_mu=4.1561866602160067e+152, beta_phi=nan
NaN in beta_*: layer 9, bs_iter=38, k=10894, beta_mu=3.3806042190954695e+152, beta_phi=nan
NaN in beta_*: layer 9, bs_iter=38, k=10896, beta_mu=3.814935057725367e+152, beta_phi=nan
NaN in beta_*: layer 9, bs_iter=38, k=10898, beta_mu=3.351677735028481e+152, beta_phi=nan
NaN in beta_*: layer 9, bs_iter=38, k=10899, beta_mu=3.319014770428479e+152, beta_phi=nan
NaN in beta_*: layer 9, bs_iter=38, k=10900, beta_mu=1.2603601653853388e+152, beta_phi=nan
NaN in beta_*: layer 9, bs_iter=38, k=10901, beta_mu=3.301120227211058e+152, beta_phi=nan
NaN in beta_*: layer 9, bs_iter=38, k=10902, beta_mu=1.0530967739660208e+153, beta_phi=nan
NaN in beta_*: layer 9, bs_iter=38, k=10904, beta_mu=3.339302100745856e+152, beta_phi=nan
NaN in beta_*: layer 9, bs_iter=38, k=10905, beta_mu=3.223379746743995e+152, beta_phi=nan
NaN in beta_*: layer 9, bs_iter=38, k=10906, beta_mu=3.3574356244624337e+152, beta_phi=nan
NaN in beta_*: layer 9, bs_iter=38, k=10907, beta_mu=1.4184437721797296e+152, beta_phi=nan
NaN in beta_*: layer 9, bs_iter=38, k=10908, beta_mu=3.848130203920846e+152, beta_phi=nan
NaN in beta_*: layer 9, bs_iter=38, k=10909, beta_mu=3.3457660483788215e+152, beta_phi=nan
NaN in beta_*: layer 9, bs_iter=38, k=10910, beta_mu=3.3973656441775974e+152, beta_phi=nan
NaN in beta_*: layer 9, bs_iter=38, k=10912, beta_mu=2.665540325840073e+152, beta_phi=nan
NaN in beta_*: layer 9, bs_iter=38, k=10913, beta_mu=5.7924478437640305e+152, beta_phi=nan
NaN in beta_*: layer 9, bs_iter=38, k=10914, beta_mu=5.671896356505913e+152, beta_phi=nan
NaN in beta_*: layer 9, bs_iter=38, k=10915, beta_mu=1.0592130995111203e+153, beta_phi=nan
NaN in beta_*: layer 9, bs_iter=38, k=10917, beta_mu=5.412098178940598e+152, beta_phi=nan
NaN in beta_*: layer 9, bs_iter=38, k=10918, beta_mu=3.3386553199115313e+152, beta_phi=nan
NaN in beta_*: layer 9, bs_iter=38, k=10921, beta_mu=5.495797400307148e+152, beta_phi=nan
NaN in beta_*: layer 9, bs_iter=38, k=10922, beta_mu=3.3523123794025347e+152, beta_phi=nan
NaN in beta_*: layer 9, bs_iter=38, k=10923, beta_mu=1.8459435956182244e+152, beta_phi=nan
NaN in beta_*: layer 9, bs_iter=38, k=10924, beta_mu=3.8317040878863144e+152, beta_phi=nan
NaN in beta_*: layer 9, bs_iter=38, k=10925, beta_mu=1.3472507550289564e+152, beta_phi=nan
NaN in beta_*: layer 9, bs_iter=38, k=10926, beta_mu=1.22826650552026e+153, beta_phi=nan
NaN in beta_*: layer 9, bs_iter=38, k=10927, beta_mu=5.41965556976098e+152, beta_phi=nan
NaN in beta_*: layer 9, bs_iter=38, k=10928, beta_mu=4.997834076182371e+152, beta_phi=nan
NaN in beta_*: layer 9, bs_iter=38, k=10929, beta_mu=1.2282658812753246e+153, beta_phi=nan
NaN in beta_*: layer 9, bs_iter=38, k=10933, beta_mu=1.22659719303419e+153, beta_phi=nan
NaN in beta_*: layer 9, bs_iter=38, k=10934, beta_mu=1.274461083647306e+152, beta_phi=nan
NaN in beta_*: layer 9, bs_iter=38, k=10935, beta_mu=5.745341378113088e+152, beta_phi=nan
NaN in beta_*: layer 9, bs_iter=38, k=10936, beta_mu=9.012047219308735e+151, beta_phi=nan
NaN in beta_*: layer 9, bs_iter=38, k=10937, beta_mu=1.269138321897397e+152, beta_phi=nan
NaN in beta_*: layer 9, bs_iter=38, k=10938, beta_mu=4.3797099391337e+152, beta_phi=nan
NaN in beta_*: layer 9, bs_iter=38, k=10940, beta_mu=1.2417447842472892e+153, beta_phi=nan
NaN in beta_*: layer 9, bs_iter=38, k=10942, beta_mu=1.2725076654776024e+153, beta_phi=nan
NaN in beta_*: layer 9, bs_iter=38, k=10944, beta_mu=5.3421418173941735e+152, beta_phi=nan
NaN in beta_*: layer 9, bs_iter=38, k=10945, beta_mu=4.447963620713291e+152, beta_phi=nan
NaN in beta_*: layer 9, bs_iter=38, k=10946, beta_mu=4.458267621448046e+152, beta_phi=nan
NaN in beta_*: layer 9, bs_iter=38, k=10947, beta_mu=5.719509238610635e+152, beta_phi=nan
NaN in beta_*: layer 9, bs_iter=38, k=10948, beta_mu=1.2691410526085153e+152, beta_phi=nan
NaN in beta_*: layer 9, bs_iter=38, k=10950, beta_mu=1.2393673489366358e+153, beta_phi=nan
NaN in beta_*: layer 9, bs_iter=38, k=10951, beta_mu=5.3465187869724535e+152, beta_phi=nan
NaN in beta_*: layer 9, bs_iter=38, k=10953, beta_mu=8.192031851778106e+152, beta_phi=nan
NaN in beta_*: layer 9, bs_iter=38, k=10955, beta_mu=4.089471157519086e+152, beta_phi=nan
NaN in beta_*: layer 9, bs_iter=38, k=10957, beta_mu=6.117610089853113e+152, beta_phi=nan
NaN in beta_*: layer 9, bs_iter=38, k=10959, beta_mu=1.8845397856652917e+152, beta_phi=nan
NaN in beta_*: layer 9, bs_iter=38, k=10962, beta_mu=1.943594551306641e+153, beta_phi=nan
NaN in beta_*: layer 9, bs_iter=38, k=10964, beta_mu=5.595436213788402e+152, beta_phi=nan
NaN in beta_*: layer 9, bs_iter=38, k=10965, beta_mu=5.647558892155156e+152, beta_phi=nan
NaN in beta_*: layer 9, bs_iter=38, k=10966, beta_mu=4.88995160097e+152, beta_phi=nan
NaN in beta_*: layer 9, bs_iter=38, k=10967, beta_mu=4.970747384498275e+152, beta_phi=nan
NaN in beta_*: layer 9, bs_iter=38, k=10968, beta_mu=6.362572807083163e+152, beta_phi=nan
NaN in beta_*: layer 9, bs_iter=38, k=10970, beta_mu=4.944969339604351e+152, beta_phi=nan
NaN in beta_*: layer 9, bs_iter=38, k=10971, beta_mu=7.818025532498859e+152, beta_phi=nan
NaN in beta_*: layer 9, bs_iter=38, k=10972, beta_mu=5.3499043454489925e+152, beta_phi=nan
NaN in beta_*: layer 9, bs_iter=38, k=10973, beta_mu=1.2507897523999012e+153, beta_phi=nan
NaN in beta_*: layer 9, bs_iter=38, k=10975, beta_mu=7.748228487656757e+152, beta_phi=nan
NaN in beta_*: layer 9, bs_iter=38, k=10976, beta_mu=4.680705902498834e+152, beta_phi=nan
NaN in beta_*: layer 9, bs_iter=38, k=10977, beta_mu=6.155259145953712e+152, beta_phi=nan
NaN in beta_*: layer 9, bs_iter=38, k=10978, beta_mu=5.402195325981113e+152, beta_phi=nan
NaN in beta_*: layer 9, bs_iter=38, k=10983, beta_mu=5.060650199111862e+152, beta_phi=nan
NaN in beta_*: layer 9, bs_iter=38, k=10986, beta_mu=5.555348344308578e+152, beta_phi=nan
NaN in beta_*: layer 9, bs_iter=38, k=10987, beta_mu=7.9159587435161055e+152, beta_phi=nan
NaN in beta_*: layer 9, bs_iter=38, k=10988, beta_mu=1.2946214787676278e+153, beta_phi=nan
NaN in beta_*: layer 9, bs_iter=38, k=10989, beta_mu=5.570213120544749e+152, beta_phi=nan
NaN in beta_*: layer 9, bs_iter=38, k=10990, beta_mu=1.1245151695738857e+153, beta_phi=nan
NaN in beta_*: layer 9, bs_iter=38, k=10993, beta_mu=7.786758543742161e+152, beta_phi=nan
NaN in beta_*: layer 9, bs_iter=38, k=10994, beta_mu=7.003055191515059e+152, beta_phi=nan
NaN in beta_*: layer 9, bs_iter=38, k=10995, beta_mu=4.89029463594808e+152, beta_phi=nan
NaN in beta_*: layer 9, bs_iter=38, k=10998, beta_mu=7.143022950354908e+152, beta_phi=nan
NaN in beta_*: layer 9, bs_iter=38, k=10999, beta_mu=8.073231180255888e+152, beta_phi=nan
NaN in beta_*: layer 9, bs_iter=38, k=11004, beta_mu=5.010780214935294e+152, beta_phi=nan
NaN in beta_*: layer 9, bs_iter=38, k=11005, beta_mu=7.42932861016315e+152, beta_phi=nan
NaN in beta_*: layer 9, bs_iter=38, k=11007, beta_mu=1.198409465170918e+152, beta_phi=nan
NaN in beta_*: layer 9, bs_iter=38, k=11008, beta_mu=7.268918486814979e+152, beta_phi=nan
NaN in beta_*: layer 9, bs_iter=38, k=11011, beta_mu=5.325399031913485e+152, beta_phi=nan
NaN in beta_*: layer 9, bs_iter=38, k=11012, beta_mu=7.207404289056263e+152, beta_phi=nan
NaN in beta_*: layer 9, bs_iter=38, k=11013, beta_mu=6.208940370621461e+152, beta_phi=nan
NaN in beta_*: layer 9, bs_iter=38, k=11015, beta_mu=6.090649642065793e+152, beta_phi=nan
NaN in beta_*: layer 9, bs_iter=38, k=11017, beta_mu=6.313772155721064e+152, beta_phi=nan
NaN in beta_*: layer 9, bs_iter=38, k=11020, beta_mu=3.1165100603036717e+152, beta_phi=nan
NaN in beta_*: layer 9, bs_iter=38, k=11021, beta_mu=1.0698080874423778e+153, beta_phi=nan
NaN in beta_*: layer 9, bs_iter=38, k=11022, beta_mu=4.7890451544588375e+152, beta_phi=nan
NaN in beta_*: layer 9, bs_iter=38, k=11025, beta_mu=5.045550766466012e+152, beta_phi=nan
NaN in beta_*: layer 9, bs_iter=38, k=11026, beta_mu=5.346563055791644e+152, beta_phi=nan
NaN in beta_*: layer 9, bs_iter=38, k=11027, beta_mu=4.420845404911298e+152, beta_phi=nan
NaN in beta_*: layer 9, bs_iter=38, k=11028, beta_mu=4.0018211754246854e+152, beta_phi=nan
NaN in beta_*: layer 9, bs_iter=38, k=11029, beta_mu=5.255930621844444e+152, beta_phi=nan
NaN in beta_*: layer 9, bs_iter=38, k=11030, beta_mu=1.9715541949884302e+152, beta_phi=nan
NaN in beta_*: layer 9, bs_iter=38, k=11031, beta_mu=3.997046948991371e+152, beta_phi=nan
NaN in beta_*: layer 9, bs_iter=38, k=11033, beta_mu=3.601200048330882e+152, beta_phi=nan
NaN in beta_*: layer 9, bs_iter=38, k=11034, beta_mu=1.4301810345474825e+152, beta_phi=nan
NaN in beta_*: layer 9, bs_iter=38, k=11039, beta_mu=2.1969453988964934e+152, beta_phi=nan
NaN in beta_*: layer 9, bs_iter=38, k=11040, beta_mu=1.964474931342026e+152, beta_phi=nan
NaN in beta_*: layer 9, bs_iter=38, k=11041, beta_mu=9.808577659287962e+151, beta_phi=nan
NaN in beta_*: layer 9, bs_iter=38, k=11042, beta_mu=2.0667717550852298e+152, beta_phi=nan
NaN in beta_*: layer 9, bs_iter=38, k=11043, beta_mu=9.789305055360978e+151, beta_phi=nan
NaN in beta_*: layer 9, bs_iter=38, k=11045, beta_mu=2.1151187663679702e+152, beta_phi=nan
NaN in beta_*: layer 9, bs_iter=38, k=11047, beta_mu=1.0238295148515676e+152, beta_phi=nan
NaN in beta_*: layer 9, bs_iter=38, k=11048, beta_mu=1.1526262339040501e+152, beta_phi=nan
NaN in beta_*: layer 9, bs_iter=38, k=11049, beta_mu=2.1781298191901355e+152, beta_phi=nan
NaN in beta_*: layer 9, bs_iter=38, k=11050, beta_mu=1.9402573857907352e+152, beta_phi=nan
NaN in beta_*: layer 9, bs_iter=38, k=11051, beta_mu=2.284814414403967e+152, beta_phi=nan
NaN in beta_*: layer 9, bs_iter=38, k=11052, beta_mu=2.141500297028945e+152, beta_phi=nan
NaN in beta_*: layer 9, bs_iter=38, k=11053, beta_mu=2.204803029265651e+152, beta_phi=nan
NaN in beta_*: layer 9, bs_iter=38, k=11054, beta_mu=2.2731870883767645e+152, beta_phi=nan
NaN in beta_*: layer 9, bs_iter=38, k=11055, beta_mu=1.3694774698277003e+153, beta_phi=nan
NaN in beta_*: layer 9, bs_iter=38, k=11056, beta_mu=2.182524682213681e+152, beta_phi=nan
NaN in beta_*: layer 9, bs_iter=38, k=11057, beta_mu=1.9022944351977318e+152, beta_phi=nan
NaN in beta_*: layer 9, bs_iter=38, k=11058, beta_mu=1.0280517182730125e+153, beta_phi=nan
NaN in beta_*: layer 9, bs_iter=38, k=11060, beta_mu=2.0046665113066206e+152, beta_phi=nan
NaN in beta_*: layer 9, bs_iter=38, k=11061, beta_mu=9.954793407156751e+152, beta_phi=nan
NaN in beta_*: layer 9, bs_iter=38, k=11062, beta_mu=2.2630881696931274e+152, beta_phi=nan
NaN in beta_*: layer 9, bs_iter=38, k=11063, beta_mu=9.38633233602433e+152, beta_phi=nan
NaN in beta_*: layer 9, bs_iter=38, k=11064, beta_mu=3.1497844002119265e+152, beta_phi=nan
NaN in beta_*: layer 9, bs_iter=38, k=11067, beta_mu=7.372480063411663e+152, beta_phi=nan
NaN in beta_*: layer 9, bs_iter=38, k=11069, beta_mu=8.243094046820904e+152, beta_phi=nan
NaN in beta_*: layer 9, bs_iter=38, k=11070, beta_mu=1.0236754905614366e+153, beta_phi=nan
NaN in beta_*: layer 9, bs_iter=38, k=11072, beta_mu=1.0528459154539141e+153, beta_phi=nan
NaN in beta_*: layer 9, bs_iter=38, k=11073, beta_mu=1.0583140250233884e+153, beta_phi=nan
NaN in beta_*: layer 9, bs_iter=38, k=11074, beta_mu=4.0842849258816586e+152, beta_phi=nan
NaN in beta_*: layer 9, bs_iter=38, k=11077, beta_mu=1.046630609355183e+153, beta_phi=nan
NaN in beta_*: layer 9, bs_iter=38, k=11078, beta_mu=1.0570264989657597e+153, beta_phi=nan
NaN in beta_*: layer 9, bs_iter=38, k=11079, beta_mu=1.0360205447013771e+153, beta_phi=nan
NaN in beta_*: layer 9, bs_iter=38, k=11080, beta_mu=1.036883888769912e+153, beta_phi=nan
NaN in beta_*: layer 9, bs_iter=38, k=11081, beta_mu=1.6016621125877767e+153, beta_phi=nan
NaN in beta_*: layer 9, bs_iter=38, k=11082, beta_mu=3.916859030017805e+152, beta_phi=nan
NaN in beta_*: layer 9, bs_iter=38, k=11083, beta_mu=3.6187182200029914e+152, beta_phi=nan
NaN in beta_*: layer 9, bs_iter=38, k=11084, beta_mu=1.6546310696977687e+153, beta_phi=nan
NaN in beta_*: layer 9, bs_iter=38, k=11085, beta_mu=1.036886852710528e+153, beta_phi=nan
NaN in beta_*: layer 9, bs_iter=38, k=11086, beta_mu=1.0368866476028745e+153, beta_phi=nan
NaN in beta_*: layer 9, bs_iter=38, k=11088, beta_mu=3.4559899776021284e+152, beta_phi=nan
NaN in beta_*: layer 9, bs_iter=38, k=11090, beta_mu=1.0050874670515762e+153, beta_phi=nan
NaN in beta_*: layer 9, bs_iter=38, k=11091, beta_mu=1.0060553494754129e+153, beta_phi=nan
NaN in beta_*: layer 9, bs_iter=38, k=11092, beta_mu=9.955982428485355e+152, beta_phi=nan
NaN in beta_*: layer 9, bs_iter=38, k=11093, beta_mu=1.0064843824268465e+153, beta_phi=nan
NaN in beta_*: layer 9, bs_iter=38, k=11094, beta_mu=4.36336646709551e+152, beta_phi=nan
NaN in beta_*: layer 9, bs_iter=38, k=11095, beta_mu=1.0365915662286498e+153, beta_phi=nan
NaN in beta_*: layer 9, bs_iter=38, k=11096, beta_mu=1.010725557974936e+153, beta_phi=nan
NaN in beta_*: layer 9, bs_iter=38, k=11097, beta_mu=3.556960926851471e+152, beta_phi=nan
NaN in beta_*: layer 9, bs_iter=38, k=11099, beta_mu=1.0972420674715809e+153, beta_phi=nan
NaN in beta_*: layer 9, bs_iter=38, k=11101, beta_mu=3.068988752024478e+152, beta_phi=nan
NaN in beta_*: layer 9, bs_iter=38, k=11102, beta_mu=1.6902144647636054e+153, beta_phi=nan
NaN in beta_*: layer 9, bs_iter=38, k=11103, beta_mu=1.6256553983793829e+153, beta_phi=nan
NaN in beta_*: layer 9, bs_iter=38, k=11104, beta_mu=9.45721058875677e+152, beta_phi=nan
NaN in beta_*: layer 9, bs_iter=38, k=11105, beta_mu=9.466777506964259e+152, beta_phi=nan
NaN in beta_*: layer 9, bs_iter=38, k=11108, beta_mu=9.692130380735368e+152, beta_phi=nan
NaN in beta_*: layer 9, bs_iter=38, k=11110, beta_mu=2.245086335984588e+152, beta_phi=nan
NaN in beta_*: layer 9, bs_iter=38, k=11112, beta_mu=4.973322862673606e+152, beta_phi=nan
NaN in beta_*: layer 9, bs_iter=38, k=11114, beta_mu=5.67720475775808e+152, beta_phi=nan
NaN in beta_*: layer 9, bs_iter=38, k=11115, beta_mu=9.142877668411236e+151, beta_phi=nan
NaN in beta_*: layer 9, bs_iter=38, k=11116, beta_mu=1.710365706202224e+153, beta_phi=nan
NaN in beta_*: layer 9, bs_iter=38, k=11117, beta_mu=5.303567584357363e+152, beta_phi=nan
NaN in beta_*: layer 9, bs_iter=38, k=11118, beta_mu=4.833411388863352e+152, beta_phi=nan
NaN in beta_*: layer 9, bs_iter=38, k=11119, beta_mu=5.351369770803114e+152, beta_phi=nan
NaN in beta_*: layer 9, bs_iter=38, k=11122, beta_mu=5.275125820141568e+152, beta_phi=nan
NaN in beta_*: layer 9, bs_iter=38, k=11123, beta_mu=1.75019087803137e+153, beta_phi=nan
NaN in beta_*: layer 9, bs_iter=38, k=11124, beta_mu=1.777196233580996e+153, beta_phi=nan
NaN in beta_*: layer 9, bs_iter=38, k=11127, beta_mu=1.7928153055485993e+153, beta_phi=nan
NaN in beta_*: layer 9, bs_iter=38, k=11128, beta_mu=1.4275877736431786e+153, beta_phi=nan
NaN in beta_*: layer 9, bs_iter=38, k=11130, beta_mu=2.0103768750751837e+152, beta_phi=nan
NaN in beta_*: layer 9, bs_iter=38, k=11131, beta_mu=1.0401624924316136e+153, beta_phi=nan
NaN in beta_*: layer 9, bs_iter=38, k=11133, beta_mu=1.3050245659587743e+153, beta_phi=nan
NaN in beta_*: layer 9, bs_iter=38, k=11134, beta_mu=1.1401612940034525e+153, beta_phi=nan
NaN in beta_*: layer 9, bs_iter=38, k=11136, beta_mu=2.7480047081155463e+152, beta_phi=nan
NaN in beta_*: layer 9, bs_iter=38, k=11137, beta_mu=2.7806174722911037e+152, beta_phi=nan
NaN in beta_*: layer 9, bs_iter=38, k=11138, beta_mu=2.9319497217789644e+152, beta_phi=nan
NaN in beta_*: layer 9, bs_iter=38, k=11139, beta_mu=2.586368678589849e+152, beta_phi=nan
NaN in beta_*: layer 9, bs_iter=38, k=11141, beta_mu=3.1622536435099833e+152, beta_phi=nan
NaN in beta_*: layer 9, bs_iter=38, k=11142, beta_mu=2.8635572242715887e+152, beta_phi=nan
NaN in beta_*: layer 9, bs_iter=38, k=11143, beta_mu=3.038869696473926e+152, beta_phi=nan
NaN in beta_*: layer 9, bs_iter=38, k=11144, beta_mu=4.8909572952100895e+152, beta_phi=nan
NaN in beta_*: layer 9, bs_iter=38, k=11147, beta_mu=1.4309911553746688e+153, beta_phi=nan
NaN in beta_*: layer 9, bs_iter=38, k=11148, beta_mu=1.0187690548500369e+153, beta_phi=nan
NaN in beta_*: layer 9, bs_iter=38, k=11149, beta_mu=2.6562070782039545e+152, beta_phi=nan
NaN in beta_*: layer 9, bs_iter=38, k=11153, beta_mu=1.3169478679702833e+152, beta_phi=nan
NaN in beta_*: layer 9, bs_iter=38, k=11155, beta_mu=7.563503011596568e+152, beta_phi=nan
NaN in beta_*: layer 9, bs_iter=38, k=11157, beta_mu=1.1271895597204497e+153, beta_phi=nan
NaN in beta_*: layer 9, bs_iter=38, k=11158, beta_mu=1.0625276364023749e+153, beta_phi=nan
NaN in beta_*: layer 9, bs_iter=38, k=11159, beta_mu=9.115975660450913e+152, beta_phi=nan
NaN in beta_*: layer 9, bs_iter=38, k=11163, beta_mu=3.7910476642365546e+152, beta_phi=nan
NaN in beta_*: layer 9, bs_iter=38, k=11164, beta_mu=4.195703193464141e+152, beta_phi=nan
NaN in beta_*: layer 9, bs_iter=38, k=11165, beta_mu=8.98360970741881e+152, beta_phi=nan
NaN in beta_*: layer 9, bs_iter=38, k=11166, beta_mu=5.165738606775196e+152, beta_phi=nan
NaN in beta_*: layer 9, bs_iter=38, k=11167, beta_mu=5.165716132992769e+152, beta_phi=nan
NaN in beta_*: layer 9, bs_iter=38, k=11169, beta_mu=8.491619145548582e+152, beta_phi=nan
NaN in beta_*: layer 9, bs_iter=38, k=11170, beta_mu=8.554140779511304e+152, beta_phi=nan
NaN in beta_*: layer 9, bs_iter=38, k=11171, beta_mu=4.957638030717261e+152, beta_phi=nan
NaN in beta_*: layer 9, bs_iter=38, k=11172, beta_mu=1.9684499291940095e+152, beta_phi=nan
NaN in beta_*: layer 9, bs_iter=38, k=11174, beta_mu=4.3503002618221495e+152, beta_phi=nan
NaN in beta_*: layer 9, bs_iter=38, k=11175, beta_mu=7.771267770083256e+152, beta_phi=nan
NaN in beta_*: layer 9, bs_iter=38, k=11176, beta_mu=5.436794410574624e+152, beta_phi=nan
NaN in beta_*: layer 9, bs_iter=38, k=11177, beta_mu=7.771282012242014e+152, beta_phi=nan
NaN in beta_*: layer 9, bs_iter=38, k=11178, beta_mu=4.093764473411924e+152, beta_phi=nan
NaN in beta_*: layer 9, bs_iter=38, k=11180, beta_mu=9.185207020530464e+152, beta_phi=nan
NaN in beta_*: layer 9, bs_iter=38, k=11184, beta_mu=4.292085536833421e+152, beta_phi=nan
NaN in beta_*: layer 9, bs_iter=38, k=11185, beta_mu=3.6615234782724723e+152, beta_phi=nan
NaN in beta_*: layer 9, bs_iter=38, k=11188, beta_mu=6.278783159678612e+152, beta_phi=nan
NaN in beta_*: layer 9, bs_iter=38, k=11189, beta_mu=8.749601972886311e+152, beta_phi=nan
NaN in beta_*: layer 9, bs_iter=38, k=11190, beta_mu=5.249389069790891e+152, beta_phi=nan
NaN in beta_*: layer 9, bs_iter=38, k=11191, beta_mu=2.9363021894352173e+152, beta_phi=nan
NaN in beta_*: layer 9, bs_iter=38, k=11192, beta_mu=2.9512939607529677e+152, beta_phi=nan
NaN in beta_*: layer 9, bs_iter=38, k=11194, beta_mu=9.239828199899443e+152, beta_phi=nan
NaN in beta_*: layer 9, bs_iter=38, k=11195, beta_mu=5.688170585479611e+152, beta_phi=nan
NaN in beta_*: layer 9, bs_iter=38, k=11196, beta_mu=1.4002128904692385e+152, beta_phi=nan
NaN in beta_*: layer 9, bs_iter=38, k=11197, beta_mu=3.9127825839337165e+152, beta_phi=nan
NaN in beta_*: layer 9, bs_iter=38, k=11199, beta_mu=4.420409279021826e+152, beta_phi=nan
NaN in beta_*: layer 9, bs_iter=38, k=11204, beta_mu=3.9028147315992357e+152, beta_phi=nan
NaN in beta_*: layer 9, bs_iter=38, k=11205, beta_mu=1.3522408643100106e+153, beta_phi=nan
NaN in beta_*: layer 9, bs_iter=38, k=11209, beta_mu=1.4257602166328075e+152, beta_phi=nan
NaN in beta_*: layer 9, bs_iter=38, k=11214, beta_mu=6.822708456465642e+152, beta_phi=nan
NaN in beta_*: layer 9, bs_iter=38, k=11215, beta_mu=9.298461875020652e+152, beta_phi=nan
NaN in beta_*: layer 9, bs_iter=38, k=11219, beta_mu=3.2870779193804407e+152, beta_phi=nan
NaN in beta_*: layer 9, bs_iter=38, k=11221, beta_mu=2.9083054341918373e+152, beta_phi=nan
NaN in beta_*: layer 9, bs_iter=38, k=11222, beta_mu=2.3010134952448683e+152, beta_phi=nan
NaN in beta_*: layer 9, bs_iter=38, k=11223, beta_mu=3.049265802051081e+152, beta_phi=nan
NaN in beta_*: layer 9, bs_iter=38, k=11225, beta_mu=3.7311583836384984e+152, beta_phi=nan
NaN in beta_*: layer 9, bs_iter=38, k=11227, beta_mu=1.3412613972406649e+152, beta_phi=nan
NaN in beta_*: layer 9, bs_iter=38, k=11229, beta_mu=6.900603410050378e+152, beta_phi=nan
NaN in beta_*: layer 9, bs_iter=38, k=11233, beta_mu=2.8872787498866168e+152, beta_phi=nan
NaN in beta_*: layer 9, bs_iter=38, k=11234, beta_mu=3.5068943945465703e+152, beta_phi=nan
NaN in beta_*: layer 9, bs_iter=38, k=11235, beta_mu=3.789875419340565e+152, beta_phi=nan
NaN in beta_*: layer 9, bs_iter=38, k=11236, beta_mu=2.1653822544704825e+152, beta_phi=nan
NaN in beta_*: layer 9, bs_iter=38, k=11238, beta_mu=2.903140874402557e+152, beta_phi=nan
NaN in beta_*: layer 9, bs_iter=38, k=11244, beta_mu=8.88334079551096e+152, beta_phi=nan
NaN in beta_*: layer 9, bs_iter=38, k=11246, beta_mu=3.330966047557515e+152, beta_phi=nan
NaN in beta_*: layer 9, bs_iter=38, k=11248, beta_mu=3.7245689397906165e+152, beta_phi=nan
NaN in beta_*: layer 9, bs_iter=38, k=11249, beta_mu=2.518645660720022e+152, beta_phi=nan
NaN in beta_*: layer 9, bs_iter=38, k=11250, beta_mu=3.1982100547004183e+152, beta_phi=nan
NaN in beta_*: layer 9, bs_iter=38, k=11251, beta_mu=1.3310703781358807e+152, beta_phi=nan
NaN in beta_*: layer 9, bs_iter=38, k=11252, beta_mu=7.956085125886888e+152, beta_phi=nan
NaN in beta_*: layer 9, bs_iter=38, k=11254, beta_mu=9.413179596527097e+151, beta_phi=nan
NaN in beta_*: layer 9, bs_iter=38, k=11255, beta_mu=4.215386783283303e+152, beta_phi=nan
NaN in beta_*: layer 9, bs_iter=38, k=11256, beta_mu=1.6401719691326455e+152, beta_phi=nan
NaN in beta_*: layer 9, bs_iter=38, k=11261, beta_mu=1.7823507190934398e+152, beta_phi=nan
NaN in beta_*: layer 9, bs_iter=38, k=11264, beta_mu=2.919419808024374e+152, beta_phi=nan
NaN in beta_*: layer 9, bs_iter=38, k=11265, beta_mu=2.0992708899549567e+152, beta_phi=nan
NaN in beta_*: layer 9, bs_iter=38, k=11267, beta_mu=3.892920961331121e+152, beta_phi=nan
NaN in beta_*: layer 9, bs_iter=38, k=11269, beta_mu=5.590168520908318e+152, beta_phi=nan
NaN in beta_*: layer 9, bs_iter=38, k=11271, beta_mu=3.450021479770729e+152, beta_phi=nan
NaN in beta_*: layer 9, bs_iter=38, k=11272, beta_mu=3.4870171697793533e+152, beta_phi=nan
NaN in beta_*: layer 9, bs_iter=38, k=11274, beta_mu=3.883158375715539e+152, beta_phi=nan
NaN in beta_*: layer 9, bs_iter=38, k=11278, beta_mu=6.517508959936105e+152, beta_phi=nan
NaN in beta_*: layer 9, bs_iter=38, k=11279, beta_mu=1.7640290680163342e+152, beta_phi=nan
NaN in beta_*: layer 9, bs_iter=38, k=11280, beta_mu=1.5801348663816913e+152, beta_phi=nan
NaN in beta_*: layer 9, bs_iter=38, k=11283, beta_mu=8.974744248863272e+152, beta_phi=nan
NaN in beta_*: layer 9, bs_iter=38, k=11284, beta_mu=2.805641493781245e+152, beta_phi=nan
NaN in beta_*: layer 9, bs_iter=38, k=11285, beta_mu=1.660224794228902e+152, beta_phi=nan
NaN in beta_*: layer 9, bs_iter=38, k=11306, beta_mu=9.21952410132003e+151, beta_phi=nan
NaN in beta_*: layer 9, bs_iter=38, k=11308, beta_mu=1.2021368128294727e+152, beta_phi=nan
NaN in beta_*: layer 9, bs_iter=38, k=11311, beta_mu=9.214854065773798e+151, beta_phi=nan
NaN in beta_*: layer 9, bs_iter=38, k=11316, beta_mu=9.273728277236088e+151, beta_phi=nan
NaN in beta_*: layer 9, bs_iter=38, k=11317, beta_mu=4.1646271273361243e+152, beta_phi=nan
NaN in beta_*: layer 9, bs_iter=38, k=11319, beta_mu=1.9055272851835264e+153, beta_phi=nan
NaN in beta_*: layer 9, bs_iter=38, k=11321, beta_mu=1.8770391938271994e+152, beta_phi=nan
NaN in beta_*: layer 9, bs_iter=38, k=11322, beta_mu=7.432182806887551e+152, beta_phi=nan
NaN in beta_*: layer 9, bs_iter=38, k=11323, beta_mu=6.715683532618333e+152, beta_phi=nan
NaN in beta_*: layer 9, bs_iter=38, k=11324, beta_mu=2.5830887419242655e+152, beta_phi=nan
NaN in beta_*: layer 9, bs_iter=38, k=11327, beta_mu=5.677816462493043e+152, beta_phi=nan
NaN in beta_*: layer 9, bs_iter=38, k=11332, beta_mu=3.91425696165212e+152, beta_phi=nan
NaN in beta_*: layer 9, bs_iter=38, k=11333, beta_mu=1.0057375038481502e+153, beta_phi=nan
NaN in beta_*: layer 9, bs_iter=38, k=11335, beta_mu=2.566563593710352e+152, beta_phi=nan
NaN in beta_*: layer 9, bs_iter=38, k=11338, beta_mu=3.42002280842814e+152, beta_phi=nan
NaN in beta_*: layer 9, bs_iter=38, k=11339, beta_mu=2.987154212600421e+152, beta_phi=nan
NaN in beta_*: layer 9, bs_iter=38, k=11340, beta_mu=3.2460913875636985e+152, beta_phi=nan
NaN in beta_*: layer 9, bs_iter=38, k=11341, beta_mu=4.203130336514856e+152, beta_phi=nan
NaN in beta_*: layer 9, bs_iter=38, k=11342, beta_mu=3.054191905314055e+152, beta_phi=nan
NaN in beta_*: layer 9, bs_iter=38, k=11343, beta_mu=3.022223044547363e+152, beta_phi=nan
NaN in beta_*: layer 9, bs_iter=38, k=11344, beta_mu=3.0509784935848405e+152, beta_phi=nan
NaN in beta_*: layer 9, bs_iter=38, k=11345, beta_mu=1.11305907795842e+152, beta_phi=nan
NaN in beta_*: layer 9, bs_iter=38, k=11346, beta_mu=2.9141139985025155e+152, beta_phi=nan
NaN in beta_*: layer 9, bs_iter=38, k=11347, beta_mu=5.491084546367923e+152, beta_phi=nan
NaN in beta_*: layer 9, bs_iter=38, k=11348, beta_mu=5.359097050149092e+152, beta_phi=nan
NaN in beta_*: layer 9, bs_iter=38, k=11349, beta_mu=6.96984764670692e+152, beta_phi=nan
NaN in beta_*: layer 9, bs_iter=38, k=11350, beta_mu=6.947760193907835e+152, beta_phi=nan
NaN in beta_*: layer 9, bs_iter=38, k=11353, beta_mu=3.4956189611493845e+152, beta_phi=nan
NaN in beta_*: layer 9, bs_iter=38, k=11356, beta_mu=2.9966792437121295e+152, beta_phi=nan
NaN in beta_*: layer 9, bs_iter=38, k=11357, beta_mu=5.394783339700942e+152, beta_phi=nan
NaN in beta_*: layer 9, bs_iter=38, k=11358, beta_mu=1.2000792357037105e+152, beta_phi=nan
NaN in beta_*: layer 9, bs_iter=38, k=11359, beta_mu=3.965161478490428e+152, beta_phi=nan
NaN in beta_*: layer 9, bs_iter=38, k=11360, beta_mu=3.777450402360574e+152, beta_phi=nan
NaN in beta_*: layer 9, bs_iter=38, k=11361, beta_mu=9.0427683854911e+151, beta_phi=nan
NaN in beta_*: layer 9, bs_iter=38, k=11362, beta_mu=3.0135672937264423e+152, beta_phi=nan
NaNs in component_non_med_pred at component 9

Residual before update:
[-0.06262631 -0.01692596 -0.01523799 ... -0.04183142 -0.01264986
 -0.00021404]
NaNs in residual_incl_alpha[38, :]
NaNs in gene_weights for bs_iter=38
NaN in mixture_alpha_var: a_terms=[nan nan nan nan nan nan nan nan nan nan nan nan nan nan nan nan nan nan
 nan nan nan nan nan nan nan nan nan nan nan nan nan nan nan]
NaN in mixture_alpha_mu: b_terms=[nan nan nan nan nan nan nan nan nan nan nan nan nan nan nan nan nan nan
 nan nan nan nan nan nan nan nan nan nan nan nan nan nan nan]
NaNs in self.residual at bs_iter=38
NaNs in un_normalized_lv_alpha_weights
NaN in normalizing_term
Compute pips
NaNs found in gene-tissue pair PIPs at indices: [ 0  1  2  3  4  5  6  7  8  9 10 11 12 13 14 15 16 17 18 19 20 21 22 23
 24 25 26 27 28 29 30 31 32]
NaNs found in variant PIPs at indices: [    0     1     2 ... 11360 11361 11362]
NaNs found in gene PIPs at indices: [0 1 2 3 4 5 6 7 8]
###############################
TGFM
###############################
Initialize variables
Warning: 315 variants have NaN gwas_beta. Setting to 0 with large SE.
Iterative optimization

Residual before update:
[ 0.00428266  0.00272057  0.00226361 ... -0.00172704 -0.00751437
  0.00020152]

Residual before update:
[ 0.00428268  0.0027206   0.00226361 ... -0.00172702 -0.00751437
  0.00020151]

Residual before update:
[ 0.0042827   0.00272062  0.00226361 ... -0.001727   -0.00751437
  0.00020149]

Residual before update:
[ 0.00425548  0.00271508  0.00225862 ... -0.00172717 -0.00751688
  0.00019699]

Residual before update:
[ 0.00430607  0.00273684  0.00226125 ... -0.0017198  -0.00751428
  0.00020466]

Residual before update:
[ 0.00428277  0.0027207   0.0022636  ... -0.00172695 -0.00751436
  0.00020144]

Residual before update:
[ 0.00428279  0.00272072  0.00226359 ... -0.00172693 -0.00751435
  0.00020143]

Residual before update:
[ 0.00428281  0.00272075  0.00226359 ... -0.00172691 -0.00751435
  0.00020141]

Residual before update:
[ 0.00428283  0.00272077  0.00226358 ... -0.00172689 -0.00751435
  0.0002014 ]

Residual before update:
[ 0.00428285  0.0027208   0.00226358 ... -0.00172687 -0.00751434
  0.00020138]

Residual before update:
[ 0.00428285  0.0027208   0.00226358 ... -0.00172687 -0.00751434
  0.00020138]

Residual before update:
[ 0.00428285  0.0027208   0.00226358 ... -0.00172687 -0.00751434
  0.00020139]

Residual before update:
[ 0.00428285  0.0027208   0.00226358 ... -0.00172687 -0.00751434
  0.00020139]

Residual before update:
[ 0.00425319  0.00271417  0.00225912 ... -0.0017271  -0.007517
  0.0001968 ]

Residual before update:
[ 4.23386588e+19  3.22459657e+19  3.48224776e+18 ...  2.64057233e+18
 -4.94855043e+17  7.85665809e+18]

Residual before update:
[ 0.00428285  0.0027208   0.00226358 ... -0.00172687 -0.00751434
  0.00020139]

Residual before update:
[ 0.00428285  0.0027208   0.00226358 ... -0.00172687 -0.00751434
  0.00020139]

Residual before update:
[ 0.00428285  0.0027208   0.00226358 ... -0.00172687 -0.00751434
  0.00020139]

Residual before update:
[ 0.00428285  0.0027208   0.00226358 ... -0.00172687 -0.00751434
  0.00020139]

Residual before update:
[ 0.00428285  0.0027208   0.00226358 ... -0.00172687 -0.00751434
  0.00020139]

Residual before update:
[ 0.00428285  0.0027208   0.00226358 ... -0.00172687 -0.00751434
  0.00020139]

Residual before update:
[ 0.00428285  0.0027208   0.00226358 ... -0.00172687 -0.00751434
  0.00020139]

Residual before update:
[ 0.00428285  0.0027208   0.00226358 ... -0.00172687 -0.00751434
  0.00020139]

Residual before update:
[ 0.00425591  0.00271492  0.00225858 ... -0.00172715 -0.00751679
  0.00019705]

Residual before update:
[ 1.88485964e+44  1.43577529e+44  1.54571406e+43 ...  1.17572339e+43
 -2.20499715e+42  3.49767413e+43]

Residual before update:
[ 0.00428285  0.0027208   0.00226358 ... -0.00172687 -0.00751434
  0.00020139]

Residual before update:
[ 0.00428285  0.0027208   0.00226358 ... -0.00172687 -0.00751434
  0.00020139]

Residual before update:
[ 0.00428285  0.0027208   0.00226358 ... -0.00172687 -0.00751434
  0.00020139]

Residual before update:
[ 0.00428285  0.0027208   0.00226358 ... -0.00172687 -0.00751434
  0.00020139]

Residual before update:
[ 0.00428285  0.0027208   0.00226358 ... -0.00172687 -0.00751434
  0.00020139]

Residual before update:
[ 0.00428285  0.0027208   0.00226358 ... -0.00172687 -0.00751434
  0.00020139]

Residual before update:
[ 0.00428285  0.0027208   0.00226358 ... -0.00172687 -0.00751434
  0.00020139]

Residual before update:
[ 0.00428285  0.0027208   0.00226358 ... -0.00172687 -0.00751434
  0.00020139]

Residual before update:
[ 0.00425451  0.00271435  0.00225892 ... -0.00172714 -0.00751686
  0.00019712]

Residual before update:
[ 8.45588406e+68  6.44119550e+68  6.93440435e+67 ...  5.27454696e+67
 -9.89208950e+66  1.56913153e+68]

Residual before update:
[ 0.00428285  0.0027208   0.00226358 ... -0.00172687 -0.00751434
  0.00020139]

Residual before update:
[ 0.00428285  0.0027208   0.00226358 ... -0.00172687 -0.00751434
  0.00020139]

Residual before update:
[ 0.00428285  0.0027208   0.00226358 ... -0.00172687 -0.00751434
  0.00020139]

Residual before update:
[ 0.00428285  0.0027208   0.00226358 ... -0.00172687 -0.00751434
  0.00020139]

Residual before update:
[ 0.00428285  0.0027208   0.00226358 ... -0.00172687 -0.00751434
  0.00020139]

Residual before update:
[ 0.00428285  0.0027208   0.00226358 ... -0.00172687 -0.00751434
  0.00020139]

Residual before update:
[ 0.00428285  0.0027208   0.00226358 ... -0.00172687 -0.00751434
  0.00020139]

Residual before update:
[ 0.00428285  0.0027208   0.00226358 ... -0.00172687 -0.00751434
  0.00020139]

Residual before update:
[ 0.00425973  0.00271656  0.00226006 ... -0.00172709 -0.00751664
  0.00019792]

Residual before update:
[ 3.79349071e+93  2.88965827e+93  3.11092232e+92 ...  2.36627474e+92
 -4.43780323e+91  7.03946015e+92]

Residual before update:
[ 0.00428285  0.0027208   0.00226358 ... -0.00172687 -0.00751434
  0.00020139]

Residual before update:
[ 0.00428285  0.0027208   0.00226358 ... -0.00172687 -0.00751434
  0.00020139]

Residual before update:
[ 0.00428285  0.0027208   0.00226358 ... -0.00172687 -0.00751434
  0.00020139]

Residual before update:
[ 0.00428286  0.0027208   0.00226358 ... -0.00172687 -0.00751434
  0.00020139]

Residual before update:
[ 0.00428285  0.0027208   0.00226358 ... -0.00172687 -0.00751434
  0.00020139]
Compute pips
Finished processing final TGFM

------------------------------------------------------------
Sender: LSF System <lsfadmin@node-14-26>
Subject: Job 740120[40]: <run_final_TGFM_UC[1-50]> in cluster <farm22> Done

Job <run_final_TGFM_UC[1-50]> was submitted from host <farm22-head2> by user <bh18> in cluster <farm22> at Thu Apr 30 14:08:19 2026
Job was executed on host(s) <node-14-26>, in queue <long>, as user <bh18> in cluster <farm22> at Thu Apr 30 14:13:15 2026
</nfs/users/nfs_b/bh18> was used as the home directory.
</lustre/scratch127/humgen/projects_v2/sc-eqtl-ibd/analysis/bradley_analysis/IBDverse/TGFM> was used as the working directory.
Started at Thu Apr 30 14:13:15 2026
Terminated at Thu Apr 30 19:13:45 2026
Results reported at Thu Apr 30 19:13:45 2026

Your job looked like:

------------------------------------------------------------
# LSBATCH: User input
bash execution_scripts_BH/run_TGFM-BH-MCP.sh -t UC
------------------------------------------------------------

Successfully completed.

Resource usage summary:

    CPU time :                                   13887.61 sec.
    Max Memory :                                 17185 MB
    Average Memory :                             9743.52 MB
    Total Requested Memory :                     30000.00 MB
    Delta Memory :                               12815.00 MB
    Max Swap :                                   2 MB
    Max Processes :                              5
    Max Threads :                                14
    Run time :                                   18033 sec.
    Turnaround time :                            18326 sec.

The output (if any) is above this job summary.



PS:

Read file <logs/run_final_TGFM-UC-40-740120-error.log> for stderr output of this job.

