Processing chunk 13...
###############################
TGFM
###############################
Initialize variables
Warning: 325 variants have NaN gwas_beta. Setting to 0 with large SE.
Iterative optimization

Residual before update:
[-0.01087293 -0.01084484  0.         ... -0.00330553 -0.0082695
  0.00284849]

Residual before update:
[-1.08725285e-02 -1.08444327e-02 -5.74125039e-19 ... -3.30558419e-03
 -8.26942727e-03  2.84846666e-03]

Residual before update:
[-1.08721240e-02 -1.08440277e-02 -1.22573699e-18 ... -3.30563453e-03
 -8.26935281e-03  2.84844747e-03]

Residual before update:
[-1.08756842e-02 -1.08477532e-02 -2.19225328e-14 ... -3.30588129e-03
 -8.31820619e-03  2.84646851e-03]

Residual before update:
[-1.08713155e-02 -1.08432184e-02 -2.27135911e-18 ... -3.30573498e-03
 -8.26920388e-03  2.84840924e-03]

Residual before update:
[-1.08709116e-02 -1.08428141e-02 -2.77780795e-18 ... -3.30578509e-03
 -8.26912930e-03  2.84839019e-03]

Residual before update:
[-1.08705079e-02 -1.08424100e-02 -3.44193081e-18 ... -3.30583512e-03
 -8.26905470e-03  2.84837117e-03]

Residual before update:
[-1.08701044e-02 -1.08420061e-02 -3.77821422e-18 ... -3.30588507e-03
 -8.26898015e-03  2.84835224e-03]

Residual before update:
[-1.08697011e-02 -1.08416024e-02 -4.20165577e-18 ... -3.30593495e-03
 -8.26890548e-03  2.84833333e-03]

Residual before update:
[-1.08692982e-02 -1.08411990e-02 -6.35699173e-18 ... -3.30598477e-03
 -8.26883088e-03  2.84831436e-03]

Residual before update:
[-1.08693000e-02 -1.08412009e-02 -4.69420924e-18 ... -3.30598406e-03
 -8.26883067e-03  2.84831489e-03]

Residual before update:
[-1.08693011e-02 -1.08412019e-02 -4.59710556e-18 ... -3.30598353e-03
 -8.26883032e-03  2.84831522e-03]

Residual before update:
[-1.08693019e-02 -1.08412028e-02 -4.92334442e-18 ... -3.30598308e-03
 -8.26883000e-03  2.84831549e-03]

Residual before update:
[-1.08753029e-02 -1.08474134e-02  4.43633811e-14 ... -3.30095792e-03
 -8.27442192e-03  2.84954786e-03]

Residual before update:
[-1.08693029e-02 -1.08412037e-02 -4.50548699e-18 ... -3.30598240e-03
 -8.26882963e-03  2.84831594e-03]

Residual before update:
[-1.08693031e-02 -1.08412039e-02 -4.40454880e-18 ... -3.30598221e-03
 -8.26882931e-03  2.84831609e-03]

Residual before update:
[-1.08693030e-02 -1.08412039e-02 -4.58759264e-18 ... -3.30598207e-03
 -8.26882903e-03  2.84831616e-03]

Residual before update:
[-1.08693027e-02 -1.08412036e-02 -4.31254309e-18 ... -3.30598200e-03
 -8.26882891e-03  2.84831626e-03]

Residual before update:
[-1.08693023e-02 -1.08412031e-02 -4.22205302e-18 ... -3.30598201e-03
 -8.26882869e-03  2.84831627e-03]

Residual before update:
[-1.08693016e-02 -1.08412024e-02 -5.90462893e-18 ... -3.30598213e-03
 -8.26882860e-03  2.84831612e-03]

Residual before update:
[-1.08693016e-02 -1.08412024e-02 -4.33751839e-18 ... -3.30598212e-03
 -8.26882863e-03  2.84831623e-03]

Residual before update:
[-1.08693009e-02 -1.08412017e-02 -4.32605430e-18 ... -3.30598221e-03
 -8.26882849e-03  2.84831619e-03]

Residual before update:
[-1.08693002e-02 -1.08412010e-02 -4.72696421e-18 ... -3.30598230e-03
 -8.26882834e-03  2.84831614e-03]

Residual before update:
[-1.08727215e-02 -1.08447705e-02  1.84335953e-14 ... -3.30205994e-03
 -8.30227982e-03  2.84747059e-03]

Residual before update:
[-1.08692988e-02 -1.08411996e-02 -4.42243300e-18 ... -3.30598245e-03
 -8.26882825e-03  2.84831609e-03]

Residual before update:
[-1.08692981e-02 -1.08411990e-02 -4.36161054e-18 ... -3.30598256e-03
 -8.26882802e-03  2.84831606e-03]

Residual before update:
[-1.08692974e-02 -1.08411982e-02 -4.57439016e-18 ... -3.30598264e-03
 -8.26882781e-03  2.84831599e-03]

Residual before update:
[-1.08692967e-02 -1.08411976e-02 -4.31759470e-18 ... -3.30598272e-03
 -8.26882774e-03  2.84831600e-03]

Residual before update:
[-1.08692960e-02 -1.08411969e-02 -4.23518235e-18 ... -3.30598280e-03
 -8.26882754e-03  2.84831597e-03]

Residual before update:
[-1.08692953e-02 -1.08411962e-02 -5.91862780e-18 ... -3.30598291e-03
 -8.26882744e-03  2.84831583e-03]

Residual before update:
[-1.08692953e-02 -1.08411962e-02 -4.34712349e-18 ... -3.30598289e-03
 -8.26882747e-03  2.84831594e-03]

Residual before update:
[-1.08692946e-02 -1.08411955e-02 -4.33438826e-18 ... -3.30598298e-03
 -8.26882733e-03  2.84831590e-03]

Residual before update:
[-1.08692939e-02 -1.08411948e-02 -4.73507430e-18 ... -3.30598306e-03
 -8.26882717e-03  2.84831585e-03]

Residual before update:
[-1.08705510e-02 -1.08424913e-02  2.94288051e-14 ... -3.30233816e-03
 -8.27062620e-03  2.84839361e-03]

Residual before update:
[-1.08692926e-02 -1.08411934e-02 -4.42895303e-18 ... -3.30598322e-03
 -8.26882708e-03  2.84831580e-03]

Residual before update:
[-1.08692919e-02 -1.08411927e-02 -4.36778900e-18 ... -3.30598332e-03
 -8.26882686e-03  2.84831577e-03]

Residual before update:
[-1.08692911e-02 -1.08411920e-02 -4.58084674e-18 ... -3.30598341e-03
 -8.26882665e-03  2.84831571e-03]

Residual before update:
[-1.08692905e-02 -1.08411913e-02 -4.32359044e-18 ... -3.30598348e-03
 -8.26882657e-03  2.84831571e-03]

Residual before update:
[-1.08692898e-02 -1.08411906e-02 -4.24106351e-18 ... -3.30598356e-03
 -8.26882637e-03  2.84831568e-03]

Residual before update:
[-1.08692890e-02 -1.08411899e-02 -5.92747551e-18 ... -3.30598368e-03
 -8.26882626e-03  2.84831554e-03]

Residual before update:
[-1.08692891e-02 -1.08411899e-02 -4.35322169e-18 ... -3.30598366e-03
 -8.26882630e-03  2.84831565e-03]

Residual before update:
[-1.08692884e-02 -1.08411892e-02 -4.34047880e-18 ... -3.30598374e-03
 -8.26882616e-03  2.84831562e-03]

Residual before update:
[-1.08692877e-02 -1.08411885e-02 -4.74187195e-18 ... -3.30598383e-03
 -8.26882600e-03  2.84831556e-03]

Residual before update:
[-1.08703012e-02 -1.08422279e-02  3.01255432e-14 ... -3.30239434e-03
 -8.26724487e-03  2.84859108e-03]
NaNs in component_non_med_pred at component 4

Residual before update:
[-1.08692863e-02 -1.08411871e-02 -4.43521860e-18 ... -3.30598398e-03
 -8.26882591e-03  2.84831551e-03]
NaNs in residual_incl_alpha[88, :]
NaN in mixture_alpha_mu: b_terms=[nan nan nan nan]
NaNs in self.residual at bs_iter=88
NaNs in un_normalized_lv_alpha_weights
NaN in normalizing_term
NaNs in component_non_med_pred at component 5

Residual before update:
[-1.08692856e-02 -1.08411865e-02 -4.37394433e-18 ... -3.30598409e-03
 -8.26882569e-03  2.84831548e-03]
NaNs in residual_incl_alpha[88, :]
NaNs in gene_weights for bs_iter=88
NaN in mixture_alpha_mu: b_terms=[nan nan nan nan]
NaNs in self.residual at bs_iter=88
NaNs in un_normalized_lv_alpha_weights
NaN in normalizing_term
NaNs in component_non_med_pred at component 6

Residual before update:
[-1.08692849e-02 -1.08411857e-02 -4.58737995e-18 ... -3.30598417e-03
 -8.26882548e-03  2.84831542e-03]
NaNs in residual_incl_alpha[19, :]
NaN in mixture_alpha_mu: b_terms=[nan nan nan nan]
NaNs in self.residual at bs_iter=19
NaNs in un_normalized_lv_alpha_weights
NaN in normalizing_term
NaNs in residual_incl_alpha[88, :]
NaNs in gene_weights for bs_iter=88
NaN in mixture_alpha_mu: b_terms=[nan nan nan nan]
NaNs in self.residual at bs_iter=88
NaNs in un_normalized_lv_alpha_weights
NaN in normalizing_term
NaNs in component_non_med_pred at component 7

Residual before update:
[-1.08692842e-02 -1.08411850e-02 -4.32967431e-18 ... -3.30598425e-03
 -8.26882540e-03  2.84831542e-03]
NaNs in residual_incl_alpha[19, :]
NaNs in gene_weights for bs_iter=19
NaN in mixture_alpha_mu: b_terms=[nan nan nan nan]
NaNs in self.residual at bs_iter=19
NaNs in un_normalized_lv_alpha_weights
NaN in normalizing_term
NaNs in residual_incl_alpha[88, :]
NaNs in gene_weights for bs_iter=88
NaN in mixture_alpha_mu: b_terms=[nan nan nan nan]
NaNs in self.residual at bs_iter=88
NaNs in un_normalized_lv_alpha_weights
NaN in normalizing_term
NaNs in component_non_med_pred at component 8

Residual before update:
[-1.08692835e-02 -1.08411843e-02 -4.24700680e-18 ... -3.30598433e-03
 -8.26882520e-03  2.84831539e-03]
NaNs in residual_incl_alpha[19, :]
NaNs in gene_weights for bs_iter=19
NaN in mixture_alpha_mu: b_terms=[nan nan nan nan]
NaNs in self.residual at bs_iter=19
NaNs in un_normalized_lv_alpha_weights
NaN in normalizing_term
NaNs in residual_incl_alpha[88, :]
NaNs in gene_weights for bs_iter=88
NaN in mixture_alpha_mu: b_terms=[nan nan nan nan]
NaNs in self.residual at bs_iter=88
NaNs in un_normalized_lv_alpha_weights
NaN in normalizing_term
NaNs in component_non_med_pred at component 9

Residual before update:
[-1.08692827e-02 -1.08411836e-02 -5.93637743e-18 ... -3.30598445e-03
 -8.26882509e-03  2.84831525e-03]
NaNs in residual_incl_alpha[19, :]
NaNs in gene_weights for bs_iter=19
NaN in mixture_alpha_mu: b_terms=[nan nan nan nan]
NaNs in self.residual at bs_iter=19
NaNs in un_normalized_lv_alpha_weights
NaN in normalizing_term
NaNs in residual_incl_alpha[88, :]
NaNs in gene_weights for bs_iter=88
NaN in mixture_alpha_mu: b_terms=[nan nan nan nan]
NaNs in self.residual at bs_iter=88
NaNs in un_normalized_lv_alpha_weights
NaN in normalizing_term
Compute pips
NaNs found in gene-tissue pair PIPs at indices: [0 1 2 3]
NaNs found in variant PIPs at indices: [   0    1    2 ... 7899 7900 7901]
NaNs found in gene PIPs at indices: [0 1]
###############################
TGFM
###############################
Initialize variables
Warning: 305 variants have NaN gwas_beta. Setting to 0 with large SE.
Iterative optimization

Residual before update:
[-0.00767277  0.00326258 -0.00492029 ... -0.00367316  0.00171698
  0.00611017]

Residual before update:
[-0.00767238  0.00327163 -0.00491748 ... -0.0036704   0.00173746
  0.00611491]

Residual before update:
[-0.00767243  0.00326259 -0.00492029 ... -0.00367321  0.00171697
  0.00611012]

Residual before update:
[-0.00767025  0.00326265 -0.00492009 ... -0.00366919  0.00172281
  0.0061141 ]

Residual before update:
[-0.00767209  0.0032626  -0.00492028 ... -0.00367325  0.00171696
  0.00611007]

Residual before update:
[-0.00767192  0.0032626  -0.00492028 ... -0.00367328  0.00171696
  0.00611005]

Residual before update:
[-0.00767175  0.00326261 -0.00492027 ... -0.0036733   0.00171696
  0.00611002]

Residual before update:
[-0.00767159  0.00326261 -0.00492027 ... -0.00367333  0.00171696
  0.00610999]

Residual before update:
[-0.00767142  0.00326262 -0.00492026 ... -0.00367335  0.00171695
  0.00610997]

Residual before update:
[-0.00767125  0.00326262 -0.00492026 ... -0.00367337  0.00171695
  0.00610994]

Residual before update:
[-0.00767125  0.00326262 -0.00492026 ... -0.00367337  0.00171695
  0.00610994]

Residual before update:
[-0.00767178  0.00327197 -0.00491798 ... -0.00367082  0.00173808
  0.00611428]

Residual before update:
[-0.00767125  0.00326262 -0.00492026 ... -0.00367337  0.00171695
  0.00610994]

Residual before update:
[-0.00766906  0.00326262 -0.0049201  ... -0.00366787  0.00172308
  0.00611602]

Residual before update:
[-0.00767126  0.00326262 -0.00492026 ... -0.00367337  0.00171695
  0.00610994]

Residual before update:
[-0.00767126  0.00326262 -0.00492026 ... -0.00367337  0.00171695
  0.00610994]

Residual before update:
[-0.00767126  0.00326262 -0.00492026 ... -0.00367337  0.00171695
  0.00610994]

Residual before update:
[-0.00767126  0.00326262 -0.00492026 ... -0.00367337  0.00171695
  0.00610994]

Residual before update:
[-0.00767126  0.00326262 -0.00492026 ... -0.00367337  0.00171695
  0.00610994]

Residual before update:
[-0.00767126  0.00326262 -0.00492026 ... -0.00367337  0.00171695
  0.00610994]

Residual before update:
[-0.00767126  0.00326262 -0.00492026 ... -0.00367337  0.00171695
  0.00610994]

Residual before update:
[-0.00763058  0.00365297 -0.00479932 ... -0.00355885  0.00259841
  0.0063089 ]

Residual before update:
[-0.00767126  0.00326262 -0.00492026 ... -0.00367337  0.00171695
  0.00610994]

Residual before update:
[-0.00766979  0.00326267 -0.00492016 ... -0.00366838  0.0017236
  0.00611505]

Residual before update:
[-0.00767125  0.00326262 -0.00492026 ... -0.00367337  0.00171695
  0.00610994]

Residual before update:
[-0.00767125  0.00326262 -0.00492026 ... -0.00367337  0.00171695
  0.00610994]

Residual before update:
[-0.00767125  0.00326262 -0.00492026 ... -0.00367337  0.00171695
  0.00610994]

Residual before update:
[-0.00767125  0.00326262 -0.00492026 ... -0.00367337  0.00171695
  0.00610994]

Residual before update:
[-0.00767125  0.00326262 -0.00492026 ... -0.00367337  0.00171695
  0.00610994]

Residual before update:
[-0.00767125  0.00326262 -0.00492026 ... -0.00367337  0.00171695
  0.00610994]

Residual before update:
[-0.00767125  0.00326262 -0.00492026 ... -0.00367337  0.00171695
  0.00610994]

Residual before update:
[-0.00741037  0.003622   -0.00481331 ... -0.00356569  0.0025149
  0.00629428]

Residual before update:
[-0.00767125  0.00326262 -0.00492026 ... -0.00367337  0.00171695
  0.00610994]

Residual before update:
[-0.00766974  0.00326266 -0.00492017 ... -0.00366838  0.00172344
  0.00611514]

Residual before update:
[-0.00767125  0.00326262 -0.00492026 ... -0.00367338  0.00171695
  0.00610994]

Residual before update:
[-0.00767125  0.00326262 -0.00492026 ... -0.00367338  0.00171695
  0.00610994]

Residual before update:
[-0.00767125  0.00326262 -0.00492026 ... -0.00367338  0.00171695
  0.00610994]

Residual before update:
[-0.00767125  0.00326262 -0.00492026 ... -0.00367338  0.00171695
  0.00610994]

Residual before update:
[-0.00767125  0.00326262 -0.00492026 ... -0.00367338  0.00171695
  0.00610994]

Residual before update:
[-0.00767125  0.00326262 -0.00492026 ... -0.00367338  0.00171695
  0.00610994]

Residual before update:
[-0.00767125  0.00326262 -0.00492026 ... -0.00367338  0.00171695
  0.00610994]

Residual before update:
[-0.00765916  0.00361579 -0.0048097  ... -0.00356494  0.00251415
  0.00629541]

Residual before update:
[-0.00767125  0.00326262 -0.00492026 ... -0.00367338  0.00171695
  0.00610994]

Residual before update:
[-0.00766972  0.00326264 -0.00492017 ... -0.00366846  0.00172329
  0.00611506]

Residual before update:
[-0.00767125  0.00326262 -0.00492026 ... -0.00367338  0.00171695
  0.00610994]

Residual before update:
[-0.00767125  0.00326262 -0.00492026 ... -0.00367338  0.00171695
  0.00610994]

Residual before update:
[-0.00767125  0.00326262 -0.00492026 ... -0.00367338  0.00171695
  0.00610994]

Residual before update:
[-0.00767125  0.00326262 -0.00492026 ... -0.00367338  0.00171695
  0.00610994]

Residual before update:
[-0.00767125  0.00326262 -0.00492026 ... -0.00367338  0.00171695
  0.00610994]

Residual before update:
[-0.00767125  0.00326262 -0.00492026 ... -0.00367338  0.00171695
  0.00610994]
Compute pips
###############################
TGFM
###############################
Initialize variables
Warning: 327 variants have NaN gwas_beta. Setting to 0 with large SE.
Iterative optimization

Residual before update:
[-0.00068811  0.00979129 -0.00150398 ...  0.00129897  0.00699576
  0.00711918]

Residual before update:
[-0.0006884   0.00978913 -0.00150425 ...  0.00129283  0.00699321
  0.00711876]

Residual before update:
[-0.00074243  0.00977883 -0.00156522 ...  0.00129296  0.0069817
  0.00699357]

Residual before update:
[-0.00068946  0.00978719 -0.00150556 ...  0.00129884  0.0069946
  0.00711519]

Residual before update:
[-0.00068804  0.0097845  -0.00150395 ...  0.00127913  0.00692033
  0.00711733]

Residual before update:
[-0.00085005  0.00979595 -0.00166446 ...  0.00183023  0.00716171
  0.00727238]

Residual before update:
[-0.00069357  0.00978361 -0.00151026 ...  0.00129824  0.00699287
  0.00710394]

Residual before update:
[-0.00068698  0.00978211 -0.00150285 ...  0.00129914  0.00699404
  0.00711962]

Residual before update:
[-0.00069775  0.00979159 -0.00151416 ...  0.00129864  0.00699266
  0.00711818]

Residual before update:
[-0.00058701  0.00976853 -0.00138883 ...  0.00132454  0.00699762
  0.00717452]

Residual before update:
[-0.00067649  0.00979307 -0.00149195 ...  0.00131228  0.00700644
  0.00708574]

Residual before update:
[-0.000699    0.00978868 -0.00151628 ...  0.00130549  0.00699541
  0.00709284]

Residual before update:
[-0.00069744  0.00975701 -0.00152048 ...  0.00135741  0.00696951
  0.0070096 ]

Residual before update:
[-0.00069195  0.0097809  -0.00150844 ...  0.0012985   0.00699242
  0.00710627]

Residual before update:
[-0.00068209  0.00980914 -0.00149897 ...  0.00137644  0.00716395
  0.00728583]

Residual before update:
[-0.00090146  0.00977421 -0.00171331 ...  0.001439    0.00705495
  0.00716969]

Residual before update:
[-0.96004668 -0.77034976 -1.08163645 ... -0.23830427 -0.14035369
  0.17394536]

Residual before update:
[-0.00068666  0.00977954 -0.00150253 ...  0.00129919  0.00699355
  0.00711973]

Residual before update:
[-0.000635    0.00979279 -0.00145053 ...  0.00129915  0.00701038
  0.00712359]

Residual before update:
[-0.00087047  0.00946212 -0.00166842 ...  0.00101213  0.00650535
  0.00727914]

Residual before update:
[-0.00075452  0.00973661 -0.00157966 ...  0.00129305  0.0069954
  0.00709866]

Residual before update:
[ 0.04041735  0.03982929  0.03985004 ...  0.06851403  0.06759049
 -0.1647846 ]

Residual before update:
[-0.00072511  0.00977224 -0.00154759 ...  0.00132073  0.00697494
  0.00698733]

Residual before update:
[-0.00068469  0.00977783 -0.00150032 ...  0.00129956  0.00699364
  0.00712496]

Residual before update:
[-0.0006822   0.00980904 -0.00149932 ...  0.00134611  0.00714834
  0.00727551]

Residual before update:
[-0.00084371  0.00977898 -0.00165631 ...  0.00139356  0.00703379
  0.00714524]

Residual before update:
[-0.84400547 -0.69034299 -0.96275542 ... -0.07437261  0.00451795
 -0.23462198]

Residual before update:
[-0.00068665  0.00977951 -0.00150253 ...  0.00129919  0.00699355
  0.00711973]

Residual before update:
[-0.00063419  0.00979291 -0.00144965 ...  0.00129924  0.00700968
  0.00712353]

Residual before update:
[-0.00084559  0.00949254 -0.0016458  ...  0.00108041  0.0065683
  0.00707444]

Residual before update:
[-0.00075412  0.00973667 -0.00157922 ...  0.00129308  0.0069955
  0.00709964]

Residual before update:
[-0.06708282 -0.12614967 -0.07263895 ... -0.0830687  -0.12052682
 -0.00054033]

Residual before update:
[-0.00070852  0.0095526  -0.00153126 ...  0.00130234  0.00694195
  0.0069918 ]

Residual before update:
[-0.00067705  0.00977839 -0.00149182 ...  0.0012998   0.00699516
  0.00713863]

Residual before update:
[-0.00068222  0.00980895 -0.00149936 ...  0.00134349  0.00714607
  0.00727456]

Residual before update:
[-0.00083467  0.00977973 -0.00164785 ...  0.00147177  0.00705339
  0.00716155]

Residual before update:
[-0.84785042 -0.69077677 -0.96708771 ... -0.07473529  0.00352544
 -0.2445319 ]

Residual before update:
[-0.00068665  0.00977948 -0.00150252 ...  0.00129919  0.00699354
  0.00711974]

Residual before update:
[-0.0006345   0.00979292 -0.00144994 ...  0.00129926  0.00700937
  0.00712347]

Residual before update:
[-0.00084798  0.00949231 -0.00164853 ...  0.00108033  0.00656802
  0.00706853]

Residual before update:
[-0.00075409  0.00973669 -0.00157918 ...  0.00129308  0.0069955
  0.00709967]

Residual before update:
[-0.06698096 -0.12613515 -0.07252396 ... -0.08306132 -0.12050597
 -0.00029436]

Residual before update:
[-0.00071741  0.00958893 -0.00154023 ...  0.0012963   0.00695632
  0.00699875]

Residual before update:
[-0.00067973  0.00967793 -0.00149602 ...  0.0012975   0.0069712
  0.00712317]

Residual before update:
[-0.00068226  0.00980886 -0.00149939 ...  0.00134311  0.00714516
  0.00727375]

Residual before update:
[-0.00082646  0.00978029 -0.00163983 ...  0.00147025  0.00705294
  0.00716048]

Residual before update:
[-0.84800557 -0.69081556 -0.96726291 ... -0.07474979  0.00349296
 -0.24486382]

Residual before update:
[-0.00068665  0.00977945 -0.00150252 ...  0.00129919  0.00699353
  0.00711974]

Residual before update:
[-0.00063524  0.00979292 -0.00145068 ...  0.00129926  0.00700919
  0.00712341]

Residual before update:
[-0.00084803  0.00949232 -0.00164857 ...  0.00108033  0.00656802
  0.00706842]
Compute pips
running alternative initialization
Initialize variables
Iterative optimization

Residual before update:
[-2.24799404  1.80412848 -2.21192564 ... -0.02451208  0.08219617
 -0.02111652]

Residual before update:
[-2.02647449  1.60168075 -1.99457518 ... -0.03786629  0.03560477
 -0.0175664 ]

Residual before update:
[-1.77652795  1.38735302 -1.74869163 ... -0.07783991  0.00751835
 -0.0863563 ]

Residual before update:
[-1.52610274  1.19092677 -1.50234072 ... -0.0676261   0.00479729
 -0.02121257]

Residual before update:
[-1.26672774  0.99171682 -1.24704447 ... -0.05901726  0.00939725
 -0.01804978]

Residual before update:
[-1.01701819  0.79745693 -1.00144779 ... -0.04000365  0.00847314
  0.01299118]

Residual before update:
[-0.76113504  0.59909526 -0.74964544 ... -0.03375127  0.00852348
  0.01592486]

Residual before update:
[-0.51194643  0.39842393 -0.50456692 ... -0.03541115 -0.00320537
 -0.01660343]

Residual before update:
[-0.26250609  0.20534607 -0.25923454 ... -0.01665426 -0.00422063
  0.01339514]

Residual before update:
[-0.00364397  0.00775372 -0.00444346 ... -0.00834258  0.00015241
  0.01639749]

Residual before update:
[0.02481509 0.01315213 0.02407113 ... 0.01974644 0.043854   0.03451055]

Residual before update:
[-0.00041874  0.02509135 -0.00126269 ...  0.04792994  0.02945031
  0.10671174]

Residual before update:
[-0.00096167  0.00745634 -0.00179301 ... -0.00264248  0.00390992
 -0.02741888]

Residual before update:
[-0.01023796  0.00904776 -0.0110748  ... -0.00438799 -0.00592006
  0.00797288]

Residual before update:
[-0.00071523  0.00465649 -0.00151517 ... -0.0150482  -0.00050589
 -0.02003947]

Residual before update:
[-0.00701929  0.00927151 -0.00784868 ... -0.00243794 -0.00154066
  0.00798229]

Residual before update:
[-0.00042049  0.01196587 -0.00121866 ...  0.00543317  0.01022855
  0.04341216]

Residual before update:
[-0.00071691  0.00457023 -0.00151627 ... -0.01491968 -0.00044835
 -0.0190935 ]

Residual before update:
[-0.01012004  0.00905749 -0.01095661 ... -0.00431171 -0.00575739
  0.00798127]

Residual before update:
[-0.00070822  0.00629127 -0.00151274 ... -0.00945789  0.00206838
 -0.01002357]

Residual before update:
[0.0246132  0.01147161 0.02385696 ... 0.0167303  0.04150089 0.00808052]

Residual before update:
[-0.00062036  0.02341084 -0.00147669 ...  0.04492274  0.02709601
  0.08029977]

Residual before update:
[-0.00096185  0.00745886 -0.00179307 ... -0.00264657  0.00391547
 -0.02743023]

Residual before update:
[-0.0102383   0.00905027 -0.01107502 ... -0.00439218 -0.00591473
  0.00796152]

Residual before update:
[-0.00071558  0.00465895 -0.00151538 ... -0.01505251 -0.00050061
 -0.02005104]

Residual before update:
[-0.00701963  0.00927401 -0.0078489  ... -0.00244216 -0.00153534
  0.00797088]

Residual before update:
[-0.00042083  0.01196837 -0.00121888 ...  0.00542895  0.01023387
  0.04340075]

Residual before update:
[-0.00071726  0.00457124 -0.00151649 ... -0.01492862 -0.00044521
 -0.01911275]

Residual before update:
[-0.01012038  0.00905998 -0.01095682 ... -0.00431593 -0.00575207
  0.00796986]

Residual before update:
[-0.00070857  0.00629377 -0.00151296 ... -0.00946212  0.0020737
 -0.01003498]

Residual before update:
[0.02461286 0.0114741  0.02385675 ... 0.01672607 0.0415062  0.00806911]

Residual before update:
[-0.00062035  0.02341235 -0.00147668 ...  0.04492755  0.02709823
  0.08030776]

Residual before update:
[-0.00096185  0.00745886 -0.00179307 ... -0.00264657  0.00391547
 -0.02743023]

Residual before update:
[-0.0102383   0.00905027 -0.01107502 ... -0.00439218 -0.00591473
  0.00796152]

Residual before update:
[-0.00071558  0.00465893 -0.00151538 ... -0.0150526  -0.00050065
 -0.0200512 ]

Residual before update:
[-0.00701963  0.00927401 -0.0078489  ... -0.00244216 -0.00153534
  0.00797088]

Residual before update:
[-0.00042083  0.01196837 -0.00121888 ...  0.00542895  0.01023387
  0.04340075]

Residual before update:
[-0.00071726  0.00456975 -0.0015165  ... -0.01493334 -0.00044738
 -0.01912058]

Residual before update:
[-0.01012038  0.00905998 -0.01095682 ... -0.00431593 -0.00575207
  0.00796986]

Residual before update:
[-0.00070857  0.00629377 -0.00151296 ... -0.00946212  0.0020737
 -0.01003498]

Residual before update:
[0.02461286 0.0114741  0.02385675 ... 0.01672607 0.04150621 0.00806911]

Residual before update:
[-0.00062035  0.02341387 -0.00147668 ...  0.04493236  0.02710045
  0.08031576]

Residual before update:
[-0.00096185  0.00745886 -0.00179307 ... -0.00264657  0.00391548
 -0.02743022]

Residual before update:
[-0.0102383   0.00905027 -0.01107502 ... -0.00439218 -0.00591472
  0.00796152]

Residual before update:
[-0.00071558  0.0046589  -0.00151539 ... -0.0150527  -0.00050069
 -0.02005136]

Residual before update:
[-0.00701963  0.00927401 -0.0078489  ... -0.00244216 -0.00153533
  0.00797088]

Residual before update:
[-0.00042083  0.01196837 -0.00121888 ...  0.00542894  0.01023388
  0.04340074]

Residual before update:
[-0.00071727  0.00456827 -0.0015165  ... -0.01493806 -0.00044955
 -0.01912842]

Residual before update:
[-0.01012038  0.00905998 -0.01095682 ... -0.00431593 -0.00575206
  0.00796986]

Residual before update:
[-0.00070857  0.00629377 -0.00151296 ... -0.00946212  0.00207371
 -0.01003498]
Compute pips
###############################
TGFM
###############################
Initialize variables
Warning: 363 variants have NaN gwas_beta. Setting to 0 with large SE.
Iterative optimization

Residual before update:
[-0.00968072  0.00195298  0.0062283  ... -0.00193482 -0.01243243
 -0.01168656]

Residual before update:
[-0.00968041  0.00195298  0.00622824 ... -0.00193482 -0.01243216
 -0.01168629]

Residual before update:
[-0.00968062  0.00195307  0.00622888 ... -0.00193466 -0.01243213
 -0.01168626]

Residual before update:
[-0.0096798   0.00195298  0.00622812 ... -0.00193481 -0.01243161
 -0.01168574]

Residual before update:
[-0.00967949  0.00195298  0.00622806 ... -0.00193481 -0.01243134
 -0.01168547]

Residual before update:
[-0.00967918  0.00195298  0.00622799 ... -0.00193481 -0.01243107
 -0.0116852 ]

Residual before update:
[-0.00967887  0.00195298  0.00622793 ... -0.00193481 -0.01243079
 -0.01168492]

Residual before update:
[-0.00967856  0.00195297  0.00622787 ... -0.0019348  -0.01243052
 -0.01168465]

Residual before update:
[-0.00967825  0.00195297  0.00622781 ... -0.0019348  -0.01243025
 -0.01168438]

Residual before update:
[-0.00967794  0.00195297  0.00622775 ... -0.0019348  -0.01242997
 -0.0116841 ]

Residual before update:
[-0.00967794  0.00195297  0.00622775 ... -0.0019348  -0.01242997
 -0.0116841 ]

Residual before update:
[-0.00967794  0.00195297  0.00622775 ... -0.0019348  -0.01242997
 -0.0116841 ]

Residual before update:
[-0.00967753  0.0019545   0.00623273 ... -0.00193448 -0.01243185
 -0.011686  ]

Residual before update:
[-0.00967794  0.00195297  0.00622775 ... -0.0019348  -0.01242997
 -0.0116841 ]

Residual before update:
[-0.00967794  0.00195297  0.00622775 ... -0.0019348  -0.01242997
 -0.0116841 ]

Residual before update:
[-0.00967794  0.00195297  0.00622775 ... -0.0019348  -0.01242997
 -0.0116841 ]

Residual before update:
[-0.00967794  0.00195297  0.00622775 ... -0.0019348  -0.01242997
 -0.0116841 ]

Residual before update:
[-0.00967794  0.00195297  0.00622775 ... -0.0019348  -0.01242997
 -0.0116841 ]

Residual before update:
[-0.00967794  0.00195297  0.00622775 ... -0.0019348  -0.01242997
 -0.0116841 ]

Residual before update:
[-0.00967794  0.00195297  0.00622775 ... -0.0019348  -0.01242997
 -0.0116841 ]

Residual before update:
[-0.00967794  0.00195297  0.00622775 ... -0.0019348  -0.01242997
 -0.0116841 ]

Residual before update:
[-0.00967794  0.00195297  0.00622775 ... -0.0019348  -0.01242997
 -0.0116841 ]

Residual before update:
[-0.00967817  0.00195473  0.00623274 ... -0.00193437 -0.01243175
 -0.0116859 ]

Residual before update:
[-0.00967794  0.00195297  0.00622775 ... -0.0019348  -0.01242997
 -0.0116841 ]

Residual before update:
[-0.00967794  0.00195297  0.00622775 ... -0.0019348  -0.01242997
 -0.0116841 ]

Residual before update:
[-0.00967794  0.00195297  0.00622775 ... -0.0019348  -0.01242997
 -0.0116841 ]

Residual before update:
[-0.00967794  0.00195297  0.00622775 ... -0.0019348  -0.01242997
 -0.0116841 ]

Residual before update:
[-0.00967793  0.00195297  0.00622775 ... -0.0019348  -0.01242997
 -0.0116841 ]

Residual before update:
[-0.00967793  0.00195297  0.00622775 ... -0.0019348  -0.01242996
 -0.0116841 ]

Residual before update:
[-0.00967793  0.00195297  0.00622775 ... -0.0019348  -0.01242996
 -0.0116841 ]

Residual before update:
[-0.00967793  0.00195297  0.00622775 ... -0.0019348  -0.01242996
 -0.0116841 ]

Residual before update:
[-0.00967793  0.00195297  0.00622775 ... -0.0019348  -0.01242996
 -0.0116841 ]

Residual before update:
[-0.00967814  0.00195473  0.00623276 ... -0.00193434 -0.01243171
 -0.01168587]

Residual before update:
[-0.00967793  0.00195297  0.00622775 ... -0.0019348  -0.01242996
 -0.01168409]

Residual before update:
[-0.00967793  0.00195297  0.00622775 ... -0.0019348  -0.01242996
 -0.01168409]

Residual before update:
[-0.00967793  0.00195297  0.00622775 ... -0.0019348  -0.01242996
 -0.01168409]

Residual before update:
[-0.00967793  0.00195297  0.00622775 ... -0.0019348  -0.01242996
 -0.01168409]

Residual before update:
[-0.00967793  0.00195297  0.00622775 ... -0.0019348  -0.01242996
 -0.01168409]

Residual before update:
[-0.00967793  0.00195297  0.00622775 ... -0.0019348  -0.01242996
 -0.01168409]

Residual before update:
[-0.00967793  0.00195297  0.00622775 ... -0.0019348  -0.01242996
 -0.01168409]

Residual before update:
[-0.00967793  0.00195297  0.00622775 ... -0.0019348  -0.01242996
 -0.01168409]

Residual before update:
[-0.00967793  0.00195297  0.00622775 ... -0.0019348  -0.01242996
 -0.01168409]

Residual before update:
[-0.00967812  0.00195474  0.00623275 ... -0.00193434 -0.0124317
 -0.01168586]

Residual before update:
[-0.00967793  0.00195297  0.00622775 ... -0.0019348  -0.01242996
 -0.01168409]

Residual before update:
[-0.00967793  0.00195297  0.00622775 ... -0.0019348  -0.01242996
 -0.01168409]

Residual before update:
[-0.00967792  0.00195297  0.00622775 ... -0.0019348  -0.01242996
 -0.01168409]

Residual before update:
[-0.00967792  0.00195297  0.00622775 ... -0.0019348  -0.01242996
 -0.01168409]

Residual before update:
[-0.00967792  0.00195297  0.00622775 ... -0.0019348  -0.01242996
 -0.01168409]

Residual before update:
[-0.00967792  0.00195297  0.00622775 ... -0.0019348  -0.01242995
 -0.01168409]

Residual before update:
[-0.00967792  0.00195297  0.00622775 ... -0.0019348  -0.01242995
 -0.01168409]
Compute pips
###############################
TGFM
###############################
Initialize variables
Warning: 403 variants have NaN gwas_beta. Setting to 0 with large SE.
Iterative optimization

Residual before update:
[-0.00053396  0.00353269  0.00071111 ...  0.00077663  0.0159639
  0.00874815]

Residual before update:
[-0.00053387  0.00353262  0.00071111 ...  0.00077657  0.01596022
  0.00874681]

Residual before update:
[-0.00053378  0.00353256  0.00071111 ...  0.00077652  0.01595656
  0.00874548]

Residual before update:
[-0.00053369  0.0035325   0.00071111 ...  0.00077647  0.0159529
  0.00874414]

Residual before update:
[-0.0005336   0.00353244  0.00071111 ...  0.00077642  0.01594927
  0.00874282]

Residual before update:
[-0.00053351  0.00353237  0.00071111 ...  0.00077636  0.01594563
  0.00874149]

Residual before update:
[-0.00053341  0.00353231  0.00071111 ...  0.00077631  0.015942
  0.00874017]

Residual before update:
[-0.00053332  0.00353224  0.00071111 ...  0.00077626  0.01593838
  0.00873885]

Residual before update:
[-0.00053323  0.00353218  0.00071112 ...  0.00077621  0.01593478
  0.00873754]

Residual before update:
[-0.00053314  0.00353212  0.00071112 ...  0.00077616  0.0159312
  0.00873623]

Residual before update:
[-0.00053314  0.00353212  0.00071112 ...  0.00077617  0.01593128
  0.00873626]

Residual before update:
[-0.00053314  0.00353212  0.00071111 ...  0.00077617  0.01593134
  0.00873629]

Residual before update:
[-0.00053314  0.00353212  0.00071112 ...  0.00077617  0.0159314
  0.00873631]

Residual before update:
[-0.00053315  0.00353212  0.00071112 ...  0.00077618  0.01593145
  0.00873633]

Residual before update:
[-0.00053315  0.00353212  0.00071112 ...  0.00077618  0.01593149
  0.00873635]

Residual before update:
[-0.00053315  0.00353212  0.00071112 ...  0.00077618  0.01593152
  0.00873636]

Residual before update:
[-0.00053315  0.00353212  0.00071112 ...  0.00077618  0.01593154
  0.00873636]

Residual before update:
[-0.00053315  0.00353211  0.00071111 ...  0.00077618  0.01593154
  0.00873637]

Residual before update:
[-0.00053315  0.00353211  0.00071112 ...  0.00077618  0.01593154
  0.00873637]

Residual before update:
[-0.00053315  0.00353211  0.00071112 ...  0.00077618  0.01593154
  0.00873636]

Residual before update:
[-0.00053315  0.00353211  0.00071112 ...  0.00077618  0.01593153
  0.00873636]

Residual before update:
[-0.00053315  0.00353211  0.00071111 ...  0.00077618  0.01593151
  0.00873636]

Residual before update:
[-0.00053315  0.00353211  0.00071112 ...  0.00077618  0.0159315
  0.00873635]

Residual before update:
[-0.00053315  0.00353211  0.00071112 ...  0.00077618  0.01593149
  0.00873635]

Residual before update:
[-0.00053314  0.00353211  0.00071112 ...  0.00077618  0.01593149
  0.00873635]

Residual before update:
[-0.00053314  0.00353211  0.00071112 ...  0.00077618  0.01593148
  0.00873634]

Residual before update:
[-0.00053314  0.00353211  0.00071112 ...  0.00077618  0.01593147
  0.00873634]

Residual before update:
[-0.00053314  0.00353211  0.00071111 ...  0.00077618  0.01593145
  0.00873634]

Residual before update:
[-0.00053314  0.00353211  0.00071112 ...  0.00077618  0.01593144
  0.00873633]

Residual before update:
[-0.00053314  0.00353211  0.00071112 ...  0.00077618  0.01593144
  0.00873633]

Residual before update:
[-0.00053314  0.00353211  0.00071112 ...  0.00077618  0.01593144
  0.00873633]

Residual before update:
[-0.00053314  0.00353211  0.00071111 ...  0.00077618  0.01593142
  0.00873632]

Residual before update:
[-0.00053314  0.00353211  0.00071112 ...  0.00077618  0.01593142
  0.00873632]

Residual before update:
[-0.00053314  0.00353211  0.00071112 ...  0.00077618  0.01593141
  0.00873632]

Residual before update:
[-0.00053314  0.00353211  0.00071112 ...  0.00077618  0.0159314
  0.00873631]

Residual before update:
[-0.00053314  0.00353211  0.00071112 ...  0.00077618  0.01593139
  0.00873631]

Residual before update:
[-0.00053314  0.00353211  0.00071112 ...  0.00077618  0.01593138
  0.00873631]

Residual before update:
[-0.00053314  0.00353211  0.00071111 ...  0.00077618  0.01593136
  0.0087363 ]

Residual before update:
[-0.00053314  0.00353211  0.00071112 ...  0.00077618  0.01593136
  0.0087363 ]

Residual before update:
[-0.00053314  0.00353211  0.00071112 ...  0.00077618  0.01593135
  0.00873629]

Residual before update:
[-0.00053314  0.00353211  0.00071112 ...  0.00077618  0.01593135
  0.0087363 ]

Residual before update:
[-0.00053314  0.00353211  0.00071111 ...  0.00077618  0.01593133
  0.00873629]

Residual before update:
[-0.00053314  0.00353211  0.00071112 ...  0.00077618  0.01593133
  0.00873629]

Residual before update:
[-0.00053314  0.00353211  0.00071112 ...  0.00077618  0.01593132
  0.00873629]

Residual before update:
[-0.00053314  0.00353211  0.00071112 ...  0.00077618  0.01593131
  0.00873628]

Residual before update:
[-0.00053314  0.00353211  0.00071112 ...  0.00077618  0.0159313
  0.00873628]

Residual before update:
[-0.00053314  0.00353211  0.00071112 ...  0.00077618  0.01593129
  0.00873627]

Residual before update:
[-0.00053314  0.00353211  0.00071111 ...  0.00077618  0.01593127
  0.00873627]

Residual before update:
[-0.00053314  0.00353211  0.00071112 ...  0.00077618  0.01593127
  0.00873627]

Residual before update:
[-0.00053314  0.00353211  0.00071112 ...  0.00077618  0.01593126
  0.00873626]
Compute pips
###############################
TGFM
###############################
Initialize variables
Warning: 404 variants have NaN gwas_beta. Setting to 0 with large SE.
Iterative optimization

Residual before update:
[-0.00126323 -0.00041354  0.00062573 ... -0.00193973 -0.00648668
 -0.00478478]

Residual before update:
[-0.0012633  -0.00041353  0.00062572 ... -0.0019398  -0.00648723
 -0.00478663]

Residual before update:
[-0.00126334 -0.00041351  0.00062571 ... -0.0019398  -0.00648731
 -0.00478753]

Residual before update:
[-0.00126336 -0.0004135   0.00062571 ... -0.00193979 -0.00648725
 -0.00478814]

Residual before update:
[-0.00126337 -0.00041349  0.00062571 ... -0.00193978 -0.00648714
 -0.00478862]

Residual before update:
[-0.00126338 -0.00041347  0.00062571 ... -0.00193976 -0.00648699
 -0.00478902]

Residual before update:
[-0.00126339 -0.00041346  0.00062571 ... -0.00193974 -0.00648684
 -0.00478937]

Residual before update:
[-0.0012634  -0.00041345  0.00062571 ... -0.00193972 -0.00648668
 -0.00478969]

Residual before update:
[-0.00126341 -0.00041344  0.00062571 ... -0.0019397  -0.00648652
 -0.00478997]

Residual before update:
[-0.00126341 -0.00041342  0.00062571 ... -0.00193968 -0.00648637
 -0.00479024]

Residual before update:
[-0.00126335 -0.00041343  0.00062571 ... -0.0019396  -0.00648566
 -0.00478864]

Residual before update:
[-0.00126334 -0.00041343  0.00062571 ... -0.0019396  -0.00648564
 -0.00478836]

Residual before update:
[-0.00126334 -0.00041343  0.00062571 ... -0.00193962 -0.00648578
 -0.00478842]

Residual before update:
[-0.00126335 -0.00041343  0.00062571 ... -0.00193964 -0.00648596
 -0.00478859]

Residual before update:
[-0.00126336 -0.00041343  0.00062571 ... -0.00193966 -0.00648612
 -0.00478878]

Residual before update:
[-0.00126337 -0.00041343  0.00062571 ... -0.00193968 -0.00648626
 -0.00478895]

Residual before update:
[-0.00126337 -0.00041343  0.00062571 ... -0.00193969 -0.00648637
 -0.00478911]

Residual before update:
[-0.00126338 -0.00041343  0.00062571 ... -0.0019397  -0.00648644
 -0.00478925]

Residual before update:
[-0.00126338 -0.00041343  0.00062571 ... -0.0019397  -0.00648649
 -0.00478937]

Residual before update:
[-0.00126339 -0.00041343  0.0006257  ... -0.00193971 -0.00648652
 -0.00478948]

Residual before update:
[-0.00126338 -0.00041343  0.00062571 ... -0.00193968 -0.00648633
 -0.00478921]

Residual before update:
[-0.00126337 -0.00041343  0.00062571 ... -0.00193966 -0.00648616
 -0.00478895]

Residual before update:
[-0.00126336 -0.00041343  0.00062571 ... -0.00193965 -0.00648606
 -0.0047888 ]

Residual before update:
[-0.00126336 -0.00041343  0.00062571 ... -0.00193965 -0.00648603
 -0.00478875]

Residual before update:
[-0.00126336 -0.00041343  0.00062571 ... -0.00193965 -0.00648605
 -0.00478877]

Residual before update:
[-0.00126336 -0.00041343  0.00062571 ... -0.00193966 -0.00648609
 -0.00478884]

Residual before update:
[-0.00126336 -0.00041343  0.00062571 ... -0.00193966 -0.00648615
 -0.00478894]

Residual before update:
[-0.00126337 -0.00041343  0.00062571 ... -0.00193967 -0.00648622
 -0.00478904]

Residual before update:
[-0.00126337 -0.00041343  0.00062571 ... -0.00193968 -0.00648629
 -0.00478914]

Residual before update:
[-0.00126338 -0.00041343  0.00062571 ... -0.00193969 -0.00648635
 -0.00478924]

Residual before update:
[-0.00126338 -0.00041343  0.00062571 ... -0.00193969 -0.00648635
 -0.00478923]

Residual before update:
[-0.00126337 -0.00041343  0.00062571 ... -0.00193968 -0.00648629
 -0.00478916]

Residual before update:
[-0.00126337 -0.00041343  0.00062571 ... -0.00193967 -0.00648623
 -0.00478906]

Residual before update:
[-0.00126337 -0.00041343  0.00062571 ... -0.00193966 -0.00648617
 -0.00478898]

Residual before update:
[-0.00126336 -0.00041343  0.00062571 ... -0.00193966 -0.00648613
 -0.00478893]

Residual before update:
[-0.00126336 -0.00041343  0.00062571 ... -0.00193966 -0.00648612
 -0.00478892]

Residual before update:
[-0.00126336 -0.00041343  0.00062571 ... -0.00193966 -0.00648613
 -0.00478893]

Residual before update:
[-0.00126337 -0.00041343  0.00062571 ... -0.00193966 -0.00648615
 -0.00478897]

Residual before update:
[-0.00126337 -0.00041343  0.00062571 ... -0.00193967 -0.00648618
 -0.00478903]

Residual before update:
[-0.00126337 -0.00041343  0.00062571 ... -0.00193967 -0.00648622
 -0.0047891 ]

Residual before update:
[-0.00126337 -0.00041343  0.00062571 ... -0.00193967 -0.00648625
 -0.00478913]

Residual before update:
[-0.00126337 -0.00041343  0.00062571 ... -0.00193968 -0.00648626
 -0.00478915]

Residual before update:
[-0.00126337 -0.00041343  0.00062571 ... -0.00193967 -0.00648625
 -0.00478914]

Residual before update:
[-0.00126337 -0.00041343  0.00062571 ... -0.00193967 -0.00648622
 -0.00478911]

Residual before update:
[-0.00126337 -0.00041343  0.00062571 ... -0.00193967 -0.00648619
 -0.00478907]

Residual before update:
[-0.00126337 -0.00041343  0.00062571 ... -0.00193966 -0.00648617
 -0.00478903]

Residual before update:
[-0.00126337 -0.00041343  0.00062571 ... -0.00193966 -0.00648615
 -0.00478902]

Residual before update:
[-0.00126337 -0.00041343  0.00062571 ... -0.00193966 -0.00648615
 -0.00478901]

Residual before update:
[-0.00126337 -0.00041343  0.00062571 ... -0.00193966 -0.00648615
 -0.00478903]

Residual before update:
[-0.00126337 -0.00041343  0.00062571 ... -0.00193966 -0.00648617
 -0.00478906]
Compute pips
###############################
TGFM
###############################
Initialize variables
Warning: 389 variants have NaN gwas_beta. Setting to 0 with large SE.
Iterative optimization

Residual before update:
[-0.01138913 -0.00157651 -0.00136395 ... -0.00131685  0.
 -0.00833616]

Residual before update:
[-1.13872727e-02 -1.57648601e-03 -1.36393044e-03 ... -1.31696242e-03
 -2.88965173e-18 -8.33621067e-03]

Residual before update:
[-1.13853220e-02 -1.57646287e-03 -1.36390771e-03 ... -1.31703244e-03
  9.99228218e-18 -8.33624273e-03]

Residual before update:
[-1.14586819e-02 -1.59004048e-03 -1.38475012e-03 ... -1.41306865e-03
  2.23328751e-13 -8.32034324e-03]

Residual before update:
[-1.13755278e-02 -1.57761864e-03 -1.36472984e-03 ... -1.31751489e-03
  2.20776680e-16 -8.33469748e-03]

Residual before update:
[-1.13793720e-02 -1.57638987e-03 -1.36383509e-03 ... -1.31719117e-03
  7.06172242e-17 -8.33631502e-03]

Residual before update:
[-1.13773765e-02 -1.57636461e-03 -1.36380977e-03 ... -1.31723646e-03
  9.27391241e-17 -8.33633552e-03]

Residual before update:
[-1.13753868e-02 -1.57632738e-03 -1.36377150e-03 ... -1.31727996e-03
  1.37725336e-16 -8.33635458e-03]

Residual before update:
[-1.13733832e-02 -1.57631604e-03 -1.36376117e-03 ... -1.31732545e-03
  1.29188875e-16 -8.33637435e-03]

Residual before update:
[-1.13713827e-02 -1.57629160e-03 -1.36373642e-03 ... -1.31736321e-03
  1.48384946e-16 -8.33639279e-03]

Residual before update:
[-1.13712461e-02 -1.57628559e-03 -1.36372942e-03 ... -1.31729182e-03
  1.90269986e-16 -8.33635904e-03]

Residual before update:
[-1.13711738e-02 -1.57628294e-03 -1.36372620e-03 ... -1.31727555e-03
  1.69834406e-16 -8.33635203e-03]

Residual before update:
[-1.13711419e-02 -1.57629351e-03 -1.36373756e-03 ... -1.31727617e-03
  1.39762917e-16 -8.33635264e-03]

Residual before update:
[-1.13204045e-02 -1.55749972e-03 -1.34141350e-03 ... -1.21524342e-03
  2.22361395e-13 -8.28228154e-03]

Residual before update:
[-1.11622481e-02 -1.55991837e-03 -1.35467137e-03 ... -1.31262649e-03
  5.45098638e-14 -8.33199941e-03]

Residual before update:
[-1.13711052e-02 -1.57629627e-03 -1.36374034e-03 ... -1.31729375e-03
  1.01148458e-16 -8.33636097e-03]

Residual before update:
[-1.13710944e-02 -1.57629503e-03 -1.36373897e-03 ... -1.31729904e-03
  9.80352890e-17 -8.33636340e-03]

Residual before update:
[-1.13710889e-02 -1.57627932e-03 -1.36372207e-03 ... -1.31730479e-03
  1.25918240e-16 -8.33636534e-03]

Residual before update:
[-1.13710746e-02 -1.57629493e-03 -1.36373899e-03 ... -1.31731422e-03
  9.16381331e-17 -8.33636884e-03]

Residual before update:
[-1.13710606e-02 -1.57629431e-03 -1.36373817e-03 ... -1.31731634e-03
  9.43742581e-17 -8.33637152e-03]

Residual before update:
[-1.13710689e-02 -1.57628898e-03 -1.36373259e-03 ... -1.31730716e-03
  1.28556378e-16 -8.33636653e-03]

Residual before update:
[-1.13710067e-02 -1.57628478e-03 -1.36372800e-03 ... -1.31729602e-03
  1.29428541e-16 -8.33636175e-03]

Residual before update:
[-1.13709610e-02 -1.57629369e-03 -1.36373774e-03 ... -1.31729143e-03
  1.21244992e-16 -8.33635981e-03]

Residual before update:
[-1.13817743e-02 -1.59478170e-03 -1.38079582e-03 ... -1.30962241e-03
  2.20587416e-13 -8.29415354e-03]

Residual before update:
[-1.11597507e-02 -1.55828251e-03 -1.35387789e-03 ... -1.31127495e-03
  4.58639326e-14 -8.33153145e-03]

Residual before update:
[-1.13708706e-02 -1.57629337e-03 -1.36373747e-03 ... -1.31729601e-03
  1.17227532e-16 -8.33636196e-03]

Residual before update:
[-1.13708464e-02 -1.57629164e-03 -1.36373560e-03 ... -1.31729913e-03
  1.16391859e-16 -8.33636335e-03]

Residual before update:
[-1.13708232e-02 -1.57627538e-03 -1.36371811e-03 ... -1.31730316e-03
  1.43974985e-16 -8.33636445e-03]

Residual before update:
[-1.13708021e-02 -1.57629117e-03 -1.36373520e-03 ... -1.31731075e-03
  1.06335628e-16 -8.33636705e-03]

Residual before update:
[-1.13707780e-02 -1.57629061e-03 -1.36373438e-03 ... -1.31731088e-03
  1.04817224e-16 -8.33636877e-03]

Residual before update:
[-1.13708032e-02 -1.57628578e-03 -1.36372936e-03 ... -1.31731136e-03
  1.26688185e-16 -8.33636834e-03]

Residual before update:
[-1.13707546e-02 -1.57628194e-03 -1.36372516e-03 ... -1.31730707e-03
  1.20330967e-16 -8.33636681e-03]

Residual before update:
[-1.13707157e-02 -1.57629114e-03 -1.36373522e-03 ... -1.31730439e-03
  1.10397291e-16 -8.33636578e-03]

Residual before update:
[-1.14120284e-02 -1.60864555e-03 -1.39453451e-03 ... -1.36677534e-03
  2.01719899e-13 -8.31553110e-03]

Residual before update:
[-1.11591437e-02 -1.55801485e-03 -1.35364559e-03 ... -1.31126492e-03
  4.58323653e-14 -8.33163985e-03]

Residual before update:
[-1.13706092e-02 -1.57629047e-03 -1.36373455e-03 ... -1.31730155e-03
  1.15996790e-16 -8.33636446e-03]

Residual before update:
[-1.13705796e-02 -1.57628857e-03 -1.36373249e-03 ... -1.31730205e-03
  1.18873027e-16 -8.33636462e-03]

Residual before update:
[-1.13705463e-02 -1.57627191e-03 -1.36371457e-03 ... -1.31730425e-03
  1.49816229e-16 -8.33636485e-03]

Residual before update:
[-1.13705265e-02 -1.57628788e-03 -1.36373185e-03 ... -1.31731048e-03
  1.13707850e-16 -8.33636681e-03]

Residual before update:
[-1.13704995e-02 -1.57628725e-03 -1.36373096e-03 ... -1.31730970e-03
  1.13297352e-16 -8.33636814e-03]

Residual before update:
[-1.13705274e-02 -1.57628244e-03 -1.36372596e-03 ... -1.31731219e-03
  1.32939535e-16 -8.33636863e-03]

Residual before update:
[-1.13704846e-02 -1.57627870e-03 -1.36372189e-03 ... -1.31731121e-03
  1.22605175e-16 -8.33636866e-03]

Residual before update:
[-1.13704539e-02 -1.57628820e-03 -1.36373228e-03 ... -1.31731143e-03
  1.09291061e-16 -8.33636900e-03]

Residual before update:
[-1.14079279e-02 -1.60555950e-03 -1.39100201e-03 ... -1.36223265e-03
  1.99035890e-13 -8.31692883e-03]

Residual before update:
[-1.11584899e-02 -1.55688799e-03 -1.35246710e-03 ... -1.31130143e-03
  4.61010721e-14 -8.33164554e-03]

Residual before update:
[-1.13703471e-02 -1.57628757e-03 -1.36373166e-03 ... -1.31730972e-03
  1.13601325e-16 -8.33636820e-03]

Residual before update:
[-1.13703140e-02 -1.57628558e-03 -1.36372949e-03 ... -1.31730876e-03
  1.17959735e-16 -8.33636768e-03]

Residual before update:
[-1.13702704e-02 -1.57626855e-03 -1.36371117e-03 ... -1.31730943e-03
  1.51093986e-16 -8.33636718e-03]

Residual before update:
[-1.13702514e-02 -1.57628470e-03 -1.36372864e-03 ... -1.31731408e-03
  1.16238785e-16 -8.33636838e-03]

Residual before update:
[-1.13702209e-02 -1.57628399e-03 -1.36372766e-03 ... -1.31731194e-03
  1.17415953e-16 -8.33636910e-03]
Compute pips
###############################
TGFM
###############################
Initialize variables
Warning: 411 variants have NaN gwas_beta. Setting to 0 with large SE.
Iterative optimization

Residual before update:
[-0.00936428  0.00105393 -0.00486291 ... -0.00597956 -0.00275202
  0.00772637]

Residual before update:
[-0.00936426  0.00105393 -0.0048629  ... -0.00597953 -0.00275202
  0.00772641]

Residual before update:
[-0.00936425  0.00105394 -0.0048629  ... -0.0059795  -0.00275201
  0.00772645]

Residual before update:
[-0.00936424  0.00105395 -0.0048629  ... -0.00597947 -0.002752
  0.00772649]

Residual before update:
[-0.00936423  0.00105395 -0.00486289 ... -0.00597944 -0.002752
  0.00772653]

Residual before update:
[-0.00936421  0.00105396 -0.00486289 ... -0.00597941 -0.00275199
  0.00772657]

Residual before update:
[-0.0093642   0.00105396 -0.00486289 ... -0.00597938 -0.00275198
  0.00772661]

Residual before update:
[-0.00936419  0.00105397 -0.00486288 ... -0.00597935 -0.00275198
  0.00772665]

Residual before update:
[-0.00936418  0.00105398 -0.00486288 ... -0.00597932 -0.00275197
  0.00772668]

Residual before update:
[-0.00936417  0.00105398 -0.00486288 ... -0.00597929 -0.00275197
  0.00772672]

Residual before update:
[-0.00936417  0.00105398 -0.00486288 ... -0.00597929 -0.00275197
  0.00772671]

Residual before update:
[-0.00936417  0.00105398 -0.00486288 ... -0.00597929 -0.00275197
  0.00772671]

Residual before update:
[-0.00936417  0.00105398 -0.00486288 ... -0.00597929 -0.00275197
  0.0077267 ]

Residual before update:
[-0.00936417  0.00105398 -0.00486288 ... -0.00597929 -0.00275197
  0.0077267 ]

Residual before update:
[-0.00936417  0.00105398 -0.00486288 ... -0.00597929 -0.00275197
  0.00772669]

Residual before update:
[-0.00936417  0.00105398 -0.00486288 ... -0.00597929 -0.00275197
  0.00772669]

Residual before update:
[-0.00936417  0.00105398 -0.00486288 ... -0.00597929 -0.00275197
  0.00772669]

Residual before update:
[-0.00936417  0.00105398 -0.00486288 ... -0.00597929 -0.00275197
  0.00772669]

Residual before update:
[-0.00936417  0.00105398 -0.00486288 ... -0.00597929 -0.00275197
  0.00772669]

Residual before update:
[-0.00936417  0.00105398 -0.00486288 ... -0.00597929 -0.00275197
  0.00772669]

Residual before update:
[-0.00936417  0.00105398 -0.00486288 ... -0.00597929 -0.00275197
  0.00772669]

Residual before update:
[-0.00936417  0.00105398 -0.00486288 ... -0.00597929 -0.00275197
  0.00772669]

Residual before update:
[-0.00936417  0.00105398 -0.00486288 ... -0.00597929 -0.00275197
  0.00772669]

Residual before update:
[-0.00936417  0.00105398 -0.00486288 ... -0.00597929 -0.00275197
  0.00772669]

Residual before update:
[-0.00936417  0.00105398 -0.00486288 ... -0.00597929 -0.00275197
  0.00772669]

Residual before update:
[-0.00936417  0.00105398 -0.00486288 ... -0.00597929 -0.00275197
  0.00772669]

Residual before update:
[-0.00936417  0.00105398 -0.00486288 ... -0.00597929 -0.00275197
  0.00772669]

Residual before update:
[-0.00936417  0.00105398 -0.00486288 ... -0.00597929 -0.00275197
  0.00772669]

Residual before update:
[-0.00936417  0.00105398 -0.00486288 ... -0.00597929 -0.00275197
  0.00772669]

Residual before update:
[-0.00936417  0.00105398 -0.00486288 ... -0.00597929 -0.00275197
  0.00772669]

Residual before update:
[-0.00936417  0.00105398 -0.00486288 ... -0.00597929 -0.00275197
  0.00772669]

Residual before update:
[-0.00936417  0.00105398 -0.00486288 ... -0.00597929 -0.00275197
  0.00772669]

Residual before update:
[-0.00936417  0.00105398 -0.00486288 ... -0.00597929 -0.00275197
  0.00772669]

Residual before update:
[-0.00936417  0.00105398 -0.00486288 ... -0.00597929 -0.00275197
  0.00772669]

Residual before update:
[-0.00936417  0.00105398 -0.00486288 ... -0.00597929 -0.00275197
  0.00772669]

Residual before update:
[-0.00936417  0.00105398 -0.00486288 ... -0.00597929 -0.00275197
  0.00772669]

Residual before update:
[-0.00936417  0.00105398 -0.00486288 ... -0.00597929 -0.00275197
  0.00772669]

Residual before update:
[-0.00936417  0.00105398 -0.00486288 ... -0.00597929 -0.00275197
  0.00772669]

Residual before update:
[-0.00936417  0.00105398 -0.00486288 ... -0.00597929 -0.00275197
  0.00772669]

Residual before update:
[-0.00936417  0.00105398 -0.00486288 ... -0.00597929 -0.00275197
  0.00772669]

Residual before update:
[-0.00936417  0.00105398 -0.00486288 ... -0.00597929 -0.00275197
  0.00772669]

Residual before update:
[-0.00936417  0.00105398 -0.00486288 ... -0.00597929 -0.00275197
  0.00772669]

Residual before update:
[-0.00936417  0.00105398 -0.00486288 ... -0.00597929 -0.00275197
  0.00772669]

Residual before update:
[-0.00936417  0.00105398 -0.00486288 ... -0.00597929 -0.00275197
  0.00772669]

Residual before update:
[-0.00936417  0.00105398 -0.00486288 ... -0.00597929 -0.00275197
  0.00772669]

Residual before update:
[-0.00936417  0.00105398 -0.00486288 ... -0.00597929 -0.00275197
  0.00772669]

Residual before update:
[-0.00936417  0.00105398 -0.00486288 ... -0.00597929 -0.00275197
  0.00772669]

Residual before update:
[-0.00936417  0.00105398 -0.00486288 ... -0.00597929 -0.00275197
  0.00772669]

Residual before update:
[-0.00936417  0.00105398 -0.00486288 ... -0.00597929 -0.00275197
  0.0077267 ]

Residual before update:
[-0.00936417  0.00105398 -0.00486288 ... -0.00597929 -0.00275197
  0.0077267 ]
Compute pips
###############################
TGFM
###############################
Initialize variables
Warning: 459 variants have NaN gwas_beta. Setting to 0 with large SE.
Iterative optimization

Residual before update:
[-0.00158189 -0.00117968  0.00729473 ... -0.00193247 -0.00240749
 -0.00161321]

Residual before update:
[-0.00158194 -0.00117973  0.00729471 ... -0.00193249 -0.00240751
 -0.00161324]

Residual before update:
[-0.00158199 -0.00117979  0.00729469 ... -0.00193252 -0.00240754
 -0.00161326]

Residual before update:
[-0.00158204 -0.00117984  0.00729467 ... -0.00193254 -0.00240756
 -0.00161328]

Residual before update:
[-0.00153913 -0.00112988  0.0073002  ... -0.00192684 -0.00240201
 -0.00161124]

Residual before update:
[-0.00158213 -0.00117995  0.00729465 ... -0.00193258 -0.0024076
 -0.00161333]

Residual before update:
[ 0.00115913  0.00349112  0.00326126 ... -0.00064468 -0.00106832
 -0.0007623 ]

Residual before update:
[-0.00158225 -0.00118006  0.00729459 ... -0.00193263 -0.00240764
 -0.00161337]

Residual before update:
[-0.0015823  -0.00118012  0.00729457 ... -0.00193265 -0.00240766
 -0.0016134 ]

Residual before update:
[-0.00158235 -0.00118017  0.00729456 ... -0.00193267 -0.00240769
 -0.00161342]

Residual before update:
[-0.00158236 -0.00118018  0.00729455 ... -0.00193267 -0.00240769
 -0.00161342]

Residual before update:
[-0.00158236 -0.00118018  0.00729455 ... -0.00193267 -0.00240769
 -0.00161342]

Residual before update:
[-0.00158236 -0.00118018  0.00729455 ... -0.00193267 -0.00240769
 -0.00161342]

Residual before update:
[-0.00158236 -0.00118018  0.00729455 ... -0.00193267 -0.00240769
 -0.00161343]

Residual before update:
[-0.00149478 -0.0010588   0.00729931 ... -0.00193003 -0.0024051
 -0.00161254]

Residual before update:
[-0.00158234 -0.00118018  0.00729458 ... -0.00193267 -0.00240769
 -0.00161342]

Residual before update:
[-0.00432246 -0.004573    0.0005113  ... -0.00390828 -0.00416486
 -0.0038097 ]

Residual before update:
[-0.00158236 -0.00118018  0.00729455 ... -0.00193267 -0.00240769
 -0.00161342]

Residual before update:
[-0.00158236 -0.00118018  0.00729455 ... -0.00193267 -0.00240769
 -0.00161342]

Residual before update:
[-0.00158235 -0.00118018  0.00729456 ... -0.00193267 -0.00240769
 -0.00161342]

Residual before update:
[-0.00158236 -0.00118018  0.00729454 ... -0.00193267 -0.00240769
 -0.00161342]

Residual before update:
[-0.00158236 -0.00118018  0.00729455 ... -0.00193267 -0.00240769
 -0.00161342]

Residual before update:
[-0.00158236 -0.00118018  0.00729455 ... -0.00193267 -0.00240769
 -0.00161342]

Residual before update:
[-0.00158236 -0.00118018  0.00729454 ... -0.00193268 -0.00240769
 -0.00161343]

Residual before update:
[-0.00150758 -0.00107407  0.0072985  ... -0.00193113 -0.00240618
 -0.00161276]

Residual before update:
[-0.00158234 -0.00118018  0.00729458 ... -0.00193267 -0.00240769
 -0.00161342]

Residual before update:
[-4.49046074e-03 -4.02435183e-03 -8.22571183e-05 ... -2.77896314e-03
 -3.30889429e-03 -2.10999782e-03]

Residual before update:
[-0.00158236 -0.00118018  0.00729455 ... -0.00193267 -0.00240769
 -0.00161342]

Residual before update:
[-0.00158236 -0.00118018  0.00729455 ... -0.00193267 -0.00240769
 -0.00161342]

Residual before update:
[-0.00158236 -0.00118018  0.00729456 ... -0.00193267 -0.00240769
 -0.00161342]

Residual before update:
[-0.00158236 -0.00118019  0.00729454 ... -0.00193267 -0.00240769
 -0.00161342]

Residual before update:
[-0.00158236 -0.00118019  0.00729455 ... -0.00193267 -0.00240769
 -0.00161342]

Residual before update:
[-0.00158236 -0.00118019  0.00729455 ... -0.00193267 -0.00240769
 -0.00161342]

Residual before update:
[-0.00158236 -0.00118018  0.00729454 ... -0.00193268 -0.00240769
 -0.00161343]

Residual before update:
[-0.00150807 -0.00107498  0.00729839 ... -0.0019313  -0.00240635
 -0.00161285]

Residual before update:
[-0.00158235 -0.00118019  0.00729458 ... -0.00193268 -0.00240769
 -0.00161342]

Residual before update:
[-0.00469247 -0.00411963 -0.00045886 ... -0.00262514 -0.00313056
 -0.00212572]

Residual before update:
[-0.00158236 -0.00118018  0.00729455 ... -0.00193267 -0.00240769
 -0.00161342]

Residual before update:
[-0.00158236 -0.00118019  0.00729455 ... -0.00193267 -0.00240769
 -0.00161342]

Residual before update:
[-0.00158236 -0.00118018  0.00729455 ... -0.00193267 -0.00240769
 -0.00161342]

Residual before update:
[-0.00158237 -0.00118019  0.00729454 ... -0.00193268 -0.00240769
 -0.00161342]

Residual before update:
[-0.00158236 -0.00118019  0.00729455 ... -0.00193267 -0.00240769
 -0.00161342]

Residual before update:
[-0.00158237 -0.00118019  0.00729454 ... -0.00193268 -0.00240769
 -0.00161342]

Residual before update:
[-0.00158237 -0.00118018  0.00729454 ... -0.00193268 -0.00240769
 -0.00161343]
NaNs in component_non_med_pred at component 4

Residual before update:
[-0.00150446 -0.00107085  0.00729865 ... -0.00193135 -0.0024064
 -0.00161291]
NaNs in residual_incl_alpha[61, :]
NaN in mixture_alpha_mu: b_terms=[nan nan nan nan nan nan nan nan nan nan]
NaNs in self.residual at bs_iter=61
NaNs in un_normalized_lv_alpha_weights
NaN in normalizing_term
NaNs in component_non_med_pred at component 5

Residual before update:
[-0.00158235 -0.00118019  0.00729457 ... -0.00193268 -0.00240769
 -0.00161343]
NaNs in residual_incl_alpha[61, :]
NaNs in gene_weights for bs_iter=61
NaN in mixture_alpha_mu: b_terms=[nan nan nan nan nan nan nan nan nan nan]
NaNs in self.residual at bs_iter=61
NaNs in un_normalized_lv_alpha_weights
NaN in normalizing_term
NaNs in component_non_med_pred at component 6

Residual before update:
[-0.00481012 -0.004172   -0.00076193 ... -0.00257802 -0.00307604
 -0.00212329]
NaNs in residual_incl_alpha[61, :]
NaNs in gene_weights for bs_iter=61
NaN in mixture_alpha_mu: b_terms=[nan nan nan nan nan nan nan nan nan nan]
NaNs in self.residual at bs_iter=61
NaNs in un_normalized_lv_alpha_weights
NaN in normalizing_term
NaNs in component_non_med_pred at component 7

Residual before update:
[-0.00158236 -0.00118019  0.00729455 ... -0.00193268 -0.00240769
 -0.00161342]
NaNs in residual_incl_alpha[61, :]
NaNs in gene_weights for bs_iter=61
NaN in mixture_alpha_mu: b_terms=[nan nan nan nan nan nan nan nan nan nan]
NaNs in self.residual at bs_iter=61
NaNs in un_normalized_lv_alpha_weights
NaN in normalizing_term
NaNs in component_non_med_pred at component 8

Residual before update:
[-0.00158237 -0.00118019  0.00729455 ... -0.00193267 -0.00240769
 -0.00161342]
NaNs in residual_incl_alpha[61, :]
NaNs in gene_weights for bs_iter=61
NaN in mixture_alpha_mu: b_terms=[nan nan nan nan nan nan nan nan nan nan]
NaNs in self.residual at bs_iter=61
NaNs in un_normalized_lv_alpha_weights
NaN in normalizing_term
NaNs in component_non_med_pred at component 9

Residual before update:
[-0.00158236 -0.00118019  0.00729455 ... -0.00193268 -0.00240769
 -0.00161342]
NaNs in residual_incl_alpha[61, :]
NaNs in gene_weights for bs_iter=61
NaN in mixture_alpha_mu: b_terms=[nan nan nan nan nan nan nan nan nan nan]
NaNs in self.residual at bs_iter=61
NaNs in un_normalized_lv_alpha_weights
NaN in normalizing_term
Compute pips
NaNs found in gene-tissue pair PIPs at indices: [0 1 2 3 4 5 6 7 8 9]
NaNs found in variant PIPs at indices: [    0     1     2 ... 13098 13099 13100]
NaNs found in gene PIPs at indices: [0 1 2 3]
###############################
TGFM
###############################
Initialize variables
Warning: 488 variants have NaN gwas_beta. Setting to 0 with large SE.
Iterative optimization

Residual before update:
[-0.00411361 -0.00345229 -0.00152106 ...  0.00499847 -0.00705264
 -0.00720776]

Residual before update:
[-0.00411361 -0.00345228 -0.00152105 ...  0.00499805 -0.00705279
 -0.00720791]

Residual before update:
[-0.00411361 -0.00345228 -0.00152104 ...  0.00499764 -0.00705293
 -0.00720805]

Residual before update:
[-0.0040857  -0.00342251 -0.00148247 ...  0.00499363 -0.00704284
 -0.00719788]

Residual before update:
[-0.0041136  -0.00345227 -0.00152101 ...  0.0049969  -0.0070532
 -0.00720832]

Residual before update:
[-0.00411359 -0.00345226 -0.001521   ...  0.00499655 -0.00705332
 -0.00720844]

Residual before update:
[-0.00411359 -0.00345226 -0.00152099 ...  0.00499621 -0.00705344
 -0.00720856]

Residual before update:
[-0.00410582 -0.00344388 -0.00152109 ...  0.00499746 -0.00705158
 -0.0072066 ]

Residual before update:
[-0.00411358 -0.00345225 -0.00152096 ...  0.00499558 -0.00705367
 -0.00720878]

Residual before update:
[-0.00411358 -0.00345225 -0.00152095 ...  0.00499528 -0.00705377
 -0.00720889]

Residual before update:
[-0.00411358 -0.00345225 -0.00152095 ...  0.00499541 -0.00705372
 -0.00720884]

Residual before update:
[-0.00411358 -0.00345225 -0.00152095 ...  0.00499551 -0.00705368
 -0.0072088 ]

Residual before update:
[-0.00411358 -0.00345225 -0.00152096 ...  0.0049956  -0.00705365
 -0.00720877]

Residual before update:
[-0.00409582 -0.00343324 -0.0014966  ...  0.00500002 -0.00704926
 -0.00720429]

Residual before update:
[-0.00411358 -0.00345225 -0.00152096 ...  0.00499571 -0.00705361
 -0.00720873]

Residual before update:
[-0.00411358 -0.00345225 -0.00152096 ...  0.00499573 -0.0070536
 -0.00720872]

Residual before update:
[-0.00411358 -0.00345225 -0.00152096 ...  0.00499575 -0.0070536
 -0.00720871]

Residual before update:
[-0.00411311 -0.00345196 -0.00152176 ...  0.00499192 -0.00705828
 -0.00721356]

Residual before update:
[-0.00411358 -0.00345225 -0.00152096 ...  0.00499574 -0.0070536
 -0.00720872]

Residual before update:
[-0.00411358 -0.00345225 -0.00152096 ...  0.00499572 -0.0070536
 -0.00720872]

Residual before update:
[-0.00411358 -0.00345225 -0.00152096 ...  0.00499571 -0.00705361
 -0.00720873]

Residual before update:
[-0.00411358 -0.00345225 -0.00152096 ...  0.0049957  -0.00705361
 -0.00720873]

Residual before update:
[-0.00411358 -0.00345225 -0.00152096 ...  0.0049957  -0.00705361
 -0.00720873]

Residual before update:
[-0.00402492 -0.00335748 -0.0014025  ...  0.00498381 -0.00702445
 -0.0071793 ]

Residual before update:
[-0.00411358 -0.00345225 -0.00152096 ...  0.0049957  -0.00705362
 -0.00720873]

Residual before update:
[-0.00411358 -0.00345225 -0.00152096 ...  0.0049957  -0.00705362
 -0.00720873]

Residual before update:
[-0.00411358 -0.00345225 -0.00152096 ...  0.0049957  -0.00705362
 -0.00720873]

Residual before update:
[-0.00411333 -0.0034522  -0.00152177 ...  0.0049918  -0.00705841
 -0.00721369]

Residual before update:
[-0.00411358 -0.00345225 -0.00152096 ...  0.0049957  -0.00705361
 -0.00720873]

Residual before update:
[-0.00411358 -0.00345225 -0.00152096 ...  0.0049957  -0.00705361
 -0.00720873]

Residual before update:
[-0.00411358 -0.00345225 -0.00152096 ...  0.0049957  -0.00705361
 -0.00720873]

Residual before update:
[-0.00411358 -0.00345225 -0.00152096 ...  0.0049957  -0.00705361
 -0.00720873]

Residual before update:
[-0.00411358 -0.00345225 -0.00152096 ...  0.0049957  -0.00705362
 -0.00720873]

Residual before update:
[-0.00406823 -0.00340304 -0.00147579 ...  0.0049936  -0.00704957
 -0.0072045 ]

Residual before update:
[-0.00411358 -0.00345225 -0.00152096 ...  0.00499569 -0.00705362
 -0.00720873]

Residual before update:
[-0.00411358 -0.00345225 -0.00152096 ...  0.00499569 -0.00705362
 -0.00720873]

Residual before update:
[-0.00411358 -0.00345225 -0.00152096 ...  0.00499569 -0.00705362
 -0.00720873]

Residual before update:
[-0.0041133  -0.00345217 -0.00152178 ...  0.00499171 -0.00705847
 -0.00721376]

Residual before update:
[-0.00411358 -0.00345225 -0.00152096 ...  0.00499569 -0.00705362
 -0.00720874]

Residual before update:
[-0.00411358 -0.00345225 -0.00152096 ...  0.00499569 -0.00705362
 -0.00720874]

Residual before update:
[-0.00411358 -0.00345225 -0.00152096 ...  0.00499569 -0.00705362
 -0.00720874]

Residual before update:
[-0.00411358 -0.00345225 -0.00152096 ...  0.00499569 -0.00705362
 -0.00720874]

Residual before update:
[-0.00411358 -0.00345225 -0.00152096 ...  0.00499569 -0.00705362
 -0.00720874]

Residual before update:
[-0.00408379 -0.00342012 -0.00148258 ...  0.00500129 -0.00704352
 -0.0071987 ]

Residual before update:
[-0.00411358 -0.00345225 -0.00152096 ...  0.00499568 -0.00705362
 -0.00720874]

Residual before update:
[-0.00411358 -0.00345225 -0.00152096 ...  0.00499568 -0.00705362
 -0.00720874]

Residual before update:
[-0.00411358 -0.00345225 -0.00152096 ...  0.00499568 -0.00705362
 -0.00720874]

Residual before update:
[-0.00411331 -0.00345219 -0.00152179 ...  0.00499163 -0.00705852
 -0.00721381]

Residual before update:
[-0.00411358 -0.00345225 -0.00152096 ...  0.00499568 -0.00705362
 -0.00720874]

Residual before update:
[-0.00411358 -0.00345225 -0.00152096 ...  0.00499568 -0.00705362
 -0.00720874]
Compute pips
###############################
TGFM
###############################
Initialize variables
Warning: 492 variants have NaN gwas_beta. Setting to 0 with large SE.
Iterative optimization

Residual before update:
[-0.0005372  -0.00403618 -0.00041511 ...  0.00080516  0.00375423
  0.0013288 ]

Residual before update:
[-0.0005373  -0.00403612 -0.00041521 ...  0.00080517  0.00375425
  0.00132881]

Residual before update:
[-0.00053741 -0.00403605 -0.00041532 ...  0.00080518  0.00375427
  0.00132882]

Residual before update:
[-0.00053751 -0.00403599 -0.00041543 ...  0.0008052   0.00375429
  0.00132882]

Residual before update:
[-0.00053762 -0.00403592 -0.00041553 ...  0.00080521  0.00375431
  0.00132883]

Residual before update:
[-0.00053772 -0.00403586 -0.00041564 ...  0.00080522  0.00375433
  0.00132884]

Residual before update:
[-0.00053913 -0.00402669 -0.00041695 ...  0.00080093  0.00374338
  0.00132315]

Residual before update:
[-0.00053793 -0.00403573 -0.00041584 ...  0.00080525  0.00375438
  0.00132885]

Residual before update:
[-0.00053804 -0.00403566 -0.00041595 ...  0.00080526  0.0037544
  0.00132886]

Residual before update:
[-0.00053814 -0.0040356  -0.00041605 ...  0.00080527  0.00375442
  0.00132887]

Residual before update:
[-0.00053813 -0.0040356  -0.00041605 ...  0.00080527  0.00375442
  0.00132887]

Residual before update:
[-0.00053813 -0.0040356  -0.00041604 ...  0.00080527  0.00375442
  0.00132887]

Residual before update:
[-0.00053813 -0.0040356  -0.00041604 ...  0.00080527  0.00375442
  0.00132887]

Residual before update:
[-0.00053813 -0.0040356  -0.00041604 ...  0.00080527  0.00375442
  0.00132887]

Residual before update:
[-0.00053813 -0.0040356  -0.00041604 ...  0.00080527  0.00375442
  0.00132887]

Residual before update:
[-0.00053812 -0.0040356  -0.00041604 ...  0.00080527  0.00375442
  0.00132887]

Residual before update:
[-0.0005369  -0.00401933 -0.00041489 ...  0.00082565  0.00386224
  0.00138385]

Residual before update:
[-0.00053812 -0.0040356  -0.00041604 ...  0.00080527  0.00375442
  0.00132887]

Residual before update:
[-0.00053812 -0.0040356  -0.00041604 ...  0.00080527  0.00375442
  0.00132887]

Residual before update:
[-0.00053812 -0.0040356  -0.00041604 ...  0.00080527  0.00375442
  0.00132887]

Residual before update:
[-0.00053812 -0.0040356  -0.00041604 ...  0.00080527  0.00375442
  0.00132887]

Residual before update:
[-0.00053813 -0.0040356  -0.00041604 ...  0.00080527  0.00375442
  0.00132887]

Residual before update:
[-0.00053813 -0.0040356  -0.00041604 ...  0.00080527  0.00375442
  0.00132887]

Residual before update:
[-0.00053813 -0.00403559 -0.00041604 ...  0.00080527  0.00375442
  0.00132887]

Residual before update:
[-0.00053813 -0.00403559 -0.00041604 ...  0.00080527  0.00375442
  0.00132887]

Residual before update:
[-0.00053813 -0.00403559 -0.00041604 ...  0.00080527  0.00375442
  0.00132887]

Residual before update:
[-0.000537   -0.00401902 -0.00041498 ...  0.00082571  0.00386108
  0.00138387]

Residual before update:
[-0.00053813 -0.00403559 -0.00041604 ...  0.00080527  0.00375442
  0.00132887]

Residual before update:
[-0.00053813 -0.00403559 -0.00041604 ...  0.00080527  0.00375442
  0.00132887]

Residual before update:
[-0.00053813 -0.00403559 -0.00041604 ...  0.00080527  0.00375442
  0.00132887]

Residual before update:
[-0.00053813 -0.00403559 -0.00041604 ...  0.00080527  0.00375442
  0.00132887]

Residual before update:
[-0.00053813 -0.00403559 -0.00041604 ...  0.00080527  0.00375442
  0.00132887]

Residual before update:
[-0.00053813 -0.00403559 -0.00041604 ...  0.00080527  0.00375442
  0.00132887]

Residual before update:
[-0.00053813 -0.00403559 -0.00041604 ...  0.00080527  0.00375442
  0.00132887]

Residual before update:
[-0.00053813 -0.00403559 -0.00041604 ...  0.00080527  0.00375442
  0.00132887]

Residual before update:
[-0.00053813 -0.00403559 -0.00041604 ...  0.00080527  0.00375442
  0.00132887]

Residual before update:
[-0.00053701 -0.00401908 -0.00041499 ...  0.0008257   0.00386087
  0.00138374]

Residual before update:
[-0.00053813 -0.00403559 -0.00041604 ...  0.00080527  0.00375442
  0.00132887]

Residual before update:
[-0.00053813 -0.00403559 -0.00041604 ...  0.00080527  0.00375442
  0.00132887]

Residual before update:
[-0.00053813 -0.00403559 -0.00041604 ...  0.00080527  0.00375442
  0.00132887]

Residual before update:
[-0.00053813 -0.00403559 -0.00041604 ...  0.00080527  0.00375442
  0.00132887]

Residual before update:
[-0.00053813 -0.00403559 -0.00041604 ...  0.00080527  0.00375442
  0.00132887]

Residual before update:
[-0.00053813 -0.00403559 -0.00041604 ...  0.00080527  0.00375442
  0.00132887]

Residual before update:
[-0.00053813 -0.00403559 -0.00041604 ...  0.00080527  0.00375442
  0.00132887]

Residual before update:
[-0.00053813 -0.00403559 -0.00041605 ...  0.00080527  0.00375442
  0.00132887]

Residual before update:
[-0.00053813 -0.00403559 -0.00041605 ...  0.00080527  0.00375442
  0.00132887]

Residual before update:
[-0.00053702 -0.0040191  -0.00041499 ...  0.00082567  0.00386065
  0.00138361]

Residual before update:
[-0.00053813 -0.00403559 -0.00041605 ...  0.00080527  0.00375442
  0.00132887]

Residual before update:
[-0.00053813 -0.00403559 -0.00041605 ...  0.00080527  0.00375442
  0.00132887]

Residual before update:
[-0.00053813 -0.00403559 -0.00041605 ...  0.00080527  0.00375442
  0.00132887]
Compute pips
###############################
TGFM
###############################
Initialize variables
Warning: 438 variants have NaN gwas_beta. Setting to 0 with large SE.
Iterative optimization

Residual before update:
[ 0.          0.         -0.00607804 ... -0.00340436  0.00670787
  0.00310923]

Residual before update:
[-2.31185791e-17 -2.31185791e-17 -6.07804028e-03 ... -3.40434465e-03
  6.70780868e-03  3.10923439e-03]

Residual before update:
[-4.60190191e-17 -4.60190191e-17 -6.07804105e-03 ... -3.40433380e-03
  6.70774560e-03  3.10924067e-03]

Residual before update:
[-6.88213027e-17 -6.88213027e-17 -6.07804177e-03 ... -3.40432281e-03
  6.70768253e-03  3.10924693e-03]

Residual before update:
[-9.14700892e-17 -9.14700892e-17 -6.07804250e-03 ... -3.40431181e-03
  6.70761948e-03  3.10925322e-03]

Residual before update:
[-1.14071313e-16 -1.14071313e-16 -6.07804326e-03 ... -3.40430075e-03
  6.70755643e-03  3.10925943e-03]

Residual before update:
[-1.36473940e-16 -1.36473940e-16 -6.07804401e-03 ... -3.40428959e-03
  6.70749341e-03  3.10926572e-03]

Residual before update:
[-1.58723927e-16 -1.58723927e-16 -6.07804466e-03 ... -3.40427834e-03
  6.70743037e-03  3.10927197e-03]

Residual before update:
[-1.80948930e-16 -1.80948930e-16 -6.07804536e-03 ... -3.40426712e-03
  6.70736739e-03  3.10927824e-03]

Residual before update:
[-2.03133180e-16 -2.03133180e-16 -6.07804597e-03 ... -3.40425573e-03
  6.70730441e-03  3.10928446e-03]

Residual before update:
[-1.14480582e-14 -1.14480582e-14 -6.09216280e-03 ... -3.30532279e-03
  6.80761709e-03  2.99317189e-03]

Residual before update:
[-2.01396617e-16 -2.01396617e-16 -6.07804575e-03 ... -3.40425463e-03
  6.70730443e-03  3.10928430e-03]

Residual before update:
[-2.00472717e-16 -2.00472717e-16 -6.07804578e-03 ... -3.40425428e-03
  6.70730432e-03  3.10928433e-03]

Residual before update:
[-2.00017303e-16 -2.00017303e-16 -6.07804562e-03 ... -3.40425384e-03
  6.70730419e-03  3.10928427e-03]

Residual before update:
[-1.99629768e-16 -1.99629768e-16 -6.07804558e-03 ... -3.40425369e-03
  6.70730403e-03  3.10928429e-03]

Residual before update:
[-1.99511146e-16 -1.99511146e-16 -6.07804564e-03 ... -3.40425362e-03
  6.70730386e-03  3.10928416e-03]

Residual before update:
[-1.99339631e-16 -1.99339631e-16 -6.07804569e-03 ... -3.40425354e-03
  6.70730369e-03  3.10928420e-03]

Residual before update:
[-1.99228219e-16 -1.99228219e-16 -6.07804561e-03 ... -3.40425346e-03
  6.70730349e-03  3.10928418e-03]

Residual before update:
[-1.99321081e-16 -1.99321081e-16 -6.07804563e-03 ... -3.40425355e-03
  6.70730334e-03  3.10928420e-03]

Residual before update:
[-1.99556351e-16 -1.99556351e-16 -6.07804558e-03 ... -3.40425353e-03
  6.70730315e-03  3.10928419e-03]

Residual before update:
[-1.07728465e-14 -1.07728465e-14 -6.08866906e-03 ... -3.28292311e-03
  6.86631862e-03  3.06723344e-03]

Residual before update:
[-1.99874929e-16 -1.99874929e-16 -6.07804557e-03 ... -3.40425363e-03
  6.70730297e-03  3.10928411e-03]

Residual before update:
[-1.99687811e-16 -1.99687811e-16 -6.07804568e-03 ... -3.40425367e-03
  6.70730280e-03  3.10928419e-03]

Residual before update:
[-1.99802186e-16 -1.99802186e-16 -6.07804558e-03 ... -3.40425350e-03
  6.70730264e-03  3.10928418e-03]

Residual before update:
[-1.99841754e-16 -1.99841754e-16 -6.07804558e-03 ... -3.40425353e-03
  6.70730244e-03  3.10928426e-03]

Residual before update:
[-2.00018295e-16 -2.00018295e-16 -6.07804567e-03 ... -3.40425357e-03
  6.70730225e-03  3.10928417e-03]

Residual before update:
[-2.00024662e-16 -2.00024662e-16 -6.07804573e-03 ... -3.40425352e-03
  6.70730209e-03  3.10928426e-03]

Residual before update:
[-1.99987291e-16 -1.99987291e-16 -6.07804565e-03 ... -3.40425343e-03
  6.70730189e-03  3.10928428e-03]

Residual before update:
[-2.00059518e-16 -2.00059518e-16 -6.07804568e-03 ... -3.40425345e-03
  6.70730175e-03  3.10928432e-03]

Residual before update:
[-2.00191296e-16 -2.00191296e-16 -6.07804561e-03 ... -3.40425333e-03
  6.70730157e-03  3.10928433e-03]

Residual before update:
[-3.06026336e-15 -3.06026336e-15 -6.07571247e-03 ... -3.41959065e-03
  6.71362106e-03  3.10308481e-03]

Residual before update:
[-2.00397306e-16 -2.00397306e-16 -6.07804559e-03 ... -3.40425333e-03
  6.70730141e-03  3.10928427e-03]

Residual before update:
[-2.00187934e-16 -2.00187934e-16 -6.07804569e-03 ... -3.40425335e-03
  6.70730124e-03  3.10928435e-03]

Residual before update:
[-2.00292781e-16 -2.00292781e-16 -6.07804559e-03 ... -3.40425317e-03
  6.70730108e-03  3.10928434e-03]

Residual before update:
[-2.00336628e-16 -2.00336628e-16 -6.07804559e-03 ... -3.40425321e-03
  6.70730089e-03  3.10928442e-03]

Residual before update:
[-2.00522062e-16 -2.00522062e-16 -6.07804568e-03 ... -3.40425325e-03
  6.70730070e-03  3.10928433e-03]

Residual before update:
[-2.00539242e-16 -2.00539242e-16 -6.07804574e-03 ... -3.40425322e-03
  6.70730053e-03  3.10928441e-03]

Residual before update:
[-2.00513139e-16 -2.00513139e-16 -6.07804567e-03 ... -3.40425314e-03
  6.70730032e-03  3.10928443e-03]

Residual before update:
[-2.00593368e-16 -2.00593368e-16 -6.07804569e-03 ... -3.40425317e-03
  6.70730018e-03  3.10928447e-03]

Residual before update:
[-2.00730669e-16 -2.00730669e-16 -6.07804562e-03 ... -3.40425305e-03
  6.70730000e-03  3.10928448e-03]

Residual before update:
[-5.07868645e-13 -5.07868645e-13 -6.29940500e-03 ... -2.26855422e-03
  9.25626760e-03 -1.28095273e-03]

Residual before update:
[-2.00937898e-16 -2.00937898e-16 -6.07804560e-03 ... -3.40425305e-03
  6.70729984e-03  3.10928442e-03]

Residual before update:
[-2.00727099e-16 -2.00727099e-16 -6.07804571e-03 ... -3.40425306e-03
  6.70729966e-03  3.10928450e-03]

Residual before update:
[-2.00828026e-16 -2.00828026e-16 -6.07804561e-03 ... -3.40425289e-03
  6.70729952e-03  3.10928449e-03]

Residual before update:
[-2.00871885e-16 -2.00871885e-16 -6.07804561e-03 ... -3.40425292e-03
  6.70729931e-03  3.10928457e-03]

Residual before update:
[-2.01056374e-16 -2.01056374e-16 -6.07804570e-03 ... -3.40425296e-03
  6.70729912e-03  3.10928448e-03]

Residual before update:
[-2.01072493e-16 -2.01072493e-16 -6.07804576e-03 ... -3.40425293e-03
  6.70729896e-03  3.10928456e-03]

Residual before update:
[-2.01046574e-16 -2.01046574e-16 -6.07804568e-03 ... -3.40425285e-03
  6.70729875e-03  3.10928458e-03]

Residual before update:
[-2.01126687e-16 -2.01126687e-16 -6.07804571e-03 ... -3.40425288e-03
  6.70729861e-03  3.10928462e-03]

Residual before update:
[-2.01266040e-16 -2.01266040e-16 -6.07804564e-03 ... -3.40425276e-03
  6.70729843e-03  3.10928464e-03]
Compute pips
###############################
TGFM
###############################
Initialize variables
Warning: 398 variants have NaN gwas_beta. Setting to 0 with large SE.
Iterative optimization

Residual before update:
[-0.00145063 -0.00334336 -0.00723602 ...  0.00088309  0.00145402
  0.00084549]

Residual before update:
[-0.00145062 -0.00334334 -0.00723599 ...  0.00088293  0.00145385
  0.00084533]

Residual before update:
[-0.00145062 -0.00334332 -0.00723596 ...  0.00088277  0.00145369
  0.00084516]

Residual before update:
[-0.00144141 -0.00305122 -0.00713839 ...  0.00095781  0.00149819
  0.0009007 ]

Residual before update:
[-0.00145061 -0.00334332 -0.0072359  ...  0.00088229  0.00145308
  0.00084451]

Residual before update:
[-0.00178236 -0.00386281 -0.00786042 ...  0.00069294  0.00128546
  0.00077406]

Residual before update:
[-0.00143363 -0.00330233 -0.00722728 ...  0.00070472  0.00131654
  0.00069286]

Residual before update:
[-0.00138929 -0.00293835 -0.00707802 ...  0.00135963  0.00192108
  0.00135168]

Residual before update:
[-0.00145058 -0.00334322 -0.00723577 ...  0.0008818   0.00145268
  0.00084417]

Residual before update:
[ 770.01712655  134.53668265   49.32655545 ... 1167.90933185  954.16682195
 1017.958926  ]

Residual before update:
[-0.00145058 -0.0033432  -0.00723574 ...  0.00088164  0.00145252
  0.00084401]

Residual before update:
[-0.00145058 -0.0033432  -0.00723574 ...  0.00088164  0.00145252
  0.00084401]

Residual before update:
[-0.00145058 -0.0033432  -0.00723574 ...  0.00088164  0.00145252
  0.00084401]

Residual before update:
[ 9.15919544e+09  1.27648220e+11  4.38726880e+10 ... -5.65346531e+09
  5.11623613e+09  8.70645020e+09]

Residual before update:
[-0.0014506  -0.00334326 -0.00723575 ...  0.00088129  0.0014519
  0.0008433 ]

Residual before update:
[-0.00171758 -0.00399221 -0.00728022 ...  0.00215371  0.00226377
  0.00183804]

Residual before update:
[-0.00146322 -0.00319159 -0.00715863 ...  0.00094849  0.0015212
  0.00091813]

Residual before update:
[2.79163151e+09 1.53492754e+12 2.14069134e+12 ... 9.53225279e+12
 7.22400938e+12 7.99596205e+12]

Residual before update:
[-0.00145058 -0.0033432  -0.00723574 ...  0.00088164  0.00145252
  0.000844  ]

Residual before update:
[4.20434310e+18 7.34595835e+17 2.69365186e+17 ... 6.37684339e+18
 5.20979459e+18 5.55810625e+18]

Residual before update:
[-0.00145058 -0.0033432  -0.00723574 ...  0.00088164  0.00145252
  0.00084401]

Residual before update:
[-0.00145058 -0.0033432  -0.00723574 ...  0.00088163  0.00145252
  0.000844  ]

Residual before update:
[-0.00145058 -0.0033432  -0.00723574 ...  0.00088163  0.00145252
  0.000844  ]

Residual before update:
[1.52473584e+33 4.77336887e+34 1.61762852e+34 ... 1.18813525e+34
 6.98917064e+33 8.73631506e+33]

Residual before update:
[-0.0014506  -0.00334326 -0.00723575 ...  0.00088129  0.00145189
  0.00084329]

Residual before update:
[-0.00165626 -0.003919   -0.00728638 ...  0.00198798  0.00217208
  0.00171855]

Residual before update:
[-0.00146222 -0.00318962 -0.00716908 ...  0.00092152  0.00151463
  0.00091087]

Residual before update:
[ 1.80127652e+19  7.76080683e+19  1.00500359e+19 ... -3.17471636e+20
 -2.35933397e+20 -2.59621906e+20]

Residual before update:
[-0.00145058 -0.0033432  -0.00723574 ...  0.00088163  0.00145251
  0.000844  ]

Residual before update:
[2.29923814e+34 4.01730003e+33 1.47308318e+33 ... 3.48731804e+34
 2.84909156e+34 3.03957351e+34]

Residual before update:
[-0.00145058 -0.0033432  -0.00723574 ...  0.00088163  0.00145251
  0.000844  ]

Residual before update:
[-0.00145058 -0.0033432  -0.00723574 ...  0.00088163  0.00145251
  0.000844  ]

Residual before update:
[-0.00145058 -0.0033432  -0.00723574 ...  0.00088163  0.00145251
  0.000844  ]

Residual before update:
[-5.05308161e+48  8.10439271e+49  1.28415973e+49 ... -7.21060199e+48
 -4.81836794e+48 -5.12733600e+48]

Residual before update:
[-0.0014506  -0.00334326 -0.00723575 ...  0.00088128  0.00145188
  0.00084328]

Residual before update:
[-0.00163021 -0.00387233 -0.00728214 ...  0.00191654  0.00213331
  0.00166751]

Residual before update:
[-0.00146404 -0.00318314 -0.00716578 ...  0.00093037  0.00151902
  0.00091595]

Residual before update:
[ 1.48801246e+27 -5.76417327e+26  3.03283266e+27 ...  3.97454705e+28
  3.01612089e+28  3.35334738e+28]

Residual before update:
[-0.00145058 -0.0033432  -0.00723574 ...  0.00088163  0.00145251
  0.00084399]

Residual before update:
[1.25738930e+50 2.19694950e+49 8.05588164e+48 ... 1.90711711e+50
 1.55808882e+50 1.66225809e+50]

Residual before update:
[-0.00145058 -0.0033432  -0.00723574 ...  0.00088163  0.00145251
  0.000844  ]

Residual before update:
[-0.00145058 -0.0033432  -0.00723574 ...  0.00088163  0.00145251
  0.00084399]

Residual before update:
[-0.00145058 -0.0033432  -0.00723574 ...  0.00088162  0.00145251
  0.00084399]

Residual before update:
[ 9.28763304e+65  1.28544866e+67  4.41886163e+66 ... -6.16526122e+65
  4.98095566e+65  8.58274122e+65]
NaNs in component_non_med_pred at component 4

Residual before update:
[-0.0014506  -0.00334326 -0.00723575 ...  0.00088127  0.00145188
  0.00084327]
NaNs in residual_incl_alpha[64, :]
NaN in mixture_alpha_mu: b_terms=[nan nan nan nan nan nan nan nan nan nan nan nan nan nan nan nan nan nan
 nan nan nan nan nan nan nan nan nan nan nan]
NaNs in self.residual at bs_iter=64
NaNs in un_normalized_lv_alpha_weights
NaN in normalizing_term
NaNs in component_non_med_pred at component 5

Residual before update:
[-0.00161774 -0.00384087 -0.00727867 ...  0.00186514  0.00210234
  0.00162874]
NaNs in residual_incl_alpha[64, :]
NaNs in gene_weights for bs_iter=64
NaN in mixture_alpha_mu: b_terms=[nan nan nan nan nan nan nan nan nan nan nan nan nan nan nan nan nan nan
 nan nan nan nan nan nan nan nan nan nan nan]
NaNs in self.residual at bs_iter=64
NaNs in un_normalized_lv_alpha_weights
NaN in normalizing_term
NaNs in component_non_med_pred at component 6

Residual before update:
[-0.00146535 -0.0031833  -0.00716657 ...  0.00092964  0.00151891
  0.0009157 ]
NaNs in residual_incl_alpha[64, :]
NaNs in gene_weights for bs_iter=64
NaN in mixture_alpha_mu: b_terms=[nan nan nan nan nan nan nan nan nan nan nan nan nan nan nan nan nan nan
 nan nan nan nan nan nan nan nan nan nan nan]
NaNs in self.residual at bs_iter=64
NaNs in un_normalized_lv_alpha_weights
NaN in normalizing_term
NaNs in residual_incl_alpha[70, :]
NaN in mixture_alpha_mu: b_terms=[nan nan nan nan nan nan nan nan nan nan nan nan nan nan nan nan nan nan
 nan nan nan nan nan nan nan nan nan nan nan]
NaNs in self.residual at bs_iter=70
NaNs in un_normalized_lv_alpha_weights
NaN in normalizing_term
NaNs in component_non_med_pred at component 7

Residual before update:
[-1.91596366e+35 -1.31960240e+36 -5.12832415e+35 ... -1.47095484e+36
 -1.43864396e+36 -1.56709171e+36]
NaNs in residual_incl_alpha[64, :]
NaNs in gene_weights for bs_iter=64
NaN in mixture_alpha_mu: b_terms=[nan nan nan nan nan nan nan nan nan nan nan nan nan nan nan nan nan nan
 nan nan nan nan nan nan nan nan nan nan nan]
NaNs in self.residual at bs_iter=64
NaNs in un_normalized_lv_alpha_weights
NaN in normalizing_term
NaNs in residual_incl_alpha[70, :]
NaNs in gene_weights for bs_iter=70
NaN in mixture_alpha_mu: b_terms=[nan nan nan nan nan nan nan nan nan nan nan nan nan nan nan nan nan nan
 nan nan nan nan nan nan nan nan nan nan nan]
NaNs in self.residual at bs_iter=70
NaNs in un_normalized_lv_alpha_weights
NaN in normalizing_term
NaNs in component_non_med_pred at component 8

Residual before update:
[-0.00145058 -0.0033432  -0.00723573 ...  0.00088162  0.0014525
  0.00084399]
NaNs in residual_incl_alpha[64, :]
NaNs in gene_weights for bs_iter=64
NaN in mixture_alpha_mu: b_terms=[nan nan nan nan nan nan nan nan nan nan nan nan nan nan nan nan nan nan
 nan nan nan nan nan nan nan nan nan nan nan]
NaNs in self.residual at bs_iter=64
NaNs in un_normalized_lv_alpha_weights
NaN in normalizing_term
NaNs in residual_incl_alpha[70, :]
NaNs in gene_weights for bs_iter=70
NaN in mixture_alpha_mu: b_terms=[nan nan nan nan nan nan nan nan nan nan nan nan nan nan nan nan nan nan
 nan nan nan nan nan nan nan nan nan nan nan]
NaNs in self.residual at bs_iter=70
NaNs in un_normalized_lv_alpha_weights
NaN in normalizing_term
NaNs in component_non_med_pred at component 9

Residual before update:
[6.87631188e+65 1.20145049e+65 4.40553730e+64 ... 1.04294923e+66
 8.52075380e+65 9.09042655e+65]
NaNs in residual_incl_alpha[64, :]
NaNs in gene_weights for bs_iter=64
NaN in mixture_alpha_mu: b_terms=[nan nan nan nan nan nan nan nan nan nan nan nan nan nan nan nan nan nan
 nan nan nan nan nan nan nan nan nan nan nan]
NaNs in self.residual at bs_iter=64
NaNs in un_normalized_lv_alpha_weights
NaN in normalizing_term
NaNs in residual_incl_alpha[70, :]
NaNs in gene_weights for bs_iter=70
NaN in mixture_alpha_mu: b_terms=[nan nan nan nan nan nan nan nan nan nan nan nan nan nan nan nan nan nan
 nan nan nan nan nan nan nan nan nan nan nan]
NaNs in self.residual at bs_iter=70
NaNs in un_normalized_lv_alpha_weights
NaN in normalizing_term
Compute pips
NaNs found in gene-tissue pair PIPs at indices: [ 0  1  2  3  4  5  6  7  8  9 10 11 12 13 14 15 16 17 18 19 20 21 22 23
 24 25 26 27 28]
NaNs found in variant PIPs at indices: [    0     1     2 ... 11830 11831 11832]
NaNs found in gene PIPs at indices: [0 1 2 3 4 5 6 7 8]
###############################
TGFM
###############################
Initialize variables
Warning: 384 variants have NaN gwas_beta. Setting to 0 with large SE.
Iterative optimization

Residual before update:
[ 9.60516699e-05 -1.80340611e-03 -4.54425649e-03 ... -1.61249863e-03
  2.85250287e-05 -4.13612916e-04]

Residual before update:
[ 9.60527624e-05 -1.80340207e-03 -4.54422426e-03 ... -1.61252856e-03
  2.84615989e-05 -4.13676787e-04]

Residual before update:
[ 9.60539839e-05 -1.80339805e-03 -4.54419224e-03 ... -1.61255869e-03
  2.83974626e-05 -4.13741380e-04]

Residual before update:
[ 1.30210433e-04 -1.80943253e-03 -4.53011827e-03 ... -1.54730670e-03
  3.61591055e-05 -4.05755979e-04]

Residual before update:
[ 9.60556751e-05 -1.80339039e-03 -4.54412944e-03 ... -1.61262245e-03
  2.82612739e-05 -4.13878816e-04]

Residual before update:
[ 9.60560021e-05 -1.80338732e-03 -4.54409690e-03 ... -1.61265248e-03
  2.82016346e-05 -4.13938695e-04]

Residual before update:
[ 1.28986962e-04 -1.81276173e-03 -4.52769065e-03 ... -1.51628661e-03
  3.40492995e-05 -4.07771561e-04]

Residual before update:
[ 9.60571534e-05 -1.80338010e-03 -4.54403526e-03 ... -1.61271994e-03
  2.80574648e-05 -4.14084348e-04]

Residual before update:
[ 3.37970272e-04 -1.58687113e-03 -4.45953450e-03 ... -1.52223831e-03
  6.71244474e-05 -3.74817569e-04]

Residual before update:
[ 9.60588188e-05 -1.80337295e-03 -4.54397169e-03 ... -1.61278306e-03
  2.79270618e-05 -4.14215663e-04]

Residual before update:
[ 7.45853305e-05 -2.06944789e-03 -4.85179398e-03 ... -1.62169064e-03
  2.50908852e-05 -4.18833047e-04]

Residual before update:
[ 9.60562820e-05 -1.80337515e-03 -4.54396914e-03 ... -1.61278174e-03
  2.79444823e-05 -4.14197282e-04]

Residual before update:
[ 9.60568015e-05 -1.80337524e-03 -4.54397001e-03 ... -1.61278286e-03
  2.79409874e-05 -4.14200851e-04]

Residual before update:
[ 1.25280022e-04 -1.80971670e-03 -4.52860765e-03 ... -1.47669622e-03
  3.05819208e-05 -4.11365635e-04]

Residual before update:
[ 9.60555698e-05 -1.80337598e-03 -4.54397293e-03 ... -1.61279079e-03
  2.79219127e-05 -4.14220700e-04]

Residual before update:
[ 9.60545951e-05 -1.80337725e-03 -4.54397136e-03 ... -1.61278869e-03
  2.79332339e-05 -4.14208866e-04]

Residual before update:
[ 9.78978046e-05 -1.80469700e-03 -4.54290125e-03 ... -1.62902540e-03
  3.03413873e-05 -4.11781219e-04]

Residual before update:
[ 9.60544656e-05 -1.80337700e-03 -4.54397358e-03 ... -1.61279476e-03
  2.79152744e-05 -4.14227512e-04]

Residual before update:
[ 2.53166416e-04 -1.69613798e-03 -4.42294016e-03 ... -1.53031078e-03
  6.80705975e-05 -3.72140899e-04]

Residual before update:
[ 9.60554732e-05 -1.80337633e-03 -4.54397256e-03 ... -1.61279253e-03
  2.79195781e-05 -4.14223050e-04]

Residual before update:
[ 7.49412152e-05 -2.06913101e-03 -4.85175974e-03 ... -1.62172860e-03
  2.46191457e-05 -4.19233081e-04]

Residual before update:
[ 9.60545974e-05 -1.80337681e-03 -4.54396920e-03 ... -1.61278694e-03
  2.79398637e-05 -4.14201862e-04]

Residual before update:
[ 9.60557208e-05 -1.80337628e-03 -4.54396973e-03 ... -1.61278651e-03
  2.79374063e-05 -4.14204411e-04]

Residual before update:
[ 1.27848940e-04 -1.80508909e-03 -4.53569636e-03 ... -1.59509532e-03
  3.73269896e-05 -4.04706707e-04]

Residual before update:
[ 9.60553209e-05 -1.80337616e-03 -4.54397217e-03 ... -1.61279231e-03
  2.79197646e-05 -4.14222851e-04]

Residual before update:
[ 9.60545970e-05 -1.80337718e-03 -4.54397048e-03 ... -1.61278956e-03
  2.79315316e-05 -4.14210580e-04]

Residual before update:
[ 9.49579183e-05 -1.80449000e-03 -4.54383754e-03 ... -1.62992313e-03
  2.94100089e-05 -4.12721268e-04]

Residual before update:
[ 9.60546890e-05 -1.80337669e-03 -4.54397256e-03 ... -1.61279511e-03
  2.79138116e-05 -4.14228995e-04]

Residual before update:
[ 2.41373575e-04 -1.70181977e-03 -4.46132846e-03 ... -1.55245992e-03
  4.88015743e-05 -3.91455551e-04]

Residual before update:
[ 9.60556007e-05 -1.80337612e-03 -4.54397161e-03 ... -1.61279314e-03
  2.79179193e-05 -4.14224726e-04]

Residual before update:
[ 7.48609940e-05 -2.06722347e-03 -4.84922293e-03 ... -1.62194036e-03
  2.44879442e-05 -4.19342219e-04]

Residual before update:
[ 9.60546175e-05 -1.80337671e-03 -4.54396832e-03 ... -1.61278778e-03
  2.79381249e-05 -4.14203612e-04]

Residual before update:
[ 9.60557174e-05 -1.80337621e-03 -4.54396885e-03 ... -1.61278743e-03
  2.79355705e-05 -4.14206258e-04]

Residual before update:
[ 1.18437463e-04 -1.80386666e-03 -4.53790409e-03 ... -1.58999629e-03
  3.44713631e-05 -4.07609245e-04]

Residual before update:
[ 9.60552961e-05 -1.80337610e-03 -4.54397129e-03 ... -1.61279333e-03
  2.79177843e-05 -4.14224845e-04]

Residual before update:
[ 9.60545708e-05 -1.80337712e-03 -4.54396961e-03 ... -1.61279055e-03
  2.79296193e-05 -4.14212504e-04]

Residual before update:
[ 9.40206972e-05 -1.80441918e-03 -4.54413746e-03 ... -1.63010495e-03
  2.91063163e-05 -4.13027802e-04]

Residual before update:
[ 9.60546732e-05 -1.80337662e-03 -4.54397167e-03 ... -1.61279612e-03
  2.79118189e-05 -4.14231003e-04]

Residual before update:
[ 2.35208610e-04 -1.70373574e-03 -4.46393049e-03 ... -1.55594708e-03
  4.63860749e-05 -3.93780267e-04]

Residual before update:
[ 9.60555967e-05 -1.80337604e-03 -4.54397072e-03 ... -1.61279411e-03
  2.79159799e-05 -4.14226680e-04]

Residual before update:
[ 6.63813758e-05 -2.07232203e-03 -4.85121371e-03 ... -1.63396256e-03
  1.63781120e-05 -4.27152767e-04]

Residual before update:
[ 9.60546131e-05 -1.80337664e-03 -4.54396746e-03 ... -1.61278869e-03
  2.79363252e-05 -4.14205423e-04]

Residual before update:
[ 9.60557162e-05 -1.80337613e-03 -4.54396797e-03 ... -1.61278836e-03
  2.79337282e-05 -4.14208112e-04]

Residual before update:
[ 1.16863077e-04 -1.80357033e-03 -4.53852484e-03 ... -1.58768436e-03
  3.37727261e-05 -4.08314173e-04]

Residual before update:
[ 9.60552924e-05 -1.80337602e-03 -4.54397040e-03 ... -1.61279431e-03
  2.79158360e-05 -4.14226808e-04]

Residual before update:
[ 9.60545645e-05 -1.80337705e-03 -4.54396873e-03 ... -1.61279150e-03
  2.79277368e-05 -4.14214399e-04]

Residual before update:
[ 9.36935634e-05 -1.80438724e-03 -4.54424690e-03 ... -1.63006179e-03
  2.89926339e-05 -4.13142538e-04]

Residual before update:
[ 9.60546664e-05 -1.80337655e-03 -4.54397077e-03 ... -1.61279711e-03
  2.79098323e-05 -4.14233004e-04]

Residual before update:
[ 2.30810304e-04 -1.70655257e-03 -4.46586779e-03 ... -1.55666201e-03
  4.55881882e-05 -3.94542908e-04]

Residual before update:
[ 9.60555927e-05 -1.80337596e-03 -4.54396982e-03 ... -1.61279508e-03
  2.79140287e-05 -4.14228645e-04]
Compute pips
###############################
TGFM
###############################
Initialize variables
Warning: 278 variants have NaN gwas_beta. Setting to 0 with large SE.
Iterative optimization

Residual before update:
[ 0.00633844 -0.00557386  0.00260815 ...  0.00830794  0.00754898
 -0.00280222]

Residual before update:
[ 0.0063384  -0.00557324  0.00260819 ...  0.00830716  0.00754819
 -0.00280224]

Residual before update:
[ 0.00633836 -0.00557263  0.00260823 ...  0.00830647  0.00754749
 -0.00280225]

Residual before update:
[ 0.00633832 -0.00557204  0.00260826 ...  0.00830567  0.00754667
 -0.00280228]

Residual before update:
[ 0.00633829 -0.00557145  0.00260829 ...  0.00830501  0.007546
 -0.00280228]

Residual before update:
[ 0.00633825 -0.00557087  0.00260833 ...  0.00830428  0.00754525
 -0.00280229]

Residual before update:
[ 0.00633821 -0.0055703   0.00260836 ...  0.00830341  0.00754437
 -0.00280234]

Residual before update:
[ 0.00633816 -0.00556974  0.00260839 ...  0.0083028   0.00754375
 -0.00280232]

Residual before update:
[ 0.00633812 -0.00556919  0.00260842 ...  0.00830209  0.00754302
 -0.00280233]

Residual before update:
[ 0.00633808 -0.00556865  0.00260845 ...  0.00830136  0.00754227
 -0.00280235]

Residual before update:
[ 0.00633808 -0.00556873  0.00260844 ...  0.00830067  0.00754157
 -0.00280235]

Residual before update:
[ 0.00633808 -0.00556879  0.00260843 ...  0.00830098  0.00754189
 -0.00280235]

Residual before update:
[ 0.00633808 -0.00556884  0.00260842 ...  0.00830136  0.00754228
 -0.00280235]

Residual before update:
[ 0.00633808 -0.00556888  0.00260842 ...  0.00830115  0.00754205
 -0.0028024 ]

Residual before update:
[ 0.00633808 -0.00556891  0.00260842 ...  0.00830136  0.00754227
 -0.00280235]

Residual before update:
[ 0.00633808 -0.00556893  0.00260841 ...  0.00830136  0.00754227
 -0.00280235]

Residual before update:
[ 0.00633808 -0.00556894  0.00260841 ...  0.00830115  0.00754206
 -0.0028024 ]

Residual before update:
[ 0.00633808 -0.00556894  0.00260841 ...  0.00830133  0.00754225
 -0.00280235]

Residual before update:
[ 0.00633808 -0.00556894  0.00260841 ...  0.00830135  0.00754227
 -0.00280235]

Residual before update:
[ 0.00633808 -0.00556893  0.00260841 ...  0.00830135  0.00754226
 -0.00280235]

Residual before update:
[ 0.00633808 -0.00556892  0.00260841 ...  0.00830066  0.00754156
 -0.00280235]

Residual before update:
[ 0.00633808 -0.00556892  0.00260841 ...  0.00830096  0.00754187
 -0.00280235]

Residual before update:
[ 0.00633808 -0.00556891  0.00260841 ...  0.00830134  0.00754226
 -0.00280235]

Residual before update:
[ 0.00633808 -0.00556891  0.00260841 ...  0.00830113  0.00754204
 -0.0028024 ]

Residual before update:
[ 0.00633808 -0.00556891  0.00260841 ...  0.00830134  0.00754225
 -0.00280235]

Residual before update:
[ 0.00633808 -0.00556891  0.00260841 ...  0.00830134  0.00754225
 -0.00280235]

Residual before update:
[ 0.00633808 -0.00556891  0.00260841 ...  0.00830113  0.00754204
 -0.0028024 ]

Residual before update:
[ 0.00633808 -0.0055689   0.00260841 ...  0.00830131  0.00754223
 -0.00280235]

Residual before update:
[ 0.00633808 -0.0055689   0.00260841 ...  0.00830133  0.00754224
 -0.00280235]

Residual before update:
[ 0.00633808 -0.0055689   0.00260841 ...  0.00830133  0.00754224
 -0.00280235]

Residual before update:
[ 0.00633808 -0.0055689   0.00260841 ...  0.00830063  0.00754153
 -0.00280235]

Residual before update:
[ 0.00633808 -0.0055689   0.00260841 ...  0.00830094  0.00754185
 -0.00280235]

Residual before update:
[ 0.00633808 -0.0055689   0.00260841 ...  0.00830132  0.00754224
 -0.00280235]

Residual before update:
[ 0.00633808 -0.0055689   0.00260841 ...  0.00830111  0.00754201
 -0.0028024 ]

Residual before update:
[ 0.00633808 -0.0055689   0.00260841 ...  0.00830132  0.00754223
 -0.00280235]

Residual before update:
[ 0.00633808 -0.00556889  0.00260842 ...  0.00830131  0.00754223
 -0.00280235]

Residual before update:
[ 0.00633808 -0.00556889  0.00260842 ...  0.00830111  0.00754202
 -0.0028024 ]

Residual before update:
[ 0.00633808 -0.00556889  0.00260842 ...  0.00830129  0.0075422
 -0.00280235]

Residual before update:
[ 0.00633808 -0.00556889  0.00260842 ...  0.00830131  0.00754222
 -0.00280235]

Residual before update:
[ 0.00633808 -0.00556889  0.00260842 ...  0.0083013   0.00754222
 -0.00280235]

Residual before update:
[ 0.00633808 -0.00556889  0.00260842 ...  0.00830061  0.00754151
 -0.00280235]

Residual before update:
[ 0.00633808 -0.00556889  0.00260842 ...  0.00830092  0.00754183
 -0.00280235]

Residual before update:
[ 0.00633808 -0.00556888  0.00260842 ...  0.0083013   0.00754221
 -0.00280235]

Residual before update:
[ 0.00633808 -0.00556888  0.00260842 ...  0.00830108  0.00754199
 -0.0028024 ]

Residual before update:
[ 0.00633808 -0.00556888  0.00260842 ...  0.00830129  0.00754221
 -0.00280235]

Residual before update:
[ 0.00633808 -0.00556888  0.00260842 ...  0.00830129  0.00754221
 -0.00280235]

Residual before update:
[ 0.00633807 -0.00556888  0.00260842 ...  0.00830109  0.00754199
 -0.0028024 ]

Residual before update:
[ 0.00633807 -0.00556888  0.00260842 ...  0.00830127  0.00754218
 -0.00280236]

Residual before update:
[ 0.00633807 -0.00556887  0.00260842 ...  0.00830128  0.0075422
 -0.00280235]

Residual before update:
[ 0.00633807 -0.00556887  0.00260842 ...  0.00830128  0.0075422
 -0.00280235]
Compute pips
###############################
TGFM
###############################
Initialize variables
Warning: 432 variants have NaN gwas_beta. Setting to 0 with large SE.
Iterative optimization

Residual before update:
[-0.00295913 -0.00332666 -0.00344507 ... -0.01005817 -0.01019864
  0.01084076]

Residual before update:
[-0.00301062 -0.00337738 -0.00349657 ... -0.01210838 -0.01224886
  0.01083866]

Residual before update:
[-0.00295907 -0.0033266  -0.00344501 ... -0.01004915 -0.01018963
  0.01084116]

Residual before update:
[-0.00295904 -0.00332657 -0.00344498 ... -0.01004473 -0.01018521
  0.01084134]

Residual before update:
[-0.00295901 -0.00332654 -0.00344495 ... -0.01004036 -0.01018084
  0.01084153]

Residual before update:
[-0.00291692 -0.00328623 -0.00340436 ... -0.01004209 -0.01018257
  0.01083922]

Residual before update:
[-0.00295892 -0.00332646 -0.00344487 ... -0.01006214 -0.01020262
  0.01083982]

Residual before update:
[-0.00295893 -0.00332645 -0.00344487 ... -0.01002758 -0.01016806
  0.01084205]

Residual before update:
[-0.00296341 -0.00333135 -0.00344976 ... -0.01017603 -0.01031651
  0.01081777]

Residual before update:
[-0.00295887 -0.0033264  -0.00344481 ... -0.01001931 -0.01015979
  0.01084236]

Residual before update:
[-0.00295887 -0.0033264  -0.00344481 ... -0.01001978 -0.01016026
  0.0108423 ]

Residual before update:
[-0.00360854 -0.00398627 -0.00411561 ... -0.01022167 -0.01036215
  0.01038081]

Residual before update:
[-0.00295887 -0.0033264  -0.00344481 ... -0.01002053 -0.010161
  0.01084222]

Residual before update:
[-0.00295887 -0.0033264  -0.00344481 ... -0.0100208  -0.01016128
  0.01084218]

Residual before update:
[-0.00295887 -0.0033264  -0.00344481 ... -0.01002102 -0.0101615
  0.01084216]

Residual before update:
[-0.00291347 -0.00328271 -0.00340084 ... -0.01004744 -0.01018791
  0.01084241]

Residual before update:
[-0.00295878 -0.00332632 -0.00344473 ... -0.01007833 -0.0102188
  0.01081413]

Residual before update:
[-0.00295887 -0.0033264  -0.00344481 ... -0.01002135 -0.01016183
  0.01084213]

Residual before update:
[-0.00295903 -0.00332652 -0.00344493 ... -0.00984946 -0.00998994
  0.01095637]

Residual before update:
[-0.00295887 -0.0033264  -0.00344481 ... -0.01002133 -0.01016181
  0.01084213]

Residual before update:
[-0.00295887 -0.0033264  -0.00344481 ... -0.01002131 -0.01016178
  0.01084213]

Residual before update:
[-0.00326583 -0.00363853 -0.0037635  ... -0.01051992 -0.0106604
  0.01058784]

Residual before update:
[-0.00295887 -0.0033264  -0.00344481 ... -0.01002126 -0.01016174
  0.01084213]

Residual before update:
[-0.00295887 -0.0033264  -0.00344481 ... -0.01002125 -0.01016172
  0.01084213]

Residual before update:
[-0.00295887 -0.0033264  -0.00344481 ... -0.01002124 -0.01016171
  0.01084213]

Residual before update:
[-0.00291582 -0.00328502 -0.00340316 ... -0.01004525 -0.01018573
  0.01084267]

Residual before update:
[-0.00295888 -0.0033252  -0.00344338 ... -0.014027   -0.01416747
  0.0054022 ]

Residual before update:
[-0.00295887 -0.0033264  -0.00344481 ... -0.0100212  -0.01016168
  0.01084214]

Residual before update:
[-0.00295903 -0.00332652 -0.00344493 ... -0.00985005 -0.00999053
  0.01095604]

Residual before update:
[-0.00295887 -0.0033264  -0.00344481 ... -0.01002119 -0.01016167
  0.01084214]

Residual before update:
[-0.00295887 -0.0033264  -0.00344481 ... -0.0100212  -0.01016167
  0.01084214]

Residual before update:
[-0.0034453  -0.00381136 -0.00393592 ... -0.01051439 -0.01065487
  0.01058367]

Residual before update:
[-0.00295887 -0.0033264  -0.00344481 ... -0.01002118 -0.01016166
  0.01084213]

Residual before update:
[-0.00295887 -0.0033264  -0.00344481 ... -0.01002117 -0.01016165
  0.01084213]

Residual before update:
[-0.00295887 -0.0033264  -0.00344481 ... -0.01002116 -0.01016164
  0.01084213]

Residual before update:
[-0.00291547 -0.00328469 -0.00340283 ... -0.0100451  -0.01018558
  0.01084272]

Residual before update:
[0.00478007 0.00425052 0.00415278 ... 0.1959271  0.19578633 0.13840787]

Residual before update:
[-0.00295887 -0.0033264  -0.00344481 ... -0.01002113 -0.01016161
  0.01084214]

Residual before update:
[-0.00295903 -0.00332652 -0.00344493 ... -0.00985131 -0.00999179
  0.01095535]

Residual before update:
[-0.00295887 -0.0033264  -0.00344481 ... -0.01002112 -0.0101616
  0.01084214]

Residual before update:
[-0.00295887 -0.0033264  -0.00344481 ... -0.01002112 -0.0101616
  0.01084214]

Residual before update:
[-0.00346032 -0.00382582 -0.00395035 ... -0.01051415 -0.01065463
  0.01058329]

Residual before update:
[-0.00295887 -0.0033264  -0.00344481 ... -0.0100211  -0.01016158
  0.01084213]

Residual before update:
[-0.00295887 -0.0033264  -0.00344481 ... -0.0100211  -0.01016157
  0.01084213]

Residual before update:
[-0.00295887 -0.0033264  -0.00344481 ... -0.01002109 -0.01016157
  0.01084214]

Residual before update:
[-0.00291507 -0.00328431 -0.00340244 ... -0.01004497 -0.01018545
  0.01084277]

Residual before update:
[-0.00779406 -0.0082395  -0.00833913 ... -0.01260424 -0.01274471
  0.00999857]

Residual before update:
[-0.00295887 -0.0033264  -0.00344481 ... -0.01002105 -0.01016153
  0.01084215]

Residual before update:
[-0.00295903 -0.00332652 -0.00344494 ... -0.00985258 -0.00999306
  0.01095464]

Residual before update:
[-0.00295887 -0.0033264  -0.00344481 ... -0.01002104 -0.01016152
  0.01084214]
Compute pips
###############################
TGFM
###############################
Initialize variables
Warning: 439 variants have NaN gwas_beta. Setting to 0 with large SE.
Iterative optimization

Residual before update:
[-0.00247898 -0.0057163  -0.00120825 ... -0.00576763  0.
  0.00412481]

Residual before update:
[-2.47887117e-03 -5.71612658e-03 -1.20823118e-03 ... -5.76763299e-03
 -1.69050530e-18  4.12479042e-03]

Residual before update:
[-2.47875423e-03 -5.71591458e-03 -1.20815681e-03 ... -5.76763159e-03
  1.29841244e-17  4.12477807e-03]

Residual before update:
[-2.47864052e-03 -5.71571566e-03 -1.20810178e-03 ... -5.76763084e-03
  2.16489877e-17  4.12476487e-03]

Residual before update:
[-2.47851448e-03 -5.71546667e-03 -1.20796966e-03 ... -5.76762785e-03
  5.30943914e-17  4.12475492e-03]

Residual before update:
[-2.47842285e-03 -5.71535562e-03 -1.20804909e-03 ... -5.76763082e-03
  2.17810020e-17  4.12473660e-03]

Residual before update:
[-2.47830865e-03 -5.71515488e-03 -1.20799035e-03 ... -5.76762981e-03
  3.11463484e-17  4.12472374e-03]

Residual before update:
[-2.47816562e-03 -5.71483444e-03 -1.20774247e-03 ... -5.76762377e-03
  9.45897233e-17  4.12471776e-03]

Residual before update:
[-2.47805072e-03 -5.71462736e-03 -1.20768061e-03 ... -5.76762249e-03
  1.07915310e-16  4.12470549e-03]

Residual before update:
[-2.47793500e-03 -5.71441619e-03 -1.20760668e-03 ... -5.76762106e-03
  1.22487671e-16  4.12469336e-03]

Residual before update:
[-2.47796165e-03 -5.71452296e-03 -1.20776583e-03 ... -5.76762557e-03
  7.28802080e-17  4.12468825e-03]

Residual before update:
[-2.47797602e-03 -5.71458125e-03 -1.20785287e-03 ... -5.76762780e-03
  4.43687441e-17  4.12468571e-03]

Residual before update:
[-2.47795604e-03 -5.71449557e-03 -1.20772561e-03 ... -5.76762399e-03
  8.43095897e-17  4.12469044e-03]

Residual before update:
[-2.47795356e-03 -5.71448514e-03 -1.20770871e-03 ... -5.76762372e-03
  8.85295516e-17  4.12469087e-03]

Residual before update:
[-2.47793460e-03 -5.71440520e-03 -1.20758887e-03 ... -5.76762039e-03
  1.26363895e-16  4.12469516e-03]

Residual before update:
[-2.47796126e-03 -5.71451675e-03 -1.20775649e-03 ... -5.76762498e-03
  7.25904210e-17  4.12468957e-03]

Residual before update:
[-2.47795892e-03 -5.71450923e-03 -1.20774570e-03 ... -5.76762457e-03
  7.57328092e-17  4.12468981e-03]

Residual before update:
[-2.47793280e-03 -5.71439772e-03 -1.20757053e-03 ... -5.76762006e-03
  1.27730943e-16  4.12469513e-03]

Residual before update:
[-2.47793373e-03 -5.71440094e-03 -1.20758463e-03 ... -5.76762017e-03
  1.27059933e-16  4.12469506e-03]

Residual before update:
[-2.47793341e-03 -5.71439954e-03 -1.20758431e-03 ... -5.76762015e-03
  1.27595633e-16  4.12469503e-03]

Residual before update:
[-2.47795473e-03 -5.71449106e-03 -1.20772214e-03 ... -5.76762413e-03
  8.39504346e-17  4.12469051e-03]

Residual before update:
[-2.47796899e-03 -5.71455281e-03 -1.20781761e-03 ... -5.76762669e-03
  5.38846183e-17  4.12468709e-03]

Residual before update:
[-2.47795183e-03 -5.71448016e-03 -1.20771039e-03 ... -5.76762351e-03
  8.83117735e-17  4.12469083e-03]

Residual before update:
[-2.47794990e-03 -5.71447428e-03 -1.20770139e-03 ... -5.76762351e-03
  9.05377251e-17  4.12469073e-03]

Residual before update:
[-2.47793126e-03 -5.71439684e-03 -1.20758466e-03 ... -5.76762030e-03
  1.27423133e-16  4.12469488e-03]

Residual before update:
[-2.47795825e-03 -5.71451283e-03 -1.20776203e-03 ... -5.76762520e-03
  7.12664268e-17  4.12468854e-03]

Residual before update:
[-2.47795566e-03 -5.71450566e-03 -1.20775195e-03 ... -5.76762483e-03
  7.41451372e-17  4.12468872e-03]

Residual before update:
[-2.47792870e-03 -5.71439039e-03 -1.20756897e-03 ... -5.76762007e-03
  1.28077303e-16  4.12469454e-03]

Residual before update:
[-2.47792951e-03 -5.71439356e-03 -1.20758304e-03 ... -5.76762018e-03
  1.27389750e-16  4.12469447e-03]

Residual before update:
[-2.47792910e-03 -5.71439186e-03 -1.20758219e-03 ... -5.76762013e-03
  1.28018421e-16  4.12469449e-03]

Residual before update:
[-2.47794982e-03 -5.71448241e-03 -1.20771980e-03 ... -5.76762410e-03
  8.43060455e-17  4.12468994e-03]

Residual before update:
[-2.47796313e-03 -5.71454152e-03 -1.20781202e-03 ... -5.76762656e-03
  5.49900956e-17  4.12468665e-03]

Residual before update:
[-2.47794673e-03 -5.71447070e-03 -1.20770661e-03 ... -5.76762343e-03
  8.90060933e-17  4.12469036e-03]

Residual before update:
[-2.47794484e-03 -5.71446487e-03 -1.20769755e-03 ... -5.76762342e-03
  9.12472969e-17  4.12469027e-03]

Residual before update:
[-2.47792682e-03 -5.71438864e-03 -1.20758160e-03 ... -5.76762023e-03
  1.28012008e-16  4.12469444e-03]

Residual before update:
[-2.47795287e-03 -5.71450282e-03 -1.20775797e-03 ... -5.76762511e-03
  7.20197735e-17  4.12468805e-03]

Residual before update:
[-2.47795039e-03 -5.71449601e-03 -1.20774841e-03 ... -5.76762475e-03
  7.47789160e-17  4.12468820e-03]

Residual before update:
[-2.47792424e-03 -5.71438215e-03 -1.20756588e-03 ... -5.76762001e-03
  1.28664025e-16  4.12469409e-03]

Residual before update:
[-2.47792507e-03 -5.71438538e-03 -1.20758006e-03 ... -5.76762012e-03
  1.27966381e-16  4.12469402e-03]

Residual before update:
[-2.47792465e-03 -5.71438366e-03 -1.20757922e-03 ... -5.76762007e-03
  1.28595696e-16  4.12469403e-03]

Residual before update:
[-2.47794481e-03 -5.71447340e-03 -1.20771699e-03 ... -5.76762405e-03
  8.47838335e-17  4.12468939e-03]

Residual before update:
[-2.47795773e-03 -5.71453199e-03 -1.20780941e-03 ... -5.76762651e-03
  5.53685460e-17  4.12468604e-03]

Residual before update:
[-2.47794174e-03 -5.71446169e-03 -1.20770370e-03 ... -5.76762338e-03
  8.95145090e-17  4.12468983e-03]

Residual before update:
[-2.47793989e-03 -5.71445591e-03 -1.20769461e-03 ... -5.76762337e-03
  9.17658869e-17  4.12468974e-03]

Residual before update:
[-2.47792236e-03 -5.71438043e-03 -1.20757864e-03 ... -5.76762017e-03
  1.28587757e-16  4.12469398e-03]

Residual before update:
[-2.47794761e-03 -5.71449333e-03 -1.20775488e-03 ... -5.76762505e-03
  7.25407756e-17  4.12468749e-03]

Residual before update:
[-2.47794515e-03 -5.71448655e-03 -1.20774530e-03 ... -5.76762469e-03
  7.53081637e-17  4.12468765e-03]

Residual before update:
[-2.47791975e-03 -5.71437387e-03 -1.20756283e-03 ... -5.76761995e-03
  1.29246680e-16  4.12469363e-03]

Residual before update:
[-2.47792059e-03 -5.71437714e-03 -1.20757707e-03 ... -5.76762006e-03
  1.28544144e-16  4.12469356e-03]

Residual before update:
[-2.47792017e-03 -5.71437540e-03 -1.20757623e-03 ... -5.76762001e-03
  1.29177318e-16  4.12469357e-03]
Compute pips
NaNs found in variant PIPs at indices: [    0     1     3 ... 10073 10080 10083]
###############################
TGFM
###############################
Initialize variables
Warning: 510 variants have NaN gwas_beta. Setting to 0 with large SE.
Iterative optimization

Residual before update:
[ 5.01488408e-05 -1.75809758e-03 -1.55461406e-03 ...  1.73429308e-03
 -3.70363939e-03  4.75863573e-03]

Residual before update:
[ 5.01704108e-05 -1.75807521e-03 -1.55459181e-03 ...  1.73428782e-03
 -3.70363991e-03  4.75863584e-03]

Residual before update:
[ 5.01184725e-05 -1.75812385e-03 -1.55464043e-03 ...  1.73428629e-03
 -3.70364032e-03  4.75863589e-03]

Residual before update:
[ 5.02170905e-05 -1.75802993e-03 -1.55454683e-03 ...  1.73428880e-03
 -3.70363924e-03  4.75863632e-03]

Residual before update:
[ 5.02087709e-05 -1.75802777e-03 -1.55454545e-03 ...  1.73427237e-03
 -3.70364542e-03  4.75863310e-03]

Residual before update:
[ 5.23207401e-05 -1.75538962e-03 -1.55211023e-03 ...  1.67148735e-03
 -3.70960833e-03  4.75195362e-03]

Residual before update:
[ 0.00037527 -0.00137665 -0.0011729  ...  0.00169167 -0.00368497
  0.00475491]

Residual before update:
[ 5.03055987e-05 -1.75793846e-03 -1.55445590e-03 ...  1.73427207e-03
 -3.70363932e-03  4.75863760e-03]

Residual before update:
[ 5.00160448e-05 -1.75820171e-03 -1.55472033e-03 ...  1.73425596e-03
 -3.70365276e-03  4.75862925e-03]

Residual before update:
[ 5.03307175e-05 -1.75791409e-03 -1.55443172e-03 ...  1.73427042e-03
 -3.70363847e-03  4.75863737e-03]

Residual before update:
[ 5.03486600e-05 -1.75789834e-03 -1.55441533e-03 ...  1.73427867e-03
 -3.70364025e-03  4.75863705e-03]

Residual before update:
[ 5.03529925e-05 -1.75789094e-03 -1.55440859e-03 ...  1.73426593e-03
 -3.70363901e-03  4.75863789e-03]

Residual before update:
[ 5.00745174e-05 -1.75815909e-03 -1.55467627e-03 ...  1.73427635e-03
 -3.70363991e-03  4.75863740e-03]

Residual before update:
[ 5.03593940e-05 -1.75789040e-03 -1.55440827e-03 ...  1.73428766e-03
 -3.70363676e-03  4.75863811e-03]

Residual before update:
[ 5.02952099e-05 -1.75793320e-03 -1.55445238e-03 ...  1.73426142e-03
 -3.70364856e-03  4.75863108e-03]

Residual before update:
[ 5.37388453e-05 -1.75360169e-03 -1.55035788e-03 ...  1.65691847e-03
 -3.71278560e-03  4.75579304e-03]

Residual before update:
[ 0.00031254 -0.00145008 -0.00124433 ...  0.00169548 -0.00369048
  0.00475488]

Residual before update:
[ 5.03574806e-05 -1.75788854e-03 -1.55440634e-03 ...  1.73427776e-03
 -3.70363636e-03  4.75863882e-03]

Residual before update:
[ 5.00353103e-05 -1.75818272e-03 -1.55470168e-03 ...  1.73426096e-03
 -3.70365127e-03  4.75862944e-03]

Residual before update:
[ 5.03382847e-05 -1.75790832e-03 -1.55442604e-03 ...  1.73427786e-03
 -3.70363651e-03  4.75863788e-03]

Residual before update:
[ 5.03530168e-05 -1.75789508e-03 -1.55441219e-03 ...  1.73428303e-03
 -3.70363892e-03  4.75863740e-03]

Residual before update:
[ 5.03563808e-05 -1.75788857e-03 -1.55440626e-03 ...  1.73426980e-03
 -3.70363807e-03  4.75863809e-03]

Residual before update:
[ 5.00834044e-05 -1.75815097e-03 -1.55466821e-03 ...  1.73427800e-03
 -3.70363951e-03  4.75863749e-03]

Residual before update:
[ 5.03608773e-05 -1.75788910e-03 -1.55440699e-03 ...  1.73428824e-03
 -3.70363660e-03  4.75863813e-03]

Residual before update:
[ 5.02964563e-05 -1.75793202e-03 -1.55445121e-03 ...  1.73426120e-03
 -3.70364863e-03  4.75863107e-03]

Residual before update:
[ 5.10704062e-05 -1.75716413e-03 -1.55385764e-03 ...  1.70681539e-03
 -3.70984734e-03  4.76741673e-03]

Residual before update:
[-0.0001079  -0.00194096 -0.00171671 ...  0.00170712 -0.003733
  0.00475136]

Residual before update:
[ 5.03579875e-05 -1.75788785e-03 -1.55440565e-03 ...  1.73427672e-03
 -3.70363662e-03  4.75863876e-03]

Residual before update:
[ 5.00327493e-05 -1.75818496e-03 -1.55470392e-03 ...  1.73426017e-03
 -3.70365153e-03  4.75862935e-03]

Residual before update:
[ 5.03388761e-05 -1.75790767e-03 -1.55442539e-03 ...  1.73427751e-03
 -3.70363658e-03  4.75863786e-03]

Residual before update:
[ 5.03538335e-05 -1.75789425e-03 -1.55441137e-03 ...  1.73428292e-03
 -3.70363894e-03  4.75863740e-03]

Residual before update:
[ 5.03573909e-05 -1.75788759e-03 -1.55440529e-03 ...  1.73426989e-03
 -3.70363801e-03  4.75863811e-03]

Residual before update:
[ 5.00837649e-05 -1.75815062e-03 -1.55466786e-03 ...  1.73427809e-03
 -3.70363946e-03  4.75863751e-03]

Residual before update:
[ 5.03617664e-05 -1.75788824e-03 -1.55440614e-03 ...  1.73428829e-03
 -3.70363657e-03  4.75863815e-03]

Residual before update:
[ 5.02972518e-05 -1.75793119e-03 -1.55445039e-03 ...  1.73426125e-03
 -3.70364861e-03  4.75863106e-03]

Residual before update:
[-0.00020593 -0.0020306  -0.00177559 ...  0.01272794 -0.00301877
  0.00668706]

Residual before update:
[-0.00010723 -0.00194043 -0.00171555 ...  0.00170686 -0.00373318
  0.00475166]

Residual before update:
[ 5.03589658e-05 -1.75788688e-03 -1.55440469e-03 ...  1.73427673e-03
 -3.70363659e-03  4.75863878e-03]

Residual before update:
[ 5.00324246e-05 -1.75818518e-03 -1.55470415e-03 ...  1.73426008e-03
 -3.70365157e-03  4.75862933e-03]

Residual before update:
[ 5.03397325e-05 -1.75790682e-03 -1.55442455e-03 ...  1.73427747e-03
 -3.70363656e-03  4.75863787e-03]

Residual before update:
[ 5.03547329e-05 -1.75789337e-03 -1.55441049e-03 ...  1.73428291e-03
 -3.70363893e-03  4.75863740e-03]

Residual before update:
[ 5.03583643e-05 -1.75788662e-03 -1.55440432e-03 ...  1.73426981e-03
 -3.70363799e-03  4.75863812e-03]

Residual before update:
[ 5.00836548e-05 -1.75815069e-03 -1.55466794e-03 ...  1.73427806e-03
 -3.70363945e-03  4.75863752e-03]

Residual before update:
[ 5.03626395e-05 -1.75788738e-03 -1.55440529e-03 ...  1.73428829e-03
 -3.70363655e-03  4.75863816e-03]

Residual before update:
[ 5.02979922e-05 -1.75793038e-03 -1.55444960e-03 ...  1.73426116e-03
 -3.70364863e-03  4.75863104e-03]

Residual before update:
[ 5.61203782e-05 -1.75178746e-03 -1.51050278e-03 ...  1.22179056e-02
 -3.05452460e-03  6.57723898e-03]

Residual before update:
[-0.00010664 -0.00193983 -0.00171478 ...  0.00170682 -0.00373318
  0.00475178]

Residual before update:
[ 5.03599430e-05 -1.75788592e-03 -1.55440373e-03 ...  1.73427672e-03
 -3.70363656e-03  4.75863880e-03]

Residual before update:
[ 5.00321185e-05 -1.75818537e-03 -1.55470436e-03 ...  1.73425998e-03
 -3.70365161e-03  4.75862931e-03]

Residual before update:
[ 5.03406081e-05 -1.75790596e-03 -1.55442369e-03 ...  1.73427745e-03
 -3.70363653e-03  4.75863788e-03]
Compute pips
###############################
TGFM
###############################
Initialize variables
Warning: 483 variants have NaN gwas_beta. Setting to 0 with large SE.
Iterative optimization

Residual before update:
[-0.01005817 -0.00918721 -0.00680747 ... -0.00243792 -0.01007112
 -0.00201076]

Residual before update:
[-0.01006578 -0.00919484 -0.00681322 ... -0.00243792 -0.01007112
 -0.00201076]

Residual before update:
[-0.01007325 -0.00920232 -0.00681885 ... -0.00243793 -0.01007111
 -0.00201076]

Residual before update:
[-0.01008058 -0.00920967 -0.00682438 ... -0.00243793 -0.0100711
 -0.00201076]

Residual before update:
[-0.01008777 -0.00921687 -0.00682981 ... -0.00243793 -0.0100711
 -0.00201076]

Residual before update:
[-0.01009484 -0.00922396 -0.00683514 ... -0.00243794 -0.01007109
 -0.00201076]

Residual before update:
[-0.01010178 -0.00923091 -0.00684037 ... -0.00243794 -0.01007108
 -0.00201076]

Residual before update:
[-0.01010859 -0.00923774 -0.00684551 ... -0.00243795 -0.01007108
 -0.00201076]

Residual before update:
[-0.0101153  -0.00924447 -0.00685057 ... -0.00243795 -0.01007107
 -0.00201076]

Residual before update:
[-0.0108025  -0.00988124 -0.00773843 ... -0.00250328 -0.01014323
 -0.00200494]

Residual before update:
[-0.01012077 -0.00924994 -0.00685467 ... -0.00243795 -0.01007106
 -0.00201076]

Residual before update:
[-0.01011982 -0.009249   -0.00685396 ... -0.00243795 -0.01007106
 -0.00201076]

Residual before update:
[-0.01011904 -0.00924821 -0.00685336 ... -0.00243795 -0.01007106
 -0.00201076]

Residual before update:
[-0.0101184  -0.00924757 -0.00685287 ... -0.00243795 -0.01007106
 -0.00201076]

Residual before update:
[-0.0101179  -0.00924707 -0.00685249 ... -0.00243795 -0.01007106
 -0.00201076]

Residual before update:
[-0.01011753 -0.0092467  -0.00685221 ... -0.00243795 -0.01007106
 -0.00201076]

Residual before update:
[-0.01011729 -0.00924646 -0.00685203 ... -0.00243795 -0.01007106
 -0.00201076]

Residual before update:
[-0.01011716 -0.00924633 -0.00685194 ... -0.00243795 -0.01007106
 -0.00201076]

Residual before update:
[-0.01011716 -0.00924633 -0.00685194 ... -0.00243795 -0.01007106
 -0.00201076]

Residual before update:
[-0.01082566 -0.00990613 -0.00779838 ... -0.00249689 -0.01013084
 -0.00200351]

Residual before update:
[-0.01011731 -0.00924648 -0.00685206 ... -0.00243795 -0.01007106
 -0.00201076]

Residual before update:
[-0.01011738 -0.00924655 -0.00685211 ... -0.00243795 -0.01007106
 -0.00201076]

Residual before update:
[-0.01011743 -0.0092466  -0.00685215 ... -0.00243795 -0.01007106
 -0.00201076]

Residual before update:
[-0.01011747 -0.00924664 -0.00685217 ... -0.00243795 -0.01007106
 -0.00201076]

Residual before update:
[-0.0101175  -0.00924667 -0.0068522  ... -0.00243795 -0.01007106
 -0.00201076]

Residual before update:
[-0.01011752 -0.00924669 -0.00685221 ... -0.00243795 -0.01007106
 -0.00201076]

Residual before update:
[-0.01011754 -0.00924671 -0.00685223 ... -0.00243795 -0.01007106
 -0.00201076]

Residual before update:
[-0.01011755 -0.00924672 -0.00685224 ... -0.00243795 -0.01007106
 -0.00201076]

Residual before update:
[-0.01011757 -0.00924674 -0.00685225 ... -0.00243795 -0.01007106
 -0.00201076]

Residual before update:
[-0.01155252 -0.01059963 -0.00872254 ... -0.00253394 -0.01018125
 -0.00199814]

Residual before update:
[-0.01011758 -0.00924675 -0.00685226 ... -0.00243795 -0.01007106
 -0.00201076]

Residual before update:
[-0.0101176  -0.00924677 -0.00685228 ... -0.00243795 -0.01007106
 -0.00201076]

Residual before update:
[-0.01011763 -0.0092468  -0.00685229 ... -0.00243795 -0.01007106
 -0.00201076]

Residual before update:
[-0.01011765 -0.00924681 -0.00685231 ... -0.00243795 -0.01007106
 -0.00201076]

Residual before update:
[-0.01011767 -0.00924684 -0.00685232 ... -0.00243795 -0.01007106
 -0.00201076]

Residual before update:
[-0.01011769 -0.00924686 -0.00685234 ... -0.00243795 -0.01007106
 -0.00201076]

Residual before update:
[-0.01011771 -0.00924688 -0.00685235 ... -0.00243795 -0.01007106
 -0.00201076]

Residual before update:
[-0.01011773 -0.0092469  -0.00685237 ... -0.00243795 -0.01007106
 -0.00201076]

Residual before update:
[-0.01011775 -0.00924692 -0.00685239 ... -0.00243795 -0.01007106
 -0.00201076]

Residual before update:
[-0.00957782 -0.00869683 -0.00607067 ... -0.00244029 -0.01006296
 -0.00200288]

Residual before update:
[-0.01011776 -0.00924693 -0.0068524  ... -0.00243795 -0.01007106
 -0.00201076]

Residual before update:
[-0.01011778 -0.00924695 -0.00685241 ... -0.00243795 -0.01007106
 -0.00201076]

Residual before update:
[-0.01011781 -0.00924698 -0.00685243 ... -0.00243795 -0.01007106
 -0.00201076]

Residual before update:
[-0.01011783 -0.009247   -0.00685244 ... -0.00243795 -0.01007106
 -0.00201076]
NaNs in component_non_med_pred at component 4

Residual before update:
[-0.01011785 -0.00924702 -0.00685246 ... -0.00243795 -0.01007106
 -0.00201076]
NaNs in residual_incl_alpha[81, :]
NaN in mixture_alpha_mu: b_terms=[nan nan nan nan nan nan nan nan nan]
NaNs in self.residual at bs_iter=81
NaNs in un_normalized_lv_alpha_weights
NaN in normalizing_term
NaNs in component_non_med_pred at component 5

Residual before update:
[-0.01011787 -0.00924704 -0.00685248 ... -0.00243795 -0.01007106
 -0.00201076]
NaNs in residual_incl_alpha[81, :]
NaNs in gene_weights for bs_iter=81
NaN in mixture_alpha_mu: b_terms=[nan nan nan nan nan nan nan nan nan]
NaNs in self.residual at bs_iter=81
NaNs in un_normalized_lv_alpha_weights
NaN in normalizing_term
NaNs in component_non_med_pred at component 6

Residual before update:
[-0.01011789 -0.00924706 -0.00685249 ... -0.00243795 -0.01007106
 -0.00201076]
NaNs in residual_incl_alpha[81, :]
NaNs in gene_weights for bs_iter=81
NaN in mixture_alpha_mu: b_terms=[nan nan nan nan nan nan nan nan nan]
NaNs in self.residual at bs_iter=81
NaNs in un_normalized_lv_alpha_weights
NaN in normalizing_term
NaNs in component_non_med_pred at component 7

Residual before update:
[-0.01011791 -0.00924708 -0.00685251 ... -0.00243795 -0.01007106
 -0.00201076]
NaNs in residual_incl_alpha[81, :]
NaNs in gene_weights for bs_iter=81
NaN in mixture_alpha_mu: b_terms=[nan nan nan nan nan nan nan nan nan]
NaNs in self.residual at bs_iter=81
NaNs in un_normalized_lv_alpha_weights
NaN in normalizing_term
NaNs in component_non_med_pred at component 8

Residual before update:
[-0.01011793 -0.0092471  -0.00685252 ... -0.00243795 -0.01007106
 -0.00201076]
NaNs in residual_incl_alpha[81, :]
NaNs in gene_weights for bs_iter=81
NaN in mixture_alpha_mu: b_terms=[nan nan nan nan nan nan nan nan nan]
NaNs in self.residual at bs_iter=81
NaNs in un_normalized_lv_alpha_weights
NaN in normalizing_term
NaNs in component_non_med_pred at component 9

Residual before update:
[-0.01109704 -0.01010931 -0.00880226 ... -0.00255566 -0.01019065
 -0.00197588]
NaNs in residual_incl_alpha[81, :]
NaNs in gene_weights for bs_iter=81
NaN in mixture_alpha_mu: b_terms=[nan nan nan nan nan nan nan nan nan]
NaNs in self.residual at bs_iter=81
NaNs in un_normalized_lv_alpha_weights
NaN in normalizing_term
Compute pips
NaNs found in gene-tissue pair PIPs at indices: [0 1 2 3 4 5 6 7 8]
NaNs found in variant PIPs at indices: [    0     1     2 ... 12896 12897 12898]
NaNs found in gene PIPs at indices: [0 1 2 3]
###############################
TGFM
###############################
Initialize variables
Warning: 515 variants have NaN gwas_beta. Setting to 0 with large SE.
Iterative optimization

Residual before update:
[ 0.00107981  0.00132279  0.00222854 ... -0.00963226 -0.00077315
  0.00323196]

Residual before update:
[ 0.0010798   0.00132279  0.00222853 ... -0.00963188 -0.00077315
  0.00323196]

Residual before update:
[ 0.00107979  0.0013228   0.00222852 ... -0.0096315  -0.00077315
  0.00323196]

Residual before update:
[ 0.00107978  0.0013228   0.0022285  ... -0.00963069 -0.00077309
  0.00323206]

Residual before update:
[ 0.00107978  0.00132282  0.00222851 ... -0.00963074 -0.00077315
  0.00323196]

Residual before update:
[ 0.00107977  0.00132282  0.0022285  ... -0.00963036 -0.00077315
  0.00323196]

Residual before update:
[ 0.00107976  0.00132283  0.00222849 ... -0.00962998 -0.00077315
  0.00323196]

Residual before update:
[ 0.00107976  0.00132284  0.00222849 ... -0.0096296  -0.00077314
  0.00323196]

Residual before update:
[ 0.00107975  0.00132285  0.00222848 ... -0.00962922 -0.00077314
  0.00323195]

Residual before update:
[ 0.00107974  0.00132285  0.00222847 ... -0.00962884 -0.00077314
  0.00323195]

Residual before update:
[ 0.00107974  0.00132285  0.00222847 ... -0.00962884 -0.00077314
  0.00323195]

Residual before update:
[ 0.00107974  0.00132285  0.00222847 ... -0.00962884 -0.00077314
  0.00323195]

Residual before update:
[ 0.00107974  0.00132285  0.00222847 ... -0.00962884 -0.00077314
  0.00323195]

Residual before update:
[ 0.00107973  0.00132283  0.00222843 ... -0.00962755 -0.00077296
  0.00323226]

Residual before update:
[ 0.00107974  0.00132285  0.00222847 ... -0.00962884 -0.00077314
  0.00323195]

Residual before update:
[ 0.00107974  0.00132285  0.00222847 ... -0.00962884 -0.00077314
  0.00323195]

Residual before update:
[ 0.00107974  0.00132285  0.00222847 ... -0.00962884 -0.00077314
  0.00323195]

Residual before update:
[ 0.00107974  0.00132285  0.00222847 ... -0.00962884 -0.00077314
  0.00323195]

Residual before update:
[ 0.00107974  0.00132285  0.00222847 ... -0.00962884 -0.00077314
  0.00323195]

Residual before update:
[ 0.00107974  0.00132285  0.00222847 ... -0.00962884 -0.00077314
  0.00323195]

Residual before update:
[ 0.00107974  0.00132285  0.00222847 ... -0.00962884 -0.00077314
  0.00323195]

Residual before update:
[ 0.00107974  0.00132285  0.00222847 ... -0.00962884 -0.00077314
  0.00323195]

Residual before update:
[ 0.00107974  0.00132285  0.00222847 ... -0.00962884 -0.00077314
  0.00323195]

Residual before update:
[ 0.00107973  0.00132283  0.00222843 ... -0.00962754 -0.00077296
  0.00323226]

Residual before update:
[ 0.00107974  0.00132285  0.00222847 ... -0.00962883 -0.00077314
  0.00323195]

Residual before update:
[ 0.00107974  0.00132285  0.00222847 ... -0.00962883 -0.00077314
  0.00323195]

Residual before update:
[ 0.00107974  0.00132285  0.00222847 ... -0.00962883 -0.00077314
  0.00323195]

Residual before update:
[ 0.00107974  0.00132285  0.00222847 ... -0.00962883 -0.00077314
  0.00323195]

Residual before update:
[ 0.00107974  0.00132285  0.00222847 ... -0.00962883 -0.00077314
  0.00323195]

Residual before update:
[ 0.00107974  0.00132285  0.00222847 ... -0.00962883 -0.00077314
  0.00323195]

Residual before update:
[ 0.00107974  0.00132285  0.00222847 ... -0.00962883 -0.00077314
  0.00323195]

Residual before update:
[ 0.00107974  0.00132285  0.00222847 ... -0.00962883 -0.00077314
  0.00323195]

Residual before update:
[ 0.00107974  0.00132285  0.00222847 ... -0.00962883 -0.00077314
  0.00323195]

Residual before update:
[ 0.00107973  0.00132283  0.00222843 ... -0.00962753 -0.00077296
  0.00323226]

Residual before update:
[ 0.00107974  0.00132285  0.00222847 ... -0.00962883 -0.00077314
  0.00323195]

Residual before update:
[ 0.00107974  0.00132285  0.00222847 ... -0.00962883 -0.00077314
  0.00323195]

Residual before update:
[ 0.00107974  0.00132285  0.00222847 ... -0.00962883 -0.00077314
  0.00323195]

Residual before update:
[ 0.00107974  0.00132285  0.00222847 ... -0.00962883 -0.00077314
  0.00323195]

Residual before update:
[ 0.00107974  0.00132285  0.00222847 ... -0.00962882 -0.00077314
  0.00323195]

Residual before update:
[ 0.00107974  0.00132285  0.00222847 ... -0.00962882 -0.00077314
  0.00323195]

Residual before update:
[ 0.00107974  0.00132285  0.00222847 ... -0.00962882 -0.00077314
  0.00323195]

Residual before update:
[ 0.00107974  0.00132285  0.00222847 ... -0.00962882 -0.00077314
  0.00323195]

Residual before update:
[ 0.00107974  0.00132285  0.00222847 ... -0.00962882 -0.00077314
  0.00323195]

Residual before update:
[ 0.00107973  0.00132283  0.00222843 ... -0.00962752 -0.00077296
  0.00323227]

Residual before update:
[ 0.00107974  0.00132285  0.00222847 ... -0.00962882 -0.00077314
  0.00323195]

Residual before update:
[ 0.00107974  0.00132285  0.00222847 ... -0.00962882 -0.00077314
  0.00323195]

Residual before update:
[ 0.00107974  0.00132285  0.00222847 ... -0.00962882 -0.00077314
  0.00323195]

Residual before update:
[ 0.00107974  0.00132285  0.00222847 ... -0.00962882 -0.00077314
  0.00323195]

Residual before update:
[ 0.00107974  0.00132285  0.00222847 ... -0.00962882 -0.00077314
  0.00323195]

Residual before update:
[ 0.00107974  0.00132285  0.00222847 ... -0.00962882 -0.00077314
  0.00323195]
Compute pips
###############################
TGFM
###############################
Initialize variables
Warning: 497 variants have NaN gwas_beta. Setting to 0 with large SE.
Iterative optimization

Residual before update:
[ 0.00481429  0.00200228 -0.00243383 ...  0.0018792  -0.00150413
  0.00192987]

Residual before update:
[ 0.00481429  0.00200227 -0.00243384 ...  0.00187921 -0.00150413
  0.00192987]

Residual before update:
[ 0.00481864  0.00201419 -0.00243259 ...  0.0018798  -0.0015037
  0.0019364 ]

Residual before update:
[ 0.00481428  0.00200226 -0.00243385 ...  0.00187921 -0.00150412
  0.00192988]

Residual before update:
[ 0.00481428  0.00200226 -0.00243386 ...  0.00187922 -0.00150411
  0.00192988]

Residual before update:
[ 0.00481428  0.00200225 -0.00243387 ...  0.00187922 -0.00150411
  0.00192988]

Residual before update:
[ 0.0048178   0.00199308 -0.00244268 ...  0.00186715 -0.0015246
  0.00194125]

Residual before update:
[ 0.00481427  0.00200224 -0.00243388 ...  0.00187922 -0.0015041
  0.0019299 ]

Residual before update:
[ 0.00481427  0.00200224 -0.00243389 ...  0.00187923 -0.0015041
  0.0019299 ]

Residual before update:
[ 0.00481427  0.00200223 -0.0024339  ...  0.00187923 -0.00150409
  0.0019299 ]

Residual before update:
[ 0.0048099   0.00199502 -0.0024406  ...  0.001871   -0.00151863
  0.001936  ]

Residual before update:
[ 0.00481427  0.00200223 -0.0024339  ...  0.00187923 -0.00150409
  0.0019299 ]

Residual before update:
[ 0.00479964  0.00198047 -0.00244178 ...  0.00187172 -0.00151651
  0.00192199]

Residual before update:
[ 0.00481427  0.00200223 -0.0024339  ...  0.00187923 -0.00150409
  0.0019299 ]

Residual before update:
[ 0.00481427  0.00200223 -0.0024339  ...  0.00187923 -0.00150409
  0.0019299 ]

Residual before update:
[ 0.00481427  0.00200223 -0.0024339  ...  0.00187923 -0.00150409
  0.0019299 ]

Residual before update:
[ 0.00479248  0.0019668  -0.00243942 ...  0.00187647 -0.00150705
  0.00190352]

Residual before update:
[ 0.00481427  0.00200223 -0.0024339  ...  0.00187923 -0.00150409
  0.0019299 ]

Residual before update:
[ 0.00481427  0.00200223 -0.0024339  ...  0.00187923 -0.00150409
  0.0019299 ]

Residual before update:
[ 0.00481427  0.00200223 -0.0024339  ...  0.00187923 -0.00150409
  0.0019299 ]

Residual before update:
[ 0.00572445  0.00237715 -0.00301018 ...  0.00100734 -0.00293568
  0.00297109]

Residual before update:
[ 0.00481427  0.00200223 -0.0024339  ...  0.00187923 -0.00150409
  0.0019299 ]

Residual before update:
[ 0.00480882  0.00197974 -0.00243885 ...  0.00187419 -0.00151151
  0.00192224]

Residual before update:
[ 0.00481427  0.00200223 -0.0024339  ...  0.00187923 -0.00150409
  0.0019299 ]

Residual before update:
[ 0.00481427  0.00200223 -0.0024339  ...  0.00187923 -0.00150409
  0.0019299 ]

Residual before update:
[ 0.00481427  0.00200223 -0.0024339  ...  0.00187923 -0.00150409
  0.0019299 ]

Residual before update:
[ 0.00481003  0.00197523 -0.00244304 ...  0.00187108 -0.00151539
  0.00192256]

Residual before update:
[ 0.00481427  0.00200223 -0.0024339  ...  0.00187923 -0.00150409
  0.0019299 ]

Residual before update:
[ 0.00481427  0.00200223 -0.0024339  ...  0.00187923 -0.00150409
  0.0019299 ]

Residual before update:
[ 0.00481427  0.00200223 -0.0024339  ...  0.00187923 -0.00150409
  0.0019299 ]

Residual before update:
[ 0.00478972  0.00281475 -0.00179812 ...  0.00239301 -0.00120813
  0.00157151]

Residual before update:
[ 0.00481427  0.00200223 -0.0024339  ...  0.00187923 -0.00150409
  0.0019299 ]

Residual before update:
[ 0.004809    0.00197996 -0.00243885 ...  0.00187417 -0.00151153
  0.00192227]

Residual before update:
[ 0.00481427  0.00200223 -0.0024339  ...  0.00187923 -0.00150409
  0.0019299 ]

Residual before update:
[ 0.00481427  0.00200223 -0.0024339  ...  0.00187923 -0.00150409
  0.0019299 ]

Residual before update:
[ 0.00481427  0.00200223 -0.0024339  ...  0.00187923 -0.00150409
  0.0019299 ]

Residual before update:
[ 0.00480729  0.00196759 -0.00244358 ...  0.00187077 -0.00151543
  0.00191837]

Residual before update:
[ 0.00481427  0.00200223 -0.0024339  ...  0.00187923 -0.00150409
  0.0019299 ]

Residual before update:
[ 0.00481427  0.00200223 -0.0024339  ...  0.00187923 -0.00150409
  0.0019299 ]

Residual before update:
[ 0.00481427  0.00200223 -0.0024339  ...  0.00187923 -0.00150409
  0.0019299 ]

Residual before update:
[ 0.00492024  0.0026475  -0.00254693 ...  0.00193062 -0.00133878
  0.00229301]

Residual before update:
[ 0.00481427  0.00200223 -0.0024339  ...  0.00187923 -0.00150409
  0.0019299 ]

Residual before update:
[ 0.00480906  0.0019799  -0.0024389  ...  0.00187411 -0.0015116
  0.00192222]

Residual before update:
[ 0.00481427  0.00200223 -0.0024339  ...  0.00187923 -0.00150409
  0.0019299 ]

Residual before update:
[ 0.00481427  0.00200223 -0.0024339  ...  0.00187923 -0.00150409
  0.0019299 ]

Residual before update:
[ 0.00481427  0.00200223 -0.0024339  ...  0.00187923 -0.00150409
  0.0019299 ]

Residual before update:
[ 0.00480727  0.00196819 -0.00244316 ...  0.00187048 -0.00151522
  0.00191837]

Residual before update:
[ 0.00481427  0.00200223 -0.0024339  ...  0.00187923 -0.00150409
  0.0019299 ]

Residual before update:
[ 0.00481427  0.00200223 -0.0024339  ...  0.00187923 -0.00150409
  0.0019299 ]

Residual before update:
[ 0.00481427  0.00200223 -0.0024339  ...  0.00187923 -0.00150409
  0.0019299 ]
Compute pips
###############################
TGFM
###############################
Initialize variables
Warning: 540 variants have NaN gwas_beta. Setting to 0 with large SE.
Finished processing final TGFM

------------------------------------------------------------
Sender: LSF System <lsfadmin@node-11-2-1>
Subject: Job 740120[13]: <run_final_TGFM_UC[1-50]> in cluster <farm22> Done

Job <run_final_TGFM_UC[1-50]> was submitted from host <farm22-head2> by user <bh18> in cluster <farm22> at Thu Apr 30 14:08:19 2026
Job was executed on host(s) <node-11-2-1>, in queue <long>, as user <bh18> in cluster <farm22> at Thu Apr 30 14:10:39 2026
</nfs/users/nfs_b/bh18> was used as the home directory.
</lustre/scratch127/humgen/projects_v2/sc-eqtl-ibd/analysis/bradley_analysis/IBDverse/TGFM> was used as the working directory.
Started at Thu Apr 30 14:10:39 2026
Terminated at Thu Apr 30 15:27:49 2026
Results reported at Thu Apr 30 15:27:49 2026

Your job looked like:

------------------------------------------------------------
# LSBATCH: User input
bash execution_scripts_BH/run_TGFM-BH-MCP.sh -t UC
------------------------------------------------------------

Successfully completed.

Resource usage summary:

    CPU time :                                   4612.59 sec.
    Max Memory :                                 14105 MB
    Average Memory :                             9711.87 MB
    Total Requested Memory :                     30000.00 MB
    Delta Memory :                               15895.00 MB
    Max Swap :                                   2 MB
    Max Processes :                              5
    Max Threads :                                14
    Run time :                                   4630 sec.
    Turnaround time :                            4770 sec.

The output (if any) is above this job summary.



PS:

Read file <logs/run_final_TGFM-UC-13-740120-error.log> for stderr output of this job.

