Processing chunk 13...
###############################
TGFM
###############################
Initialize variables
Warning: 325 variants have NaN gwas_beta. Setting to 0 with large SE.
Iterative optimization

Residual before update:
[-0.00432701 -0.00438669  0.         ... -0.00787488 -0.0134791
  0.00273939]

Residual before update:
[-4.32702892e-03 -4.38671213e-03 -6.70830380e-16 ... -7.87488602e-03
 -1.34790861e-02  2.73930472e-03]

Residual before update:
[-4.32704569e-03 -4.38672921e-03 -1.25479149e-15 ... -7.87488810e-03
 -1.34790599e-02  2.73922783e-03]

Residual before update:
[-4.32114279e-03 -4.38057805e-03  3.23342503e-14 ... -7.87463279e-03
 -1.34074352e-02  2.74193747e-03]

Residual before update:
[-4.32707016e-03 -4.38675422e-03 -2.23216106e-15 ... -7.87489223e-03
 -1.34789833e-02  2.73908782e-03]

Residual before update:
[-4.32707916e-03 -4.38676347e-03 -2.65177435e-15 ... -7.87489416e-03
 -1.34789368e-02  2.73902263e-03]

Residual before update:
[-4.32708595e-03 -4.38677048e-03 -3.04368619e-15 ... -7.87489632e-03
 -1.34788836e-02  2.73895986e-03]

Residual before update:
[-4.32709143e-03 -4.38677618e-03 -3.39151761e-15 ... -7.87489774e-03
 -1.34788280e-02  2.73889976e-03]

Residual before update:
[-4.32709613e-03 -4.38678110e-03 -3.72197431e-15 ... -7.87489990e-03
 -1.34787694e-02  2.73884108e-03]

Residual before update:
[-4.32709936e-03 -4.38678454e-03 -4.06412130e-15 ... -7.87490226e-03
 -1.34787080e-02  2.73878215e-03]

Residual before update:
[-4.32708083e-03 -4.38676583e-03 -3.65592614e-15 ... -7.87490198e-03
 -1.34786588e-02  2.73881160e-03]

Residual before update:
[-4.32706766e-03 -4.38675256e-03 -3.38721891e-15 ... -7.87490163e-03
 -1.34786235e-02  2.73883072e-03]

Residual before update:
[-4.32705842e-03 -4.38674323e-03 -3.21266952e-15 ... -7.87490160e-03
 -1.34785990e-02  2.73884329e-03]

Residual before update:
[-3.37224010e-03 -3.40612661e-03 -1.55881378e-12 ... -8.04934546e-03
 -1.32215557e-02  2.56911668e-03]

Residual before update:
[-4.32704953e-03 -4.38673427e-03 -3.02468557e-15 ... -7.87490163e-03
 -1.34785745e-02  2.73885668e-03]

Residual before update:
[-4.32704851e-03 -4.38673326e-03 -2.99649609e-15 ... -7.87490146e-03
 -1.34785719e-02  2.73885829e-03]

Residual before update:
[-4.32704822e-03 -4.38673295e-03 -3.01125306e-15 ... -7.87490173e-03
 -1.34785698e-02  2.73885748e-03]

Residual before update:
[-4.32704945e-03 -4.38673418e-03 -3.02868238e-15 ... -7.87490101e-03
 -1.34785735e-02  2.73885573e-03]

Residual before update:
[-4.32705220e-03 -4.38673696e-03 -3.07728841e-15 ... -7.87490133e-03
 -1.34785799e-02  2.73885196e-03]

Residual before update:
[-4.32705518e-03 -4.38673998e-03 -3.17389531e-15 ... -7.87490181e-03
 -1.34785881e-02  2.73884533e-03]

Residual before update:
[-4.32705713e-03 -4.38674193e-03 -3.18064206e-15 ... -7.87490174e-03
 -1.34785932e-02  2.73884484e-03]

Residual before update:
[-4.32705790e-03 -4.38674272e-03 -3.19444698e-15 ... -7.87490153e-03
 -1.34785948e-02  2.73884353e-03]

Residual before update:
[-4.32705772e-03 -4.38674254e-03 -3.20395711e-15 ... -7.87490160e-03
 -1.34785943e-02  2.73884280e-03]

Residual before update:
[-4.25174588e-03 -4.32475075e-03  4.35586086e-12 ... -7.42535290e-03
 -1.38459430e-02  2.71327281e-03]

Residual before update:
[-4.32705696e-03 -4.38674177e-03 -3.18153629e-15 ... -7.87490173e-03
 -1.34785915e-02  2.73884420e-03]

Residual before update:
[-4.32705663e-03 -4.38674145e-03 -3.16761131e-15 ... -7.87490158e-03
 -1.34785908e-02  2.73884476e-03]

Residual before update:
[-4.32705553e-03 -4.38674032e-03 -3.16678160e-15 ... -7.87490186e-03
 -1.34785866e-02  2.73884505e-03]

Residual before update:
[-4.32705489e-03 -4.38673968e-03 -3.14662810e-15 ... -7.87490112e-03
 -1.34785855e-02  2.73884603e-03]

Residual before update:
[-4.32705503e-03 -4.38673983e-03 -3.14265936e-15 ... -7.87490143e-03
 -1.34785850e-02  2.73884605e-03]

Residual before update:
[-4.32705490e-03 -4.38673970e-03 -3.17670813e-15 ... -7.87490188e-03
 -1.34785849e-02  2.73884392e-03]

Residual before update:
[-4.32705523e-03 -4.38674003e-03 -3.15055049e-15 ... -7.87490179e-03
 -1.34785858e-02  2.73884583e-03]

Residual before update:
[-4.32705544e-03 -4.38674025e-03 -3.15303748e-15 ... -7.87490157e-03
 -1.34785859e-02  2.73884535e-03]

Residual before update:
[-4.32705538e-03 -4.38674018e-03 -3.16494607e-15 ... -7.87490164e-03
 -1.34785858e-02  2.73884444e-03]

Residual before update:
[-4.08570237e-03 -4.15367975e-03  3.68334984e-12 ... -7.50104964e-03
 -1.35908400e-02  2.70660114e-03]

Residual before update:
[-4.32705579e-03 -4.38674059e-03 -3.16614008e-15 ... -7.87490179e-03
 -1.34785860e-02  2.73884413e-03]

Residual before update:
[-4.32705613e-03 -4.38674096e-03 -3.16581429e-15 ... -7.87490164e-03
 -1.34785871e-02  2.73884371e-03]

Residual before update:
[-4.32705560e-03 -4.38674040e-03 -3.17665771e-15 ... -7.87490192e-03
 -1.34785843e-02  2.73884313e-03]

Residual before update:
[-4.32705536e-03 -4.38674015e-03 -3.16420818e-15 ... -7.87490119e-03
 -1.34785843e-02  2.73884358e-03]

Residual before update:
[-4.32705567e-03 -4.38674047e-03 -3.16374586e-15 ... -7.87490150e-03
 -1.34785842e-02  2.73884334e-03]

Residual before update:
[-4.32705546e-03 -4.38674028e-03 -3.19672373e-15 ... -7.87490195e-03
 -1.34785839e-02  2.73884126e-03]

Residual before update:
[-4.32705562e-03 -4.38674043e-03 -3.16668945e-15 ... -7.87490186e-03
 -1.34785844e-02  2.73884348e-03]

Residual before update:
[-4.32705563e-03 -4.38674044e-03 -3.16502195e-15 ... -7.87490164e-03
 -1.34785840e-02  2.73884330e-03]

Residual before update:
[-4.32705539e-03 -4.38674019e-03 -3.17330073e-15 ... -7.87490170e-03
 -1.34785833e-02  2.73884265e-03]

Residual before update:
[-4.05391268e-03 -4.12078359e-03  3.57317626e-12 ... -7.51693073e-03
 -1.34724645e-02  2.70748488e-03]
NaNs in component_non_med_pred at component 4

Residual before update:
[-4.32705559e-03 -4.38674039e-03 -3.17028954e-15 ... -7.87490185e-03
 -1.34785831e-02  2.73884265e-03]
NaNs in residual_incl_alpha[88, :]
NaN in mixture_alpha_mu: b_terms=[nan nan nan nan]
NaNs in self.residual at bs_iter=88
NaNs in un_normalized_lv_alpha_weights
NaN in normalizing_term
NaNs in component_non_med_pred at component 5

Residual before update:
[-4.32705591e-03 -4.38674074e-03 -3.16953095e-15 ... -7.87490170e-03
 -1.34785841e-02  2.73884225e-03]
NaNs in residual_incl_alpha[88, :]
NaNs in gene_weights for bs_iter=88
NaN in mixture_alpha_mu: b_terms=[nan nan nan nan]
NaNs in self.residual at bs_iter=88
NaNs in un_normalized_lv_alpha_weights
NaN in normalizing_term
NaNs in component_non_med_pred at component 6

Residual before update:
[-4.32705540e-03 -4.38674020e-03 -3.18100953e-15 ... -7.87490199e-03
 -1.34785813e-02  2.73884160e-03]
NaNs in residual_incl_alpha[19, :]
NaN in mixture_alpha_mu: b_terms=[nan nan nan nan]
NaNs in self.residual at bs_iter=19
NaNs in un_normalized_lv_alpha_weights
NaN in normalizing_term
NaNs in residual_incl_alpha[88, :]
NaNs in gene_weights for bs_iter=88
NaN in mixture_alpha_mu: b_terms=[nan nan nan nan]
NaNs in self.residual at bs_iter=88
NaNs in un_normalized_lv_alpha_weights
NaN in normalizing_term
NaNs in component_non_med_pred at component 7

Residual before update:
[-4.32705520e-03 -4.38674000e-03 -3.16932675e-15 ... -7.87490125e-03
 -1.34785814e-02  2.73884202e-03]
NaNs in residual_incl_alpha[19, :]
NaNs in gene_weights for bs_iter=19
NaN in mixture_alpha_mu: b_terms=[nan nan nan nan]
NaNs in self.residual at bs_iter=19
NaNs in un_normalized_lv_alpha_weights
NaN in normalizing_term
NaNs in residual_incl_alpha[88, :]
NaNs in gene_weights for bs_iter=88
NaN in mixture_alpha_mu: b_terms=[nan nan nan nan]
NaNs in self.residual at bs_iter=88
NaNs in un_normalized_lv_alpha_weights
NaN in normalizing_term
NaNs in component_non_med_pred at component 8

Residual before update:
[-4.32705557e-03 -4.38674038e-03 -3.17005611e-15 ... -7.87490156e-03
 -1.34785815e-02  2.73884169e-03]
NaNs in residual_incl_alpha[19, :]
NaNs in gene_weights for bs_iter=19
NaN in mixture_alpha_mu: b_terms=[nan nan nan nan]
NaNs in self.residual at bs_iter=19
NaNs in un_normalized_lv_alpha_weights
NaN in normalizing_term
NaNs in residual_incl_alpha[88, :]
NaNs in gene_weights for bs_iter=88
NaN in mixture_alpha_mu: b_terms=[nan nan nan nan]
NaNs in self.residual at bs_iter=88
NaNs in un_normalized_lv_alpha_weights
NaN in normalizing_term
NaNs in component_non_med_pred at component 9

Residual before update:
[-4.32705541e-03 -4.38674024e-03 -3.20428719e-15 ... -7.87490202e-03
 -1.34785813e-02  2.73883949e-03]
NaNs in residual_incl_alpha[19, :]
NaNs in gene_weights for bs_iter=19
NaN in mixture_alpha_mu: b_terms=[nan nan nan nan]
NaNs in self.residual at bs_iter=19
NaNs in un_normalized_lv_alpha_weights
NaN in normalizing_term
NaNs in residual_incl_alpha[88, :]
NaNs in gene_weights for bs_iter=88
NaN in mixture_alpha_mu: b_terms=[nan nan nan nan]
NaNs in self.residual at bs_iter=88
NaNs in un_normalized_lv_alpha_weights
NaN in normalizing_term
Compute pips
NaNs found in gene-tissue pair PIPs at indices: [0 1 2 3]
NaNs found in variant PIPs at indices: [   0    1    2 ... 7899 7900 7901]
NaNs found in gene PIPs at indices: [0 1]
###############################
TGFM
###############################
Initialize variables
Warning: 305 variants have NaN gwas_beta. Setting to 0 with large SE.
Iterative optimization

Residual before update:
[-0.01251517  0.00621702  0.00660937 ... -0.0019407  -0.00667501
  0.00427508]

Residual before update:
[-0.01251332  0.00626441  0.0066241  ... -0.00192615 -0.00656766
  0.00429998]

Residual before update:
[-0.01251378  0.00621701  0.00660933 ... -0.00194075 -0.00667505
  0.00427502]

Residual before update:
[-0.01251956  0.00621696  0.0066088  ... -0.00195143 -0.00669036
  0.00426475]

Residual before update:
[-0.01251239  0.006217    0.00660931 ... -0.0019408  -0.00667509
  0.00427497]

Residual before update:
[-0.0125117   0.006217    0.0066093  ... -0.00194082 -0.00667511
  0.00427494]

Residual before update:
[-0.01251101  0.006217    0.00660929 ... -0.00194084 -0.00667512
  0.00427492]

Residual before update:
[-0.01251031  0.00621699  0.00660928 ... -0.00194086 -0.00667513
  0.0042749 ]

Residual before update:
[-0.01250962  0.00621699  0.00660927 ... -0.00194088 -0.00667515
  0.00427487]

Residual before update:
[-0.01250892  0.00621699  0.00660926 ... -0.0019409  -0.00667516
  0.00427485]

Residual before update:
[-0.01250892  0.00621699  0.00660927 ... -0.0019409  -0.00667514
  0.00427486]

Residual before update:
[-0.01250265  0.00626434  0.00662777 ... -0.00192637 -0.00656778
  0.00429951]

Residual before update:
[-0.01250892  0.00621699  0.00660929 ... -0.00194089 -0.00667513
  0.00427487]

Residual before update:
[-0.01251961  0.00621705  0.00660881 ... -0.0019534  -0.00669005
  0.00426141]

Residual before update:
[-0.01250891  0.00621699  0.00660929 ... -0.00194088 -0.00667512
  0.00427487]

Residual before update:
[-0.01250891  0.00621699  0.00660929 ... -0.00194088 -0.00667512
  0.00427487]

Residual before update:
[-0.01250891  0.00621699  0.00660929 ... -0.00194088 -0.00667512
  0.00427487]

Residual before update:
[-0.01250891  0.00621699  0.00660929 ... -0.00194089 -0.00667512
  0.00427487]

Residual before update:
[-0.01250891  0.00621699  0.00660929 ... -0.00194089 -0.00667512
  0.00427487]

Residual before update:
[-0.01250891  0.00621699  0.00660929 ... -0.00194089 -0.00667512
  0.00427487]

Residual before update:
[-0.01250891  0.00621699  0.00660929 ... -0.00194089 -0.00667512
  0.00427487]

Residual before update:
[-0.01250697  0.0062643   0.00662644 ... -0.00192694 -0.00656713
  0.00429882]

Residual before update:
[-0.0125089   0.00621699  0.00660928 ... -0.00194089 -0.00667512
  0.00427487]

Residual before update:
[-0.01252103  0.00621712  0.00660885 ... -0.00195163 -0.00669216
  0.00426504]

Residual before update:
[-0.01250889  0.00621699  0.00660929 ... -0.00194089 -0.00667512
  0.00427487]

Residual before update:
[-0.01250889  0.00621699  0.00660929 ... -0.00194089 -0.00667512
  0.00427487]

Residual before update:
[-0.01250888  0.00621699  0.00660929 ... -0.00194089 -0.00667512
  0.00427487]

Residual before update:
[-0.01250888  0.00621699  0.00660929 ... -0.00194089 -0.00667512
  0.00427487]

Residual before update:
[-0.01250888  0.00621699  0.00660929 ... -0.00194089 -0.00667512
  0.00427487]

Residual before update:
[-0.01250887  0.00621699  0.00660929 ... -0.00194089 -0.00667512
  0.00427487]

Residual before update:
[-0.01250887  0.00621699  0.00660929 ... -0.00194089 -0.00667512
  0.00427487]

Residual before update:
[-0.01251269  0.00626457  0.00662574 ... -0.00192714 -0.00656658
  0.0042985 ]

Residual before update:
[-0.01250887  0.00621699  0.00660929 ... -0.00194089 -0.00667512
  0.00427487]

Residual before update:
[-0.0125212   0.00621716  0.00660886 ... -0.0019519  -0.00669213
  0.0042646 ]

Residual before update:
[-0.01250886  0.00621699  0.00660929 ... -0.00194089 -0.00667512
  0.00427487]

Residual before update:
[-0.01250886  0.00621699  0.00660929 ... -0.00194089 -0.00667512
  0.00427487]

Residual before update:
[-0.01250885  0.00621699  0.00660929 ... -0.00194089 -0.00667512
  0.00427487]

Residual before update:
[-0.01250885  0.00621699  0.00660929 ... -0.00194089 -0.00667512
  0.00427487]

Residual before update:
[-0.01250885  0.00621699  0.00660929 ... -0.00194089 -0.00667512
  0.00427487]

Residual before update:
[-0.01250884  0.00621699  0.00660929 ... -0.00194089 -0.00667512
  0.00427487]

Residual before update:
[-0.01250884  0.00621699  0.00660929 ... -0.00194089 -0.00667512
  0.00427487]

Residual before update:
[-0.01251332  0.00626404  0.00662556 ... -0.00192584 -0.00656603
  0.00429947]

Residual before update:
[-0.01250884  0.00621699  0.00660929 ... -0.00194089 -0.00667512
  0.00427487]

Residual before update:
[-0.01252144  0.00621718  0.00660887 ... -0.00195218 -0.00669226
  0.00426414]

Residual before update:
[-0.01250883  0.00621699  0.00660929 ... -0.00194089 -0.00667512
  0.00427487]

Residual before update:
[-0.01250883  0.00621699  0.00660929 ... -0.00194089 -0.00667512
  0.00427487]

Residual before update:
[-0.01250882  0.00621699  0.00660929 ... -0.00194089 -0.00667512
  0.00427487]

Residual before update:
[-0.01250882  0.00621699  0.00660929 ... -0.00194089 -0.00667512
  0.00427487]

Residual before update:
[-0.01250882  0.00621699  0.00660929 ... -0.00194089 -0.00667512
  0.00427487]

Residual before update:
[-0.01250881  0.00621699  0.00660929 ... -0.00194089 -0.00667512
  0.00427487]
Compute pips
###############################
TGFM
###############################
Initialize variables
Warning: 327 variants have NaN gwas_beta. Setting to 0 with large SE.
Iterative optimization

Residual before update:
[ 0.00449653  0.00255833  0.00340299 ... -0.01019796  0.00094857
  0.00427563]

Residual before update:
[ 0.00449424  0.00255351  0.00340077 ... -0.01022798  0.00093687
  0.00427319]

Residual before update:
[ 0.00447456  0.00255442  0.00337827 ... -0.01019869  0.00094314
  0.00422549]

Residual before update:
[ 0.00448223  0.00255587  0.00338693 ... -0.01019699  0.00094507
  0.00424331]

Residual before update:
[ 0.00454525  0.00215625  0.00343736 ... -0.01175696 -0.00494959
  0.00530527]

Residual before update:
[ 0.00448005  0.00255968  0.00338652 ... -0.01015853  0.00097462
  0.004289  ]

Residual before update:
[ 0.00449973  0.002563    0.00340671 ... -0.01019411  0.00094884
  0.00427216]

Residual before update:
[ 0.00449595  0.00255856  0.00340243 ... -0.01019178  0.00094853
  0.00427537]

Residual before update:
[ 0.00449338  0.00256016  0.00339955 ... -0.01019719  0.00094624
  0.00427503]

Residual before update:
[ 0.00460753  0.00252328  0.00353073 ... -0.01016376  0.00093407
  0.0042731 ]

Residual before update:
[ 0.00448949  0.00255501  0.00339574 ... -0.01020217  0.00094159
  0.00429423]

Residual before update:
[ 0.0045216   0.00259596  0.0034293  ... -0.01016983  0.00098401
  0.00423601]

Residual before update:
[ 0.00444027  0.00259188  0.003345   ... -0.01021258  0.00096933
  0.0043265 ]

Residual before update:
[ 0.00448943  0.00255628  0.0033949  ... -0.01019451  0.00094638
  0.00425469]

Residual before update:
[ 0.00515191  0.00438815  0.00395971 ... -0.00260188  0.01850522
  0.02101259]

Residual before update:
[ 0.00235526  0.00240548  0.00129527 ... -0.00859586 -0.0008068
  0.0032497 ]

Residual before update:
[ 6.74029815  1.18537664  7.60071153 ...  0.62242522  1.58933776
 16.01531863]

Residual before update:
[ 0.00449609  0.00255866  0.00340256 ... -0.01019006  0.00094854
  0.00427535]

Residual before update:
[ 0.00453902  0.00255951  0.00344584 ... -0.01019741  0.00095969
  0.00427911]

Residual before update:
[ 0.00545229  0.00261296  0.00444975 ... -0.01005193  0.00097824
  0.00439275]

Residual before update:
[ 0.00453453  0.00258983  0.0034463  ... -0.01019456  0.0009487
  0.00428671]

Residual before update:
[ 0.00451006  0.0025895   0.00341724 ... -0.0101792   0.00097617
  0.00427001]

Residual before update:
[ 0.00449578  0.00252897  0.00339654 ... -0.01019508  0.0009386
  0.00422238]

Residual before update:
[ 0.004488    0.00255709  0.0033934  ... -0.01019769  0.00094669
  0.00425635]

Residual before update:
[ 0.00514745  0.00438986  0.00393011 ... -0.00566347  0.01698511
  0.02012837]

Residual before update:
[ 0.00372936  0.00242824  0.00264562 ... -0.01039207 -0.0012959
  0.00248774]

Residual before update:
[ 6.7503808   1.19371401  7.61220363 ...  0.62333012  1.58937943
 16.01831703]

Residual before update:
[ 0.00449607  0.00255866  0.00340254 ... -0.01019003  0.00094854
  0.00427534]

Residual before update:
[ 0.00453972  0.00255947  0.00344662 ... -0.0101972   0.00095904
  0.00427903]

Residual before update:
[ 0.00522557  0.00267132  0.00419158 ... -0.01012372  0.00097169
  0.00434764]

Residual before update:
[ 0.00453419  0.00258976  0.00344592 ... -0.0101946   0.00094862
  0.00428594]

Residual before update:
[ 0.00451277  0.00259047  0.00342029 ... -0.01017854  0.00097625
  0.00427658]

Residual before update:
[ 0.00449261  0.00252878  0.00339311 ... -0.01019545  0.00093763
  0.0042132 ]

Residual before update:
[ 0.00449461  0.0025575   0.00340068 ... -0.01019399  0.00094775
  0.00426626]

Residual before update:
[ 0.00514905  0.00438998  0.00392944 ... -0.00588715  0.01685022
  0.02011288]

Residual before update:
[ 0.003815    0.0024276   0.00272973 ... -0.01053014 -0.00131363
  0.0024644 ]

Residual before update:
[ 6.75069169  1.19397109  7.61255798 ...  0.62335802  1.58938071
 16.01840949]

Residual before update:
[ 0.00449606  0.00255866  0.00340253 ... -0.01018999  0.00094854
  0.00427534]

Residual before update:
[ 0.00453837  0.00255943  0.00344527 ... -0.01019716  0.00095869
  0.00427895]

Residual before update:
[ 0.0052218   0.00266727  0.00418694 ... -0.01012069  0.00098429
  0.00434503]

Residual before update:
[ 0.00453414  0.00258972  0.00344586 ... -0.01019461  0.00094862
  0.0042859 ]

Residual before update:
[ 0.00451274  0.00259032  0.00342026 ... -0.01017865  0.00097612
  0.00427665]

Residual before update:
[ 0.00449111  0.00252883  0.00339149 ... -0.01019563  0.00093729
  0.00420963]

Residual before update:
[ 0.00450465  0.00256615  0.00341117 ... -0.01005746  0.00094943
  0.00427087]

Residual before update:
[ 0.00514916  0.00438999  0.00392939 ... -0.00590288  0.01684073
  0.02011179]

Residual before update:
[ 0.0038555   0.00242735  0.00276961 ... -0.01052924 -0.00130946
  0.00245626]

Residual before update:
[ 6.75070479  1.19398192  7.61257292 ...  0.6233592   1.58938077
 16.01841339]

Residual before update:
[ 0.00449606  0.00255866  0.00340253 ... -0.01018996  0.00094854
  0.00427534]

Residual before update:
[ 0.00453677  0.0025594   0.00344365 ... -0.01019717  0.00095838
  0.00427886]

Residual before update:
[ 0.00522177  0.00266727  0.0041869  ... -0.01012069  0.00098429
  0.00434503]
Compute pips
running alternative initialization
Initialize variables
Iterative optimization

Residual before update:
[-0.72694099  0.17981847 -0.71382618 ...  0.25889436  0.29164442
  0.1859682 ]

Residual before update:
[-0.67827482  0.1567441  -0.66684832 ...  0.21057389  0.21592791
  0.16552719]

Residual before update:
[-0.597666    0.13683405 -0.58737851 ... -0.10153028  0.0837359
 -0.10406422]

Residual before update:
[-0.50986321  0.12610427 -0.50070904 ... -0.12995332  0.05254172
 -0.11333138]

Residual before update:
[-0.41826132  0.1074865  -0.41065296 ... -0.15413667  0.03378793
 -0.13350655]

Residual before update:
[-0.33673525  0.08786824 -0.3308789  ... -0.07781579  0.0392891
 -0.05998452]

Residual before update:
[-0.24830959  0.06891297 -0.24400525 ... -0.10357262  0.01674251
 -0.08005696]

Residual before update:
[-0.16695066  0.0492537  -0.16433772 ... -0.06307675  0.0096029
 -0.03814893]

Residual before update:
[-0.07851086  0.03029435 -0.07745151 ... -0.08882118 -0.01299631
 -0.05822768]

Residual before update:
[-0.00259334  0.00319795 -0.00348146 ... -0.11993585 -0.04623671
 -0.08743359]

Residual before update:
[0.03060987 0.00670702 0.02964698 ... 0.00371854 0.03407301 0.00559228]

Residual before update:
[0.00642048 0.00434587 0.00493584 ... 0.27188647 0.10094888 0.25481355]

Residual before update:
[-8.59564235e-04 -4.84341732e-03 -2.34974094e-03 ... -1.16811110e-02
 -7.17348728e-05 -5.04432118e-03]

Residual before update:
[-0.00586754  0.00147967 -0.00701967 ... -0.0161148  -0.01255567
  0.00403949]

Residual before update:
[ 0.00425169  0.00248098  0.00330825 ... -0.11648408 -0.03652942
 -0.08959263]

Residual before update:
[-0.00269132  0.00181039 -0.00383375 ... -0.01434098 -0.00840197
  0.00405394]

Residual before update:
[ 0.00436761  0.00251074  0.00336441 ... -0.08056849 -0.02379621
 -0.05791483]

Residual before update:
[-0.00267944  0.00181162 -0.00382183 ... -0.0143344  -0.00838645
  0.00405395]

Residual before update:
[ 0.00992261  0.00995438  0.00917148 ... -0.00900387  0.00214532
  0.01313421]

Residual before update:
[ 0.00424676  0.00247144  0.00330158 ... -0.11574365 -0.03626769
 -0.08895046]

Residual before update:
[0.02960924 0.00516414 0.02856526 ... 0.00356481 0.03379981 0.00406879]

Residual before update:
[0.00540989 0.00279682 0.00384759 ... 0.27168936 0.10088691 0.25290736]

Residual before update:
[-7.51254204e-04 -4.84152992e-03 -2.24158684e-03 ... -1.16177984e-02
  7.82573925e-05 -5.05581406e-03]

Residual before update:
[-0.00587415  0.00146953 -0.0070268  ... -0.01611517 -0.01255575
  0.00402782]

Residual before update:
[ 0.00424504  0.00247083  0.00330111 ... -0.11649779 -0.03653421
 -0.08961606]

Residual before update:
[-0.00269793  0.00180024 -0.00384087 ... -0.01434236 -0.0084024
  0.00404138]

Residual before update:
[ 0.004361    0.0025006   0.00335729 ... -0.08056986 -0.02379663
 -0.05792739]

Residual before update:
[-0.00268605  0.00180148 -0.00382895 ... -0.01433578 -0.00838687
  0.00404139]

Residual before update:
[ 0.00992332  0.00995439  0.00917219 ... -0.00900346  0.00214631
  0.01313412]

Residual before update:
[ 0.00424748  0.00247145  0.00330229 ... -0.11574325 -0.03626671
 -0.08895055]

Residual before update:
[0.0296092  0.00516407 0.02856522 ... 0.00356479 0.03379982 0.0040687 ]

Residual before update:
[0.00540989 0.00279676 0.00384756 ... 0.27170168 0.10089128 0.25291815]

Residual before update:
[-7.51244746e-04 -4.84152866e-03 -2.24157852e-03 ... -1.16177995e-02
  7.82714435e-05 -5.05582261e-03]

Residual before update:
[-0.00587415  0.00146953 -0.0070268  ... -0.01611518 -0.01255574
  0.00402781]

Residual before update:
[ 0.004245    0.00247082  0.00330109 ... -0.11651012 -0.03653858
 -0.08962694]

Residual before update:
[-0.00269793  0.00180024 -0.00384087 ... -0.01434236 -0.00840239
  0.00404137]

Residual before update:
[ 0.004361    0.0025006   0.00335729 ... -0.08056986 -0.02379663
 -0.0579274 ]

Residual before update:
[-0.00268605  0.00180148 -0.00382895 ... -0.01433578 -0.00838687
  0.00404137]

Residual before update:
[ 0.00992332  0.00995439  0.00917219 ... -0.00900346  0.00214632
  0.01313411]

Residual before update:
[ 0.00424748  0.00247145  0.00330229 ... -0.11574325 -0.0362667
 -0.08895056]

Residual before update:
[0.0296092  0.00516407 0.02856522 ... 0.00356479 0.03379982 0.00406869]

Residual before update:
[0.00540993 0.00279677 0.00384758 ... 0.271714   0.10089565 0.25292902]

Residual before update:
[-7.51239927e-04 -4.84152749e-03 -2.24157482e-03 ... -1.16178034e-02
  7.82790711e-05 -5.05583066e-03]

Residual before update:
[-0.00587414  0.00146953 -0.00702679 ... -0.01611518 -0.01255573
  0.0040278 ]

Residual before update:
[ 0.00424497  0.00247081  0.00330107 ... -0.11652245 -0.03654294
 -0.08963782]

Residual before update:
[-0.00269793  0.00180024 -0.00384087 ... -0.01434237 -0.00840238
  0.00404136]

Residual before update:
[ 0.00436101  0.0025006   0.00335729 ... -0.08056986 -0.02379662
 -0.0579274 ]

Residual before update:
[-0.00268604  0.00180148 -0.00382895 ... -0.01433578 -0.00838686
  0.00404137]

Residual before update:
[ 0.00992333  0.00995439  0.00917219 ... -0.00900347  0.00214633
  0.0131341 ]

Residual before update:
[ 0.00424748  0.00247145  0.00330229 ... -0.11574326 -0.03626669
 -0.08895057]
Compute pips
###############################
TGFM
###############################
Initialize variables
Warning: 363 variants have NaN gwas_beta. Setting to 0 with large SE.
Iterative optimization

Residual before update:
[-0.00037724  0.00311852  0.00822281 ...  0.00542816 -0.00213998
 -0.00111725]

Residual before update:
[-0.00037725  0.00311846  0.00822276 ...  0.00542815 -0.00213996
 -0.00111723]

Residual before update:
[-0.00037737  0.00311871  0.00822404 ...  0.00542834 -0.0021399
 -0.00111717]

Residual before update:
[-0.00037727  0.00311833  0.00822266 ...  0.00542813 -0.00213993
 -0.00111719]

Residual before update:
[-0.00037728  0.00311827  0.00822261 ...  0.00542811 -0.00213991
 -0.00111717]

Residual before update:
[-0.00037729  0.0031182   0.00822256 ...  0.0054281  -0.00213989
 -0.00111716]

Residual before update:
[-0.0003773   0.00311814  0.00822252 ...  0.00542809 -0.00213987
 -0.00111714]

Residual before update:
[-0.00037731  0.00311808  0.00822247 ...  0.00542808 -0.00213985
 -0.00111712]

Residual before update:
[-0.00037732  0.00311803  0.00822242 ...  0.00542806 -0.00213983
 -0.0011171 ]

Residual before update:
[-0.00037733  0.00311797  0.00822238 ...  0.00542805 -0.00213981
 -0.00111708]

Residual before update:
[-0.00037732  0.00311797  0.00822238 ...  0.00542805 -0.00213981
 -0.00111708]

Residual before update:
[-0.00037732  0.00311798  0.00822239 ...  0.00542805 -0.00213981
 -0.00111708]

Residual before update:
[-0.00037407  0.00312102  0.00823134 ...  0.00542874 -0.00213856
 -0.00111586]

Residual before update:
[-0.00037732  0.00311799  0.00822239 ...  0.00542805 -0.00213981
 -0.00111708]

Residual before update:
[-0.00037732  0.00311799  0.0082224  ...  0.00542805 -0.00213981
 -0.00111708]

Residual before update:
[-0.00037732  0.003118    0.0082224  ...  0.00542805 -0.00213981
 -0.00111708]

Residual before update:
[-0.00037732  0.003118    0.0082224  ...  0.00542805 -0.00213981
 -0.00111708]

Residual before update:
[-0.00037732  0.003118    0.0082224  ...  0.00542805 -0.00213981
 -0.00111708]

Residual before update:
[-0.00037732  0.003118    0.0082224  ...  0.00542805 -0.00213981
 -0.00111708]

Residual before update:
[-0.00037732  0.003118    0.0082224  ...  0.00542805 -0.00213981
 -0.00111708]

Residual before update:
[-0.00037732  0.003118    0.0082224  ...  0.00542805 -0.00213981
 -0.00111708]

Residual before update:
[-0.00037732  0.003118    0.0082224  ...  0.00542805 -0.00213981
 -0.00111708]

Residual before update:
[-0.0003739   0.00312169  0.00823258 ...  0.00542892 -0.00213889
 -0.00111619]

Residual before update:
[-0.00037732  0.003118    0.0082224  ...  0.00542805 -0.00213981
 -0.00111708]

Residual before update:
[-0.00037732  0.003118    0.0082224  ...  0.00542805 -0.00213981
 -0.00111708]

Residual before update:
[-0.00037732  0.003118    0.0082224  ...  0.00542805 -0.00213981
 -0.00111708]

Residual before update:
[-0.00037732  0.003118    0.0082224  ...  0.00542805 -0.00213981
 -0.00111708]

Residual before update:
[-0.00037732  0.003118    0.0082224  ...  0.00542805 -0.00213981
 -0.00111708]

Residual before update:
[-0.00037732  0.003118    0.0082224  ...  0.00542805 -0.00213981
 -0.00111708]

Residual before update:
[-0.00037732  0.003118    0.0082224  ...  0.00542805 -0.00213981
 -0.00111708]

Residual before update:
[-0.00037732  0.003118    0.0082224  ...  0.00542805 -0.00213981
 -0.00111708]

Residual before update:
[-0.00037732  0.003118    0.0082224  ...  0.00542805 -0.00213981
 -0.00111708]

Residual before update:
[-0.000374    0.00312183  0.00823243 ...  0.00542897 -0.00213885
 -0.00111615]

Residual before update:
[-0.00037732  0.003118    0.0082224  ...  0.00542805 -0.00213981
 -0.00111708]

Residual before update:
[-0.00037732  0.003118    0.0082224  ...  0.00542805 -0.00213981
 -0.00111708]

Residual before update:
[-0.00037732  0.003118    0.0082224  ...  0.00542805 -0.00213981
 -0.00111708]

Residual before update:
[-0.00037732  0.003118    0.0082224  ...  0.00542805 -0.00213981
 -0.00111708]

Residual before update:
[-0.00037732  0.003118    0.0082224  ...  0.00542805 -0.00213981
 -0.00111708]

Residual before update:
[-0.00037732  0.00311799  0.0082224  ...  0.00542805 -0.00213981
 -0.00111708]

Residual before update:
[-0.00037732  0.00311799  0.0082224  ...  0.00542805 -0.00213981
 -0.00111708]

Residual before update:
[-0.00037732  0.00311799  0.0082224  ...  0.00542805 -0.00213981
 -0.00111708]

Residual before update:
[-0.00037732  0.00311799  0.0082224  ...  0.00542805 -0.00213981
 -0.00111708]

Residual before update:
[-0.00037401  0.00312193  0.00823248 ...  0.005429   -0.00213881
 -0.00111612]

Residual before update:
[-0.00037732  0.00311799  0.0082224  ...  0.00542805 -0.00213981
 -0.00111708]

Residual before update:
[-0.00037732  0.00311799  0.0082224  ...  0.00542805 -0.00213981
 -0.00111708]

Residual before update:
[-0.00037732  0.00311799  0.0082224  ...  0.00542805 -0.00213981
 -0.00111708]

Residual before update:
[-0.00037732  0.00311799  0.0082224  ...  0.00542805 -0.00213981
 -0.00111708]

Residual before update:
[-0.00037732  0.00311799  0.0082224  ...  0.00542805 -0.00213981
 -0.00111708]

Residual before update:
[-0.00037732  0.00311799  0.0082224  ...  0.00542805 -0.00213981
 -0.00111708]

Residual before update:
[-0.00037732  0.00311799  0.0082224  ...  0.00542805 -0.00213981
 -0.00111708]
Compute pips
###############################
TGFM
###############################
Initialize variables
Warning: 403 variants have NaN gwas_beta. Setting to 0 with large SE.
Iterative optimization

Residual before update:
[ 0.00499255  0.00668744 -0.00736156 ...  0.00186882  0.00570762
  0.00671309]

Residual before update:
[ 0.00499251  0.00668711 -0.00736155 ...  0.00186884  0.00570779
  0.0067134 ]

Residual before update:
[ 0.00499248  0.00668678 -0.00736155 ...  0.00186886  0.00570795
  0.00671371]

Residual before update:
[ 0.00499245  0.00668645 -0.00736154 ...  0.00186889  0.00570812
  0.00671402]

Residual before update:
[ 0.00499242  0.00668611 -0.00736154 ...  0.00186891  0.00570829
  0.00671433]

Residual before update:
[ 0.00499238  0.00668578 -0.00736154 ...  0.00186893  0.00570845
  0.00671464]

Residual before update:
[ 0.00499235  0.00668545 -0.00736153 ...  0.00186895  0.00570862
  0.00671494]

Residual before update:
[ 0.00499232  0.00668512 -0.00736153 ...  0.00186897  0.00570878
  0.00671525]

Residual before update:
[ 0.00499229  0.00668479 -0.00736152 ...  0.001869    0.00570895
  0.00671555]

Residual before update:
[ 0.00499225  0.00668446 -0.00736152 ...  0.00186902  0.00570911
  0.00671586]

Residual before update:
[ 0.00499225  0.00668446 -0.00736152 ...  0.00186902  0.00570911
  0.00671585]

Residual before update:
[ 0.00499225  0.00668446 -0.00736152 ...  0.00186902  0.00570911
  0.00671585]

Residual before update:
[ 0.00499225  0.00668446 -0.00736152 ...  0.00186902  0.0057091
  0.00671584]

Residual before update:
[ 0.00499225  0.00668446 -0.00736152 ...  0.00186902  0.0057091
  0.00671584]

Residual before update:
[ 0.00499225  0.00668446 -0.00736152 ...  0.00186902  0.0057091
  0.00671584]

Residual before update:
[ 0.00499225  0.00668446 -0.00736152 ...  0.00186902  0.0057091
  0.00671583]

Residual before update:
[ 0.00499225  0.00668446 -0.00736152 ...  0.00186902  0.0057091
  0.00671583]

Residual before update:
[ 0.00499225  0.00668446 -0.00736152 ...  0.00186902  0.0057091
  0.00671583]

Residual before update:
[ 0.00499225  0.00668446 -0.00736152 ...  0.00186902  0.0057091
  0.00671583]

Residual before update:
[ 0.00499225  0.00668446 -0.00736152 ...  0.00186902  0.0057091
  0.00671583]

Residual before update:
[ 0.00499225  0.00668446 -0.00736152 ...  0.00186902  0.0057091
  0.00671583]

Residual before update:
[ 0.00499225  0.00668446 -0.00736152 ...  0.00186902  0.0057091
  0.00671583]

Residual before update:
[ 0.00499225  0.00668445 -0.00736152 ...  0.00186902  0.0057091
  0.00671583]

Residual before update:
[ 0.00499225  0.00668445 -0.00736152 ...  0.00186902  0.0057091
  0.00671584]

Residual before update:
[ 0.00499225  0.00668445 -0.00736152 ...  0.00186902  0.0057091
  0.00671584]

Residual before update:
[ 0.00499225  0.00668445 -0.00736152 ...  0.00186902  0.0057091
  0.00671584]

Residual before update:
[ 0.00499225  0.00668445 -0.00736152 ...  0.00186902  0.0057091
  0.00671584]

Residual before update:
[ 0.00499225  0.00668445 -0.00736152 ...  0.00186902  0.0057091
  0.00671584]

Residual before update:
[ 0.00499225  0.00668445 -0.00736152 ...  0.00186902  0.0057091
  0.00671584]

Residual before update:
[ 0.00499225  0.00668445 -0.00736152 ...  0.00186902  0.0057091
  0.00671584]

Residual before update:
[ 0.00499225  0.00668445 -0.00736152 ...  0.00186902  0.0057091
  0.00671584]

Residual before update:
[ 0.00499225  0.00668445 -0.00736152 ...  0.00186902  0.0057091
  0.00671584]

Residual before update:
[ 0.00499225  0.00668445 -0.00736152 ...  0.00186902  0.0057091
  0.00671584]

Residual before update:
[ 0.00499225  0.00668445 -0.00736152 ...  0.00186902  0.0057091
  0.00671584]

Residual before update:
[ 0.00499225  0.00668445 -0.00736152 ...  0.00186902  0.0057091
  0.00671584]

Residual before update:
[ 0.00499225  0.00668444 -0.00736152 ...  0.00186902  0.00570911
  0.00671584]

Residual before update:
[ 0.00499225  0.00668444 -0.00736152 ...  0.00186902  0.00570911
  0.00671584]

Residual before update:
[ 0.00499225  0.00668444 -0.00736152 ...  0.00186902  0.0057091
  0.00671585]

Residual before update:
[ 0.00499225  0.00668444 -0.00736152 ...  0.00186902  0.00570911
  0.00671585]

Residual before update:
[ 0.00499225  0.00668444 -0.00736152 ...  0.00186902  0.00570911
  0.00671585]

Residual before update:
[ 0.00499225  0.00668444 -0.00736152 ...  0.00186902  0.00570911
  0.00671585]

Residual before update:
[ 0.00499225  0.00668444 -0.00736152 ...  0.00186902  0.00570911
  0.00671585]

Residual before update:
[ 0.00499225  0.00668444 -0.00736152 ...  0.00186902  0.00570911
  0.00671585]

Residual before update:
[ 0.00499225  0.00668444 -0.00736152 ...  0.00186902  0.00570911
  0.00671585]

Residual before update:
[ 0.00499225  0.00668444 -0.00736152 ...  0.00186902  0.00570911
  0.00671585]

Residual before update:
[ 0.00499225  0.00668444 -0.00736152 ...  0.00186902  0.00570911
  0.00671585]

Residual before update:
[ 0.00499225  0.00668444 -0.00736152 ...  0.00186902  0.00570911
  0.00671585]

Residual before update:
[ 0.00499225  0.00668443 -0.00736152 ...  0.00186902  0.00570911
  0.00671585]

Residual before update:
[ 0.00499225  0.00668443 -0.00736152 ...  0.00186902  0.00570911
  0.00671585]

Residual before update:
[ 0.00499225  0.00668443 -0.00736152 ...  0.00186902  0.00570911
  0.00671585]
Compute pips
###############################
TGFM
###############################
Initialize variables
Warning: 404 variants have NaN gwas_beta. Setting to 0 with large SE.
Iterative optimization

Residual before update:
[ 0.00758312 -0.00438338 -0.00430561 ... -0.00418278 -0.00220425
 -0.00856284]

Residual before update:
[ 0.00758542 -0.00438072 -0.00430448 ... -0.00417918 -0.00220093
 -0.00856227]

Residual before update:
[ 0.00758366 -0.00438135 -0.00430449 ... -0.00417917 -0.00220131
 -0.00856238]

Residual before update:
[ 0.00758363 -0.00438135 -0.00430448 ... -0.00417914 -0.00220131
 -0.00856237]

Residual before update:
[ 0.00758359 -0.00438134 -0.00430447 ... -0.00417911 -0.00220131
 -0.00856236]

Residual before update:
[ 0.00758356 -0.00438133 -0.00430446 ... -0.00417908 -0.00220131
 -0.00856236]

Residual before update:
[ 0.00758352 -0.00438133 -0.00430446 ... -0.00417905 -0.00220132
 -0.00856236]

Residual before update:
[ 0.00758348 -0.00438132 -0.00430446 ... -0.00417902 -0.00220132
 -0.00856235]

Residual before update:
[ 0.00758345 -0.00438131 -0.00430445 ... -0.004179   -0.00220132
 -0.00856235]

Residual before update:
[ 0.00758341 -0.0043813  -0.00430445 ... -0.00417897 -0.00220132
 -0.00856235]

Residual before update:
[ 0.0075828  -0.00438331 -0.00430555 ... -0.00418252 -0.00220426
 -0.0085628 ]

Residual before update:
[ 0.00751404 -0.00440815 -0.00430662 ... -0.00418404 -0.00221882
 -0.0085677 ]

Residual before update:
[ 0.00758341 -0.00438126 -0.00430445 ... -0.00417891 -0.00220126
 -0.00856235]

Residual before update:
[ 0.00758341 -0.00438126 -0.00430445 ... -0.00417892 -0.00220127
 -0.00856236]

Residual before update:
[ 0.00758341 -0.00438126 -0.00430445 ... -0.00417892 -0.00220127
 -0.00856235]

Residual before update:
[ 0.00758341 -0.00438126 -0.00430445 ... -0.00417891 -0.00220127
 -0.00856235]

Residual before update:
[ 0.00758341 -0.00438126 -0.00430444 ... -0.00417891 -0.00220126
 -0.00856235]

Residual before update:
[ 0.00758341 -0.00438126 -0.00430444 ... -0.00417891 -0.00220126
 -0.00856235]

Residual before update:
[ 0.00758341 -0.00438126 -0.00430444 ... -0.00417891 -0.00220126
 -0.00856235]

Residual before update:
[ 0.00758342 -0.00438126 -0.00430443 ... -0.0041789  -0.00220126
 -0.00856235]

Residual before update:
[ 0.0075828  -0.00438331 -0.00430556 ... -0.00418253 -0.00220427
 -0.0085628 ]

Residual before update:
[ 0.0075127  -0.00440816 -0.00430661 ... -0.00418147 -0.0022187
 -0.00856792]

Residual before update:
[ 0.00758342 -0.00438125 -0.00430444 ... -0.00417889 -0.00220125
 -0.00856235]

Residual before update:
[ 0.00758341 -0.00438125 -0.00430444 ... -0.0041789  -0.00220125
 -0.00856235]

Residual before update:
[ 0.00758341 -0.00438125 -0.00430444 ... -0.0041789  -0.00220125
 -0.00856235]

Residual before update:
[ 0.00758341 -0.00438125 -0.00430444 ... -0.0041789  -0.00220126
 -0.00856235]

Residual before update:
[ 0.00758341 -0.00438125 -0.00430444 ... -0.0041789  -0.00220126
 -0.00856235]

Residual before update:
[ 0.00758341 -0.00438125 -0.00430444 ... -0.0041789  -0.00220125
 -0.00856235]

Residual before update:
[ 0.00758341 -0.00438125 -0.00430444 ... -0.0041789  -0.00220125
 -0.00856235]

Residual before update:
[ 0.00758341 -0.00438125 -0.00430444 ... -0.00417889 -0.00220125
 -0.00856235]

Residual before update:
[ 0.00758279 -0.00438331 -0.00430556 ... -0.00418253 -0.00220427
 -0.00856281]

Residual before update:
[ 0.00751169 -0.00440852 -0.00430662 ... -0.00418146 -0.00221891
 -0.00856799]

Residual before update:
[ 0.00758341 -0.00438129 -0.00430447 ... -0.00417894 -0.00220134
 -0.00856235]

Residual before update:
[ 0.00758341 -0.00438129 -0.00430447 ... -0.00417894 -0.00220134
 -0.00856235]

Residual before update:
[ 0.00758341 -0.00438129 -0.00430447 ... -0.00417894 -0.00220134
 -0.00856235]

Residual before update:
[ 0.00758341 -0.00438129 -0.00430447 ... -0.00417894 -0.00220134
 -0.00856235]

Residual before update:
[ 0.00758341 -0.00438129 -0.00430447 ... -0.00417894 -0.00220134
 -0.00856235]

Residual before update:
[ 0.00758341 -0.00438129 -0.00430447 ... -0.00417894 -0.00220134
 -0.00856235]

Residual before update:
[ 0.00758341 -0.00438129 -0.00430447 ... -0.00417893 -0.00220134
 -0.00856235]

Residual before update:
[ 0.00758341 -0.00438129 -0.00430447 ... -0.00417893 -0.00220134
 -0.00856235]

Residual before update:
[ 0.00758279 -0.00438331 -0.00430556 ... -0.00418252 -0.00220427
 -0.0085628 ]

Residual before update:
[ 0.00751068 -0.00440888 -0.00430664 ... -0.00418144 -0.00221912
 -0.00856806]

Residual before update:
[ 0.00758341 -0.0043813  -0.00430448 ... -0.00417895 -0.00220137
 -0.00856235]

Residual before update:
[ 0.00758341 -0.0043813  -0.00430448 ... -0.00417895 -0.00220137
 -0.00856235]

Residual before update:
[ 0.00758341 -0.0043813  -0.00430448 ... -0.00417895 -0.00220137
 -0.00856235]

Residual before update:
[ 0.00758341 -0.0043813  -0.00430448 ... -0.00417895 -0.00220137
 -0.00856235]

Residual before update:
[ 0.00758341 -0.0043813  -0.00430448 ... -0.00417895 -0.00220137
 -0.00856235]

Residual before update:
[ 0.00758341 -0.0043813  -0.00430448 ... -0.00417895 -0.00220137
 -0.00856235]

Residual before update:
[ 0.00758341 -0.0043813  -0.00430448 ... -0.00417895 -0.00220137
 -0.00856235]

Residual before update:
[ 0.00758341 -0.0043813  -0.00430448 ... -0.00417894 -0.00220137
 -0.00856235]
Compute pips
###############################
TGFM
###############################
Initialize variables
Warning: 389 variants have NaN gwas_beta. Setting to 0 with large SE.
Iterative optimization

Residual before update:
[-3.26944255e-03 -4.61436966e-05  6.22939904e-04 ...  4.84113297e-03
  0.00000000e+00  4.47539570e-03]

Residual before update:
[-3.26929790e-03 -4.60910256e-05  6.22991500e-04 ...  4.84204923e-03
  1.45453257e-14  4.47569728e-03]

Residual before update:
[-3.26930109e-03 -4.59922901e-05  6.23105836e-04 ...  4.84201012e-03
  1.46038675e-14  4.47571549e-03]

Residual before update:
[-3.35317091e-03 -6.21507544e-05  5.98489721e-04 ...  4.72896156e-03
  2.96247151e-13  4.49443544e-03]

Residual before update:
[-3.95232958e-03 -9.76759654e-05  5.98117733e-04 ...  4.82625921e-03
 -1.28509719e-13  4.46363387e-03]

Residual before update:
[-3.26931709e-03 -4.59737832e-05  6.23138913e-04 ...  4.84187980e-03
  1.47606658e-14  4.47574401e-03]

Residual before update:
[-3.26932329e-03 -4.59421534e-05  6.23175899e-04 ...  4.84182101e-03
  1.48085994e-14  4.47574997e-03]

Residual before update:
[-3.26933422e-03 -4.60335964e-05  6.23072319e-04 ...  4.84180404e-03
  1.49637547e-14  4.47574123e-03]

Residual before update:
[-3.26931898e-03 -4.59558880e-05  6.23162120e-04 ...  4.84175743e-03
  1.48041710e-14  4.47578190e-03]

Residual before update:
[-3.26931912e-03 -4.60657426e-05  6.23054060e-04 ...  4.84179754e-03
  1.44769528e-14  4.47580112e-03]

Residual before update:
[-3.26950736e-03 -4.61095213e-05  6.23011651e-04 ...  4.84075237e-03
  2.76413714e-16  4.47545821e-03]

Residual before update:
[-3.26926362e-03 -4.59608863e-05  6.23148900e-04 ...  4.84174096e-03
  1.48779630e-14  4.47580011e-03]

Residual before update:
[-3.26932878e-03 -4.60207587e-05  6.23086607e-04 ...  4.84173445e-03
  1.48134443e-14  4.47578931e-03]

Residual before update:
[-3.18492891e-03 -2.20083250e-05  6.51267587e-04 ...  4.96670571e-03
  2.77245887e-13  4.53938137e-03]

Residual before update:
[-3.95232539e-03 -1.06712082e-04  5.88884005e-04 ...  4.82436395e-03
 -1.28455784e-13  4.45927189e-03]

Residual before update:
[-3.26933616e-03 -4.60619329e-05  6.23049003e-04 ...  4.84172364e-03
  1.50361808e-14  4.47578011e-03]

Residual before update:
[-3.26933647e-03 -4.59960557e-05  6.23121646e-04 ...  4.84170487e-03
  1.51162583e-14  4.47577894e-03]

Residual before update:
[-3.26934543e-03 -4.61255664e-05  6.22973461e-04 ...  4.84174261e-03
  1.53554060e-14  4.47575269e-03]

Residual before update:
[-3.26932076e-03 -4.59769876e-05  6.23139885e-04 ...  4.84173190e-03
  1.51077340e-14  4.47579651e-03]

Residual before update:
[-3.26931751e-03 -4.60512868e-05  6.23069081e-04 ...  4.84180573e-03
  1.48151149e-14  4.47580836e-03]

Residual before update:
[-3.26950757e-03 -4.61062631e-05  6.23015138e-04 ...  4.84074732e-03
  2.82880029e-16  4.47546045e-03]

Residual before update:
[-3.26925702e-03 -4.58899699e-05  6.23229160e-04 ...  4.84174292e-03
  1.49888756e-14  4.47580837e-03]

Residual before update:
[-3.26932839e-03 -4.59868233e-05  6.23125303e-04 ...  4.84173521e-03
  1.48932342e-14  4.47579393e-03]

Residual before update:
[-3.25604802e-03 -6.49415443e-05  6.05976775e-04 ...  4.85805418e-03
  2.75122789e-13  4.52542269e-03]

Residual before update:
[-3.94929472e-03 -1.09911116e-04  5.83516426e-04 ...  4.82696869e-03
 -1.38136111e-13  4.45939871e-03]

Residual before update:
[-3.26933656e-03 -4.60779851e-05  6.23030742e-04 ...  4.84172097e-03
  1.50681267e-14  4.47578123e-03]

Residual before update:
[-3.26933669e-03 -4.60032905e-05  6.23113569e-04 ...  4.84170121e-03
  1.51572416e-14  4.47578138e-03]

Residual before update:
[-3.26967023e-03 -5.38387958e-05  6.14329803e-04 ...  4.84209147e-03
  1.56112840e-14  4.47444234e-03]

Residual before update:
[-3.26932114e-03 -4.59891969e-05  6.23126159e-04 ...  4.84172928e-03
  1.51457918e-14  4.47579790e-03]

Residual before update:
[-3.26931784e-03 -4.60511669e-05  6.23069291e-04 ...  4.84180035e-03
  1.48685097e-14  4.47581104e-03]

Residual before update:
[-3.26950820e-03 -4.61074766e-05  6.23014003e-04 ...  4.84073957e-03
  2.80140040e-16  4.47546247e-03]

Residual before update:
[-3.26925712e-03 -4.58590861e-05  6.23264259e-04 ...  4.84171326e-03
  1.46279457e-14  4.47581874e-03]

Residual before update:
[-3.26933141e-03 -4.59628587e-05  6.23152759e-04 ...  4.84170603e-03
  1.45256140e-14  4.47580325e-03]

Residual before update:
[-3.30037490e-03 -8.43124196e-05  5.86551429e-04 ...  4.78128453e-03
  2.51884239e-13  4.50041719e-03]

Residual before update:
[-3.94969900e-03 -1.16468567e-04  5.76332063e-04 ...  4.82716099e-03
 -1.31575984e-13  4.45792814e-03]

Residual before update:
[-3.26934019e-03 -4.60868948e-05  6.23020786e-04 ...  4.84169019e-03
  1.46738015e-14  4.47578802e-03]

Residual before update:
[-3.26934031e-03 -4.60128051e-05  6.23102963e-04 ...  4.84166936e-03
  1.47617463e-14  4.47578858e-03]

Residual before update:
[-3.27042816e-03 -6.80710956e-05  5.98447233e-04 ...  4.84160426e-03
  1.19364665e-15  4.47166892e-03]

Residual before update:
[-3.26932472e-03 -4.60014804e-05  6.23112358e-04 ...  4.84169894e-03
  1.47490472e-14  4.47580441e-03]

Residual before update:
[-3.26932136e-03 -4.60532903e-05  6.23067089e-04 ...  4.84176797e-03
  1.44824729e-14  4.47581884e-03]

Residual before update:
[-3.26950890e-03 -4.61110206e-05  6.23010344e-04 ...  4.84073226e-03
  2.78036991e-16  4.47546401e-03]

Residual before update:
[-3.26925695e-03 -4.58509488e-05  6.23273649e-04 ...  4.84170137e-03
  1.45291679e-14  4.47582271e-03]

Residual before update:
[-3.26933241e-03 -4.59541664e-05  6.23162860e-04 ...  4.84169475e-03
  1.44265511e-14  4.47580696e-03]

Residual before update:
[-3.29608050e-03 -8.07829900e-05  5.90609040e-04 ...  4.78631773e-03
  2.49129082e-13  4.49887356e-03]

Residual before update:
[-3.95006953e-03 -1.21899164e-04  5.70360165e-04 ...  4.82732605e-03
 -1.26000389e-13  4.45654801e-03]

Residual before update:
[-3.26934158e-03 -4.60895935e-05  6.23018040e-04 ...  4.84167772e-03
  1.45678307e-14  4.47579085e-03]

Residual before update:
[-3.26934189e-03 -4.60230261e-05  6.23091627e-04 ...  4.84165549e-03
  1.46473513e-14  4.47579118e-03]

Residual before update:
[-3.27105086e-03 -8.18024485e-05  5.83102536e-04 ...  4.84190377e-03
  1.41487152e-15  4.46930835e-03]

Residual before update:
[-3.26932620e-03 -4.60115285e-05  6.23101154e-04 ...  4.84168651e-03
  1.46351341e-14  4.47580665e-03]

Residual before update:
[-3.26932288e-03 -4.60578160e-05  6.23062294e-04 ...  4.84175392e-03
  1.43736249e-14  4.47582203e-03]
Compute pips
###############################
TGFM
###############################
Initialize variables
Warning: 411 variants have NaN gwas_beta. Setting to 0 with large SE.
Iterative optimization

Residual before update:
[-0.00814684 -0.00126714  0.00228637 ... -0.0009967  -0.00256975
  0.00312143]

Residual before update:
[-0.00814684 -0.00126711  0.00228637 ... -0.00099671 -0.00256975
  0.00312145]

Residual before update:
[-0.00814683 -0.00126709  0.00228637 ... -0.00099672 -0.00256974
  0.00312147]

Residual before update:
[-0.00814683 -0.00126706  0.00228637 ... -0.00099672 -0.00256974
  0.00312149]

Residual before update:
[-0.00814682 -0.00126703  0.00228637 ... -0.00099673 -0.00256973
  0.00312151]

Residual before update:
[-0.00814682 -0.001267    0.00228637 ... -0.00099673 -0.00256973
  0.00312153]

Residual before update:
[-0.00814681 -0.00126698  0.00228637 ... -0.00099674 -0.00256973
  0.00312155]

Residual before update:
[-0.00814681 -0.00126695  0.00228638 ... -0.00099674 -0.00256972
  0.00312157]

Residual before update:
[-0.0081468  -0.00126692  0.00228638 ... -0.00099675 -0.00256972
  0.00312159]

Residual before update:
[-0.0081468  -0.00126689  0.00228638 ... -0.00099676 -0.00256972
  0.00312161]

Residual before update:
[-0.0081468  -0.00126689  0.00228638 ... -0.00099676 -0.00256972
  0.00312161]

Residual before update:
[-0.0081468  -0.00126689  0.00228638 ... -0.00099676 -0.00256972
  0.00312161]

Residual before update:
[-0.0081468  -0.00126689  0.00228638 ... -0.00099676 -0.00256972
  0.00312161]

Residual before update:
[-0.0081468  -0.00126689  0.00228638 ... -0.00099676 -0.00256972
  0.00312161]

Residual before update:
[-0.0081468  -0.00126689  0.00228638 ... -0.00099676 -0.00256972
  0.00312161]

Residual before update:
[-0.0081468  -0.00126689  0.00228638 ... -0.00099676 -0.00256972
  0.00312161]

Residual before update:
[-0.0081468  -0.00126689  0.00228638 ... -0.00099676 -0.00256972
  0.00312161]

Residual before update:
[-0.0081468  -0.00126689  0.00228638 ... -0.00099676 -0.00256972
  0.00312161]

Residual before update:
[-0.0081468  -0.00126689  0.00228638 ... -0.00099676 -0.00256972
  0.00312161]

Residual before update:
[-0.0081468  -0.00126689  0.00228638 ... -0.00099676 -0.00256972
  0.00312161]

Residual before update:
[-0.0081468  -0.00126689  0.00228638 ... -0.00099676 -0.00256972
  0.00312161]

Residual before update:
[-0.0081468  -0.00126689  0.00228638 ... -0.00099676 -0.00256972
  0.00312161]

Residual before update:
[-0.0081468  -0.00126689  0.00228638 ... -0.00099676 -0.00256972
  0.00312161]

Residual before update:
[-0.0081468  -0.00126689  0.00228638 ... -0.00099676 -0.00256972
  0.00312161]

Residual before update:
[-0.0081468  -0.00126689  0.00228638 ... -0.00099676 -0.00256972
  0.00312161]

Residual before update:
[-0.0081468  -0.00126689  0.00228638 ... -0.00099676 -0.00256972
  0.00312161]

Residual before update:
[-0.0081468  -0.00126689  0.00228638 ... -0.00099676 -0.00256972
  0.00312161]

Residual before update:
[-0.0081468  -0.00126689  0.00228638 ... -0.00099676 -0.00256972
  0.00312161]

Residual before update:
[-0.0081468  -0.00126689  0.00228638 ... -0.00099676 -0.00256972
  0.00312161]

Residual before update:
[-0.0081468  -0.00126689  0.00228638 ... -0.00099676 -0.00256972
  0.00312161]

Residual before update:
[-0.0081468  -0.00126689  0.00228638 ... -0.00099676 -0.00256972
  0.00312161]

Residual before update:
[-0.0081468  -0.00126689  0.00228638 ... -0.00099676 -0.00256972
  0.00312161]

Residual before update:
[-0.0081468  -0.00126689  0.00228638 ... -0.00099676 -0.00256972
  0.00312161]

Residual before update:
[-0.0081468  -0.00126689  0.00228638 ... -0.00099676 -0.00256972
  0.00312161]

Residual before update:
[-0.0081468  -0.00126689  0.00228638 ... -0.00099676 -0.00256972
  0.00312161]

Residual before update:
[-0.0081468  -0.00126689  0.00228638 ... -0.00099676 -0.00256972
  0.00312161]

Residual before update:
[-0.0081468  -0.00126689  0.00228638 ... -0.00099676 -0.00256972
  0.00312161]

Residual before update:
[-0.0081468  -0.00126689  0.00228638 ... -0.00099676 -0.00256972
  0.00312161]

Residual before update:
[-0.0081468  -0.00126689  0.00228638 ... -0.00099676 -0.00256972
  0.00312161]

Residual before update:
[-0.0081468  -0.00126689  0.00228638 ... -0.00099676 -0.00256972
  0.00312161]

Residual before update:
[-0.0081468  -0.00126689  0.00228638 ... -0.00099676 -0.00256972
  0.00312161]

Residual before update:
[-0.0081468  -0.00126689  0.00228638 ... -0.00099676 -0.00256972
  0.00312161]

Residual before update:
[-0.0081468  -0.00126689  0.00228638 ... -0.00099676 -0.00256972
  0.00312161]

Residual before update:
[-0.0081468  -0.00126689  0.00228638 ... -0.00099676 -0.00256972
  0.00312161]

Residual before update:
[-0.0081468  -0.00126689  0.00228638 ... -0.00099676 -0.00256972
  0.00312161]

Residual before update:
[-0.0081468  -0.00126689  0.00228638 ... -0.00099676 -0.00256972
  0.00312161]

Residual before update:
[-0.0081468  -0.00126689  0.00228638 ... -0.00099676 -0.00256972
  0.00312161]

Residual before update:
[-0.0081468  -0.00126689  0.00228638 ... -0.00099676 -0.00256972
  0.00312161]

Residual before update:
[-0.0081468  -0.00126689  0.00228638 ... -0.00099676 -0.00256972
  0.00312161]

Residual before update:
[-0.0081468  -0.00126689  0.00228638 ... -0.00099676 -0.00256972
  0.00312161]
Compute pips
###############################
TGFM
###############################
Initialize variables
Warning: 459 variants have NaN gwas_beta. Setting to 0 with large SE.
Iterative optimization

Residual before update:
[ 0.00495504  0.00521134 -0.00097115 ...  0.00628458  0.0062236
  0.00552497]

Residual before update:
[ 0.00495502  0.00521132 -0.00097119 ...  0.00628446  0.00622349
  0.00552485]

Residual before update:
[ 0.00482175  0.00509027 -0.00058006 ...  0.0062602   0.00619236
  0.00551941]

Residual before update:
[ 0.00495499  0.00521129 -0.00097127 ...  0.00628424  0.00622326
  0.00552463]

Residual before update:
[ 0.004933    0.00517683 -0.00096794 ...  0.00628431  0.00622336
  0.00552476]

Residual before update:
[ 0.00495496  0.00521125 -0.00097135 ...  0.00628401  0.00622304
  0.0055244 ]

Residual before update:
[ 0.00491011  0.00513284 -0.00090127 ...  0.0062625   0.00620065
  0.00551036]

Residual before update:
[ 0.00495492  0.00521122 -0.00097144 ...  0.00628379  0.00622281
  0.00552417]

Residual before update:
[ 0.0049549   0.0052112  -0.00097148 ...  0.00628367  0.0062227
  0.00552406]

Residual before update:
[ 0.00495515  0.00521072 -0.00095497 ...  0.00628926  0.00622741
  0.00552915]

Residual before update:
[ 0.00495489  0.00521118 -0.00097152 ...  0.00628356  0.00622258
  0.00552395]

Residual before update:
[ 0.00495489  0.00521118 -0.00097152 ...  0.00628356  0.00622258
  0.00552395]

Residual before update:
[ 0.00496012  0.00512402 -0.00068119 ...  0.00657527  0.00655102
  0.00576245]

Residual before update:
[ 0.00495489  0.00521118 -0.00097152 ...  0.00628356  0.00622258
  0.00552395]

Residual before update:
[ 0.00497878  0.00524284 -0.00096948 ...  0.00628509  0.0062241
  0.00552462]

Residual before update:
[ 0.00495489  0.00521118 -0.00097152 ...  0.00628356  0.00622258
  0.00552395]

Residual before update:
[ 0.00500504  0.00527142 -0.00085463 ...  0.0063184   0.00625368
  0.00556262]

Residual before update:
[ 0.00495489  0.00521118 -0.00097152 ...  0.00628356  0.00622258
  0.00552395]

Residual before update:
[ 0.00495489  0.00521118 -0.00097152 ...  0.00628356  0.00622258
  0.00552395]

Residual before update:
[ 0.00495587  0.00521191 -0.00095488 ...  0.00628717  0.00622759
  0.00552837]

Residual before update:
[ 0.00495489  0.00521118 -0.00097152 ...  0.00628356  0.00622258
  0.00552395]

Residual before update:
[ 0.00495489  0.00521118 -0.00097152 ...  0.00628356  0.00622258
  0.00552395]

Residual before update:
[5.17920071e-03 5.31886909e-03 8.75313816e-06 ... 6.50746404e-03
 6.49458476e-03 5.69798430e-03]

Residual before update:
[ 0.00495489  0.00521118 -0.00097152 ...  0.00628356  0.00622258
  0.00552395]

Residual before update:
[ 0.00497435  0.00523555 -0.00096851 ...  0.00628497  0.00622398
  0.00552452]

Residual before update:
[ 0.00495489  0.00521118 -0.00097152 ...  0.00628356  0.00622258
  0.00552395]

Residual before update:
[ 0.005008    0.00526219 -0.00084501 ...  0.00629904  0.00623901
  0.00553352]

Residual before update:
[ 0.00495489  0.00521118 -0.00097152 ...  0.00628356  0.00622258
  0.00552394]

Residual before update:
[ 0.00495489  0.00521118 -0.00097152 ...  0.00628356  0.00622258
  0.00552394]

Residual before update:
[ 0.00495492  0.00520991 -0.00095631 ...  0.00628751  0.00622813
  0.00552885]

Residual before update:
[ 0.00495489  0.00521118 -0.00097152 ...  0.00628356  0.00622258
  0.00552394]

Residual before update:
[ 0.00495489  0.00521118 -0.00097152 ...  0.00628356  0.00622258
  0.00552394]

Residual before update:
[ 5.17367483e-03  5.31594953e-03 -5.72807220e-06 ...  6.50706646e-03
  6.49405751e-03  5.69879686e-03]

Residual before update:
[ 0.00495489  0.00521118 -0.00097152 ...  0.00628356  0.00622258
  0.00552394]

Residual before update:
[ 0.00497209  0.00523179 -0.00096668 ...  0.00628496  0.00622398
  0.00552455]

Residual before update:
[ 0.00495489  0.00521118 -0.00097152 ...  0.00628356  0.00622258
  0.00552394]

Residual before update:
[ 0.00501141  0.00526388 -0.00083898 ...  0.00629643  0.00623598
  0.00553381]

Residual before update:
[ 0.00495489  0.00521118 -0.00097152 ...  0.00628355  0.00622258
  0.00552394]

Residual before update:
[ 0.00495489  0.00521118 -0.00097152 ...  0.00628355  0.00622258
  0.00552394]

Residual before update:
[ 0.00495476  0.00520958 -0.0009566  ...  0.00628755  0.0062282
  0.00552891]

Residual before update:
[ 0.00495489  0.00521118 -0.00097152 ...  0.00628355  0.00622258
  0.00552394]

Residual before update:
[ 0.00495489  0.00521118 -0.00097152 ...  0.00628355  0.00622258
  0.00552394]

Residual before update:
[ 5.16785856e-03  5.31150064e-03 -2.03404935e-05 ...  6.50658507e-03
  6.49358282e-03  5.69942938e-03]

Residual before update:
[ 0.00495489  0.00521118 -0.00097152 ...  0.00628355  0.00622258
  0.00552394]
NaNs in component_non_med_pred at component 4

Residual before update:
[ 0.00497588  0.00523337 -0.0009621  ...  0.0062849   0.0062239
  0.00552443]
NaNs in residual_incl_alpha[61, :]
NaN in mixture_alpha_mu: b_terms=[nan nan nan nan nan nan nan nan nan nan]
NaNs in self.residual at bs_iter=61
NaNs in un_normalized_lv_alpha_weights
NaN in normalizing_term
NaNs in component_non_med_pred at component 5

Residual before update:
[ 0.00495489  0.00521118 -0.00097152 ...  0.00628355  0.00622258
  0.00552394]
NaNs in residual_incl_alpha[61, :]
NaNs in gene_weights for bs_iter=61
NaN in mixture_alpha_mu: b_terms=[nan nan nan nan nan nan nan nan nan nan]
NaNs in self.residual at bs_iter=61
NaNs in un_normalized_lv_alpha_weights
NaN in normalizing_term
NaNs in component_non_med_pred at component 6

Residual before update:
[ 0.00501335  0.0052648  -0.00083412 ...  0.00629565  0.00623507
  0.00553378]
NaNs in residual_incl_alpha[61, :]
NaNs in gene_weights for bs_iter=61
NaN in mixture_alpha_mu: b_terms=[nan nan nan nan nan nan nan nan nan nan]
NaNs in self.residual at bs_iter=61
NaNs in un_normalized_lv_alpha_weights
NaN in normalizing_term
NaNs in component_non_med_pred at component 7

Residual before update:
[ 0.00495489  0.00521118 -0.00097152 ...  0.00628355  0.00622258
  0.00552394]
NaNs in residual_incl_alpha[61, :]
NaNs in gene_weights for bs_iter=61
NaN in mixture_alpha_mu: b_terms=[nan nan nan nan nan nan nan nan nan nan]
NaNs in self.residual at bs_iter=61
NaNs in un_normalized_lv_alpha_weights
NaN in normalizing_term
NaNs in component_non_med_pred at component 8

Residual before update:
[ 0.00495489  0.00521118 -0.00097152 ...  0.00628355  0.00622258
  0.00552394]
NaNs in residual_incl_alpha[61, :]
NaNs in gene_weights for bs_iter=61
NaN in mixture_alpha_mu: b_terms=[nan nan nan nan nan nan nan nan nan nan]
NaNs in self.residual at bs_iter=61
NaNs in un_normalized_lv_alpha_weights
NaN in normalizing_term
NaNs in component_non_med_pred at component 9

Residual before update:
[ 0.00495474  0.00520954 -0.00095671 ...  0.00628754  0.00622819
  0.0055289 ]
NaNs in residual_incl_alpha[61, :]
NaNs in gene_weights for bs_iter=61
NaN in mixture_alpha_mu: b_terms=[nan nan nan nan nan nan nan nan nan nan]
NaNs in self.residual at bs_iter=61
NaNs in un_normalized_lv_alpha_weights
NaN in normalizing_term
Compute pips
NaNs found in gene-tissue pair PIPs at indices: [0 1 2 3 4 5 6 7 8 9]
NaNs found in variant PIPs at indices: [    0     1     2 ... 13098 13099 13100]
NaNs found in gene PIPs at indices: [0 1 2 3]
###############################
TGFM
###############################
Initialize variables
Warning: 488 variants have NaN gwas_beta. Setting to 0 with large SE.
Iterative optimization

Residual before update:
[-0.00124935 -0.00069024 -0.00257096 ...  0.01420082 -0.00970006
 -0.01014502]

Residual before update:
[-0.00124934 -0.00069023 -0.00257096 ...  0.01419904 -0.0097005
 -0.01014546]

Residual before update:
[-0.00124934 -0.00069023 -0.00257096 ...  0.01419725 -0.00970094
 -0.0101459 ]

Residual before update:
[-0.00104516 -0.00047233 -0.00228848 ...  0.01416694 -0.00962686
 -0.0100712 ]

Residual before update:
[-0.00124932 -0.00069021 -0.00257096 ...  0.01419369 -0.00970182
 -0.01014677]

Residual before update:
[-0.00124932 -0.00069021 -0.00257096 ...  0.01419191 -0.00970226
 -0.01014721]

Residual before update:
[-0.00124931 -0.0006902  -0.00257096 ...  0.01419014 -0.00970269
 -0.01014765]

Residual before update:
[-0.00122255 -0.00066132 -0.00257105 ...  0.01419737 -0.00969452
 -0.0101391 ]

Residual before update:
[-0.0012493  -0.00069019 -0.00257095 ...  0.01418659 -0.00970356
 -0.01014852]

Residual before update:
[-0.00124929 -0.00069018 -0.00257095 ...  0.01418482 -0.009704
 -0.01014896]

Residual before update:
[-0.00124929 -0.00069018 -0.00257096 ...  0.01418483 -0.009704
 -0.01014895]

Residual before update:
[-0.00124929 -0.00069018 -0.00257095 ...  0.01418485 -0.00970399
 -0.01014895]

Residual before update:
[-0.00124929 -0.00069018 -0.00257095 ...  0.01418486 -0.00970399
 -0.01014895]

Residual before update:
[-0.0011361  -0.00056667 -0.00247755 ...  0.01421111 -0.00967527
 -0.01011861]

Residual before update:
[-0.00124929 -0.00069018 -0.00257095 ...  0.01418487 -0.00970399
 -0.01014894]

Residual before update:
[-0.00124929 -0.00069018 -0.00257095 ...  0.01418487 -0.00970399
 -0.01014894]

Residual before update:
[-0.00124929 -0.00069018 -0.00257095 ...  0.01418488 -0.00970398
 -0.01014894]

Residual before update:
[-0.00122812 -0.00066715 -0.0025701  ...  0.01420695 -0.00968948
 -0.01013398]

Residual before update:
[-0.00124929 -0.00069018 -0.00257095 ...  0.01418488 -0.00970398
 -0.01014894]

Residual before update:
[-0.00124929 -0.00069018 -0.00257095 ...  0.01418487 -0.00970399
 -0.01014894]

Residual before update:
[-0.00124929 -0.00069018 -0.00257096 ...  0.01418487 -0.00970399
 -0.01014894]

Residual before update:
[-0.00124929 -0.00069018 -0.00257095 ...  0.01418487 -0.00970399
 -0.01014894]

Residual before update:
[-0.00124929 -0.00069018 -0.00257095 ...  0.01418487 -0.00970399
 -0.01014894]

Residual before update:
[-0.00120999 -0.00064839 -0.00249725 ...  0.01419675 -0.00969654
 -0.010142  ]

Residual before update:
[-0.00124929 -0.00069018 -0.00257095 ...  0.01418486 -0.00970399
 -0.01014895]

Residual before update:
[-0.00124929 -0.00069018 -0.00257095 ...  0.01418486 -0.00970399
 -0.01014895]

Residual before update:
[-0.00124929 -0.00069018 -0.00257095 ...  0.01418485 -0.00970399
 -0.01014895]

Residual before update:
[-0.00123189 -0.00067112 -0.00256983 ...  0.01421002 -0.00968809
 -0.01013257]

Residual before update:
[-0.00124929 -0.00069018 -0.00257095 ...  0.01418485 -0.00970399
 -0.01014895]

Residual before update:
[-0.00124929 -0.00069018 -0.00257095 ...  0.01418484 -0.00970399
 -0.01014895]

Residual before update:
[-0.00124929 -0.00069018 -0.00257096 ...  0.01418484 -0.00970399
 -0.01014895]

Residual before update:
[-0.00124929 -0.00069018 -0.00257095 ...  0.01418484 -0.00970399
 -0.01014895]

Residual before update:
[-0.00124929 -0.00069018 -0.00257095 ...  0.01418484 -0.009704
 -0.01014895]

Residual before update:
[-0.00120469 -0.00064255 -0.00250351 ...  0.01419811 -0.00969497
 -0.01014019]

Residual before update:
[-0.00124929 -0.00069018 -0.00257095 ...  0.01418483 -0.009704
 -0.01014895]

Residual before update:
[-0.00124929 -0.00069018 -0.00257095 ...  0.01418483 -0.009704
 -0.01014895]

Residual before update:
[-0.00124929 -0.00069018 -0.00257095 ...  0.01418482 -0.009704
 -0.01014895]

Residual before update:
[-0.0012322  -0.00067145 -0.00256984 ...  0.01420993 -0.00968821
 -0.01013269]

Residual before update:
[-0.00124929 -0.00069018 -0.00257095 ...  0.01418482 -0.009704
 -0.01014896]

Residual before update:
[-0.00124929 -0.00069018 -0.00257095 ...  0.01418481 -0.009704
 -0.01014896]

Residual before update:
[-0.00124929 -0.00069018 -0.00257096 ...  0.01418481 -0.009704
 -0.01014896]

Residual before update:
[-0.00124929 -0.00069018 -0.00257095 ...  0.01418481 -0.009704
 -0.01014896]

Residual before update:
[-0.00124929 -0.00069018 -0.00257095 ...  0.01418481 -0.009704
 -0.01014896]

Residual before update:
[-0.00120276 -0.00064028 -0.0025068  ...  0.01419959 -0.00969339
 -0.01013852]

Residual before update:
[-0.00124929 -0.00069018 -0.00257095 ...  0.0141848  -0.009704
 -0.01014896]

Residual before update:
[-0.00124929 -0.00069018 -0.00257095 ...  0.0141848  -0.009704
 -0.01014896]

Residual before update:
[-0.00124929 -0.00069018 -0.00257095 ...  0.01418479 -0.00970401
 -0.01014896]

Residual before update:
[-0.00123234 -0.0006716  -0.00256985 ...  0.01420982 -0.00968834
 -0.01013284]

Residual before update:
[-0.00124929 -0.00069018 -0.00257095 ...  0.01418479 -0.00970401
 -0.01014896]

Residual before update:
[-0.00124929 -0.00069018 -0.00257095 ...  0.01418478 -0.00970401
 -0.01014896]
Compute pips
###############################
TGFM
###############################
Initialize variables
Warning: 492 variants have NaN gwas_beta. Setting to 0 with large SE.
Iterative optimization

Residual before update:
[ 0.00374409  0.0043081   0.00364081 ... -0.00047765 -0.00461887
 -0.00253981]

Residual before update:
[ 0.00374409  0.00430809  0.0036408  ... -0.00047763 -0.00461887
 -0.00253981]

Residual before update:
[ 0.00374408  0.00430808  0.0036408  ... -0.0004776  -0.00461887
 -0.00253981]

Residual before update:
[ 0.00374407  0.00430807  0.00364079 ... -0.00047758 -0.00461888
 -0.00253981]

Residual before update:
[ 0.00374407  0.00430806  0.00364078 ... -0.00047755 -0.00461888
 -0.0025398 ]

Residual before update:
[ 0.00374406  0.00430805  0.00364078 ... -0.00047753 -0.00461888
 -0.0025398 ]

Residual before update:
[ 0.00374361  0.0043035   0.00364035 ... -0.0004814  -0.00461274
 -0.00254181]

Residual before update:
[ 0.00374405  0.00430803  0.00364076 ... -0.00047748 -0.00461888
 -0.0025398 ]

Residual before update:
[ 0.00374404  0.00430802  0.00364075 ... -0.00047745 -0.00461888
 -0.0025398 ]

Residual before update:
[ 0.00374403  0.00430801  0.00364075 ... -0.00047743 -0.00461889
 -0.0025398 ]

Residual before update:
[ 0.00374403  0.00430801  0.00364075 ... -0.00047743 -0.00461889
 -0.0025398 ]

Residual before update:
[ 0.00374403  0.00430801  0.00364075 ... -0.00047743 -0.00461889
 -0.0025398 ]

Residual before update:
[ 0.00374403  0.00430801  0.00364075 ... -0.00047743 -0.00461889
 -0.0025398 ]

Residual before update:
[ 0.00374403  0.00430801  0.00364075 ... -0.00047743 -0.00461889
 -0.0025398 ]

Residual before update:
[ 0.00374403  0.00430801  0.00364075 ... -0.00047743 -0.00461889
 -0.0025398 ]

Residual before update:
[ 0.00374403  0.00430801  0.00364075 ... -0.00047743 -0.00461889
 -0.0025398 ]

Residual before update:
[ 0.00374476  0.00431928  0.00364137 ... -0.00044662 -0.00445623
 -0.00246984]

Residual before update:
[ 0.00374403  0.00430801  0.00364075 ... -0.00047743 -0.00461889
 -0.0025398 ]

Residual before update:
[ 0.00374403  0.00430801  0.00364075 ... -0.00047743 -0.00461889
 -0.0025398 ]

Residual before update:
[ 0.00374403  0.00430801  0.00364075 ... -0.00047743 -0.00461889
 -0.0025398 ]

Residual before update:
[ 0.00374403  0.00430801  0.00364075 ... -0.00047743 -0.00461889
 -0.0025398 ]

Residual before update:
[ 0.00374403  0.00430801  0.00364075 ... -0.00047743 -0.00461889
 -0.0025398 ]

Residual before update:
[ 0.00374403  0.00430801  0.00364075 ... -0.00047743 -0.00461889
 -0.0025398 ]

Residual before update:
[ 0.00374403  0.00430801  0.00364075 ... -0.00047743 -0.00461889
 -0.0025398 ]

Residual before update:
[ 0.00374403  0.00430801  0.00364075 ... -0.00047743 -0.00461889
 -0.0025398 ]

Residual before update:
[ 0.00374403  0.00430801  0.00364075 ... -0.00047743 -0.00461889
 -0.0025398 ]

Residual before update:
[ 0.00374484  0.00431884  0.00364145 ... -0.00044643 -0.0044561
 -0.00246977]

Residual before update:
[ 0.00374403  0.00430801  0.00364075 ... -0.00047743 -0.00461889
 -0.0025398 ]

Residual before update:
[ 0.00374403  0.00430801  0.00364075 ... -0.00047743 -0.00461889
 -0.0025398 ]

Residual before update:
[ 0.00374403  0.00430801  0.00364075 ... -0.00047743 -0.00461889
 -0.0025398 ]

Residual before update:
[ 0.00374403  0.00430801  0.00364075 ... -0.00047743 -0.00461889
 -0.0025398 ]

Residual before update:
[ 0.00374403  0.00430801  0.00364075 ... -0.00047743 -0.00461889
 -0.0025398 ]

Residual before update:
[ 0.00374403  0.00430801  0.00364075 ... -0.00047743 -0.00461889
 -0.0025398 ]

Residual before update:
[ 0.00374403  0.00430801  0.00364075 ... -0.00047743 -0.00461889
 -0.0025398 ]

Residual before update:
[ 0.00374403  0.00430801  0.00364075 ... -0.00047743 -0.00461889
 -0.0025398 ]

Residual before update:
[ 0.00374403  0.00430801  0.00364075 ... -0.00047743 -0.00461889
 -0.0025398 ]

Residual before update:
[ 0.00374501  0.00431861  0.00364161 ... -0.00044646 -0.00445508
 -0.00246914]

Residual before update:
[ 0.00374403  0.00430801  0.00364075 ... -0.00047743 -0.00461889
 -0.0025398 ]

Residual before update:
[ 0.00374403  0.00430801  0.00364075 ... -0.00047743 -0.00461889
 -0.0025398 ]

Residual before update:
[ 0.00374403  0.00430801  0.00364075 ... -0.00047743 -0.00461889
 -0.0025398 ]

Residual before update:
[ 0.00374403  0.00430801  0.00364075 ... -0.00047743 -0.00461889
 -0.0025398 ]

Residual before update:
[ 0.00374403  0.00430801  0.00364075 ... -0.00047743 -0.00461889
 -0.0025398 ]

Residual before update:
[ 0.00374403  0.00430801  0.00364075 ... -0.00047743 -0.00461889
 -0.0025398 ]

Residual before update:
[ 0.00374403  0.00430801  0.00364075 ... -0.00047743 -0.00461889
 -0.0025398 ]

Residual before update:
[ 0.00374403  0.00430801  0.00364075 ... -0.00047743 -0.00461889
 -0.0025398 ]

Residual before update:
[ 0.00374403  0.00430801  0.00364075 ... -0.00047743 -0.00461889
 -0.0025398 ]

Residual before update:
[ 0.0037451   0.00431858  0.0036417  ... -0.0004465  -0.00445426
 -0.00246869]

Residual before update:
[ 0.00374403  0.00430801  0.00364075 ... -0.00047743 -0.00461889
 -0.0025398 ]

Residual before update:
[ 0.00374403  0.00430801  0.00364075 ... -0.00047743 -0.00461889
 -0.0025398 ]

Residual before update:
[ 0.00374403  0.00430801  0.00364075 ... -0.00047743 -0.00461889
 -0.0025398 ]
Compute pips
###############################
TGFM
###############################
Initialize variables
Warning: 438 variants have NaN gwas_beta. Setting to 0 with large SE.
Iterative optimization

Residual before update:
[ 0.          0.          0.00632896 ... -0.00146114  0.00011256
  0.00703129]

Residual before update:
[-7.22315292e-18 -7.22315292e-18  6.32892444e-03 ... -1.46113529e-03
  1.12566501e-04  7.03128890e-03]

Residual before update:
[-1.38336554e-17 -1.38336554e-17  6.32888707e-03 ... -1.46113403e-03
  1.12568807e-04  7.03128496e-03]

Residual before update:
[-2.04985716e-17 -2.04985716e-17  6.32884953e-03 ... -1.46113225e-03
  1.12571376e-04  7.03128143e-03]

Residual before update:
[-2.68095153e-17 -2.68095153e-17  6.32881273e-03 ... -1.46113134e-03
  1.12573538e-04  7.03127762e-03]

Residual before update:
[-3.54281884e-17 -3.54281884e-17  6.32877562e-03 ... -1.46113046e-03
  1.12575876e-04  7.03127289e-03]

Residual before update:
[-4.32232692e-17 -4.32232692e-17  6.32873866e-03 ... -1.46112943e-03
  1.12578028e-04  7.03127021e-03]

Residual before update:
[-4.56792289e-17 -4.56792289e-17  6.32870185e-03 ... -1.46112711e-03
  1.12580849e-04  7.03126640e-03]

Residual before update:
[-5.27908741e-17 -5.27908741e-17  6.32866509e-03 ... -1.46112600e-03
  1.12583078e-04  7.03126282e-03]

Residual before update:
[-5.78739160e-17 -5.78739160e-17  6.32862849e-03 ... -1.46112384e-03
  1.12585692e-04  7.03125899e-03]

Residual before update:
[-1.42440663e-15 -1.42440663e-15  6.32590945e-03 ... -1.48503603e-03
  9.24525860e-05  7.02515718e-03]

Residual before update:
[-6.49285279e-17 -6.49285279e-17  6.32863028e-03 ... -1.46112594e-03
  1.12585628e-04  7.03125935e-03]

Residual before update:
[-6.22504200e-17 -6.22504200e-17  6.32863035e-03 ... -1.46112588e-03
  1.12585163e-04  7.03125829e-03]

Residual before update:
[-6.15822830e-17 -6.15822830e-17  6.32862989e-03 ... -1.46112434e-03
  1.12585786e-04  7.03125912e-03]

Residual before update:
[-6.04278273e-17 -6.04278273e-17  6.32863120e-03 ... -1.46112547e-03
  1.12585199e-04  7.03125892e-03]

Residual before update:
[-6.37455195e-17 -6.37455195e-17  6.32863133e-03 ... -1.46112616e-03
  1.12585173e-04  7.03125717e-03]

Residual before update:
[-6.48382891e-17 -6.48382891e-17  6.32863150e-03 ... -1.46112643e-03
  1.12584877e-04  7.03125901e-03]

Residual before update:
[-5.89277792e-17 -5.89277792e-17  6.32863167e-03 ... -1.46112499e-03
  1.12585517e-04  7.03125889e-03]

Residual before update:
[-5.95779086e-17 -5.95779086e-17  6.32863169e-03 ... -1.46112520e-03
  1.12585350e-04  7.03125906e-03]

Residual before update:
[-5.81146289e-17 -5.81146289e-17  6.32863168e-03 ... -1.46112432e-03
  1.12585607e-04  7.03125893e-03]

Residual before update:
[-1.36309187e-15 -1.36309187e-15  6.32598477e-03 ... -1.48481657e-03
  9.26238645e-05  7.02536857e-03]

Residual before update:
[-6.50304278e-17 -6.50304278e-17  6.32863191e-03 ... -1.46112619e-03
  1.12585602e-04  7.03125929e-03]

Residual before update:
[-6.23816125e-17 -6.23816125e-17  6.32863136e-03 ... -1.46112606e-03
  1.12585160e-04  7.03125823e-03]

Residual before update:
[-6.17330394e-17 -6.17330394e-17  6.32863037e-03 ... -1.46112446e-03
  1.12585799e-04  7.03125905e-03]

Residual before update:
[-6.05736536e-17 -6.05736536e-17  6.32863125e-03 ... -1.46112554e-03
  1.12585226e-04  7.03125885e-03]

Residual before update:
[-6.38867423e-17 -6.38867423e-17  6.32863102e-03 ... -1.46112619e-03
  1.12585212e-04  7.03125709e-03]

Residual before update:
[-6.49885514e-17 -6.49885514e-17  6.32863093e-03 ... -1.46112643e-03
  1.12584924e-04  7.03125893e-03]

Residual before update:
[-5.90660232e-17 -5.90660232e-17  6.32863095e-03 ... -1.46112496e-03
  1.12585569e-04  7.03125881e-03]

Residual before update:
[-5.97172195e-17 -5.97172195e-17  6.32863088e-03 ... -1.46112517e-03
  1.12585403e-04  7.03125898e-03]

Residual before update:
[-5.82508409e-17 -5.82508409e-17  6.32863089e-03 ... -1.46112428e-03
  1.12585660e-04  7.03125885e-03]

Residual before update:
[-1.37106141e-15 -1.37106141e-15  6.32596917e-03 ... -1.48492853e-03
  9.25295391e-05  7.02533563e-03]

Residual before update:
[-6.51889653e-17 -6.51889653e-17  6.32863111e-03 ... -1.46112616e-03
  1.12585655e-04  7.03125920e-03]

Residual before update:
[-6.25329185e-17 -6.25329185e-17  6.32863057e-03 ... -1.46112604e-03
  1.12585212e-04  7.03125815e-03]

Residual before update:
[-6.18833478e-17 -6.18833478e-17  6.32862957e-03 ... -1.46112444e-03
  1.12585852e-04  7.03125897e-03]

Residual before update:
[-6.07203786e-17 -6.07203786e-17  6.32863046e-03 ... -1.46112551e-03
  1.12585277e-04  7.03125877e-03]

Residual before update:
[-6.40424936e-17 -6.40424936e-17  6.32863023e-03 ... -1.46112616e-03
  1.12585263e-04  7.03125700e-03]

Residual before update:
[-6.51475863e-17 -6.51475863e-17  6.32863014e-03 ... -1.46112640e-03
  1.12584975e-04  7.03125884e-03]

Residual before update:
[-5.92084482e-17 -5.92084482e-17  6.32863017e-03 ... -1.46112493e-03
  1.12585620e-04  7.03125873e-03]

Residual before update:
[-5.98608739e-17 -5.98608739e-17  6.32863010e-03 ... -1.46112514e-03
  1.12585454e-04  7.03125890e-03]

Residual before update:
[-5.83907695e-17 -5.83907695e-17  6.32863011e-03 ... -1.46112426e-03
  1.12585711e-04  7.03125877e-03]

Residual before update:
[-1.37406748e-15 -1.37406748e-15  6.32596009e-03 ... -1.48502017e-03
  9.24501267e-05  7.02532055e-03]

Residual before update:
[-6.53486087e-17 -6.53486087e-17  6.32863032e-03 ... -1.46112614e-03
  1.12585707e-04  7.03125912e-03]

Residual before update:
[-6.26852509e-17 -6.26852509e-17  6.32862978e-03 ... -1.46112601e-03
  1.12585263e-04  7.03125806e-03]

Residual before update:
[-6.20345889e-17 -6.20345889e-17  6.32862878e-03 ... -1.46112441e-03
  1.12585904e-04  7.03125889e-03]

Residual before update:
[-6.08678448e-17 -6.08678448e-17  6.32862967e-03 ... -1.46112549e-03
  1.12585328e-04  7.03125869e-03]

Residual before update:
[-6.41989527e-17 -6.41989527e-17  6.32862943e-03 ... -1.46112614e-03
  1.12585314e-04  7.03125692e-03]

Residual before update:
[-6.53073384e-17 -6.53073384e-17  6.32862934e-03 ... -1.46112638e-03
  1.12585025e-04  7.03125876e-03]

Residual before update:
[-5.93514834e-17 -5.93514834e-17  6.32862938e-03 ... -1.46112491e-03
  1.12585671e-04  7.03125865e-03]

Residual before update:
[-6.00051722e-17 -6.00051722e-17  6.32862932e-03 ... -1.46112512e-03
  1.12585505e-04  7.03125882e-03]

Residual before update:
[-5.85313392e-17 -5.85313392e-17  6.32862933e-03 ... -1.46112423e-03
  1.12585762e-04  7.03125869e-03]
Compute pips
###############################
TGFM
###############################
Initialize variables
Warning: 398 variants have NaN gwas_beta. Setting to 0 with large SE.
Iterative optimization

Residual before update:
[ 0.00174001 -0.00756427 -0.01011536 ...  0.00800295  0.00900531
  0.00932961]

Residual before update:
[ 0.00174001 -0.00756426 -0.01011529 ...  0.00800216  0.00900446
  0.00932877]

Residual before update:
[ 0.00174    -0.00756425 -0.01011523 ...  0.00800137  0.00900362
  0.00932793]

Residual before update:
[ 0.00175165 -0.00752908 -0.01008879 ...  0.00801725  0.00901249
  0.00933499]

Residual before update:
[ 0.00174    -0.00756424 -0.0101151  ...  0.0079998   0.00900194
  0.00932626]

Residual before update:
[ 0.00172822 -0.00758694 -0.0101511  ...  0.00798899  0.008994
  0.00932024]

Residual before update:
[ 0.00174629 -0.00754845 -0.01011155 ...  0.00793646  0.00895374
  0.00927251]

Residual before update:
[ 0.0017374  -0.00757145 -0.010123   ...  0.00793728  0.00895557
  0.00927407]

Residual before update:
[ 0.00173999 -0.0075642  -0.01011484 ...  0.00799667  0.00899859
  0.00932293]

Residual before update:
[ 0.00173999 -0.0075642  -0.01011478 ...  0.0079959   0.00899776
  0.0093221 ]

Residual before update:
[ 0.00173999 -0.0075642  -0.01011478 ...  0.00799591  0.00899777
  0.00932211]

Residual before update:
[ 0.00173999 -0.0075642  -0.01011477 ...  0.00799591  0.00899777
  0.00932211]

Residual before update:
[ 0.00173999 -0.0075642  -0.01011477 ...  0.00799592  0.00899778
  0.00932212]

Residual before update:
[ 0.00175088 -0.00753279 -0.01008943 ...  0.00802067  0.00901148
  0.00933268]

Residual before update:
[ 0.00173999 -0.0075642  -0.01011477 ...  0.00799592  0.00899779
  0.00932212]

Residual before update:
[ 0.00173043 -0.00758377 -0.01012616 ...  0.00802094  0.00901509
  0.00934259]

Residual before update:
[ 0.00173556 -0.0075098  -0.01008799 ...  0.00802293  0.00902708
  0.00935317]

Residual before update:
[ 280.09305059 1928.82046062  750.66354021 ... 2157.78907882 2108.53456691
 2296.9412362 ]

Residual before update:
[ 0.00173999 -0.0075642  -0.01011477 ...  0.00799592  0.00899778
  0.00932212]

Residual before update:
[ 0.00173999 -0.0075642  -0.01011477 ...  0.00799591  0.00899778
  0.00932212]

Residual before update:
[ 0.00173999 -0.0075642  -0.01011477 ...  0.00799591  0.00899778
  0.00932212]

Residual before update:
[ 0.00173999 -0.0075642  -0.01011477 ...  0.00799591  0.00899777
  0.00932211]

Residual before update:
[ 0.00173999 -0.0075642  -0.01011477 ...  0.00799591  0.00899777
  0.00932211]

Residual before update:
[ 0.00175234 -0.007532   -0.01008937 ...  0.00802456  0.00901806
  0.00933916]

Residual before update:
[ 0.00173999 -0.0075642  -0.01011477 ...  0.0079959   0.00899776
  0.0093221 ]

Residual before update:
[ 0.0017343  -0.00757652 -0.01011992 ...  0.00800645  0.00900412
  0.00933008]

Residual before update:
[ 0.00173594 -0.00750768 -0.01009039 ...  0.00801785  0.00902784
  0.00935399]

Residual before update:
[1.10369278e+16 6.06831563e+18 8.46317818e+18 ... 3.76853102e+19
 2.85595548e+19 3.16112930e+19]

Residual before update:
[ 0.00173999 -0.0075642  -0.01011477 ...  0.00799588  0.00899775
  0.00932208]

Residual before update:
[ 0.00173999 -0.0075642  -0.01011477 ...  0.00799588  0.00899774
  0.00932208]

Residual before update:
[ 0.00173999 -0.0075642  -0.01011477 ...  0.00799588  0.00899774
  0.00932208]

Residual before update:
[ 0.00173999 -0.0075642  -0.01011477 ...  0.00799588  0.00899774
  0.00932208]

Residual before update:
[ 0.00173999 -0.0075642  -0.01011477 ...  0.00799587  0.00899773
  0.00932207]

Residual before update:
[ 0.00175261 -0.00753112 -0.01008875 ...  0.008025    0.00901838
  0.00933943]

Residual before update:
[ 0.00173999 -0.0075642  -0.01011477 ...  0.00799587  0.00899773
  0.00932207]

Residual before update:
[ 0.00173593 -0.00757415 -0.01011831 ...  0.00800636  0.00900453
  0.0093301 ]

Residual before update:
[ 0.00173492 -0.00750689 -0.01009043 ...  0.00801916  0.00902859
  0.00935486]

Residual before update:
[ 6.66434093e+25  2.87128770e+26  3.71800630e+25 ... -1.17451714e+27
 -8.72846798e+26 -9.60478656e+26]

Residual before update:
[ 0.00173999 -0.00756419 -0.01011477 ...  0.00799585  0.00899771
  0.00932205]

Residual before update:
[ 0.00173999 -0.0075642  -0.01011477 ...  0.00799585  0.00899771
  0.00932204]

Residual before update:
[ 0.00173999 -0.0075642  -0.01011477 ...  0.00799585  0.00899771
  0.00932205]

Residual before update:
[ 0.00173999 -0.0075642  -0.01011477 ...  0.00799584  0.0089977
  0.00932204]

Residual before update:
[ 0.00173999 -0.00756419 -0.01011477 ...  0.00799584  0.0089977
  0.00932204]

Residual before update:
[ 0.00175286 -0.0075304  -0.01008824 ...  0.00802546  0.00901874
  0.00933974]
NaNs in component_non_med_pred at component 4

Residual before update:
[ 0.00173999 -0.0075642  -0.01011477 ...  0.00799583  0.00899769
  0.00932203]
NaNs in residual_incl_alpha[64, :]
NaN in mixture_alpha_mu: b_terms=[nan nan nan nan nan nan nan nan nan nan nan nan nan nan nan nan nan nan
 nan nan nan nan nan nan nan nan nan nan nan]
NaNs in self.residual at bs_iter=64
NaNs in un_normalized_lv_alpha_weights
NaN in normalizing_term
NaNs in component_non_med_pred at component 5

Residual before update:
[ 0.00173608 -0.0075747  -0.01011864 ...  0.00800618  0.0090044
  0.00932981]
NaNs in residual_incl_alpha[64, :]
NaNs in gene_weights for bs_iter=64
NaN in mixture_alpha_mu: b_terms=[nan nan nan nan nan nan nan nan nan nan nan nan nan nan nan nan nan nan
 nan nan nan nan nan nan nan nan nan nan nan]
NaNs in self.residual at bs_iter=64
NaNs in un_normalized_lv_alpha_weights
NaN in normalizing_term
NaNs in component_non_med_pred at component 6

Residual before update:
[ 0.0017342  -0.00750691 -0.01009073 ...  0.00801968  0.00902915
  0.00935544]
NaNs in residual_incl_alpha[64, :]
NaNs in gene_weights for bs_iter=64
NaN in mixture_alpha_mu: b_terms=[nan nan nan nan nan nan nan nan nan nan nan nan nan nan nan nan nan nan
 nan nan nan nan nan nan nan nan nan nan nan]
NaNs in self.residual at bs_iter=64
NaNs in un_normalized_lv_alpha_weights
NaN in normalizing_term
NaNs in component_non_med_pred at component 7

Residual before update:
[ 5.15159747e+33 -1.99618657e+33  1.05007349e+34 ...  1.37608674e+35
  1.04424337e+35  1.16099314e+35]
NaNs in residual_incl_alpha[64, :]
NaNs in gene_weights for bs_iter=64
NaN in mixture_alpha_mu: b_terms=[nan nan nan nan nan nan nan nan nan nan nan nan nan nan nan nan nan nan
 nan nan nan nan nan nan nan nan nan nan nan]
NaNs in self.residual at bs_iter=64
NaNs in un_normalized_lv_alpha_weights
NaN in normalizing_term
NaNs in component_non_med_pred at component 8

Residual before update:
[ 0.00173999 -0.00756419 -0.01011476 ...  0.00799582  0.00899767
  0.00932201]
NaNs in residual_incl_alpha[64, :]
NaNs in gene_weights for bs_iter=64
NaN in mixture_alpha_mu: b_terms=[nan nan nan nan nan nan nan nan nan nan nan nan nan nan nan nan nan nan
 nan nan nan nan nan nan nan nan nan nan nan]
NaNs in self.residual at bs_iter=64
NaNs in un_normalized_lv_alpha_weights
NaN in normalizing_term
NaNs in component_non_med_pred at component 9

Residual before update:
[ 0.00173999 -0.0075642  -0.01011476 ...  0.00799581  0.00899767
  0.00932201]
NaNs in residual_incl_alpha[64, :]
NaNs in gene_weights for bs_iter=64
NaN in mixture_alpha_mu: b_terms=[nan nan nan nan nan nan nan nan nan nan nan nan nan nan nan nan nan nan
 nan nan nan nan nan nan nan nan nan nan nan]
NaNs in self.residual at bs_iter=64
NaNs in un_normalized_lv_alpha_weights
NaN in normalizing_term
NaNs in residual_incl_alpha[70, :]
NaN in mixture_alpha_mu: b_terms=[nan nan nan nan nan nan nan nan nan nan nan nan nan nan nan nan nan nan
 nan nan nan nan nan nan nan nan nan nan nan]
NaNs in self.residual at bs_iter=70
NaNs in un_normalized_lv_alpha_weights
NaN in normalizing_term
Compute pips
NaNs found in gene-tissue pair PIPs at indices: [ 0  1  2  3  4  5  6  7  8  9 10 11 12 13 14 15 16 17 18 19 20 21 22 23
 24 25 26 27 28]
NaNs found in variant PIPs at indices: [    0     1     2 ... 11830 11831 11832]
NaNs found in gene PIPs at indices: [0 1 2 3 4 5 6 7 8]
###############################
TGFM
###############################
Initialize variables
Warning: 384 variants have NaN gwas_beta. Setting to 0 with large SE.
Iterative optimization

Residual before update:
[ 0.00091534  0.00900625  0.00699984 ... -0.00429701 -0.00518044
 -0.00577119]

Residual before update:
[ 0.00091535  0.00900624  0.0069998  ... -0.00429693 -0.00518041
 -0.00577116]

Residual before update:
[ 0.00091536  0.00900623  0.00699977 ... -0.00429684 -0.00518039
 -0.00577114]

Residual before update:
[ 0.00090474  0.00900543  0.00699762 ... -0.00430027 -0.00518356
 -0.00577431]

Residual before update:
[ 0.00091538  0.00900621  0.0069997  ... -0.00429667 -0.00518034
 -0.00577109]

Residual before update:
[ 0.00091539  0.0090062   0.00699967 ... -0.00429658 -0.00518031
 -0.00577107]

Residual before update:
[ 0.00092255  0.00900289  0.00700462 ... -0.00424654 -0.00518087
 -0.0057715 ]

Residual before update:
[ 0.00091541  0.00900618  0.0069996  ... -0.00429641 -0.00518026
 -0.00577102]

Residual before update:
[ 0.00093643  0.00902275  0.00700762 ... -0.00428799 -0.00518186
 -0.00577295]

Residual before update:
[ 0.00091542  0.00900617  0.00699953 ... -0.00429622 -0.00518021
 -0.00577097]

Residual before update:
[ 0.00090892  0.00890388  0.00688439 ... -0.00429723 -0.00517978
 -0.00577125]

Residual before update:
[ 0.00091542  0.00900616  0.00699952 ... -0.00429623 -0.00518022
 -0.00577097]

Residual before update:
[ 0.00091542  0.00900616  0.00699952 ... -0.00429623 -0.00518021
 -0.00577097]

Residual before update:
[ 0.00090317  0.00900514  0.00699752 ... -0.00428468 -0.00518504
 -0.00577577]

Residual before update:
[ 0.00091542  0.00900616  0.00699952 ... -0.00429623 -0.00518021
 -0.00577097]

Residual before update:
[ 0.00091542  0.00900616  0.00699952 ... -0.00429623 -0.00518022
 -0.00577097]

Residual before update:
[ 0.00092621  0.00900673  0.00700255 ... -0.00426007 -0.00517928
 -0.00577   ]

Residual before update:
[ 0.00091542  0.00900616  0.00699952 ... -0.00429623 -0.00518021
 -0.00577097]

Residual before update:
[ 0.00104663  0.00914481  0.00707594 ... -0.00418753 -0.0051675
 -0.00575829]

Residual before update:
[ 0.00091542  0.00900617  0.00699952 ... -0.00429622 -0.00518021
 -0.00577097]

Residual before update:
[ 0.0009054   0.00889948  0.00692204 ... -0.00429494 -0.00517778
 -0.00576809]

Residual before update:
[ 0.00091542  0.00900616  0.00699952 ... -0.00429623 -0.00518021
 -0.00577097]

Residual before update:
[ 0.00091542  0.00900616  0.00699952 ... -0.00429623 -0.00518021
 -0.00577097]

Residual before update:
[ 0.00090322  0.00900624  0.00699657 ... -0.00431298 -0.00518338
 -0.00577416]

Residual before update:
[ 0.00091542  0.00900616  0.00699952 ... -0.00429623 -0.00518021
 -0.00577096]

Residual before update:
[ 0.00091542  0.00900616  0.00699952 ... -0.00429623 -0.00518021
 -0.00577097]

Residual before update:
[ 0.00092001  0.00900772  0.00700014 ... -0.00426926 -0.00518086
 -0.00577161]

Residual before update:
[ 0.00091542  0.00900616  0.00699952 ... -0.00429623 -0.00518021
 -0.00577097]

Residual before update:
[ 0.00119161  0.0092006   0.0071735  ... -0.00417547 -0.00511192
 -0.00569952]

Residual before update:
[ 0.00091542  0.00900617  0.00699952 ... -0.00429621 -0.00518021
 -0.00577097]

Residual before update:
[ 0.00090664  0.0089007   0.00689821 ... -0.00429571 -0.00517908
 -0.00576989]

Residual before update:
[ 0.00091542  0.00900616  0.00699952 ... -0.00429622 -0.00518021
 -0.00577097]

Residual before update:
[ 0.00091542  0.00900616  0.00699952 ... -0.00429623 -0.00518021
 -0.00577097]

Residual before update:
[ 0.00090349  0.00900624  0.00699665 ... -0.00431271 -0.00518331
 -0.00577409]

Residual before update:
[ 0.00091542  0.00900616  0.00699952 ... -0.00429622 -0.00518021
 -0.00577096]

Residual before update:
[ 0.00091542  0.00900616  0.00699952 ... -0.00429622 -0.00518021
 -0.00577097]

Residual before update:
[ 0.00091996  0.00900771  0.00700013 ... -0.00426948 -0.00518086
 -0.00577161]

Residual before update:
[ 0.00091542  0.00900616  0.00699952 ... -0.00429622 -0.00518021
 -0.00577097]

Residual before update:
[ 0.00111595  0.00914343  0.00709295 ... -0.00420459 -0.00515076
 -0.00573814]

Residual before update:
[ 0.00091542  0.00900617  0.00699952 ... -0.00429621 -0.00518021
 -0.00577097]

Residual before update:
[ 0.0009051   0.00889858  0.00691245 ... -0.00429504 -0.00517825
 -0.00576859]

Residual before update:
[ 0.00091542  0.00900616  0.00699952 ... -0.00429622 -0.00518021
 -0.00577097]

Residual before update:
[ 0.00091542  0.00900616  0.00699952 ... -0.00429622 -0.00518021
 -0.00577096]

Residual before update:
[ 0.00090335  0.00900629  0.00699657 ... -0.00431209 -0.0051834
 -0.00577418]

Residual before update:
[ 0.00091542  0.00900616  0.00699952 ... -0.00429622 -0.00518021
 -0.00577096]

Residual before update:
[ 0.00091542  0.00900616  0.00699952 ... -0.00429622 -0.00518021
 -0.00577097]

Residual before update:
[ 0.00091991  0.0090077   0.00700012 ... -0.0042697  -0.00518086
 -0.00577161]

Residual before update:
[ 0.00091542  0.00900616  0.00699952 ... -0.00429622 -0.00518021
 -0.00577096]

Residual before update:
[ 0.0010205   0.00907508  0.00707283 ... -0.00421449 -0.00516597
 -0.00575335]

Residual before update:
[ 0.00091542  0.00900617  0.00699952 ... -0.0042962  -0.00518021
 -0.00577096]
Compute pips
###############################
TGFM
###############################
Initialize variables
Warning: 278 variants have NaN gwas_beta. Setting to 0 with large SE.
Iterative optimization

Residual before update:
[ 0.00052286 -0.00191674  0.00210386 ...  0.00991802  0.01040174
 -0.00147143]

Residual before update:
[ 0.00052288 -0.00191676  0.00210388 ...  0.00991754  0.01040125
 -0.0014713 ]

Residual before update:
[ 0.0005229  -0.00191678  0.0021039  ...  0.00991712  0.01040082
 -0.00147117]

Residual before update:
[ 0.00052292 -0.00191681  0.00210392 ...  0.00991667  0.01040036
 -0.00147104]

Residual before update:
[ 0.00052294 -0.00191683  0.00210394 ...  0.00991623  0.01039992
 -0.00147091]

Residual before update:
[ 0.00052295 -0.00191685  0.00210396 ...  0.00991578  0.01039947
 -0.00147078]

Residual before update:
[ 0.00052297 -0.00191688  0.00210398 ...  0.00991532  0.010399
 -0.00147065]

Residual before update:
[ 0.00052299 -0.0019169   0.002104   ...  0.00991489  0.01039856
 -0.00147053]

Residual before update:
[ 0.00052301 -0.00191692  0.00210402 ...  0.00991444  0.0103981
 -0.00147039]

Residual before update:
[ 0.00052303 -0.00191694  0.00210404 ...  0.00991399  0.01039764
 -0.00147027]

Residual before update:
[ 0.00052303 -0.00191694  0.00210404 ...  0.00991399  0.01039764
 -0.00147022]

Residual before update:
[ 0.00052303 -0.00191694  0.00210404 ...  0.00991372  0.01039737
 -0.00147027]

Residual before update:
[ 0.00052303 -0.00191694  0.00210404 ...  0.00991398  0.01039763
 -0.00147025]

Residual before update:
[ 0.00052303 -0.00191694  0.00210403 ...  0.00991396  0.01039762
 -0.00147027]

Residual before update:
[ 0.00052303 -0.00191694  0.00210403 ...  0.00991399  0.01039765
 -0.00147026]

Residual before update:
[ 0.00052303 -0.00191694  0.00210403 ...  0.00991399  0.01039764
 -0.00147026]

Residual before update:
[ 0.00052303 -0.00191694  0.00210403 ...  0.00991396  0.01039762
 -0.00147026]

Residual before update:
[ 0.00052303 -0.00191694  0.00210403 ...  0.00991399  0.01039764
 -0.00147027]

Residual before update:
[ 0.00052303 -0.00191694  0.00210403 ...  0.00991398  0.01039763
 -0.00147026]

Residual before update:
[ 0.00052303 -0.00191694  0.00210403 ...  0.00991397  0.01039762
 -0.00147026]

Residual before update:
[ 0.00052303 -0.00191694  0.00210403 ...  0.00991397  0.01039762
 -0.00147022]

Residual before update:
[ 0.00052303 -0.00191694  0.00210403 ...  0.0099137   0.01039735
 -0.00147026]

Residual before update:
[ 0.00052303 -0.00191694  0.00210403 ...  0.00991396  0.01039761
 -0.00147024]

Residual before update:
[ 0.00052303 -0.00191694  0.00210403 ...  0.00991394  0.0103976
 -0.00147027]

Residual before update:
[ 0.00052303 -0.00191694  0.00210403 ...  0.00991397  0.01039763
 -0.00147026]

Residual before update:
[ 0.00052303 -0.00191694  0.00210403 ...  0.00991397  0.01039762
 -0.00147026]

Residual before update:
[ 0.00052303 -0.00191694  0.00210403 ...  0.00991394  0.01039759
 -0.00147026]

Residual before update:
[ 0.00052303 -0.00191694  0.00210403 ...  0.00991397  0.01039762
 -0.00147027]

Residual before update:
[ 0.00052303 -0.00191694  0.00210403 ...  0.00991396  0.01039761
 -0.00147025]

Residual before update:
[ 0.00052303 -0.00191694  0.00210403 ...  0.00991395  0.0103976
 -0.00147026]

Residual before update:
[ 0.00052303 -0.00191694  0.00210403 ...  0.00991395  0.0103976
 -0.00147021]

Residual before update:
[ 0.00052303 -0.00191694  0.00210403 ...  0.00991368  0.01039733
 -0.00147026]

Residual before update:
[ 0.00052303 -0.00191694  0.00210403 ...  0.00991394  0.01039759
 -0.00147024]

Residual before update:
[ 0.00052303 -0.00191694  0.00210403 ...  0.00991392  0.01039757
 -0.00147026]

Residual before update:
[ 0.00052303 -0.00191694  0.00210403 ...  0.00991395  0.0103976
 -0.00147025]

Residual before update:
[ 0.00052303 -0.00191694  0.00210403 ...  0.00991395  0.0103976
 -0.00147025]

Residual before update:
[ 0.00052303 -0.00191694  0.00210403 ...  0.00991392  0.01039757
 -0.00147025]

Residual before update:
[ 0.00052303 -0.00191694  0.00210403 ...  0.00991395  0.0103976
 -0.00147026]

Residual before update:
[ 0.00052303 -0.00191694  0.00210403 ...  0.00991394  0.01039759
 -0.00147024]

Residual before update:
[ 0.00052303 -0.00191694  0.00210403 ...  0.00991393  0.01039758
 -0.00147025]

Residual before update:
[ 0.00052303 -0.00191694  0.00210404 ...  0.00991393  0.01039758
 -0.00147021]

Residual before update:
[ 0.00052303 -0.00191694  0.00210403 ...  0.00991366  0.0103973
 -0.00147025]

Residual before update:
[ 0.00052303 -0.00191694  0.00210404 ...  0.00991392  0.01039757
 -0.00147023]

Residual before update:
[ 0.00052303 -0.00191694  0.00210403 ...  0.0099139   0.01039755
 -0.00147025]

Residual before update:
[ 0.00052303 -0.00191694  0.00210404 ...  0.00991393  0.01039758
 -0.00147024]

Residual before update:
[ 0.00052303 -0.00191694  0.00210404 ...  0.00991392  0.01039758
 -0.00147024]

Residual before update:
[ 0.00052303 -0.00191694  0.00210404 ...  0.0099139   0.01039755
 -0.00147024]

Residual before update:
[ 0.00052303 -0.00191694  0.00210404 ...  0.00991392  0.01039758
 -0.00147026]

Residual before update:
[ 0.00052303 -0.00191694  0.00210404 ...  0.00991392  0.01039757
 -0.00147024]

Residual before update:
[ 0.00052303 -0.00191694  0.00210404 ...  0.0099139   0.01039755
 -0.00147024]
Compute pips
###############################
TGFM
###############################
Initialize variables
Warning: 432 variants have NaN gwas_beta. Setting to 0 with large SE.
Iterative optimization

Residual before update:
[-0.00399353 -0.00366136 -0.00376307 ... -0.0076236  -0.00753461
  0.01108954]

Residual before update:
[-0.00399358 -0.00366141 -0.00376311 ... -0.00762613 -0.00753714
  0.01108925]

Residual before update:
[-0.00399349 -0.00366133 -0.00376303 ... -0.0076234  -0.00753441
  0.01108896]

Residual before update:
[-0.00399347 -0.00366131 -0.00376301 ... -0.0076233  -0.0075343
  0.01108867]

Residual before update:
[-0.00399346 -0.0036613  -0.003763   ... -0.0076232  -0.0075342
  0.01108837]

Residual before update:
[-0.00382505 -0.00350043 -0.00360097 ... -0.00756993 -0.00748093
  0.01108185]

Residual before update:
[-0.00399344 -0.00366127 -0.00376297 ... -0.00763655 -0.00754756
  0.01107196]

Residual before update:
[-0.00399341 -0.00366124 -0.00376294 ... -0.00762289 -0.0075339
  0.01108751]

Residual before update:
[-0.00400301 -0.00367172 -0.00377342 ... -0.00792312 -0.00783412
  0.01103521]

Residual before update:
[-0.00411791 -0.00378608 -0.0038877  ... -0.00734791 -0.00725892
  0.01128546]

Residual before update:
[-0.00399337 -0.0036612  -0.00376291 ... -0.00762268 -0.00753369
  0.01108693]

Residual before update:
[-0.00399043 -0.00365827 -0.00375994 ... -0.0076369  -0.00754791
  0.01108926]

Residual before update:
[-0.00399337 -0.0036612  -0.00376291 ... -0.00762267 -0.00753368
  0.01108694]

Residual before update:
[-0.00399337 -0.0036612  -0.00376291 ... -0.00762267 -0.00753368
  0.01108694]

Residual before update:
[-0.00399338 -0.00366121 -0.00376292 ... -0.00762267 -0.00753368
  0.01108694]

Residual before update:
[-0.00381167 -0.0034865  -0.00358706 ... -0.00757577 -0.00748678
  0.01109631]

Residual before update:
[-0.00399339 -0.00366122 -0.00376292 ... -0.00764296 -0.00755397
  0.01106322]

Residual before update:
[-0.00399337 -0.0036612  -0.00376291 ... -0.00762267 -0.00753368
  0.01108694]

Residual before update:
[-0.0039934  -0.00366118 -0.00376289 ... -0.00734637 -0.00725738
  0.0112431 ]

Residual before update:
[-0.00405868 -0.00372609 -0.00382774 ... -0.00762166 -0.00753267
  0.01101515]

Residual before update:
[-0.00399337 -0.0036612  -0.00376291 ... -0.00762267 -0.00753367
  0.01108694]

Residual before update:
[-0.00399788 -0.00366568 -0.00376736 ... -0.00763626 -0.00754726
  0.01108944]

Residual before update:
[-0.00399337 -0.0036612  -0.00376291 ... -0.00762267 -0.00753367
  0.01108694]

Residual before update:
[-0.00399337 -0.0036612  -0.00376291 ... -0.00762266 -0.00753367
  0.01108694]

Residual before update:
[-0.00399338 -0.00366121 -0.00376292 ... -0.00762267 -0.00753367
  0.01108694]

Residual before update:
[-0.00381217 -0.00348699 -0.00358755 ... -0.0075764  -0.00748741
  0.01109621]

Residual before update:
[-0.00399339 -0.00366122 -0.00376292 ... -0.007643   -0.00755401
  0.01106316]

Residual before update:
[-0.00399337 -0.0036612  -0.00376291 ... -0.00762266 -0.00753367
  0.01108694]

Residual before update:
[-0.0039934  -0.00366118 -0.00376289 ... -0.00734685 -0.00725785
  0.01124284]

Residual before update:
[-0.00405654 -0.00372396 -0.00382561 ... -0.00762553 -0.00753654
  0.01109236]

Residual before update:
[-0.00399337 -0.0036612  -0.00376291 ... -0.00762266 -0.00753367
  0.01108694]

Residual before update:
[-0.0039971  -0.0036649  -0.00376658 ... -0.00763676 -0.00754777
  0.01108939]

Residual before update:
[-0.00399337 -0.0036612  -0.00376291 ... -0.00762266 -0.00753367
  0.01108693]

Residual before update:
[-0.00399337 -0.0036612  -0.00376291 ... -0.00762266 -0.00753367
  0.01108693]

Residual before update:
[-0.00399338 -0.00366121 -0.00376292 ... -0.00762266 -0.00753367
  0.01108693]

Residual before update:
[-0.00381233 -0.00348715 -0.00358772 ... -0.00757683 -0.00748783
  0.01109615]

Residual before update:
[-0.00399339 -0.00366122 -0.00376292 ... -0.00764304 -0.00755405
  0.01106311]

Residual before update:
[-0.00399337 -0.0036612  -0.00376291 ... -0.00762266 -0.00753367
  0.01108693]

Residual before update:
[-0.0039934  -0.00366118 -0.00376289 ... -0.0073479  -0.0072589
  0.01124226]

Residual before update:
[-0.00405518 -0.00372261 -0.00382426 ... -0.00762532 -0.00753633
  0.01109283]

Residual before update:
[-0.00399337 -0.0036612  -0.00376291 ... -0.00762266 -0.00753367
  0.01108693]

Residual before update:
[-0.00400244 -0.00367024 -0.00377192 ... -0.00763685 -0.00754786
  0.0110893 ]

Residual before update:
[-0.00399337 -0.0036612  -0.00376291 ... -0.00762266 -0.00753367
  0.01108693]

Residual before update:
[-0.00399337 -0.0036612  -0.00376291 ... -0.00762266 -0.00753367
  0.01108693]

Residual before update:
[-0.00399338 -0.00366121 -0.00376292 ... -0.00762266 -0.00753367
  0.01108692]

Residual before update:
[-0.00381197 -0.00348681 -0.00358737 ... -0.00757672 -0.00748773
  0.01109615]

Residual before update:
[-0.00399339 -0.00366122 -0.00376292 ... -0.00764308 -0.00755409
  0.01106305]

Residual before update:
[-0.00399337 -0.0036612  -0.00376291 ... -0.00762266 -0.00753367
  0.01108693]

Residual before update:
[-0.0039934  -0.00366118 -0.00376289 ... -0.00734895 -0.00725996
  0.01124167]

Residual before update:
[-0.00405673 -0.00372422 -0.00382587 ... -0.00762526 -0.00753627
  0.01109399]
Compute pips
###############################
TGFM
###############################
Initialize variables
Warning: 439 variants have NaN gwas_beta. Setting to 0 with large SE.
Iterative optimization

Residual before update:
[-0.00519926  0.00918319 -0.00251693 ...  0.00224522  0.
 -0.00671692]

Residual before update:
[-5.19917983e-03  9.18311888e-03 -2.51683890e-03 ...  2.24521834e-03
 -6.30227515e-15 -6.70928839e-03]

Residual before update:
[-5.19910405e-03  9.18304323e-03 -2.51674909e-03 ...  2.24522060e-03
 -1.25949206e-14 -6.70182670e-03]

Residual before update:
[-5.19902713e-03  9.18296818e-03 -2.51666057e-03 ...  2.24522366e-03
 -1.88769750e-14 -6.69452733e-03]

Residual before update:
[-5.19895261e-03  9.18289333e-03 -2.51657072e-03 ...  2.24522623e-03
 -2.51524662e-14 -6.68737725e-03]

Residual before update:
[-5.19887969e-03  9.18281843e-03 -2.51648368e-03 ...  2.24522909e-03
 -3.14202791e-14 -6.68037236e-03]

Residual before update:
[-5.19880554e-03  9.18274370e-03 -2.51639649e-03 ...  2.24523234e-03
 -3.76787328e-14 -6.67351160e-03]

Residual before update:
[-5.19872917e-03  9.18267038e-03 -2.51630657e-03 ...  2.24523680e-03
 -4.39266117e-14 -6.66679243e-03]

Residual before update:
[-5.19865887e-03  9.18259503e-03 -2.51622213e-03 ...  2.24523914e-03
 -5.01729423e-14 -6.66019012e-03]

Residual before update:
[-5.19858556e-03  9.18252150e-03 -2.51613490e-03 ...  2.24524268e-03
 -5.64068004e-14 -6.65372043e-03]

Residual before update:
[-5.19858788e-03  9.18252279e-03 -2.51613958e-03 ...  2.24524504e-03
 -5.63300697e-14 -6.65500379e-03]

Residual before update:
[-5.19859058e-03  9.18252425e-03 -2.51614132e-03 ...  2.24524581e-03
 -5.63227429e-14 -6.65602989e-03]

Residual before update:
[-5.19859198e-03  9.18252439e-03 -2.51614168e-03 ...  2.24524675e-03
 -5.63224213e-14 -6.65688515e-03]

Residual before update:
[-5.19858829e-03  9.18252512e-03 -2.51614481e-03 ...  2.24524842e-03
 -5.63252411e-14 -6.65757714e-03]

Residual before update:
[-5.19859096e-03  9.18252507e-03 -2.51614247e-03 ...  2.24524741e-03
 -5.63399357e-14 -6.65810227e-03]

Residual before update:
[-5.19859454e-03  9.18252428e-03 -2.51614520e-03 ...  2.24524677e-03
 -5.63608763e-14 -6.65847725e-03]

Residual before update:
[-5.19859415e-03  9.18252340e-03 -2.51614582e-03 ...  2.24524651e-03
 -5.63870459e-14 -6.65871501e-03]

Residual before update:
[-5.19859014e-03  9.18252404e-03 -2.51614178e-03 ...  2.24524757e-03
 -5.64194660e-14 -6.65882283e-03]

Residual before update:
[-5.19859312e-03  9.18252186e-03 -2.51614413e-03 ...  2.24524576e-03
 -5.64607421e-14 -6.65879611e-03]

Residual before update:
[-5.19859160e-03  9.18252157e-03 -2.51614224e-03 ...  2.24524540e-03
 -5.65066522e-14 -6.65865467e-03]

Residual before update:
[-5.19859023e-03  9.18252072e-03 -2.51614296e-03 ...  2.24524566e-03
 -5.64944192e-14 -6.65860112e-03]

Residual before update:
[-5.19859002e-03  9.18252068e-03 -2.51614152e-03 ...  2.24524511e-03
 -5.65416152e-14 -6.65849950e-03]

Residual before update:
[-5.19858916e-03  9.18251973e-03 -2.51613932e-03 ...  2.24524534e-03
 -5.65914029e-14 -6.65841812e-03]

Residual before update:
[-5.19858378e-03  9.18251973e-03 -2.51614051e-03 ...  2.24524672e-03
 -5.66399469e-14 -6.65835260e-03]

Residual before update:
[-5.19858535e-03  9.18251931e-03 -2.51613680e-03 ...  2.24524573e-03
 -5.66887529e-14 -6.65829429e-03]

Residual before update:
[-5.19858832e-03  9.18251836e-03 -2.51613868e-03 ...  2.24524533e-03
 -5.67367208e-14 -6.65824393e-03]

Residual before update:
[-5.19858769e-03  9.18251747e-03 -2.51613885e-03 ...  2.24524543e-03
 -5.67858175e-14 -6.65820101e-03]

Residual before update:
[-5.19858370e-03  9.18251821e-03 -2.51613464e-03 ...  2.24524694e-03
 -5.68378460e-14 -6.65816188e-03]

Residual before update:
[-5.19858714e-03  9.18251628e-03 -2.51613729e-03 ...  2.24524558e-03
 -5.68845523e-14 -6.65812146e-03]

Residual before update:
[-5.19858625e-03  9.18251628e-03 -2.51613592e-03 ...  2.24524565e-03
 -5.69330308e-14 -6.65808048e-03]

Residual before update:
[-5.19858524e-03  9.18251560e-03 -2.51613696e-03 ...  2.24524615e-03
 -5.69239305e-14 -6.65810240e-03]

Residual before update:
[-5.19858527e-03  9.18251566e-03 -2.51613572e-03 ...  2.24524570e-03
 -5.69715236e-14 -6.65805678e-03]

Residual before update:
[-5.19858446e-03  9.18251472e-03 -2.51613358e-03 ...  2.24524593e-03
 -5.70240010e-14 -6.65801127e-03]

Residual before update:
[-5.19857899e-03  9.18251467e-03 -2.51613474e-03 ...  2.24524728e-03
 -5.70772934e-14 -6.65796508e-03]

Residual before update:
[-5.19858053e-03  9.18251422e-03 -2.51613099e-03 ...  2.24524619e-03
 -5.71255047e-14 -6.65791940e-03]

Residual before update:
[-5.19858346e-03  9.18251325e-03 -2.51613285e-03 ...  2.24524569e-03
 -5.71720651e-14 -6.65787396e-03]

Residual before update:
[-5.19858271e-03  9.18251229e-03 -2.51613294e-03 ...  2.24524570e-03
 -5.72220967e-14 -6.65782830e-03]

Residual before update:
[-5.19857857e-03  9.18251296e-03 -2.51612859e-03 ...  2.24524716e-03
 -5.72783695e-14 -6.65778053e-03]

Residual before update:
[-5.19858202e-03  9.18251104e-03 -2.51613127e-03 ...  2.24524574e-03
 -5.73216542e-14 -6.65773776e-03]

Residual before update:
[-5.19858110e-03  9.18251103e-03 -2.51612986e-03 ...  2.24524581e-03
 -5.73708848e-14 -6.65769244e-03]

Residual before update:
[-5.19858008e-03  9.18251031e-03 -2.51613089e-03 ...  2.24524633e-03
 -5.73632649e-14 -6.65771083e-03]

Residual before update:
[-5.19858014e-03  9.18251041e-03 -2.51612967e-03 ...  2.24524589e-03
 -5.74097967e-14 -6.65766486e-03]

Residual before update:
[-5.19857933e-03  9.18250946e-03 -2.51612752e-03 ...  2.24524615e-03
 -5.74638890e-14 -6.65761738e-03]

Residual before update:
[-5.19857380e-03  9.18250936e-03 -2.51612865e-03 ...  2.24524752e-03
 -5.75212355e-14 -6.65756756e-03]

Residual before update:
[-5.19857538e-03  9.18250894e-03 -2.51612490e-03 ...  2.24524644e-03
 -5.75682937e-14 -6.65752314e-03]

Residual before update:
[-5.19857836e-03  9.18250799e-03 -2.51612682e-03 ...  2.24524594e-03
 -5.76131198e-14 -6.65747960e-03]

Residual before update:
[-5.19857761e-03  9.18250702e-03 -2.51612691e-03 ...  2.24524595e-03
 -5.76640320e-14 -6.65743353e-03]

Residual before update:
[-5.19857339e-03  9.18250764e-03 -2.51612246e-03 ...  2.24524742e-03
 -5.77247338e-14 -6.65738218e-03]

Residual before update:
[-5.19857691e-03  9.18250575e-03 -2.51612521e-03 ...  2.24524599e-03
 -5.77646272e-14 -6.65734265e-03]

Residual before update:
[-5.19857597e-03  9.18250573e-03 -2.51612378e-03 ...  2.24524605e-03
 -5.78147716e-14 -6.65729669e-03]
Compute pips
NaNs found in variant PIPs at indices: [3624 3683 3688 3759 3786 3832 3841 3842 3843 3849 3852 3858 3864 3865
 3872 3873 3879 3880 3885 3886 3899 3904 3905 3906 3907 3908 3909 3910
 3911 3912 3913 3914 3916 3917 3918 3920 3922 3923 3924 3925 3928 3929
 3930 3931 3932 3933 3935 3936 3937 3938 3939 3940 3941 3942 3943 3944
 3945 3946 3947 3948 3949 3950 3951 3953 3954 3955 3957 3958 3959 3962
 3963 3964 3965 3966 3967 3968 3970 3971 3972 3974 3975 3977 3978 3979
 3981 3982 3983 3984 3985 3986 3989 3990 3991 3993 3994 3995 3996 3997
 3998 3999 4000 4001 4002 4003 4005 4006 4007 4008 4009 4010 4013 4014
 4015 4016 4017 4018 4019 4020 4021 4022 4023 4024 4025 4026 4027 4028
 4029 4032 4033 4034 4035 4036 4038 4039 4040 4041 4042 4043 4044 4045
 4046 4047 4048 4050 4051 4052 4053 4054 4055 4056 4057 4058 4059 4060
 4061 4063 4064 4065 4066 4067 4070 4072 4073 4075 4076 4084 4093 4097
 4099 4101 4110 4113 4117 4129 4137 4146 4147 4152 4157 4160 4171 4180
 4256 4261 4262 4263 4265 4266 4269 4272 4274 4282 4284 4288 4289 4291
 4292 4295 4300 4302 4304 4308 4315 4316 4320 4327 4334 4335 4337 4340
 4345 4346 4347 4348 4350 4355 4358 4361 4362 4364 4365 4367 4373 4375
 4376 4377 4381 4383 4384 4395 4397 4398 4399 4403]
###############################
TGFM
###############################
Initialize variables
Warning: 510 variants have NaN gwas_beta. Setting to 0 with large SE.
Iterative optimization

Residual before update:
[0.00269379 0.00250494 0.00313879 ... 0.00154661 0.00231293 0.00647054]

Residual before update:
[0.00269385 0.00250499 0.00313884 ... 0.00154661 0.00231284 0.00647055]

Residual before update:
[0.00269381 0.00250495 0.0031388  ... 0.00154661 0.00231275 0.00647057]

Residual before update:
[0.00269396 0.00250509 0.00313893 ... 0.00154662 0.00231266 0.00647058]

Residual before update:
[0.00269399 0.00250512 0.00313896 ... 0.00154661 0.00231257 0.00647059]

Residual before update:
[0.00269294 0.00250392 0.00313777 ... 0.00154725 0.00231399 0.00646956]

Residual before update:
[0.00273781 0.00255659 0.00318956 ... 0.00154228 0.00231567 0.00647019]

Residual before update:
[0.00269416 0.00250527 0.0031391  ... 0.00154662 0.00231231 0.00647063]

Residual before update:
[0.00269416 0.00250527 0.0031391  ... 0.00154661 0.00231222 0.00647064]

Residual before update:
[0.00269418 0.00250529 0.00313912 ... 0.00154662 0.00231213 0.00647065]

Residual before update:
[0.00269424 0.00250535 0.00313918 ... 0.00154661 0.00231212 0.00647065]

Residual before update:
[0.00269424 0.00250535 0.00313918 ... 0.00154661 0.00231212 0.00647065]

Residual before update:
[0.00269382 0.00250495 0.00313878 ... 0.00154661 0.00231212 0.00647064]

Residual before update:
[0.00269424 0.00250535 0.00313918 ... 0.00154661 0.00231212 0.00647064]

Residual before update:
[0.0026942  0.00250532 0.00313915 ... 0.0015466  0.00231211 0.00647064]

Residual before update:
[0.00285987 0.00273016 0.00337953 ... 0.0015026  0.00230602 0.00643084]

Residual before update:
[0.0027414  0.00256111 0.00319462 ... 0.00153958 0.00231476 0.00646947]

Residual before update:
[0.00269423 0.00250534 0.00313918 ... 0.00154661 0.00231211 0.00647064]

Residual before update:
[0.00269418 0.0025053  0.00313913 ... 0.0015466  0.0023121  0.00647064]

Residual before update:
[0.00269416 0.00250528 0.00313911 ... 0.00154661 0.00231211 0.00647064]

Residual before update:
[0.00269423 0.00250534 0.00313917 ... 0.00154661 0.00231211 0.00647064]

Residual before update:
[0.00269423 0.00250534 0.00313917 ... 0.00154661 0.00231211 0.00647064]

Residual before update:
[0.00269382 0.00250495 0.00313878 ... 0.00154661 0.00231211 0.00647064]

Residual before update:
[0.00269424 0.00250535 0.00313918 ... 0.00154661 0.00231211 0.00647064]

Residual before update:
[0.00269421 0.00250532 0.00313916 ... 0.0015466  0.0023121  0.00647064]

Residual before update:
[0.00288435 0.0027562  0.00340868 ... 0.00213542 0.00234204 0.00654132]

Residual before update:
[0.00273522 0.00255377 0.00318729 ... 0.00154068 0.00231449 0.00646969]

Residual before update:
[0.00269424 0.00250535 0.00313918 ... 0.00154661 0.0023121  0.00647064]

Residual before update:
[0.00269418 0.0025053  0.00313913 ... 0.0015466  0.0023121  0.00647064]

Residual before update:
[0.00269417 0.00250528 0.00313911 ... 0.00154661 0.0023121  0.00647064]

Residual before update:
[0.00269423 0.00250534 0.00313918 ... 0.0015466  0.0023121  0.00647064]

Residual before update:
[0.00269423 0.00250535 0.00313918 ... 0.0015466  0.0023121  0.00647064]

Residual before update:
[0.00269382 0.00250495 0.00313878 ... 0.00154661 0.0023121  0.00647064]

Residual before update:
[0.00269424 0.00250535 0.00313918 ... 0.00154661 0.0023121  0.00647064]

Residual before update:
[0.00269421 0.00250533 0.00313916 ... 0.0015466  0.00231209 0.00647064]

Residual before update:
[0.00283392 0.00268973 0.00334025 ... 0.00177888 0.00231485 0.00647596]

Residual before update:
[0.00273861 0.00255777 0.00319125 ... 0.00154023 0.00231469 0.00646962]

Residual before update:
[0.00269424 0.00250535 0.00313918 ... 0.00154661 0.0023121  0.00647064]

Residual before update:
[0.00269419 0.00250531 0.00313914 ... 0.0015466  0.00231209 0.00647064]

Residual before update:
[0.00269417 0.00250528 0.00313912 ... 0.00154661 0.0023121  0.00647064]

Residual before update:
[0.00269423 0.00250535 0.00313918 ... 0.0015466  0.0023121  0.00647064]

Residual before update:
[0.00269424 0.00250535 0.00313918 ... 0.0015466  0.00231209 0.00647064]

Residual before update:
[0.00269382 0.00250495 0.00313878 ... 0.00154661 0.0023121  0.00647064]

Residual before update:
[0.00269424 0.00250535 0.00313919 ... 0.00154661 0.0023121  0.00647064]

Residual before update:
[0.00269421 0.00250533 0.00313916 ... 0.0015466  0.00231209 0.00647064]

Residual before update:
[0.002866   0.0027355  0.00338639 ... 0.00181136 0.00232824 0.00648369]

Residual before update:
[0.00273761 0.0025566  0.00319009 ... 0.00154035 0.00231462 0.00646964]

Residual before update:
[0.00269424 0.00250535 0.00313919 ... 0.00154661 0.00231209 0.00647064]

Residual before update:
[0.00269419 0.00250531 0.00313914 ... 0.0015466  0.00231209 0.00647064]

Residual before update:
[0.00269417 0.00250529 0.00313912 ... 0.00154661 0.00231209 0.00647064]
Compute pips
###############################
TGFM
###############################
Initialize variables
Warning: 483 variants have NaN gwas_beta. Setting to 0 with large SE.
Iterative optimization

Residual before update:
[-7.31115097e-03 -6.28872665e-03 -3.88286468e-03 ... -5.53724359e-05
  7.58477740e-04 -3.26405938e-03]

Residual before update:
[-7.30817200e-03 -6.28575026e-03 -3.88233568e-03 ... -5.53699863e-05
  7.58464855e-04 -3.26405454e-03]

Residual before update:
[-7.30550753e-03 -6.28308861e-03 -3.88194663e-03 ... -5.53674752e-05
  7.58451915e-04 -3.26404965e-03]

Residual before update:
[-7.30312764e-03 -6.28071175e-03 -3.88168564e-03 ... -5.53649109e-05
  7.58438899e-04 -3.26404473e-03]

Residual before update:
[-7.30100785e-03 -6.27859519e-03 -3.88154294e-03 ... -5.53622980e-05
  7.58425864e-04 -3.26403980e-03]

Residual before update:
[-7.29912536e-03 -6.27671611e-03 -3.88150837e-03 ... -5.53596862e-05
  7.58412772e-04 -3.26403489e-03]

Residual before update:
[-7.29746166e-03 -6.27505599e-03 -3.88157481e-03 ... -5.53570446e-05
  7.58399596e-04 -3.26403003e-03]

Residual before update:
[-7.29599957e-03 -6.27359763e-03 -3.88173443e-03 ... -5.53542364e-05
  7.58386583e-04 -3.26402528e-03]

Residual before update:
[-7.29472459e-03 -6.27232653e-03 -3.88198142e-03 ... -5.53517270e-05
  7.58373191e-04 -3.26402044e-03]

Residual before update:
[-7.41925625e-03 -6.38869686e-03 -4.06308530e-03 ... -6.79965036e-05
  7.44811726e-04 -3.26409672e-03]

Residual before update:
[-7.29566224e-03 -6.27326974e-03 -3.88324194e-03 ... -5.53488784e-05
  7.58359498e-04 -3.26401591e-03]

Residual before update:
[-7.29727220e-03 -6.27488095e-03 -3.88398764e-03 ... -5.53486595e-05
  7.58359024e-04 -3.26401604e-03]

Residual before update:
[-7.29851475e-03 -6.27612445e-03 -3.88456546e-03 ... -5.53486147e-05
  7.58358664e-04 -3.26401635e-03]

Residual before update:
[-7.29943204e-03 -6.27704242e-03 -3.88499421e-03 ... -5.53485697e-05
  7.58358297e-04 -3.26401658e-03]

Residual before update:
[-7.30006516e-03 -6.27767599e-03 -3.88529240e-03 ... -5.53485162e-05
  7.58358094e-04 -3.26401678e-03]

Residual before update:
[-7.30044631e-03 -6.27805740e-03 -3.88547291e-03 ... -5.53485360e-05
  7.58357911e-04 -3.26401693e-03]

Residual before update:
[-7.30060677e-03 -6.27821795e-03 -3.88555136e-03 ... -5.53485339e-05
  7.58357717e-04 -3.26401706e-03]

Residual before update:
[-7.30057228e-03 -6.27818339e-03 -3.88553868e-03 ... -5.53483329e-05
  7.58357849e-04 -3.26401721e-03]

Residual before update:
[-7.30036747e-03 -6.27797839e-03 -3.88544653e-03 ... -5.53485287e-05
  7.58357582e-04 -3.26401711e-03]

Residual before update:
[-7.39802165e-03 -6.36746593e-03 -4.04828048e-03 ... -6.80715940e-05
  7.44726474e-04 -3.26406678e-03]

Residual before update:
[-7.29979071e-03 -6.27740109e-03 -3.88517684e-03 ... -5.53485685e-05
  7.58357626e-04 -3.26401703e-03]

Residual before update:
[-7.29965245e-03 -6.27726274e-03 -3.88511740e-03 ... -5.53484874e-05
  7.58357540e-04 -3.26401689e-03]

Residual before update:
[-7.29958758e-03 -6.27719785e-03 -3.88509244e-03 ... -5.53485189e-05
  7.58357478e-04 -3.26401691e-03]

Residual before update:
[-7.29957328e-03 -6.27718357e-03 -3.88509162e-03 ... -5.53485071e-05
  7.58357330e-04 -3.26401688e-03]

Residual before update:
[-7.29959422e-03 -6.27720458e-03 -3.88510804e-03 ... -5.53484583e-05
  7.58357277e-04 -3.26401683e-03]

Residual before update:
[-7.29963356e-03 -6.27724399e-03 -3.88513220e-03 ... -5.53484658e-05
  7.58357186e-04 -3.26401679e-03]

Residual before update:
[-7.29967995e-03 -6.27729046e-03 -3.88516031e-03 ... -5.53484417e-05
  7.58357031e-04 -3.26401677e-03]

Residual before update:
[-7.29972204e-03 -6.27733263e-03 -3.88518636e-03 ... -5.53482132e-05
  7.58357158e-04 -3.26401685e-03]

Residual before update:
[-7.29975225e-03 -6.27736291e-03 -3.88520689e-03 ... -5.53483849e-05
  7.58356848e-04 -3.26401672e-03]

Residual before update:
[-7.39932553e-03 -6.36869792e-03 -4.05003178e-03 ... -6.81806474e-05
  7.44608455e-04 -3.26406755e-03]

Residual before update:
[-7.29977303e-03 -6.27738373e-03 -3.88522150e-03 ... -5.53483897e-05
  7.58356766e-04 -3.26401670e-03]

Residual before update:
[-7.29976329e-03 -6.27737403e-03 -3.88522342e-03 ... -5.53483028e-05
  7.58356650e-04 -3.26401659e-03]

Residual before update:
[-7.29975163e-03 -6.27736239e-03 -3.88522404e-03 ... -5.53483338e-05
  7.58356573e-04 -3.26401663e-03]

Residual before update:
[-7.29973869e-03 -6.27734947e-03 -3.88522415e-03 ... -5.53483240e-05
  7.58356421e-04 -3.26401660e-03]

Residual before update:
[-7.29972854e-03 -6.27733934e-03 -3.88522610e-03 ... -5.53482779e-05
  7.58356371e-04 -3.26401656e-03]

Residual before update:
[-7.29972021e-03 -6.27733104e-03 -3.88522784e-03 ... -5.53482887e-05
  7.58356286e-04 -3.26401652e-03]

Residual before update:
[-7.29971516e-03 -6.27732602e-03 -3.88523167e-03 ... -5.53482672e-05
  7.58356139e-04 -3.26401650e-03]

Residual before update:
[-7.29971219e-03 -6.27732308e-03 -3.88523651e-03 ... -5.53480386e-05
  7.58356273e-04 -3.26401657e-03]

Residual before update:
[-7.29971170e-03 -6.27732262e-03 -3.88524242e-03 ... -5.53482127e-05
  7.58355968e-04 -3.26401644e-03]

Residual before update:
[-7.39978699e-03 -6.36908971e-03 -4.05124032e-03 ... -6.82906587e-05
  7.44489442e-04 -3.26406726e-03]

Residual before update:
[-7.29972418e-03 -6.27733514e-03 -3.88525311e-03 ... -5.53482174e-05
  7.58355887e-04 -3.26401642e-03]

Residual before update:
[-7.29972294e-03 -6.27733394e-03 -3.88525913e-03 ... -5.53481292e-05
  7.58355768e-04 -3.26401630e-03]

Residual before update:
[-7.29972205e-03 -6.27733309e-03 -3.88526493e-03 ... -5.53481599e-05
  7.58355688e-04 -3.26401634e-03]

Residual before update:
[-7.29971934e-03 -6.27733041e-03 -3.88526996e-03 ... -5.53481497e-05
  7.58355532e-04 -3.26401632e-03]

Residual before update:
[-7.29971724e-03 -6.27732834e-03 -3.88527585e-03 ... -5.53481028e-05
  7.58355479e-04 -3.26401628e-03]

Residual before update:
[-7.29971404e-03 -6.27732518e-03 -3.88528010e-03 ... -5.53481134e-05
  7.58355393e-04 -3.26401624e-03]

Residual before update:
[-7.29971118e-03 -6.27732235e-03 -3.88528504e-03 ... -5.53480917e-05
  7.58355244e-04 -3.26401622e-03]

Residual before update:
[-7.29970792e-03 -6.27731912e-03 -3.88528992e-03 ... -5.53478611e-05
  7.58355377e-04 -3.26401629e-03]

Residual before update:
[-7.29970560e-03 -6.27731684e-03 -3.88529495e-03 ... -5.53480366e-05
  7.58355070e-04 -3.26401616e-03]

Residual before update:
[-7.40018971e-03 -6.36942142e-03 -4.05243380e-03 ... -6.84027918e-05
  7.44368088e-04 -3.26406681e-03]
Compute pips
###############################
TGFM
###############################
Initialize variables
Warning: 515 variants have NaN gwas_beta. Setting to 0 with large SE.
Iterative optimization

Residual before update:
[-0.00536322  0.00205373 -0.00372577 ... -0.01210855 -0.00540673
 -0.00476104]

Residual before update:
[-0.00536321  0.00205372 -0.00372577 ... -0.01210858 -0.0054068
 -0.00476104]

Residual before update:
[-0.00536321  0.00205372 -0.00372577 ... -0.0121086  -0.00540687
 -0.00476104]

Residual before update:
[-0.00536323  0.00205369 -0.00372581 ... -0.01210711 -0.00540672
 -0.00476068]

Residual before update:
[-0.0053632   0.00205371 -0.00372576 ... -0.01210866 -0.005407
 -0.00476104]

Residual before update:
[-0.0053632   0.00205371 -0.00372576 ... -0.01210868 -0.00540707
 -0.00476104]

Residual before update:
[-0.0053632   0.0020537  -0.00372575 ... -0.01210871 -0.00540714
 -0.00476104]

Residual before update:
[-0.00536319  0.0020537  -0.00372575 ... -0.01210874 -0.00540721
 -0.00476104]

Residual before update:
[-0.00536319  0.0020537  -0.00372575 ... -0.01210876 -0.00540728
 -0.00476104]

Residual before update:
[-0.00536319  0.00205369 -0.00372574 ... -0.01210879 -0.00540734
 -0.00476104]

Residual before update:
[-0.00536319  0.00205369 -0.00372574 ... -0.01210879 -0.00540735
 -0.00476105]

Residual before update:
[-0.00536319  0.00205369 -0.00372574 ... -0.01210879 -0.00540735
 -0.00476105]

Residual before update:
[-0.00536319  0.00205369 -0.00372575 ... -0.01210879 -0.00540735
 -0.00476105]

Residual before update:
[-0.0053633   0.0020536  -0.00372594 ... -0.01210532 -0.00540685
 -0.00476016]

Residual before update:
[-0.00536319  0.00205369 -0.00372575 ... -0.01210879 -0.00540735
 -0.00476105]

Residual before update:
[-0.00536319  0.00205369 -0.00372575 ... -0.01210879 -0.00540735
 -0.00476105]

Residual before update:
[-0.00536319  0.00205369 -0.00372575 ... -0.01210878 -0.00540735
 -0.00476105]

Residual before update:
[-0.00536319  0.00205369 -0.00372575 ... -0.01210878 -0.00540735
 -0.00476105]

Residual before update:
[-0.00536319  0.00205369 -0.00372575 ... -0.01210878 -0.00540735
 -0.00476105]

Residual before update:
[-0.00536319  0.00205369 -0.00372575 ... -0.01210878 -0.00540735
 -0.00476105]

Residual before update:
[-0.00536319  0.00205369 -0.00372575 ... -0.01210878 -0.00540735
 -0.00476105]

Residual before update:
[-0.00536319  0.00205369 -0.00372575 ... -0.01210878 -0.00540735
 -0.00476105]

Residual before update:
[-0.00536319  0.00205369 -0.00372575 ... -0.01210878 -0.00540735
 -0.00476105]

Residual before update:
[-0.00536335  0.00205358 -0.00372599 ... -0.01210637 -0.005407
 -0.00476038]

Residual before update:
[-0.00536319  0.00205369 -0.00372575 ... -0.01210878 -0.00540735
 -0.00476105]

Residual before update:
[-0.00536319  0.00205369 -0.00372575 ... -0.01210878 -0.00540735
 -0.00476105]

Residual before update:
[-0.00536319  0.00205369 -0.00372575 ... -0.01210878 -0.00540735
 -0.00476105]

Residual before update:
[-0.00536319  0.00205369 -0.00372575 ... -0.01210878 -0.00540735
 -0.00476105]

Residual before update:
[-0.00536319  0.00205369 -0.00372575 ... -0.01210878 -0.00540735
 -0.00476105]

Residual before update:
[-0.00536319  0.00205369 -0.00372575 ... -0.01210878 -0.00540735
 -0.00476105]

Residual before update:
[-0.00536319  0.00205369 -0.00372575 ... -0.01210878 -0.00540735
 -0.00476105]

Residual before update:
[-0.00536319  0.00205369 -0.00372575 ... -0.01210878 -0.00540735
 -0.00476105]

Residual before update:
[-0.00536319  0.00205369 -0.00372575 ... -0.01210878 -0.00540735
 -0.00476105]

Residual before update:
[-0.00536339  0.00205356 -0.00372604 ... -0.01210737 -0.00540714
 -0.00476058]

Residual before update:
[-0.00536319  0.00205369 -0.00372575 ... -0.01210878 -0.00540735
 -0.00476105]

Residual before update:
[-0.00536319  0.00205369 -0.00372575 ... -0.01210878 -0.00540735
 -0.00476105]

Residual before update:
[-0.00536319  0.00205369 -0.00372575 ... -0.01210878 -0.00540735
 -0.00476105]

Residual before update:
[-0.00536319  0.00205369 -0.00372575 ... -0.01210878 -0.00540735
 -0.00476105]

Residual before update:
[-0.00536319  0.00205369 -0.00372575 ... -0.01210878 -0.00540735
 -0.00476105]

Residual before update:
[-0.00536319  0.00205369 -0.00372575 ... -0.01210878 -0.00540735
 -0.00476105]

Residual before update:
[-0.00536319  0.00205369 -0.00372575 ... -0.01210878 -0.00540735
 -0.00476105]

Residual before update:
[-0.00536319  0.00205369 -0.00372575 ... -0.01210878 -0.00540735
 -0.00476105]

Residual before update:
[-0.00536319  0.00205369 -0.00372575 ... -0.01210878 -0.00540735
 -0.00476105]

Residual before update:
[-0.00536341  0.00205356 -0.00372606 ... -0.01210785 -0.00540721
 -0.00476068]

Residual before update:
[-0.00536319  0.00205369 -0.00372575 ... -0.01210878 -0.00540735
 -0.00476105]

Residual before update:
[-0.00536319  0.00205369 -0.00372575 ... -0.01210878 -0.00540736
 -0.00476105]

Residual before update:
[-0.00536319  0.00205369 -0.00372575 ... -0.01210878 -0.00540736
 -0.00476105]

Residual before update:
[-0.00536319  0.00205369 -0.00372575 ... -0.01210878 -0.00540736
 -0.00476105]

Residual before update:
[-0.00536319  0.00205369 -0.00372575 ... -0.01210878 -0.00540736
 -0.00476105]

Residual before update:
[-0.00536319  0.00205369 -0.00372575 ... -0.01210878 -0.00540736
 -0.00476105]
Compute pips
###############################
TGFM
###############################
Initialize variables
Warning: 497 variants have NaN gwas_beta. Setting to 0 with large SE.
Iterative optimization

Residual before update:
[ 0.00617956  0.00324568 -0.00671529 ... -0.00050888  0.01392938
 -0.00142386]

Residual before update:
[ 0.00617957  0.00324571 -0.00671514 ... -0.00050888  0.01392904
 -0.00142389]

Residual before update:
[ 0.00617854  0.00324289 -0.00671528 ... -0.00050903  0.01392862
 -0.00142547]

Residual before update:
[ 0.00617959  0.00324576 -0.00671482 ... -0.00050889  0.01392837
 -0.00142393]

Residual before update:
[ 0.0061796   0.00324579 -0.00671467 ... -0.00050889  0.01392803
 -0.00142396]

Residual before update:
[ 0.0061796   0.00324582 -0.00671451 ... -0.0005089   0.01392769
 -0.00142399]

Residual before update:
[ 0.00618316  0.00324832 -0.00671668 ... -0.00051229  0.01392198
 -0.00141866]

Residual before update:
[ 0.00617962  0.00324588 -0.0067142  ... -0.00050891  0.01392701
 -0.00142403]

Residual before update:
[ 0.00617963  0.00324591 -0.00671405 ... -0.00050891  0.01392667
 -0.00142406]

Residual before update:
[ 0.00617963  0.00324593 -0.0067139  ... -0.00050891  0.01392633
 -0.00142408]

Residual before update:
[ 0.00617401  0.00325029 -0.00671915 ... -0.00051462  0.01391566
 -0.00141057]

Residual before update:
[ 0.00617963  0.00324593 -0.0067139  ... -0.00050892  0.01392631
 -0.00142408]

Residual before update:
[ 0.00617979  0.00325811 -0.00670964 ... -0.00050329  0.01393589
 -0.00142202]

Residual before update:
[ 0.00617962  0.00324593 -0.0067139  ... -0.00050892  0.0139263
 -0.00142408]

Residual before update:
[ 0.00617962  0.00324593 -0.0067139  ... -0.00050892  0.0139263
 -0.00142408]

Residual before update:
[ 0.00617962  0.00324593 -0.0067139  ... -0.00050892  0.0139263
 -0.00142409]

Residual before update:
[ 0.00617013  0.00323554 -0.0067101  ... -0.00050108  0.01394182
 -0.00143999]

Residual before update:
[ 0.00617962  0.00324593 -0.0067139  ... -0.00050892  0.01392629
 -0.00142408]

Residual before update:
[ 0.00617962  0.00324593 -0.0067139  ... -0.00050892  0.01392629
 -0.00142408]

Residual before update:
[ 0.00617963  0.00324593 -0.0067139  ... -0.00050892  0.01392629
 -0.00142408]

Residual before update:
[ 0.00797196  0.00399521 -0.0078301  ... -0.00222783  0.01108092
  0.00063018]

Residual before update:
[ 0.00617963  0.00324593 -0.0067139  ... -0.00050892  0.01392629
 -0.00142408]

Residual before update:
[ 0.00568027  0.00330494 -0.00611107 ...  0.00036277  0.01541765
 -0.00262983]

Residual before update:
[ 0.00617963  0.00324593 -0.0067139  ... -0.00050892  0.01392629
 -0.00142408]

Residual before update:
[ 0.00617963  0.00324593 -0.00671389 ... -0.00050892  0.01392629
 -0.00142408]

Residual before update:
[ 0.00617963  0.00324593 -0.00671389 ... -0.00050892  0.01392628
 -0.00142409]

Residual before update:
[ 0.00618676  0.00327638 -0.00671856 ... -0.00050556  0.01393517
 -0.00140364]

Residual before update:
[ 0.00617963  0.00324593 -0.00671389 ... -0.00050892  0.01392628
 -0.00142409]

Residual before update:
[ 0.00617963  0.00324593 -0.00671389 ... -0.00050892  0.01392628
 -0.00142409]

Residual before update:
[ 0.00617963  0.00324593 -0.00671389 ... -0.00050892  0.01392628
 -0.00142409]

Residual before update:
[ 0.00586378  0.00456355 -0.0052668  ...  0.00048038  0.01449194
 -0.00179288]

Residual before update:
[ 0.00617963  0.00324593 -0.00671389 ... -0.00050892  0.01392627
 -0.00142409]

Residual before update:
[ 0.0055419   0.00384824 -0.00749825 ... -0.00043773  0.01406438
 -0.00172107]

Residual before update:
[ 0.00617963  0.00324593 -0.00671389 ... -0.00050892  0.01392627
 -0.00142409]

Residual before update:
[ 0.00617963  0.00324593 -0.00671389 ... -0.00050892  0.01392627
 -0.00142409]

Residual before update:
[ 0.00617963  0.00324593 -0.00671389 ... -0.00050892  0.01392627
 -0.00142409]

Residual before update:
[ 0.0061791   0.00327096 -0.00671854 ... -0.00053653  0.01387609
 -0.00138811]

Residual before update:
[ 0.00617963  0.00324593 -0.00671388 ... -0.00050892  0.01392626
 -0.00142409]

Residual before update:
[ 0.00617963  0.00324593 -0.00671388 ... -0.00050892  0.01392626
 -0.00142409]

Residual before update:
[ 0.00617963  0.00324593 -0.00671388 ... -0.00050892  0.01392626
 -0.00142409]

Residual before update:
[ 0.00649876  0.00437868 -0.00669637 ... -0.00022147  0.0143617
 -0.00116442]

Residual before update:
[ 0.00617963  0.00324593 -0.00671388 ... -0.00050892  0.01392626
 -0.00142409]

Residual before update:
[ 0.00560414  0.00311665 -0.00742128 ... -0.00070046  0.01370114
 -0.00160268]

Residual before update:
[ 0.00617963  0.00324594 -0.00671388 ... -0.00050892  0.01392625
 -0.00142409]

Residual before update:
[ 0.00617963  0.00324594 -0.00671388 ... -0.00050892  0.01392625
 -0.00142409]

Residual before update:
[ 0.00617963  0.00324594 -0.00671388 ... -0.00050892  0.01392625
 -0.00142409]

Residual before update:
[ 0.00618356  0.00327973 -0.00670992 ... -0.00050251  0.01393936
 -0.0014129 ]

Residual before update:
[ 0.00617963  0.00324594 -0.00671388 ... -0.00050892  0.01392624
 -0.00142409]

Residual before update:
[ 0.00617963  0.00324594 -0.00671387 ... -0.00050892  0.01392624
 -0.00142409]

Residual before update:
[ 0.00617963  0.00324594 -0.00671387 ... -0.00050892  0.01392624
 -0.00142409]
Compute pips
###############################
TGFM
###############################
Initialize variables
Warning: 540 variants have NaN gwas_beta. Setting to 0 with large SE.
Finished processing final TGFM

------------------------------------------------------------
Sender: LSF System <lsfadmin@node-14-12>
Subject: Job 740119[13]: <run_final_TGFM_CD[1-50]> in cluster <farm22> Done

Job <run_final_TGFM_CD[1-50]> was submitted from host <farm22-head2> by user <bh18> in cluster <farm22> at Thu Apr 30 14:08:18 2026
Job was executed on host(s) <node-14-12>, in queue <long>, as user <bh18> in cluster <farm22> at Thu Apr 30 14:08:41 2026
</nfs/users/nfs_b/bh18> was used as the home directory.
</lustre/scratch127/humgen/projects_v2/sc-eqtl-ibd/analysis/bradley_analysis/IBDverse/TGFM> was used as the working directory.
Started at Thu Apr 30 14:08:41 2026
Terminated at Thu Apr 30 14:54:02 2026
Results reported at Thu Apr 30 14:54:02 2026

Your job looked like:

------------------------------------------------------------
# LSBATCH: User input
bash execution_scripts_BH/run_TGFM-BH-MCP.sh -t CD
------------------------------------------------------------

Successfully completed.

Resource usage summary:

    CPU time :                                   2709.30 sec.
    Max Memory :                                 14515 MB
    Average Memory :                             10065.92 MB
    Total Requested Memory :                     30000.00 MB
    Delta Memory :                               15485.00 MB
    Max Swap :                                   2 MB
    Max Processes :                              5
    Max Threads :                                14
    Run time :                                   2721 sec.
    Turnaround time :                            2744 sec.

The output (if any) is above this job summary.



PS:

Read file <logs/run_final_TGFM-CD-13-740119-error.log> for stderr output of this job.

