Processing chunk 21...
###############################
TGFM
###############################
Initialize variables
Warning: 482 variants have NaN gwas_beta. Setting to 0 with large SE.
Iterative optimization

Residual before update:
[-0.00133421 -0.00416527  0.01388179 ...  0.00985476  0.00490488
  0.00021579]

Residual before update:
[-0.00133422 -0.00416527  0.01388003 ...  0.00985475  0.00490486
  0.00021579]

Residual before update:
[-0.00133422 -0.00416527  0.01387827 ...  0.00985473  0.00490484
  0.00021579]

Residual before update:
[-0.00133423 -0.00416527  0.01387652 ...  0.00985471  0.00490482
  0.00021579]

Residual before update:
[-0.00133424 -0.00416527  0.01387476 ...  0.0098547   0.0049048
  0.00021579]

Residual before update:
[-0.00133425 -0.00416526  0.01387301 ...  0.00985468  0.00490478
  0.00021579]

Residual before update:
[-0.00133425 -0.00416526  0.01387127 ...  0.00985466  0.00490475
  0.0002158 ]

Residual before update:
[-0.00133426 -0.00416526  0.01386952 ...  0.00985465  0.00490473
  0.0002158 ]

Residual before update:
[-0.00133427 -0.00416526  0.01386778 ...  0.00985463  0.00490471
  0.0002158 ]

Residual before update:
[-0.00133427 -0.00416526  0.01386604 ...  0.00985461  0.00490469
  0.0002158 ]

Residual before update:
[-0.00133427 -0.00416526  0.01386606 ...  0.00985461  0.00490469
  0.0002158 ]

Residual before update:
[-0.00133427 -0.00416526  0.01386608 ...  0.00985461  0.00490469
  0.0002158 ]

Residual before update:
[-0.00133427 -0.00416526  0.0138661  ...  0.00985461  0.00490469
  0.0002158 ]

Residual before update:
[-0.00133427 -0.00416526  0.01386611 ...  0.00985461  0.00490469
  0.0002158 ]

Residual before update:
[-0.00133427 -0.00416526  0.01386612 ...  0.00985461  0.00490469
  0.0002158 ]

Residual before update:
[-0.00133427 -0.00416526  0.01386613 ...  0.00985461  0.00490469
  0.0002158 ]

Residual before update:
[-0.00133427 -0.00416526  0.01386613 ...  0.00985461  0.00490469
  0.0002158 ]

Residual before update:
[-0.00133427 -0.00416526  0.01386613 ...  0.00985461  0.00490469
  0.0002158 ]

Residual before update:
[-0.00133427 -0.00416526  0.01386613 ...  0.00985461  0.00490469
  0.0002158 ]

Residual before update:
[-0.00133427 -0.00416526  0.01386613 ...  0.00985461  0.00490469
  0.0002158 ]

Residual before update:
[-0.00133427 -0.00416526  0.01386613 ...  0.00985461  0.00490469
  0.0002158 ]

Residual before update:
[-0.00133427 -0.00416526  0.01386613 ...  0.00985461  0.00490469
  0.0002158 ]

Residual before update:
[-0.00133427 -0.00416526  0.01386613 ...  0.00985461  0.00490469
  0.0002158 ]

Residual before update:
[-0.00133427 -0.00416526  0.01386613 ...  0.00985461  0.00490469
  0.0002158 ]

Residual before update:
[-0.00133427 -0.00416526  0.01386612 ...  0.00985461  0.00490469
  0.0002158 ]

Residual before update:
[-0.00133427 -0.00416526  0.01386612 ...  0.00985461  0.00490469
  0.0002158 ]

Residual before update:
[-0.00133427 -0.00416526  0.01386612 ...  0.00985461  0.00490469
  0.0002158 ]

Residual before update:
[-0.00133427 -0.00416526  0.01386612 ...  0.00985461  0.00490469
  0.0002158 ]

Residual before update:
[-0.00133427 -0.00416526  0.01386611 ...  0.00985461  0.00490469
  0.0002158 ]

Residual before update:
[-0.00133427 -0.00416526  0.01386611 ...  0.00985461  0.00490469
  0.0002158 ]

Residual before update:
[-0.00133427 -0.00416526  0.01386611 ...  0.00985461  0.00490469
  0.0002158 ]

Residual before update:
[-0.00133427 -0.00416526  0.01386611 ...  0.00985461  0.00490469
  0.0002158 ]

Residual before update:
[-0.00133427 -0.00416526  0.01386611 ...  0.00985461  0.00490469
  0.0002158 ]

Residual before update:
[-0.00133427 -0.00416526  0.01386611 ...  0.00985461  0.00490469
  0.0002158 ]

Residual before update:
[-0.00133427 -0.00416526  0.0138661  ...  0.00985461  0.00490469
  0.0002158 ]

Residual before update:
[-0.00133427 -0.00416526  0.0138661  ...  0.00985461  0.00490469
  0.0002158 ]

Residual before update:
[-0.00133427 -0.00416526  0.0138661  ...  0.00985461  0.00490469
  0.0002158 ]

Residual before update:
[-0.00133427 -0.00416526  0.0138661  ...  0.00985461  0.00490469
  0.0002158 ]

Residual before update:
[-0.00133427 -0.00416526  0.01386609 ...  0.00985461  0.00490469
  0.0002158 ]

Residual before update:
[-0.00133427 -0.00416526  0.01386609 ...  0.00985461  0.00490469
  0.0002158 ]

Residual before update:
[-0.00133427 -0.00416526  0.01386609 ...  0.00985461  0.00490469
  0.0002158 ]

Residual before update:
[-0.00133427 -0.00416526  0.01386609 ...  0.00985461  0.00490469
  0.0002158 ]

Residual before update:
[-0.00133427 -0.00416526  0.01386609 ...  0.00985461  0.00490469
  0.0002158 ]

Residual before update:
[-0.00133427 -0.00416526  0.01386609 ...  0.00985461  0.00490469
  0.0002158 ]

Residual before update:
[-0.00133427 -0.00416526  0.01386608 ...  0.00985461  0.00490469
  0.0002158 ]

Residual before update:
[-0.00133427 -0.00416526  0.01386608 ...  0.00985461  0.00490469
  0.0002158 ]

Residual before update:
[-0.00133427 -0.00416526  0.01386608 ...  0.00985461  0.00490469
  0.0002158 ]

Residual before update:
[-0.00133427 -0.00416526  0.01386608 ...  0.00985461  0.00490469
  0.0002158 ]

Residual before update:
[-0.00133427 -0.00416526  0.01386607 ...  0.00985461  0.00490469
  0.0002158 ]

Residual before update:
[-0.00133427 -0.00416526  0.01386607 ...  0.00985461  0.00490469
  0.0002158 ]
Compute pips
###############################
TGFM
###############################
Initialize variables
Warning: 422 variants have NaN gwas_beta. Setting to 0 with large SE.
Iterative optimization

Residual before update:
[ 0.00236585  0.00117153 -0.0046394  ... -0.00068314  0.00094092
 -0.00604121]

Residual before update:
[ 0.00236512  0.00117153 -0.00463974 ... -0.0008623  -0.00040315
 -0.00683983]

Residual before update:
[ 0.00236589  0.00117276 -0.00463511 ... -0.00080813  0.00020621
 -0.00634544]

Residual before update:
[ 2.36577121e-03  1.17194226e-03 -4.63517193e-03 ... -8.38137391e-04
 -7.15137507e-05 -6.62960520e-03]

Residual before update:
[ 0.00236589  0.001172   -0.00463159 ... -0.00081114  0.00010364
 -0.00643569]

Residual before update:
[ 2.36585541e-03  1.17140458e-03 -4.63221490e-03 ... -8.33894959e-04
 -7.33561209e-05 -6.61540669e-03]

Residual before update:
[ 0.00236597  0.00117146 -0.00462828 ... -0.00080544  0.00011034
 -0.00641028]

Residual before update:
[ 2.36585239e-03  1.17106496e-03 -4.63158971e-03 ... -8.36326750e-04
 -6.48043300e-05 -6.59695082e-03]

Residual before update:
[ 2.36593283e-03  1.17110944e-03 -4.62881542e-03 ... -8.16114100e-04
  6.55522076e-05 -6.45140654e-03]

Residual before update:
[ 2.36592804e-03  1.17111228e-03 -4.62882032e-03 ... -8.15955592e-04
  6.62340595e-05 -6.45040335e-03]

Residual before update:
[ 0.00236666  0.00117112 -0.00462848 ... -0.00063664  0.00141097
 -0.0056508 ]

Residual before update:
[ 0.00236501  0.00116988 -0.00463351 ... -0.00090208 -0.00078248
 -0.00708698]

Residual before update:
[ 0.00236615  0.00117232 -0.00462735 ... -0.00080084  0.00029662
 -0.00615264]

Residual before update:
[ 0.00236586  0.00117104 -0.00463103 ... -0.00087293 -0.00029581
 -0.00677351]

Residual before update:
[ 0.00236605  0.00117171 -0.00462479 ... -0.00081035  0.00013757
 -0.00630632]

Residual before update:
[ 0.00236573  0.0011708  -0.00463441 ... -0.00089734 -0.00039368
 -0.00687922]

Residual before update:
[ 0.00236606  0.00117131 -0.0046235  ... -0.00081264  0.00012787
 -0.00630413]

Residual before update:
[ 0.00236575  0.0011705  -0.00463263 ... -0.00089231 -0.0003399
 -0.00680927]

Residual before update:
[ 2.36592948e-03  1.17058880e-03 -4.62639445e-03 ... -8.48225225e-04
 -5.57695588e-05 -6.49176198e-03]

Residual before update:
[ 2.36592809e-03  1.17053957e-03 -4.62642452e-03 ... -8.49943776e-04
 -6.92804789e-05 -6.50586297e-03]

Residual before update:
[ 0.0023668   0.00117054 -0.00462604 ... -0.00063871  0.00151409
 -0.00556484]

Residual before update:
[ 0.0023649   0.00116892 -0.00463252 ... -0.00092102 -0.00086958
 -0.0071559 ]

Residual before update:
[ 0.00236621  0.00117194 -0.00462566 ... -0.0007969   0.00043678
 -0.00600761]

Residual before update:
[ 0.00236585  0.00117046 -0.00463139 ... -0.00088782 -0.00029255
 -0.00677899]

Residual before update:
[ 0.00236623  0.00117141 -0.00461966 ... -0.00078632  0.00033159
 -0.00610189]

Residual before update:
[ 0.00236568  0.00117019 -0.00463645 ... -0.00092576 -0.00049962
 -0.00700717]

Residual before update:
[ 0.0023662   0.00117112 -0.00461958 ... -0.00079182  0.00031723
 -0.00611072]

Residual before update:
[ 0.00236572  0.00116998 -0.00463455 ... -0.00091746 -0.00042858
 -0.00692069]

Residual before update:
[ 2.36596078e-03  1.17015838e-03 -4.62569008e-03 ... -8.53205457e-04
 -1.21942581e-05 -6.45696289e-03]

Residual before update:
[ 2.36595935e-03  1.17009497e-03 -4.62570759e-03 ... -8.55375696e-04
 -2.99692836e-05 -6.47497509e-03]

Residual before update:
[ 0.00236683  0.0011701  -0.00462532 ... -0.00064429  0.00155197
 -0.00553446]

Residual before update:
[ 0.00236483  0.0011683  -0.00463247 ... -0.00093359 -0.00091323
 -0.00719302]

Residual before update:
[ 0.00236624  0.0011716  -0.00462515 ... -0.00079824  0.0005075
 -0.00594014]

Residual before update:
[ 0.00236586  0.00117007 -0.00463132 ... -0.00089425 -0.00026008
 -0.00675186]

Residual before update:
[ 0.00236635  0.00117126 -0.00461597 ... -0.00076491  0.00050615
 -0.00592092]

Residual before update:
[ 0.00236565  0.00116974 -0.00463781 ... -0.00094491 -0.0005707
 -0.00709471]

Residual before update:
[ 0.00236632  0.00117099 -0.00461616 ... -0.00077186  0.00048013
 -0.00594413]

Residual before update:
[ 0.0023657   0.00116957 -0.00463568 ... -0.00093409 -0.00048695
 -0.00699555]

Residual before update:
[ 2.36599498e-03  1.16980420e-03 -4.62466747e-03 ... -8.53802613e-04
  3.40699906e-05 -6.41663302e-03]

Residual before update:
[ 2.36599408e-03  1.16979067e-03 -4.62467203e-03 ... -8.54260974e-04
  3.03324052e-05 -6.42039863e-03]

Residual before update:
[ 0.00236686  0.00116979 -0.00462429 ... -0.00064417  0.0016047
 -0.00548493]

Residual before update:
[ 0.00236476  0.00116787 -0.0046319  ... -0.00094302 -0.00095163
 -0.00721046]

Residual before update:
[ 0.0023662   0.00117126 -0.00462447 ... -0.00080452  0.00050069
 -0.00592812]

Residual before update:
[ 0.00236582  0.00116969 -0.00463074 ... -0.00090237 -0.00028173
 -0.00675481]

Residual before update:
[ 0.00236638  0.00117113 -0.00461348 ... -0.0007547   0.00058708
 -0.00581539]

Residual before update:
[ 0.00236556  0.00116937 -0.00463949 ... -0.00096834 -0.00069351
 -0.00721094]

Residual before update:
[ 0.00236634  0.00117087 -0.00461389 ... -0.00076284  0.00055201
 -0.00584978]

Residual before update:
[ 0.00236561  0.00116923 -0.00463719 ... -0.00095555 -0.00059953
 -0.00710186]

Residual before update:
[ 2.36594624e-03  1.16944213e-03 -4.62439696e-03 ... -8.64168063e-04
 -1.02306489e-05 -6.44651420e-03]

Residual before update:
[ 2.36594571e-03  1.16944960e-03 -4.62439505e-03 ... -8.63903944e-04
 -8.14696816e-06 -6.44434218e-03]
Compute pips
###############################
TGFM
###############################
Initialize variables
Warning: 429 variants have NaN gwas_beta. Setting to 0 with large SE.
Iterative optimization

Residual before update:
[-0.00078682  0.00228564 -0.00175756 ... -0.00302215  0.00693653
  0.00621673]

Residual before update:
[-0.00078945  0.00227977 -0.00175841 ... -0.00302493  0.00693162
  0.00621181]

Residual before update:
[-0.000789    0.00229946 -0.00175581 ... -0.00302359  0.00695426
  0.00623445]

Residual before update:
[-0.00079141  0.00229418 -0.00175679 ... -0.00302959  0.00694993
  0.00623013]

Residual before update:
[-0.0007912   0.00229699 -0.00175594 ... -0.00302648  0.00695829
  0.00623848]

Residual before update:
[-0.00079295  0.00228756 -0.00175711 ... -0.00302744  0.00695636
  0.00623655]

Residual before update:
[-0.00079255  0.00228863 -0.00174858 ... -0.00302026  0.00695724
  0.00623744]

Residual before update:
[-0.0007928   0.00228793 -0.0017491  ... -0.0030205   0.00695448
  0.00623467]

Residual before update:
[-0.00079143  0.00228875 -0.00174324 ... -0.00301595  0.00695834
  0.00623854]

Residual before update:
[-0.00079161  0.00228894 -0.00174368 ... -0.00301611  0.00695881
  0.00623901]

Residual before update:
[-0.00078907  0.00229491 -0.00174299 ... -0.0030134   0.00696399
  0.00624419]

Residual before update:
[-0.00079194  0.00226996 -0.00174651 ... -0.00301932  0.00693699
  0.00621718]

Residual before update:
[-0.00078892  0.00230258 -0.00174194 ... -0.00301146  0.00697274
  0.00625293]

Residual before update:
[-0.00079272  0.00229205 -0.00174407 ... -0.00302296  0.00695826
  0.00623846]

Residual before update:
[-0.00079065  0.00230558 -0.00174176 ... -0.00301733  0.00697301
  0.0062532 ]

Residual before update:
[-0.00079316  0.00229314 -0.0017517  ... -0.00302566  0.0069698
  0.00625   ]

Residual before update:
[-0.00079236  0.00229532 -0.00173945 ... -0.00301554  0.00697378
  0.00625398]

Residual before update:
[-0.00079409  0.00229349 -0.00174605 ... -0.00302045  0.00696595
  0.00624615]

Residual before update:
[-0.00079133  0.00229337 -0.00173467 ... -0.00301273  0.00696925
  0.00624945]

Residual before update:
[-0.00079591  0.00229311 -0.00174753 ... -0.003018    0.00696644
  0.00624663]

Residual before update:
[-0.00079134  0.0022984  -0.00173745 ... -0.00300721  0.006974
  0.0062542 ]

Residual before update:
[-0.00079236  0.00226921 -0.00174114 ... -0.00301182  0.00694142
  0.00622161]

Residual before update:
[-0.00078815  0.00230447 -0.00173623 ... -0.00300156  0.00697917
  0.00625937]

Residual before update:
[-0.00079338  0.00228974 -0.00173906 ... -0.00301786  0.00695855
  0.00623874]

Residual before update:
[-0.00079091  0.00230576 -0.00173636 ... -0.0030114   0.00697541
  0.00625561]

Residual before update:
[-0.00079355  0.00229304 -0.00174949 ... -0.00302241  0.0069719
  0.00625209]

Residual before update:
[-0.00079253  0.00229583 -0.00173454 ... -0.00301011  0.00697733
  0.00625753]

Residual before update:
[-0.00079553  0.00229469 -0.00174641 ... -0.00301812  0.00696921
  0.00624941]

Residual before update:
[-0.0007877   0.00229485 -0.00171991 ... -0.00300401  0.00697659
  0.00625678]

Residual before update:
[-0.00079675  0.0022948  -0.00174824 ... -0.00302179  0.00696569
  0.00624589]

Residual before update:
[-0.00079179  0.00229665 -0.00172877 ... -0.00300646  0.00697377
  0.00625397]

Residual before update:
[-0.00079327  0.00226767 -0.00173409 ... -0.00301104  0.00694112
  0.00622131]

Residual before update:
[-0.00078768  0.0023084  -0.00172844 ... -0.00299737  0.00698351
  0.0062637 ]

Residual before update:
[-0.00079371  0.00229157 -0.00173165 ... -0.00301576  0.00695968
  0.00623987]

Residual before update:
[-0.00079126  0.0023074  -0.00172899 ... -0.00300938  0.00697631
  0.0062565 ]

Residual before update:
[-0.00079408  0.002294   -0.00174464 ... -0.00302251  0.00697246
  0.00625265]

Residual before update:
[-0.00079298  0.00229691 -0.00172923 ... -0.00300988  0.00697831
  0.00625851]

Residual before update:
[-0.00079655  0.00229577 -0.00174356 ... -0.00301905  0.00696897
  0.00624916]

Residual before update:
[-0.00078627  0.00229579 -0.00171006 ... -0.00299819  0.00698186
  0.00626206]

Residual before update:
[-0.00080063  0.00229576 -0.00175661 ... -0.00302719  0.00696401
  0.00624421]

Residual before update:
[-0.00079317  0.00229721 -0.00172691 ... -0.00300626  0.00697495
  0.00625514]

Residual before update:
[-0.00079876  0.00226672 -0.00174444 ... -0.00301257  0.00693928
  0.00621948]

Residual before update:
[-0.00079241  0.00230916 -0.00173853 ... -0.00299744  0.00698333
  0.00626352]

Residual before update:
[-0.00079922  0.00229076 -0.00174196 ... -0.00301706  0.00695793
  0.00623812]

Residual before update:
[-0.00079672  0.00230684 -0.00173928 ... -0.00301079  0.00697426
  0.00625445]

Residual before update:
[-0.00079955  0.0022934  -0.00175521 ... -0.00302415  0.00697038
  0.00625058]

Residual before update:
[-0.00079846  0.00229638 -0.00173979 ... -0.0030115   0.00697641
  0.0062566 ]

Residual before update:
[-0.00080222  0.00229526 -0.00175495 ... -0.00302118  0.00696682
  0.00624702]

Residual before update:
[-0.00078775  0.00229529 -0.0017079  ... -0.00299194  0.00698505
  0.00626525]

Residual before update:
[-0.00080656  0.00229526 -0.00176978 ... -0.00303062  0.00696152
  0.00624171]
Compute pips
###############################
TGFM
###############################
Initialize variables
Warning: 417 variants have NaN gwas_beta. Setting to 0 with large SE.
Iterative optimization

Residual before update:
[ 0.0014257  -0.00262501  0.0047452  ...  0.          0.00211993
 -0.0015289 ]

Residual before update:
[ 1.42429753e-03 -2.62599709e-03  4.74487213e-03 ... -4.37981246e-16
  2.11965596e-03 -1.53020561e-03]

Residual before update:
[ 1.42509174e-03 -2.61982439e-03  4.75477613e-03 ...  6.52573171e-15
  2.11978092e-03 -1.52972425e-03]

Residual before update:
[ 1.42281206e-03 -2.62078087e-03  4.75444431e-03 ...  6.36337146e-15
  2.11946023e-03 -1.53116882e-03]

Residual before update:
[ 1.42386610e-03 -2.61784812e-03  4.75445930e-03 ...  3.19909750e-14
  2.11947063e-03 -1.52425364e-03]

Residual before update:
[ 1.42176120e-03 -2.61949053e-03  4.75359387e-03 ...  1.79856151e-14
  2.11689087e-03 -1.52755121e-03]

Residual before update:
[ 1.42200853e-03 -2.61476242e-03  4.75521959e-03 ...  2.82196887e-14
  2.11693834e-03 -1.52701635e-03]

Residual before update:
[ 1.42170694e-03 -2.61809465e-03  4.75300530e-03 ...  1.14896251e-15
  2.11536518e-03 -1.53076610e-03]

Residual before update:
[ 1.42093035e-03 -2.62815041e-03  4.73939310e-03 ... -5.92354001e-14
  2.10942291e-03 -1.53738080e-03]

Residual before update:
[ 1.42211683e-03 -2.61554653e-03  4.75527047e-03 ...  1.26964340e-15
  2.11658961e-03 -1.53180205e-03]

Residual before update:
[ 1.42323185e-03 -2.61494642e-03  4.75550406e-03 ...  2.75285431e-15
  2.11618975e-03 -1.52910581e-03]

Residual before update:
[ 1.42057172e-03 -2.62204240e-03  4.74516806e-03 ... -5.81842502e-15
  2.11567941e-03 -1.53100746e-03]

Residual before update:
[ 1.42395394e-03 -2.61252005e-03  4.75924654e-03 ...  4.00769960e-15
  2.11617297e-03 -1.52889496e-03]

Residual before update:
[ 1.41985072e-03 -2.61681150e-03  4.75871212e-03 ... -2.18608336e-14
  2.11566141e-03 -1.53782322e-03]

Residual before update:
[ 1.42431245e-03 -2.60951256e-03  4.75967360e-03 ...  3.37061047e-14
  2.12185833e-03 -1.52427239e-03]

Residual before update:
[ 1.42072617e-03 -2.61739582e-03  4.75691405e-03 ...  2.16040130e-15
  2.11511298e-03 -1.52888736e-03]

Residual before update:
[ 1.42136190e-03 -2.60762692e-03  4.76136045e-03 ...  4.30761978e-14
  2.11673485e-03 -1.52443873e-03]

Residual before update:
[ 1.42093881e-03 -2.61810580e-03  4.75138965e-03 ...  1.14504798e-13
  2.10911243e-03 -1.51230068e-03]

Residual before update:
[ 1.48129458e-03 -2.62580871e-03  4.83926874e-03 ...  1.91484785e-12
  1.95870353e-03 -1.42982015e-03]

Residual before update:
[ 1.41171618e-03 -2.62100945e-03  4.75153827e-03 ... -4.01506649e-13
  2.11098839e-03 -1.58692465e-03]

Residual before update:
[ 1.42272069e-03 -2.61096019e-03  4.75689801e-03 ...  9.40599000e-16
  2.11190701e-03 -1.52939644e-03]

Residual before update:
[ 1.42004374e-03 -2.61965603e-03  4.74226366e-03 ... -2.68575498e-14
  2.11066579e-03 -1.53188153e-03]

Residual before update:
[ 1.42420301e-03 -2.60967401e-03  4.75662268e-03 ... -1.68884134e-14
  2.11134080e-03 -1.52919611e-03]

Residual before update:
[ 1.41845389e-03 -2.61585716e-03  4.75591648e-03 ... -5.44577137e-14
  2.11064413e-03 -1.54229172e-03]

Residual before update:
[ 1.42117617e-03 -2.60764085e-03  4.75990653e-03 ...  1.10773633e-14
  2.11656402e-03 -1.52546495e-03]

Residual before update:
[ 1.41990275e-03 -2.61732502e-03  4.75370028e-03 ... -2.62609213e-14
  2.11062753e-03 -1.53148446e-03]

Residual before update:
[ 1.42073799e-03 -2.60468626e-03  4.75957379e-03 ...  2.92317719e-14
  2.11295602e-03 -1.52526859e-03]

Residual before update:
[-3.03310714e+24 -2.36974592e+24 -9.98241312e+23 ...  8.87314890e+15
 -5.86659695e+24  2.76829034e+24]

Residual before update:
[ 1.52632034e-03 -2.43136584e-03  5.27618447e-03 ...  2.21419267e-12
  2.17939659e-03 -1.36826149e-03]

Residual before update:
[ 1.41167780e-03 -2.61627056e-03  4.75652788e-03 ... -3.88600950e-13
  2.11094474e-03 -1.58567765e-03]

Residual before update:
[ 1.42135389e-03 -2.60936239e-03  4.75523406e-03 ...  1.15675458e-14
  2.11308991e-03 -1.52777312e-03]

Residual before update:
[ 1.41895413e-03 -2.61837296e-03  4.74005387e-03 ... -1.47895849e-14
  2.11133382e-03 -1.53027441e-03]

Residual before update:
[ 1.42436212e-03 -2.60717985e-03  4.75589189e-03 ... -3.72300839e-15
  2.11220522e-03 -1.52658815e-03]

Residual before update:
[ 1.41796627e-03 -2.61425696e-03  4.75504541e-03 ... -4.62386474e-14
  2.11137307e-03 -1.54127113e-03]

Residual before update:
[ 1.42049777e-03 -2.60897249e-03  4.75360277e-03 ...  2.62748503e-14
  2.11293594e-03 -1.52505026e-03]

Residual before update:
[ 1.41921289e-03 -2.61725272e-03  4.75230560e-03 ... -2.22853834e-14
  2.11120812e-03 -1.53094603e-03]

Residual before update:
[ 1.42009427e-03 -2.60402382e-03  4.75858444e-03 ...  3.67405404e-14
  2.11376213e-03 -1.52426165e-03]

Residual before update:
[-2.63139584e+54 -2.15052423e+54 -9.35240354e+53 ...  1.97306278e+46
 -5.52357344e+54  4.24432696e+54]

Residual before update:
[ 1.52633192e-03 -2.43102182e-03  5.27660031e-03 ...  2.21540589e-12
  2.17962644e-03 -1.36808777e-03]

Residual before update:
[ 1.41137976e-03 -2.61544883e-03  4.75807098e-03 ... -3.85917596e-13
  2.11075865e-03 -1.58571520e-03]

Residual before update:
[ 1.42068675e-03 -2.60885341e-03  4.75444378e-03 ...  9.79234179e-15
  2.11191068e-03 -1.52843247e-03]

Residual before update:
[ 1.41928530e-03 -2.62073927e-03  4.73455979e-03 ... -1.28775047e-14
  2.10576988e-03 -1.53215838e-03]

Residual before update:
[ 1.42513745e-03 -2.60919690e-03  4.75061393e-03 ... -1.79214717e-15
  2.10677584e-03 -1.52824171e-03]

Residual before update:
[ 1.41846777e-03 -2.61653471e-03  4.74958701e-03 ... -4.36126765e-14
  2.10577845e-03 -1.54281743e-03]

Residual before update:
[ 1.41956155e-03 -2.60650744e-03  4.75662029e-03 ...  2.20860288e-14
  2.11200400e-03 -1.52562329e-03]

Residual before update:
[ 1.41974283e-03 -2.61975469e-03  4.74682031e-03 ... -2.05419400e-14
  2.10570133e-03 -1.53268335e-03]

Residual before update:
[ 1.42064432e-03 -2.60625182e-03  4.75321808e-03 ...  4.06382795e-14
  2.10835478e-03 -1.52571093e-03]

Residual before update:
[-2.55395157e+84 -2.08723243e+84 -9.07715415e+83 ...  1.91499382e+76
 -5.36100986e+84  4.11941272e+84]

Residual before update:
[ 1.52633097e-03 -2.43102081e-03  5.27659840e-03 ...  2.21539330e-12
  2.17962770e-03 -1.36808792e-03]

Residual before update:
[ 1.41137121e-03 -2.61482878e-03  4.75903568e-03 ... -3.82803678e-13
  2.11070077e-03 -1.58535263e-03]
Compute pips
###############################
TGFM
###############################
Initialize variables
Warning: 395 variants have NaN gwas_beta. Setting to 0 with large SE.
Iterative optimization

Residual before update:
[ 0.0039952   0.00138165  0.03129005 ... -0.01571258 -0.0155148
  0.00277198]

Residual before update:
[ 0.00256123 -0.00055831  0.00189684 ... -0.01571262 -0.01551484
  0.00277159]

Residual before update:
[ 0.00384437  0.006075    0.02940053 ... -0.01571229 -0.01551449
  0.00277225]

Residual before update:
[ 0.00242355  0.00427033  0.00078453 ... -0.01571232 -0.01551452
  0.0027721 ]

Residual before update:
[ 0.00266378  0.00476218  0.00575209 ... -0.0157123  -0.01551449
  0.00277742]

Residual before update:
[ 0.00253801  0.00466581 -0.00063973 ... -0.0157141  -0.01551631
  0.0027742 ]

Residual before update:
[ 0.0027233   0.00562148  0.00333986 ... -0.01558759 -0.01538977
  0.00277535]

Residual before update:
[ 0.00272221  0.00562016  0.00333466 ... -0.01540953 -0.01521167
  0.00277671]

Residual before update:
[ 0.00272157  0.00561943  0.00333219 ... -0.01526255 -0.01506466
  0.0027779 ]

Residual before update:
[ 0.00272437  0.00563364  0.00333739 ... -0.01540267 -0.01520482
  0.00281134]

Residual before update:
[ 0.00415477  0.00755866  0.03272387 ... -0.01503163 -0.0148337
  0.00278028]

Residual before update:
[ 0.00134979 -0.0010497  -0.02578256 ... -0.01503198 -0.01483408
  0.00277936]

Residual before update:
[ 0.00448536  0.00961917  0.03958809 ... -0.01503152 -0.01483358
  0.00278039]

Residual before update:
[ 0.00232812  0.00669811 -0.00404821 ... -0.01503157 -0.01483363
  0.00277482]

Residual before update:
[ 0.00280849  0.00752706  0.00967477 ... -0.01502974 -0.01483179
  0.00278605]

Residual before update:
[ 0.00247312  0.00645638 -0.001933   ... -0.0151584  -0.01496048
  0.00278106]

Residual before update:
[ 0.00246653  0.00644889 -0.0019695  ... -0.01521026 -0.01501235
  0.00278078]

Residual before update:
[ 0.00246657  0.00644921 -0.00196902 ... -0.01523861 -0.01504071
  0.00278061]

Residual before update:
[ 0.00246639  0.00644923 -0.00196988 ... -0.01524056 -0.01504266
  0.00278061]

Residual before update:
[ 0.00231953  0.00443554 -0.00081909 ... -0.01605902 -0.01585987
  0.00264771]

Residual before update:
[ 0.00398742  0.00842385  0.02902979 ... -0.01510501 -0.01490708
  0.00278199]

Residual before update:
[ 0.0009276  -0.00215939 -0.03495723 ... -0.01510546 -0.01490757
  0.00278093]

Residual before update:
[ 0.00485675  0.01067135  0.04684069 ... -0.01510493 -0.01490699
  0.00278222]

Residual before update:
[ 0.00225038  0.00709237 -0.00589453 ... -0.01510498 -0.01490705
  0.0027739 ]

Residual before update:
[ 0.00278163  0.00799481  0.00961365 ... -0.0151028  -0.01490486
  0.00278635]

Residual before update:
[ 0.00263503  0.00788543  0.0018153  ... -0.01523121 -0.0150333
  0.00278132]

Residual before update:
[ 0.00261761  0.00786457  0.00171526 ... -0.01522406 -0.01502616
  0.00278132]

Residual before update:
[ 0.00261814  0.00786449  0.00171522 ... -0.01522234 -0.01502443
  0.00278134]

Residual before update:
[ 0.00261861  0.00786434  0.00171488 ... -0.01522154 -0.01502364
  0.00278136]

Residual before update:
[ 0.00241148  0.00722081  0.00187582 ... -0.01606742 -0.01586823
  0.00265767]

Residual before update:
[ 0.00396393  0.00958254  0.02894401 ... -0.01509693 -0.014899
  0.0027826 ]

Residual before update:
[ 0.00061346 -0.0025268  -0.04126582 ... -0.01509746 -0.01489958
  0.0027814 ]

Residual before update:
[ 0.00499992  0.01135456  0.04989455 ... -0.0150969  -0.01489896
  0.00278281]

Residual before update:
[ 0.00220915  0.00752477 -0.00656633 ... -0.01509695 -0.01489902
  0.00277386]

Residual before update:
[ 0.00275335  0.00844857  0.00933549 ... -0.01509471 -0.01489676
  0.00278662]

Residual before update:
[ 0.00261709  0.00835159  0.00159552 ... -0.01522272 -0.0150248
  0.00278165]

Residual before update:
[ 0.00257187  0.00830068  0.00134905 ... -0.0152666  -0.01506871
  0.00278114]

Residual before update:
[ 0.00257202  0.00830103  0.00135016 ... -0.01525833 -0.01506044
  0.0027812 ]

Residual before update:
[ 0.00257219  0.00830137  0.00135134 ... -0.01525135 -0.01505346
  0.00278125]

Residual before update:
[ 0.00238573  0.00811633  0.00160338 ... -0.01606738 -0.01586818
  0.00265786]

Residual before update:
[ 0.00391074  0.01000929  0.02843204 ... -0.01511792 -0.01492
  0.00278254]

Residual before update:
[ 0.00046188 -0.00270291 -0.04391258 ... -0.01511848 -0.01492061
  0.00278128]

Residual before update:
[ 0.00505603  0.01163203  0.05149304 ... -0.0151179  -0.01491998
  0.00278274]

Residual before update:
[ 0.00217434  0.00768235 -0.00680262 ... -0.01511796 -0.01492004
  0.00277358]

Residual before update:
[ 0.0027319   0.0086337   0.00937654 ... -0.01511571 -0.01491778
  0.00278664]

Residual before update:
[ 0.00262677  0.00856984  0.00197863 ... -0.01519793 -0.01500001
  0.00278224]

Residual before update:
[ 0.00255259  0.00848819  0.00158009 ... -0.01529907 -0.01510121
  0.00278118]
NaNs in component_non_med_pred at component 7

Residual before update:
[ 0.0025526   0.0084978   0.00160072 ... -0.0153194  -0.01512152
  0.00278116]
NaNs in residual_incl_alpha[56, :]
NaN in mixture_alpha_mu: b_terms=[nan nan]
NaNs in self.residual at bs_iter=56
NaNs in un_normalized_lv_alpha_weights
NaN in normalizing_term
NaNs in component_non_med_pred at component 8

Residual before update:
[ 0.00255261  0.00849763  0.00159996 ... -0.01530639 -0.01510851
  0.00278124]
NaNs in residual_incl_alpha[56, :]
NaNs in gene_weights for bs_iter=56
NaN in mixture_alpha_mu: b_terms=[nan nan]
NaNs in self.residual at bs_iter=56
NaNs in un_normalized_lv_alpha_weights
NaN in normalizing_term
NaNs in component_non_med_pred at component 9

Residual before update:
[ 0.00237556  0.00850079  0.00150842 ... -0.01606735 -0.01586816
  0.00265793]
NaNs in residual_incl_alpha[30, :]
NaN in mixture_alpha_mu: b_terms=[nan nan]
NaNs in self.residual at bs_iter=30
NaNs in un_normalized_lv_alpha_weights
NaN in normalizing_term
NaNs in residual_incl_alpha[56, :]
NaNs in gene_weights for bs_iter=56
NaN in mixture_alpha_mu: b_terms=[nan nan]
NaNs in self.residual at bs_iter=56
NaNs in un_normalized_lv_alpha_weights
NaN in normalizing_term
NaNs in residual_incl_alpha[72, :]
NaN in mixture_alpha_mu: b_terms=[nan nan]
NaNs in self.residual at bs_iter=72
NaNs in un_normalized_lv_alpha_weights
NaN in normalizing_term
Compute pips
NaNs found in gene-tissue pair PIPs at indices: [0 1]
NaNs found in variant PIPs at indices: [   0    1    2 ... 9304 9305 9306]
NaNs found in gene PIPs at indices: [0 1]
###############################
TGFM
###############################
Initialize variables
Warning: 348 variants have NaN gwas_beta. Setting to 0 with large SE.
Iterative optimization

Residual before update:
[ 0.          0.00587359  0.00576652 ... -0.0019459   0.
 -0.00012696]

Residual before update:
[ 1.36479711e-17  5.87354368e-03  5.76647269e-03 ... -1.94566619e-03
  6.98299904e-17 -1.26939216e-04]

Residual before update:
[ 2.58587495e-17  5.87349642e-03  5.76642521e-03 ... -1.94550343e-03
  1.16218345e-16 -1.26920884e-04]

Residual before update:
[ 3.72995979e-17  5.87344873e-03  5.76637735e-03 ... -1.94537543e-03
  1.50584026e-16 -1.26905557e-04]

Residual before update:
[ 4.81117929e-17  5.87340076e-03  5.76632924e-03 ... -1.94526959e-03
  1.77277567e-16 -1.26892618e-04]

Residual before update:
[ 5.74841623e-16  5.87050304e-03  5.76327339e-03 ... -1.96785720e-03
 -8.39957337e-15 -1.24717437e-04]

Residual before update:
[ 6.92106070e-17  5.87330439e-03  5.76623266e-03 ... -1.94510136e-03
  2.15543077e-16 -1.26868799e-04]

Residual before update:
[ 7.89633234e-17  5.87325600e-03  5.76618419e-03 ... -1.94503277e-03
  2.29242713e-16 -1.26859983e-04]

Residual before update:
[ 8.87364845e-17  5.87320755e-03  5.76613567e-03 ... -1.94497190e-03
  2.40227911e-16 -1.26850875e-04]

Residual before update:
[ 9.82546832e-17  5.87315902e-03  5.76608708e-03 ... -1.94491742e-03
  2.48953045e-16 -1.26843035e-04]

Residual before update:
[ 9.43680143e-17  5.87315693e-03  5.76608526e-03 ... -1.94509879e-03
  1.85927667e-16 -1.26858291e-04]

Residual before update:
[ 9.21878111e-17  5.87315515e-03  5.76608361e-03 ... -1.94518279e-03
  1.56723116e-16 -1.26866591e-04]

Residual before update:
[ 9.14671925e-17  5.87315421e-03  5.76608273e-03 ... -1.94521775e-03
  1.44580758e-16 -1.26869183e-04]

Residual before update:
[ 9.13338866e-17  5.87315365e-03  5.76608218e-03 ... -1.94522437e-03
  1.42272420e-16 -1.26869607e-04]

Residual before update:
[ 9.12961447e-17  5.87315332e-03  5.76608183e-03 ... -1.94521416e-03
  1.45845392e-16 -1.26869523e-04]

Residual before update:
[-1.59380367e-16  5.87085689e-03  5.76370808e-03 ... -1.96448922e-03
 -1.06832082e-14 -1.24561076e-04]

Residual before update:
[ 9.28048387e-17  5.87315311e-03  5.76608155e-03 ... -1.94516794e-03
  1.62005187e-16 -1.26863308e-04]

Residual before update:
[ 9.30890912e-17  5.87315304e-03  5.76608143e-03 ... -1.94513888e-03
  1.72197633e-16 -1.26862049e-04]

Residual before update:
[ 9.37440383e-17  5.87315300e-03  5.76608135e-03 ... -1.94510839e-03
  1.82918262e-16 -1.26859129e-04]

Residual before update:
[ 9.43420118e-17  5.87315294e-03  5.76608124e-03 ... -1.94507755e-03
  1.93788249e-16 -1.26856798e-04]

Residual before update:
[ 9.44600459e-17  5.87315335e-03  5.76608165e-03 ... -1.94508140e-03
  1.92515734e-16 -1.26856367e-04]

Residual before update:
[ 9.39360740e-17  5.87315256e-03  5.76608089e-03 ... -1.94509772e-03
  1.86672936e-16 -1.26858645e-04]

Residual before update:
[ 9.37147047e-17  5.87315187e-03  5.76608023e-03 ... -1.94511769e-03
  1.79579891e-16 -1.26859846e-04]

Residual before update:
[ 9.34876778e-17  5.87315119e-03  5.76607958e-03 ... -1.94513548e-03
  1.73247796e-16 -1.26861204e-04]

Residual before update:
[ 9.30688591e-17  5.87315056e-03  5.76607897e-03 ... -1.94514831e-03
  1.68674471e-16 -1.26863147e-04]

Residual before update:
[-1.31565123e-15  5.87135589e-03  5.76436796e-03 ... -1.96099803e-03
 -1.38461308e-14 -1.27541732e-04]

Residual before update:
[ 9.35774766e-17  5.87314964e-03  5.76607807e-03 ... -1.94515629e-03
  1.65699351e-16 -1.26861782e-04]

Residual before update:
[ 9.33664901e-17  5.87314925e-03  5.76607767e-03 ... -1.94515225e-03
  1.67026306e-16 -1.26862843e-04]

Residual before update:
[ 9.35724569e-17  5.87314894e-03  5.76607734e-03 ... -1.94514385e-03
  1.69894033e-16 -1.26861999e-04]

Residual before update:
[ 9.37689705e-17  5.87314866e-03  5.76607704e-03 ... -1.94513189e-03
  1.74017706e-16 -1.26861489e-04]

Residual before update:
[ 9.41459041e-17  5.87314921e-03  5.76607758e-03 ... -1.94512378e-03
  1.76955130e-16 -1.26859947e-04]

Residual before update:
[ 9.40922724e-17  5.87314869e-03  5.76607705e-03 ... -1.94511826e-03
  1.78782668e-16 -1.26860225e-04]

Residual before update:
[ 9.43280706e-17  5.87314826e-03  5.76607662e-03 ... -1.94511715e-03
  1.79077263e-16 -1.26859500e-04]

Residual before update:
[ 9.44395931e-17  5.87314779e-03  5.76607615e-03 ... -1.94511931e-03
  1.78215868e-16 -1.26859439e-04]

Residual before update:
[ 9.42083415e-17  5.87314728e-03  5.76607565e-03 ... -1.94512335e-03
  1.76718220e-16 -1.26860594e-04]

Residual before update:
[-1.26595205e-15  5.87153980e-03  5.76454643e-03 ... -1.95945428e-03
 -1.30228709e-14 -1.27066993e-04]

Residual before update:
[ 9.47110980e-17  5.87314636e-03  5.76607475e-03 ... -1.94513180e-03
  1.73569024e-16 -1.26859260e-04]

Residual before update:
[ 9.43519590e-17  5.87314588e-03  5.76607427e-03 ... -1.94513442e-03
  1.72565593e-16 -1.26860944e-04]

Residual before update:
[ 9.43610603e-17  5.87314545e-03  5.76607384e-03 ... -1.94513512e-03
  1.72235234e-16 -1.26860935e-04]

Residual before update:
[ 9.43312006e-17  5.87314503e-03  5.76607341e-03 ... -1.94513364e-03
  1.72673428e-16 -1.26861396e-04]

Residual before update:
[ 9.45626541e-17  5.87314549e-03  5.76607388e-03 ... -1.94513235e-03
  1.73209732e-16 -1.26860479e-04]

Residual before update:
[ 9.44665810e-17  5.87314493e-03  5.76607331e-03 ... -1.94512879e-03
  1.74344646e-16 -1.26860945e-04]

Residual before update:
[ 9.47467065e-17  5.87314452e-03  5.76607290e-03 ... -1.94512578e-03
  1.75305382e-16 -1.26860039e-04]

Residual before update:
[ 9.49520488e-17  5.87314409e-03  5.76607246e-03 ... -1.94512371e-03
  1.75927814e-16 -1.26859587e-04]

Residual before update:
[ 9.48289048e-17  5.87314365e-03  5.76607201e-03 ... -1.94512272e-03
  1.76193169e-16 -1.26860287e-04]

Residual before update:
[-1.18347604e-15  5.87157126e-03  5.76457079e-03 ... -1.95934124e-03
 -1.24524071e-14 -1.27105180e-04]

Residual before update:
[ 9.55095414e-17  5.87314281e-03  5.76607119e-03 ... -1.94512327e-03
  1.75812938e-16 -1.26858212e-04]

Residual before update:
[ 9.51819064e-17  5.87314236e-03  5.76607073e-03 ... -1.94512430e-03
  1.75366377e-16 -1.26859764e-04]

Residual before update:
[ 9.51857756e-17  5.87314192e-03  5.76607029e-03 ... -1.94512525e-03
  1.74945727e-16 -1.26859778e-04]

Residual before update:
[ 9.51122382e-17  5.87314146e-03  5.76606984e-03 ... -1.94512576e-03
  1.74682593e-16 -1.26860427e-04]
Compute pips
###############################
TGFM
###############################
Initialize variables
Warning: 373 variants have NaN gwas_beta. Setting to 0 with large SE.
Iterative optimization

Residual before update:
[-2.55311120e-03  2.89005588e-03  0.00000000e+00 ... -7.98734291e-03
 -4.77658551e-05  1.46905777e-03]

Residual before update:
[-2.55308918e-03  2.89007681e-03  3.20213900e-17 ... -7.98721073e-03
 -4.83888591e-05  1.46842020e-03]

Residual before update:
[-2.55306929e-03  2.89009620e-03  6.05123348e-17 ... -7.98708363e-03
 -4.90122561e-05  1.46778059e-03]

Residual before update:
[-2.55306674e-03  2.89009326e-03  6.39104017e-17 ... -7.98701385e-03
 -4.96473810e-05  1.46712328e-03]

Residual before update:
[-2.55306027e-03  2.89010164e-03  6.45330854e-17 ... -7.98692097e-03
 -5.02789198e-05  1.46647057e-03]

Residual before update:
[-2.55304882e-03  2.89010275e-03  9.21580450e-17 ... -7.98683606e-03
 -5.09040260e-05  1.46582342e-03]

Residual before update:
[-2.55304300e-03  2.89010429e-03  9.94931934e-17 ... -7.98675791e-03
 -5.15370819e-05  1.46517014e-03]

Residual before update:
[-2.55304718e-03  2.80134466e-03 -1.20010961e-14 ... -7.99844027e-03
 -5.13444285e-05  1.46562228e-03]

Residual before update:
[-2.55303448e-03  2.89010392e-03  1.10723687e-16 ... -7.98660742e-03
 -5.27971759e-05  1.46386502e-03]

Residual before update:
[-2.55429003e-03  2.89014558e-03 -6.07927775e-15 ... -7.98728142e-03
 -4.96047000e-05  1.47131301e-03]

Residual before update:
[-2.55305078e-03  2.89007991e-03  8.93284213e-17 ... -7.98659629e-03
 -5.34348384e-05  1.46319298e-03]

Residual before update:
[-2.55305868e-03  2.89007108e-03  7.43830244e-17 ... -7.98662732e-03
 -5.34447191e-05  1.46318127e-03]

Residual before update:
[-2.55306067e-03  2.89006974e-03  7.15121016e-17 ... -7.98663251e-03
 -5.34480193e-05  1.46317513e-03]

Residual before update:
[-2.55306570e-03  2.89006379e-03  6.16274562e-17 ... -7.98664290e-03
 -5.34538356e-05  1.46317187e-03]

Residual before update:
[-2.55307367e-03  2.89006648e-03  3.18676041e-17 ... -7.98664623e-03
 -5.34639201e-05  1.46315862e-03]

Residual before update:
[-2.55305983e-03  2.89006807e-03  7.56446511e-17 ... -7.98662865e-03
 -5.34526732e-05  1.46317096e-03]

Residual before update:
[-2.55305745e-03  2.89007095e-03  7.73613018e-17 ... -7.98662157e-03
 -5.34592707e-05  1.46316843e-03]

Residual before update:
[-2.55326595e-03  2.79785653e-03 -1.08089581e-14 ... -7.99439383e-03
 -4.92503657e-05  1.46744803e-03]

Residual before update:
[-2.55305184e-03  2.89007792e-03  8.46004947e-17 ... -7.98659880e-03
 -5.34635708e-05  1.46316637e-03]

Residual before update:
[-2.55634550e-03  2.89116880e-03 -9.81586947e-15 ... -7.99010674e-03
 -5.26927518e-05  1.46787198e-03]

Residual before update:
[-2.55305060e-03  2.89007996e-03  8.94181112e-17 ... -7.98658986e-03
 -5.34630114e-05  1.46316472e-03]

Residual before update:
[-2.55305010e-03  2.89008115e-03  8.68362013e-17 ... -7.98659332e-03
 -5.34710116e-05  1.46315849e-03]

Residual before update:
[-2.55304865e-03  2.89008416e-03  8.89261368e-17 ... -7.98658638e-03
 -5.34776478e-05  1.46315014e-03]

Residual before update:
[-2.55305710e-03  2.89007381e-03  7.42291527e-17 ... -7.98660929e-03
 -5.34846936e-05  1.46314401e-03]

Residual before update:
[-2.55306706e-03  2.89007422e-03  4.14671653e-17 ... -7.98661878e-03
 -5.35010941e-05  1.46312321e-03]

Residual before update:
[-2.55305587e-03  2.89007251e-03  8.14518791e-17 ... -7.98661048e-03
 -5.34921802e-05  1.46313180e-03]

Residual before update:
[-2.55305626e-03  2.89007208e-03  7.90761944e-17 ... -7.98661275e-03
 -5.35024025e-05  1.46312423e-03]

Residual before update:
[-2.55333030e-03  2.79774768e-03 -1.04721979e-14 ... -7.99393215e-03
 -4.85883216e-05  1.46809234e-03]

Residual before update:
[-2.55305551e-03  2.89007320e-03  7.91397272e-17 ... -7.98660648e-03
 -5.35116307e-05  1.46311484e-03]

Residual before update:
[-2.55652362e-03  2.89124205e-03 -1.02246523e-14 ... -7.99026563e-03
 -5.27394936e-05  1.46808568e-03]

Residual before update:
[-2.55305496e-03  2.89007436e-03  8.29132876e-17 ... -7.98660032e-03
 -5.35109323e-05  1.46311303e-03]

Residual before update:
[-2.55305249e-03  2.89007790e-03  8.32946965e-17 ... -7.98659678e-03
 -5.35189513e-05  1.46310765e-03]

Residual before update:
[-2.55304785e-03  2.89008476e-03  9.00802060e-17 ... -7.98657883e-03
 -5.35261030e-05  1.46310016e-03]

Residual before update:
[-2.55305610e-03  2.89007465e-03  7.56634787e-17 ... -7.98660152e-03
 -5.35289256e-05  1.46309854e-03]

Residual before update:
[-2.55306478e-03  2.89007669e-03  4.46350688e-17 ... -7.98660633e-03
 -5.35466793e-05  1.46307690e-03]

Residual before update:
[-2.55305337e-03  2.89007512e-03  8.51487880e-17 ... -7.98659770e-03
 -5.35358380e-05  1.46308755e-03]

Residual before update:
[-2.55305396e-03  2.89007444e-03  8.24646522e-17 ... -7.98660066e-03
 -5.35462314e-05  1.46307974e-03]

Residual before update:
[-2.55322807e-03  2.79892179e-03 -9.90262649e-15 ... -7.99378381e-03
 -4.85858194e-05  1.46807999e-03]

Residual before update:
[-2.55305471e-03  2.89007378e-03  8.02999743e-17 ... -7.98659939e-03
 -5.35565598e-05  1.46306855e-03]

Residual before update:
[-2.55658130e-03  2.89126226e-03 -1.03740850e-14 ... -7.99032099e-03
 -5.27891236e-05  1.46810717e-03]

Residual before update:
[-2.55305573e-03  2.89007304e-03  8.17435947e-17 ... -7.98659864e-03
 -5.35564200e-05  1.46306544e-03]

Residual before update:
[-2.55305373e-03  2.89007601e-03  8.14402000e-17 ... -7.98659650e-03
 -5.35661347e-05  1.46305811e-03]

Residual before update:
[-2.55304910e-03  2.89008280e-03  8.82248053e-17 ... -7.98657839e-03
 -5.35761914e-05  1.46304759e-03]

Residual before update:
[-2.55305674e-03  2.89007352e-03  7.46761170e-17 ... -7.98659926e-03
 -5.35746991e-05  1.46305076e-03]

Residual before update:
[-2.55306500e-03  2.89007613e-03  4.41122017e-17 ... -7.98660226e-03
 -5.35946556e-05  1.46302702e-03]

Residual before update:
[-2.55305309e-03  2.89007506e-03  8.55606498e-17 ... -7.98659233e-03
 -5.35817413e-05  1.46304000e-03]

Residual before update:
[-2.55305333e-03  2.89007479e-03  8.33716944e-17 ... -7.98659416e-03
 -5.35919789e-05  1.46303252e-03]

Residual before update:
[-2.55309600e-03  2.80023891e-03 -9.25195362e-15 ... -7.99368838e-03
 -4.85876101e-05  1.46806684e-03]

Residual before update:
[-2.55305390e-03  2.89007434e-03  8.14614210e-17 ... -7.98659226e-03
 -5.36022123e-05  1.46302150e-03]

Residual before update:
[-2.55662010e-03  2.89127726e-03 -1.04854830e-14 ... -7.99035286e-03
 -5.28322407e-05  1.46811358e-03]
Compute pips
###############################
TGFM
###############################
Initialize variables
Warning: 347 variants have NaN gwas_beta. Setting to 0 with large SE.
Iterative optimization

Residual before update:
[ 0.00560688  0.00347822 -0.00436865 ...  0.00559105 -0.00034495
  0.00332376]

Residual before update:
[ 0.00560561  0.00347798 -0.00436874 ...  0.00558406 -0.00035227
  0.00331568]

Residual before update:
[ 0.00560779  0.00347944 -0.0043685  ...  0.00559707 -0.00033849
  0.00333074]

Residual before update:
[ 0.00560538  0.00347784 -0.00436879 ...  0.00558081 -0.00035454
  0.00331214]

Residual before update:
[ 0.00560773  0.00347987 -0.00436833 ...  0.0055966  -0.00033883
  0.00333022]

Residual before update:
[ 0.00560543  0.00347873 -0.00436843 ...  0.00558271 -0.00035353
  0.00331416]

Residual before update:
[ 0.0056077   0.00348026 -0.00436818 ...  0.00559632 -0.00033908
  0.00332992]

Residual before update:
[ 0.0056054   0.00347858 -0.00436832 ...  0.00558254 -0.00035372
  0.00331397]

Residual before update:
[ 0.00560767  0.00348064 -0.00436803 ...  0.00559615 -0.00033928
  0.00332973]

Residual before update:
[ 0.00560538  0.00347949 -0.00436813 ...  0.00558242 -0.0003539
  0.00331385]

Residual before update:
[ 0.00560892  0.00348126 -0.00436779 ...  0.00560302 -0.00033213
  0.00333768]

Residual before update:
[ 0.00560341  0.00347812 -0.0043682  ...  0.00557015 -0.00036718
  0.00329963]

Residual before update:
[ 0.00561015  0.00348213 -0.00436762 ...  0.00561075 -0.0003242
  0.0033466 ]

Residual before update:
[ 0.00560335  0.00347833 -0.0043681  ...  0.00557028 -0.00036749
  0.00329973]

Residual before update:
[ 0.00561015  0.00348242 -0.0043675  ...  0.00561114 -0.00032411
  0.00334702]

Residual before update:
[ 0.00560336  0.00347864 -0.00436797 ...  0.0055707  -0.00036734
  0.0033002 ]

Residual before update:
[ 0.00561014  0.00348273 -0.00436738 ...  0.0056114  -0.00032406
  0.00334731]

Residual before update:
[ 0.00560335  0.00347896 -0.00436784 ...  0.00557099 -0.00036729
  0.00330051]

Residual before update:
[ 0.00561012  0.00348305 -0.00436725 ...  0.00561162 -0.00032405
  0.00334755]

Residual before update:
[ 0.00560334  0.00347928 -0.00436772 ...  0.00557123 -0.00036727
  0.00330077]

Residual before update:
[ 0.00561115  0.0034839  -0.00436706 ...  0.005618   -0.00031738
  0.00335492]

Residual before update:
[ 0.00560117  0.00347821 -0.00436782 ...  0.00555858 -0.0003811
  0.00328611]

Residual before update:
[ 0.00561234  0.00348477 -0.00436687 ...  0.00562538 -0.00030973
  0.00336346]

Residual before update:
[ 0.00560106  0.00347844 -0.0043677  ...  0.00555838 -0.00038172
  0.00328584]

Residual before update:
[ 0.00561232  0.00348504 -0.00436674 ...  0.00562573 -0.00030978
  0.00336384]

Residual before update:
[ 0.00560106  0.00347872 -0.00436756 ...  0.0055588  -0.00038169
  0.00328631]

Residual before update:
[ 0.00561231  0.00348531 -0.0043666  ...  0.0056261  -0.00030981
  0.00336424]

Residual before update:
[ 0.00560105  0.00347899 -0.00436743 ...  0.00555919 -0.0003817
  0.00328674]

Residual before update:
[ 0.0056123   0.00348558 -0.00436647 ...  0.00562646 -0.00030983
  0.00336463]

Residual before update:
[ 0.00560103  0.00347926 -0.0043673  ...  0.00555955 -0.00038172
  0.00328713]

Residual before update:
[ 0.00561334  0.00348638 -0.00436628 ...  0.00563299 -0.00030308
  0.00337218]

Residual before update:
[ 0.00559884  0.00347817 -0.0043674  ...  0.00554671 -0.00039572
  0.00327224]

Residual before update:
[ 0.00561454  0.00348721 -0.00436608 ...  0.00564038 -0.00029537
  0.00338072]

Residual before update:
[ 0.00559872  0.00347834 -0.00436727 ...  0.00554636 -0.00039641
  0.00327182]

Residual before update:
[ 0.00561452  0.00348743 -0.00436594 ...  0.00564058 -0.00029547
  0.00338094]

Residual before update:
[ 0.00559871  0.00347856 -0.00436713 ...  0.00554663 -0.00039644
  0.00327212]

Residual before update:
[ 0.0056145   0.00348764 -0.0043658  ...  0.00564079 -0.00029556
  0.00338117]

Residual before update:
[ 0.00559869  0.00347878 -0.00436699 ...  0.00554686 -0.0003965
  0.00327237]

Residual before update:
[ 0.00561448  0.00348786 -0.00436566 ...  0.00564101 -0.00029563
  0.00338141]

Residual before update:
[ 0.00559867  0.003479   -0.00436684 ...  0.00554708 -0.00039658
  0.0032726 ]

Residual before update:
[ 0.00561553  0.00348862 -0.00436547 ...  0.00564751 -0.00028887
  0.00338893]

Residual before update:
[ 0.00559646  0.00347791 -0.00436694 ...  0.00553413 -0.00041064
  0.0032576 ]

Residual before update:
[ 0.00561674  0.00348941 -0.00436526 ...  0.00565492 -0.00028113
  0.0033975 ]

Residual before update:
[ 0.00559634  0.00347803 -0.00436681 ...  0.00553375 -0.00041134
  0.00325714]

Residual before update:
[ 0.00561671  0.00348958 -0.00436512 ...  0.0056551  -0.00028123
  0.00339769]

Residual before update:
[ 0.00559633  0.00347821 -0.00436667 ...  0.00553399 -0.00041136
  0.00325741]

Residual before update:
[ 0.00561669  0.00348976 -0.00436498 ...  0.00565529 -0.00028131
  0.0033979 ]

Residual before update:
[ 0.00559631  0.00347839 -0.00436653 ...  0.0055342  -0.00041143
  0.00325764]

Residual before update:
[ 0.00561667  0.00348993 -0.00436484 ...  0.00565549 -0.00028139
  0.00339812]

Residual before update:
[ 0.00559629  0.00347856 -0.00436639 ...  0.0055344  -0.00041151
  0.00325785]
Compute pips
###############################
TGFM
###############################
Initialize variables
Warning: 342 variants have NaN gwas_beta. Setting to 0 with large SE.
Iterative optimization

Residual before update:
[-0.00211876 -0.00559657 -0.01013938 ...  0.          0.00066298
 -0.0011631 ]

Residual before update:
[-2.11941105e-03 -5.59735607e-03 -1.01398172e-02 ... -8.89317815e-15
  6.62169472e-04 -1.16393621e-03]

Residual before update:
[-2.11932773e-03 -5.59650835e-03 -1.01394606e-02 ... -2.23520847e-15
  6.63984860e-04 -1.15764264e-03]

Residual before update:
[-2.11953165e-03 -5.59760895e-03 -1.01399251e-02 ... -9.36504874e-15
  6.61636996e-04 -1.16410175e-03]

Residual before update:
[-2.11944955e-03 -5.59672199e-03 -1.01395534e-02 ... -2.42887354e-15
  6.63549502e-04 -1.15747068e-03]

Residual before update:
[-2.11969159e-03 -5.59777407e-03 -1.01400104e-02 ... -9.43787281e-15
  6.61381419e-04 -1.16397127e-03]

Residual before update:
[-2.11960967e-03 -5.59688936e-03 -1.01396400e-02 ... -2.52342208e-15
  6.63291069e-04 -1.15735833e-03]

Residual before update:
[-2.11989935e-03 -5.59785487e-03 -1.01400653e-02 ... -9.34556310e-15
  6.61324033e-04 -1.16406388e-03]

Residual before update:
[-2.11978886e-03 -5.59703582e-03 -1.01397249e-02 ... -2.59454225e-15
  6.63108113e-04 -1.15727112e-03]

Residual before update:
[-2.12005983e-03 -5.59805473e-03 -1.01401786e-02 ... -9.56076943e-15
  6.61051253e-04 -1.16381190e-03]

Residual before update:
[-2.11932367e-03 -5.59637991e-03 -1.01393673e-02 ...  6.24042496e-15
  6.63778851e-04 -1.15636788e-03]

Residual before update:
[-2.11982539e-03 -5.59868514e-03 -1.01403740e-02 ... -1.05133582e-14
  6.59040815e-04 -1.17228712e-03]

Residual before update:
[-2.11938154e-03 -5.59577123e-03 -1.01391727e-02 ...  1.00211036e-14
  6.65224561e-04 -1.15315198e-03]

Residual before update:
[-2.12013997e-03 -5.59873026e-03 -1.01404454e-02 ... -1.06960530e-14
  6.59284258e-04 -1.17268086e-03]

Residual before update:
[-2.11973423e-03 -5.59592353e-03 -1.01392608e-02 ...  9.95445915e-15
  6.65295307e-04 -1.15310154e-03]

Residual before update:
[-2.12039932e-03 -5.59879243e-03 -1.01405074e-02 ... -1.06706827e-14
  6.59396955e-04 -1.17276075e-03]

Residual before update:
[-2.11997463e-03 -5.59600984e-03 -1.01393262e-02 ...  9.92817386e-15
  6.65326425e-04 -1.15317103e-03]

Residual before update:
[-2.12062728e-03 -5.59881632e-03 -1.01405250e-02 ... -1.06526452e-14
  6.59453954e-04 -1.17297055e-03]

Residual before update:
[-2.12020398e-03 -5.59610792e-03 -1.01393923e-02 ...  9.89220367e-15
  6.65313942e-04 -1.15321196e-03]

Residual before update:
[-2.12087110e-03 -5.59897137e-03 -1.01406375e-02 ... -1.07184387e-14
  6.59418985e-04 -1.17287119e-03]

Residual before update:
[-2.12028368e-03 -5.59575923e-03 -1.01392590e-02 ...  1.30418729e-14
  6.66173726e-04 -1.15018610e-03]

Residual before update:
[-2.12120152e-03 -5.59990431e-03 -1.01410437e-02 ... -1.72747568e-14
  6.57533738e-04 -1.17920058e-03]

Residual before update:
[-2.12029945e-03 -5.59527119e-03 -1.01390771e-02 ...  1.66899807e-14
  6.67237458e-04 -1.14672544e-03]

Residual before update:
[-2.12146636e-03 -5.60002531e-03 -1.01411104e-02 ... -1.75907822e-14
  6.57438464e-04 -1.17944569e-03]

Residual before update:
[-2.12063255e-03 -5.59540519e-03 -1.01391418e-02 ...  1.66189873e-14
  6.67211112e-04 -1.14661848e-03]

Residual before update:
[-2.12173553e-03 -5.60009883e-03 -1.01411603e-02 ... -1.75969702e-14
  6.57457141e-04 -1.17940736e-03]

Residual before update:
[-2.12090296e-03 -5.59548236e-03 -1.01391931e-02 ...  1.65857861e-14
  6.67226058e-04 -1.14659748e-03]

Residual before update:
[-2.12195251e-03 -5.60011842e-03 -1.01411803e-02 ... -1.75843628e-14
  6.57509052e-04 -1.17946593e-03]

Residual before update:
[-2.12117034e-03 -5.59556368e-03 -1.01392448e-02 ...  1.65529936e-14
  6.67233088e-04 -1.14656696e-03]

Residual before update:
[-2.12227383e-03 -5.60025650e-03 -1.01412632e-02 ... -1.76561086e-14
  6.57482110e-04 -1.17936607e-03]

Residual before update:
[-2.12126569e-03 -5.59520096e-03 -1.01391014e-02 ...  1.97439070e-14
  6.68126479e-04 -1.14339677e-03]

Residual before update:
[-2.12260905e-03 -5.60120653e-03 -1.01416678e-02 ... -2.43263719e-14
  6.55565760e-04 -1.18573905e-03]

Residual before update:
[-2.12131337e-03 -5.59476455e-03 -1.01389278e-02 ...  2.33962433e-14
  6.69144154e-04 -1.13971283e-03]

Residual before update:
[-2.12285481e-03 -5.60135047e-03 -1.01417371e-02 ... -2.46681351e-14
  6.55426728e-04 -1.18586384e-03]

Residual before update:
[-2.12157338e-03 -5.59488692e-03 -1.01389849e-02 ...  2.33315146e-14
  6.69076429e-04 -1.13953491e-03]

Residual before update:
[-2.12309635e-03 -5.60145446e-03 -1.01417898e-02 ... -2.46981157e-14
  6.55375919e-04 -1.18569364e-03]

Residual before update:
[-2.12181521e-03 -5.59499426e-03 -1.01390389e-02 ...  2.32747758e-14
  6.69018514e-04 -1.13939438e-03]

Residual before update:
[-2.12328159e-03 -5.60151945e-03 -1.01418291e-02 ... -2.47070385e-14
  6.55347684e-04 -1.18559562e-03]

Residual before update:
[-2.12205684e-03 -5.59510092e-03 -1.01390925e-02 ...  2.32227443e-14
  6.68962346e-04 -1.13925974e-03]

Residual before update:
[-2.12357996e-03 -5.60166782e-03 -1.01418972e-02 ... -2.48009292e-14
  6.55263532e-04 -1.18542988e-03]

Residual before update:
[-2.12214189e-03 -5.59474411e-03 -1.01389497e-02 ...  2.64257688e-14
  6.69843019e-04 -1.13601013e-03]

Residual before update:
[-2.12390642e-03 -5.60262907e-03 -1.01423070e-02 ... -3.14983376e-14
  6.53331546e-04 -1.19184473e-03]

Residual before update:
[-2.12219643e-03 -5.59431970e-03 -1.01387795e-02 ...  3.00882235e-14
  6.70857150e-04 -1.13227090e-03]

Residual before update:
[-2.12414448e-03 -5.60277743e-03 -1.01423813e-02 ... -3.18445306e-14
  6.53190909e-04 -1.19193966e-03]

Residual before update:
[-2.12243543e-03 -5.59443407e-03 -1.01388391e-02 ...  3.00330239e-14
  6.70796863e-04 -1.13207724e-03]

Residual before update:
[-2.12437825e-03 -5.60288517e-03 -1.01424387e-02 ... -3.18736357e-14
  6.53139652e-04 -1.19172481e-03]

Residual before update:
[-2.12266986e-03 -5.59454534e-03 -1.01388978e-02 ...  2.99769121e-14
  6.70737937e-04 -1.13189781e-03]

Residual before update:
[-2.12457568e-03 -5.60296918e-03 -1.01424903e-02 ... -3.18874626e-14
  6.53103413e-04 -1.19155137e-03]

Residual before update:
[-2.12290421e-03 -5.59465596e-03 -1.01389563e-02 ...  2.99254306e-14
  6.70680322e-04 -1.13172048e-03]

Residual before update:
[-2.12484682e-03 -5.60310625e-03 -1.01425555e-02 ... -3.19752351e-14
  6.53024825e-04 -1.19136074e-03]
Compute pips
###############################
TGFM
###############################
Initialize variables
Warning: 334 variants have NaN gwas_beta. Setting to 0 with large SE.
Iterative optimization

Residual before update:
[ 0.00267819 -0.0001347   0.00385799 ... -0.00051428 -0.00060503
  0.00172784]

Residual before update:
[ 0.00267817 -0.00013469  0.00385798 ... -0.0005143  -0.00060506
  0.00172781]

Residual before update:
[ 0.00267816 -0.00013468  0.00385798 ... -0.00051433 -0.00060509
  0.00172779]

Residual before update:
[ 0.00267815 -0.00013467  0.00385797 ... -0.00051436 -0.00060511
  0.00172776]

Residual before update:
[ 0.00267813 -0.00013466  0.00385796 ... -0.00051438 -0.00060514
  0.00172774]

Residual before update:
[ 0.00267073 -0.00014798  0.00384059 ... -0.00065437 -0.00074484
  0.00167387]

Residual before update:
[ 0.00267811 -0.00013464  0.00385795 ... -0.00051443 -0.00060519
  0.00172769]

Residual before update:
[ 0.00267809 -0.00013463  0.00385794 ... -0.00051439 -0.00060514
  0.00172769]

Residual before update:
[ 0.00267808 -0.00013462  0.00385794 ... -0.00051448 -0.00060524
  0.00172764]

Residual before update:
[ 0.00267807 -0.00013461  0.00385793 ... -0.00051451 -0.00060527
  0.00172762]

Residual before update:
[ 0.00267807 -0.00013461  0.00385793 ... -0.00051451 -0.00060526
  0.00172762]

Residual before update:
[ 0.00267807 -0.00013461  0.00385793 ... -0.00051451 -0.00060527
  0.00172762]

Residual before update:
[ 0.00267807 -0.00013461  0.00385793 ... -0.00051452 -0.00060528
  0.00172761]

Residual before update:
[ 0.00267807 -0.00013461  0.00385793 ... -0.00051452 -0.00060527
  0.00172762]

Residual before update:
[ 0.00267807 -0.00013461  0.00385793 ... -0.00051451 -0.00060526
  0.00172762]

Residual before update:
[ 2.68479263e-03 -8.33900652e-05  3.84616958e-03 ... -1.73431798e-04
 -2.62162036e-04  1.76425192e-03]

Residual before update:
[ 0.00267807 -0.00013461  0.00385793 ... -0.00051451 -0.00060526
  0.00172762]

Residual before update:
[ 0.00267806 -0.00013461  0.00385793 ... -0.00051442 -0.00060518
  0.00172765]

Residual before update:
[ 0.00267807 -0.00013461  0.00385793 ... -0.00051451 -0.00060526
  0.00172762]

Residual before update:
[ 0.00267807 -0.00013461  0.00385793 ... -0.00051451 -0.00060527
  0.00172762]

Residual before update:
[ 0.00267807 -0.00013461  0.00385793 ... -0.00051451 -0.00060526
  0.00172762]

Residual before update:
[ 0.00267807 -0.00013461  0.00385793 ... -0.00051451 -0.00060527
  0.00172762]

Residual before update:
[ 0.00267807 -0.00013461  0.00385793 ... -0.00051452 -0.00060528
  0.00172761]

Residual before update:
[ 0.00267806 -0.00013461  0.00385793 ... -0.00051452 -0.00060527
  0.00172762]

Residual before update:
[ 0.00267806 -0.00013461  0.00385793 ... -0.00051451 -0.00060526
  0.00172762]

Residual before update:
[ 2.68977520e-03 -7.71435221e-05  3.85134230e-03 ... -4.13139911e-04
 -5.02248498e-04  1.73394411e-03]

Residual before update:
[ 0.00267806 -0.00013461  0.00385793 ... -0.00051451 -0.00060526
  0.00172762]

Residual before update:
[ 0.00267806 -0.00013461  0.00385793 ... -0.00051442 -0.00060518
  0.00172764]

Residual before update:
[ 0.00267806 -0.00013461  0.00385793 ... -0.00051451 -0.00060526
  0.00172762]

Residual before update:
[ 0.00267806 -0.00013461  0.00385793 ... -0.00051451 -0.00060527
  0.00172762]

Residual before update:
[ 0.00267806 -0.00013461  0.00385793 ... -0.00051451 -0.00060526
  0.00172762]

Residual before update:
[ 0.00267806 -0.00013461  0.00385793 ... -0.00051451 -0.00060527
  0.00172762]

Residual before update:
[ 0.00267807 -0.00013461  0.00385793 ... -0.00051452 -0.00060528
  0.00172761]

Residual before update:
[ 0.00267806 -0.00013461  0.00385793 ... -0.00051452 -0.00060527
  0.00172762]

Residual before update:
[ 0.00267806 -0.00013461  0.00385793 ... -0.00051451 -0.00060526
  0.00172762]

Residual before update:
[ 2.69381163e-03 -7.89001834e-05  3.85960467e-03 ... -3.77821629e-04
 -4.67356807e-04  1.73202904e-03]

Residual before update:
[ 0.00267806 -0.00013461  0.00385793 ... -0.00051451 -0.00060526
  0.00172762]

Residual before update:
[ 0.00267806 -0.00013461  0.00385793 ... -0.00051442 -0.00060518
  0.00172764]

Residual before update:
[ 0.00267806 -0.00013461  0.00385793 ... -0.00051451 -0.00060526
  0.00172762]

Residual before update:
[ 0.00267806 -0.00013461  0.00385793 ... -0.00051451 -0.00060527
  0.00172762]

Residual before update:
[ 0.00267806 -0.00013461  0.00385793 ... -0.00051451 -0.00060526
  0.00172762]

Residual before update:
[ 0.00267806 -0.00013461  0.00385793 ... -0.00051451 -0.00060527
  0.00172762]

Residual before update:
[ 0.00267806 -0.00013461  0.00385793 ... -0.00051453 -0.00060528
  0.00172761]

Residual before update:
[ 0.00267806 -0.00013461  0.00385793 ... -0.00051452 -0.00060527
  0.00172762]

Residual before update:
[ 0.00267806 -0.00013461  0.00385793 ... -0.00051451 -0.00060526
  0.00172762]

Residual before update:
[ 2.69391197e-03 -7.97171969e-05  3.86074152e-03 ... -3.72279634e-04
 -4.61884813e-04  1.73109436e-03]

Residual before update:
[ 0.00267806 -0.00013461  0.00385793 ... -0.00051451 -0.00060526
  0.00172762]

Residual before update:
[ 0.00267806 -0.00013461  0.00385793 ... -0.00051442 -0.00060518
  0.00172764]

Residual before update:
[ 0.00267806 -0.00013461  0.00385793 ... -0.00051451 -0.00060526
  0.00172762]

Residual before update:
[ 0.00267806 -0.00013461  0.00385793 ... -0.00051451 -0.00060527
  0.00172762]
Compute pips
###############################
TGFM
###############################
Initialize variables
Warning: 349 variants have NaN gwas_beta. Setting to 0 with large SE.
Iterative optimization

Residual before update:
[ 0.00202664  0.         -0.00424493 ...  0.00500208 -0.00407294
  0.00637348]

Residual before update:
[ 2.02657676e-03 -1.89663565e-16 -4.24389324e-03 ...  4.99838691e-03
 -4.07678118e-03  6.36685408e-03]

Residual before update:
[ 2.02655638e-03 -2.47376235e-16 -4.24281269e-03 ...  4.99620120e-03
 -4.07874257e-03  6.36298274e-03]

Residual before update:
[ 2.02638767e-03 -4.15999480e-16 -4.24369936e-03 ...  4.99447678e-03
 -4.08038844e-03  6.35995918e-03]

Residual before update:
[ 2.02643889e-03 -4.53073796e-16 -4.24232041e-03 ...  4.99309405e-03
 -4.08149181e-03  6.35753559e-03]

Residual before update:
[ 2.02631100e-03 -5.77058636e-16 -4.24276545e-03 ...  4.99189309e-03
 -4.08256198e-03  6.35545011e-03]

Residual before update:
[ 2.02627411e-03 -6.49253519e-16 -4.24235294e-03 ...  4.99083732e-03
 -4.08341469e-03  6.35362023e-03]

Residual before update:
[ 2.02624835e-03 -7.15709291e-16 -4.24188617e-03 ...  4.98988774e-03
 -4.08416405e-03  6.35197918e-03]

Residual before update:
[ 2.02656948e-03 -7.80430144e-16 -4.23780821e-03 ...  4.98904323e-03
 -4.08452499e-03  6.35049974e-03]

Residual before update:
[ 2.02632638e-03 -7.84270015e-16 -4.23957173e-03 ...  4.98822918e-03
 -4.08532120e-03  6.34911653e-03]

Residual before update:
[ 2.02723075e-03 -4.05868365e-16 -4.23121770e-03 ...  4.99123109e-03
 -4.08130304e-03  6.35449588e-03]

Residual before update:
[ 2.02685569e-03 -6.10140846e-16 -4.23537565e-03 ...  4.99227691e-03
 -4.08054311e-03  6.35643579e-03]

Residual before update:
[ 2.02684487e-03 -4.04292226e-16 -4.23529989e-03 ...  4.99274150e-03
 -4.08011442e-03  6.35723618e-03]

Residual before update:
[ 2.02634482e-03 -6.40218372e-16 -4.24086139e-03 ...  4.99277638e-03
 -4.08063534e-03  6.35732424e-03]

Residual before update:
[ 2.02654560e-03 -5.43950893e-16 -4.23884119e-03 ...  4.99265871e-03
 -4.08065323e-03  6.35709027e-03]

Residual before update:
[ 2.02633956e-03 -6.57538869e-16 -4.24079542e-03 ...  4.99241068e-03
 -4.08111418e-03  6.35664990e-03]

Residual before update:
[ 2.02632155e-03 -6.74022361e-16 -4.24087305e-03 ...  4.99210851e-03
 -4.08145484e-03  6.35610399e-03]

Residual before update:
[ 2.02631472e-03 -6.89563612e-16 -4.24086282e-03 ...  4.99177498e-03
 -4.08181635e-03  6.35550148e-03]

Residual before update:
[ 2.02666733e-03 -7.09815765e-16 -4.23706463e-03 ...  4.99144470e-03
 -4.08186235e-03  6.35487905e-03]

Residual before update:
[ 2.02641621e-03 -6.68702676e-16 -4.23950360e-03 ...  4.99107815e-03
 -4.08243600e-03  6.35423724e-03]

Residual before update:
[ 2.02713895e-03 -4.43423415e-16 -4.23210941e-03 ...  4.99117965e-03
 -4.08173802e-03  6.35436745e-03]

Residual before update:
[ 2.02679578e-03 -6.66986095e-16 -4.23563520e-03 ...  4.99129395e-03
 -4.08180714e-03  6.35463680e-03]

Residual before update:
[ 2.02678861e-03 -4.71356479e-16 -4.23546892e-03 ...  4.99154054e-03
 -4.08148335e-03  6.35506230e-03]

Residual before update:
[ 2.02630753e-03 -6.91203113e-16 -4.24086262e-03 ...  4.99169127e-03
 -4.08177958e-03  6.35537051e-03]

Residual before update:
[ 2.02651758e-03 -5.81693906e-16 -4.23882930e-03 ...  4.99182960e-03
 -4.08146433e-03  6.35560752e-03]

Residual before update:
[ 2.02632263e-03 -6.80291217e-16 -4.24076828e-03 ...  4.99188882e-03
 -4.08156554e-03  6.35572632e-03]

Residual before update:
[ 2.02631528e-03 -6.82553960e-16 -4.24083417e-03 ...  4.99189620e-03
 -4.08156448e-03  6.35574081e-03]

Residual before update:
[ 2.02631844e-03 -6.85103945e-16 -4.24081327e-03 ...  4.99185436e-03
 -4.08161807e-03  6.35566419e-03]

Residual before update:
[ 2.02668487e-03 -6.93964468e-16 -4.23695303e-03 ...  4.99178740e-03
 -4.08139153e-03  6.35551472e-03]

Residual before update:
[ 2.02643821e-03 -6.41936590e-16 -4.23942162e-03 ...  4.99166018e-03
 -4.08173240e-03  6.35530180e-03]

Residual before update:
[ 2.02716621e-03 -4.20876649e-16 -4.23192933e-03 ...  4.99163962e-03
 -4.08119240e-03  6.35520645e-03]

Residual before update:
[ 2.02680903e-03 -6.59205490e-16 -4.23552606e-03 ...  4.99152324e-03
 -4.08154748e-03  6.35505536e-03]

Residual before update:
[ 2.02679474e-03 -4.74671399e-16 -4.23535301e-03 ...  4.99153464e-03
 -4.08149334e-03  6.35505399e-03]

Residual before update:
[ 2.02630176e-03 -7.02574084e-16 -4.24082659e-03 ...  4.99152780e-03
 -4.08197659e-03  6.35507574e-03]

Residual before update:
[ 2.02651034e-03 -5.96481800e-16 -4.23877718e-03 ...  4.99156779e-03
 -4.08176136e-03  6.35513571e-03]

Residual before update:
[ 2.02631273e-03 -6.96842565e-16 -4.24073495e-03 ...  4.99159737e-03
 -4.08188591e-03  6.35520239e-03]

Residual before update:
[ 2.02630620e-03 -6.97585202e-16 -4.24080014e-03 ...  4.99162737e-03
 -4.08184739e-03  6.35525953e-03]

Residual before update:
[ 2.02631160e-03 -6.96875926e-16 -4.24077641e-03 ...  4.99164664e-03
 -4.08182254e-03  6.35529500e-03]

Residual before update:
[ 2.02668428e-03 -7.01678419e-16 -4.23687669e-03 ...  4.99166418e-03
 -4.08149118e-03  6.35529950e-03]

Residual before update:
[ 2.02643912e-03 -6.44060069e-16 -4.23936345e-03 ...  4.99163958e-03
 -4.08171673e-03  6.35527282e-03]

Residual before update:
[ 2.02717588e-03 -4.18009415e-16 -4.23179862e-03 ...  4.99168424e-03
 -4.08109748e-03  6.35529552e-03]

Residual before update:
[ 2.02681647e-03 -6.57495223e-16 -4.23542680e-03 ...  4.99159206e-03
 -4.08143136e-03  6.35518812e-03]

Residual before update:
[ 2.02680206e-03 -4.72789243e-16 -4.23523792e-03 ...  4.99157975e-03
 -4.08140337e-03  6.35514400e-03]

Residual before update:
[ 2.02630268e-03 -7.03745618e-16 -4.24078168e-03 ...  4.99154869e-03
 -4.08192868e-03  6.35512020e-03]

Residual before update:
[ 2.02651164e-03 -5.99054037e-16 -4.23871324e-03 ...  4.99154223e-03
 -4.08176728e-03  6.35509550e-03]

Residual before update:
[ 2.02631068e-03 -7.02359668e-16 -4.24069240e-03 ...  4.99153106e-03
 -4.08194219e-03  6.35508797e-03]

Residual before update:
[ 2.02630300e-03 -7.04618436e-16 -4.24075939e-03 ...  4.99153006e-03
 -4.08193938e-03  6.35508884e-03]

Residual before update:
[ 2.02630790e-03 -7.04646888e-16 -4.24073596e-03 ...  4.99153331e-03
 -4.08193195e-03  6.35509536e-03]

Residual before update:
[ 2.02668391e-03 -7.09654148e-16 -4.23679906e-03 ...  4.99154898e-03
 -4.08159734e-03  6.35509670e-03]

Residual before update:
[ 2.02643719e-03 -6.50524259e-16 -4.23930803e-03 ...  4.99154108e-03
 -4.08180443e-03  6.35510056e-03]
Compute pips
###############################
TGFM
###############################
Initialize variables
Warning: 299 variants have NaN gwas_beta. Setting to 0 with large SE.
Iterative optimization

Residual before update:
[ 0.00300661  0.00175028 -0.00237964 ... -0.003485    0.00182617
 -0.00114149]

Residual before update:
[ 0.00288639  0.0017253  -0.00241901 ... -0.00514021  0.00180957
 -0.00166695]

Residual before update:
[ 0.00300536  0.00174862 -0.00237998 ... -0.00348548  0.00182471
 -0.00114291]

Residual before update:
[ 0.00300528  0.00174857 -0.00238003 ... -0.00348526  0.00182447
 -0.00114322]

Residual before update:
[ 0.00300511  0.00174824 -0.00238014 ... -0.00348528  0.00182416
 -0.00114352]

Residual before update:
[ 0.00300494  0.00174796 -0.00238026 ... -0.00348532  0.00182374
 -0.00114384]

Residual before update:
[ 0.00300467  0.00174718 -0.00238047 ... -0.00348567  0.00182362
 -0.00114403]

Residual before update:
[ 0.00300483  0.00174745 -0.00238047 ... -0.00348526  0.00182356
 -0.00114416]

Residual before update:
[ 0.00300479  0.00174724 -0.00238057 ... -0.00348522  0.00182348
 -0.00114427]

Residual before update:
[ 0.00300475  0.00174703 -0.00238068 ... -0.0034852   0.0018233
 -0.00114443]

Residual before update:
[ 0.00300548  0.00174767 -0.00238063 ... -0.00348501  0.00182406
 -0.00114367]

Residual before update:
[ 0.0028386   0.00165907 -0.0023806  ... -0.00520143  0.00171519
 -0.00155081]

Residual before update:
[ 0.0030055   0.00174722 -0.00238076 ... -0.00348544  0.00182428
 -0.00114338]

Residual before update:
[ 0.0030058   0.00174791 -0.00238062 ... -0.00348491  0.00182442
 -0.00114329]

Residual before update:
[ 0.00300574  0.00174785 -0.00238062 ... -0.00348493  0.00182429
 -0.00114337]

Residual before update:
[ 0.00300562  0.00174781 -0.00238064 ... -0.00348501  0.001824
 -0.00114352]

Residual before update:
[ 0.00300537  0.00174722 -0.00238074 ... -0.00348537  0.00182402
 -0.00114358]

Residual before update:
[ 0.00300551  0.00174767 -0.00238064 ... -0.003485    0.00182404
 -0.00114361]

Residual before update:
[ 0.00300544  0.00174761 -0.00238065 ... -0.00348501  0.00182402
 -0.00114365]

Residual before update:
[ 0.00300536  0.00174754 -0.00238066 ... -0.00348504  0.0018239
 -0.00114376]

Residual before update:
[ 0.00300537  0.00174757 -0.00238065 ... -0.00348504  0.00182388
 -0.00114375]

Residual before update:
[ 0.00290584  0.00175175 -0.00243546 ... -0.00510133  0.00183756
 -0.00174618]

Residual before update:
[ 0.00300519  0.00174693 -0.0023808  ... -0.00348554  0.00182394
 -0.00114369]

Residual before update:
[ 0.00300556  0.0017477  -0.00238064 ... -0.00348497  0.00182417
 -0.00114355]

Residual before update:
[ 0.00300557  0.00174771 -0.00238064 ... -0.00348498  0.00182412
 -0.00114355]

Residual before update:
[ 0.00300553  0.00174773 -0.00238065 ... -0.00348503  0.00182391
 -0.00114363]

Residual before update:
[ 0.00300535  0.00174718 -0.00238076 ... -0.00348538  0.00182401
 -0.00114361]

Residual before update:
[ 0.00300557  0.0017477  -0.00238065 ... -0.00348498  0.00182411
 -0.00114357]

Residual before update:
[ 0.00300556  0.00174769 -0.00238065 ... -0.00348497  0.00182414
 -0.00114355]

Residual before update:
[ 0.00300553  0.00174767 -0.00238066 ... -0.00348499  0.00182407
 -0.0011436 ]

Residual before update:
[ 0.0030055   0.00174766 -0.00238066 ... -0.003485    0.001824
 -0.00114363]

Residual before update:
[ 0.00280338  0.00162185 -0.00233313 ... -0.00528563  0.00183021
 -0.00147724]

Residual before update:
[ 0.00300519  0.00174691 -0.00238081 ... -0.00348554  0.00182392
 -0.0011437 ]

Residual before update:
[ 0.00300552  0.00174764 -0.00238066 ... -0.00348498  0.00182411
 -0.0011436 ]

Residual before update:
[ 0.00300551  0.00174764 -0.00238066 ... -0.00348499  0.00182404
 -0.00114362]

Residual before update:
[ 0.00300546  0.00174766 -0.00238067 ... -0.00348504  0.00182382
 -0.00114371]

Residual before update:
[ 0.00300529  0.00174711 -0.00238077 ... -0.0034854   0.00182394
 -0.00114368]

Residual before update:
[ 0.00300554  0.00174766 -0.00238066 ... -0.00348499  0.00182406
 -0.00114361]

Residual before update:
[ 0.00300555  0.00174767 -0.00238066 ... -0.00348497  0.00182413
 -0.00114357]

Residual before update:
[ 0.00300554  0.00174766 -0.00238066 ... -0.00348498  0.00182408
 -0.00114359]

Residual before update:
[ 0.00300553  0.00174767 -0.00238066 ... -0.00348499  0.00182403
 -0.00114361]

Residual before update:
[ 0.00289533  0.00176759 -0.0024053  ... -0.00511071  0.00200669
 -0.00183224]

Residual before update:
[ 0.00300522  0.00174691 -0.00238082 ... -0.00348552  0.00182394
 -0.00114368]

Residual before update:
[ 0.00300554  0.00174764 -0.00238067 ... -0.00348497  0.00182411
 -0.00114359]

Residual before update:
[ 0.00300552  0.00174762 -0.00238067 ... -0.00348498  0.00182403
 -0.00114363]

Residual before update:
[ 0.00300546  0.00174763 -0.00238068 ... -0.00348504  0.0018238
 -0.00114372]

Residual before update:
[ 0.00300528  0.00174707 -0.00238079 ... -0.0034854   0.00182391
 -0.0011437 ]

Residual before update:
[ 0.00300552  0.00174762 -0.00238067 ... -0.00348499  0.00182403
 -0.00114364]

Residual before update:
[ 0.00300553  0.00174764 -0.00238067 ... -0.00348497  0.0018241
 -0.00114359]

Residual before update:
[ 0.00300553  0.00174764 -0.00238068 ... -0.00348498  0.00182406
 -0.00114361]
Compute pips
###############################
TGFM
###############################
Initialize variables
Warning: 312 variants have NaN gwas_beta. Setting to 0 with large SE.
Iterative optimization

Residual before update:
[ 0.00338943  0.00453776 -0.00040265 ...  0.0035839   0.00076294
  0.00374831]

Residual before update:
[ 0.00338917  0.00453759 -0.00040535 ...  0.00358374  0.00076268
  0.00374816]

Residual before update:
[ 0.003389    0.00453745 -0.00040661 ...  0.00358362  0.00076255
  0.00374803]

Residual before update:
[ 0.00338885  0.00453733 -0.00040752 ...  0.0035835   0.00076245
  0.00374791]

Residual before update:
[ 0.00338871  0.00453722 -0.00040824 ...  0.00358339  0.00076238
  0.0037478 ]

Residual before update:
[ 0.00338859  0.00453711 -0.00040885 ...  0.00358328  0.00076232
  0.00374769]

Residual before update:
[ 0.00338847  0.00453701 -0.00040939 ...  0.00358316  0.00076227
  0.00374758]

Residual before update:
[ 0.00338835  0.0045369  -0.00040986 ...  0.00358306  0.00076222
  0.00374747]

Residual before update:
[ 0.00338825  0.0045368  -0.00041029 ...  0.00358295  0.00076218
  0.00374737]

Residual before update:
[ 0.00338814  0.00453671 -0.00041068 ...  0.00358284  0.00076215
  0.00374726]

Residual before update:
[ 0.00338829  0.00453678 -0.00040834 ...  0.0035829   0.00076238
  0.00374732]

Residual before update:
[ 0.00338834  0.0045368  -0.00040775 ...  0.00358291  0.00076245
  0.00374733]

Residual before update:
[ 0.00338835  0.00453681 -0.00040762 ...  0.00358292  0.00076247
  0.00374733]

Residual before update:
[ 0.00338835  0.00453681 -0.0004077  ...  0.00358292  0.00076247
  0.00374733]

Residual before update:
[ 0.00338834  0.0045368  -0.00040787 ...  0.00358292  0.00076245
  0.00374733]

Residual before update:
[ 0.00338833  0.0045368  -0.00040809 ...  0.00358291  0.00076243
  0.00374733]

Residual before update:
[ 0.00338831  0.00453679 -0.00040832 ...  0.0035829   0.00076241
  0.00374731]

Residual before update:
[ 0.00338829  0.00453678 -0.00040856 ...  0.0035829   0.00076239
  0.00374731]

Residual before update:
[ 0.00338827  0.00453676 -0.0004088  ...  0.00358289  0.00076236
  0.00374731]

Residual before update:
[ 0.00338825  0.00453675 -0.00040902 ...  0.00358288  0.00076234
  0.0037473 ]

Residual before update:
[ 0.00338826  0.00453676 -0.00040892 ...  0.00358289  0.00076235
  0.00374731]

Residual before update:
[ 0.00338827  0.00453676 -0.00040873 ...  0.00358289  0.00076236
  0.00374731]

Residual before update:
[ 0.00338828  0.00453677 -0.00040855 ...  0.0035829   0.00076238
  0.00374731]

Residual before update:
[ 0.00338829  0.00453677 -0.0004084  ...  0.0035829   0.00076239
  0.00374731]

Residual before update:
[ 0.0033883   0.00453678 -0.00040831 ...  0.0035829   0.0007624
  0.00374731]

Residual before update:
[ 0.0033883   0.00453678 -0.00040828 ...  0.0035829   0.00076241
  0.00374732]

Residual before update:
[ 0.0033883   0.00453677 -0.0004083  ...  0.00358289  0.00076241
  0.0037473 ]

Residual before update:
[ 0.00338829  0.00453677 -0.00040835 ...  0.00358289  0.0007624
  0.00374731]

Residual before update:
[ 0.00338829  0.00453677 -0.00040842 ...  0.00358289  0.0007624
  0.00374731]

Residual before update:
[ 0.00338828  0.00453676 -0.00040852 ...  0.00358288  0.00076239
  0.0037473 ]

Residual before update:
[ 0.00338828  0.00453676 -0.00040857 ...  0.00358289  0.00076238
  0.0037473 ]

Residual before update:
[ 0.00338827  0.00453676 -0.00040861 ...  0.00358289  0.00076238
  0.0037473 ]

Residual before update:
[ 0.00338827  0.00453676 -0.00040861 ...  0.00358289  0.00076238
  0.0037473 ]

Residual before update:
[ 0.00338827  0.00453676 -0.00040859 ...  0.00358289  0.00076238
  0.0037473 ]

Residual before update:
[ 0.00338827  0.00453676 -0.00040855 ...  0.00358289  0.00076238
  0.0037473 ]

Residual before update:
[ 0.00338828  0.00453676 -0.00040851 ...  0.00358289  0.00076239
  0.0037473 ]

Residual before update:
[ 0.00338828  0.00453676 -0.00040849 ...  0.00358288  0.00076239
  0.00374729]

Residual before update:
[ 0.00338828  0.00453676 -0.00040847 ...  0.00358288  0.00076239
  0.0037473 ]

Residual before update:
[ 0.00338828  0.00453676 -0.00040847 ...  0.00358288  0.00076239
  0.0037473 ]

Residual before update:
[ 0.00338827  0.00453676 -0.00040849 ...  0.00358288  0.00076239
  0.00374729]

Residual before update:
[ 0.00338828  0.00453676 -0.00040849 ...  0.00358288  0.00076239
  0.0037473 ]

Residual before update:
[ 0.00338827  0.00453676 -0.00040852 ...  0.00358288  0.00076239
  0.0037473 ]

Residual before update:
[ 0.00338827  0.00453675 -0.00040855 ...  0.00358288  0.00076238
  0.00374729]

Residual before update:
[ 0.00338827  0.00453675 -0.00040856 ...  0.00358288  0.00076238
  0.00374729]

Residual before update:
[ 0.00338827  0.00453675 -0.00040857 ...  0.00358288  0.00076238
  0.00374729]

Residual before update:
[ 0.00338827  0.00453675 -0.00040857 ...  0.00358288  0.00076238
  0.0037473 ]

Residual before update:
[ 0.00338827  0.00453675 -0.00040856 ...  0.00358287  0.00076238
  0.00374728]

Residual before update:
[ 0.00338826  0.00453675 -0.00040855 ...  0.00358287  0.00076238
  0.00374729]

Residual before update:
[ 0.00338826  0.00453675 -0.00040855 ...  0.00358287  0.00076239
  0.00374729]

Residual before update:
[ 0.00338826  0.00453675 -0.00040855 ...  0.00358287  0.00076238
  0.00374728]
Compute pips
###############################
TGFM
###############################
Initialize variables
Warning: 369 variants have NaN gwas_beta. Setting to 0 with large SE.
Iterative optimization

Residual before update:
[ 0.00235565  0.00687828 -0.00544531 ...  0.00746057 -0.00579523
  0.0026793 ]

Residual before update:
[ 0.00235564  0.00687824 -0.00544535 ...  0.0074606  -0.00579478
  0.00267937]

Residual before update:
[ 0.00235563  0.0068782  -0.0054454  ...  0.00746063 -0.00579434
  0.00267944]

Residual before update:
[ 0.00235562  0.00687816 -0.00544544 ...  0.00746066 -0.0057939
  0.00267951]

Residual before update:
[ 0.0023556   0.00687812 -0.00544549 ...  0.00746069 -0.00579346
  0.00267958]

Residual before update:
[ 0.00235559  0.00687808 -0.00544553 ...  0.00746072 -0.00579302
  0.00267964]

Residual before update:
[ 0.00235558  0.00687804 -0.00544557 ...  0.00746074 -0.00579258
  0.00267971]

Residual before update:
[ 0.00235557  0.006878   -0.00544562 ...  0.00746077 -0.00579214
  0.00267978]

Residual before update:
[ 0.00235556  0.00687796 -0.00544566 ...  0.0074608  -0.0057917
  0.00267985]

Residual before update:
[ 0.00235555  0.00687792 -0.00544571 ...  0.00746083 -0.00579126
  0.00267992]

Residual before update:
[ 0.00235557  0.00687786 -0.00544575 ...  0.00746081 -0.00579127
  0.00267994]

Residual before update:
[ 0.00235556  0.00687792 -0.0054457  ...  0.00746083 -0.00579126
  0.00267991]

Residual before update:
[ 0.00235556  0.00687792 -0.0054457  ...  0.00746082 -0.00579126
  0.00267991]

Residual before update:
[ 0.00235556  0.00687793 -0.0054457  ...  0.00746082 -0.00579126
  0.00267991]

Residual before update:
[ 0.00235556  0.00687792 -0.0054457  ...  0.00746082 -0.00579126
  0.00267991]

Residual before update:
[ 0.00235556  0.00687793 -0.0054457  ...  0.00746082 -0.00579126
  0.00267991]

Residual before update:
[ 0.00235556  0.00687793 -0.0054457  ...  0.00746082 -0.00579126
  0.00267991]

Residual before update:
[ 0.00235556  0.00687792 -0.0054457  ...  0.00746082 -0.00579127
  0.00267991]

Residual before update:
[ 0.00235556  0.00687793 -0.0054457  ...  0.00746082 -0.00579126
  0.00267991]

Residual before update:
[ 0.00235556  0.00687792 -0.0054457  ...  0.00746082 -0.00579126
  0.00267991]

Residual before update:
[ 0.00235558  0.00687786 -0.00544574 ...  0.00746081 -0.00579126
  0.00267994]

Residual before update:
[ 0.00235557  0.00687793 -0.0054457  ...  0.00746082 -0.00579126
  0.00267991]

Residual before update:
[ 0.00235557  0.00687792 -0.0054457  ...  0.00746082 -0.00579126
  0.00267991]

Residual before update:
[ 0.00235556  0.00687793 -0.0054457  ...  0.00746082 -0.00579126
  0.00267991]

Residual before update:
[ 0.00235556  0.00687792 -0.0054457  ...  0.00746082 -0.00579126
  0.00267991]

Residual before update:
[ 0.00235556  0.00687792 -0.0054457  ...  0.00746082 -0.00579125
  0.00267991]

Residual before update:
[ 0.00235556  0.00687793 -0.0054457  ...  0.00746082 -0.00579125
  0.00267991]

Residual before update:
[ 0.00235556  0.00687792 -0.0054457  ...  0.00746082 -0.00579126
  0.00267991]

Residual before update:
[ 0.00235556  0.00687792 -0.0054457  ...  0.00746082 -0.00579125
  0.00267991]

Residual before update:
[ 0.00235556  0.00687792 -0.0054457  ...  0.00746082 -0.00579125
  0.00267991]

Residual before update:
[ 0.00235558  0.00687786 -0.00544574 ...  0.00746081 -0.00579126
  0.00267994]

Residual before update:
[ 0.00235557  0.00687792 -0.0054457  ...  0.00746082 -0.00579125
  0.00267991]

Residual before update:
[ 0.00235557  0.00687792 -0.0054457  ...  0.00746082 -0.00579125
  0.00267991]

Residual before update:
[ 0.00235556  0.00687792 -0.0054457  ...  0.00746082 -0.00579125
  0.00267991]

Residual before update:
[ 0.00235556  0.00687792 -0.0054457  ...  0.00746082 -0.00579125
  0.00267991]

Residual before update:
[ 0.00235556  0.00687792 -0.0054457  ...  0.00746082 -0.00579124
  0.00267991]

Residual before update:
[ 0.00235556  0.00687792 -0.0054457  ...  0.00746082 -0.00579124
  0.00267991]

Residual before update:
[ 0.00235556  0.00687792 -0.0054457  ...  0.00746082 -0.00579125
  0.00267991]

Residual before update:
[ 0.00235556  0.00687792 -0.0054457  ...  0.00746082 -0.00579124
  0.00267991]

Residual before update:
[ 0.00235556  0.00687792 -0.0054457  ...  0.00746082 -0.00579124
  0.00267991]

Residual before update:
[ 0.00235558  0.00687786 -0.00544574 ...  0.00746081 -0.00579125
  0.00267994]

Residual before update:
[ 0.00235557  0.00687792 -0.0054457  ...  0.00746082 -0.00579124
  0.00267991]

Residual before update:
[ 0.00235557  0.00687792 -0.0054457  ...  0.00746082 -0.00579124
  0.00267991]

Residual before update:
[ 0.00235556  0.00687792 -0.0054457  ...  0.00746082 -0.00579124
  0.00267991]

Residual before update:
[ 0.00235556  0.00687792 -0.0054457  ...  0.00746082 -0.00579124
  0.00267991]

Residual before update:
[ 0.00235556  0.00687792 -0.0054457  ...  0.00746082 -0.00579124
  0.00267991]

Residual before update:
[ 0.00235556  0.00687792 -0.0054457  ...  0.00746082 -0.00579123
  0.00267991]

Residual before update:
[ 0.00235556  0.00687792 -0.00544571 ...  0.00746082 -0.00579124
  0.00267991]

Residual before update:
[ 0.00235556  0.00687792 -0.0054457  ...  0.00746082 -0.00579123
  0.00267991]

Residual before update:
[ 0.00235556  0.00687792 -0.0054457  ...  0.00746082 -0.00579123
  0.00267991]
Compute pips
###############################
TGFM
###############################
Initialize variables
Warning: 350 variants have NaN gwas_beta. Setting to 0 with large SE.
Iterative optimization

Residual before update:
[ 0.00344499  0.00498767 -0.00039689 ... -0.00048764 -0.00219325
  0.        ]

Residual before update:
[ 3.44083315e-03  4.98694986e-03 -3.97393743e-04 ... -4.88218347e-04
 -2.19315287e-03 -1.12412879e-15]

Residual before update:
[ 3.44559951e-03  4.98767605e-03 -3.96852652e-04 ... -4.87579465e-04
 -2.19300857e-03  9.32035014e-17]

Residual before update:
[ 3.44588457e-03  4.98767904e-03 -3.96832318e-04 ... -4.87550596e-04
 -2.19289674e-03  1.39792353e-16]

Residual before update:
[ 3.44615826e-03  4.98768225e-03 -3.96814204e-04 ... -4.87522358e-04
 -2.19278974e-03  1.84134084e-16]

Residual before update:
[ 3.44642167e-03  4.98768524e-03 -3.96794640e-04 ... -4.87494756e-04
 -2.19268711e-03  2.29669003e-16]

Residual before update:
[ 3.44667532e-03  4.98768789e-03 -3.96777350e-04 ... -4.87467750e-04
 -2.19258848e-03  2.74690684e-16]

Residual before update:
[ 3.44692065e-03  4.98769088e-03 -3.96757853e-04 ... -4.87441208e-04
 -2.19249345e-03  3.19718666e-16]

Residual before update:
[ 3.44623420e-03  4.96862015e-03 -3.99632209e-04 ... -4.90096023e-04
 -2.19397499e-03  2.16512503e-16]

Residual before update:
[ 3.44738703e-03  4.98769566e-03 -3.96720243e-04 ... -4.87389673e-04
 -2.19231319e-03  4.11784844e-16]

Residual before update:
[ 3.44729842e-03  4.98769589e-03 -3.96726281e-04 ... -4.87394820e-04
 -2.19235059e-03  4.06391504e-16]

Residual before update:
[ 3.41221412e-03  4.98207236e-03 -4.00824434e-04 ... -4.92124843e-04
 -2.19260255e-03 -8.89002050e-15]

Residual before update:
[ 3.44717195e-03  4.98769431e-03 -3.96728592e-04 ... -4.87402269e-04
 -2.19240348e-03  4.06063691e-16]

Residual before update:
[ 3.44712940e-03  4.98769416e-03 -3.96728944e-04 ... -4.87404714e-04
 -2.19242106e-03  4.06313301e-16]

Residual before update:
[ 3.44709861e-03  4.98769469e-03 -3.96733562e-04 ... -4.87406392e-04
 -2.19243370e-03  4.01752070e-16]

Residual before update:
[ 3.44707850e-03  4.98769469e-03 -3.96733114e-04 ... -4.87407526e-04
 -2.19244188e-03  4.01591804e-16]

Residual before update:
[ 3.44706737e-03  4.98769427e-03 -3.96735621e-04 ... -4.87408159e-04
 -2.19244616e-03  4.01163677e-16]

Residual before update:
[ 3.44706525e-03  4.98769451e-03 -3.96733952e-04 ... -4.87408212e-04
 -2.19244686e-03  4.01327304e-16]

Residual before update:
[ 3.44604931e-03  4.96614739e-03 -3.99995695e-04 ... -4.90435601e-04
 -2.19421938e-03  2.36579986e-16]

Residual before update:
[ 3.44708195e-03  4.98769389e-03 -3.96731460e-04 ... -4.87407186e-04
 -2.19243935e-03  4.04860856e-16]

Residual before update:
[ 3.44708934e-03  4.98769465e-03 -3.96734036e-04 ... -4.87406673e-04
 -2.19243621e-03  4.01772381e-16]

Residual before update:
[ 3.41115556e-03  4.98190361e-03 -4.00933565e-04 ... -4.92273935e-04
 -2.19264910e-03 -9.08993453e-15]

Residual before update:
[ 3.44709901e-03  4.98769385e-03 -3.96731315e-04 ... -4.87406079e-04
 -2.19243212e-03  4.04959111e-16]

Residual before update:
[ 3.44710116e-03  4.98769397e-03 -3.96729971e-04 ... -4.87405875e-04
 -2.19243122e-03  4.06459460e-16]

Residual before update:
[ 3.44710213e-03  4.98769470e-03 -3.96733376e-04 ... -4.87405668e-04
 -2.19243087e-03  4.02825878e-16]

Residual before update:
[ 3.44710253e-03  4.98769483e-03 -3.96732098e-04 ... -4.87405581e-04
 -2.19243081e-03  4.03343260e-16]

Residual before update:
[ 3.44710213e-03  4.98769449e-03 -3.96734150e-04 ... -4.87405571e-04
 -2.19243095e-03  4.03341344e-16]

Residual before update:
[ 3.44710226e-03  4.98769475e-03 -3.96732323e-04 ... -4.87405485e-04
 -2.19243105e-03  4.03702831e-16]

Residual before update:
[ 3.44607637e-03  4.96603794e-03 -4.00010728e-04 ... -4.90448564e-04
 -2.19421492e-03  2.38155736e-16]

Residual before update:
[ 3.44710252e-03  4.98769405e-03 -3.96730326e-04 ... -4.87405429e-04
 -2.19243091e-03  4.07033709e-16]

Residual before update:
[ 3.44710211e-03  4.98769479e-03 -3.96733174e-04 ... -4.87405379e-04
 -2.19243117e-03  4.03782854e-16]

Residual before update:
[ 3.41178298e-03  4.98201962e-03 -4.00868092e-04 ... -4.92170777e-04
 -2.19264451e-03 -8.95738834e-15]

Residual before update:
[ 3.44710422e-03  4.98769395e-03 -3.96730692e-04 ... -4.87405232e-04
 -2.19243035e-03  4.06845500e-16]

Residual before update:
[ 3.44710534e-03  4.98769405e-03 -3.96729377e-04 ... -4.87405090e-04
 -2.19242989e-03  4.08332453e-16]

Residual before update:
[ 3.44710638e-03  4.98769479e-03 -3.96732798e-04 ... -4.87404878e-04
 -2.19242949e-03  4.04678075e-16]

Residual before update:
[ 3.44710757e-03  4.98769493e-03 -3.96731489e-04 ... -4.87404744e-04
 -2.19242907e-03  4.05211211e-16]

Residual before update:
[ 3.44710830e-03  4.98769459e-03 -3.96733515e-04 ... -4.87404669e-04
 -2.19242871e-03  4.05228954e-16]

Residual before update:
[ 3.44710955e-03  4.98769486e-03 -3.96731643e-04 ... -4.87404515e-04
 -2.19242831e-03  4.05611327e-16]

Residual before update:
[ 3.44607989e-03  4.96592878e-03 -4.00026462e-04 ... -4.90462868e-04
 -2.19422068e-03  2.39309868e-16]

Residual before update:
[ 3.44711117e-03  4.98769416e-03 -3.96729590e-04 ... -4.87404377e-04
 -2.19242757e-03  4.08985767e-16]

Residual before update:
[ 3.44711089e-03  4.98769490e-03 -3.96732449e-04 ... -4.87404320e-04
 -2.19242778e-03  4.05718615e-16]

Residual before update:
[ 3.41190772e-03  4.98204237e-03 -4.00856378e-04 ... -4.92148312e-04
 -2.19263809e-03 -8.93676899e-15]

Residual before update:
[ 3.44711286e-03  4.98769405e-03 -3.96729959e-04 ... -4.87404180e-04
 -2.19242702e-03  4.08797962e-16]

Residual before update:
[ 3.44711382e-03  4.98769416e-03 -3.96728642e-04 ... -4.87404046e-04
 -2.19242663e-03  4.10290820e-16]

Residual before update:
[ 3.44711472e-03  4.98769490e-03 -3.96732086e-04 ... -4.87403843e-04
 -2.19242630e-03  4.06614205e-16]

Residual before update:
[ 3.44711580e-03  4.98769504e-03 -3.96730774e-04 ... -4.87403715e-04
 -2.19242593e-03  4.07149458e-16]

Residual before update:
[ 3.44711646e-03  4.98769470e-03 -3.96732811e-04 ... -4.87403643e-04
 -2.19242560e-03  4.07167533e-16]

Residual before update:
[ 3.44711769e-03  4.98769497e-03 -3.96730930e-04 ... -4.87403490e-04
 -2.19242521e-03  4.07551293e-16]

Residual before update:
[ 3.44608331e-03  4.96581853e-03 -4.00042356e-04 ... -4.90477321e-04
 -2.19422655e-03  2.40473581e-16]

Residual before update:
[ 3.44711935e-03  4.98769427e-03 -3.96728866e-04 ... -4.87403348e-04
 -2.19242445e-03  4.10946964e-16]
Compute pips
###############################
TGFM
###############################
Initialize variables
Warning: 304 variants have NaN gwas_beta. Setting to 0 with large SE.
Iterative optimization

Residual before update:
[ 0.00382873  0.00273132 -0.01220895 ... -0.00234748 -0.00263888
 -0.00279596]

Residual before update:
[ 0.00382863  0.00273143 -0.01220856 ... -0.00234746 -0.00263886
 -0.00279594]

Residual before update:
[ 0.00382852  0.00273155 -0.01220816 ... -0.00234744 -0.00263884
 -0.00279592]

Residual before update:
[ 0.0038284   0.00273163 -0.01220778 ... -0.00234742 -0.00263883
 -0.00279591]

Residual before update:
[ 0.00382824  0.00273177 -0.01220729 ... -0.00234739 -0.0026388
 -0.00279587]

Residual before update:
[ 0.00382819  0.00273181 -0.01220701 ... -0.00234738 -0.0026388
 -0.00279587]

Residual before update:
[ 0.0038281   0.0027319  -0.01220663 ... -0.00234736 -0.00263878
 -0.00279586]

Residual before update:
[ 0.00382798  0.00273198 -0.01220625 ... -0.00234734 -0.00263877
 -0.00279584]

Residual before update:
[ 0.00382818  0.00273435 -0.01219144 ... -0.002342   -0.00263196
 -0.00278902]

Residual before update:
[ 0.00382776  0.00273212 -0.01220549 ... -0.0023473  -0.00263874
 -0.00279581]

Residual before update:
[ 0.00382776  0.00273209 -0.0122055  ... -0.00234731 -0.00263874
 -0.00279581]

Residual before update:
[ 0.00382775  0.00273203 -0.01220552 ... -0.00234731 -0.00263874
 -0.00279582]

Residual before update:
[ 0.00382775  0.00273206 -0.01220549 ... -0.00234731 -0.00263874
 -0.00279581]

Residual before update:
[ 0.0038277   0.00273199 -0.01220552 ... -0.00234732 -0.00263874
 -0.00279582]

Residual before update:
[ 0.0038276   0.00273208 -0.01220532 ... -0.0023473  -0.00263872
 -0.00279579]

Residual before update:
[ 0.00382772  0.00273199 -0.01220553 ... -0.00234731 -0.00263874
 -0.00279582]

Residual before update:
[ 0.00382774  0.00273199 -0.01220552 ... -0.00234731 -0.00263874
 -0.00279582]

Residual before update:
[ 0.00382773  0.002732   -0.01220553 ... -0.00234732 -0.00263874
 -0.00279582]

Residual before update:
[ 0.0038289   0.00273795 -0.01209259 ... -0.00232558 -0.00261288
 -0.00276982]

Residual before update:
[ 0.00382773  0.00273199 -0.01220552 ... -0.00234731 -0.00263874
 -0.00279582]

Residual before update:
[ 0.00382773  0.002732   -0.01220552 ... -0.00234731 -0.00263874
 -0.00279582]

Residual before update:
[ 0.00382773  0.00273198 -0.01220552 ... -0.00234731 -0.00263874
 -0.00279582]

Residual before update:
[ 0.00382773  0.00273203 -0.01220549 ... -0.00234731 -0.00263874
 -0.00279582]

Residual before update:
[ 0.00382769  0.00273198 -0.01220551 ... -0.00234732 -0.00263874
 -0.00279582]

Residual before update:
[ 0.00382759  0.00273208 -0.01220531 ... -0.0023473  -0.00263872
 -0.00279579]

Residual before update:
[ 0.00382771  0.002732   -0.01220551 ... -0.00234731 -0.00263874
 -0.00279582]

Residual before update:
[ 0.00382773  0.00273201 -0.0122055  ... -0.00234731 -0.00263874
 -0.00279582]

Residual before update:
[ 0.00382772  0.00273201 -0.01220551 ... -0.00234731 -0.00263874
 -0.00279582]

Residual before update:
[ 0.00382882  0.0027373  -0.01209504 ... -0.00232568 -0.00261225
 -0.00276919]

Residual before update:
[ 0.00382773  0.00273199 -0.01220551 ... -0.00234731 -0.00263874
 -0.00279582]

Residual before update:
[ 0.00382773  0.00273201 -0.0122055  ... -0.00234731 -0.00263874
 -0.00279582]

Residual before update:
[ 0.00382772  0.00273198 -0.01220551 ... -0.00234731 -0.00263874
 -0.00279582]

Residual before update:
[ 0.00382773  0.00273203 -0.01220547 ... -0.00234731 -0.00263874
 -0.00279581]

Residual before update:
[ 0.00382769  0.00273198 -0.0122055  ... -0.00234731 -0.00263874
 -0.00279582]

Residual before update:
[ 0.00382758  0.00273208 -0.01220529 ... -0.0023473  -0.00263872
 -0.00279579]

Residual before update:
[ 0.00382771  0.002732   -0.01220549 ... -0.00234731 -0.00263874
 -0.00279582]

Residual before update:
[ 0.00382773  0.00273201 -0.01220548 ... -0.00234731 -0.00263874
 -0.00279582]

Residual before update:
[ 0.00382772  0.00273201 -0.01220549 ... -0.00234731 -0.00263874
 -0.00279582]

Residual before update:
[ 0.00382882  0.00273727 -0.01209518 ... -0.00232587 -0.00261253
 -0.00276947]

Residual before update:
[ 0.00382772  0.002732   -0.01220549 ... -0.00234731 -0.00263874
 -0.00279582]

Residual before update:
[ 0.00382772  0.00273201 -0.01220548 ... -0.00234731 -0.00263874
 -0.00279582]

Residual before update:
[ 0.00382772  0.00273199 -0.01220549 ... -0.00234731 -0.00263874
 -0.00279582]

Residual before update:
[ 0.00382772  0.00273203 -0.01220545 ... -0.00234731 -0.00263874
 -0.00279581]

Residual before update:
[ 0.00382768  0.00273199 -0.01220548 ... -0.00234731 -0.00263874
 -0.00279582]

Residual before update:
[ 0.00382758  0.00273208 -0.01220527 ... -0.0023473  -0.00263872
 -0.00279579]

Residual before update:
[ 0.0038277   0.002732   -0.01220548 ... -0.00234731 -0.00263874
 -0.00279582]

Residual before update:
[ 0.00382772  0.00273201 -0.01220547 ... -0.00234731 -0.00263874
 -0.00279582]

Residual before update:
[ 0.00382771  0.00273202 -0.01220548 ... -0.00234731 -0.00263874
 -0.00279582]

Residual before update:
[ 0.00382882  0.00273727 -0.01209537 ... -0.00232595 -0.00261262
 -0.00276956]

Residual before update:
[ 0.00382772  0.002732   -0.01220547 ... -0.00234731 -0.00263874
 -0.00279582]
Compute pips
###############################
TGFM
###############################
Initialize variables
Warning: 318 variants have NaN gwas_beta. Setting to 0 with large SE.
Iterative optimization

Residual before update:
[ 0.00075629 -0.00434442 -0.00379415 ... -0.00146768 -0.00071229
 -0.00146768]

Residual before update:
[ 0.00075631 -0.00434438 -0.00379413 ... -0.00146767 -0.00071228
 -0.00146767]

Residual before update:
[ 0.00075632 -0.00434434 -0.00379412 ... -0.00146765 -0.00071227
 -0.00146765]

Residual before update:
[ 0.00075634 -0.00434429 -0.0037941  ... -0.00146764 -0.00071227
 -0.00146764]

Residual before update:
[ 0.00075635 -0.00434425 -0.00379409 ... -0.00146762 -0.00071226
 -0.00146762]

Residual before update:
[ 0.00075637 -0.0043442  -0.00379407 ... -0.00146761 -0.00071225
 -0.00146761]

Residual before update:
[ 0.00075638 -0.00434416 -0.00379406 ... -0.00146759 -0.00071225
 -0.00146759]

Residual before update:
[ 0.0007564  -0.00434412 -0.00379404 ... -0.00146758 -0.00071224
 -0.00146758]

Residual before update:
[ 0.00075641 -0.00434408 -0.00379403 ... -0.00146756 -0.00071224
 -0.00146756]

Residual before update:
[ 0.00075643 -0.00434403 -0.00379401 ... -0.00146755 -0.00071223
 -0.00146755]

Residual before update:
[ 0.00075643 -0.00434403 -0.00379401 ... -0.00146755 -0.00071223
 -0.00146755]

Residual before update:
[ 0.00075643 -0.00434403 -0.00379401 ... -0.00146755 -0.00071223
 -0.00146755]

Residual before update:
[ 0.00075643 -0.00434403 -0.00379401 ... -0.00146754 -0.00071222
 -0.00146754]

Residual before update:
[ 0.00075643 -0.00434403 -0.00379401 ... -0.00146755 -0.00071223
 -0.00146755]

Residual before update:
[ 0.00075643 -0.00434403 -0.00379401 ... -0.00146755 -0.00071223
 -0.00146755]

Residual before update:
[ 0.00075643 -0.00434403 -0.00379401 ... -0.00146755 -0.00071223
 -0.00146754]

Residual before update:
[ 0.00075643 -0.00434403 -0.00379401 ... -0.00146755 -0.00071223
 -0.00146755]

Residual before update:
[ 0.00075643 -0.00434403 -0.00379401 ... -0.00146755 -0.00071223
 -0.00146755]

Residual before update:
[ 0.00075643 -0.00434403 -0.00379401 ... -0.00146755 -0.00071223
 -0.00146755]

Residual before update:
[ 0.00075643 -0.00434403 -0.00379401 ... -0.00146755 -0.00071223
 -0.00146755]

Residual before update:
[ 0.00075643 -0.00434403 -0.00379401 ... -0.00146755 -0.00071223
 -0.00146755]

Residual before update:
[ 0.00075643 -0.00434403 -0.00379401 ... -0.00146755 -0.00071223
 -0.00146755]

Residual before update:
[ 0.00075643 -0.00434402 -0.00379401 ... -0.00146754 -0.00071222
 -0.00146754]

Residual before update:
[ 0.00075643 -0.00434403 -0.00379401 ... -0.00146755 -0.00071223
 -0.00146755]

Residual before update:
[ 0.00075643 -0.00434403 -0.00379401 ... -0.00146755 -0.00071223
 -0.00146755]

Residual before update:
[ 0.00075643 -0.00434403 -0.00379401 ... -0.00146755 -0.00071223
 -0.00146754]

Residual before update:
[ 0.00075643 -0.00434403 -0.00379401 ... -0.00146755 -0.00071223
 -0.00146754]

Residual before update:
[ 0.00075643 -0.00434403 -0.00379401 ... -0.00146755 -0.00071223
 -0.00146755]

Residual before update:
[ 0.00075643 -0.00434403 -0.00379401 ... -0.00146755 -0.00071223
 -0.00146755]

Residual before update:
[ 0.00075643 -0.00434403 -0.00379401 ... -0.00146755 -0.00071223
 -0.00146755]

Residual before update:
[ 0.00075643 -0.00434403 -0.00379401 ... -0.00146755 -0.00071223
 -0.00146755]

Residual before update:
[ 0.00075643 -0.00434403 -0.00379401 ... -0.00146755 -0.00071223
 -0.00146755]

Residual before update:
[ 0.00075643 -0.00434402 -0.00379401 ... -0.00146754 -0.00071222
 -0.00146754]

Residual before update:
[ 0.00075643 -0.00434403 -0.00379401 ... -0.00146755 -0.00071223
 -0.00146755]

Residual before update:
[ 0.00075643 -0.00434403 -0.00379401 ... -0.00146755 -0.00071223
 -0.00146754]

Residual before update:
[ 0.00075643 -0.00434403 -0.00379401 ... -0.00146754 -0.00071223
 -0.00146754]

Residual before update:
[ 0.00075643 -0.00434403 -0.00379401 ... -0.00146755 -0.00071223
 -0.00146754]

Residual before update:
[ 0.00075643 -0.00434403 -0.00379401 ... -0.00146755 -0.00071223
 -0.00146754]

Residual before update:
[ 0.00075643 -0.00434403 -0.00379401 ... -0.00146755 -0.00071223
 -0.00146754]

Residual before update:
[ 0.00075643 -0.00434403 -0.00379401 ... -0.00146755 -0.00071223
 -0.00146754]

Residual before update:
[ 0.00075643 -0.00434403 -0.00379401 ... -0.00146755 -0.00071223
 -0.00146755]

Residual before update:
[ 0.00075643 -0.00434403 -0.00379401 ... -0.00146755 -0.00071223
 -0.00146754]

Residual before update:
[ 0.00075643 -0.00434402 -0.00379401 ... -0.00146754 -0.00071222
 -0.00146754]

Residual before update:
[ 0.00075643 -0.00434403 -0.00379401 ... -0.00146755 -0.00071223
 -0.00146754]

Residual before update:
[ 0.00075643 -0.00434403 -0.00379401 ... -0.00146755 -0.00071223
 -0.00146754]

Residual before update:
[ 0.00075643 -0.00434403 -0.00379401 ... -0.00146754 -0.00071223
 -0.00146754]

Residual before update:
[ 0.00075643 -0.00434403 -0.00379401 ... -0.00146754 -0.00071223
 -0.00146754]

Residual before update:
[ 0.00075643 -0.00434403 -0.00379401 ... -0.00146755 -0.00071223
 -0.00146754]

Residual before update:
[ 0.00075643 -0.00434403 -0.00379401 ... -0.00146755 -0.00071223
 -0.00146754]

Residual before update:
[ 0.00075643 -0.00434403 -0.00379401 ... -0.00146755 -0.00071223
 -0.00146754]
Compute pips
###############################
TGFM
###############################
Initialize variables
Warning: 306 variants have NaN gwas_beta. Setting to 0 with large SE.
Iterative optimization

Residual before update:
[-0.00192944 -0.00373821 -0.00199375 ... -0.01477742  0.
  0.00606866]

Residual before update:
[-1.92938666e-03 -3.73820847e-03 -1.99370098e-03 ... -1.47743002e-02
  5.94258808e-15  6.07177840e-03]

Residual before update:
[-1.92935269e-03 -3.73821429e-03 -1.99366658e-03 ... -1.47723264e-02
  5.93005315e-15  6.07291694e-03]

Residual before update:
[-1.92932473e-03 -3.73822248e-03 -1.99363818e-03 ... -1.47707498e-02
  4.06560669e-15  6.07337824e-03]

Residual before update:
[-1.92930048e-03 -3.73823258e-03 -1.99361355e-03 ... -1.47693465e-02
  1.50503644e-15  6.07353871e-03]

Residual before update:
[-1.92927747e-03 -3.73824332e-03 -1.99359019e-03 ... -1.47680244e-02
 -1.30193967e-15  6.07355981e-03]

Residual before update:
[-1.92925493e-03 -3.73825277e-03 -1.99356731e-03 ... -1.47667409e-02
 -4.15934801e-15  6.07351170e-03]

Residual before update:
[-1.92923386e-03 -3.73826346e-03 -1.99354596e-03 ... -1.47654784e-02
 -7.02153974e-15  6.07342105e-03]

Residual before update:
[-1.92921302e-03 -3.73827377e-03 -1.99352485e-03 ... -1.47642267e-02
 -9.84538186e-15  6.07330896e-03]

Residual before update:
[-1.92919389e-03 -3.73828425e-03 -1.99350544e-03 ... -1.47629823e-02
 -1.26348796e-14  6.07316207e-03]

Residual before update:
[-1.92922540e-03 -3.73829725e-03 -1.99353706e-03 ... -1.47648605e-02
 -2.13074807e-14  6.06993194e-03]

Residual before update:
[-1.92922766e-03 -3.73829632e-03 -1.99353960e-03 ... -1.47646679e-02
 -1.97095259e-14  6.07014064e-03]

Residual before update:
[-1.92922549e-03 -3.73829486e-03 -1.99353769e-03 ... -1.47641711e-02
 -1.68376719e-14  6.07088006e-03]

Residual before update:
[-1.92922180e-03 -3.73829186e-03 -1.99353411e-03 ... -1.47637341e-02
 -1.45433862e-14  6.07153568e-03]

Residual before update:
[-1.92922095e-03 -3.73829203e-03 -1.99353335e-03 ... -1.47634158e-02
 -1.30931951e-14  6.07199196e-03]

Residual before update:
[-1.92921939e-03 -3.73829268e-03 -1.99353181e-03 ... -1.47631969e-02
 -1.22994909e-14  6.07229653e-03]

Residual before update:
[-1.92921721e-03 -3.73829111e-03 -1.99352956e-03 ... -1.47630458e-02
 -1.19253270e-14  6.07249660e-03]

Residual before update:
[-1.92921618e-03 -3.73829168e-03 -1.99352848e-03 ... -1.47629398e-02
 -1.18471569e-14  6.07262319e-03]

Residual before update:
[-1.92921450e-03 -3.73829172e-03 -1.99352671e-03 ... -1.47628608e-02
 -1.19196351e-14  6.07271190e-03]

Residual before update:
[-1.92921383e-03 -3.73829194e-03 -1.99352592e-03 ... -1.47627990e-02
 -1.20813634e-14  6.07275737e-03]

Residual before update:
[-1.92922271e-03 -3.73829678e-03 -1.99353464e-03 ... -1.47636724e-02
 -1.65580686e-14  6.07134001e-03]

Residual before update:
[-1.92922635e-03 -3.73829939e-03 -1.99353824e-03 ... -1.47639848e-02
 -1.83415016e-14  6.07075510e-03]

Residual before update:
[-1.92922580e-03 -3.73830044e-03 -1.99353777e-03 ... -1.47638992e-02
 -1.79661943e-14  6.07084147e-03]

Residual before update:
[-1.92922173e-03 -3.73829796e-03 -1.99353375e-03 ... -1.47636469e-02
 -1.66750449e-14  6.07121498e-03]

Residual before update:
[-1.92921956e-03 -3.73829762e-03 -1.99353167e-03 ... -1.47633703e-02
 -1.52920900e-14  6.07161782e-03]

Residual before update:
[-1.92921659e-03 -3.73829735e-03 -1.99352878e-03 ... -1.47631291e-02
 -1.41355643e-14  6.07196695e-03]

Residual before update:
[-1.92921341e-03 -3.73829481e-03 -1.99352561e-03 ... -1.47629377e-02
 -1.32738908e-14  6.07223464e-03]

Residual before update:
[-1.92921198e-03 -3.73829463e-03 -1.99352420e-03 ... -1.47627938e-02
 -1.27389658e-14  6.07241818e-03]

Residual before update:
[-1.92921047e-03 -3.73829415e-03 -1.99352268e-03 ... -1.47626865e-02
 -1.24438713e-14  6.07254330e-03]

Residual before update:
[-1.92921051e-03 -3.73829410e-03 -1.99352267e-03 ... -1.47626058e-02
 -1.23413254e-14  6.07260470e-03]

Residual before update:
[-1.92921398e-03 -3.73829560e-03 -1.99352607e-03 ... -1.47630175e-02
 -1.44675886e-14  6.07195968e-03]

Residual before update:
[-1.92921814e-03 -3.73829857e-03 -1.99353016e-03 ... -1.47633479e-02
 -1.65295688e-14  6.07134057e-03]

Residual before update:
[-1.92922048e-03 -3.73830151e-03 -1.99353250e-03 ... -1.47634662e-02
 -1.74496217e-14  6.07107845e-03]

Residual before update:
[-1.92921883e-03 -3.73830066e-03 -1.99353082e-03 ... -1.47633966e-02
 -1.73258650e-14  6.07114251e-03]

Residual before update:
[-1.92921797e-03 -3.73830133e-03 -1.99353001e-03 ... -1.47632230e-02
 -1.66520851e-14  6.07137031e-03]

Residual before update:
[-1.92921534e-03 -3.73830147e-03 -1.99352742e-03 ... -1.47630166e-02
 -1.57838208e-14  6.07166015e-03]

Residual before update:
[-1.92921193e-03 -3.73829888e-03 -1.99352401e-03 ... -1.47628186e-02
 -1.49234899e-14  6.07193896e-03]

Residual before update:
[-1.92921006e-03 -3.73829850e-03 -1.99352217e-03 ... -1.47626486e-02
 -1.42317166e-14  6.07216501e-03]

Residual before update:
[-1.92920807e-03 -3.73829772e-03 -1.99352019e-03 ... -1.47625112e-02
 -1.37093972e-14  6.07233920e-03]

Residual before update:
[-1.92920774e-03 -3.73829734e-03 -1.99351983e-03 ... -1.47624037e-02
 -1.33648983e-14  6.07244270e-03]

Residual before update:
[-1.92920820e-03 -3.73829701e-03 -1.99352027e-03 ... -1.47625812e-02
 -1.41637204e-14  6.07219203e-03]

Residual before update:
[-1.92921094e-03 -3.73829911e-03 -1.99352297e-03 ... -1.47628061e-02
 -1.56221105e-14  6.07174864e-03]

Residual before update:
[-1.92921394e-03 -3.73830243e-03 -1.99352597e-03 ... -1.47629760e-02
 -1.67989670e-14  6.07139746e-03]

Residual before update:
[-1.92921380e-03 -3.73830243e-03 -1.99352579e-03 ... -1.47630233e-02
 -1.73019145e-14  6.07126285e-03]

Residual before update:
[-1.92921437e-03 -3.73830398e-03 -1.99352639e-03 ... -1.47629576e-02
 -1.72342100e-14  6.07130610e-03]

Residual before update:
[-1.92921265e-03 -3.73830473e-03 -1.99352469e-03 ... -1.47628211e-02
 -1.67850247e-14  6.07147575e-03]

Residual before update:
[-1.92920962e-03 -3.73830239e-03 -1.99352165e-03 ... -1.47626545e-02
 -1.61394889e-14  6.07170023e-03]

Residual before update:
[-1.92920779e-03 -3.73830210e-03 -1.99351984e-03 ... -1.47624866e-02
 -1.55062834e-14  6.07192003e-03]

Residual before update:
[-1.92920562e-03 -3.73830126e-03 -1.99351767e-03 ... -1.47623350e-02
 -1.49410180e-14  6.07211586e-03]

Residual before update:
[-1.92920504e-03 -3.73830076e-03 -1.99351707e-03 ... -1.47622059e-02
 -1.44999322e-14  6.07225201e-03]
Compute pips
###############################
TGFM
###############################
Initialize variables
Warning: 278 variants have NaN gwas_beta. Setting to 0 with large SE.
Iterative optimization

Residual before update:
[-0.00091481  0.00661465  0.00249899 ...  0.00078162  0.
  0.00112457]

Residual before update:
[-9.14815184e-04  6.61456455e-03  2.49833747e-03 ...  7.81424088e-04
 -3.69088614e-14  1.12449787e-03]

Residual before update:
[-9.14822054e-04  6.61450751e-03  2.49814091e-03 ...  7.81421040e-04
 -4.59560527e-14  1.12457568e-03]

Residual before update:
[-9.14815835e-04  6.61445027e-03  2.49799037e-03 ...  7.81441482e-04
 -5.21730572e-14  1.12470120e-03]

Residual before update:
[-9.14819233e-04  6.61439577e-03  2.49786521e-03 ...  7.81389077e-04
 -5.74040753e-14  1.12472407e-03]

Residual before update:
[-9.14830470e-04  6.61435491e-03  2.49774986e-03 ...  7.81582240e-04
 -6.15653908e-14  1.12502267e-03]

Residual before update:
[-9.14830937e-04  6.61429551e-03  2.49766015e-03 ...  7.81288692e-04
 -6.58523162e-14  1.12475125e-03]

Residual before update:
[-9.14837856e-04  6.61424800e-03  2.49757530e-03 ...  7.81233270e-04
 -6.93928422e-14  1.12475593e-03]

Residual before update:
[-9.14843389e-04  6.61420189e-03  2.49749686e-03 ...  7.81192264e-04
 -7.26143044e-14  1.12477198e-03]

Residual before update:
[-9.14849535e-04  6.61415872e-03  2.49742307e-03 ...  7.81169814e-04
 -7.56091003e-14  1.12479963e-03]

Residual before update:
[-9.14863681e-04  6.61422331e-03  2.49801802e-03 ...  7.81546456e-04
 -4.11394124e-14  1.12505687e-03]

Residual before update:
[-9.14852235e-04  6.61420327e-03  2.49802753e-03 ...  7.81247193e-04
 -4.11808431e-14  1.12479544e-03]

Residual before update:
[-9.14856850e-04  6.61421683e-03  2.49800748e-03 ...  7.81433842e-04
 -4.29921894e-14  1.12493424e-03]

Residual before update:
[-9.14842148e-04  6.61420153e-03  2.49796372e-03 ...  7.81303200e-04
 -4.57256057e-14  1.12485299e-03]

Residual before update:
[-9.14837126e-04  6.61419446e-03  2.49791636e-03 ...  7.81286511e-04
 -4.85224083e-14  1.12484564e-03]

Residual before update:
[-9.14841645e-04  6.61419568e-03  2.49785714e-03 ...  7.81512243e-04
 -5.09380529e-14  1.12510424e-03]

Residual before update:
[-9.14835133e-04  6.61417709e-03  2.49781747e-03 ...  7.81236813e-04
 -5.38855894e-14  1.12479825e-03]

Residual before update:
[-9.14837085e-04  6.61416782e-03  2.49777297e-03 ...  7.81190529e-04
 -5.63309711e-14  1.12475532e-03]

Residual before update:
[-9.14837653e-04  6.61415873e-03  2.49772906e-03 ...  7.81159458e-04
 -5.85815016e-14  1.12472750e-03]

Residual before update:
[-9.14839192e-04  6.61415168e-03  2.49768592e-03 ...  7.81141322e-04
 -6.06746219e-14  1.12470822e-03]

Residual before update:
[-9.14863487e-04  6.61417032e-03  2.49776466e-03 ...  7.81194558e-04
 -5.66832078e-14  1.12467530e-03]

Residual before update:
[-9.14851328e-04  6.61415912e-03  2.49781365e-03 ...  7.81047893e-04
 -5.36566827e-14  1.12459127e-03]

Residual before update:
[-9.14861125e-04  6.61417801e-03  2.49785989e-03 ...  7.81247277e-04
 -5.12339568e-14  1.12474458e-03]

Residual before update:
[-9.14846682e-04  6.61417033e-03  2.49787725e-03 ...  7.81176997e-04
 -5.01049390e-14  1.12472963e-03]

Residual before update:
[-9.14841407e-04  6.61417204e-03  2.49788182e-03 ...  7.81220630e-04
 -4.98000214e-14  1.12478886e-03]

Residual before update:
[-9.14845469e-04  6.61418206e-03  2.49786298e-03 ...  7.81513777e-04
 -4.98768075e-14  1.12512247e-03]

Residual before update:
[-9.14837129e-04  6.61416985e-03  2.49785505e-03 ...  7.81274330e-04
 -5.10915064e-14  1.12485367e-03]

Residual before update:
[-9.14837983e-04  6.61416573e-03  2.49783463e-03 ...  7.81260338e-04
 -5.22741219e-14  1.12484428e-03]

Residual before update:
[-9.14837566e-04  6.61416024e-03  2.49780956e-03 ...  7.81249848e-04
 -5.35897748e-14  1.12483621e-03]

Residual before update:
[-9.14838313e-04  6.61415538e-03  2.49778151e-03 ...  7.81240514e-04
 -5.49788042e-14  1.12482262e-03]

Residual before update:
[-9.14861388e-04  6.61416194e-03  2.49777866e-03 ...  7.81249251e-04
 -5.54714862e-14  1.12474992e-03]

Residual before update:
[-9.14848925e-04  6.61414530e-03  2.49777321e-03 ...  7.81063792e-04
 -5.55919607e-14  1.12462980e-03]

Residual before update:
[-9.14863166e-04  6.61415513e-03  2.49778643e-03 ...  7.81176287e-04
 -5.50560343e-14  1.12468556e-03]

Residual before update:
[-9.14849665e-04  6.61414641e-03  2.49779923e-03 ...  7.81086148e-04
 -5.42238854e-14  1.12464875e-03]

Residual before update:
[-9.14845412e-04  6.61414770e-03  2.49781263e-03 ...  7.81120476e-04
 -5.34116305e-14  1.12469644e-03]

Residual before update:
[-9.14849527e-04  6.61415940e-03  2.49781028e-03 ...  7.81428789e-04
 -5.25207207e-14  1.12504515e-03]

Residual before update:
[-9.14840300e-04  6.61415058e-03  2.49782261e-03 ...  7.81215010e-04
 -5.26099367e-14  1.12480395e-03]

Residual before update:
[-9.14840458e-04  6.61414984e-03  2.49782132e-03 ...  7.81227643e-04
 -5.27324823e-14  1.12482292e-03]

Residual before update:
[-9.14839319e-04  6.61414775e-03  2.49781359e-03 ...  7.81242713e-04
 -5.31048889e-14  1.12484189e-03]

Residual before update:
[-9.14839495e-04  6.61414612e-03  2.49780072e-03 ...  7.81254542e-04
 -5.36861517e-14  1.12485001e-03]

Residual before update:
[-9.14860366e-04  6.61415373e-03  2.49779736e-03 ...  7.81304487e-04
 -5.41376268e-14  1.12482434e-03]

Residual before update:
[-9.14846570e-04  6.61413660e-03  2.49778133e-03 ...  7.81119203e-04
 -5.48273963e-14  1.12470850e-03]

Residual before update:
[-9.14863351e-04  6.61414130e-03  2.49777471e-03 ...  7.81188225e-04
 -5.53916955e-14  1.12471517e-03]

Residual before update:
[-9.14850483e-04  6.61413061e-03  2.49777400e-03 ...  7.81071565e-04
 -5.53438481e-14  1.12465066e-03]

Residual before update:
[-9.14847812e-04  6.61412901e-03  2.49777651e-03 ...  7.81074368e-04
 -5.51580935e-14  1.12466348e-03]

Residual before update:
[-9.14852844e-04  6.61413938e-03  2.49776955e-03 ...  7.81370883e-04
 -5.45104000e-14  1.12499856e-03]

Residual before update:
[-9.14843442e-04  6.61413074e-03  2.49778381e-03 ...  7.81156023e-04
 -5.45098359e-14  1.12475629e-03]

Residual before update:
[-9.14843435e-04  6.61413080e-03  2.49778793e-03 ...  7.81175572e-04
 -5.43343814e-14  1.12478269e-03]

Residual before update:
[-9.14841891e-04  6.61413010e-03  2.49778800e-03 ...  7.81202638e-04
 -5.42752696e-14  1.12481446e-03]

Residual before update:
[-9.14841639e-04  6.61413030e-03  2.49778416e-03 ...  7.81227701e-04
 -5.43629860e-14  1.12483618e-03]
Compute pips
###############################
TGFM
###############################
Initialize variables
Warning: 319 variants have NaN gwas_beta. Setting to 0 with large SE.
Iterative optimization

Residual before update:
[-0.00146768  0.00066097 -0.00160396 ...  0.005978   -0.00500518
  0.00655771]

Residual before update:
[-0.00146139  0.00066078 -0.00160428 ...  0.00597763 -0.00500555
  0.00655736]

Residual before update:
[-0.00145265  0.00066116 -0.00160437 ...  0.00597748 -0.00500569
  0.00655723]

Residual before update:
[-0.00144763  0.00066121 -0.00160448 ...  0.00597734 -0.0050058
  0.00655713]

Residual before update:
[-0.00144442  0.00066111 -0.00160458 ...  0.00597722 -0.0050059
  0.00655705]

Residual before update:
[-0.00144213  0.00066094 -0.00160468 ...  0.00597711 -0.00500599
  0.00655697]

Residual before update:
[-0.0014403   0.00066073 -0.00160478 ...  0.005977   -0.00500608
  0.0065569 ]

Residual before update:
[-0.00143873  0.0006605  -0.00160487 ...  0.0059769  -0.00500616
  0.00655683]

Residual before update:
[-0.00143729  0.00066028 -0.00160495 ...  0.0059768  -0.00500624
  0.00655676]

Residual before update:
[-0.00143594  0.00066005 -0.00160502 ...  0.0059767  -0.00500631
  0.0065567 ]

Residual before update:
[-0.02962373 -0.07282841 -0.00164783 ...  0.00458553 -0.00500984
  0.00170351]

Residual before update:
[-0.00144467  0.0006597  -0.00160477 ...  0.00597699 -0.005006
  0.006557  ]

Residual before update:
[-0.00144328  0.00065986 -0.00160475 ...  0.00597698 -0.00500601
  0.00655699]

Residual before update:
[-0.00144093  0.0006601  -0.00160474 ...  0.00597695 -0.00500603
  0.00655697]

Residual before update:
[-0.00143892  0.00066029 -0.00160474 ...  0.00597693 -0.00500606
  0.00655694]

Residual before update:
[-0.00143749  0.00066043 -0.00160475 ...  0.00597691 -0.00500608
  0.00655692]

Residual before update:
[-0.00143657  0.0006605  -0.00160477 ...  0.00597688 -0.00500611
  0.00655689]

Residual before update:
[-0.00143603  0.00066053 -0.00160479 ...  0.00597686 -0.00500613
  0.00655687]

Residual before update:
[-0.00143572  0.00066054 -0.00160482 ...  0.00597684 -0.00500615
  0.00655684]

Residual before update:
[-0.00143557  0.00066052 -0.00160485 ...  0.00597682 -0.00500618
  0.00655682]

Residual before update:
[-0.02945596 -0.07280027 -0.00164815 ...  0.00456075 -0.00501308
  0.00161487]

Residual before update:
[-0.00144221  0.0006599  -0.00160486 ...  0.00597687 -0.00500612
  0.00655688]

Residual before update:
[-0.00144283  0.00065985 -0.00160485 ...  0.00597689 -0.0050061
  0.0065569 ]

Residual before update:
[-0.00144182  0.00065994 -0.00160482 ...  0.0059769  -0.00500609
  0.00655691]

Residual before update:
[-0.0014402   0.0006601  -0.0016048  ...  0.0059769  -0.00500609
  0.00655691]

Residual before update:
[-0.00143858  0.00066024 -0.00160479 ...  0.00597689 -0.00500609
  0.00655691]

Residual before update:
[-0.00143721  0.00066037 -0.00160478 ...  0.00597688 -0.0050061
  0.0065569 ]

Residual before update:
[-0.00143618  0.00066045 -0.00160478 ...  0.00597687 -0.00500611
  0.00655689]

Residual before update:
[-0.00143546  0.00066051 -0.00160479 ...  0.00597686 -0.00500612
  0.00655688]

Residual before update:
[-0.00143499  0.00066054 -0.0016048  ...  0.00597685 -0.00500614
  0.00655687]

Residual before update:
[-0.02945754 -0.07280442 -0.00164815 ...  0.00456067 -0.00501308
  0.00161459]

Residual before update:
[-0.00143919  0.00066011 -0.00160485 ...  0.00597684 -0.00500614
  0.00655686]

Residual before update:
[-0.00144081  0.00065994 -0.00160487 ...  0.00597684 -0.00500614
  0.00655686]

Residual before update:
[-0.00144117  0.0006599  -0.00160487 ...  0.00597685 -0.00500614
  0.00655687]

Residual before update:
[-0.00144057  0.00065996 -0.00160485 ...  0.00597685 -0.00500613
  0.00655687]

Residual before update:
[-0.00143945  0.00066006 -0.00160484 ...  0.00597685 -0.00500613
  0.00655687]

Residual before update:
[-0.00143819  0.00066018 -0.00160482 ...  0.00597685 -0.00500613
  0.00655688]

Residual before update:
[-0.00143702  0.00066028 -0.00160481 ...  0.00597685 -0.00500613
  0.00655687]

Residual before update:
[-0.00143603  0.00066037 -0.00160481 ...  0.00597684 -0.00500614
  0.00655687]

Residual before update:
[-0.00143526  0.00066044 -0.00160481 ...  0.00597684 -0.00500614
  0.00655687]

Residual before update:
[-0.02945912 -0.07280857 -0.00164816 ...  0.00456059 -0.00501308
  0.00161431]

Residual before update:
[-0.00143716  0.00066024 -0.00160484 ...  0.00597683 -0.00500615
  0.00655686]

Residual before update:
[-0.00143867  0.00066007 -0.00160486 ...  0.00597682 -0.00500616
  0.00655685]

Residual before update:
[-0.00143963  0.00065996 -0.00160487 ...  0.00597682 -0.00500616
  0.00655685]

Residual before update:
[-0.00143985  0.00065993 -0.00160488 ...  0.00597682 -0.00500616
  0.00655685]

Residual before update:
[-0.00143942  0.00065997 -0.00160487 ...  0.00597681 -0.00500616
  0.00655685]

Residual before update:
[-0.0014386   0.00066004 -0.00160486 ...  0.00597681 -0.00500616
  0.00655685]

Residual before update:
[-0.00143762  0.00066013 -0.00160485 ...  0.00597681 -0.00500616
  0.00655685]

Residual before update:
[-0.00143664  0.00066022 -0.00160484 ...  0.00597681 -0.00500616
  0.00655685]

Residual before update:
[-0.00143575  0.0006603  -0.00160483 ...  0.00597681 -0.00500616
  0.00655685]
Compute pips
###############################
TGFM
###############################
Initialize variables
Warning: 390 variants have NaN gwas_beta. Setting to 0 with large SE.
Iterative optimization

Residual before update:
[ 0.00025449 -0.00114681 -0.00030252 ... -0.00287155 -0.0014901
  0.        ]

Residual before update:
[ 2.54494138e-04 -1.14681851e-03 -3.02498243e-04 ... -2.87153602e-03
 -1.49007625e-03 -6.99047072e-18]

Residual before update:
[ 2.54496983e-04 -1.14682229e-03 -3.02480017e-04 ... -2.87152317e-03
 -1.49005370e-03 -1.47105631e-17]

Residual before update:
[ 2.54408694e-04 -1.14702890e-03 -3.01451968e-04 ... -2.87218272e-03
 -1.48636898e-03 -4.47577360e-15]

Residual before update:
[ 2.54502363e-04 -1.14683001e-03 -3.02443021e-04 ... -2.87149757e-03
 -1.49000613e-03 -2.94116336e-17]

Residual before update:
[ 2.54505041e-04 -1.14683368e-03 -3.02424686e-04 ... -2.87148555e-03
 -1.48998398e-03 -4.33167627e-17]

Residual before update:
[ 2.54507798e-04 -1.14683733e-03 -3.02406424e-04 ... -2.87147066e-03
 -1.48995462e-03 -4.44807503e-17]

Residual before update:
[ 2.54510811e-04 -1.14684095e-03 -3.02387790e-04 ... -2.87145878e-03
 -1.48993525e-03 -5.13318823e-17]

Residual before update:
[ 2.54513302e-04 -1.14684523e-03 -3.02369630e-04 ... -2.87144585e-03
 -1.48991126e-03 -5.81745681e-17]

Residual before update:
[ 2.54515989e-04 -1.14684927e-03 -3.02351402e-04 ... -2.87143300e-03
 -1.48988765e-03 -6.53180920e-17]

Residual before update:
[ 2.54516006e-04 -1.14684909e-03 -3.02351620e-04 ... -2.87143311e-03
 -1.48988708e-03 -6.51863375e-17]

Residual before update:
[ 2.54516167e-04 -1.14684828e-03 -3.02349482e-04 ... -2.87143243e-03
 -1.48987742e-03 -6.12803189e-17]

Residual before update:
[ 2.54516527e-04 -1.14684833e-03 -3.02352270e-04 ... -2.87143236e-03
 -1.48988735e-03 -6.43699886e-17]

Residual before update:
[ 2.54435193e-04 -1.14703058e-03 -3.01435860e-04 ... -2.87203238e-03
 -1.48656110e-03 -4.05405156e-15]

Residual before update:
[ 2.54516023e-04 -1.14684878e-03 -3.02352406e-04 ... -2.87143251e-03
 -1.48988672e-03 -6.43831442e-17]

Residual before update:
[ 2.54515918e-04 -1.14684851e-03 -3.02352644e-04 ... -2.87143384e-03
 -1.48988937e-03 -7.56074721e-17]

Residual before update:
[ 2.54515952e-04 -1.14684834e-03 -3.02352877e-04 ... -2.87143058e-03
 -1.48988057e-03 -6.50058995e-17]

Residual before update:
[ 2.54516315e-04 -1.14684819e-03 -3.02352494e-04 ... -2.87143207e-03
 -1.48988697e-03 -6.44064515e-17]

Residual before update:
[ 2.54516009e-04 -1.14684883e-03 -3.02352664e-04 ... -2.87143202e-03
 -1.48988661e-03 -6.40124174e-17]

Residual before update:
[ 2.54515969e-04 -1.14684909e-03 -3.02352653e-04 ... -2.87143209e-03
 -1.48988670e-03 -6.40529158e-17]

Residual before update:
[ 2.54516003e-04 -1.14684896e-03 -3.02352533e-04 ... -2.87143234e-03
 -1.48988623e-03 -6.42265941e-17]

Residual before update:
[ 2.54516178e-04 -1.14684820e-03 -3.02350087e-04 ... -2.87143177e-03
 -1.48987662e-03 -6.06209797e-17]

Residual before update:
[ 2.54516550e-04 -1.14684829e-03 -3.02352623e-04 ... -2.87143179e-03
 -1.48988664e-03 -6.38813545e-17]

Residual before update:
[ 2.54437889e-04 -1.14702570e-03 -3.01460845e-04 ... -2.87201285e-03
 -1.48665559e-03 -3.93743137e-15]

Residual before update:
[ 2.54516066e-04 -1.14684880e-03 -3.02352356e-04 ... -2.87143210e-03
 -1.48988612e-03 -6.42580042e-17]

Residual before update:
[ 2.54515969e-04 -1.14684856e-03 -3.02352446e-04 ... -2.87143348e-03
 -1.48988879e-03 -7.55872532e-17]

Residual before update:
[ 2.54516007e-04 -1.14684841e-03 -3.02352574e-04 ... -2.87143026e-03
 -1.48988001e-03 -6.50949825e-17]

Residual before update:
[ 2.54516374e-04 -1.14684827e-03 -3.02352123e-04 ... -2.87143178e-03
 -1.48988645e-03 -6.45521141e-17]

Residual before update:
[ 2.54516069e-04 -1.14684891e-03 -3.02352261e-04 ... -2.87143175e-03
 -1.48988610e-03 -6.41827049e-17]

Residual before update:
[ 2.54516029e-04 -1.14684917e-03 -3.02352253e-04 ... -2.87143181e-03
 -1.48988619e-03 -6.42171635e-17]

Residual before update:
[ 2.54516063e-04 -1.14684904e-03 -3.02352134e-04 ... -2.87143205e-03
 -1.48988571e-03 -6.43866337e-17]

Residual before update:
[ 2.54516239e-04 -1.14684828e-03 -3.02349680e-04 ... -2.87143148e-03
 -1.48987607e-03 -6.07705078e-17]

Residual before update:
[ 2.54516610e-04 -1.14684838e-03 -3.02352228e-04 ... -2.87143150e-03
 -1.48988612e-03 -6.40340159e-17]

Residual before update:
[ 2.54436041e-04 -1.14703121e-03 -3.01433590e-04 ... -2.87202750e-03
 -1.48656276e-03 -4.04765548e-15]

Residual before update:
[ 2.54516125e-04 -1.14684888e-03 -3.02351964e-04 ... -2.87143181e-03
 -1.48988559e-03 -6.44084856e-17]

Residual before update:
[ 2.54516029e-04 -1.14684864e-03 -3.02352050e-04 ... -2.87143319e-03
 -1.48988827e-03 -7.57640561e-17]

Residual before update:
[ 2.54516067e-04 -1.14684849e-03 -3.02352181e-04 ... -2.87142997e-03
 -1.48987947e-03 -6.52471165e-17]

Residual before update:
[ 2.54516434e-04 -1.14684835e-03 -3.02351731e-04 ... -2.87143149e-03
 -1.48988593e-03 -6.47020817e-17]

Residual before update:
[ 2.54516128e-04 -1.14684899e-03 -3.02351868e-04 ... -2.87143146e-03
 -1.48988558e-03 -6.43320674e-17]

Residual before update:
[ 2.54516088e-04 -1.14684925e-03 -3.02351861e-04 ... -2.87143152e-03
 -1.48988567e-03 -6.43667725e-17]

Residual before update:
[ 2.54516122e-04 -1.14684913e-03 -3.02351741e-04 ... -2.87143177e-03
 -1.48988518e-03 -6.45370489e-17]

Residual before update:
[ 2.54516300e-04 -1.14684836e-03 -3.02349274e-04 ... -2.87143119e-03
 -1.48987551e-03 -6.09144328e-17]

Residual before update:
[ 2.54516671e-04 -1.14684846e-03 -3.02351835e-04 ... -2.87143122e-03
 -1.48988559e-03 -6.41834374e-17]

Residual before update:
[ 2.54427445e-04 -1.14705185e-03 -3.01330910e-04 ... -2.87209216e-03
 -1.48619660e-03 -4.49016199e-15]
NaNs in component_non_med_pred at component 4

Residual before update:
[ 2.54516185e-04 -1.14684897e-03 -3.02351570e-04 ... -2.87143153e-03
 -1.48988507e-03 -6.45589687e-17]
NaNs in residual_incl_alpha[68, :]
NaN in mixture_alpha_mu: b_terms=[nan nan]
NaNs in self.residual at bs_iter=68
NaNs in un_normalized_lv_alpha_weights
NaN in normalizing_term
NaNs in component_non_med_pred at component 5

Residual before update:
[ 2.54516089e-04 -1.14684872e-03 -3.02351653e-04 ... -2.87143291e-03
 -1.48988775e-03 -7.59417298e-17]
NaNs in residual_incl_alpha[68, :]
NaNs in gene_weights for bs_iter=68
NaN in mixture_alpha_mu: b_terms=[nan nan]
NaNs in self.residual at bs_iter=68
NaNs in un_normalized_lv_alpha_weights
NaN in normalizing_term
NaNs in component_non_med_pred at component 6

Residual before update:
[ 2.54516127e-04 -1.14684857e-03 -3.02351786e-04 ... -2.87142968e-03
 -1.48987893e-03 -6.54002077e-17]
NaNs in residual_incl_alpha[68, :]
NaNs in gene_weights for bs_iter=68
NaN in mixture_alpha_mu: b_terms=[nan nan]
NaNs in self.residual at bs_iter=68
NaNs in un_normalized_lv_alpha_weights
NaN in normalizing_term
NaNs in component_non_med_pred at component 7

Residual before update:
[ 2.54516495e-04 -1.14684843e-03 -3.02351337e-04 ... -2.87143120e-03
 -1.48988540e-03 -6.48530075e-17]
NaNs in residual_incl_alpha[68, :]
NaNs in gene_weights for bs_iter=68
NaN in mixture_alpha_mu: b_terms=[nan nan]
NaNs in self.residual at bs_iter=68
NaNs in un_normalized_lv_alpha_weights
NaN in normalizing_term
NaNs in component_non_med_pred at component 8

Residual before update:
[ 2.54516188e-04 -1.14684907e-03 -3.02351474e-04 ... -2.87143117e-03
 -1.48988505e-03 -6.44822879e-17]
NaNs in residual_incl_alpha[68, :]
NaNs in gene_weights for bs_iter=68
NaN in mixture_alpha_mu: b_terms=[nan nan]
NaNs in self.residual at bs_iter=68
NaNs in un_normalized_lv_alpha_weights
NaN in normalizing_term
NaNs in component_non_med_pred at component 9

Residual before update:
[ 2.54516148e-04 -1.14684934e-03 -3.02351466e-04 ... -2.87143123e-03
 -1.48988514e-03 -6.45171748e-17]
NaNs in residual_incl_alpha[68, :]
NaNs in gene_weights for bs_iter=68
NaN in mixture_alpha_mu: b_terms=[nan nan]
NaNs in self.residual at bs_iter=68
NaNs in un_normalized_lv_alpha_weights
NaN in normalizing_term
Compute pips
NaNs found in gene-tissue pair PIPs at indices: [0 1]
NaNs found in variant PIPs at indices: [    0     1     2 ... 10706 10707 10708]
NaNs found in gene PIPs at indices: [0 1]
###############################
TGFM
###############################
Initialize variables
Warning: 417 variants have NaN gwas_beta. Setting to 0 with large SE.
Iterative optimization

Residual before update:
[-0.00460599  0.00527638  0.         ... -0.0008483   0.00700111
  0.00715513]

Residual before update:
[-4.60600083e-03  5.27636693e-03  3.32299118e-18 ... -8.48314371e-04
  7.00098530e-03  7.15500971e-03]

Residual before update:
[-4.60600784e-03  5.27635038e-03  8.08946443e-18 ... -8.48324255e-04
  7.00086134e-03  7.15488576e-03]

Residual before update:
[-4.60602085e-03  5.27632954e-03  8.68188623e-18 ... -8.48333943e-04
  7.00073698e-03  7.15476139e-03]

Residual before update:
[-4.60602389e-03  5.27631667e-03  1.29208671e-17 ... -8.48343836e-04
  7.00061272e-03  7.15463713e-03]

Residual before update:
[-4.60603210e-03  5.27629987e-03  1.48624553e-17 ... -8.48353571e-04
  7.00048852e-03  7.15451293e-03]

Residual before update:
[-4.60603906e-03  5.27628338e-03  1.98916949e-17 ... -8.48363267e-04
  7.00036500e-03  7.15438941e-03]

Residual before update:
[-4.60604478e-03  5.27626686e-03  2.87326231e-17 ... -8.48371356e-04
  7.00024151e-03  7.15426592e-03]

Residual before update:
[-4.60605698e-03  5.27624944e-03  1.93079538e-17 ... -8.48382983e-04
  7.00011648e-03  7.15414090e-03]

Residual before update:
[-4.60606621e-03  5.27623243e-03  1.85908268e-17 ... -8.48392842e-04
  6.99999231e-03  7.15401672e-03]

Residual before update:
[-4.60605879e-03  5.27623323e-03  4.02821564e-17 ... -8.48394758e-04
  6.99999443e-03  7.15401885e-03]

Residual before update:
[-4.60606279e-03  5.27623218e-03  2.93715261e-17 ... -8.48392640e-04
  6.99999291e-03  7.15401732e-03]

Residual before update:
[-4.60606004e-03  5.27623308e-03  3.56876044e-17 ... -8.48393059e-04
  6.99999433e-03  7.15401874e-03]

Residual before update:
[-4.60607683e-03  5.27622066e-03  2.55571022e-17 ... -8.48392627e-04
  6.99999345e-03  7.15401786e-03]

Residual before update:
[-4.60606308e-03  5.27623218e-03  2.85285875e-17 ... -8.48392885e-04
  6.99999309e-03  7.15401751e-03]

Residual before update:
[-4.60606401e-03  5.27623209e-03  2.62711318e-17 ... -8.48392761e-04
  6.99999284e-03  7.15401725e-03]

Residual before update:
[-4.60606281e-03  5.27623246e-03  2.93207403e-17 ... -8.48392636e-04
  6.99999352e-03  7.15401793e-03]

Residual before update:
[-4.60606040e-03  5.27623267e-03  3.63006903e-17 ... -8.48390519e-04
  6.99999388e-03  7.15401829e-03]

Residual before update:
[-4.60606565e-03  5.27623191e-03  2.13854721e-17 ... -8.48392858e-04
  6.99999238e-03  7.15401680e-03]

Residual before update:
[-4.60606685e-03  5.27623170e-03  1.83209713e-17 ... -8.48392946e-04
  6.99999188e-03  7.15401629e-03]

Residual before update:
[-4.60605947e-03  5.27623251e-03  3.98406289e-17 ... -8.48394875e-04
  6.99999349e-03  7.15401790e-03]

Residual before update:
[-4.60606329e-03  5.27623157e-03  2.91610048e-17 ... -8.48392783e-04
  6.99999166e-03  7.15401607e-03]

Residual before update:
[-4.60606048e-03  5.27623253e-03  3.55044232e-17 ... -8.48393219e-04
  6.99999273e-03  7.15401714e-03]

Residual before update:
[-4.60607716e-03  5.27622019e-03  2.54871254e-17 ... -8.48392795e-04
  6.99999163e-03  7.15401604e-03]

Residual before update:
[-4.60606336e-03  5.27623174e-03  2.84995722e-17 ... -8.48393064e-04
  6.99999103e-03  7.15401545e-03]

Residual before update:
[-4.60606423e-03  5.27623170e-03  2.62803454e-17 ... -8.48392947e-04
  6.99999061e-03  7.15401502e-03]

Residual before update:
[-4.60606301e-03  5.27623209e-03  2.93605581e-17 ... -8.48392829e-04
  6.99999114e-03  7.15401556e-03]

Residual before update:
[-4.60606056e-03  5.27623232e-03  3.63747313e-17 ... -8.48390713e-04
  6.99999139e-03  7.15401580e-03]

Residual before update:
[-4.60606581e-03  5.27623158e-03  2.14343152e-17 ... -8.48393054e-04
  6.99998991e-03  7.15401432e-03]

Residual before update:
[-4.60606702e-03  5.27623136e-03  1.83620968e-17 ... -8.48393142e-04
  6.99998940e-03  7.15401382e-03]

Residual before update:
[-4.60605962e-03  5.27623217e-03  3.99324690e-17 ... -8.48395082e-04
  6.99999094e-03  7.15401535e-03]

Residual before update:
[-4.60606345e-03  5.27623123e-03  2.92261517e-17 ... -8.48392982e-04
  6.99998915e-03  7.15401356e-03]

Residual before update:
[-4.60606063e-03  5.27623218e-03  3.55841877e-17 ... -8.48393421e-04
  6.99999018e-03  7.15401460e-03]

Residual before update:
[-4.60607735e-03  5.27621982e-03  2.55430399e-17 ... -8.48392992e-04
  6.99998913e-03  7.15401354e-03]

Residual before update:
[-4.60606352e-03  5.27623140e-03  2.85622632e-17 ... -8.48393263e-04
  6.99998852e-03  7.15401293e-03]

Residual before update:
[-4.60606440e-03  5.27623135e-03  2.63377735e-17 ... -8.48393145e-04
  6.99998811e-03  7.15401252e-03]

Residual before update:
[-4.60606317e-03  5.27623175e-03  2.94250267e-17 ... -8.48393028e-04
  6.99998863e-03  7.15401304e-03]

Residual before update:
[-4.60606072e-03  5.27623197e-03  3.64553965e-17 ... -8.48390909e-04
  6.99998884e-03  7.15401325e-03]

Residual before update:
[-4.60606598e-03  5.27623124e-03  2.14807117e-17 ... -8.48393251e-04
  6.99998742e-03  7.15401183e-03]

Residual before update:
[-4.60606718e-03  5.27623102e-03  1.84016815e-17 ... -8.48393339e-04
  6.99998692e-03  7.15401134e-03]

Residual before update:
[-4.60605978e-03  5.27623182e-03  4.00215374e-17 ... -8.48395290e-04
  6.99998837e-03  7.15401278e-03]

Residual before update:
[-4.60606361e-03  5.27623088e-03  2.92903903e-17 ... -8.48393182e-04
  6.99998662e-03  7.15401103e-03]

Residual before update:
[-4.60606079e-03  5.27623183e-03  3.56632911e-17 ... -8.48393624e-04
  6.99998763e-03  7.15401204e-03]

Residual before update:
[-4.60607754e-03  5.27621945e-03  2.55988663e-17 ... -8.48393190e-04
  6.99998662e-03  7.15401103e-03]

Residual before update:
[-4.60606368e-03  5.27623105e-03  2.86250612e-17 ... -8.48393463e-04
  6.99998599e-03  7.15401040e-03]

Residual before update:
[-4.60606456e-03  5.27623101e-03  2.63954093e-17 ... -8.48393343e-04
  6.99998559e-03  7.15401000e-03]

Residual before update:
[-4.60606333e-03  5.27623140e-03  2.94897880e-17 ... -8.48393227e-04
  6.99998610e-03  7.15401051e-03]

Residual before update:
[-4.60606088e-03  5.27623162e-03  3.65364578e-17 ... -8.48391107e-04
  6.99998628e-03  7.15401069e-03]

Residual before update:
[-4.60606614e-03  5.27623089e-03  2.15273182e-17 ... -8.48393449e-04
  6.99998492e-03  7.15400933e-03]

Residual before update:
[-4.60606735e-03  5.27623068e-03  1.84414417e-17 ... -8.48393536e-04
  6.99998443e-03  7.15400884e-03]
Compute pips
###############################
TGFM
###############################
Initialize variables
Warning: 480 variants have NaN gwas_beta. Setting to 0 with large SE.
Iterative optimization

Residual before update:
[-0.004172    0.00353523 -0.0064811  ...  0.00217567  0.00253167
  0.00136948]

Residual before update:
[-0.00422821  0.00353381 -0.00654497 ...  0.0021611   0.00250747
  0.00134122]

Residual before update:
[-0.00416902  0.00353512 -0.00648091 ...  0.00217621  0.00252966
  0.00136911]

Residual before update:
[-0.00417178  0.00353524 -0.00647952 ...  0.00217566  0.00253167
  0.00136973]

Residual before update:
[-0.00417171  0.00353524 -0.00647899 ...  0.00217565  0.00253168
  0.00136982]

Residual before update:
[-0.00417163  0.00353524 -0.00647847 ...  0.00217565  0.00253168
  0.0013699 ]

Residual before update:
[-0.00417156  0.00353524 -0.00647795 ...  0.00217564  0.00253168
  0.00136999]

Residual before update:
[-0.00417149  0.00353524 -0.00647742 ...  0.00217564  0.00253168
  0.00137007]

Residual before update:
[-0.00417109  0.00353521 -0.00647713 ...  0.00218506  0.00257202
  0.00137059]

Residual before update:
[-0.00418095  0.00352965 -0.00647961 ...  0.00217554  0.00253097
  0.00136942]

Residual before update:
[-0.00417134  0.00353525 -0.00647638 ...  0.00217563  0.00253169
  0.00137024]

Residual before update:
[-0.00420458  0.00364775 -0.00652425 ...  0.00216404  0.00250074
  0.00133317]

Residual before update:
[ 2.06571558e+21  9.52520935e+19  6.86176657e+20 ... -3.29174878e+20
  2.35575355e+21  2.05307100e+21]

Residual before update:
[-0.00417135  0.00353525 -0.0064764  ...  0.00217563  0.00253169
  0.00137024]

Residual before update:
[-0.00417135  0.00353525 -0.0064764  ...  0.00217563  0.00253169
  0.00137024]

Residual before update:
[-0.00417135  0.00353525 -0.0064764  ...  0.00217563  0.00253169
  0.00137024]

Residual before update:
[-0.00417135  0.00353525 -0.0064764  ...  0.00217563  0.00253169
  0.00137023]

Residual before update:
[-0.00417135  0.00353525 -0.0064764  ...  0.00217563  0.00253169
  0.00137024]

Residual before update:
[-0.00417151  0.0035352  -0.00647655 ...  0.00218287  0.00256062
  0.00137064]

Residual before update:
[-0.00417589  0.00353222 -0.00647369 ...  0.00217445  0.00253104
  0.00136936]

Residual before update:
[-0.00417135  0.00353525 -0.0064764  ...  0.00217563  0.00253169
  0.00137024]

Residual before update:
[-0.00415667  0.00385035 -0.00673778 ...  0.00215929  0.00249921
  0.00133491]

Residual before update:
[-1.44231293e+55 -6.65098383e+53 -4.78580359e+54 ...  2.29923122e+54
 -1.64496499e+55 -1.43357232e+55]

Residual before update:
[-0.00417135  0.00353525 -0.0064764  ...  0.00217563  0.00253169
  0.00137024]

Residual before update:
[-0.00417135  0.00353525 -0.0064764  ...  0.00217563  0.00253169
  0.00137024]

Residual before update:
[-0.00417134  0.00353525 -0.00647639 ...  0.00217563  0.00253169
  0.00137024]

Residual before update:
[-0.00417134  0.00353525 -0.00647639 ...  0.00217563  0.00253169
  0.00137024]

Residual before update:
[-0.00417134  0.00353525 -0.00647639 ...  0.00217563  0.00253169
  0.00137024]

Residual before update:
[-0.00417362  0.00353511 -0.00647631 ...  0.00217485  0.00251983
  0.00137064]

Residual before update:
[-0.00417178  0.00356448 -0.00647921 ...  0.00217749  0.0025316
  0.00137188]

Residual before update:
[-0.00417134  0.00353525 -0.00647639 ...  0.00217563  0.00253169
  0.00137024]

Residual before update:
[-0.00418227  0.00366868 -0.00661681 ...  0.00215931  0.00252262
  0.00134395]

Residual before update:
[ 1.00770844e+89  4.64687824e+87  3.34372284e+88 ... -1.60641610e+88
  1.14929644e+89  1.00160159e+89]

Residual before update:
[-0.00417134  0.00353525 -0.00647639 ...  0.00217563  0.00253169
  0.00137024]

Residual before update:
[-0.00417134  0.00353525 -0.00647639 ...  0.00217563  0.00253169
  0.00137024]

Residual before update:
[-0.00417134  0.00353525 -0.00647639 ...  0.00217563  0.00253169
  0.00137024]

Residual before update:
[-0.00417134  0.00353525 -0.00647639 ...  0.00217563  0.00253169
  0.00137024]

Residual before update:
[-0.00417134  0.00353525 -0.00647638 ...  0.00217563  0.00253169
  0.00137024]

Residual before update:
[-0.00417358  0.00353511 -0.00647629 ...  0.00217508  0.00252093
  0.00137066]

Residual before update:
[-0.00417123  0.00356583 -0.00647855 ...  0.00217751  0.00253173
  0.00137207]

Residual before update:
[-0.00417134  0.00353525 -0.00647638 ...  0.00217563  0.00253169
  0.00137024]

Residual before update:
[-0.00419796  0.00359186 -0.00662755 ...  0.00216013  0.00251719
  0.00134269]

Residual before update:
[-7.04061014e+122 -3.24665912e+121 -2.33617661e+122 ...  1.12236328e+122
 -8.02985051e+122 -6.99794310e+122]

Residual before update:
[-0.00417134  0.00353525 -0.00647638 ...  0.00217563  0.00253169
  0.00137024]

Residual before update:
[-0.00417134  0.00353525 -0.00647638 ...  0.00217563  0.00253169
  0.00137024]

Residual before update:
[-0.00417134  0.00353525 -0.00647638 ...  0.00217563  0.00253169
  0.00137024]

Residual before update:
[-0.00417134  0.00353525 -0.00647638 ...  0.00217563  0.00253169
  0.00137024]

Residual before update:
[-0.00417134  0.00353525 -0.00647638 ...  0.00217563  0.00253169
  0.00137024]

Residual before update:
[-0.00417358  0.00353511 -0.00647628 ...  0.00217508  0.00252093
  0.00137066]

Residual before update:
[-0.0041712   0.00356514 -0.00647851 ...  0.00217748  0.00253176
  0.00137201]
Compute pips
NaNs found in variant PIPs at indices: [   14    17    22 ...  9925  9931 10284]
###############################
TGFM
###############################
Initialize variables
Warning: 481 variants have NaN gwas_beta. Setting to 0 with large SE.
Iterative optimization

Residual before update:
[-0.00280774  0.00176108  0.00121674 ...  0.00188363 -0.00585371
  0.0053161 ]

Residual before update:
[-0.00280095  0.00176126  0.00121776 ...  0.00188425 -0.00585361
  0.00531655]

Residual before update:
[-0.00280769  0.00176107  0.00121675 ...  0.00188363 -0.00585372
  0.00531609]

Residual before update:
[ 0.0145945   0.00223183  0.0038331  ...  0.00346424 -0.00557754
  0.00648658]

Residual before update:
[-0.00280764  0.00176105  0.00121675 ...  0.00188364 -0.00585374
  0.00531609]

Residual before update:
[-0.00281013  0.00176098  0.00121674 ...  0.00188352 -0.00585461
  0.00531551]

Residual before update:
[-0.00279407  0.00175122  0.00120328 ...  0.0018811  -0.00592835
  0.00514324]

Residual before update:
[-0.00280756  0.00176103  0.00121675 ...  0.00188364 -0.00585376
  0.00531609]

Residual before update:
[-0.0028072   0.00175557  0.00121173 ...  0.00186796 -0.00585438
  0.00531511]

Residual before update:
[-0.00280751  0.00176102  0.00121675 ...  0.00188364 -0.00585377
  0.00531609]

Residual before update:
[-0.00280751  0.00176102  0.00121675 ...  0.00188365 -0.00585378
  0.00531609]

Residual before update:
[-0.00279885  0.00176127  0.00121777 ...  0.00188415 -0.00585382
  0.00531674]

Residual before update:
[-0.00280751  0.00176102  0.00121675 ...  0.00188365 -0.00585377
  0.00531609]

Residual before update:
[ 0.92839229 -0.01997895 -0.00835499 ...  0.02824524 -0.01905398
  0.02319984]

Residual before update:
[-0.00280751  0.00176102  0.00121675 ...  0.00188365 -0.00585377
  0.00531609]

Residual before update:
[-0.00282857  0.00176094  0.00121649 ...  0.00188177 -0.00593404
  0.00526964]

Residual before update:
[-0.00281039  0.00175959  0.00121121 ...  0.00186789 -0.0058902
  0.00534707]

Residual before update:
[-0.00280751  0.00176102  0.00121675 ...  0.00188365 -0.00585377
  0.00531609]

Residual before update:
[-0.00280715  0.00175552  0.00121074 ...  0.00186556 -0.00585435
  0.0053149 ]

Residual before update:
[-0.00280751  0.00176102  0.00121675 ...  0.00188364 -0.00585377
  0.00531609]

Residual before update:
[-0.00280751  0.00176102  0.00121675 ...  0.00188365 -0.00585377
  0.00531609]

Residual before update:
[-0.00281082  0.00176092  0.00121571 ...  0.00188295 -0.00585399
  0.00531584]

Residual before update:
[-0.00280751  0.00176102  0.00121675 ...  0.00188365 -0.00585377
  0.00531609]

Residual before update:
[ 0.10637608  0.0194863   0.02336902 ...  0.00318191 -0.00260646
  0.00533234]

Residual before update:
[-0.00280751  0.00176102  0.00121675 ...  0.00188365 -0.00585377
  0.00531609]

Residual before update:
[-0.0028284   0.00176094  0.00121649 ...  0.00188179 -0.00593422
  0.00526956]

Residual before update:
[-0.00280966  0.00176013  0.00121269 ...  0.0018776  -0.00587372
  0.00535053]

Residual before update:
[-0.00280751  0.00176102  0.00121675 ...  0.00188365 -0.00585377
  0.00531609]

Residual before update:
[-0.00273629  0.00156418  0.0009598  ...  0.00172045 -0.00589156
  0.00522377]

Residual before update:
[-0.00280751  0.00176102  0.00121675 ...  0.00188364 -0.00585377
  0.00531609]

Residual before update:
[-0.00280751  0.00176102  0.00121675 ...  0.00188365 -0.00585377
  0.00531609]

Residual before update:
[-0.00281248  0.00176087  0.0012154  ...  0.00188277 -0.00585401
  0.00531571]

Residual before update:
[-0.00280751  0.00176102  0.00121675 ...  0.00188365 -0.00585377
  0.00531609]

Residual before update:
[ 0.10636889  0.01948609  0.02336787 ...  0.00318123 -0.00260658
  0.00533183]

Residual before update:
[-0.00280751  0.00176102  0.00121675 ...  0.00188365 -0.00585377
  0.00531609]

Residual before update:
[-0.00282832  0.00176094  0.00121649 ...  0.00188179 -0.0059343
  0.00526953]

Residual before update:
[-0.00280966  0.00176039  0.00121308 ...  0.00187759 -0.00587347
  0.0053532 ]

Residual before update:
[-0.00280751  0.00176102  0.00121675 ...  0.00188365 -0.00585377
  0.00531609]

Residual before update:
[-0.0028082   0.00175731  0.00095953 ...  0.00185661 -0.00587654
  0.00523627]

Residual before update:
[-0.00280751  0.00176102  0.00121675 ...  0.00188365 -0.00585377
  0.00531609]

Residual before update:
[-0.00280751  0.00176102  0.00121675 ...  0.00188365 -0.00585377
  0.00531609]

Residual before update:
[-0.00281305  0.00176085  0.00121529 ...  0.00188271 -0.00585402
  0.00531567]

Residual before update:
[-0.00280751  0.00176102  0.00121675 ...  0.00188365 -0.00585377
  0.00531609]

Residual before update:
[ 0.10636889  0.01948609  0.02336787 ...  0.00318123 -0.00260658
  0.00533183]

Residual before update:
[-0.00280751  0.00176102  0.00121675 ...  0.00188365 -0.00585377
  0.00531609]

Residual before update:
[-0.00282828  0.00176094  0.00121649 ...  0.0018818  -0.00593432
  0.00526952]
NaNs in component_non_med_pred at component 6

Residual before update:
[-0.00280966  0.00176058  0.0012134  ...  0.00187758 -0.00587342
  0.00535509]
NaNs in residual_incl_alpha[23, :]
NaN in mixture_alpha_mu: b_terms=[nan nan nan nan nan nan nan nan nan nan nan nan nan nan nan nan nan]
NaNs in self.residual at bs_iter=23
NaNs in un_normalized_lv_alpha_weights
NaN in normalizing_term
NaNs in component_non_med_pred at component 7

Residual before update:
[-0.00280751  0.00176102  0.00121675 ...  0.00188365 -0.00585377
  0.00531609]
NaNs in residual_incl_alpha[23, :]
NaNs in gene_weights for bs_iter=23
NaN in mixture_alpha_mu: b_terms=[nan nan nan nan nan nan nan nan nan nan nan nan nan nan nan nan nan]
NaNs in self.residual at bs_iter=23
NaNs in un_normalized_lv_alpha_weights
NaN in normalizing_term
NaNs in component_non_med_pred at component 8

Residual before update:
[-0.00280831  0.00175727  0.00095933 ...  0.00185552 -0.00587652
  0.0052363 ]
NaNs in residual_incl_alpha[23, :]
NaNs in gene_weights for bs_iter=23
NaN in mixture_alpha_mu: b_terms=[nan nan nan nan nan nan nan nan nan nan nan nan nan nan nan nan nan]
NaNs in self.residual at bs_iter=23
NaNs in un_normalized_lv_alpha_weights
NaN in normalizing_term
NaNs in component_non_med_pred at component 9

Residual before update:
[-0.00280751  0.00176102  0.00121675 ...  0.00188365 -0.00585377
  0.00531609]
NaNs in residual_incl_alpha[23, :]
NaNs in gene_weights for bs_iter=23
NaN in mixture_alpha_mu: b_terms=[nan nan nan nan nan nan nan nan nan nan nan nan nan nan nan nan nan]
NaNs in self.residual at bs_iter=23
NaNs in un_normalized_lv_alpha_weights
NaN in normalizing_term
Compute pips
NaNs found in gene-tissue pair PIPs at indices: [ 0  1  2  3  4  5  6  7  8  9 10 11 12 13 14 15 16]
NaNs found in variant PIPs at indices: [    0     1     2 ... 10432 10433 10434]
NaNs found in gene PIPs at indices: [0 1 2 3 4 5 6]
###############################
TGFM
###############################
Initialize variables
Warning: 451 variants have NaN gwas_beta. Setting to 0 with large SE.
Iterative optimization

Residual before update:
[ 0.00381352  0.00472045 -0.00634751 ...  0.00581054 -0.00194691
  0.00991731]

Residual before update:
[ 0.00381352  0.00472043 -0.00634744 ...  0.00581032 -0.00194691
  0.0099173 ]

Residual before update:
[ 0.00382378  0.0047311  -0.00633518 ...  0.00581194 -0.00193579
  0.00991843]

Residual before update:
[ 0.00381356  0.00471986 -0.00634834 ...  0.00579291 -0.00194689
  0.00990999]

Residual before update:
[ 0.00381456  0.0047175  -0.00634739 ...  0.00580189 -0.00194931
  0.00991687]

Residual before update:
[ 0.0038135   0.00472039 -0.00634719 ...  0.00580946 -0.00194691
  0.00991722]

Residual before update:
[ 0.00381     0.0047204  -0.00635107 ...  0.00578774 -0.00194886
  0.00991722]

Residual before update:
[ 0.00381349  0.00472037 -0.00634706 ...  0.00580902 -0.00194691
  0.00991719]

Residual before update:
[ 0.00381349  0.00472036 -0.00634699 ...  0.00580881 -0.00194691
  0.00991717]

Residual before update:
[ 0.00381349  0.00472035 -0.00634693 ...  0.00580859 -0.00194692
  0.00991715]

Residual before update:
[ 0.00381349  0.00472035 -0.00634693 ...  0.00580859 -0.00194692
  0.00991715]

Residual before update:
[ 0.00381349  0.00472035 -0.00634693 ...  0.00580859 -0.00194692
  0.00991715]

Residual before update:
[ 0.00382371  0.00473317 -0.00633619 ...  0.00581132 -0.00193563
  0.00991838]

Residual before update:
[ 0.00381362  0.00471946 -0.00634849 ...  0.00579285 -0.00194681
  0.00990972]

Residual before update:
[ 0.00382077  0.00472537 -0.00634708 ...  0.0058044  -0.00194241
  0.0099173 ]

Residual before update:
[ 0.00381349  0.00472035 -0.00634693 ...  0.00580859 -0.00194692
  0.00991715]

Residual before update:
[ 0.00380936  0.00472036 -0.00635124 ...  0.00578507 -0.00194905
  0.00991717]

Residual before update:
[ 0.00381349  0.00472035 -0.00634693 ...  0.00580859 -0.00194692
  0.00991715]

Residual before update:
[ 0.00381349  0.00472035 -0.00634693 ...  0.00580859 -0.00194692
  0.00991715]

Residual before update:
[ 0.00381349  0.00472035 -0.00634693 ...  0.00580859 -0.00194692
  0.00991715]

Residual before update:
[ 0.00381349  0.00472035 -0.00634693 ...  0.00580859 -0.00194692
  0.00991715]

Residual before update:
[ 0.00381349  0.00472035 -0.00634693 ...  0.00580859 -0.00194692
  0.00991715]

Residual before update:
[ 0.00382371  0.00473317 -0.00633619 ...  0.00581132 -0.00193563
  0.00991838]

Residual before update:
[ 0.00381352  0.00471913 -0.00634861 ...  0.00578992 -0.00194688
  0.00991003]

Residual before update:
[ 0.00382153  0.00473318 -0.00634704 ...  0.00581837 -0.00193571
  0.00991822]

Residual before update:
[ 0.00381349  0.00472035 -0.00634693 ...  0.00580859 -0.00194692
  0.00991715]

Residual before update:
[ 0.00380928  0.00472036 -0.00635127 ...  0.0057848  -0.00194907
  0.00991717]

Residual before update:
[ 0.00381349  0.00472035 -0.00634693 ...  0.00580859 -0.00194692
  0.00991715]

Residual before update:
[ 0.00381349  0.00472035 -0.00634693 ...  0.00580859 -0.00194692
  0.00991715]

Residual before update:
[ 0.00381349  0.00472035 -0.00634693 ...  0.00580859 -0.00194692
  0.00991715]

Residual before update:
[ 0.00381349  0.00472035 -0.00634693 ...  0.00580859 -0.00194692
  0.00991715]

Residual before update:
[ 0.00381349  0.00472035 -0.00634693 ...  0.00580859 -0.00194692
  0.00991715]

Residual before update:
[ 0.00382371  0.00473317 -0.00633619 ...  0.00581132 -0.00193563
  0.00991838]

Residual before update:
[ 0.00381352  0.00471912 -0.00634861 ...  0.00579021 -0.00194687
  0.00991014]

Residual before update:
[ 0.00382722  0.00473534 -0.00634718 ...  0.00581039 -0.00193317
  0.00991825]

Residual before update:
[ 0.00381349  0.00472035 -0.00634693 ...  0.00580859 -0.00194692
  0.00991715]

Residual before update:
[ 0.00380931  0.00472036 -0.00635123 ...  0.00578501 -0.00194905
  0.00991717]

Residual before update:
[ 0.00381349  0.00472035 -0.00634693 ...  0.00580859 -0.00194692
  0.00991715]

Residual before update:
[ 0.00381349  0.00472035 -0.00634693 ...  0.00580859 -0.00194692
  0.00991715]

Residual before update:
[ 0.00381349  0.00472035 -0.00634693 ...  0.00580859 -0.00194692
  0.00991715]

Residual before update:
[ 0.00381349  0.00472035 -0.00634693 ...  0.00580859 -0.00194692
  0.00991715]

Residual before update:
[ 0.00381349  0.00472035 -0.00634693 ...  0.00580859 -0.00194692
  0.00991715]

Residual before update:
[ 0.00382371  0.00473317 -0.00633619 ...  0.00581132 -0.00193563
  0.00991838]

Residual before update:
[ 0.00381352  0.00471913 -0.00634859 ...  0.00579055 -0.00194687
  0.00991026]

Residual before update:
[ 0.00382131  0.00473324 -0.00634723 ...  0.00581716 -0.00193563
  0.00991844]

Residual before update:
[ 0.00381349  0.00472035 -0.00634693 ...  0.00580859 -0.00194692
  0.00991715]

Residual before update:
[ 0.0038094   0.00472036 -0.00635113 ...  0.00578556 -0.001949
  0.00991717]

Residual before update:
[ 0.00381349  0.00472035 -0.00634693 ...  0.00580858 -0.00194692
  0.00991715]

Residual before update:
[ 0.00381349  0.00472035 -0.00634693 ...  0.00580858 -0.00194692
  0.00991715]

Residual before update:
[ 0.00381349  0.00472035 -0.00634693 ...  0.00580858 -0.00194692
  0.00991715]
Compute pips
###############################
TGFM
###############################
Initialize variables
Warning: 451 variants have NaN gwas_beta. Setting to 0 with large SE.
Iterative optimization

Residual before update:
[ 0.000975   -0.00471124  0.00057649 ... -0.00118819 -0.00199375
 -0.00135997]

Residual before update:
[ 0.000975   -0.00471123  0.00057648 ... -0.00118819 -0.00199374
 -0.00135997]

Residual before update:
[ 0.00097499 -0.00471122  0.00057648 ... -0.00118819 -0.00199373
 -0.00135997]

Residual before update:
[ 0.00097499 -0.00471122  0.00057647 ... -0.00118819 -0.00199372
 -0.00135997]

Residual before update:
[ 0.00097498 -0.00471121  0.00057647 ... -0.00118819 -0.0019937
 -0.00135997]

Residual before update:
[ 0.00097498 -0.0047112   0.00057646 ... -0.00118819 -0.00199369
 -0.00135997]

Residual before update:
[ 0.00097497 -0.00471119  0.00057646 ... -0.00118819 -0.00199367
 -0.00135997]

Residual before update:
[ 0.00097496 -0.00471119  0.00057645 ... -0.00118819 -0.00199366
 -0.00135997]

Residual before update:
[ 0.00097496 -0.00471118  0.00057644 ... -0.00118819 -0.00199365
 -0.00135997]

Residual before update:
[ 0.00097495 -0.00471117  0.00057644 ... -0.00118819 -0.00199364
 -0.00135997]

Residual before update:
[ 0.00097495 -0.00471117  0.00057644 ... -0.00118819 -0.00199364
 -0.00135997]

Residual before update:
[ 0.00097495 -0.00471117  0.00057644 ... -0.00118819 -0.00199363
 -0.00135997]

Residual before update:
[ 0.00097495 -0.00471117  0.00057644 ... -0.00118819 -0.00199364
 -0.00135997]

Residual before update:
[ 0.00097495 -0.00471118  0.00057644 ... -0.0011882  -0.00199364
 -0.00135998]

Residual before update:
[ 0.00097495 -0.00471117  0.00057644 ... -0.00118819 -0.00199363
 -0.00135997]

Residual before update:
[ 0.00097495 -0.00471117  0.00057644 ... -0.00118819 -0.00199363
 -0.00135997]

Residual before update:
[ 0.00097495 -0.00471117  0.00057644 ... -0.00118819 -0.00199363
 -0.00135997]

Residual before update:
[ 0.00097495 -0.00471117  0.00057644 ... -0.00118819 -0.00199363
 -0.00135997]

Residual before update:
[ 0.00097495 -0.00471117  0.00057644 ... -0.00118819 -0.00199363
 -0.00135997]

Residual before update:
[ 0.00097495 -0.00471117  0.00057644 ... -0.00118819 -0.00199364
 -0.00135997]

Residual before update:
[ 0.00097495 -0.00471117  0.00057644 ... -0.00118819 -0.00199364
 -0.00135997]

Residual before update:
[ 0.00097495 -0.00471117  0.00057644 ... -0.00118819 -0.00199363
 -0.00135997]

Residual before update:
[ 0.00097495 -0.00471117  0.00057644 ... -0.00118819 -0.00199363
 -0.00135997]

Residual before update:
[ 0.00097495 -0.00471118  0.00057644 ... -0.0011882  -0.00199364
 -0.00135998]

Residual before update:
[ 0.00097495 -0.00471117  0.00057644 ... -0.00118819 -0.00199363
 -0.00135997]

Residual before update:
[ 0.00097495 -0.00471117  0.00057644 ... -0.00118819 -0.00199363
 -0.00135997]

Residual before update:
[ 0.00097495 -0.00471117  0.00057644 ... -0.00118819 -0.00199363
 -0.00135997]

Residual before update:
[ 0.00097495 -0.00471117  0.00057644 ... -0.00118819 -0.00199363
 -0.00135997]

Residual before update:
[ 0.00097495 -0.00471117  0.00057644 ... -0.00118819 -0.00199363
 -0.00135997]

Residual before update:
[ 0.00097495 -0.00471117  0.00057644 ... -0.00118819 -0.00199364
 -0.00135997]

Residual before update:
[ 0.00097495 -0.00471117  0.00057644 ... -0.00118819 -0.00199364
 -0.00135997]

Residual before update:
[ 0.00097495 -0.00471117  0.00057644 ... -0.00118819 -0.00199363
 -0.00135997]

Residual before update:
[ 0.00097495 -0.00471117  0.00057644 ... -0.00118819 -0.00199363
 -0.00135997]

Residual before update:
[ 0.00097495 -0.00471118  0.00057644 ... -0.0011882  -0.00199364
 -0.00135998]

Residual before update:
[ 0.00097495 -0.00471117  0.00057644 ... -0.00118819 -0.00199363
 -0.00135997]

Residual before update:
[ 0.00097495 -0.00471117  0.00057644 ... -0.00118819 -0.00199363
 -0.00135997]

Residual before update:
[ 0.00097495 -0.00471117  0.00057644 ... -0.00118819 -0.00199363
 -0.00135997]

Residual before update:
[ 0.00097495 -0.00471117  0.00057644 ... -0.00118819 -0.00199363
 -0.00135997]

Residual before update:
[ 0.00097495 -0.00471117  0.00057644 ... -0.00118819 -0.00199363
 -0.00135997]

Residual before update:
[ 0.00097495 -0.00471117  0.00057644 ... -0.00118819 -0.00199364
 -0.00135997]

Residual before update:
[ 0.00097495 -0.00471117  0.00057644 ... -0.00118819 -0.00199364
 -0.00135997]

Residual before update:
[ 0.00097495 -0.00471117  0.00057644 ... -0.00118819 -0.00199363
 -0.00135997]
NaNs in component_non_med_pred at component 2

Residual before update:
[ 0.00097495 -0.00471117  0.00057644 ... -0.00118819 -0.00199363
 -0.00135997]
NaNs in residual_incl_alpha[99, :]
NaN in mixture_alpha_mu: b_terms=[nan nan nan nan nan nan nan]
NaNs in self.residual at bs_iter=99
NaNs in un_normalized_lv_alpha_weights
NaN in normalizing_term
NaNs in component_non_med_pred at component 3

Residual before update:
[ 0.00097495 -0.00471117  0.00057644 ... -0.0011882  -0.00199364
 -0.00135998]
NaNs in residual_incl_alpha[99, :]
NaNs in gene_weights for bs_iter=99
NaN in mixture_alpha_mu: b_terms=[nan nan nan nan nan nan nan]
NaNs in self.residual at bs_iter=99
NaNs in un_normalized_lv_alpha_weights
NaN in normalizing_term
NaNs in component_non_med_pred at component 4

Residual before update:
[ 0.00097495 -0.00471117  0.00057644 ... -0.00118819 -0.00199363
 -0.00135997]
NaNs in residual_incl_alpha[99, :]
NaNs in gene_weights for bs_iter=99
NaN in mixture_alpha_mu: b_terms=[nan nan nan nan nan nan nan]
NaNs in self.residual at bs_iter=99
NaNs in un_normalized_lv_alpha_weights
NaN in normalizing_term
NaNs in component_non_med_pred at component 5

Residual before update:
[ 0.00097495 -0.00471117  0.00057644 ... -0.00118819 -0.00199363
 -0.00135997]
NaNs in residual_incl_alpha[99, :]
NaNs in gene_weights for bs_iter=99
NaN in mixture_alpha_mu: b_terms=[nan nan nan nan nan nan nan]
NaNs in self.residual at bs_iter=99
NaNs in un_normalized_lv_alpha_weights
NaN in normalizing_term
NaNs in component_non_med_pred at component 6

Residual before update:
[ 0.00097495 -0.00471117  0.00057644 ... -0.00118819 -0.00199363
 -0.00135997]
NaNs in residual_incl_alpha[99, :]
NaNs in gene_weights for bs_iter=99
NaN in mixture_alpha_mu: b_terms=[nan nan nan nan nan nan nan]
NaNs in self.residual at bs_iter=99
NaNs in un_normalized_lv_alpha_weights
NaN in normalizing_term
NaNs in component_non_med_pred at component 7

Residual before update:
[ 0.00097495 -0.00471117  0.00057644 ... -0.00118819 -0.00199363
 -0.00135997]
NaNs in residual_incl_alpha[99, :]
NaNs in gene_weights for bs_iter=99
NaN in mixture_alpha_mu: b_terms=[nan nan nan nan nan nan nan]
NaNs in self.residual at bs_iter=99
NaNs in un_normalized_lv_alpha_weights
NaN in normalizing_term
NaNs in component_non_med_pred at component 8

Residual before update:
[ 0.00097495 -0.00471117  0.00057644 ... -0.00118819 -0.00199363
 -0.00135997]
NaNs in residual_incl_alpha[99, :]
NaNs in gene_weights for bs_iter=99
NaN in mixture_alpha_mu: b_terms=[nan nan nan nan nan nan nan]
NaNs in self.residual at bs_iter=99
NaNs in un_normalized_lv_alpha_weights
NaN in normalizing_term
NaNs in component_non_med_pred at component 9

Residual before update:
[ 0.00097495 -0.00471117  0.00057644 ... -0.00118819 -0.00199364
 -0.00135997]
NaNs in residual_incl_alpha[99, :]
NaNs in gene_weights for bs_iter=99
NaN in mixture_alpha_mu: b_terms=[nan nan nan nan nan nan nan]
NaNs in self.residual at bs_iter=99
NaNs in un_normalized_lv_alpha_weights
NaN in normalizing_term
Compute pips
NaNs found in gene-tissue pair PIPs at indices: [0 1 2 3 4 5 6]
NaNs found in variant PIPs at indices: [   0    1    2 ... 9652 9653 9654]
NaNs found in gene PIPs at indices: [0 1]
###############################
TGFM
###############################
Initialize variables
Warning: 439 variants have NaN gwas_beta. Setting to 0 with large SE.
Iterative optimization

Residual before update:
[ 0.0071201   0.00369102  0.0043734  ...  0.00204199  0.00204486
 -0.00863216]

Residual before update:
[ 0.00712004  0.00369102  0.00437337 ...  0.00204219  0.002045
 -0.00863209]

Residual before update:
[ 0.00711998  0.00369102  0.00437334 ...  0.00204239  0.00204514
 -0.00863202]

Residual before update:
[ 0.00711992  0.00369102  0.00437331 ...  0.00204258  0.00204527
 -0.00863196]

Residual before update:
[ 0.00711986  0.00369102  0.00437329 ...  0.00204277  0.0020454
 -0.0086319 ]

Residual before update:
[ 0.00711983  0.00369102  0.00437327 ...  0.00204295  0.00204553
 -0.00863184]

Residual before update:
[ 0.00711974  0.00369101  0.00437323 ...  0.00204313  0.00204565
 -0.00863178]

Residual before update:
[ 0.00711968  0.00369102  0.0043732  ...  0.0020433   0.00204577
 -0.00863172]

Residual before update:
[ 0.00711962  0.00369101  0.00437318 ...  0.00204347  0.00204589
 -0.00863166]

Residual before update:
[ 0.00711956  0.00369101  0.00437315 ...  0.00204364  0.00204601
 -0.0086316 ]

Residual before update:
[ 0.00711956  0.00369101  0.00437315 ...  0.0020436   0.00204598
 -0.00863162]

Residual before update:
[ 0.00711957  0.00369101  0.00437315 ...  0.00204357  0.00204596
 -0.00863163]

Residual before update:
[ 0.00711956  0.00369101  0.00437315 ...  0.00204354  0.00204594
 -0.00863164]

Residual before update:
[ 0.00711955  0.00369101  0.00437315 ...  0.00204351  0.00204592
 -0.00863164]

Residual before update:
[ 0.00711955  0.00369101  0.00437315 ...  0.0020435   0.00204591
 -0.00863165]

Residual before update:
[ 0.0071196   0.00369101  0.00437317 ...  0.00204349  0.0020459
 -0.00863165]

Residual before update:
[ 0.00711954  0.00369101  0.00437314 ...  0.00204348  0.0020459
 -0.00863166]

Residual before update:
[ 0.00711955  0.00369101  0.00437315 ...  0.00204347  0.0020459
 -0.00863166]

Residual before update:
[ 0.00711955  0.00369101  0.00437315 ...  0.00204348  0.0020459
 -0.00863166]

Residual before update:
[ 0.00711955  0.00369101  0.00437315 ...  0.00204348  0.0020459
 -0.00863166]

Residual before update:
[ 0.00711955  0.00369101  0.00437315 ...  0.00204348  0.0020459
 -0.00863165]

Residual before update:
[ 0.00711956  0.00369101  0.00437315 ...  0.00204349  0.0020459
 -0.00863165]

Residual before update:
[ 0.00711955  0.00369101  0.00437315 ...  0.00204349  0.0020459
 -0.00863165]

Residual before update:
[ 0.00711955  0.00369101  0.00437315 ...  0.00204349  0.0020459
 -0.00863165]

Residual before update:
[ 0.00711955  0.00369101  0.00437315 ...  0.00204349  0.00204591
 -0.00863165]

Residual before update:
[ 0.0071196   0.00369101  0.00437317 ...  0.00204349  0.00204591
 -0.00863165]

Residual before update:
[ 0.00711954  0.00369101  0.00437314 ...  0.00204349  0.00204591
 -0.00863165]

Residual before update:
[ 0.00711955  0.00369101  0.00437315 ...  0.00204349  0.00204591
 -0.00863165]

Residual before update:
[ 0.00711955  0.00369101  0.00437314 ...  0.00204349  0.00204591
 -0.00863165]

Residual before update:
[ 0.00711955  0.00369101  0.00437315 ...  0.00204349  0.00204591
 -0.00863165]

Residual before update:
[ 0.00711955  0.00369101  0.00437314 ...  0.00204349  0.00204591
 -0.00863165]

Residual before update:
[ 0.00711956  0.00369101  0.00437315 ...  0.00204349  0.00204591
 -0.00863165]

Residual before update:
[ 0.00711955  0.00369101  0.00437314 ...  0.00204349  0.00204591
 -0.00863165]

Residual before update:
[ 0.00711955  0.00369101  0.00437314 ...  0.00204349  0.00204591
 -0.00863165]

Residual before update:
[ 0.00711955  0.00369101  0.00437314 ...  0.00204349  0.00204591
 -0.00863165]

Residual before update:
[ 0.0071196   0.00369101  0.00437317 ...  0.00204349  0.00204591
 -0.00863165]

Residual before update:
[ 0.00711954  0.00369101  0.00437314 ...  0.00204349  0.00204591
 -0.00863165]

Residual before update:
[ 0.00711955  0.00369101  0.00437314 ...  0.00204349  0.00204591
 -0.00863165]

Residual before update:
[ 0.00711955  0.00369101  0.00437314 ...  0.00204349  0.00204591
 -0.00863165]

Residual before update:
[ 0.00711955  0.00369101  0.00437314 ...  0.0020435   0.00204591
 -0.00863165]

Residual before update:
[ 0.00711955  0.00369101  0.00437314 ...  0.0020435   0.00204591
 -0.00863165]

Residual before update:
[ 0.00711956  0.00369101  0.00437315 ...  0.0020435   0.00204591
 -0.00863165]

Residual before update:
[ 0.00711955  0.00369101  0.00437314 ...  0.0020435   0.00204591
 -0.00863165]

Residual before update:
[ 0.00711955  0.00369101  0.00437314 ...  0.0020435   0.00204591
 -0.00863165]

Residual before update:
[ 0.00711955  0.00369101  0.00437314 ...  0.0020435   0.00204591
 -0.00863165]

Residual before update:
[ 0.0071196   0.00369101  0.00437317 ...  0.0020435   0.00204591
 -0.00863165]

Residual before update:
[ 0.00711954  0.00369101  0.00437314 ...  0.0020435   0.00204591
 -0.00863165]

Residual before update:
[ 0.00711955  0.00369101  0.00437314 ...  0.0020435   0.00204591
 -0.00863165]

Residual before update:
[ 0.00711955  0.00369101  0.00437314 ...  0.0020435   0.00204591
 -0.00863165]

Residual before update:
[ 0.00711955  0.00369101  0.00437314 ...  0.0020435   0.00204591
 -0.00863165]
Compute pips
###############################
TGFM
###############################
Initialize variables
Warning: 460 variants have NaN gwas_beta. Setting to 0 with large SE.
Iterative optimization

Residual before update:
[-0.00046109  0.00620898  0.01188653 ... -0.0016493  -0.00444971
 -0.00461379]

Residual before update:
[-0.00046135  0.0062088   0.01188592 ... -0.00165103 -0.00445778
 -0.0046256 ]

Residual before update:
[-0.00046126  0.00620908  0.01188567 ... -0.00164842 -0.0044462
 -0.00462206]

Residual before update:
[-0.00046114  0.00620883  0.01188466 ... -0.00164839 -0.00444619
 -0.00462204]

Residual before update:
[-0.00046124  0.00620897  0.0118849  ... -0.00164821 -0.00444695
 -0.00462269]

Residual before update:
[-0.00046092  0.00620832  0.01188259 ... -0.00164833 -0.00444615
 -0.00462201]

Residual before update:
[-0.00045907  0.00648612  0.0120352  ... -0.00159678 -0.00434567
 -0.00458508]

Residual before update:
[-0.0004607   0.00620782  0.01188055 ... -0.00164827 -0.00444611
 -0.00462198]

Residual before update:
[-0.00046056  0.00620758  0.01187959 ... -0.00164825 -0.0044461
 -0.00462195]

Residual before update:
[-0.00046047  0.00620732  0.01187853 ... -0.00164822 -0.00444608
 -0.00462194]

Residual before update:
[  6.03545424   1.26021446  79.07446615 ...  34.70050003  20.60115719
 181.90620876]

Residual before update:
[-0.00046055  0.00620676  0.01187773 ... -0.0016514  -0.00446011
 -0.00462905]

Residual before update:
[-0.00046059  0.00620796  0.01187936 ... -0.00164565 -0.00443358
 -0.00462124]

Residual before update:
[-0.0004606   0.00620795  0.01187937 ... -0.00164654 -0.00443394
 -0.00462132]

Residual before update:
[-0.00048506  0.00613606  0.01195363 ... -0.00161586 -0.00427273
 -0.0041791 ]

Residual before update:
[-0.00046065  0.00620794  0.01187929 ... -0.0016472  -0.00443422
 -0.0046214 ]

Residual before update:
[-0.00045624  0.00649756  0.01207737 ... -0.00166877 -0.00435536
 -0.00450727]

Residual before update:
[-0.00046066  0.00620794  0.01187928 ... -0.0016476  -0.00443437
 -0.00462142]

Residual before update:
[-0.00046064  0.00620794  0.01187932 ... -0.00164775 -0.00443442
 -0.0046214 ]

Residual before update:
[-0.00046066  0.00620793  0.01187928 ... -0.00164789 -0.00443448
 -0.00462142]

Residual before update:
[  6.1213485    1.90143599  80.17613018 ...  35.1946621   22.59507941
 190.55743902]

Residual before update:
[-0.00046067  0.00620668  0.01187754 ... -0.00165423 -0.00446274
 -0.00463164]

Residual before update:
[-0.00046068  0.00620805  0.01187936 ... -0.00164682 -0.00443188
 -0.00462258]

Residual before update:
[-0.00046068  0.00620805  0.01187936 ... -0.00164739 -0.00443208
 -0.00462254]

Residual before update:
[-0.00048055  0.00616655  0.01195543 ... -0.00161568 -0.00427841
 -0.00416781]

Residual before update:
[-0.00046072  0.00620804  0.01187928 ... -0.00164786 -0.00443222
 -0.00462245]

Residual before update:
[-0.00480402 -0.0109223  -0.02146841 ...  0.12938709  0.02411399
 -0.03815472]

Residual before update:
[-0.00046072  0.00620803  0.01187927 ... -0.00164816 -0.00443227
 -0.00462232]

Residual before update:
[-0.0004607   0.00620803  0.01187931 ... -0.00164827 -0.00443228
 -0.00462224]

Residual before update:
[-0.00046072  0.00620803  0.01187927 ... -0.00164838 -0.0044323
 -0.00462218]

Residual before update:
[ 3.58158249e+33  2.61228824e+33  1.68818849e+35 ... -9.23977136e+32
  1.09841368e+35  2.42180962e+35]

Residual before update:
[-0.0004607   0.00620665  0.01187745 ... -0.00165519 -0.00446306
 -0.00463141]

Residual before update:
[-0.0004607   0.00620805  0.0118793  ... -0.00164755 -0.0044315
 -0.00462223]

Residual before update:
[-0.00046068  0.00620805  0.0118793  ... -0.0016476  -0.00443151
 -0.00462221]

Residual before update:
[-0.00048332  0.00615208  0.01195646 ... -0.00161481 -0.00429345
 -0.0042086 ]

Residual before update:
[-0.00046071  0.00620803  0.01187921 ... -0.00164789 -0.00443163
 -0.00462224]

Residual before update:
[-0.00062079 -0.00484265  0.00465344 ... -0.00079826 -0.00520488
 -0.00710739]

Residual before update:
[-0.00046071  0.00620803  0.01187919 ... -0.00164813 -0.00443172
 -0.00462224]

Residual before update:
[-0.00046069  0.00620802  0.01187922 ... -0.00164824 -0.00443175
 -0.00462222]

Residual before update:
[-0.00046071  0.00620802  0.01187918 ... -0.00164833 -0.00443179
 -0.00462222]

Residual before update:
[ 3.68506132e+67  2.68776229e+67  1.73696352e+69 ... -9.50672620e+66
  1.13014897e+69  2.49178037e+69]

Residual before update:
[-0.0004607   0.00620662  0.01187734 ... -0.00165531 -0.00446315
 -0.00463146]

Residual before update:
[-0.00046071  0.00620801  0.01187919 ... -0.00164814 -0.00443222
 -0.00462246]

Residual before update:
[-0.00046068  0.006208    0.0118792  ... -0.00164784 -0.00443207
 -0.0046224 ]

Residual before update:
[-0.0004837   0.00615085  0.01195475 ... -0.0016146  -0.00429432
 -0.00421018]

Residual before update:
[-0.00046069  0.006208    0.01187911 ... -0.00164764 -0.00443198
 -0.00462238]

Residual before update:
[-0.00054435 -0.00569509  0.00516302 ... -0.00459246 -0.00954516
 -0.00721841]

Residual before update:
[-0.00046069  0.00620799  0.01187909 ... -0.00164771 -0.00443201
 -0.00462237]

Residual before update:
[-0.00046066  0.00620798  0.01187912 ... -0.00164778 -0.00443202
 -0.00462234]

Residual before update:
[-0.00046068  0.00620798  0.01187908 ... -0.00164785 -0.00443205
 -0.00462236]
Compute pips
###############################
TGFM
###############################
Initialize variables
Warning: 416 variants have NaN gwas_beta. Setting to 0 with large SE.
Iterative optimization

Residual before update:
[ 0.00855115 -0.0038325   0.0007207  ...  0.00421029 -0.00704107
 -0.00035513]

Residual before update:
[ 0.00855125 -0.00383251  0.00072168 ...  0.0042341  -0.00704083
 -0.00035511]

Residual before update:
[ 0.00855227 -0.00383201  0.0007203  ...  0.00420891 -0.00704078
 -0.00035505]

Residual before update:
[ 0.00855214 -0.00383444  0.00071972 ...  0.0042087  -0.00704356
 -0.00035531]

Residual before update:
[ 0.00855221 -0.00383202  0.0007203  ...  0.0042086  -0.00704079
 -0.00035521]

Residual before update:
[ 0.00855205 -0.0038323   0.00072021 ...  0.00420805 -0.00704205
 -0.00035678]

Residual before update:
[ 0.00855215 -0.00383203  0.00072031 ...  0.00420831 -0.00704079
 -0.00035537]

Residual before update:
[ 0.00855167 -0.00384217  0.00071748 ...  0.00420816 -0.00705152
 -0.00035667]

Residual before update:
[ 0.00855209 -0.00383204  0.00072031 ...  0.00420802 -0.0070408
 -0.00035553]

Residual before update:
[ 0.00855206 -0.00383204  0.00072031 ...  0.00420788 -0.0070408
 -0.0003556 ]

Residual before update:
[ 0.00855207 -0.00383201  0.00072075 ...  0.00421074 -0.0070404
 -0.00035553]

Residual before update:
[ 0.00854776 -0.00383015  0.00073031 ...  0.00420987 -0.00704284
 -0.00035562]

Residual before update:
[ 0.00855335 -0.00383146  0.0007202  ...  0.00420889 -0.00704017
 -0.00035531]

Residual before update:
[ 0.00855116 -0.00382594  0.00072214 ...  0.00420695 -0.00703351
 -0.00035492]

Residual before update:
[ 0.00855317 -0.00383149  0.0007202  ...  0.00420872 -0.00704023
 -0.0003553 ]

Residual before update:
[ 0.008553   -0.00383183  0.00072009 ...  0.00420829 -0.00704177
 -0.00035713]

Residual before update:
[ 0.00855312 -0.0038315   0.00072021 ...  0.0042087  -0.00704025
 -0.00035529]

Residual before update:
[ 0.00855196 -0.00383983  0.00071823 ...  0.00420621 -0.00704899
 -0.00035722]

Residual before update:
[ 0.00855308 -0.00383151  0.00072021 ...  0.00420866 -0.00704026
 -0.00035529]

Residual before update:
[ 0.00855307 -0.00383151  0.00072021 ...  0.00420865 -0.00704027
 -0.0003553 ]

Residual before update:
[ 0.00855307 -0.00383147  0.00072076 ...  0.00421241 -0.00703974
 -0.00035518]

Residual before update:
[ 0.0085511  -0.00383237  0.00072479 ...  0.00423028 -0.00704024
 -0.00035428]

Residual before update:
[ 0.00855352 -0.00383134  0.00072017 ...  0.00420868 -0.00704012
 -0.00035525]

Residual before update:
[ 0.00855108 -0.00385902  0.00071485 ...  0.00420998 -0.00707455
 -0.00035552]

Residual before update:
[ 0.00855341 -0.00383136  0.00072018 ...  0.00420855 -0.00704016
 -0.00035525]

Residual before update:
[ 0.00855336 -0.00383148  0.00072015 ...  0.0042085  -0.00704071
 -0.00035596]

Residual before update:
[ 0.00855337 -0.00383136  0.0007202  ...  0.00420853 -0.00704018
 -0.00035525]

Residual before update:
[ 0.00855165 -0.00383664  0.00071926 ...  0.00420679 -0.00704696
 -0.00035539]

Residual before update:
[ 0.00855334 -0.00383137  0.00072021 ...  0.0042085  -0.00704019
 -0.00035525]

Residual before update:
[ 0.00855333 -0.00383137  0.00072021 ...  0.00420849 -0.00704019
 -0.00035525]

Residual before update:
[ 0.00855332 -0.00383133  0.00072081 ...  0.00421281 -0.00703958
 -0.00035511]

Residual before update:
[ 0.00855153 -0.00383237  0.0007244  ...  0.00422892 -0.00704017
 -0.00035436]

Residual before update:
[ 0.00855349 -0.00383132  0.00072021 ...  0.0042086  -0.00704014
 -0.00035524]

Residual before update:
[ 0.00855106 -0.00385686  0.00071586 ...  0.00421025 -0.00707128
 -0.00035518]

Residual before update:
[ 0.00855345 -0.00383133  0.00072022 ...  0.00420854 -0.00704015
 -0.00035524]

Residual before update:
[ 0.0085534  -0.00383147  0.00072017 ...  0.00420843 -0.00704077
 -0.00035606]

Residual before update:
[ 0.00855342 -0.00383134  0.00072022 ...  0.00420852 -0.00704016
 -0.00035525]

Residual before update:
[ 0.00854933 -0.00384664  0.0007147  ...  0.00420691 -0.00705423
 -0.00035862]

Residual before update:
[ 0.00855339 -0.00383134  0.00072022 ...  0.0042085  -0.00704017
 -0.00035525]

Residual before update:
[ 0.00855338 -0.00383134  0.00072022 ...  0.00420849 -0.00704018
 -0.00035525]

Residual before update:
[ 0.00855337 -0.0038313   0.00072081 ...  0.00421287 -0.00703955
 -0.0003551 ]

Residual before update:
[ 0.00855111 -0.00383237  0.00072492 ...  0.00423067 -0.00704021
 -0.00035424]

Residual before update:
[ 0.00855339 -0.00383135  0.00072022 ...  0.00420844 -0.00704019
 -0.00035526]

Residual before update:
[ 0.00855106 -0.00385649  0.00071601 ...  0.00421028 -0.00707073
 -0.00035513]

Residual before update:
[ 0.00855344 -0.00383134  0.00072022 ...  0.00420846 -0.00704016
 -0.00035526]

Residual before update:
[ 0.00855344 -0.0038314   0.00072021 ...  0.00420852 -0.00704041
 -0.00035567]
NaNs in component_non_med_pred at component 6

Residual before update:
[ 0.00855343 -0.00383135  0.00072022 ...  0.00420847 -0.00704017
 -0.00035527]
NaNs in residual_incl_alpha[71, :]
NaN in mixture_alpha_mu: b_terms=[nan nan nan nan nan nan nan nan nan nan nan nan nan nan nan nan nan nan
 nan nan nan nan nan]
NaNs in self.residual at bs_iter=71
NaNs in un_normalized_lv_alpha_weights
NaN in normalizing_term
NaNs in component_non_med_pred at component 7

Residual before update:
[ 0.00855053 -0.00383681  0.00071915 ...  0.004208   -0.0070476
 -0.00035446]
NaNs in residual_incl_alpha[71, :]
NaNs in gene_weights for bs_iter=71
NaN in mixture_alpha_mu: b_terms=[nan nan nan nan nan nan nan nan nan nan nan nan nan nan nan nan nan nan
 nan nan nan nan nan]
NaNs in self.residual at bs_iter=71
NaNs in un_normalized_lv_alpha_weights
NaN in normalizing_term
NaNs in component_non_med_pred at component 8

Residual before update:
[ 0.00855341 -0.00383135  0.00072022 ...  0.00420845 -0.00704018
 -0.00035527]
NaNs in residual_incl_alpha[71, :]
NaNs in gene_weights for bs_iter=71
NaN in mixture_alpha_mu: b_terms=[nan nan nan nan nan nan nan nan nan nan nan nan nan nan nan nan nan nan
 nan nan nan nan nan]
NaNs in self.residual at bs_iter=71
NaNs in un_normalized_lv_alpha_weights
NaN in normalizing_term
NaNs in component_non_med_pred at component 9

Residual before update:
[ 0.00855341 -0.00383135  0.00072022 ...  0.00420844 -0.00704018
 -0.00035527]
NaNs in residual_incl_alpha[71, :]
NaNs in gene_weights for bs_iter=71
NaN in mixture_alpha_mu: b_terms=[nan nan nan nan nan nan nan nan nan nan nan nan nan nan nan nan nan nan
 nan nan nan nan nan]
NaNs in self.residual at bs_iter=71
NaNs in un_normalized_lv_alpha_weights
NaN in normalizing_term
Compute pips
NaNs found in gene-tissue pair PIPs at indices: [ 0  1  2  3  4  5  6  7  8  9 10 11 12 13 14 15 16 17 18 19 20 21 22]
NaNs found in variant PIPs at indices: [    0     1     2 ... 10798 10799 10800]
NaNs found in gene PIPs at indices: [0 1 2 3 4 5 6]
###############################
TGFM
###############################
Initialize variables
Warning: 320 variants have NaN gwas_beta. Setting to 0 with large SE.
Iterative optimization

Residual before update:
[-0.00375726 -0.00731928  0.00292814 ... -0.00941754 -0.0023061
 -0.00208935]

Residual before update:
[-0.00375725 -0.0073192   0.00292813 ... -0.00941495 -0.00230594
 -0.00208931]

Residual before update:
[-0.00375725 -0.00731912  0.00292812 ... -0.00941237 -0.00230579
 -0.00208926]

Residual before update:
[-0.00375724 -0.00731905  0.00292812 ... -0.00940979 -0.00230563
 -0.00208922]

Residual before update:
[-0.00375723 -0.00731897  0.00292811 ... -0.00940722 -0.00230548
 -0.00208917]

Residual before update:
[-0.00375668 -0.00731872  0.00295997 ... -0.00940282 -0.00228292
 -0.00208826]

Residual before update:
[-0.00375721 -0.00731882  0.0029281  ... -0.00940209 -0.00230517
 -0.00208908]

Residual before update:
[-0.00375702 -0.00731818  0.00292896 ... -0.00939948 -0.00230209
 -0.00208594]

Residual before update:
[-0.0037572  -0.00731867  0.00292809 ... -0.00939697 -0.00230486
 -0.00208899]

Residual before update:
[-0.00375713 -0.00731843  0.00293505 ... -0.00940986 -0.00230366
 -0.00208174]

Residual before update:
[-0.00375719 -0.0073186   0.00292808 ... -0.00939446 -0.00230471
 -0.00208895]

Residual before update:
[-0.00375719 -0.0073186   0.00292808 ... -0.00939449 -0.00230471
 -0.00208895]

Residual before update:
[-0.00375719 -0.0073186   0.00292808 ... -0.00939452 -0.00230471
 -0.00208895]

Residual before update:
[-0.00375719 -0.0073186   0.00292808 ... -0.00939454 -0.00230471
 -0.00208895]

Residual before update:
[-0.00375719 -0.0073186   0.00292808 ... -0.00939455 -0.00230471
 -0.00208895]

Residual before update:
[-0.00375656 -0.00731882  0.00296143 ... -0.00940495 -0.00228372
 -0.00208815]

Residual before update:
[-0.00375719 -0.0073186   0.00292808 ... -0.00939457 -0.00230471
 -0.00208895]

Residual before update:
[-0.00375703 -0.00731809  0.00292887 ... -0.00939516 -0.0023021
 -0.00208604]

Residual before update:
[-0.00375719 -0.0073186   0.00292809 ... -0.00939456 -0.00230471
 -0.00208895]

Residual before update:
[-0.00375669 -0.00731836  0.00293521 ... -0.00940755 -0.00230515
 -0.00208052]

Residual before update:
[-0.00375719 -0.00731859  0.00292808 ... -0.00939456 -0.00230471
 -0.00208895]

Residual before update:
[-0.00375719 -0.00731859  0.00292808 ... -0.00939455 -0.00230471
 -0.00208895]

Residual before update:
[-0.00375719 -0.00731859  0.00292808 ... -0.00939454 -0.00230471
 -0.00208895]

Residual before update:
[-0.00375719 -0.00731859  0.00292808 ... -0.00939453 -0.00230471
 -0.00208895]

Residual before update:
[-0.00375719 -0.00731859  0.00292808 ... -0.00939452 -0.00230471
 -0.00208895]

Residual before update:
[-0.00375634 -0.00731902  0.00296344 ... -0.00940928 -0.0022846
 -0.00208786]

Residual before update:
[-0.00375719 -0.00731859  0.00292808 ... -0.00939451 -0.0023047
 -0.00208895]

Residual before update:
[-0.00375704 -0.0073181   0.00292883 ... -0.0093949  -0.00230221
 -0.00208615]

Residual before update:
[-0.00375719 -0.00731859  0.00292808 ... -0.00939449 -0.0023047
 -0.00208895]

Residual before update:
[-0.00375674 -0.00731837  0.00293489 ... -0.0094082  -0.00230504
 -0.00208093]

Residual before update:
[-0.00375719 -0.00731859  0.00292808 ... -0.00939448 -0.0023047
 -0.00208895]

Residual before update:
[-0.00375719 -0.00731859  0.00292808 ... -0.00939447 -0.0023047
 -0.00208895]

Residual before update:
[-0.00375719 -0.00731859  0.00292808 ... -0.00939446 -0.0023047
 -0.00208895]

Residual before update:
[-0.00375719 -0.00731859  0.00292808 ... -0.00939446 -0.0023047
 -0.00208895]

Residual before update:
[-0.00375719 -0.00731859  0.00292808 ... -0.00939445 -0.0023047
 -0.00208895]

Residual before update:
[-0.00375632 -0.00731902  0.00296325 ... -0.00940928 -0.00228441
 -0.00208781]

Residual before update:
[-0.00375719 -0.00731859  0.00292808 ... -0.00939443 -0.0023047
 -0.00208895]

Residual before update:
[-0.00375713 -0.0073183   0.00292852 ... -0.00939511 -0.00230328
 -0.00208717]

Residual before update:
[-0.00375719 -0.00731859  0.00292808 ... -0.00939441 -0.0023047
 -0.00208895]

Residual before update:
[-0.00375675 -0.00731839  0.00293473 ... -0.00940841 -0.00230507
 -0.00208111]

Residual before update:
[-0.00375719 -0.00731859  0.00292808 ... -0.00939441 -0.0023047
 -0.00208895]

Residual before update:
[-0.00375719 -0.00731859  0.00292808 ... -0.0093944  -0.0023047
 -0.00208895]

Residual before update:
[-0.00375719 -0.00731859  0.00292808 ... -0.00939439 -0.0023047
 -0.00208895]

Residual before update:
[-0.00375719 -0.00731859  0.00292808 ... -0.00939438 -0.0023047
 -0.00208895]

Residual before update:
[-0.00375719 -0.00731859  0.00292808 ... -0.00939437 -0.0023047
 -0.00208895]

Residual before update:
[-0.00375632 -0.00731902  0.00296319 ... -0.00940929 -0.00228441
 -0.0020878 ]

Residual before update:
[-0.00375719 -0.00731859  0.00292808 ... -0.00939436 -0.0023047
 -0.00208895]

Residual before update:
[-0.00375738 -0.00731889  0.0029276  ... -0.00939659 -0.00230641
 -0.00209016]

Residual before update:
[-0.00375719 -0.00731859  0.00292808 ... -0.00939434 -0.00230469
 -0.00208895]

Residual before update:
[-0.00375677 -0.00731841  0.00293456 ... -0.00940862 -0.0023051
 -0.00208131]
Compute pips
###############################
TGFM
###############################
Initialize variables
Warning: 272 variants have NaN gwas_beta. Setting to 0 with large SE.
Iterative optimization

Residual before update:
[ 0.00378146 -0.00290522  0.00250405 ... -0.0042433  -0.00221808
 -0.00050823]

Residual before update:
[ 0.00378147 -0.00290525  0.00250405 ... -0.00424328 -0.00221806
 -0.00050823]

Residual before update:
[ 0.00378147 -0.00290527  0.00250405 ... -0.00424326 -0.00221803
 -0.00050824]

Residual before update:
[ 0.00378147 -0.00290529  0.00250405 ... -0.00424324 -0.00221801
 -0.00050824]

Residual before update:
[ 0.00378147 -0.00290531  0.00250405 ... -0.00424321 -0.00221799
 -0.00050825]

Residual before update:
[ 0.00378147 -0.00290533  0.00250406 ... -0.00424319 -0.00221797
 -0.00050825]

Residual before update:
[ 0.00378147 -0.00290535  0.00250406 ... -0.00424317 -0.00221794
 -0.00050826]

Residual before update:
[ 0.00378148 -0.00290538  0.00250406 ... -0.00424315 -0.00221792
 -0.00050826]

Residual before update:
[ 0.00378148 -0.0029054   0.00250406 ... -0.00424313 -0.0022179
 -0.00050826]

Residual before update:
[ 0.00378148 -0.00290542  0.00250406 ... -0.00424311 -0.00221788
 -0.00050827]

Residual before update:
[ 0.00378148 -0.00290541  0.00250406 ... -0.00424311 -0.00221788
 -0.00050826]

Residual before update:
[ 0.00378148 -0.00290541  0.00250406 ... -0.00424311 -0.00221787
 -0.00050826]

Residual before update:
[ 0.00378148 -0.00290541  0.00250406 ... -0.0042431  -0.00221787
 -0.00050826]

Residual before update:
[ 0.00378148 -0.00290541  0.00250406 ... -0.0042431  -0.00221787
 -0.00050826]

Residual before update:
[ 0.00378148 -0.00290541  0.00250406 ... -0.0042431  -0.00221787
 -0.00050826]

Residual before update:
[ 0.00378148 -0.00290541  0.00250406 ... -0.0042431  -0.00221787
 -0.00050826]

Residual before update:
[ 0.00378148 -0.00290541  0.00250406 ... -0.0042431  -0.00221787
 -0.00050826]

Residual before update:
[ 0.00378148 -0.0029054   0.00250406 ... -0.0042431  -0.00221787
 -0.00050826]

Residual before update:
[ 0.00378148 -0.00290541  0.00250406 ... -0.0042431  -0.00221787
 -0.00050826]

Residual before update:
[ 0.00378148 -0.00290541  0.00250406 ... -0.0042431  -0.00221787
 -0.00050826]

Residual before update:
[ 0.00378148 -0.00290541  0.00250406 ... -0.0042431  -0.00221787
 -0.00050826]

Residual before update:
[ 0.00378148 -0.00290541  0.00250406 ... -0.0042431  -0.00221787
 -0.00050826]

Residual before update:
[ 0.00378148 -0.00290541  0.00250406 ... -0.0042431  -0.00221787
 -0.00050826]

Residual before update:
[ 0.00378148 -0.00290541  0.00250406 ... -0.0042431  -0.00221787
 -0.00050826]

Residual before update:
[ 0.00378148 -0.00290541  0.00250406 ... -0.0042431  -0.00221787
 -0.00050826]

Residual before update:
[ 0.00378148 -0.00290541  0.00250406 ... -0.0042431  -0.00221787
 -0.00050826]

Residual before update:
[ 0.00378148 -0.00290541  0.00250406 ... -0.0042431  -0.00221787
 -0.00050826]

Residual before update:
[ 0.00378148 -0.00290541  0.00250406 ... -0.0042431  -0.00221787
 -0.00050826]

Residual before update:
[ 0.00378148 -0.00290541  0.00250406 ... -0.0042431  -0.00221787
 -0.00050826]

Residual before update:
[ 0.00378148 -0.00290541  0.00250406 ... -0.0042431  -0.00221787
 -0.00050826]

Residual before update:
[ 0.00378148 -0.00290541  0.00250406 ... -0.0042431  -0.00221787
 -0.00050826]

Residual before update:
[ 0.00378148 -0.00290541  0.00250406 ... -0.0042431  -0.00221787
 -0.00050826]

Residual before update:
[ 0.00378148 -0.00290541  0.00250406 ... -0.0042431  -0.00221787
 -0.00050826]

Residual before update:
[ 0.00378148 -0.00290541  0.00250406 ... -0.0042431  -0.00221787
 -0.00050826]

Residual before update:
[ 0.00378148 -0.00290541  0.00250406 ... -0.0042431  -0.00221787
 -0.00050826]

Residual before update:
[ 0.00378148 -0.00290541  0.00250406 ... -0.0042431  -0.00221787
 -0.00050826]

Residual before update:
[ 0.00378148 -0.00290541  0.00250406 ... -0.0042431  -0.00221787
 -0.00050826]

Residual before update:
[ 0.00378148 -0.00290541  0.00250406 ... -0.0042431  -0.00221787
 -0.00050826]

Residual before update:
[ 0.00378148 -0.00290541  0.00250406 ... -0.0042431  -0.00221787
 -0.00050826]

Residual before update:
[ 0.00378148 -0.00290541  0.00250406 ... -0.0042431  -0.00221787
 -0.00050826]

Residual before update:
[ 0.00378148 -0.00290541  0.00250406 ... -0.0042431  -0.00221787
 -0.00050826]

Residual before update:
[ 0.00378148 -0.00290541  0.00250406 ... -0.0042431  -0.00221787
 -0.00050826]

Residual before update:
[ 0.00378148 -0.00290541  0.00250406 ... -0.0042431  -0.00221787
 -0.00050826]

Residual before update:
[ 0.00378148 -0.00290541  0.00250406 ... -0.0042431  -0.00221787
 -0.00050826]

Residual before update:
[ 0.00378148 -0.00290541  0.00250406 ... -0.0042431  -0.00221787
 -0.00050826]

Residual before update:
[ 0.00378148 -0.00290541  0.00250406 ... -0.0042431  -0.00221787
 -0.00050826]

Residual before update:
[ 0.00378148 -0.00290541  0.00250406 ... -0.0042431  -0.00221787
 -0.00050826]

Residual before update:
[ 0.00378148 -0.00290541  0.00250406 ... -0.0042431  -0.00221787
 -0.00050826]

Residual before update:
[ 0.00378148 -0.00290541  0.00250406 ... -0.0042431  -0.00221787
 -0.00050826]

Residual before update:
[ 0.00378148 -0.00290541  0.00250406 ... -0.0042431  -0.00221787
 -0.00050826]
Compute pips
###############################
TGFM
###############################
Initialize variables
Warning: 344 variants have NaN gwas_beta. Setting to 0 with large SE.
Iterative optimization

Residual before update:
[-0.0023061   0.00011481  0.00560288 ... -0.00834553 -0.00385848
  0.00196906]

Residual before update:
[-0.00230604  0.00011494  0.00560274 ... -0.00834538 -0.00385845
  0.00196907]

Residual before update:
[-0.00230597  0.00011508  0.0056026  ... -0.00834525 -0.00385842
  0.00196907]

Residual before update:
[-0.00230591  0.0001152   0.00560246 ... -0.00834513 -0.0038584
  0.00196907]

Residual before update:
[-0.00230584  0.00011534  0.00560232 ... -0.00834502 -0.00385837
  0.00196907]

Residual before update:
[-0.00230576  0.00011547  0.00560219 ... -0.00834493 -0.00385834
  0.00196907]

Residual before update:
[-0.00230569  0.00011562  0.00560206 ... -0.00834484 -0.00385832
  0.00196907]

Residual before update:
[-0.00230561  0.00011576  0.00560193 ... -0.00834476 -0.0038583
  0.00196907]

Residual before update:
[-0.00230553  0.00011589  0.0056018  ... -0.00834469 -0.00385827
  0.00196906]

Residual before update:
[-0.00230545  0.00011602  0.00560166 ... -0.00834462 -0.00385825
  0.00196906]

Residual before update:
[-0.00230542  0.00011606  0.00560169 ... -0.00834471 -0.00385826
  0.00196905]

Residual before update:
[-0.00230539  0.00011606  0.0056017  ... -0.00834478 -0.00385827
  0.00196905]

Residual before update:
[-0.00230537  0.00011608  0.00560171 ... -0.00834483 -0.00385828
  0.00196905]

Residual before update:
[-0.00230536  0.00011606  0.00560171 ... -0.00834486 -0.00385828
  0.00196904]

Residual before update:
[-0.00230535  0.00011609  0.00560173 ... -0.00834489 -0.00385829
  0.00196904]

Residual before update:
[-0.00230534  0.00011609  0.00560173 ... -0.00834491 -0.00385829
  0.00196904]

Residual before update:
[-0.00230533  0.00011611  0.00560174 ... -0.00834491 -0.00385829
  0.00196904]

Residual before update:
[-0.00230533  0.00011611  0.00560174 ... -0.00834491 -0.00385829
  0.00196904]

Residual before update:
[-0.00230533  0.0001161   0.00560173 ... -0.00834491 -0.00385829
  0.00196904]

Residual before update:
[-0.00230533  0.00011608  0.00560173 ... -0.00834489 -0.00385829
  0.00196904]

Residual before update:
[-0.00230533  0.00011611  0.00560174 ... -0.00834489 -0.00385829
  0.00196904]

Residual before update:
[-0.00230533  0.0001161   0.00560173 ... -0.00834488 -0.00385829
  0.00196904]

Residual before update:
[-0.00230533  0.00011611  0.00560173 ... -0.00834488 -0.00385829
  0.00196904]

Residual before update:
[-0.00230533  0.00011608  0.00560172 ... -0.00834488 -0.00385829
  0.00196904]

Residual before update:
[-0.00230533  0.0001161   0.00560173 ... -0.00834488 -0.00385829
  0.00196904]

Residual before update:
[-0.00230533  0.0001161   0.00560173 ... -0.00834488 -0.00385829
  0.00196904]

Residual before update:
[-0.00230533  0.00011611  0.00560173 ... -0.00834488 -0.00385829
  0.00196904]

Residual before update:
[-0.00230533  0.00011611  0.00560173 ... -0.00834488 -0.00385829
  0.00196904]

Residual before update:
[-0.00230533  0.0001161   0.00560172 ... -0.00834488 -0.00385829
  0.00196904]

Residual before update:
[-0.00230533  0.00011609  0.00560172 ... -0.00834488 -0.00385829
  0.00196904]

Residual before update:
[-0.00230533  0.00011611  0.00560173 ... -0.00834488 -0.00385829
  0.00196904]

Residual before update:
[-0.00230533  0.0001161   0.00560172 ... -0.00834488 -0.00385829
  0.00196904]

Residual before update:
[-0.00230533  0.00011612  0.00560173 ... -0.00834488 -0.00385829
  0.00196904]

Residual before update:
[-0.00230533  0.00011609  0.00560172 ... -0.00834488 -0.00385829
  0.00196904]

Residual before update:
[-0.00230532  0.00011611  0.00560172 ... -0.00834488 -0.00385829
  0.00196904]

Residual before update:
[-0.00230533  0.0001161   0.00560172 ... -0.00834488 -0.00385829
  0.00196904]

Residual before update:
[-0.00230532  0.00011612  0.00560172 ... -0.00834488 -0.00385829
  0.00196904]

Residual before update:
[-0.00230532  0.00011612  0.00560172 ... -0.00834488 -0.00385829
  0.00196904]

Residual before update:
[-0.00230532  0.00011611  0.00560172 ... -0.00834488 -0.00385829
  0.00196904]

Residual before update:
[-0.00230533  0.00011609  0.00560171 ... -0.00834488 -0.00385829
  0.00196904]

Residual before update:
[-0.00230532  0.00011612  0.00560172 ... -0.00834488 -0.00385829
  0.00196904]

Residual before update:
[-0.00230532  0.00011611  0.00560172 ... -0.00834488 -0.00385829
  0.00196904]

Residual before update:
[-0.00230532  0.00011612  0.00560172 ... -0.00834488 -0.00385829
  0.00196904]

Residual before update:
[-0.00230532  0.0001161   0.00560171 ... -0.00834488 -0.00385829
  0.00196904]

Residual before update:
[-0.00230532  0.00011612  0.00560172 ... -0.00834488 -0.00385829
  0.00196904]

Residual before update:
[-0.00230532  0.00011611  0.00560171 ... -0.00834488 -0.00385829
  0.00196904]

Residual before update:
[-0.00230532  0.00011613  0.00560172 ... -0.00834488 -0.00385828
  0.00196904]

Residual before update:
[-0.00230532  0.00011613  0.00560172 ... -0.00834488 -0.00385828
  0.00196904]

Residual before update:
[-0.00230532  0.00011612  0.00560171 ... -0.00834488 -0.00385829
  0.00196904]

Residual before update:
[-0.00230532  0.0001161   0.00560171 ... -0.00834488 -0.00385829
  0.00196904]
Compute pips
###############################
TGFM
###############################
Initialize variables
Warning: 377 variants have NaN gwas_beta. Setting to 0 with large SE.
Iterative optimization

Residual before update:
[-0.00206693 -0.00056019 -0.00198276 ...  0.00025481 -0.00608983
 -0.00765746]

Residual before update:
[-0.00206689 -0.0005602  -0.00198272 ...  0.00025481 -0.0060898
 -0.00765744]

Residual before update:
[-0.00206686 -0.00056022 -0.00198269 ...  0.00025482 -0.00608977
 -0.00765742]

Residual before update:
[-0.00206682 -0.00056023 -0.00198265 ...  0.00025482 -0.00608974
 -0.00765739]

Residual before update:
[-0.00206689 -0.00056043 -0.00198272 ...  0.0002547  -0.00609606
 -0.00767457]

Residual before update:
[-0.00206675 -0.00056026 -0.00198258 ...  0.00025483 -0.00608968
 -0.00765735]

Residual before update:
[-0.00206672 -0.00056027 -0.00198255 ...  0.00025484 -0.00608965
 -0.00765733]

Residual before update:
[-0.00206669 -0.00056028 -0.00198251 ...  0.00025484 -0.00608962
 -0.0076573 ]

Residual before update:
[-0.00206665 -0.0005603  -0.00198248 ...  0.00025485 -0.0060896
 -0.00765728]

Residual before update:
[-0.00206848 -0.00056002 -0.00198431 ...  0.00025504 -0.00609199
 -0.00765874]

Residual before update:
[-0.00206662 -0.00056031 -0.00198245 ...  0.00025485 -0.00608957
 -0.00765726]

Residual before update:
[-0.00206663 -0.00056031 -0.00198245 ...  0.00025485 -0.00608958
 -0.00765726]

Residual before update:
[-0.00206663 -0.00056032 -0.00198246 ...  0.00025485 -0.00608958
 -0.00765726]

Residual before update:
[-0.00206663 -0.00056031 -0.00198246 ...  0.00025485 -0.00608958
 -0.00765726]

Residual before update:
[-0.00206683 -0.00056059 -0.00198266 ...  0.00025466 -0.00610362
 -0.00769398]

Residual before update:
[-0.00206663 -0.00056031 -0.00198246 ...  0.00025485 -0.00608958
 -0.00765726]

Residual before update:
[-0.00206663 -0.00056031 -0.00198246 ...  0.00025485 -0.00608958
 -0.00765726]

Residual before update:
[-0.00206663 -0.00056031 -0.00198246 ...  0.00025485 -0.00608958
 -0.00765726]

Residual before update:
[-0.00206663 -0.00056031 -0.00198246 ...  0.00025485 -0.00608958
 -0.00765726]

Residual before update:
[-0.00206906 -0.00056    -0.00198489 ...  0.00025503 -0.00609244
 -0.00765905]

Residual before update:
[-0.00206663 -0.00056031 -0.00198246 ...  0.00025485 -0.00608958
 -0.00765726]

Residual before update:
[-0.00206663 -0.00056031 -0.00198246 ...  0.00025485 -0.00608958
 -0.00765726]

Residual before update:
[-0.00206663 -0.00056032 -0.00198246 ...  0.00025485 -0.00608958
 -0.00765726]

Residual before update:
[-0.00206663 -0.00056031 -0.00198246 ...  0.00025485 -0.00608958
 -0.00765726]

Residual before update:
[-0.00206683 -0.00056061 -0.00198266 ...  0.00025465 -0.00610364
 -0.00769417]

Residual before update:
[-0.00206663 -0.00056031 -0.00198246 ...  0.00025485 -0.00608958
 -0.00765726]

Residual before update:
[-0.00206663 -0.00056031 -0.00198245 ...  0.00025485 -0.00608958
 -0.00765726]

Residual before update:
[-0.00206663 -0.00056031 -0.00198245 ...  0.00025485 -0.00608958
 -0.00765726]

Residual before update:
[-0.00206663 -0.00056031 -0.00198245 ...  0.00025485 -0.00608958
 -0.00765726]

Residual before update:
[-0.00206972 -0.00056005 -0.00198555 ...  0.00025499 -0.00609276
 -0.0076593 ]

Residual before update:
[-0.00206663 -0.00056031 -0.00198245 ...  0.00025485 -0.00608958
 -0.00765726]

Residual before update:
[-0.00206663 -0.00056031 -0.00198245 ...  0.00025485 -0.00608958
 -0.00765726]

Residual before update:
[-0.00206663 -0.00056032 -0.00198246 ...  0.00025485 -0.00608958
 -0.00765726]

Residual before update:
[-0.00206663 -0.00056031 -0.00198245 ...  0.00025485 -0.00608958
 -0.00765726]

Residual before update:
[-0.00206683 -0.0005606  -0.00198266 ...  0.00025465 -0.0061037
 -0.00769421]

Residual before update:
[-0.00206663 -0.00056031 -0.00198245 ...  0.00025485 -0.00608958
 -0.00765726]

Residual before update:
[-0.00206663 -0.00056031 -0.00198245 ...  0.00025485 -0.00608958
 -0.00765726]

Residual before update:
[-0.00206663 -0.00056031 -0.00198245 ...  0.00025485 -0.00608958
 -0.00765726]

Residual before update:
[-0.00206663 -0.00056031 -0.00198245 ...  0.00025485 -0.00608958
 -0.00765726]

Residual before update:
[-0.00207139 -0.0005604  -0.00198721 ...  0.0002547  -0.00609281
 -0.00765973]

Residual before update:
[-0.00206663 -0.00056031 -0.00198245 ...  0.00025485 -0.00608958
 -0.00765726]

Residual before update:
[-0.00206663 -0.00056031 -0.00198245 ...  0.00025485 -0.00608958
 -0.00765726]

Residual before update:
[-0.00206663 -0.00056032 -0.00198245 ...  0.00025485 -0.00608958
 -0.00765726]

Residual before update:
[-0.00206663 -0.00056031 -0.00198245 ...  0.00025485 -0.00608958
 -0.00765726]

Residual before update:
[-0.00206683 -0.0005606  -0.00198265 ...  0.00025465 -0.00610377
 -0.00769436]

Residual before update:
[-0.00206663 -0.00056031 -0.00198245 ...  0.00025485 -0.00608958
 -0.00765726]

Residual before update:
[-0.00206663 -0.00056031 -0.00198245 ...  0.00025485 -0.00608958
 -0.00765726]

Residual before update:
[-0.00206663 -0.00056031 -0.00198245 ...  0.00025485 -0.00608958
 -0.00765726]

Residual before update:
[-0.00206663 -0.00056032 -0.00198245 ...  0.00025485 -0.00608958
 -0.00765726]

Residual before update:
[-11726366.12720441   2227993.19410464 -11726368.12570278 ...
   1555536.77396338 -17452150.43784179 -10423881.99081087]
Compute pips
###############################
TGFM
###############################
Initialize variables
Warning: 311 variants have NaN gwas_beta. Setting to 0 with large SE.
Iterative optimization

Residual before update:
[ 0.00349613 -0.01015161 -0.00983607 ...  0.00886311  0.00938447
 -0.00062577]

Residual before update:
[ 0.0034962  -0.01015159 -0.00983605 ...  0.00886291  0.00938427
 -0.00062585]

Residual before update:
[ 0.00349627 -0.01015158 -0.00983604 ...  0.00886271  0.00938407
 -0.00062593]

Residual before update:
[ 0.00349632 -0.01015156 -0.00983603 ...  0.00886252  0.00938388
 -0.00062601]

Residual before update:
[ 0.00349638 -0.01015155 -0.00983602 ...  0.00886232  0.00938368
 -0.00062609]

Residual before update:
[ 0.00349643 -0.01015154 -0.00983601 ...  0.00886214  0.0093835
 -0.00062616]

Residual before update:
[ 0.00349649 -0.01015153 -0.00983601 ...  0.00886193  0.00938329
 -0.00062624]

Residual before update:
[-1.17361621e+13 -2.64075493e+13 -4.82709235e+13 ... -6.31489983e+15
 -6.25952243e+15 -1.60368086e+16]

Residual before update:
[ 4.84877753e+14  4.69110038e+15  6.12994535e+15 ... -1.92403680e+17
 -1.93728297e+17 -1.04253372e+17]

Residual before update:
[ 0.00349662 -0.01015151 -0.009836   ...  0.00886134  0.0093827
 -0.00062649]

Residual before update:
[ 0.0034966  -0.01015151 -0.00983601 ...  0.00886134  0.0093827
 -0.00062649]

Residual before update:
[ 0.00349658 -0.01015152 -0.00983601 ...  0.00886133  0.00938269
 -0.00062649]

Residual before update:
[ 0.00349656 -0.01015153 -0.00983602 ...  0.00886133  0.00938269
 -0.00062649]

Residual before update:
[ 0.00349655 -0.01015154 -0.00983603 ...  0.00886133  0.00938269
 -0.0006265 ]

Residual before update:
[ 0.00349654 -0.01015154 -0.00983603 ...  0.00886133  0.00938269
 -0.0006265 ]

Residual before update:
[ 0.00349654 -0.01015154 -0.00983602 ...  0.00886136  0.00938272
 -0.00062648]

Residual before update:
[ 0.00349654 -0.01015154 -0.00983603 ...  0.00886133  0.00938269
 -0.0006265 ]

Residual before update:
[-1.95246307e+41 -4.39323899e+41 -8.03049540e+41 ... -1.05056565e+44
 -1.04135290e+44 -2.66793151e+44]

Residual before update:
[ 1.40906964e+49  1.36324810e+50  1.78138086e+50 ... -5.59130894e+51
 -5.62980271e+51 -3.02963319e+51]

Residual before update:
[ 0.00349654 -0.01015154 -0.00983603 ...  0.00886133  0.00938268
 -0.0006265 ]

Residual before update:
[ 0.00349654 -0.01015154 -0.00983603 ...  0.00886133  0.00938269
 -0.0006265 ]

Residual before update:
[ 0.00349655 -0.01015154 -0.00983603 ...  0.00886133  0.00938268
 -0.0006265 ]

Residual before update:
[ 0.00349655 -0.01015154 -0.00983603 ...  0.00886133  0.00938268
 -0.0006265 ]

Residual before update:
[ 0.00349655 -0.01015154 -0.00983603 ...  0.00886133  0.00938268
 -0.0006265 ]

Residual before update:
[ 0.00349655 -0.01015154 -0.00983603 ...  0.00886133  0.00938268
 -0.0006265 ]

Residual before update:
[ 0.00349655 -0.01015153 -0.00983602 ...  0.00886136  0.00938272
 -0.00062649]

Residual before update:
[ 0.00349655 -0.01015154 -0.00983603 ...  0.00886132  0.00938268
 -0.0006265 ]

Residual before update:
[-3.25023330e+69 -7.31335300e+69 -1.33682342e+70 ... -1.74885943e+72
 -1.73352312e+72 -4.44126189e+72]

Residual before update:
[ 4.09491680e+83  3.96175418e+84  5.17689557e+84 ... -1.62489803e+86
 -1.63608476e+86 -8.80445896e+85]

Residual before update:
[ 0.00349654 -0.01015154 -0.00983603 ...  0.00886132  0.00938268
 -0.0006265 ]

Residual before update:
[ 0.00349655 -0.01015154 -0.00983603 ...  0.00886132  0.00938268
 -0.0006265 ]

Residual before update:
[ 0.00349655 -0.01015154 -0.00983603 ...  0.00886132  0.00938268
 -0.0006265 ]

Residual before update:
[ 0.00349655 -0.01015154 -0.00983603 ...  0.00886132  0.00938268
 -0.0006265 ]

Residual before update:
[ 0.00349655 -0.01015154 -0.00983603 ...  0.00886132  0.00938268
 -0.0006265 ]

Residual before update:
[ 0.00349655 -0.01015154 -0.00983603 ...  0.00886132  0.00938268
 -0.0006265 ]

Residual before update:
[ 0.00349655 -0.01015153 -0.00983602 ...  0.00886135  0.00938271
 -0.00062649]

Residual before update:
[ 0.00349655 -0.01015154 -0.00983603 ...  0.00886132  0.00938267
 -0.0006265 ]

Residual before update:
[-5.41061013e+097 -1.21744189e+098 -2.22538804e+098 ... -2.91129764e+100
 -2.88576754e+100 -7.39329592e+100]

Residual before update:
[ 1.19002944e+118  1.15133087e+119  1.50446479e+119 ... -4.72213867e+120
 -4.75464858e+120 -2.55867601e+120]

Residual before update:
[ 0.00349655 -0.01015154 -0.00983603 ...  0.00886131  0.00938267
 -0.00062651]

Residual before update:
[ 0.00349655 -0.01015154 -0.00983603 ...  0.00886132  0.00938267
 -0.00062651]

Residual before update:
[ 0.00349655 -0.01015154 -0.00983603 ...  0.00886131  0.00938267
 -0.00062651]

Residual before update:
[ 0.00349655 -0.01015154 -0.00983603 ...  0.00886131  0.00938267
 -0.0006265 ]

Residual before update:
[ 0.00349655 -0.01015154 -0.00983603 ...  0.00886131  0.00938267
 -0.00062651]

Residual before update:
[ 0.00349655 -0.01015154 -0.00983603 ...  0.00886131  0.00938267
 -0.00062651]

Residual before update:
[ 0.00349655 -0.01015153 -0.00983602 ...  0.00886134  0.0093827
 -0.00062649]
NaNs in component_non_med_pred at component 6

Residual before update:
[ 0.00349655 -0.01015154 -0.00983603 ...  0.00886131  0.00938267
 -0.0006265 ]
NaNs in residual_incl_alpha[8, :]
NaN in mixture_alpha_mu: b_terms=[nan nan nan nan nan nan nan]
NaNs in self.residual at bs_iter=8
NaNs in un_normalized_lv_alpha_weights
NaN in normalizing_term
NaNs in component_non_med_pred at component 7

Residual before update:
[-9.00695407e+125 -2.02665558e+126 -3.70456703e+126 ... -4.84638951e+128
 -4.80388995e+128 -1.23074986e+129]
NaNs in residual_incl_alpha[8, :]
NaNs in gene_weights for bs_iter=8
NaN in mixture_alpha_mu: b_terms=[nan nan nan nan nan nan nan]
NaNs in self.residual at bs_iter=8
NaNs in un_normalized_lv_alpha_weights
NaN in normalizing_term
NaNs in component_non_med_pred at component 8

Residual before update:
[nan nan nan ... nan nan nan]
NaNs in residual_incl_alpha[8, :]
NaNs in gene_weights for bs_iter=8
NaN in mixture_alpha_mu: b_terms=[nan nan nan nan nan nan nan]
NaNs in self.residual at bs_iter=8
NaNs in un_normalized_lv_alpha_weights
NaN in normalizing_term
NaNs in component_non_med_pred at component 9

Residual before update:
[ 0.00349655 -0.01015154 -0.00983603 ...  0.00886131  0.00938266
 -0.00062651]
NaNs in residual_incl_alpha[8, :]
NaNs in gene_weights for bs_iter=8
NaN in mixture_alpha_mu: b_terms=[nan nan nan nan nan nan nan]
NaNs in self.residual at bs_iter=8
NaNs in un_normalized_lv_alpha_weights
NaN in normalizing_term
Compute pips
NaNs found in gene-tissue pair PIPs at indices: [0 1 2 3 4 5 6]
NaNs found in variant PIPs at indices: [   0    1    2 ... 9355 9356 9357]
NaNs found in gene PIPs at indices: [0 1 2]
###############################
TGFM
###############################
Initialize variables
Warning: 270 variants have NaN gwas_beta. Setting to 0 with large SE.
Iterative optimization

Residual before update:
[-0.00647961  0.00593886  0.00157455 ...  0.00141984  0.00428483
 -0.00267079]

Residual before update:
[-0.00647951  0.00593885  0.00157455 ...  0.00141984  0.00428483
 -0.00267073]

Residual before update:
[-0.0064794   0.00593885  0.00157455 ...  0.00141984  0.00428482
 -0.00267066]

Residual before update:
[-0.00647929  0.00593885  0.00157455 ...  0.00141984  0.00428482
 -0.0026706 ]

Residual before update:
[-0.00647919  0.00593884  0.00157455 ...  0.00141983  0.00428481
 -0.00267053]

Residual before update:
[-0.00647892  0.00594364  0.0015828  ...  0.00142485  0.00429611
 -0.00266862]

Residual before update:
[-0.00647897  0.00593884  0.00157455 ...  0.00141983  0.0042848
 -0.0026704 ]

Residual before update:
[-0.00647887  0.00593883  0.00157455 ...  0.00141983  0.0042848
 -0.00267033]

Residual before update:
[-0.00647876  0.00593883  0.00157455 ...  0.00141983  0.00428479
 -0.00267027]

Residual before update:
[-0.00647866  0.00593882  0.00157456 ...  0.00141982  0.00428479
 -0.0026702 ]

Residual before update:
[-0.00647866  0.00593882  0.00157456 ...  0.00141982  0.00428479
 -0.0026702 ]

Residual before update:
[-0.00647866  0.00593882  0.00157456 ...  0.00141982  0.00428479
 -0.0026702 ]

Residual before update:
[-0.00647866  0.00593882  0.00157456 ...  0.00141982  0.00428479
 -0.0026702 ]

Residual before update:
[-0.00647866  0.00593882  0.00157456 ...  0.00141982  0.00428479
 -0.0026702 ]

Residual before update:
[-0.00647866  0.00593882  0.00157456 ...  0.00141982  0.00428479
 -0.0026702 ]

Residual before update:
[ 8.5520326   2.36110534  0.56517964 ... 13.02034725 11.555273
  1.11174127]

Residual before update:
[-0.00647866  0.00593882  0.00157456 ...  0.00141982  0.00428479
 -0.0026702 ]

Residual before update:
[-0.00647866  0.00593882  0.00157456 ...  0.00141982  0.00428479
 -0.0026702 ]

Residual before update:
[-0.00647865  0.00593882  0.00157456 ...  0.00141982  0.00428479
 -0.0026702 ]

Residual before update:
[-0.00647865  0.00593882  0.00157456 ...  0.00141982  0.00428479
 -0.0026702 ]

Residual before update:
[-0.00647865  0.00593882  0.00157456 ...  0.00141982  0.00428479
 -0.0026702 ]

Residual before update:
[-0.00647865  0.00593882  0.00157456 ...  0.00141982  0.00428479
 -0.0026702 ]

Residual before update:
[-0.00647865  0.00593882  0.00157456 ...  0.00141982  0.00428479
 -0.0026702 ]

Residual before update:
[-0.00647865  0.00593882  0.00157456 ...  0.00141982  0.00428479
 -0.0026702 ]

Residual before update:
[-0.00647865  0.00593882  0.00157456 ...  0.00141982  0.00428479
 -0.0026702 ]

Residual before update:
[ 8.77304237  2.35940021  0.63273784 ... 13.24729343 12.05452008
  1.31069095]

Residual before update:
[-0.00647865  0.00593882  0.00157456 ...  0.00141982  0.00428479
 -0.0026702 ]

Residual before update:
[-0.00647865  0.00593882  0.00157456 ...  0.00141982  0.00428479
 -0.0026702 ]

Residual before update:
[-0.00647865  0.00593882  0.00157456 ...  0.00141982  0.00428479
 -0.0026702 ]

Residual before update:
[-0.00647865  0.00593882  0.00157456 ...  0.00141982  0.00428479
 -0.0026702 ]

Residual before update:
[-0.00647865  0.00593882  0.00157456 ...  0.00141982  0.00428479
 -0.0026702 ]

Residual before update:
[-0.00647865  0.00593882  0.00157456 ...  0.00141982  0.00428479
 -0.0026702 ]

Residual before update:
[-0.00647865  0.00593882  0.00157456 ...  0.00141982  0.00428479
 -0.0026702 ]

Residual before update:
[-0.00647865  0.00593882  0.00157456 ...  0.00141982  0.00428479
 -0.0026702 ]

Residual before update:
[-0.00647865  0.00593882  0.00157456 ...  0.00141982  0.00428479
 -0.0026702 ]

Residual before update:
[ 8.77304567  2.35918304  0.63202203 ... 13.24704263 12.0538352
  1.31046066]

Residual before update:
[-0.00647865  0.00593882  0.00157456 ...  0.00141982  0.00428479
 -0.0026702 ]

Residual before update:
[-0.00647865  0.00593882  0.00157456 ...  0.00141982  0.00428479
 -0.0026702 ]

Residual before update:
[-0.00647865  0.00593882  0.00157456 ...  0.00141982  0.00428479
 -0.0026702 ]

Residual before update:
[-0.00647865  0.00593882  0.00157456 ...  0.00141982  0.00428479
 -0.0026702 ]

Residual before update:
[-0.00647865  0.00593882  0.00157456 ...  0.00141982  0.00428479
 -0.0026702 ]

Residual before update:
[-0.00647865  0.00593882  0.00157456 ...  0.00141982  0.00428479
 -0.0026702 ]

Residual before update:
[-0.00647865  0.00593882  0.00157456 ...  0.00141982  0.00428479
 -0.0026702 ]

Residual before update:
[-0.00647865  0.00593882  0.00157456 ...  0.00141982  0.00428479
 -0.0026702 ]

Residual before update:
[-0.00647865  0.00593882  0.00157456 ...  0.00141982  0.00428479
 -0.0026702 ]

Residual before update:
[ 8.77337385  2.35927443  0.63196377 ... 13.24763671 12.054309
  1.31024868]

Residual before update:
[-0.00647865  0.00593882  0.00157456 ...  0.00141982  0.00428479
 -0.0026702 ]

Residual before update:
[-0.00647865  0.00593882  0.00157456 ...  0.00141982  0.00428479
 -0.0026702 ]

Residual before update:
[-0.00647865  0.00593882  0.00157456 ...  0.00141982  0.00428479
 -0.0026702 ]

Residual before update:
[-0.00647865  0.00593882  0.00157456 ...  0.00141982  0.00428479
 -0.0026702 ]
Compute pips
###############################
TGFM
###############################
Initialize variables
Warning: 272 variants have NaN gwas_beta. Setting to 0 with large SE.
Iterative optimization

Residual before update:
[ 0.0003983  -0.00734172 -0.00108481 ... -0.00304568  0.00753101
  0.00785094]

Residual before update:
[ 0.00039814 -0.00734166 -0.00108482 ... -0.00304568  0.00753026
  0.00785019]

Residual before update:
[ 0.00039797 -0.0073416  -0.00108483 ... -0.00304568  0.00752951
  0.00784944]

Residual before update:
[ 0.00039781 -0.00734154 -0.00108484 ... -0.00304567  0.00752877
  0.0078487 ]

Residual before update:
[ 0.00039764 -0.00734148 -0.00108485 ... -0.00304567  0.00752802
  0.00784795]

Residual before update:
[ 0.00039748 -0.00734142 -0.00108487 ... -0.00304567  0.00752727
  0.0078472 ]

Residual before update:
[ 0.00039731 -0.00734136 -0.00108488 ... -0.00304567  0.00752653
  0.00784646]

Residual before update:
[ 0.00039715 -0.0073413  -0.00108489 ... -0.00304566  0.00752578
  0.00784571]

Residual before update:
[ 0.00039698 -0.00734124 -0.0010849  ... -0.00304566  0.00752504
  0.00784497]

Residual before update:
[ 0.00039682 -0.00734118 -0.00108491 ... -0.00304566  0.00752429
  0.00784422]

Residual before update:
[ 0.00039682 -0.00734118 -0.00108491 ... -0.00304566  0.00752429
  0.00784422]

Residual before update:
[ 0.00039682 -0.00734118 -0.00108491 ... -0.00304566  0.0075243
  0.00784423]

Residual before update:
[ 0.00039682 -0.00734118 -0.00108491 ... -0.00304566  0.0075243
  0.00784423]

Residual before update:
[ 0.00039682 -0.00734117 -0.00108491 ... -0.00304566  0.0075243
  0.00784423]

Residual before update:
[ 0.00039682 -0.00734117 -0.00108491 ... -0.00304566  0.0075243
  0.00784423]

Residual before update:
[ 0.00039682 -0.00734117 -0.00108491 ... -0.00304566  0.0075243
  0.00784423]

Residual before update:
[ 0.00039682 -0.00734117 -0.00108491 ... -0.00304566  0.0075243
  0.00784423]

Residual before update:
[ 0.00039682 -0.00734117 -0.00108491 ... -0.00304566  0.0075243
  0.00784423]

Residual before update:
[ 0.00039682 -0.00734117 -0.00108491 ... -0.00304566  0.0075243
  0.00784423]

Residual before update:
[ 0.00039682 -0.00734117 -0.00108491 ... -0.00304566  0.00752429
  0.00784422]

Residual before update:
[ 0.00039682 -0.00734117 -0.00108491 ... -0.00304566  0.00752429
  0.00784422]

Residual before update:
[ 0.00039682 -0.00734117 -0.00108491 ... -0.00304566  0.00752429
  0.00784422]

Residual before update:
[ 0.00039682 -0.00734117 -0.00108491 ... -0.00304566  0.00752429
  0.00784422]

Residual before update:
[ 0.00039682 -0.00734117 -0.00108491 ... -0.00304566  0.00752429
  0.00784422]

Residual before update:
[ 0.00039682 -0.00734117 -0.00108491 ... -0.00304566  0.00752429
  0.00784422]

Residual before update:
[ 0.00039682 -0.00734117 -0.00108491 ... -0.00304566  0.00752429
  0.00784422]

Residual before update:
[ 0.00039682 -0.00734117 -0.00108491 ... -0.00304566  0.00752429
  0.00784422]

Residual before update:
[ 0.00039682 -0.00734117 -0.00108491 ... -0.00304566  0.00752428
  0.00784421]

Residual before update:
[ 0.00039682 -0.00734117 -0.00108491 ... -0.00304566  0.00752428
  0.00784421]

Residual before update:
[ 0.00039682 -0.00734117 -0.00108491 ... -0.00304566  0.00752428
  0.00784421]

Residual before update:
[ 0.00039682 -0.00734117 -0.00108491 ... -0.00304566  0.00752428
  0.00784421]

Residual before update:
[ 0.00039682 -0.00734117 -0.00108491 ... -0.00304566  0.00752428
  0.00784421]

Residual before update:
[ 0.00039682 -0.00734117 -0.00108491 ... -0.00304566  0.00752428
  0.00784421]

Residual before update:
[ 0.00039682 -0.00734117 -0.00108491 ... -0.00304566  0.00752428
  0.00784421]

Residual before update:
[ 0.00039681 -0.00734117 -0.00108491 ... -0.00304566  0.00752427
  0.0078442 ]

Residual before update:
[ 0.00039681 -0.00734117 -0.00108491 ... -0.00304566  0.00752427
  0.0078442 ]

Residual before update:
[ 0.00039681 -0.00734117 -0.00108491 ... -0.00304566  0.00752427
  0.0078442 ]

Residual before update:
[ 0.00039681 -0.00734117 -0.00108491 ... -0.00304566  0.00752427
  0.0078442 ]

Residual before update:
[ 0.00039681 -0.00734117 -0.00108491 ... -0.00304566  0.00752427
  0.0078442 ]

Residual before update:
[ 0.00039681 -0.00734117 -0.00108491 ... -0.00304566  0.00752427
  0.0078442 ]

Residual before update:
[ 0.00039681 -0.00734117 -0.00108491 ... -0.00304566  0.00752427
  0.0078442 ]

Residual before update:
[ 0.00039681 -0.00734117 -0.00108491 ... -0.00304566  0.00752427
  0.0078442 ]

Residual before update:
[ 0.00039681 -0.00734117 -0.00108491 ... -0.00304566  0.00752426
  0.00784419]

Residual before update:
[ 0.00039681 -0.00734117 -0.00108491 ... -0.00304566  0.00752426
  0.00784419]

Residual before update:
[ 0.00039681 -0.00734117 -0.00108491 ... -0.00304566  0.00752426
  0.00784419]

Residual before update:
[ 0.00039681 -0.00734117 -0.00108491 ... -0.00304566  0.00752426
  0.00784419]

Residual before update:
[ 0.00039681 -0.00734117 -0.00108491 ... -0.00304566  0.00752426
  0.00784419]

Residual before update:
[ 0.00039681 -0.00734117 -0.00108491 ... -0.00304566  0.00752426
  0.00784419]

Residual before update:
[ 0.00039681 -0.00734117 -0.00108491 ... -0.00304566  0.00752425
  0.00784418]

Residual before update:
[ 0.00039681 -0.00734117 -0.00108491 ... -0.00304566  0.00752425
  0.00784418]
Compute pips
###############################
TGFM
###############################
Initialize variables
Warning: 367 variants have NaN gwas_beta. Setting to 0 with large SE.
Iterative optimization

Residual before update:
[-0.00072458  0.00760563 -0.00023055 ... -0.00063497 -0.0006061
  0.00218359]

Residual before update:
[-0.00072457  0.0076056  -0.00023054 ... -0.00063496 -0.0006061
  0.00218359]

Residual before update:
[-0.00072456  0.00760556 -0.00023053 ... -0.00063496 -0.00060609
  0.00218359]

Residual before update:
[-0.00072455  0.00760553 -0.00023052 ... -0.00063495 -0.00060609
  0.00218359]

Residual before update:
[-0.00072454  0.00760549 -0.00023051 ... -0.00063495 -0.00060609
  0.00218358]

Residual before update:
[-0.00072412  0.0076106  -0.00023005 ... -0.00064061 -0.00061189
  0.00218494]

Residual before update:
[-0.00072452  0.00760542 -0.00023049 ... -0.00063494 -0.00060608
  0.00218358]

Residual before update:
[-0.00072452  0.00760539 -0.00023049 ... -0.00063494 -0.00060607
  0.00218358]

Residual before update:
[-0.00072451  0.00760535 -0.00023048 ... -0.00063493 -0.00060607
  0.00218358]

Residual before update:
[-0.00072383  0.0076113  -0.00022977 ... -0.00063454 -0.00060565
  0.00218418]

Residual before update:
[-0.0007245   0.00760532 -0.00023047 ... -0.00063493 -0.00060606
  0.00218358]

Residual before update:
[-0.0007245   0.00760532 -0.00023047 ... -0.00063493 -0.00060606
  0.00218358]

Residual before update:
[-0.0007245   0.00760532 -0.00023047 ... -0.00063493 -0.00060606
  0.00218358]

Residual before update:
[-0.0007245   0.00760532 -0.00023047 ... -0.00063493 -0.00060606
  0.00218358]

Residual before update:
[-0.0007245   0.00760532 -0.00023047 ... -0.00063493 -0.00060606
  0.00218358]

Residual before update:
[-0.00072752  0.00759133 -0.00023301 ... -0.00063689 -0.00060809
  0.00218061]

Residual before update:
[-0.0007245   0.00760532 -0.00023047 ... -0.00063493 -0.00060606
  0.00218358]

Residual before update:
[-0.0007245   0.00760532 -0.00023047 ... -0.00063493 -0.00060606
  0.00218358]

Residual before update:
[-0.0007245   0.00760532 -0.00023047 ... -0.00063493 -0.00060606
  0.00218358]

Residual before update:
[-0.00072334  0.00761569 -0.00022927 ... -0.00063447 -0.00060556
  0.00218465]

Residual before update:
[-0.0007245   0.00760532 -0.00023047 ... -0.00063493 -0.00060606
  0.00218358]

Residual before update:
[-0.0007245   0.00760532 -0.00023047 ... -0.00063493 -0.00060606
  0.00218358]

Residual before update:
[-0.0007245   0.00760532 -0.00023047 ... -0.00063493 -0.00060606
  0.00218358]

Residual before update:
[-0.0007245   0.00760532 -0.00023047 ... -0.00063493 -0.00060606
  0.00218358]

Residual before update:
[-0.0007245   0.00760532 -0.00023047 ... -0.00063493 -0.00060606
  0.00218358]

Residual before update:
[-0.00072729  0.00759337 -0.00023282 ... -0.00063756 -0.0006088
  0.00217813]

Residual before update:
[-0.0007245   0.00760532 -0.00023047 ... -0.00063493 -0.00060606
  0.00218358]

Residual before update:
[-0.0007245   0.00760532 -0.00023047 ... -0.00063493 -0.00060606
  0.00218358]

Residual before update:
[-0.0007245   0.00760532 -0.00023047 ... -0.00063493 -0.00060606
  0.00218358]

Residual before update:
[-0.00072333  0.00761582 -0.00022925 ... -0.00063441 -0.0006055
  0.00218466]

Residual before update:
[-0.0007245   0.00760532 -0.00023047 ... -0.00063493 -0.00060606
  0.00218358]

Residual before update:
[-0.0007245   0.00760532 -0.00023047 ... -0.00063493 -0.00060606
  0.00218358]

Residual before update:
[-0.0007245   0.00760532 -0.00023047 ... -0.00063493 -0.00060606
  0.00218358]

Residual before update:
[-0.0007245   0.00760532 -0.00023047 ... -0.00063493 -0.00060606
  0.00218358]

Residual before update:
[-0.0007245   0.00760532 -0.00023047 ... -0.00063493 -0.00060606
  0.00218358]

Residual before update:
[-0.00072791  0.00759083 -0.00023335 ... -0.00063792 -0.00060918
  0.00217744]

Residual before update:
[-0.0007245   0.00760532 -0.00023047 ... -0.00063493 -0.00060606
  0.00218358]

Residual before update:
[-0.0007245   0.00760532 -0.00023047 ... -0.00063493 -0.00060606
  0.00218358]

Residual before update:
[-0.0007245   0.00760532 -0.00023047 ... -0.00063493 -0.00060606
  0.00218358]

Residual before update:
[-0.00072333  0.00761577 -0.00022926 ... -0.00063441 -0.0006055
  0.00218465]

Residual before update:
[-0.0007245   0.00760532 -0.00023047 ... -0.00063493 -0.00060606
  0.00218358]

Residual before update:
[-0.0007245   0.00760532 -0.00023047 ... -0.00063493 -0.00060606
  0.00218358]

Residual before update:
[-0.0007245   0.00760532 -0.00023047 ... -0.00063493 -0.00060606
  0.00218358]

Residual before update:
[-0.0007245   0.00760532 -0.00023047 ... -0.00063493 -0.00060606
  0.00218358]

Residual before update:
[-0.0007245   0.00760532 -0.00023047 ... -0.00063493 -0.00060606
  0.00218358]

Residual before update:
[-0.00072837  0.00758872 -0.00023373 ... -0.00063825 -0.00060952
  0.0021767 ]

Residual before update:
[-0.0007245   0.00760532 -0.00023047 ... -0.00063493 -0.00060606
  0.00218358]

Residual before update:
[-0.0007245   0.00760532 -0.00023047 ... -0.00063493 -0.00060606
  0.00218358]

Residual before update:
[-0.0007245   0.00760532 -0.00023047 ... -0.00063493 -0.00060606
  0.00218358]

Residual before update:
[-0.00072349  0.00761438 -0.00022942 ... -0.00063459 -0.00060569
  0.00218453]
Compute pips
###############################
TGFM
###############################
Initialize variables
Warning: 368 variants have NaN gwas_beta. Setting to 0 with large SE.
Iterative optimization

Residual before update:
[-0.00360711 -0.00276657  0.00383894 ... -0.00112346  0.00125661
 -0.00599835]

Residual before update:
[-0.00360626 -0.00276655  0.00383904 ... -0.00112203  0.00125592
 -0.00599566]

Residual before update:
[-0.00360541 -0.00276653  0.0038391  ... -0.00112106  0.00125507
 -0.00599404]

Residual before update:
[-0.00360458 -0.00276651  0.00383915 ... -0.00112031  0.00125415
 -0.00599288]

Residual before update:
[-0.00360374 -0.0027665   0.00383918 ... -0.00111969  0.00125321
 -0.00599197]

Residual before update:
[-0.00360291 -0.00276648  0.00383922 ... -0.00111915  0.00125226
 -0.00599123]

Residual before update:
[-0.00360208 -0.00276646  0.00383924 ... -0.00111869  0.00125133
 -0.00599061]

Residual before update:
[-0.00360125 -0.00276645  0.00383927 ... -0.00111828  0.0012504
 -0.00599007]

Residual before update:
[-0.00360043 -0.00276643  0.00383929 ... -0.0011179   0.00124948
 -0.00598959]

Residual before update:
[-0.00359961 -0.00276642  0.00383931 ... -0.00111756  0.00124858
 -0.00598917]

Residual before update:
[-0.00359964 -0.00276642  0.00383923 ... -0.00111868  0.00124838
 -0.00599149]

Residual before update:
[-0.00359964 -0.00276642  0.0038392  ... -0.00111922  0.00124837
 -0.00599248]

Residual before update:
[-0.00359964 -0.00276642  0.00383918 ... -0.00111949  0.00124845
 -0.00599289]

Residual before update:
[-0.00359964 -0.00276643  0.00383917 ... -0.00111959  0.00124857
 -0.00599297]

Residual before update:
[-0.00359964 -0.00276643  0.00383918 ... -0.00111959  0.0012487
 -0.00599288]

Residual before update:
[-0.00359964 -0.00276643  0.00383918 ... -0.00111952  0.00124882
 -0.00599268]

Residual before update:
[-0.00359964 -0.00276643  0.00383919 ... -0.00111941  0.00124892
 -0.00599242]

Residual before update:
[-0.00359963 -0.00276643  0.0038392  ... -0.00111928  0.001249
 -0.00599213]

Residual before update:
[-0.00359962 -0.00276642  0.00383921 ... -0.00111913  0.00124906
 -0.00599183]

Residual before update:
[-0.00359961 -0.00276642  0.00383922 ... -0.00111898  0.00124909
 -0.00599152]

Residual before update:
[-0.00359963 -0.00276642  0.00383922 ... -0.00111895  0.0012491
 -0.0059915 ]

Residual before update:
[-0.00359961 -0.00276642  0.00383922 ... -0.00111898  0.00124904
 -0.0059916 ]

Residual before update:
[-0.0035996  -0.00276642  0.00383921 ... -0.00111904  0.00124899
 -0.00599175]

Residual before update:
[-0.00359959 -0.00276642  0.00383921 ... -0.00111911  0.00124894
 -0.00599191]

Residual before update:
[-0.00359958 -0.00276642  0.0038392  ... -0.00111916  0.00124889
 -0.00599203]

Residual before update:
[-0.00359957 -0.00276642  0.0038392  ... -0.0011192   0.00124886
 -0.00599212]

Residual before update:
[-0.00359956 -0.00276642  0.0038392  ... -0.00111922  0.00124884
 -0.00599215]

Residual before update:
[-0.00359955 -0.00276642  0.0038392  ... -0.00111922  0.00124884
 -0.00599215]

Residual before update:
[-0.00359954 -0.00276642  0.0038392  ... -0.0011192   0.00124884
 -0.0059921 ]

Residual before update:
[-0.00359953 -0.00276642  0.0038392  ... -0.00111917  0.00124885
 -0.00599202]

Residual before update:
[-0.00359954 -0.00276642  0.0038392  ... -0.00111915  0.00124888
 -0.00599197]

Residual before update:
[-0.00359953 -0.00276642  0.00383921 ... -0.00111912  0.00124887
 -0.00599191]

Residual before update:
[-0.00359952 -0.00276642  0.00383921 ... -0.0011191   0.00124887
 -0.00599188]

Residual before update:
[-0.0035995  -0.00276642  0.00383921 ... -0.0011191   0.00124886
 -0.00599187]

Residual before update:
[-0.00359949 -0.00276642  0.00383921 ... -0.0011191   0.00124885
 -0.00599189]

Residual before update:
[-0.00359948 -0.00276642  0.00383921 ... -0.00111911  0.00124883
 -0.00599191]

Residual before update:
[-0.00359947 -0.00276642  0.00383921 ... -0.00111911  0.00124881
 -0.00599193]

Residual before update:
[-0.00359946 -0.00276642  0.00383921 ... -0.00111912  0.0012488
 -0.00599195]

Residual before update:
[-0.00359945 -0.00276642  0.0038392  ... -0.00111913  0.00124878
 -0.00599196]

Residual before update:
[-0.00359944 -0.00276642  0.0038392  ... -0.00111912  0.00124877
 -0.00599196]

Residual before update:
[-0.00359945 -0.00276642  0.0038392  ... -0.00111913  0.00124879
 -0.00599198]

Residual before update:
[-0.00359944 -0.00276642  0.0038392  ... -0.00111912  0.00124878
 -0.00599196]

Residual before update:
[-0.00359943 -0.00276642  0.00383921 ... -0.00111911  0.00124877
 -0.00599194]

Residual before update:
[-0.00359942 -0.00276642  0.00383921 ... -0.0011191   0.00124876
 -0.00599192]

Residual before update:
[-0.00359941 -0.00276642  0.00383921 ... -0.0011191   0.00124875
 -0.00599191]

Residual before update:
[-0.00359939 -0.00276642  0.00383921 ... -0.00111909  0.00124874
 -0.0059919 ]

Residual before update:
[-0.00359938 -0.00276642  0.00383921 ... -0.00111909  0.00124873
 -0.00599189]

Residual before update:
[-0.00359937 -0.00276642  0.00383921 ... -0.00111909  0.00124872
 -0.00599189]

Residual before update:
[-0.00359936 -0.00276642  0.00383921 ... -0.00111909  0.00124871
 -0.00599189]

Residual before update:
[-0.00359935 -0.00276642  0.00383921 ... -0.00111908  0.0012487
 -0.0059919 ]
Compute pips
###############################
TGFM
###############################
Initialize variables
Warning: 370 variants have NaN gwas_beta. Setting to 0 with large SE.
Iterative optimization

Residual before update:
[-0.00199593 -0.00115433  0.00843144 ... -0.00222507 -0.0006283
  0.00789906]

Residual before update:
[-0.00199576 -0.0011543   0.00843136 ... -0.00222486 -0.00062827
  0.00789904]

Residual before update:
[-0.0019956  -0.00115429  0.00843128 ... -0.0022247  -0.00062824
  0.00789901]

Residual before update:
[-0.00199552 -0.00115427  0.00843118 ... -0.00222457 -0.00062822
  0.00789898]

Residual before update:
[-0.00198722 -0.00115613  0.00843283 ... -0.00220933 -0.00062091
  0.00792694]

Residual before update:
[-0.00199545 -0.00115425  0.00843094 ... -0.00222434 -0.00062819
  0.00789891]

Residual before update:
[-0.0019954  -0.00115424  0.00843083 ... -0.00222425 -0.00062817
  0.00789887]

Residual before update:
[-0.00199537 -0.00115424  0.00843071 ... -0.00222414 -0.00062816
  0.00789884]

Residual before update:
[-0.00199582 -0.00115316  0.00843138 ... -0.00222427 -0.00062811
  0.00789913]

Residual before update:
[-0.00199528 -0.00115423  0.00843048 ... -0.00222395 -0.00062813
  0.00789876]

Residual before update:
[-0.00199546 -0.00115424  0.00843042 ... -0.00222407 -0.00062815
  0.00789872]

Residual before update:
[-0.00199552 -0.00115425  0.0084304  ... -0.00222412 -0.00062816
  0.00789871]

Residual before update:
[-0.00199553 -0.00115426  0.00843039 ... -0.00222414 -0.00062816
  0.0078987 ]

Residual before update:
[-0.00199554 -0.00115425  0.00843039 ... -0.00222413 -0.00062816
  0.00789871]

Residual before update:
[-0.00201678 -0.00116357  0.00843117 ... -0.00244841 -0.00062628
  0.00697662]

Residual before update:
[-0.00199555 -0.00115425  0.00843038 ... -0.00222412 -0.00062816
  0.00789871]

Residual before update:
[-0.00199554 -0.00115425  0.00843039 ... -0.00222411 -0.00062816
  0.00789871]

Residual before update:
[-0.00199553 -0.00115425  0.00843039 ... -0.00222409 -0.00062815
  0.00789872]

Residual before update:
[-0.00200193 -0.00115313  0.00842826 ... -0.00223459 -0.00062794
  0.00789899]

Residual before update:
[-0.00199547 -0.00115425  0.0084304  ... -0.00222406 -0.00062815
  0.00789872]

Residual before update:
[-0.00199549 -0.00115425  0.00843039 ... -0.00222407 -0.00062815
  0.00789871]

Residual before update:
[-0.00199548 -0.00115424  0.0084304  ... -0.00222407 -0.00062815
  0.00789871]

Residual before update:
[-0.00199545 -0.00115425  0.0084304  ... -0.00222408 -0.00062815
  0.00789871]

Residual before update:
[-0.00199547 -0.00115425  0.0084304  ... -0.00222407 -0.00062815
  0.00789872]

Residual before update:
[-0.00203002 -0.00116123  0.00842998 ... -0.00244984 -0.00063531
  0.00693623]

Residual before update:
[-0.00199552 -0.00115425  0.00843038 ... -0.00222408 -0.00062815
  0.00789872]

Residual before update:
[-0.00199552 -0.00115424  0.00843038 ... -0.00222409 -0.00062815
  0.0078987 ]

Residual before update:
[-0.00199552 -0.00115425  0.00843037 ... -0.00222408 -0.00062815
  0.00789871]

Residual before update:
[-0.00200212 -0.00115309  0.00842826 ... -0.00223449 -0.00062811
  0.00789901]

Residual before update:
[-0.0019955  -0.00115425  0.00843038 ... -0.00222408 -0.00062815
  0.00789871]

Residual before update:
[-0.00199551 -0.00115425  0.00843037 ... -0.00222408 -0.00062815
  0.0078987 ]

Residual before update:
[-0.0019955  -0.00115424  0.00843038 ... -0.00222408 -0.00062815
  0.0078987 ]

Residual before update:
[-0.00199546 -0.00115425  0.00843038 ... -0.00222407 -0.00062815
  0.0078987 ]

Residual before update:
[-0.00199547 -0.00115425  0.00843038 ... -0.00222406 -0.00062814
  0.00789871]

Residual before update:
[-0.00203003 -0.00116126  0.00843    ... -0.00245044 -0.00063542
  0.00693321]

Residual before update:
[-0.00199551 -0.00115425  0.00843037 ... -0.00222406 -0.00062815
  0.00789871]

Residual before update:
[-0.0019955  -0.00115424  0.00843037 ... -0.00222407 -0.00062815
  0.0078987 ]

Residual before update:
[-0.00199551 -0.00115425  0.00843036 ... -0.00222406 -0.00062815
  0.00789871]

Residual before update:
[-0.00200203 -0.00115304  0.00842835 ... -0.00223423 -0.00062809
  0.00789902]

Residual before update:
[-0.00199549 -0.00115425  0.00843037 ... -0.00222407 -0.00062815
  0.00789871]

Residual before update:
[-0.00199551 -0.00115425  0.00843036 ... -0.00222407 -0.00062815
  0.0078987 ]

Residual before update:
[-0.0019955  -0.00115424  0.00843036 ... -0.00222407 -0.00062815
  0.0078987 ]

Residual before update:
[-0.00199546 -0.00115425  0.00843037 ... -0.00222407 -0.00062815
  0.0078987 ]

Residual before update:
[-0.00199547 -0.00115425  0.00843037 ... -0.00222405 -0.00062814
  0.00789871]

Residual before update:
[-0.00203015 -0.00116128  0.00843    ... -0.00245114 -0.00063544
  0.00693014]

Residual before update:
[-0.00199551 -0.00115425  0.00843035 ... -0.00222405 -0.00062815
  0.00789871]

Residual before update:
[-0.0019955  -0.00115424  0.00843036 ... -0.00222406 -0.00062815
  0.0078987 ]

Residual before update:
[-0.00199551 -0.00115425  0.00843035 ... -0.00222405 -0.00062815
  0.00789871]

Residual before update:
[-0.00200192 -0.00115301  0.00842843 ... -0.00223395 -0.00062807
  0.00789904]

Residual before update:
[-0.00199549 -0.00115425  0.00843035 ... -0.00222405 -0.00062815
  0.0078987 ]
Compute pips
###############################
TGFM
###############################
Initialize variables
Warning: 375 variants have NaN gwas_beta. Setting to 0 with large SE.
Iterative optimization

Residual before update:
[-0.00033309 -0.00097031  0.00128517 ...  0.00216683  0.00066822
  0.0090494 ]

Residual before update:
[-0.00033205 -0.00096926  0.00128915 ...  0.0021668   0.00066828
  0.00904919]

Residual before update:
[-0.00033131 -0.00096853  0.00129217 ...  0.00216677  0.00066832
  0.00904897]

Residual before update:
[-0.00033072 -0.00096794  0.00129475 ...  0.00216673  0.00066836
  0.00904876]

Residual before update:
[-0.00033021 -0.00096743  0.00129706 ...  0.00216669  0.0006684
  0.00904855]

Residual before update:
[-0.00032977 -0.00096699  0.00129918 ...  0.00216666  0.00066843
  0.00904833]

Residual before update:
[-0.00032937 -0.00096658  0.00130116 ...  0.00216662  0.00066846
  0.00904812]

Residual before update:
[-0.000329   -0.00096622  0.00130302 ...  0.00216658  0.00066848
  0.0090479 ]

Residual before update:
[-0.00032866 -0.00096588  0.00130478 ...  0.00216654  0.00066851
  0.00904768]

Residual before update:
[-0.00032834 -0.00096556  0.00130647 ...  0.0021665   0.00066854
  0.00904747]

Residual before update:
[-0.00032909 -0.00096631  0.0013041  ...  0.00216649  0.0006685
  0.00904746]

Residual before update:
[-0.00032945 -0.00096667  0.00130294 ...  0.00216649  0.00066848
  0.00904745]

Residual before update:
[-0.00032963 -0.00096684  0.00130234 ...  0.00216648  0.00066847
  0.00904745]

Residual before update:
[-0.0003297  -0.00096691  0.00130207 ...  0.00216648  0.00066847
  0.00904744]

Residual before update:
[-0.0003297  -0.00096692  0.001302   ...  0.00216648  0.00066847
  0.00904744]

Residual before update:
[-0.00032966 -0.00096688  0.00130207 ...  0.00216648  0.00066847
  0.00904744]

Residual before update:
[-0.00032959 -0.00096681  0.00130224 ...  0.00216648  0.00066847
  0.00904744]

Residual before update:
[-0.00032951 -0.00096673  0.00130248 ...  0.00216648  0.00066848
  0.00904744]

Residual before update:
[-0.00032942 -0.00096663  0.00130276 ...  0.00216648  0.00066848
  0.00904743]

Residual before update:
[-0.00032931 -0.00096653  0.00130307 ...  0.00216648  0.00066849
  0.00904743]

Residual before update:
[-0.0003293  -0.00096652  0.0013031  ...  0.00216648  0.00066849
  0.00904744]

Residual before update:
[-0.00032932 -0.00096654  0.00130306 ...  0.00216648  0.00066849
  0.00904743]

Residual before update:
[-0.00032936 -0.00096657  0.00130296 ...  0.00216648  0.00066849
  0.00904743]

Residual before update:
[-0.0003294  -0.00096661  0.00130285 ...  0.00216648  0.00066849
  0.00904743]

Residual before update:
[-0.00032943 -0.00096665  0.00130276 ...  0.00216648  0.00066848
  0.00904742]

Residual before update:
[-0.00032946 -0.00096667  0.0013027  ...  0.00216648  0.00066848
  0.00904742]

Residual before update:
[-0.00032947 -0.00096668  0.00130268 ...  0.00216648  0.00066848
  0.00904742]

Residual before update:
[-0.00032946 -0.00096668  0.0013027  ...  0.00216648  0.00066848
  0.00904741]

Residual before update:
[-0.00032945 -0.00096667  0.00130275 ...  0.00216648  0.00066848
  0.00904741]

Residual before update:
[-0.00032943 -0.00096664  0.00130283 ...  0.00216648  0.00066848
  0.00904741]

Residual before update:
[-0.00032942 -0.00096663  0.00130285 ...  0.00216648  0.00066848
  0.00904741]

Residual before update:
[-0.0003294  -0.00096661  0.00130292 ...  0.00216648  0.00066849
  0.00904741]

Residual before update:
[-0.00032938 -0.0009666   0.00130296 ...  0.00216648  0.00066849
  0.0090474 ]

Residual before update:
[-0.00032938 -0.0009666   0.00130298 ...  0.00216648  0.00066849
  0.0090474 ]

Residual before update:
[-0.00032938 -0.0009666   0.00130299 ...  0.00216648  0.00066849
  0.0090474 ]

Residual before update:
[-0.00032938 -0.0009666   0.00130299 ...  0.00216647  0.00066849
  0.0090474 ]

Residual before update:
[-0.00032939 -0.00096661  0.00130298 ...  0.00216647  0.00066849
  0.00904739]

Residual before update:
[-0.00032939 -0.00096661  0.00130298 ...  0.00216647  0.00066849
  0.00904739]

Residual before update:
[-0.00032939 -0.00096661  0.00130298 ...  0.00216647  0.00066849
  0.00904739]

Residual before update:
[-0.00032939 -0.00096661  0.001303   ...  0.00216647  0.00066849
  0.00904738]

Residual before update:
[-0.0003294  -0.00096662  0.00130296 ...  0.00216647  0.00066849
  0.00904739]

Residual before update:
[-0.00032939 -0.00096661  0.001303   ...  0.00216647  0.00066849
  0.00904738]
NaNs in component_non_med_pred at component 2

Residual before update:
[-0.00032938 -0.0009666   0.00130303 ...  0.00216647  0.00066849
  0.00904738]
NaNs in residual_incl_alpha[74, :]
NaN in mixture_alpha_mu: b_terms=[nan nan nan nan nan]
NaNs in self.residual at bs_iter=74
NaNs in un_normalized_lv_alpha_weights
NaN in normalizing_term
NaNs in component_non_med_pred at component 3

Residual before update:
[-0.00032938 -0.00096659  0.00130306 ...  0.00216647  0.00066849
  0.00904738]
NaNs in residual_incl_alpha[74, :]
NaNs in gene_weights for bs_iter=74
NaN in mixture_alpha_mu: b_terms=[nan nan nan nan nan]
NaNs in self.residual at bs_iter=74
NaNs in un_normalized_lv_alpha_weights
NaN in normalizing_term
NaNs in component_non_med_pred at component 4

Residual before update:
[-0.00032937 -0.00096659  0.00130309 ...  0.00216647  0.00066849
  0.00904737]
NaNs in residual_incl_alpha[74, :]
NaNs in gene_weights for bs_iter=74
NaN in mixture_alpha_mu: b_terms=[nan nan nan nan nan]
NaNs in self.residual at bs_iter=74
NaNs in un_normalized_lv_alpha_weights
NaN in normalizing_term
NaNs in component_non_med_pred at component 5

Residual before update:
[-0.00032937 -0.00096658  0.00130311 ...  0.00216647  0.00066849
  0.00904737]
NaNs in residual_incl_alpha[74, :]
NaNs in gene_weights for bs_iter=74
NaN in mixture_alpha_mu: b_terms=[nan nan nan nan nan]
NaNs in self.residual at bs_iter=74
NaNs in un_normalized_lv_alpha_weights
NaN in normalizing_term
NaNs in component_non_med_pred at component 6

Residual before update:
[-0.00032936 -0.00096658  0.00130313 ...  0.00216647  0.00066849
  0.00904737]
NaNs in residual_incl_alpha[74, :]
NaNs in gene_weights for bs_iter=74
NaN in mixture_alpha_mu: b_terms=[nan nan nan nan nan]
NaNs in self.residual at bs_iter=74
NaNs in un_normalized_lv_alpha_weights
NaN in normalizing_term
NaNs in component_non_med_pred at component 7

Residual before update:
[-0.00032936 -0.00096658  0.00130315 ...  0.00216647  0.00066849
  0.00904737]
NaNs in residual_incl_alpha[74, :]
NaNs in gene_weights for bs_iter=74
NaN in mixture_alpha_mu: b_terms=[nan nan nan nan nan]
NaNs in self.residual at bs_iter=74
NaNs in un_normalized_lv_alpha_weights
NaN in normalizing_term
NaNs in component_non_med_pred at component 8

Residual before update:
[-0.00032936 -0.00096658  0.00130316 ...  0.00216647  0.00066849
  0.00904736]
NaNs in residual_incl_alpha[74, :]
NaNs in gene_weights for bs_iter=74
NaN in mixture_alpha_mu: b_terms=[nan nan nan nan nan]
NaNs in self.residual at bs_iter=74
NaNs in un_normalized_lv_alpha_weights
NaN in normalizing_term
NaNs in component_non_med_pred at component 9

Residual before update:
[-0.00032936 -0.00096657  0.00130317 ...  0.00216647  0.00066849
  0.00904736]
NaNs in residual_incl_alpha[74, :]
NaNs in gene_weights for bs_iter=74
NaN in mixture_alpha_mu: b_terms=[nan nan nan nan nan]
NaNs in self.residual at bs_iter=74
NaNs in un_normalized_lv_alpha_weights
NaN in normalizing_term
Compute pips
NaNs found in gene-tissue pair PIPs at indices: [0 1 2 3 4]
NaNs found in variant PIPs at indices: [    0     1     2 ... 11820 11821 11822]
NaNs found in gene PIPs at indices: [0 1 2]
###############################
TGFM
###############################
Initialize variables
Warning: 410 variants have NaN gwas_beta. Setting to 0 with large SE.
Iterative optimization

Residual before update:
[-0.00623852 -0.00279712  0.00104431 ...  0.00083405  0.00248141
  0.00136994]

Residual before update:
[-0.00623852 -0.00279712  0.00104431 ...  0.00083408  0.00248145
  0.00136998]

Residual before update:
[-0.00623852 -0.00279712  0.0010443  ...  0.0008341   0.00248149
  0.00137002]

Residual before update:
[-0.00623852 -0.00279712  0.0010443  ...  0.00083413  0.00248154
  0.00137006]

Residual before update:
[-0.00623852 -0.00279711  0.0010443  ...  0.00083416  0.00248158
  0.0013701 ]

Residual before update:
[-0.00623851 -0.00279711  0.0010443  ...  0.00083418  0.00248162
  0.00137014]

Residual before update:
[-0.00623851 -0.00279711  0.0010443  ...  0.00083421  0.00248167
  0.00137018]

Residual before update:
[-0.00617941 -0.00279256  0.00110181 ...  0.00085141  0.00248944
  0.00137807]

Residual before update:
[-0.00623851 -0.00279711  0.0010443  ...  0.00083426  0.00248175
  0.00137026]

Residual before update:
[-0.00623851 -0.00279711  0.0010443  ...  0.00083429  0.0024818
  0.0013703 ]

Residual before update:
[-0.00623851 -0.00279711  0.0010443  ...  0.00083429  0.0024818
  0.0013703 ]

Residual before update:
[-0.00623851 -0.00279711  0.0010443  ...  0.00083429  0.0024818
  0.0013703 ]

Residual before update:
[-0.00623851 -0.00279711  0.0010443  ...  0.00083429  0.0024818
  0.0013703 ]

Residual before update:
[-0.00623851 -0.00279711  0.0010443  ...  0.00083429  0.0024818
  0.0013703 ]

Residual before update:
[-0.00623851 -0.00279711  0.0010443  ...  0.00083429  0.0024818
  0.0013703 ]

Residual before update:
[-0.00623851 -0.00279711  0.0010443  ...  0.00083429  0.0024818
  0.0013703 ]

Residual before update:
[-0.00623851 -0.00279711  0.0010443  ...  0.00083429  0.0024818
  0.0013703 ]

Residual before update:
[-0.00617903 -0.00279264  0.00110253 ...  0.00085252  0.0024899
  0.00137851]

Residual before update:
[-0.00623851 -0.00279711  0.0010443  ...  0.00083429  0.0024818
  0.0013703 ]

Residual before update:
[-0.00623851 -0.00279711  0.0010443  ...  0.00083429  0.00248179
  0.0013703 ]

Residual before update:
[-0.00623851 -0.00279711  0.0010443  ...  0.00083429  0.0024818
  0.0013703 ]

Residual before update:
[-0.00623851 -0.00279711  0.0010443  ...  0.00083429  0.0024818
  0.0013703 ]

Residual before update:
[-0.00623851 -0.00279711  0.0010443  ...  0.00083429  0.0024818
  0.0013703 ]

Residual before update:
[-0.00623851 -0.00279711  0.0010443  ...  0.00083429  0.0024818
  0.0013703 ]

Residual before update:
[-0.00623851 -0.00279711  0.0010443  ...  0.00083429  0.0024818
  0.0013703 ]

Residual before update:
[-0.00623851 -0.00279711  0.0010443  ...  0.00083429  0.0024818
  0.0013703 ]

Residual before update:
[-0.00623851 -0.00279711  0.0010443  ...  0.00083429  0.0024818
  0.0013703 ]

Residual before update:
[-0.00617834 -0.00279266  0.00110265 ...  0.00085294  0.00248977
  0.00137838]

Residual before update:
[-0.00623851 -0.00279711  0.0010443  ...  0.00083429  0.0024818
  0.0013703 ]

Residual before update:
[-0.00623851 -0.00279711  0.0010443  ...  0.00083429  0.0024818
  0.0013703 ]

Residual before update:
[-0.00623851 -0.00279711  0.0010443  ...  0.00083429  0.0024818
  0.0013703 ]

Residual before update:
[-0.00623851 -0.00279711  0.0010443  ...  0.00083429  0.0024818
  0.0013703 ]

Residual before update:
[-0.00623851 -0.00279711  0.0010443  ...  0.00083429  0.0024818
  0.0013703 ]

Residual before update:
[-0.00623851 -0.00279711  0.0010443  ...  0.00083429  0.0024818
  0.0013703 ]

Residual before update:
[-0.00623851 -0.00279711  0.0010443  ...  0.00083429  0.0024818
  0.00137031]

Residual before update:
[-0.00623851 -0.00279711  0.0010443  ...  0.00083429  0.0024818
  0.00137031]

Residual before update:
[-0.00623851 -0.00279711  0.0010443  ...  0.00083429  0.0024818
  0.00137031]

Residual before update:
[-0.00617828 -0.00279265  0.00110271 ...  0.00085297  0.0024898
  0.00137841]

Residual before update:
[-0.00623851 -0.00279711  0.0010443  ...  0.00083429  0.0024818
  0.00137031]

Residual before update:
[-0.00623851 -0.00279711  0.0010443  ...  0.00083429  0.0024818
  0.0013703 ]

Residual before update:
[-0.00623851 -0.00279711  0.0010443  ...  0.00083429  0.0024818
  0.00137031]

Residual before update:
[-0.00623851 -0.00279711  0.0010443  ...  0.00083429  0.0024818
  0.00137031]

Residual before update:
[-0.00623851 -0.00279711  0.0010443  ...  0.00083429  0.0024818
  0.00137031]

Residual before update:
[-0.00623851 -0.00279711  0.0010443  ...  0.00083429  0.0024818
  0.00137031]

Residual before update:
[-0.00623851 -0.00279711  0.0010443  ...  0.00083429  0.0024818
  0.00137031]

Residual before update:
[-0.00623851 -0.00279711  0.0010443  ...  0.00083429  0.0024818
  0.00137031]

Residual before update:
[-0.00623851 -0.00279711  0.0010443  ...  0.00083429  0.0024818
  0.00137031]

Residual before update:
[-0.00617823 -0.00279265  0.00110278 ...  0.00085298  0.00248981
  0.00137842]

Residual before update:
[-0.00623851 -0.00279711  0.0010443  ...  0.00083429  0.0024818
  0.00137031]

Residual before update:
[-0.00623851 -0.00279711  0.0010443  ...  0.00083429  0.0024818
  0.0013703 ]
Compute pips
NaNs found in variant PIPs at indices: [    0     1     2 ... 12676 12677 12678]
Finished processing final TGFM

------------------------------------------------------------
Sender: LSF System <lsfadmin@node-13-17>
Subject: Job 740122[21]: <run_final_TGFM_IBD[1-50]> in cluster <farm22> Done

Job <run_final_TGFM_IBD[1-50]> was submitted from host <farm22-head2> by user <bh18> in cluster <farm22> at Thu Apr 30 14:08:19 2026
Job was executed on host(s) <node-13-17>, in queue <long>, as user <bh18> in cluster <farm22> at Thu Apr 30 14:15:48 2026
</nfs/users/nfs_b/bh18> was used as the home directory.
</lustre/scratch127/humgen/projects_v2/sc-eqtl-ibd/analysis/bradley_analysis/IBDverse/TGFM> was used as the working directory.
Started at Thu Apr 30 14:15:48 2026
Terminated at Thu Apr 30 15:23:34 2026
Results reported at Thu Apr 30 15:23:34 2026

Your job looked like:

------------------------------------------------------------
# LSBATCH: User input
bash execution_scripts_BH/run_TGFM-BH-MCP.sh -t IBD
------------------------------------------------------------

Successfully completed.

Resource usage summary:

    CPU time :                                   4056.63 sec.
    Max Memory :                                 6815 MB
    Average Memory :                             4622.28 MB
    Total Requested Memory :                     30000.00 MB
    Delta Memory :                               23185.00 MB
    Max Swap :                                   2 MB
    Max Processes :                              5
    Max Threads :                                14
    Run time :                                   4066 sec.
    Turnaround time :                            4515 sec.

The output (if any) is above this job summary.



PS:

Read file <logs/run_final_TGFM-IBD-21-740122-error.log> for stderr output of this job.

