Processing chunk 5...
###############################
TGFM
###############################
Initialize variables
Warning: 377 variants have NaN gwas_beta. Setting to 0 with large SE.
Iterative optimization

Residual before update:
[-0.00100988 -0.00278133 -0.00046621 ...  0.00015428  0.01125506
  0.00041532]

Residual before update:
[-0.00100988 -0.00278133 -0.00046621 ...  0.00015428  0.01125326
  0.00041526]

Residual before update:
[-0.00100989 -0.00278133 -0.00046621 ...  0.00015427  0.01125146
  0.0004152 ]

Residual before update:
[-0.00100989 -0.00278134 -0.00046621 ...  0.00015426  0.01124967
  0.00041514]

Residual before update:
[-0.00100989 -0.00278134 -0.00046621 ...  0.00015425  0.01124788
  0.00041508]

Residual before update:
[-0.00100989 -0.00278134 -0.00046621 ...  0.00015424  0.0112461
  0.00041502]

Residual before update:
[-0.00100989 -0.00278134 -0.00046621 ...  0.00015423  0.01124432
  0.00041497]

Residual before update:
[-0.0010099  -0.00278134 -0.00046621 ...  0.00015422  0.01124255
  0.00041491]

Residual before update:
[-0.0010099  -0.00278134 -0.00046621 ...  0.00015422  0.01124078
  0.00041486]

Residual before update:
[-0.0010099  -0.00278134 -0.00046621 ...  0.00015421  0.01123901
  0.0004148 ]

Residual before update:
[-0.0010099  -0.00278134 -0.00046621 ...  0.00015421  0.01123906
  0.00041481]

Residual before update:
[-0.0010099  -0.00278134 -0.00046621 ...  0.00015421  0.01123909
  0.00041482]

Residual before update:
[-0.0010099  -0.00278134 -0.00046621 ...  0.00015421  0.01123911
  0.00041482]

Residual before update:
[-0.0010099  -0.00278134 -0.00046621 ...  0.00015421  0.01123914
  0.00041483]

Residual before update:
[-0.0010099  -0.00278134 -0.00046621 ...  0.00015421  0.01123915
  0.00041483]

Residual before update:
[-0.0010099  -0.00278134 -0.00046621 ...  0.00015421  0.01123916
  0.00041484]

Residual before update:
[-0.0010099  -0.00278134 -0.00046621 ...  0.00015421  0.01123917
  0.00041484]

Residual before update:
[-0.0010099  -0.00278134 -0.00046621 ...  0.00015421  0.01123917
  0.00041484]

Residual before update:
[-0.0010099  -0.00278134 -0.00046621 ...  0.00015421  0.01123917
  0.00041484]

Residual before update:
[-0.0010099  -0.00278134 -0.00046621 ...  0.00015421  0.01123916
  0.00041484]

Residual before update:
[-0.0010099  -0.00278134 -0.00046621 ...  0.00015421  0.01123916
  0.00041484]

Residual before update:
[-0.0010099  -0.00278134 -0.00046621 ...  0.00015421  0.01123916
  0.00041484]

Residual before update:
[-0.0010099  -0.00278134 -0.00046621 ...  0.00015421  0.01123915
  0.00041484]

Residual before update:
[-0.0010099  -0.00278134 -0.00046621 ...  0.00015421  0.01123914
  0.00041484]

Residual before update:
[-0.0010099  -0.00278134 -0.00046621 ...  0.00015421  0.01123914
  0.00041484]

Residual before update:
[-0.0010099  -0.00278134 -0.00046621 ...  0.00015421  0.01123913
  0.00041484]

Residual before update:
[-0.0010099  -0.00278134 -0.00046621 ...  0.00015421  0.01123913
  0.00041484]

Residual before update:
[-0.0010099  -0.00278134 -0.00046621 ...  0.00015421  0.01123912
  0.00041484]

Residual before update:
[-0.0010099  -0.00278134 -0.00046621 ...  0.00015421  0.01123912
  0.00041484]

Residual before update:
[-0.0010099  -0.00278134 -0.00046621 ...  0.00015421  0.01123911
  0.00041484]

Residual before update:
[-0.0010099  -0.00278134 -0.00046621 ...  0.00015421  0.01123911
  0.00041484]

Residual before update:
[-0.0010099  -0.00278134 -0.00046621 ...  0.00015421  0.01123911
  0.00041484]

Residual before update:
[-0.0010099  -0.00278134 -0.00046621 ...  0.00015421  0.0112391
  0.00041484]

Residual before update:
[-0.0010099  -0.00278134 -0.00046621 ...  0.00015421  0.0112391
  0.00041483]

Residual before update:
[-0.0010099  -0.00278134 -0.00046621 ...  0.00015421  0.01123909
  0.00041483]

Residual before update:
[-0.0010099  -0.00278134 -0.00046621 ...  0.00015421  0.01123909
  0.00041483]

Residual before update:
[-0.0010099  -0.00278134 -0.00046621 ...  0.00015421  0.01123908
  0.00041483]

Residual before update:
[-0.0010099  -0.00278134 -0.00046621 ...  0.00015421  0.01123908
  0.00041483]

Residual before update:
[-0.0010099  -0.00278134 -0.00046621 ...  0.00015421  0.01123907
  0.00041483]

Residual before update:
[-0.0010099  -0.00278134 -0.00046621 ...  0.00015421  0.01123907
  0.00041483]

Residual before update:
[-0.0010099  -0.00278134 -0.00046621 ...  0.00015421  0.01123907
  0.00041483]

Residual before update:
[-0.0010099  -0.00278134 -0.00046621 ...  0.00015421  0.01123906
  0.00041483]

Residual before update:
[-0.0010099  -0.00278134 -0.00046621 ...  0.00015421  0.01123906
  0.00041483]

Residual before update:
[-0.0010099  -0.00278134 -0.00046621 ...  0.00015421  0.01123905
  0.00041483]

Residual before update:
[-0.0010099  -0.00278134 -0.00046621 ...  0.00015421  0.01123905
  0.00041483]

Residual before update:
[-0.0010099  -0.00278134 -0.00046621 ...  0.00015421  0.01123904
  0.00041483]

Residual before update:
[-0.0010099  -0.00278134 -0.00046621 ...  0.00015421  0.01123904
  0.00041483]

Residual before update:
[-0.0010099  -0.00278134 -0.00046621 ...  0.00015421  0.01123903
  0.00041483]

Residual before update:
[-0.0010099  -0.00278134 -0.00046621 ...  0.00015421  0.01123903
  0.00041483]

Residual before update:
[-0.0010099  -0.00278134 -0.00046621 ...  0.00015421  0.01123902
  0.00041483]
Compute pips
###############################
TGFM
###############################
Initialize variables
Warning: 408 variants have NaN gwas_beta. Setting to 0 with large SE.
Iterative optimization

Residual before update:
[ 0.00096788 -0.00316341  0.00110314 ...  0.00423637  0.00435828
 -0.00191208]

Residual before update:
[ 0.00093527 -0.00374302  0.00107053 ...  0.00422935  0.00435192
 -0.00197449]

Residual before update:
[ 0.00096796 -0.00316324  0.00110322 ...  0.0042359   0.00435781
 -0.00191212]

Residual before update:
[ 0.00096798 -0.00316315  0.00110325 ...  0.00423576  0.00435767
 -0.00191214]

Residual before update:
[ 0.00096813 -0.003163    0.0011034  ...  0.00423545  0.00435737
 -0.00191211]

Residual before update:
[ 0.00096805 -0.00316296  0.00110331 ...  0.00423532  0.00435723
 -0.00191217]

Residual before update:
[ 0.00096808 -0.00316287  0.00110335 ...  0.00423512  0.00435703
 -0.00191219]

Residual before update:
[-0.0781328   0.04439857 -0.07799752 ... -0.00383614 -0.00370978
 -0.00146656]

Residual before update:
[ 0.00096815 -0.00316267  0.00110342 ...  0.0042348   0.00435671
 -0.00191222]

Residual before update:
[ 0.00096818 -0.00316259  0.00110345 ...  0.00423457  0.00435648
 -0.00191224]

Residual before update:
[ 0.00097027 -0.00316779  0.00110554 ...  0.00423479  0.0043567
 -0.00191221]

Residual before update:
[ 0.01445513  0.00601356  0.0145904  ...  0.00429312  0.00441405
 -0.00187227]

Residual before update:
[ 0.00096825 -0.00316253  0.00110351 ...  0.0042345   0.00435641
 -0.00191224]

Residual before update:
[ 0.00096822 -0.00316252  0.00110348 ...  0.00423467  0.00435658
 -0.00191222]

Residual before update:
[ 0.00096836 -0.00316243  0.00110362 ...  0.00423455  0.00435646
 -0.00191216]

Residual before update:
[ 0.00096821 -0.00316251  0.00110347 ...  0.00423461  0.00435652
 -0.00191222]

Residual before update:
[ 0.00096821 -0.00316252  0.00110347 ...  0.00423461  0.00435652
 -0.00191222]

Residual before update:
[ 0.04730664 -0.06519959  0.0474419  ...  0.01382361  0.01397069
  0.000639  ]

Residual before update:
[ 0.0009682  -0.00316252  0.00110347 ...  0.00423466  0.00435657
 -0.00191222]

Residual before update:
[ 0.0009682  -0.00316253  0.00110346 ...  0.00423462  0.00435654
 -0.00191222]

Residual before update:
[ 0.00097291 -0.00315972  0.00110818 ...  0.00423384  0.00435576
 -0.0019121 ]

Residual before update:
[-0.00024337 -0.00389392 -0.0001081  ...  0.00422559  0.00434814
 -0.00192979]

Residual before update:
[ 0.00096825 -0.00316252  0.00110351 ...  0.00423449  0.0043564
 -0.00191224]

Residual before update:
[ 0.00096822 -0.00316252  0.00110348 ...  0.00423465  0.00435657
 -0.00191222]

Residual before update:
[ 0.00096837 -0.00316242  0.00110363 ...  0.00423451  0.00435643
 -0.00191216]

Residual before update:
[ 0.00096821 -0.00316251  0.00110347 ...  0.00423459  0.0043565
 -0.00191222]

Residual before update:
[ 0.00096821 -0.00316252  0.00110347 ...  0.00423458  0.00435649
 -0.00191222]

Residual before update:
[ 0.04256404 -0.06562106  0.0426993  ...  0.01380158  0.01394824
  0.00057092]

Residual before update:
[ 0.00096821 -0.00316251  0.00110347 ...  0.00423464  0.00435655
 -0.00191222]

Residual before update:
[ 0.0009682  -0.00316253  0.00110346 ...  0.00423461  0.00435652
 -0.00191222]

Residual before update:
[ 0.00096976 -0.00316126  0.00110503 ...  0.00423503  0.00435695
 -0.00191235]

Residual before update:
[-4.29983851e-05 -3.76011261e-03  9.22661465e-05 ...  4.22214812e-03
  4.34464426e-03 -1.92896461e-03]

Residual before update:
[ 0.00096825 -0.0031625   0.00110352 ...  0.00423448  0.00435639
 -0.00191224]

Residual before update:
[ 0.00096822 -0.00316251  0.00110349 ...  0.00423464  0.00435655
 -0.00191222]

Residual before update:
[ 0.00096837 -0.00316241  0.00110364 ...  0.0042345   0.00435641
 -0.00191216]

Residual before update:
[ 0.00096821 -0.0031625   0.00110348 ...  0.00423457  0.00435648
 -0.00191222]

Residual before update:
[ 0.00096821 -0.00316251  0.00110348 ...  0.00423456  0.00435648
 -0.00191222]

Residual before update:
[ 0.04278701 -0.06538551  0.04292227 ...  0.01382322  0.01396967
  0.00055171]

Residual before update:
[ 0.00096821 -0.00316251  0.00110347 ...  0.00423463  0.00435654
 -0.00191222]

Residual before update:
[ 0.0009682  -0.00316252  0.00110347 ...  0.00423459  0.0043565
 -0.00191222]

Residual before update:
[ 0.0009663  -0.00316871  0.00110156 ...  0.0042352   0.00435711
 -0.00191318]

Residual before update:
[ 0.0001248  -0.00364609  0.00026006 ...  0.00422729  0.00434978
 -0.00192838]

Residual before update:
[ 0.00096826 -0.00316249  0.00110352 ...  0.00423446  0.00435637
 -0.00191225]

Residual before update:
[ 0.00096823 -0.0031625   0.00110349 ...  0.00423462  0.00435654
 -0.00191222]

Residual before update:
[ 0.00096838 -0.0031624   0.00110364 ...  0.00423448  0.00435639
 -0.00191216]

Residual before update:
[ 0.00096821 -0.00316249  0.00110348 ...  0.00423456  0.00435647
 -0.00191222]

Residual before update:
[ 0.00096821 -0.0031625   0.00110348 ...  0.00423455  0.00435646
 -0.00191222]

Residual before update:
[ 0.0429908  -0.06517049  0.04312606 ...  0.01384297  0.01398922
  0.00053418]

Residual before update:
[ 0.00096821 -0.0031625   0.00110348 ...  0.00423461  0.00435652
 -0.00191222]

Residual before update:
[ 0.0009682  -0.00316251  0.00110347 ...  0.00423457  0.00435649
 -0.00191222]
Compute pips
###############################
TGFM
###############################
Initialize variables
Warning: 424 variants have NaN gwas_beta. Setting to 0 with large SE.
Iterative optimization

Residual before update:
[-0.00784384  0.00237858 -0.00234082 ...  0.00596437 -0.00627183
 -0.00408398]

Residual before update:
[-0.0078423   0.00237883 -0.00234066 ...  0.00596449 -0.00627171
 -0.00408388]

Residual before update:
[-0.00783053  0.00238352 -0.00234379 ...  0.00597482 -0.00625513
 -0.00407269]

Residual before update:
[-0.00783928  0.00237932 -0.00234034 ...  0.00596473 -0.00627147
 -0.00408367]

Residual before update:
[-0.00783779  0.00237956 -0.00234018 ...  0.00596485 -0.00627135
 -0.00408357]

Residual before update:
[-0.00783632  0.0023798  -0.00234002 ...  0.00596497 -0.00627123
 -0.00408347]

Residual before update:
[-0.00783486  0.00238004 -0.00233987 ...  0.00596509 -0.00627111
 -0.00408336]

Residual before update:
[-0.00783342  0.00238028 -0.00233971 ...  0.00596521 -0.00627099
 -0.00408326]

Residual before update:
[-0.007832    0.00238051 -0.00233956 ...  0.00596533 -0.00627087
 -0.00408316]

Residual before update:
[-0.00783059  0.00238075 -0.00233941 ...  0.00596545 -0.00627075
 -0.00408305]

Residual before update:
[-0.00783073  0.00238073 -0.00233942 ...  0.00596545 -0.00627075
 -0.00408305]

Residual before update:
[-0.00783084  0.00238072 -0.00233943 ...  0.00596545 -0.00627075
 -0.00408305]

Residual before update:
[-0.00787754  0.00235235 -0.00235792 ...  0.0059386  -0.00629171
 -0.00408601]

Residual before update:
[-0.00783103  0.00238069 -0.00233945 ...  0.00596545 -0.00627075
 -0.00408305]

Residual before update:
[-0.00783109  0.00238069 -0.00233946 ...  0.00596545 -0.00627075
 -0.00408305]

Residual before update:
[-0.00783114  0.00238068 -0.00233946 ...  0.00596545 -0.00627075
 -0.00408305]

Residual before update:
[-0.00783118  0.00238068 -0.00233946 ...  0.00596545 -0.00627075
 -0.00408305]

Residual before update:
[-0.0078312   0.00238067 -0.00233947 ...  0.00596545 -0.00627075
 -0.00408305]

Residual before update:
[-0.0078312   0.00238067 -0.00233947 ...  0.00596545 -0.00627075
 -0.00408305]

Residual before update:
[-0.00783119  0.00238068 -0.00233947 ...  0.00596545 -0.00627075
 -0.00408305]

Residual before update:
[-0.00783119  0.00238068 -0.00233947 ...  0.00596545 -0.00627075
 -0.00408305]

Residual before update:
[-0.00783118  0.00238068 -0.00233946 ...  0.00596545 -0.00627075
 -0.00408305]

Residual before update:
[-0.00784005  0.00233849 -0.00236689 ...  0.00600535 -0.00620129
 -0.00401876]

Residual before update:
[-0.00783117  0.00238068 -0.00233946 ...  0.00596545 -0.00627075
 -0.00408305]

Residual before update:
[-0.00783116  0.00238068 -0.00233946 ...  0.00596545 -0.00627075
 -0.00408305]

Residual before update:
[-0.00783116  0.00238068 -0.00233946 ...  0.00596545 -0.00627074
 -0.00408305]

Residual before update:
[-0.00783115  0.00238068 -0.00233946 ...  0.00596545 -0.00627074
 -0.00408305]

Residual before update:
[-0.00783115  0.00238068 -0.00233946 ...  0.00596545 -0.00627074
 -0.00408305]

Residual before update:
[-0.00783114  0.00238068 -0.00233946 ...  0.00596546 -0.00627074
 -0.00408305]

Residual before update:
[-0.00783114  0.00238068 -0.00233946 ...  0.00596546 -0.00627074
 -0.00408305]

Residual before update:
[-0.00783114  0.00238068 -0.00233946 ...  0.00596546 -0.00627074
 -0.00408305]

Residual before update:
[-0.00783113  0.00238068 -0.00233946 ...  0.00596546 -0.00627074
 -0.00408305]

Residual before update:
[-0.00796988  0.00239562 -0.00235158 ...  0.00563811 -0.00661385
 -0.00428359]

Residual before update:
[-0.00783113  0.00238069 -0.00233946 ...  0.00596546 -0.00627074
 -0.00408305]

Residual before update:
[-0.00783112  0.00238069 -0.00233946 ...  0.00596546 -0.00627074
 -0.00408305]

Residual before update:
[-0.00783112  0.00238069 -0.00233946 ...  0.00596546 -0.00627074
 -0.00408305]

Residual before update:
[-0.00783111  0.00238069 -0.00233946 ...  0.00596546 -0.00627074
 -0.00408305]

Residual before update:
[-0.00783111  0.00238069 -0.00233946 ...  0.00596546 -0.00627074
 -0.00408305]

Residual before update:
[-0.0078311   0.00238069 -0.00233946 ...  0.00596546 -0.00627074
 -0.00408305]

Residual before update:
[-0.0078311   0.00238069 -0.00233946 ...  0.00596546 -0.00627074
 -0.00408305]

Residual before update:
[-0.0078311   0.00238069 -0.00233946 ...  0.00596546 -0.00627074
 -0.00408305]

Residual before update:
[-0.00783109  0.00238069 -0.00233946 ...  0.00596546 -0.00627074
 -0.00408305]

Residual before update:
[-0.00794474  0.00237187 -0.00235379 ...  0.00570001 -0.00654696
 -0.00423449]

Residual before update:
[-0.00783109  0.00238069 -0.00233945 ...  0.00596546 -0.00627074
 -0.00408304]

Residual before update:
[-0.00783108  0.00238069 -0.00233945 ...  0.00596546 -0.00627074
 -0.00408304]

Residual before update:
[-0.00783108  0.00238069 -0.00233945 ...  0.00596546 -0.00627074
 -0.00408304]

Residual before update:
[-0.00783107  0.00238069 -0.00233945 ...  0.00596546 -0.00627074
 -0.00408304]

Residual before update:
[-0.00783107  0.0023807  -0.00233945 ...  0.00596546 -0.00627074
 -0.00408304]

Residual before update:
[-0.00783106  0.0023807  -0.00233945 ...  0.00596546 -0.00627074
 -0.00408304]

Residual before update:
[-0.00783106  0.0023807  -0.00233945 ...  0.00596546 -0.00627074
 -0.00408304]
Compute pips
###############################
TGFM
###############################
Initialize variables
Warning: 582 variants have NaN gwas_beta. Setting to 0 with large SE.
Iterative optimization

Residual before update:
[ 0.00480856 -0.0012165   0.00924269 ...  0.00194177 -0.00325132
  0.00220485]

Residual before update:
[ 0.00480852 -0.0012165   0.0092426  ...  0.00194177 -0.00325132
  0.00220484]

Residual before update:
[ 0.00480848 -0.0012165   0.00924251 ...  0.00194176 -0.00325132
  0.00220484]

Residual before update:
[ 0.00480844 -0.00121649  0.00924242 ...  0.00194176 -0.00325132
  0.00220484]

Residual before update:
[ 0.0048084  -0.00121649  0.00924233 ...  0.00194176 -0.00325133
  0.00220483]

Residual before update:
[ 0.00480836 -0.00121649  0.00924224 ...  0.00194175 -0.00325133
  0.00220483]

Residual before update:
[ 0.00480832 -0.00121648  0.00924215 ...  0.00194175 -0.00325133
  0.00220483]

Residual before update:
[ 0.00480828 -0.00121648  0.00924206 ...  0.00194174 -0.00325133
  0.00220482]

Residual before update:
[ 0.00480825 -0.00121647  0.00924197 ...  0.00194174 -0.00325133
  0.00220482]

Residual before update:
[ 0.00480821 -0.00121647  0.00924188 ...  0.00194174 -0.00325133
  0.00220482]

Residual before update:
[ 0.00480821 -0.00121647  0.00924188 ...  0.00194174 -0.00325133
  0.00220481]

Residual before update:
[ 0.00480821 -0.00121647  0.00924188 ...  0.00194174 -0.00325133
  0.00220481]

Residual before update:
[ 0.00480821 -0.00121647  0.00924188 ...  0.00194174 -0.00325133
  0.00220481]

Residual before update:
[ 0.00480821 -0.00121647  0.00924188 ...  0.00194174 -0.00325133
  0.00220481]

Residual before update:
[ 0.00480821 -0.00121647  0.00924188 ...  0.00194174 -0.00325133
  0.00220481]

Residual before update:
[ 0.00480821 -0.00121647  0.00924188 ...  0.00194174 -0.00325133
  0.00220481]

Residual before update:
[ 0.00480821 -0.00121647  0.00924188 ...  0.00194174 -0.00325133
  0.00220481]

Residual before update:
[ 0.00480821 -0.00121647  0.00924188 ...  0.00194174 -0.00325133
  0.00220481]

Residual before update:
[ 0.00480821 -0.00121647  0.00924188 ...  0.00194174 -0.00325133
  0.00220481]

Residual before update:
[ 0.00480821 -0.00121647  0.00924188 ...  0.00194174 -0.00325133
  0.00220481]

Residual before update:
[ 0.00480821 -0.00121647  0.00924188 ...  0.00194174 -0.00325133
  0.00220481]

Residual before update:
[ 0.00480821 -0.00121647  0.00924188 ...  0.00194174 -0.00325133
  0.00220481]

Residual before update:
[ 0.00480821 -0.00121647  0.00924188 ...  0.00194174 -0.00325133
  0.00220481]

Residual before update:
[ 0.00480821 -0.00121647  0.00924188 ...  0.00194174 -0.00325133
  0.00220481]

Residual before update:
[ 0.00480821 -0.00121647  0.00924188 ...  0.00194174 -0.00325133
  0.00220481]

Residual before update:
[ 0.00480821 -0.00121647  0.00924188 ...  0.00194174 -0.00325133
  0.00220481]

Residual before update:
[ 0.00480821 -0.00121647  0.00924188 ...  0.00194174 -0.00325133
  0.00220481]

Residual before update:
[ 0.00480821 -0.00121647  0.00924188 ...  0.00194174 -0.00325133
  0.00220481]

Residual before update:
[ 0.00480821 -0.00121647  0.00924188 ...  0.00194174 -0.00325133
  0.00220481]

Residual before update:
[ 0.00480821 -0.00121647  0.00924188 ...  0.00194174 -0.00325133
  0.00220481]

Residual before update:
[ 0.0048082  -0.00121647  0.00924188 ...  0.00194174 -0.00325133
  0.00220481]

Residual before update:
[ 0.0048082  -0.00121647  0.00924188 ...  0.00194174 -0.00325133
  0.00220481]

Residual before update:
[ 0.0048082  -0.00121647  0.00924188 ...  0.00194174 -0.00325133
  0.00220481]

Residual before update:
[ 0.0048082  -0.00121647  0.00924188 ...  0.00194174 -0.00325133
  0.00220481]

Residual before update:
[ 0.0048082  -0.00121647  0.00924188 ...  0.00194174 -0.00325133
  0.00220481]

Residual before update:
[ 0.0048082  -0.00121647  0.00924188 ...  0.00194174 -0.00325133
  0.00220481]

Residual before update:
[ 0.0048082  -0.00121647  0.00924188 ...  0.00194174 -0.00325133
  0.00220481]

Residual before update:
[ 0.0048082  -0.00121647  0.00924188 ...  0.00194174 -0.00325133
  0.00220481]

Residual before update:
[ 0.0048082  -0.00121647  0.00924188 ...  0.00194174 -0.00325133
  0.00220481]

Residual before update:
[ 0.0048082  -0.00121647  0.00924188 ...  0.00194174 -0.00325133
  0.00220481]

Residual before update:
[ 0.0048082  -0.00121647  0.00924188 ...  0.00194174 -0.00325133
  0.00220481]

Residual before update:
[ 0.0048082  -0.00121647  0.00924188 ...  0.00194174 -0.00325133
  0.00220481]

Residual before update:
[ 0.0048082  -0.00121647  0.00924188 ...  0.00194174 -0.00325133
  0.00220481]

Residual before update:
[ 0.0048082  -0.00121647  0.00924188 ...  0.00194174 -0.00325133
  0.00220481]

Residual before update:
[ 0.0048082  -0.00121647  0.00924188 ...  0.00194174 -0.00325133
  0.00220481]

Residual before update:
[ 0.0048082  -0.00121647  0.00924188 ...  0.00194174 -0.00325133
  0.00220481]

Residual before update:
[ 0.0048082  -0.00121647  0.00924188 ...  0.00194174 -0.00325133
  0.00220481]

Residual before update:
[ 0.0048082  -0.00121647  0.00924188 ...  0.00194174 -0.00325133
  0.00220481]

Residual before update:
[ 0.0048082  -0.00121647  0.00924188 ...  0.00194174 -0.00325133
  0.00220481]

Residual before update:
[ 0.0048082  -0.00121647  0.00924188 ...  0.00194174 -0.00325133
  0.00220481]
Compute pips
###############################
TGFM
###############################
Initialize variables
Warning: 618 variants have NaN gwas_beta. Setting to 0 with large SE.
Iterative optimization

Residual before update:
[0.00103854 0.00146069 0.0038228  ... 0.00337134 0.00101029 0.00923707]

Residual before update:
[0.00079403 0.00144335 0.00381756 ... 0.00336034 0.00101004 0.00923709]

Residual before update:
[0.00103853 0.00146275 0.00382331 ... 0.00337624 0.00101133 0.00924493]

Residual before update:
[0.00103851 0.00146062 0.00382215 ... 0.00337141 0.00101032 0.00923759]

Residual before update:
[0.0010385  0.0014606  0.00382193 ... 0.00337143 0.00101033 0.00923776]

Residual before update:
[0.00115221 0.00154472 0.00394303 ... 0.00344794 0.00101192 0.00930982]

Residual before update:
[0.00103849 0.00146055 0.00382152 ... 0.00337148 0.00101034 0.00923811]

Residual before update:
[0.00103848 0.00146053 0.00382131 ... 0.0033715  0.00101035 0.00923829]

Residual before update:
[0.00103847 0.00146051 0.0038211  ... 0.00337153 0.00101036 0.00923846]

Residual before update:
[0.00103846 0.00146048 0.0038209  ... 0.00337155 0.00101037 0.00923863]

Residual before update:
[0.00103846 0.00146049 0.00382092 ... 0.00337155 0.00101037 0.00923863]

Residual before update:
[0.0008139  0.00144239 0.00381575 ... 0.0033598  0.00100962 0.00923758]

Residual before update:
[0.00103845 0.00145817 0.0038202  ... 0.00336716 0.00100963 0.00923061]

Residual before update:
[0.00103846 0.00146049 0.00382096 ... 0.00337155 0.00101037 0.00923863]

Residual before update:
[0.00103846 0.00146049 0.00382097 ... 0.00337155 0.00101037 0.00923863]

Residual before update:
[0.00114963 0.00154636 0.00393387 ... 0.00344784 0.001012   0.00932767]

Residual before update:
[0.00103846 0.00146049 0.00382098 ... 0.00337155 0.00101037 0.00923863]

Residual before update:
[0.00103846 0.00146049 0.00382098 ... 0.00337155 0.00101037 0.00923862]

Residual before update:
[0.00103846 0.00146049 0.00382098 ... 0.00337155 0.00101037 0.00923862]

Residual before update:
[0.00103846 0.00146049 0.00382098 ... 0.00337155 0.00101037 0.00923863]

Residual before update:
[0.00103846 0.00146049 0.00382098 ... 0.00337155 0.00101037 0.00923863]

Residual before update:
[0.00082066 0.00144166 0.00381502 ... 0.00336056 0.00100978 0.00923665]

Residual before update:
[3.75632920e+11 1.09043462e+14 4.94105813e+13 ... 2.51754561e+14
 5.29944531e+13 3.89343090e+14]

Residual before update:
[0.00103846 0.00146049 0.00382098 ... 0.00337155 0.00101037 0.00923863]

Residual before update:
[0.00103846 0.00146049 0.00382098 ... 0.00337155 0.00101037 0.00923863]

Residual before update:
[0.00115634 0.00154308 0.0039267  ... 0.00344954 0.00101191 0.00933303]

Residual before update:
[0.00103846 0.00146049 0.00382097 ... 0.00337155 0.00101037 0.00923863]

Residual before update:
[0.00103846 0.00146049 0.00382097 ... 0.00337155 0.00101037 0.00923863]

Residual before update:
[0.00103846 0.00146049 0.00382097 ... 0.00337155 0.00101037 0.00923863]

Residual before update:
[0.00103846 0.00146049 0.00382097 ... 0.00337155 0.00101037 0.00923863]

Residual before update:
[0.00103846 0.00146049 0.00382097 ... 0.00337155 0.00101037 0.00923863]

Residual before update:
[0.00082102 0.00144182 0.00381509 ... 0.00336035 0.00100979 0.00923666]

Residual before update:
[-1.36547024e+39 -3.96385924e+41 -1.79613326e+41 ... -9.15157703e+41
 -1.92641126e+41 -1.41530833e+42]

Residual before update:
[0.00103846 0.00146049 0.00382097 ... 0.00337155 0.00101037 0.00923863]

Residual before update:
[0.00103846 0.00146049 0.00382097 ... 0.00337155 0.00101037 0.00923863]

Residual before update:
[0.00115784 0.00154244 0.00392848 ... 0.00345057 0.00101189 0.00933268]

Residual before update:
[0.00103846 0.00146049 0.00382097 ... 0.00337155 0.00101037 0.00923863]

Residual before update:
[0.00103846 0.00146049 0.00382097 ... 0.00337155 0.00101037 0.00923863]

Residual before update:
[0.00103846 0.00146049 0.00382097 ... 0.00337155 0.00101037 0.00923863]

Residual before update:
[0.00103846 0.00146049 0.00382097 ... 0.00337155 0.00101037 0.00923863]

Residual before update:
[0.00103846 0.00146049 0.00382097 ... 0.00337155 0.00101037 0.00923863]

Residual before update:
[0.00082052 0.00144198 0.00381514 ... 0.00336018 0.00100981 0.00923666]

Residual before update:
[4.96433767e+66 1.44111056e+69 6.53006691e+68 ... 3.32717018e+69
 7.00370884e+68 5.14553030e+69]

Residual before update:
[0.00103846 0.00146049 0.00382097 ... 0.00337155 0.00101037 0.00923863]

Residual before update:
[0.00103846 0.00146049 0.00382097 ... 0.00337155 0.00101037 0.00923863]

Residual before update:
[0.00115905 0.00154327 0.00392953 ... 0.00345136 0.0010119  0.00933363]

Residual before update:
[0.00103846 0.00146049 0.00382097 ... 0.00337155 0.00101037 0.00923863]

Residual before update:
[0.00103846 0.00146049 0.00382097 ... 0.00337155 0.00101037 0.00923863]
NaNs in component_non_med_pred at component 8

Residual before update:
[0.00103846 0.00146049 0.00382097 ... 0.00337155 0.00101037 0.00923863]
NaNs in residual_incl_alpha[94, :]
NaN in mixture_alpha_mu: b_terms=[nan nan nan nan nan nan nan nan]
NaNs in self.residual at bs_iter=94
NaNs in un_normalized_lv_alpha_weights
NaN in normalizing_term
NaNs in component_non_med_pred at component 9

Residual before update:
[0.00103846 0.00146049 0.00382097 ... 0.00337155 0.00101037 0.00923863]
NaNs in residual_incl_alpha[94, :]
NaNs in gene_weights for bs_iter=94
NaN in mixture_alpha_mu: b_terms=[nan nan nan nan nan nan nan nan]
NaNs in self.residual at bs_iter=94
NaNs in un_normalized_lv_alpha_weights
NaN in normalizing_term
Compute pips
NaNs found in gene-tissue pair PIPs at indices: [0 1 2 3 4 5 6 7]
NaNs found in variant PIPs at indices: [   0    1    2 ... 9826 9827 9828]
NaNs found in gene PIPs at indices: [0 1 2]
###############################
TGFM
###############################
Initialize variables
Warning: 575 variants have NaN gwas_beta. Setting to 0 with large SE.
Iterative optimization

Residual before update:
[-0.0045247  -0.00748013  0.00579941 ...  0.00372136  0.00668587
  0.00645532]

Residual before update:
[-0.00452453 -0.00748006  0.00579945 ...  0.00372361  0.00670258
  0.00647195]

Residual before update:
[-0.00452442 -0.00748     0.00579948 ...  0.00372503  0.00671237
  0.00648168]

Residual before update:
[-0.00452433 -0.00747995  0.0057995  ...  0.00372612  0.00671941
  0.00648868]

Residual before update:
[-0.00543162 -0.00757803  0.00577504 ...  0.00365254  0.00666055
  0.00643097]

Residual before update:
[-0.00452419 -0.00747987  0.00579953 ...  0.00372777  0.00672936
  0.00649857]

Residual before update:
[-0.00452412 -0.00747983  0.00579954 ...  0.00372844  0.00673311
  0.00650228]

Residual before update:
[-0.00452407 -0.00747979  0.00579955 ...  0.00372905  0.0067363
  0.00650546]

Residual before update:
[-0.00452402 -0.00747976  0.00579956 ...  0.0037296   0.00673907
  0.0065082 ]

Residual before update:
[-0.00452397 -0.00747973  0.00579957 ...  0.0037301   0.0067415
  0.0065106 ]

Residual before update:
[-0.00452409 -0.00747977  0.00579954 ...  0.00372831  0.00672692
  0.0064961 ]

Residual before update:
[-0.00452414 -0.00747979  0.00579953 ...  0.00372755  0.00672084
  0.00649004]

Residual before update:
[-0.00452417 -0.0074798   0.00579952 ...  0.00372722  0.0067183
  0.00648751]

Residual before update:
[-0.00452418 -0.00747981  0.00579952 ...  0.00372712  0.0067177
  0.00648691]

Residual before update:
[-0.00430382 -0.00744439  0.00579396 ...  0.00378264  0.00673138
  0.00649892]

Residual before update:
[-0.00452417 -0.0074798   0.00579952 ...  0.0037273   0.00671935
  0.00648855]

Residual before update:
[-0.00452416 -0.0074798   0.00579953 ...  0.00372747  0.00672085
  0.00649005]

Residual before update:
[-0.00452415 -0.00747979  0.00579953 ...  0.00372768  0.00672256
  0.00649175]

Residual before update:
[-0.00452413 -0.00747979  0.00579954 ...  0.00372791  0.00672437
  0.00649355]

Residual before update:
[-0.00452412 -0.00747978  0.00579954 ...  0.00372814  0.00672621
  0.00649539]

Residual before update:
[-0.00452411 -0.00747978  0.00579954 ...  0.00372815  0.00672626
  0.00649544]

Residual before update:
[-0.00452412 -0.00747978  0.00579954 ...  0.00372807  0.00672557
  0.00649475]

Residual before update:
[-0.00452412 -0.00747978  0.00579954 ...  0.00372795  0.00672457
  0.00649375]

Residual before update:
[-0.00452413 -0.00747979  0.00579953 ...  0.00372784  0.00672361
  0.00649279]

Residual before update:
[-0.03553305 -0.01191929  0.00571081 ...  0.00027208  0.00488936
  0.00472305]

Residual before update:
[-0.00452414 -0.00747979  0.00579953 ...  0.00372769  0.00672238
  0.00649157]

Residual before update:
[-0.00452414 -0.00747979  0.00579953 ...  0.00372767  0.0067222
  0.00649139]

Residual before update:
[-0.00452414 -0.00747979  0.00579953 ...  0.00372769  0.00672229
  0.00649148]

Residual before update:
[-0.00452414 -0.00747979  0.00579953 ...  0.00372772  0.0067226
  0.00649179]

Residual before update:
[-0.00452414 -0.00747979  0.00579953 ...  0.00372779  0.00672311
  0.00649229]

Residual before update:
[-0.00452413 -0.00747979  0.00579953 ...  0.00372783  0.00672347
  0.00649266]

Residual before update:
[-0.00452413 -0.00747979  0.00579953 ...  0.00372787  0.0067238
  0.00649298]

Residual before update:
[-0.00452413 -0.00747979  0.00579954 ...  0.00372789  0.00672394
  0.00649312]

Residual before update:
[-0.00452413 -0.00747979  0.00579954 ...  0.00372789  0.00672392
  0.00649311]

Residual before update:
[-0.00650913 -0.0074536   0.00582153 ...  0.00294508  0.00674476
  0.00652164]

Residual before update:
[-0.00452413 -0.00747979  0.00579953 ...  0.00372785  0.00672363
  0.00649282]

Residual before update:
[-0.00452413 -0.00747979  0.00579953 ...  0.00372783  0.00672346
  0.00649265]

Residual before update:
[-0.00452413 -0.00747979  0.00579953 ...  0.00372782  0.00672333
  0.00649251]

Residual before update:
[-0.00452413 -0.00747979  0.00579953 ...  0.00372782  0.00672326
  0.00649244]

Residual before update:
[-0.00452413 -0.00747979  0.00579953 ...  0.00372782  0.00672326
  0.00649245]

Residual before update:
[-0.00452413 -0.00747979  0.00579953 ...  0.00372781  0.00672323
  0.00649242]

Residual before update:
[-0.00452413 -0.00747979  0.00579953 ...  0.00372783  0.00672336
  0.00649254]

Residual before update:
[-0.00452413 -0.00747978  0.00579953 ...  0.00372785  0.00672347
  0.00649266]

Residual before update:
[-0.00452413 -0.00747978  0.00579953 ...  0.00372786  0.00672356
  0.00649275]

Residual before update:
[-0.005742   -0.00796876  0.00577591 ...  0.00290508  0.00662044
  0.00639698]

Residual before update:
[-0.00452413 -0.00747978  0.00579953 ...  0.00372787  0.00672366
  0.00649284]

Residual before update:
[-0.00452413 -0.00747978  0.00579953 ...  0.00372787  0.00672366
  0.00649284]

Residual before update:
[-0.00452413 -0.00747978  0.00579953 ...  0.00372787  0.00672364
  0.00649283]

Residual before update:
[-0.00452413 -0.00747978  0.00579954 ...  0.00372787  0.00672362
  0.0064928 ]

Residual before update:
[-0.00452413 -0.00747978  0.00579954 ...  0.00372787  0.00672359
  0.00649278]
Compute pips
###############################
TGFM
###############################
Initialize variables
Warning: 390 variants have NaN gwas_beta. Setting to 0 with large SE.
Iterative optimization

Residual before update:
[ 0.00248646  0.00249934 -0.00128639 ...  0.00732772  0.00926115
  0.00366807]

Residual before update:
[ 0.00248654  0.00249942 -0.00128608 ...  0.00732872  0.0092626
  0.00366898]

Residual before update:
[ 0.00248266  0.00249552 -0.00128636 ...  0.007285    0.00920414
  0.00365261]

Residual before update:
[ 0.0024866   0.00249949 -0.00128572 ...  0.00732941  0.00926337
  0.00367236]

Residual before update:
[ 0.00248813  0.0025012  -0.00129351 ...  0.00737487  0.00924646
  0.00360744]

Residual before update:
[ 0.00248662  0.0024995  -0.00128547 ...  0.00732863  0.00926316
  0.00367011]

Residual before update:
[ 0.00248451  0.00249744 -0.00127028 ...  0.00731304  0.00925411
  0.00367118]

Residual before update:
[ 0.00216986  0.00220461 -0.00141975 ...  0.007147    0.00925447
  0.00055599]

Residual before update:
[ 0.00248662  0.00249951 -0.00128524 ...  0.00732846  0.00926312
  0.00367047]

Residual before update:
[ 0.0024867   0.00249958 -0.00128465 ...  0.00732811  0.009263
  0.00367069]

Residual before update:
[ 0.00248655  0.00249944 -0.00128527 ...  0.00732681  0.00926119
  0.00366974]

Residual before update:
[ 0.00248653  0.00249941 -0.00128533 ...  0.00732641  0.00926068
  0.0036695 ]

Residual before update:
[ 0.00246866  0.00248142 -0.0012874  ...  0.00712572  0.00899154
  0.0035926 ]

Residual before update:
[ 0.00248651  0.00249939 -0.0012854  ...  0.00732711  0.00926019
  0.00367981]

Residual before update:
[ 0.00254366  0.00255486 -0.00121777 ...  0.00787297  0.00908717
  0.00360772]

Residual before update:
[ 0.00248653  0.00249941 -0.00128538 ...  0.00732615  0.0092605
  0.00366955]

Residual before update:
[ 0.00248452  0.00249752 -0.00129713 ...  0.00728332  0.00921207
  0.00365998]

Residual before update:
[ 0.00213245  0.00216971 -0.00140129 ...  0.0072426   0.00925291
  0.00031893]

Residual before update:
[ 0.00248655  0.00249943 -0.00128538 ...  0.00732704  0.00926141
  0.00366979]

Residual before update:
[ 0.00248661  0.0024995  -0.00128496 ...  0.00732706  0.00926161
  0.00366998]

Residual before update:
[ 0.00248656  0.00249944 -0.00128529 ...  0.00732703  0.00926147
  0.00366986]

Residual before update:
[ 0.00248655  0.00249944 -0.00128528 ...  0.00732693  0.00926134
  0.00366981]

Residual before update:
[ 0.00246901  0.00248178 -0.0012873  ...  0.00713027  0.00899748
  0.00359434]

Residual before update:
[ 0.00248653  0.00249942 -0.00128532 ...  0.00732748  0.00926078
  0.0036791 ]

Residual before update:
[ 0.00251367  0.00252486 -0.00111652 ...  0.00853957  0.00963055
  0.0036758 ]

Residual before update:
[ 0.00248654  0.00249942 -0.00128534 ...  0.00732624  0.00926065
  0.00366964]

Residual before update:
[ 0.00247572  0.0024894  -0.00133689 ...  0.00736209  0.00928957
  0.00364011]

Residual before update:
[ 0.00213256  0.00216981 -0.00140125 ...  0.00724248  0.00925292
  0.00031898]

Residual before update:
[ 0.00248654  0.00249942 -0.00128539 ...  0.00732679  0.00926111
  0.00366967]

Residual before update:
[ 0.00248658  0.00249947 -0.00128505 ...  0.0073267   0.00926117
  0.00366979]

Residual before update:
[ 0.00248654  0.00249943 -0.00128532 ...  0.00732677  0.00926115
  0.00366973]

Residual before update:
[ 0.00248655  0.00249943 -0.0012853  ...  0.00732679  0.00926117
  0.00366975]

Residual before update:
[ 0.00246881  0.00248157 -0.00128732 ...  0.00712794  0.00899438
  0.00359347]

Residual before update:
[ 0.00248653  0.00249942 -0.00128532 ...  0.00732749  0.00926079
  0.00367925]

Residual before update:
[ 0.00255826  0.00256804 -0.00117099 ...  0.00795224  0.00917751
  0.00367165]

Residual before update:
[ 0.00248654  0.00249943 -0.00128531 ...  0.00732633  0.00926077
  0.00366972]

Residual before update:
[ 0.00247825  0.00249182 -0.00133694 ...  0.00733495  0.00926898
  0.00364086]

Residual before update:
[ 0.00213264  0.00216988 -0.00140121 ...  0.00724238  0.00925292
  0.00031902]

Residual before update:
[ 0.00248654  0.00249942 -0.00128538 ...  0.00732678  0.0092611
  0.00366969]

Residual before update:
[ 0.00248658  0.00249946 -0.00128506 ...  0.00732663  0.00926109
  0.00366977]

Residual before update:
[ 0.00248654  0.00249943 -0.00128532 ...  0.00732668  0.00926104
  0.0036697 ]

Residual before update:
[ 0.00248654  0.00249943 -0.00128529 ...  0.00732669  0.00926106
  0.00366972]

Residual before update:
[ 0.0024687   0.00248146 -0.00128733 ...  0.00712667  0.00899268
  0.00359298]

Residual before update:
[ 0.00248653  0.00249942 -0.00128531 ...  0.00732743  0.00926071
  0.00367937]

Residual before update:
[ 0.00256452  0.00257391 -0.0011618  ...  0.00798009  0.00919639
  0.00367574]

Residual before update:
[ 0.00248654  0.00249943 -0.00128531 ...  0.0073263   0.00926075
  0.00366973]

Residual before update:
[ 0.00247839  0.00249195 -0.00133568 ...  0.00733535  0.0092694
  0.00364137]

Residual before update:
[ 0.0021327   0.00216995 -0.00140118 ...  0.00724231  0.00925292
  0.00031905]
NaNs in component_non_med_pred at component 8

Residual before update:
[ 0.00248654  0.00249943 -0.00128537 ...  0.00732678  0.00926111
  0.00366971]
NaNs in residual_incl_alpha[59, :]
NaN in mixture_alpha_mu: b_terms=[nan nan nan nan nan nan nan nan nan nan nan nan nan nan nan nan]
NaNs in self.residual at bs_iter=59
NaNs in un_normalized_lv_alpha_weights
NaN in normalizing_term
NaNs in component_non_med_pred at component 9

Residual before update:
[ 0.00248658  0.00249947 -0.00128505 ...  0.00732661  0.00926108
  0.00366979]
NaNs in residual_incl_alpha[59, :]
NaNs in gene_weights for bs_iter=59
NaN in mixture_alpha_mu: b_terms=[nan nan nan nan nan nan nan nan nan nan nan nan nan nan nan nan]
NaNs in self.residual at bs_iter=59
NaNs in un_normalized_lv_alpha_weights
NaN in normalizing_term
Compute pips
NaNs found in gene-tissue pair PIPs at indices: [ 0  1  2  3  4  5  6  7  8  9 10 11 12 13 14 15]
NaNs found in variant PIPs at indices: [    0     1     2 ... 10413 10414 10415]
NaNs found in gene PIPs at indices: [0 1 2 3 4 5]
###############################
TGFM
###############################
Initialize variables
Warning: 383 variants have NaN gwas_beta. Setting to 0 with large SE.
Iterative optimization

Residual before update:
[-6.15838346e-03 -1.89050734e-03  1.90624272e-04 ...  5.47660235e-05
  2.36287450e-03  7.41371255e-03]

Residual before update:
[-6.15294585e-03 -1.88818435e-03  1.92504841e-04 ...  5.47818070e-05
  2.36297535e-03  7.41384330e-03]

Residual before update:
[-6.14849575e-03 -1.88638581e-03  1.93758417e-04 ...  5.47922386e-05
  2.36301269e-03  7.41391026e-03]

Residual before update:
[-6.14471511e-03 -1.88485947e-03  1.94777257e-04 ...  5.48001612e-05
  2.36303285e-03  7.41395833e-03]

Residual before update:
[-6.14144131e-03 -1.88352628e-03  1.95647748e-04 ...  5.48062548e-05
  2.36304397e-03  7.41399581e-03]

Residual before update:
[-6.13856693e-03 -1.88234075e-03  1.96411846e-04 ...  5.48109515e-05
  2.36304950e-03  7.41402614e-03]

Residual before update:
[-6.13601758e-03 -1.88127280e-03  1.97094085e-04 ...  5.48146508e-05
  2.36305125e-03  7.41405171e-03]

Residual before update:
[-6.13373788e-03 -1.88030156e-03  1.97711287e-04 ...  5.48174015e-05
  2.36305001e-03  7.41407321e-03]

Residual before update:
[-6.13168603e-03 -1.87941107e-03  1.98274675e-04 ...  5.48193802e-05
  2.36304667e-03  7.41409174e-03]

Residual before update:
[-5.88962778e-03 -1.41235806e-03  2.07761456e-04 ...  5.94952943e-05
  2.36370434e-03  7.41585017e-03]

Residual before update:
[-6.13357993e-03 -1.88015043e-03  1.97392674e-04 ...  5.48059132e-05
  2.36293453e-03  7.41399069e-03]

Residual before update:
[-6.13600145e-03 -1.88102895e-03  1.96775325e-04 ...  5.47979218e-05
  2.36290419e-03  7.41395180e-03]

Residual before update:
[-6.13757773e-03 -1.88156448e-03  1.96456837e-04 ...  5.47932209e-05
  2.36289648e-03  7.41393734e-03]

Residual before update:
[-6.13852744e-03 -1.88186331e-03  1.96317554e-04 ...  5.47910399e-05
  2.36289953e-03  7.41393563e-03]

Residual before update:
[-6.13900466e-03 -1.88199341e-03  1.96292425e-04 ...  5.47902401e-05
  2.36290751e-03  7.41394058e-03]

Residual before update:
[-6.13912195e-03 -1.88199977e-03  1.96344047e-04 ...  5.47904823e-05
  2.36291800e-03  7.41394909e-03]

Residual before update:
[-6.13896569e-03 -1.88191399e-03  1.96447960e-04 ...  5.47916834e-05
  2.36292960e-03  7.41396031e-03]

Residual before update:
[-6.13859975e-03 -1.88175972e-03  1.96589049e-04 ...  5.47933718e-05
  2.36294118e-03  7.41397241e-03]

Residual before update:
[-6.13807336e-03 -1.88155361e-03  1.96755950e-04 ...  5.47954685e-05
  2.36295266e-03  7.41398530e-03]

Residual before update:
[-5.90458240e-03 -1.46508316e-03  2.00244953e-04 ...  5.74471775e-05
  2.36428999e-03  7.41629144e-03]

Residual before update:
[-6.13717380e-03 -1.88124521e-03  1.96950466e-04 ...  5.47985886e-05
  2.36296006e-03  7.41399551e-03]

Residual before update:
[-6.13704779e-03 -1.88122662e-03  1.96915911e-04 ...  5.47983775e-05
  2.36295154e-03  7.41398836e-03]

Residual before update:
[-6.13707276e-03 -1.88126001e-03  1.96850971e-04 ...  5.47976407e-05
  2.36294248e-03  7.41397993e-03]

Residual before update:
[-6.13717480e-03 -1.88131187e-03  1.96786773e-04 ...  5.47970867e-05
  2.36293537e-03  7.41397310e-03]

Residual before update:
[-6.13730530e-03 -1.88136512e-03  1.96735829e-04 ...  5.47964224e-05
  2.36293060e-03  7.41396839e-03]

Residual before update:
[-6.13743097e-03 -1.88140913e-03  1.96703931e-04 ...  5.47958392e-05
  2.36292849e-03  7.41396583e-03]

Residual before update:
[-6.13753143e-03 -1.88143773e-03  1.96691573e-04 ...  5.47956017e-05
  2.36292875e-03  7.41396599e-03]

Residual before update:
[-6.13759183e-03 -1.88144824e-03  1.96698573e-04 ...  5.47954685e-05
  2.36293053e-03  7.41396765e-03]

Residual before update:
[-6.13760316e-03 -1.88143866e-03  1.96722800e-04 ...  5.47955221e-05
  2.36293376e-03  7.41397091e-03]

Residual before update:
[-5.90241089e-03 -1.44094934e-03  2.01366125e-04 ...  5.75100030e-05
  2.36422419e-03  7.41639367e-03]

Residual before update:
[-6.13757510e-03 -1.88140944e-03  1.96775663e-04 ...  5.47961154e-05
  2.36294097e-03  7.41397748e-03]

Residual before update:
[-6.13748676e-03 -1.88137135e-03  1.96806105e-04 ...  5.47963431e-05
  2.36294251e-03  7.41397956e-03]

Residual before update:
[-6.13742486e-03 -1.88134929e-03  1.96817589e-04 ...  5.47963216e-05
  2.36294228e-03  7.41397969e-03]

Residual before update:
[-6.13738221e-03 -1.88133645e-03  1.96818301e-04 ...  5.47964906e-05
  2.36294107e-03  7.41397889e-03]

Residual before update:
[-6.13735523e-03 -1.88133074e-03  1.96812147e-04 ...  5.47964180e-05
  2.36293907e-03  7.41397735e-03]

Residual before update:
[-6.13734003e-03 -1.88132928e-03  1.96803898e-04 ...  5.47962414e-05
  2.36293713e-03  7.41397546e-03]

Residual before update:
[-6.13733437e-03 -1.88132939e-03  1.96796309e-04 ...  5.47962141e-05
  2.36293567e-03  7.41397441e-03]

Residual before update:
[-6.13733347e-03 -1.88132949e-03  1.96792433e-04 ...  5.47960978e-05
  2.36293454e-03  7.41397357e-03]

Residual before update:
[-6.13733264e-03 -1.88132724e-03  1.96793295e-04 ...  5.47959904e-05
  2.36293419e-03  7.41397353e-03]

Residual before update:
[-5.89853445e-03 -1.42404901e-03  2.02061603e-04 ...  5.76238648e-05
  2.36419658e-03  7.41640802e-03]

Residual before update:
[-6.13739782e-03 -1.88134731e-03  1.96787332e-04 ...  5.47959783e-05
  2.36293519e-03  7.41397395e-03]

Residual before update:
[-6.13735943e-03 -1.88132636e-03  1.96806913e-04 ...  5.47960385e-05
  2.36293630e-03  7.41397545e-03]

Residual before update:
[-6.13733451e-03 -1.88131292e-03  1.96819559e-04 ...  5.47959630e-05
  2.36293706e-03  7.41397637e-03]

Residual before update:
[-6.13731311e-03 -1.88130123e-03  1.96829473e-04 ...  5.47961685e-05
  2.36293761e-03  7.41397714e-03]

Residual before update:
[-6.13729271e-03 -1.88129144e-03  1.96836113e-04 ...  5.47961811e-05
  2.36293756e-03  7.41397740e-03]

Residual before update:
[-6.13727265e-03 -1.88128314e-03  1.96840497e-04 ...  5.47961061e-05
  2.36293728e-03  7.41397709e-03]

Residual before update:
[-6.13725482e-03 -1.88127584e-03  1.96842752e-04 ...  5.47961728e-05
  2.36293694e-03  7.41397712e-03]

Residual before update:
[-6.13723882e-03 -1.88126971e-03  1.96844431e-04 ...  5.47961218e-05
  2.36293624e-03  7.41397674e-03]

Residual before update:
[-6.13722407e-03 -1.88126368e-03  1.96845959e-04 ...  5.47960406e-05
  2.36293566e-03  7.41397655e-03]

Residual before update:
[-5.90043570e-03 -1.42567795e-03  2.02096538e-04 ...  5.76694052e-05
  2.36419205e-03  7.41634205e-03]
Compute pips
###############################
TGFM
###############################
Initialize variables
Warning: 414 variants have NaN gwas_beta. Setting to 0 with large SE.
Iterative optimization

Residual before update:
[0.00271737 0.00728864 0.00679354 ... 0.00274267 0.00325052 0.00080024]

Residual before update:
[0.00271764 0.0072886  0.00679351 ... 0.00274276 0.00325057 0.00080037]

Residual before update:
[0.00271777 0.00728853 0.00679344 ... 0.00274284 0.0032506  0.00080046]

Residual before update:
[0.00271786 0.00728844 0.00679335 ... 0.0027429  0.00325062 0.00080053]

Residual before update:
[0.00271793 0.00728835 0.00679326 ... 0.00274296 0.00325063 0.00080059]

Residual before update:
[0.00271799 0.00728825 0.00679316 ... 0.00274302 0.00325065 0.00080065]

Residual before update:
[0.00271708 0.00728336 0.00678832 ... 0.00274272 0.00325012 0.00079609]

Residual before update:
[0.00271808 0.00728805 0.00679296 ... 0.00274313 0.00325067 0.00080075]

Residual before update:
[0.00271812 0.00728794 0.00679286 ... 0.00274318 0.00325068 0.00080079]

Residual before update:
[0.00271815 0.00728783 0.00679275 ... 0.00274322 0.0032507  0.00080084]

Residual before update:
[0.00271792 0.00728776 0.00679268 ... 0.00274318 0.00325065 0.00080074]

Residual before update:
[0.00271785 0.00728773 0.00679264 ... 0.00274316 0.00325064 0.00080071]

Residual before update:
[0.00271782 0.00728771 0.00679263 ... 0.00274315 0.00325064 0.0008007 ]

Residual before update:
[0.00271782 0.00728771 0.00679262 ... 0.00274315 0.00325064 0.0008007 ]

Residual before update:
[0.00271783 0.00728771 0.00679262 ... 0.00274315 0.00325065 0.0008007 ]

Residual before update:
[0.00271785 0.00728772 0.00679263 ... 0.00274315 0.00325065 0.00080071]

Residual before update:
[0.00269864 0.00720614 0.00671182 ... 0.00273712 0.00324431 0.00069981]

Residual before update:
[0.00271789 0.00728773 0.00679264 ... 0.00274316 0.00325066 0.00080073]

Residual before update:
[0.00271792 0.00728774 0.00679265 ... 0.00274317 0.00325066 0.00080074]

Residual before update:
[0.00271794 0.00728774 0.00679266 ... 0.00274317 0.00325067 0.00080075]

Residual before update:
[0.00271793 0.00728775 0.00679266 ... 0.00274317 0.00325066 0.00080075]

Residual before update:
[0.00271792 0.00728774 0.00679265 ... 0.00274318 0.00325066 0.00080074]

Residual before update:
[0.0027179  0.00728773 0.00679265 ... 0.00274317 0.00325066 0.00080074]

Residual before update:
[0.00271789 0.00728773 0.00679264 ... 0.00274317 0.00325065 0.00080073]

Residual before update:
[0.00271788 0.00728772 0.00679263 ... 0.00274317 0.00325065 0.00080073]

Residual before update:
[0.00271788 0.00728772 0.00679263 ... 0.00274317 0.00325065 0.00080073]

Residual before update:
[0.00269925 0.0072053  0.00671099 ... 0.00273783 0.00324464 0.00070209]

Residual before update:
[0.00271788 0.00728771 0.00679263 ... 0.00274317 0.00325065 0.00080073]

Residual before update:
[0.00271789 0.00728771 0.00679263 ... 0.00274317 0.00325066 0.00080073]

Residual before update:
[0.0027179  0.00728771 0.00679263 ... 0.00274317 0.00325066 0.00080074]

Residual before update:
[0.0027179  0.00728772 0.00679263 ... 0.00274317 0.00325066 0.00080073]

Residual before update:
[0.0027179  0.00728772 0.00679263 ... 0.00274317 0.00325066 0.00080074]

Residual before update:
[0.0027179  0.00728772 0.00679263 ... 0.00274318 0.00325066 0.00080074]

Residual before update:
[0.0027179  0.00728771 0.00679263 ... 0.00274318 0.00325066 0.00080074]

Residual before update:
[0.0027179  0.00728771 0.00679262 ... 0.00274318 0.00325066 0.00080074]

Residual before update:
[0.0027179  0.00728771 0.00679262 ... 0.00274318 0.00325066 0.00080074]

Residual before update:
[0.00269916 0.00720511 0.00671081 ... 0.00273795 0.00324468 0.00070261]

Residual before update:
[0.00271789 0.0072877  0.00679262 ... 0.00274318 0.00325066 0.00080074]

Residual before update:
[0.00271789 0.0072877  0.00679261 ... 0.00274318 0.00325066 0.00080074]

Residual before update:
[0.0027179  0.0072877  0.00679261 ... 0.00274318 0.00325066 0.00080074]

Residual before update:
[0.00271789 0.0072877  0.00679262 ... 0.00274317 0.00325066 0.00080074]

Residual before update:
[0.0027179  0.0072877  0.00679261 ... 0.00274318 0.00325066 0.00080074]

Residual before update:
[0.0027179  0.0072877  0.00679261 ... 0.00274318 0.00325066 0.00080074]

Residual before update:
[0.0027179  0.0072877  0.00679261 ... 0.00274318 0.00325066 0.00080074]

Residual before update:
[0.0027179  0.0072877  0.00679261 ... 0.00274318 0.00325066 0.00080074]

Residual before update:
[0.0027179  0.00728769 0.00679261 ... 0.00274318 0.00325066 0.00080074]

Residual before update:
[0.00269901 0.00720507 0.00671077 ... 0.00273793 0.00324465 0.00070259]

Residual before update:
[0.0027179  0.00728769 0.0067926  ... 0.00274318 0.00325066 0.00080074]

Residual before update:
[0.0027179  0.00728769 0.0067926  ... 0.00274318 0.00325066 0.00080074]

Residual before update:
[0.0027179  0.00728769 0.0067926  ... 0.00274318 0.00325066 0.00080075]
Compute pips
###############################
TGFM
###############################
Initialize variables
Warning: 361 variants have NaN gwas_beta. Setting to 0 with large SE.
Iterative optimization

Residual before update:
[-0.00214267  0.          0.00283133 ...  0.00233793  0.00351379
  0.        ]

Residual before update:
[-2.14260108e-03  2.40655728e-16  2.83182734e-03 ...  2.33800544e-03
  3.51385284e-03  2.41571162e-16]

Residual before update:
[-2.14258178e-03  3.98277691e-16  2.83215214e-03 ...  2.33803937e-03
  3.51387157e-03  2.99391457e-16]

Residual before update:
[-2.14256814e-03  5.14317186e-16  2.83239009e-03 ...  2.33805882e-03
  3.51388631e-03  3.41323046e-16]

Residual before update:
[-2.14670514e-03 -1.25883927e-13  2.83581768e-03 ...  2.36722045e-03
  3.49995796e-03 -1.32654644e-13]

Residual before update:
[-2.14254875e-03  6.87141309e-16  2.83274016e-03 ...  2.33807695e-03
  3.51391066e-03  4.05074070e-16]

Residual before update:
[-2.14254152e-03  7.52968703e-16  2.83287811e-03 ...  2.33807952e-03
  3.51392091e-03  4.25030533e-16]

Residual before update:
[-2.14253539e-03  8.12834477e-16  2.83300005e-03 ...  2.33807955e-03
  3.51393105e-03  4.46520237e-16]

Residual before update:
[-2.14252945e-03  8.65677070e-16  2.83310942e-03 ...  2.33807805e-03
  3.51394000e-03  4.63037512e-16]

Residual before update:
[ 1.78116857e+01 -4.82826323e-08  1.73776778e+00 ... -2.97749119e+01
  1.78404711e+00  6.40509330e-08]

Residual before update:
[-2.14258984e-03  7.17692689e-16  2.83280331e-03 ...  2.33799478e-03
  3.51389400e-03  2.51812299e-16]

Residual before update:
[-2.14259202e-03  6.29425217e-16  2.83261724e-03 ...  2.33796542e-03
  3.51389502e-03  2.54267517e-16]

Residual before update:
[-2.14258989e-03  5.89943828e-16  2.83253822e-03 ...  2.33795411e-03
  3.51389830e-03  2.67194227e-16]

Residual before update:
[-2.14258607e-03  5.80561063e-16  2.83251802e-03 ...  2.33795204e-03
  3.51390157e-03  2.83565914e-16]

Residual before update:
[-2.14413207e-03 -6.18150055e-14  2.84264187e-03 ...  2.34039750e-03
  3.51717623e-03  7.47551406e-16]

Residual before update:
[-2.14257581e-03  6.07455874e-16  2.83256564e-03 ...  2.33796171e-03
  3.51391016e-03  3.23630118e-16]

Residual before update:
[-2.14257074e-03  6.26009379e-16  2.83260970e-03 ...  2.33796894e-03
  3.51391388e-03  3.33487584e-16]

Residual before update:
[-2.14256588e-03  6.50927047e-16  2.83265981e-03 ...  2.33797732e-03
  3.51391838e-03  3.50427425e-16]

Residual before update:
[-2.14256049e-03  6.76114976e-16  2.83271260e-03 ...  2.33798671e-03
  3.51392183e-03  3.63088281e-16]

Residual before update:
[-8.42609013e-01  4.34520022e-09 -1.94252685e-01 ... -2.89431862e+00
  1.57501903e+00 -8.66128374e-09]

Residual before update:
[-2.14256530e-03  7.01496160e-16  2.83276529e-03 ...  2.33799371e-03
  3.51391581e-03  3.42408488e-16]

Residual before update:
[-2.14257064e-03  6.97462900e-16  2.83275469e-03 ...  2.33798920e-03
  3.51391161e-03  3.21800828e-16]

Residual before update:
[-2.14257437e-03  6.82732896e-16  2.83272757e-03 ...  2.33798375e-03
  3.51390914e-03  3.09616320e-16]

Residual before update:
[-2.14257643e-03  6.69219742e-16  2.83269929e-03 ...  2.33797872e-03
  3.51390749e-03  3.04916609e-16]

Residual before update:
[-2.14507287e-03 -3.63162420e-14  2.82301283e-03 ...  2.35548891e-03
  3.50603104e-03 -3.98556090e-15]

Residual before update:
[-2.14257572e-03  6.55227240e-16  2.83266307e-03 ...  2.33797319e-03
  3.51390916e-03  3.15701699e-16]

Residual before update:
[-2.14257434e-03  6.49407642e-16  2.83265727e-03 ...  2.33797200e-03
  3.51391044e-03  3.15364052e-16]

Residual before update:
[-2.14257256e-03  6.51018160e-16  2.83265969e-03 ...  2.33797245e-03
  3.51391296e-03  3.24264736e-16]

Residual before update:
[-2.14256974e-03  6.54821828e-16  2.83266885e-03 ...  2.33797467e-03
  3.51391476e-03  3.30348039e-16]

Residual before update:
[ 2.58335529e-01  4.98647499e-09  8.39287351e-02 ... -6.07311244e-01
  1.01569438e+00  1.12186833e-09]

Residual before update:
[-2.14256821e-03  6.62956729e-16  2.83268569e-03 ...  2.33797852e-03
  3.51391501e-03  3.37024245e-16]

Residual before update:
[-2.14256816e-03  6.73386098e-16  2.83270442e-03 ...  2.33798000e-03
  3.51391530e-03  3.35288060e-16]

Residual before update:
[-2.14256945e-03  6.75246949e-16  2.83271142e-03 ...  2.33798031e-03
  3.51391455e-03  3.30160256e-16]

Residual before update:
[-2.14257108e-03  6.75970396e-16  2.83271254e-03 ...  2.33797972e-03
  3.51391283e-03  3.24995129e-16]

Residual before update:
[-2.14224302e-03  3.08180616e-14  2.83326976e-03 ...  2.33790959e-03
  3.51555165e-03  6.10059125e-14]

Residual before update:
[-2.14257242e-03  6.76673983e-16  2.83270682e-03 ...  2.33797799e-03
  3.51391219e-03  3.25728380e-16]

Residual before update:
[-2.14257258e-03  6.71324734e-16  2.83270223e-03 ...  2.33797648e-03
  3.51391204e-03  3.19241804e-16]

Residual before update:
[-2.14257239e-03  6.70001025e-16  2.83269874e-03 ...  2.33797554e-03
  3.51391323e-03  3.22444280e-16]

Residual before update:
[-2.14257110e-03  6.68343571e-16  2.83269681e-03 ...  2.33797564e-03
  3.51391379e-03  3.23325658e-16]

Residual before update:
[3.17921982e-01 5.20010318e-09 1.64362139e-01 ... 1.82439120e-02
 8.59629975e-01 3.91591644e-09]

Residual before update:
[-2.14257091e-03  6.62740473e-16  2.83268544e-03 ...  2.33797497e-03
  3.51391324e-03  3.26921077e-16]

Residual before update:
[-2.14256959e-03  6.69864028e-16  2.83269718e-03 ...  2.33797580e-03
  3.51391479e-03  3.30581261e-16]

Residual before update:
[-2.14256943e-03  6.71009717e-16  2.83270261e-03 ...  2.33797633e-03
  3.51391538e-03  3.31165511e-16]

Residual before update:
[-2.14256990e-03  6.73126401e-16  2.83270648e-03 ...  2.33797651e-03
  3.51391469e-03  3.30357913e-16]

Residual before update:
[-2.14224902e-03  3.06240706e-14  2.83407720e-03 ...  2.33793209e-03
  3.51569297e-03  6.08439782e-14]

Residual before update:
[-2.14257033e-03  6.79552981e-16  2.83271239e-03 ...  2.33797677e-03
  3.51391470e-03  3.33857823e-16]

Residual before update:
[-2.14257067e-03  6.76894424e-16  2.83271348e-03 ...  2.33797602e-03
  3.51391430e-03  3.26161870e-16]

Residual before update:
[-2.14257094e-03  6.77563387e-16  2.83271413e-03 ...  2.33797553e-03
  3.51391502e-03  3.27324555e-16]

Residual before update:
[-2.14257027e-03  6.76848652e-16  2.83271424e-03 ...  2.33797572e-03
  3.51391498e-03  3.25602991e-16]

Residual before update:
[3.27333954e-01 5.26267339e-09 1.87600201e-01 ... 1.97896456e-01
 8.14711976e-01 4.72210143e-09]
Compute pips
###############################
TGFM
###############################
Initialize variables
Warning: 354 variants have NaN gwas_beta. Setting to 0 with large SE.
Iterative optimization

Residual before update:
[-0.00159443  0.00067293 -0.01028951 ...  0.          0.00444515
  0.00352453]

Residual before update:
[-1.27658582e-03  6.82376144e-04 -1.02543424e-02 ...  7.71084966e-14
  4.97194223e-03  4.05080274e-03]

Residual before update:
[-1.59305830e-03  6.84095239e-04 -1.02857359e-02 ...  1.21029559e-16
  4.44465493e-03  3.52406524e-03]

Residual before update:
[-1.63333273e-03  7.05600256e-04 -1.02863610e-02 ...  1.22515251e-13
  4.43013130e-03  3.53722822e-03]

Residual before update:
[-1.62279638e-03  6.75618017e-04 -1.03046556e-02 ... -5.44621090e-14
  4.44207612e-03  3.52136820e-03]

Residual before update:
[-1.59261367e-03  6.87258700e-04 -1.02823946e-02 ...  1.17626936e-16
  4.44387258e-03  3.52327713e-03]

Residual before update:
[-1.59250268e-03  6.88003960e-04 -1.02813348e-02 ...  1.12164722e-16
  4.44361102e-03  3.52301257e-03]

Residual before update:
[-1.59240235e-03  6.88662919e-04 -1.02802899e-02 ...  1.06284938e-16
  4.44334919e-03  3.52274745e-03]

Residual before update:
[-1.59226139e-03  6.86413540e-04 -1.02836234e-02 ...  4.10862983e-17
  4.44440679e-03  3.52388322e-03]

Residual before update:
[-1.59222475e-03  6.89790003e-04 -1.02782356e-02 ...  8.98702382e-17
  4.44282531e-03  3.52221625e-03]

Residual before update:
[ 7.19491906e+12 -6.70101772e+12 -1.64149673e+12 ... -6.87675232e+03
 -2.14539630e+13 -5.29320628e+12]

Residual before update:
[2.13352533e+31 4.63342699e+26 2.19771409e+30 ... 5.18697252e+21
 3.55044005e+31 3.54673918e+31]

Residual before update:
[-1.59311499e-03  6.82296635e-04 -1.02794677e-02 ... -1.24917269e-17
  4.44278879e-03  3.52215307e-03]

Residual before update:
[-1.59797644e-03  6.79632029e-04 -1.02971118e-02 ...  1.42883271e-13
  4.44047047e-03  3.52562844e-03]

Residual before update:
[-1.65332156e-03  6.61860452e-04 -1.03105828e-02 ... -3.45934765e-14
  4.43291091e-03  3.51122000e-03]

Residual before update:
[-1.59286543e-03  6.84387692e-04 -1.02790958e-02 ...  1.49209218e-17
  4.44279111e-03  3.52216268e-03]

Residual before update:
[-1.59279633e-03  6.84963124e-04 -1.02789929e-02 ...  2.24536714e-17
  4.44279158e-03  3.52216515e-03]

Residual before update:
[-1.59273331e-03  6.85488806e-04 -1.02788977e-02 ...  3.03949438e-17
  4.44279179e-03  3.52216720e-03]

Residual before update:
[-1.59307232e-03  6.73174452e-04 -1.02887028e-02 ...  2.21906443e-15
  4.44941132e-03  3.52759729e-03]

Residual before update:
[-1.59262121e-03  6.86417446e-04 -1.02787285e-02 ...  4.20320403e-17
  4.44279168e-03  3.52217026e-03]

Residual before update:
[ 3.47283987e+42 -3.23444363e+42 -7.92316662e+41 ... -3.31926650e+33
 -1.03553874e+43 -2.55492198e+42]

Residual before update:
[1.40395232e+66 3.04899617e+61 1.44619131e+65 ... 3.41325316e+56
 2.33634374e+66 2.33390840e+66]

Residual before update:
[-1.59295909e-03  6.83582477e-04 -1.02791863e-02 ...  3.71237512e-18
  4.44277535e-03  3.52214380e-03]

Residual before update:
[-1.59793219e-03  6.79691675e-04 -1.02971780e-02 ...  1.42411284e-13
  4.44036875e-03  3.52550424e-03]

Residual before update:
[-1.62618515e-03  6.68095050e-04 -1.03083314e-02 ... -2.81558942e-14
  4.43984010e-03  3.51876365e-03]

Residual before update:
[-1.59293673e-03  6.83762714e-04 -1.02791213e-02 ...  5.07148391e-18
  4.44276641e-03  3.52213529e-03]

Residual before update:
[-1.59290374e-03  6.84035722e-04 -1.02790653e-02 ...  8.44724439e-18
  4.44276460e-03  3.52213439e-03]

Residual before update:
[-1.59286732e-03  6.84339709e-04 -1.02790046e-02 ...  1.33391945e-17
  4.44276310e-03  3.52213393e-03]

Residual before update:
[-1.59307658e-03  6.73171942e-04 -1.02886795e-02 ...  2.20645777e-15
  4.44938583e-03  3.52760819e-03]

Residual before update:
[-1.59279104e-03  6.84972814e-04 -1.02788808e-02 ...  2.08230084e-17
  4.44276045e-03  3.52213338e-03]

Residual before update:
[ 1.68966793e+72 -1.57367914e+72 -3.85492019e+71 ... -1.61494868e+63
 -5.03828758e+72 -1.24306616e+72]

Residual before update:
[9.24043011e+100 2.00676587e+096 9.51843559e+099 ... 2.24650986e+091
 1.53771754e+101 1.53611466e+101]

Residual before update:
[-1.59284566e-03  6.84514261e-04 -1.02789477e-02 ...  1.50803042e-17
  4.44275588e-03  3.52212713e-03]

Residual before update:
[-1.59795501e-03  6.79685332e-04 -1.02972065e-02 ...  1.41283918e-13
  4.44034663e-03  3.52550573e-03]

Residual before update:
[-1.62662354e-03  6.68170098e-04 -1.03091184e-02 ... -2.83367401e-14
  4.43958086e-03  3.51848671e-03]

Residual before update:
[-1.59289932e-03  6.84058515e-04 -1.02789895e-02 ...  7.73900061e-18
  4.44274439e-03  3.52211383e-03]

Residual before update:
[-1.59289771e-03  6.84068787e-04 -1.02789768e-02 ...  7.50618094e-18
  4.44274126e-03  3.52211067e-03]

Residual before update:
[-1.59288868e-03  6.84143826e-04 -1.02789538e-02 ...  9.26424013e-18
  4.44273863e-03  3.52210826e-03]

Residual before update:
[-1.59308215e-03  6.73170683e-04 -1.02886796e-02 ...  2.19541680e-15
  4.44936676e-03  3.52759816e-03]

Residual before update:
[-1.59285435e-03  6.84426565e-04 -1.02788864e-02 ...  1.19034378e-17
  4.44273385e-03  3.52210431e-03]
NaNs in component_non_med_pred at component 0

Residual before update:
[ 8.22087346e+101 -7.65654415e+101 -1.87556445e+101 ... -7.85733603e+092
 -2.45131744e+102 -6.04798697e+101]
NaNs in residual_incl_alpha[80, :]
NaN in mixture_alpha_mu: b_terms=[nan nan nan nan nan nan nan nan nan nan nan nan nan]
NaNs in self.residual at bs_iter=80
NaNs in un_normalized_lv_alpha_weights
NaN in normalizing_term
NaNs in component_non_med_pred at component 1

Residual before update:
[6.08179832e+135 1.32079840e+131 6.26477392e+134 ... 1.47859134e+126
 1.01208362e+136 1.01102865e+136]
NaNs in residual_incl_alpha[80, :]
NaNs in gene_weights for bs_iter=80
NaN in mixture_alpha_mu: b_terms=[nan nan nan nan nan nan nan nan nan nan nan nan nan]
NaNs in self.residual at bs_iter=80
NaNs in un_normalized_lv_alpha_weights
NaN in normalizing_term
NaNs in component_non_med_pred at component 2

Residual before update:
[-1.59283478e-03  6.84588690e-04 -1.02788499e-02 ...  1.46655000e-17
  4.44273199e-03  3.52210300e-03]
NaNs in residual_incl_alpha[80, :]
NaNs in gene_weights for bs_iter=80
NaN in mixture_alpha_mu: b_terms=[nan nan nan nan nan nan nan nan nan nan nan nan nan]
NaNs in self.residual at bs_iter=80
NaNs in un_normalized_lv_alpha_weights
NaN in normalizing_term
NaNs in component_non_med_pred at component 3

Residual before update:
[-1.59797516e-03  6.79681376e-04 -1.02972341e-02 ...  1.40158532e-13
  4.44032723e-03  3.52550901e-03]
NaNs in residual_incl_alpha[80, :]
NaNs in gene_weights for bs_iter=80
NaN in mixture_alpha_mu: b_terms=[nan nan nan nan nan nan nan nan nan nan nan nan nan]
NaNs in self.residual at bs_iter=80
NaNs in un_normalized_lv_alpha_weights
NaN in normalizing_term
NaNs in component_non_med_pred at component 4

Residual before update:
[-1.62698600e-03  6.68130224e-04 -1.03091515e-02 ... -2.81046691e-14
  4.43940417e-03  3.51829993e-03]
NaNs in residual_incl_alpha[80, :]
NaNs in gene_weights for bs_iter=80
NaN in mixture_alpha_mu: b_terms=[nan nan nan nan nan nan nan nan nan nan nan nan nan]
NaNs in self.residual at bs_iter=80
NaNs in un_normalized_lv_alpha_weights
NaN in normalizing_term
NaNs in component_non_med_pred at component 5

Residual before update:
[-1.59285821e-03  6.84386239e-04 -1.02788502e-02 ...  1.07960276e-17
  4.44272181e-03  3.52209190e-03]
NaNs in residual_incl_alpha[80, :]
NaNs in gene_weights for bs_iter=80
NaN in mixture_alpha_mu: b_terms=[nan nan nan nan nan nan nan nan nan nan nan nan nan]
NaNs in self.residual at bs_iter=80
NaNs in un_normalized_lv_alpha_weights
NaN in normalizing_term
NaNs in component_non_med_pred at component 6

Residual before update:
[-1.59286457e-03  6.84329829e-04 -1.02788484e-02 ...  9.64685492e-18
  4.44271836e-03  3.52208818e-03]
NaNs in residual_incl_alpha[1, :]
NaN in mixture_alpha_mu: b_terms=[nan nan nan nan nan nan nan nan nan nan nan nan nan]
NaNs in self.residual at bs_iter=1
NaNs in un_normalized_lv_alpha_weights
NaN in normalizing_term
NaNs in residual_incl_alpha[80, :]
NaNs in gene_weights for bs_iter=80
NaN in mixture_alpha_mu: b_terms=[nan nan nan nan nan nan nan nan nan nan nan nan nan]
NaNs in self.residual at bs_iter=80
NaNs in un_normalized_lv_alpha_weights
NaN in normalizing_term
NaNs in component_non_med_pred at component 7

Residual before update:
[-1.59286777e-03  6.84302581e-04 -1.02788426e-02 ...  1.00155109e-17
  4.44271532e-03  3.52208500e-03]
NaNs in residual_incl_alpha[1, :]
NaNs in gene_weights for bs_iter=1
NaN in mixture_alpha_mu: b_terms=[nan nan nan nan nan nan nan nan nan nan nan nan nan]
NaNs in self.residual at bs_iter=1
NaNs in un_normalized_lv_alpha_weights
NaN in normalizing_term
NaNs in residual_incl_alpha[80, :]
NaNs in gene_weights for bs_iter=80
NaN in mixture_alpha_mu: b_terms=[nan nan nan nan nan nan nan nan nan nan nan nan nan]
NaNs in self.residual at bs_iter=80
NaNs in un_normalized_lv_alpha_weights
NaN in normalizing_term
NaNs in component_non_med_pred at component 8

Residual before update:
[-1.59311417e-03  6.73165420e-04 -1.02887025e-02 ...  2.15515881e-15
  4.44926885e-03  3.52752274e-03]
NaNs in residual_incl_alpha[1, :]
NaNs in gene_weights for bs_iter=1
NaN in mixture_alpha_mu: b_terms=[nan nan nan nan nan nan nan nan nan nan nan nan nan]
NaNs in self.residual at bs_iter=1
NaNs in un_normalized_lv_alpha_weights
NaN in normalizing_term
NaNs in residual_incl_alpha[80, :]
NaNs in gene_weights for bs_iter=80
NaN in mixture_alpha_mu: b_terms=[nan nan nan nan nan nan nan nan nan nan nan nan nan]
NaNs in self.residual at bs_iter=80
NaNs in un_normalized_lv_alpha_weights
NaN in normalizing_term
NaN in beta_*: layer 9, bs_iter=80, k=5623, beta_mu=1.0058096242918096e+152, beta_phi=nan
NaN in beta_*: layer 9, bs_iter=80, k=5996, beta_mu=1.5208591462407821e+152, beta_phi=nan
NaN in beta_*: layer 9, bs_iter=80, k=5998, beta_mu=4.426166261330344e+152, beta_phi=nan
NaN in beta_*: layer 9, bs_iter=80, k=6000, beta_mu=4.402497877522261e+152, beta_phi=nan
NaN in beta_*: layer 9, bs_iter=80, k=6026, beta_mu=4.674353266322858e+152, beta_phi=nan
NaN in beta_*: layer 9, bs_iter=80, k=6028, beta_mu=4.674543792459539e+152, beta_phi=nan
NaN in beta_*: layer 9, bs_iter=80, k=6033, beta_mu=2.6416292673435583e+152, beta_phi=nan
NaN in beta_*: layer 9, bs_iter=80, k=6034, beta_mu=2.6404613416335974e+152, beta_phi=nan
NaN in beta_*: layer 9, bs_iter=80, k=6041, beta_mu=4.675281621446442e+152, beta_phi=nan
NaN in beta_*: layer 9, bs_iter=80, k=6065, beta_mu=4.676633439912927e+152, beta_phi=nan
NaN in beta_*: layer 9, bs_iter=80, k=6070, beta_mu=4.672823270077952e+152, beta_phi=nan
NaN in beta_*: layer 9, bs_iter=80, k=6083, beta_mu=2.640041760243661e+152, beta_phi=nan
NaN in beta_*: layer 9, bs_iter=80, k=6096, beta_mu=1.0510102513546238e+152, beta_phi=nan
NaN in beta_*: layer 9, bs_iter=80, k=6099, beta_mu=1.851472716195434e+152, beta_phi=nan
NaN in beta_*: layer 9, bs_iter=80, k=6115, beta_mu=9.726464354374221e+151, beta_phi=nan
NaN in beta_*: layer 9, bs_iter=80, k=6131, beta_mu=2.6782130256811774e+152, beta_phi=nan
NaN in beta_*: layer 9, bs_iter=80, k=6137, beta_mu=1.6794200466661133e+152, beta_phi=nan
NaN in beta_*: layer 9, bs_iter=80, k=6138, beta_mu=1.853045675605693e+152, beta_phi=nan
NaN in beta_*: layer 9, bs_iter=80, k=6144, beta_mu=4.724167459302886e+152, beta_phi=nan
NaN in beta_*: layer 9, bs_iter=80, k=6145, beta_mu=4.72012485618169e+152, beta_phi=nan
NaN in beta_*: layer 9, bs_iter=80, k=6147, beta_mu=4.724359780193922e+152, beta_phi=nan
NaN in beta_*: layer 9, bs_iter=80, k=6148, beta_mu=4.724359233654928e+152, beta_phi=nan
NaN in beta_*: layer 9, bs_iter=80, k=6149, beta_mu=4.723054871730609e+152, beta_phi=nan
NaN in beta_*: layer 9, bs_iter=80, k=6152, beta_mu=6.852454501368565e+152, beta_phi=nan
NaN in beta_*: layer 9, bs_iter=80, k=6156, beta_mu=1.9672713036428657e+152, beta_phi=nan
NaN in beta_*: layer 9, bs_iter=80, k=6157, beta_mu=7.436559441550026e+152, beta_phi=nan
NaN in beta_*: layer 9, bs_iter=80, k=6160, beta_mu=1.065136496639762e+152, beta_phi=nan
NaN in beta_*: layer 9, bs_iter=80, k=6161, beta_mu=1.6010432727127462e+152, beta_phi=nan
NaN in beta_*: layer 9, bs_iter=80, k=6162, beta_mu=5.123730476862252e+152, beta_phi=nan
NaN in beta_*: layer 9, bs_iter=80, k=6163, beta_mu=3.1703324444484564e+152, beta_phi=nan
NaN in beta_*: layer 9, bs_iter=80, k=6164, beta_mu=1.9822612280752713e+152, beta_phi=nan
NaN in beta_*: layer 9, bs_iter=80, k=6168, beta_mu=1.9842228321675203e+152, beta_phi=nan
NaN in beta_*: layer 9, bs_iter=80, k=6169, beta_mu=1.9830489627378646e+152, beta_phi=nan
NaN in beta_*: layer 9, bs_iter=80, k=6171, beta_mu=1.065942801494859e+152, beta_phi=nan
NaN in beta_*: layer 9, bs_iter=80, k=6176, beta_mu=1.1469504298515755e+152, beta_phi=nan
NaN in beta_*: layer 9, bs_iter=80, k=6177, beta_mu=1.702663482774368e+152, beta_phi=nan
NaN in beta_*: layer 9, bs_iter=80, k=6178, beta_mu=1.7086225494635574e+152, beta_phi=nan
NaN in beta_*: layer 9, bs_iter=80, k=6180, beta_mu=3.1811743665265885e+152, beta_phi=nan
NaN in beta_*: layer 9, bs_iter=80, k=6190, beta_mu=7.461227034546366e+152, beta_phi=nan
NaN in beta_*: layer 9, bs_iter=80, k=6191, beta_mu=2.100478517063382e+152, beta_phi=nan
NaN in beta_*: layer 9, bs_iter=80, k=6193, beta_mu=2.099900549467683e+152, beta_phi=nan
NaN in beta_*: layer 9, bs_iter=80, k=6195, beta_mu=2.1006069804470873e+152, beta_phi=nan
NaN in beta_*: layer 9, bs_iter=80, k=6199, beta_mu=3.1811667741429882e+152, beta_phi=nan
NaN in beta_*: layer 9, bs_iter=80, k=6202, beta_mu=5.262237576927365e+152, beta_phi=nan
NaN in beta_*: layer 9, bs_iter=80, k=6209, beta_mu=2.131303765231502e+152, beta_phi=nan
NaN in beta_*: layer 9, bs_iter=80, k=6213, beta_mu=7.5960211860745675e+152, beta_phi=nan
NaN in beta_*: layer 9, bs_iter=80, k=6216, beta_mu=7.602141991262269e+152, beta_phi=nan
NaN in beta_*: layer 9, bs_iter=80, k=6217, beta_mu=2.161249668347531e+152, beta_phi=nan
NaN in beta_*: layer 9, bs_iter=80, k=6218, beta_mu=7.582498649244387e+152, beta_phi=nan
NaN in beta_*: layer 9, bs_iter=80, k=6219, beta_mu=7.602141437322672e+152, beta_phi=nan
NaN in beta_*: layer 9, bs_iter=80, k=6223, beta_mu=8.720558051286444e+151, beta_phi=nan
NaN in beta_*: layer 9, bs_iter=80, k=6229, beta_mu=5.387953042040435e+152, beta_phi=nan
NaN in beta_*: layer 9, bs_iter=80, k=6237, beta_mu=3.9883952134644916e+152, beta_phi=nan
NaN in beta_*: layer 9, bs_iter=80, k=6246, beta_mu=3.9903951365335947e+152, beta_phi=nan
NaN in beta_*: layer 9, bs_iter=80, k=6258, beta_mu=1.1303284419099638e+152, beta_phi=nan
NaN in beta_*: layer 9, bs_iter=80, k=6261, beta_mu=1.1392101786113783e+152, beta_phi=nan
NaN in beta_*: layer 9, bs_iter=80, k=6264, beta_mu=1.134248808533358e+152, beta_phi=nan
NaN in beta_*: layer 9, bs_iter=80, k=6267, beta_mu=3.9763646759362976e+152, beta_phi=nan
NaN in beta_*: layer 9, bs_iter=80, k=6276, beta_mu=3.937019652257845e+152, beta_phi=nan
NaN in beta_*: layer 9, bs_iter=80, k=6284, beta_mu=2.0495086802911468e+152, beta_phi=nan
NaN in beta_*: layer 9, bs_iter=80, k=6291, beta_mu=2.2884081283203672e+152, beta_phi=nan
NaN in beta_*: layer 9, bs_iter=80, k=6294, beta_mu=1.5085620856803758e+152, beta_phi=nan
NaN in beta_*: layer 9, bs_iter=80, k=6295, beta_mu=3.855239465126314e+152, beta_phi=nan
NaN in beta_*: layer 9, bs_iter=80, k=6298, beta_mu=3.8569299294256475e+152, beta_phi=nan
NaN in beta_*: layer 9, bs_iter=80, k=6303, beta_mu=1.126935482428428e+152, beta_phi=nan
NaN in beta_*: layer 9, bs_iter=80, k=6304, beta_mu=1.1269355713772005e+152, beta_phi=nan
NaN in beta_*: layer 9, bs_iter=80, k=6314, beta_mu=1.126516227780404e+152, beta_phi=nan
NaN in beta_*: layer 9, bs_iter=80, k=6324, beta_mu=1.1316541744363756e+152, beta_phi=nan
NaN in beta_*: layer 9, bs_iter=80, k=6330, beta_mu=9.815780182387392e+151, beta_phi=nan
NaN in beta_*: layer 9, bs_iter=80, k=6509, beta_mu=1.1749478348457816e+152, beta_phi=nan
NaNs in component_non_med_pred at component 9

Residual before update:
[-1.59286169e-03  6.84348848e-04 -1.02788137e-02 ...  9.39342027e-18
  4.44270924e-03  3.52207891e-03]
NaNs in residual_incl_alpha[1, :]
NaNs in gene_weights for bs_iter=1
NaN in mixture_alpha_mu: b_terms=[nan nan nan nan nan nan nan nan nan nan nan nan nan]
NaNs in self.residual at bs_iter=1
NaNs in un_normalized_lv_alpha_weights
NaN in normalizing_term
NaNs in residual_incl_alpha[80, :]
NaNs in gene_weights for bs_iter=80
NaN in mixture_alpha_var: a_terms=[nan nan nan nan nan nan nan nan nan nan nan nan nan]
NaN in mixture_alpha_mu: b_terms=[nan nan nan nan nan nan nan nan nan nan nan nan nan]
NaNs in self.residual at bs_iter=80
NaNs in un_normalized_lv_alpha_weights
NaN in normalizing_term
Compute pips
NaNs found in gene-tissue pair PIPs at indices: [ 0  1  2  3  4  5  6  7  8  9 10 11 12]
NaNs found in variant PIPs at indices: [    0     1     2 ... 11904 11905 11906]
NaNs found in gene PIPs at indices: [0 1 2 3 4]
###############################
TGFM
###############################
Initialize variables
Warning: 434 variants have NaN gwas_beta. Setting to 0 with large SE.
Iterative optimization

Residual before update:
[ 0.00425415 -0.00284103 -0.00180728 ...  0.00397998 -0.00673527
 -0.00261794]

Residual before update:
[ 0.00425415 -0.00284098 -0.00180725 ...  0.00397996 -0.00673524
 -0.00261793]

Residual before update:
[ 0.00425416 -0.00284092 -0.00180722 ...  0.00397994 -0.00673521
 -0.00261793]

Residual before update:
[ 0.00425416 -0.00284087 -0.00180719 ...  0.00397993 -0.00673518
 -0.00261792]

Residual before update:
[ 0.00425417 -0.00284081 -0.00180716 ...  0.00397991 -0.00673515
 -0.00261791]

Residual before update:
[ 0.00425418 -0.00284076 -0.00180712 ...  0.00397989 -0.00673512
 -0.00261791]

Residual before update:
[ 0.00425418 -0.00284071 -0.00180709 ...  0.00397987 -0.00673509
 -0.0026179 ]

Residual before update:
[ 0.0042691  -0.00276677 -0.00165138 ...  0.00398631 -0.00673515
 -0.00261702]

Residual before update:
[ 0.00425419 -0.0028406  -0.00180703 ...  0.00397983 -0.00673503
 -0.00261789]

Residual before update:
[ 0.0042542  -0.00284054 -0.001807   ...  0.00397981 -0.006735
 -0.00261789]

Residual before update:
[ 0.0042542  -0.00284054 -0.001807   ...  0.00397981 -0.006735
 -0.00261789]

Residual before update:
[ 0.0042542  -0.00284055 -0.001807   ...  0.00397981 -0.006735
 -0.00261789]

Residual before update:
[ 0.0042542  -0.00284055 -0.001807   ...  0.00397981 -0.006735
 -0.00261789]

Residual before update:
[ 0.0042542  -0.00284055 -0.001807   ...  0.00397981 -0.006735
 -0.00261789]

Residual before update:
[ 0.0042542  -0.00284054 -0.001807   ...  0.00397981 -0.006735
 -0.00261789]

Residual before update:
[ 0.0042542  -0.00284054 -0.001807   ...  0.00397981 -0.006735
 -0.00261789]

Residual before update:
[ 0.0042542  -0.00284054 -0.001807   ...  0.00397981 -0.006735
 -0.00261789]

Residual before update:
[ 0.00426819 -0.00276825 -0.00164949 ...  0.00398649 -0.00673524
 -0.00261703]

Residual before update:
[ 0.0042542  -0.00284054 -0.001807   ...  0.00397981 -0.006735
 -0.00261789]

Residual before update:
[ 0.0042542  -0.00284054 -0.001807   ...  0.00397981 -0.006735
 -0.00261789]

Residual before update:
[ 0.0042542  -0.00284054 -0.001807   ...  0.00397981 -0.006735
 -0.00261789]

Residual before update:
[ 0.0042542  -0.00284055 -0.001807   ...  0.00397981 -0.006735
 -0.00261789]

Residual before update:
[ 0.0042542  -0.00284054 -0.001807   ...  0.00397981 -0.006735
 -0.00261789]

Residual before update:
[ 0.0042542  -0.00284055 -0.001807   ...  0.00397981 -0.006735
 -0.00261789]

Residual before update:
[ 0.0042542  -0.00284054 -0.001807   ...  0.00397981 -0.006735
 -0.00261789]

Residual before update:
[ 0.0042542  -0.00284054 -0.001807   ...  0.00397981 -0.006735
 -0.00261789]

Residual before update:
[ 0.0042542  -0.00284054 -0.001807   ...  0.00397981 -0.006735
 -0.00261789]

Residual before update:
[ 0.00426782 -0.00276899 -0.00164951 ...  0.00398652 -0.00673527
 -0.00261705]

Residual before update:
[ 0.0042542  -0.00284054 -0.001807   ...  0.00397981 -0.006735
 -0.00261789]

Residual before update:
[ 0.0042542  -0.00284054 -0.001807   ...  0.00397981 -0.006735
 -0.00261789]

Residual before update:
[ 0.0042542  -0.00284054 -0.001807   ...  0.00397981 -0.006735
 -0.00261789]

Residual before update:
[ 0.0042542  -0.00284055 -0.001807   ...  0.00397981 -0.006735
 -0.00261789]

Residual before update:
[ 0.0042542  -0.00284054 -0.001807   ...  0.00397981 -0.006735
 -0.00261789]

Residual before update:
[ 0.0042542  -0.00284054 -0.001807   ...  0.00397981 -0.006735
 -0.00261789]

Residual before update:
[ 0.0042542  -0.00284054 -0.001807   ...  0.00397981 -0.006735
 -0.00261789]

Residual before update:
[ 0.0042542  -0.00284054 -0.001807   ...  0.00397981 -0.006735
 -0.00261789]

Residual before update:
[ 0.0042542  -0.00284054 -0.001807   ...  0.00397981 -0.006735
 -0.00261789]

Residual before update:
[ 0.00426779 -0.00276913 -0.00164981 ...  0.00398651 -0.00673527
 -0.00261706]

Residual before update:
[ 0.0042542  -0.00284054 -0.001807   ...  0.00397981 -0.006735
 -0.00261789]

Residual before update:
[ 0.0042542  -0.00284054 -0.001807   ...  0.00397981 -0.006735
 -0.00261789]

Residual before update:
[ 0.0042542  -0.00284054 -0.001807   ...  0.00397981 -0.006735
 -0.00261789]

Residual before update:
[ 0.0042542  -0.00284054 -0.001807   ...  0.00397981 -0.006735
 -0.00261789]

Residual before update:
[ 0.0042542  -0.00284054 -0.001807   ...  0.00397981 -0.006735
 -0.00261789]

Residual before update:
[ 0.0042542  -0.00284054 -0.001807   ...  0.00397981 -0.006735
 -0.00261789]

Residual before update:
[ 0.0042542  -0.00284054 -0.001807   ...  0.00397981 -0.006735
 -0.00261789]

Residual before update:
[ 0.0042542  -0.00284054 -0.001807   ...  0.00397981 -0.006735
 -0.00261789]

Residual before update:
[ 0.0042542  -0.00284054 -0.001807   ...  0.00397981 -0.006735
 -0.00261789]

Residual before update:
[ 0.00426776 -0.00276927 -0.00165012 ...  0.00398649 -0.00673527
 -0.00261706]

Residual before update:
[ 0.0042542  -0.00284054 -0.001807   ...  0.00397981 -0.006735
 -0.00261789]

Residual before update:
[ 0.0042542  -0.00284054 -0.001807   ...  0.00397981 -0.006735
 -0.00261789]
Compute pips
###############################
TGFM
###############################
Initialize variables
Warning: 469 variants have NaN gwas_beta. Setting to 0 with large SE.
Iterative optimization

Residual before update:
[ 0.00299128  0.00190586  0.00226888 ...  0.00525736  0.00755456
 -0.00736403]

Residual before update:
[ 0.00299121  0.00190575  0.00226875 ...  0.00525735  0.00754925
 -0.00736728]

Residual before update:
[ 0.0029912   0.00190573  0.00226873 ...  0.00525735  0.0075492
 -0.0073673 ]

Residual before update:
[ 0.00299119  0.00190571  0.00226871 ...  0.00525734  0.00754916
 -0.00736731]

Residual before update:
[ 0.00299118  0.00190569  0.00226869 ...  0.00525734  0.00754911
 -0.00736733]

Residual before update:
[ 0.00299117  0.00190566  0.00226867 ...  0.00525734  0.00754907
 -0.00736734]

Residual before update:
[ 0.00299115  0.00190564  0.00226865 ...  0.00525734  0.00754903
 -0.00736735]

Residual before update:
[ 0.00299114  0.00190562  0.00226862 ...  0.00525734  0.00754899
 -0.00736737]

Residual before update:
[ 0.00299113  0.0019056   0.0022686  ...  0.00525734  0.00754896
 -0.00736738]

Residual before update:
[ 0.00299112  0.00190558  0.00226858 ...  0.00525734  0.00754892
 -0.00736739]

Residual before update:
[ 0.00299118  0.00190566  0.00226868 ...  0.00525734  0.00755419
 -0.00736415]

Residual before update:
[ 0.00299113  0.0019056   0.0022686  ...  0.00525734  0.00755002
 -0.00736671]

Residual before update:
[ 0.00299113  0.00190559  0.0022686  ...  0.00525734  0.00754997
 -0.00736675]

Residual before update:
[ 0.00299113  0.00190559  0.0022686  ...  0.00525734  0.00754992
 -0.00736678]

Residual before update:
[ 0.00299113  0.00190559  0.0022686  ...  0.00525734  0.00754987
 -0.00736681]

Residual before update:
[ 0.00299113  0.00190559  0.0022686  ...  0.00525734  0.00754983
 -0.00736684]

Residual before update:
[ 0.00299113  0.00190559  0.00226859 ...  0.00525734  0.00754978
 -0.00736687]

Residual before update:
[ 0.00299113  0.00190559  0.00226859 ...  0.00525734  0.00754974
 -0.00736689]

Residual before update:
[ 0.00299113  0.00190559  0.00226859 ...  0.00525734  0.0075497
 -0.00736692]

Residual before update:
[ 0.00299113  0.00190559  0.00226859 ...  0.00525734  0.00754966
 -0.00736694]

Residual before update:
[ 0.00299117  0.00190566  0.00226867 ...  0.00525734  0.00755381
 -0.00736439]

Residual before update:
[ 0.00299114  0.0019056   0.00226861 ...  0.00525734  0.00755058
 -0.00736638]

Residual before update:
[ 0.00299114  0.0019056   0.00226861 ...  0.00525734  0.00755051
 -0.00736642]

Residual before update:
[ 0.00299113  0.0019056   0.00226861 ...  0.00525734  0.00755045
 -0.00736646]

Residual before update:
[ 0.00299113  0.0019056   0.0022686  ...  0.00525734  0.0075504
 -0.00736649]

Residual before update:
[ 0.00299113  0.0019056   0.0022686  ...  0.00525734  0.00755034
 -0.00736652]

Residual before update:
[ 0.00299113  0.0019056   0.0022686  ...  0.00525734  0.00755029
 -0.00736655]

Residual before update:
[ 0.00299113  0.00190559  0.0022686  ...  0.00525734  0.00755025
 -0.00736658]

Residual before update:
[ 0.00299113  0.00190559  0.0022686  ...  0.00525734  0.0075502
 -0.00736661]

Residual before update:
[ 0.00299113  0.00190559  0.0022686  ...  0.00525734  0.00755016
 -0.00736664]

Residual before update:
[ 0.00299117  0.00190565  0.00226866 ...  0.00525734  0.00755337
 -0.00736466]

Residual before update:
[ 0.00299114  0.00190561  0.00226861 ...  0.00525734  0.00755111
 -0.00736605]

Residual before update:
[ 0.00299114  0.0019056   0.00226861 ...  0.00525734  0.00755101
 -0.00736611]

Residual before update:
[ 0.00299114  0.0019056   0.00226861 ...  0.00525734  0.00755092
 -0.00736617]

Residual before update:
[ 0.00299114  0.0019056   0.00226861 ...  0.00525734  0.00755084
 -0.00736622]

Residual before update:
[ 0.00299114  0.0019056   0.00226861 ...  0.00525734  0.00755077
 -0.00736626]

Residual before update:
[ 0.00299113  0.0019056   0.00226861 ...  0.00525734  0.0075507
 -0.0073663 ]

Residual before update:
[ 0.00299113  0.0019056   0.0022686  ...  0.00525734  0.00755064
 -0.00736634]

Residual before update:
[ 0.00299113  0.0019056   0.0022686  ...  0.00525734  0.00755059
 -0.00736637]

Residual before update:
[ 0.00299113  0.00190559  0.0022686  ...  0.00525734  0.00755054
 -0.0073664 ]

Residual before update:
[ 0.00299116  0.00190564  0.00226865 ...  0.00525734  0.00755281
 -0.00736501]

Residual before update:
[ 0.00299114  0.00190561  0.00226862 ...  0.00525734  0.00755152
 -0.0073658 ]

Residual before update:
[ 0.00299114  0.00190561  0.00226862 ...  0.00525734  0.00755139
 -0.00736588]

Residual before update:
[ 0.00299114  0.0019056   0.00226861 ...  0.00525734  0.00755127
 -0.00736595]

Residual before update:
[ 0.00299114  0.0019056   0.00226861 ...  0.00525734  0.00755118
 -0.00736601]

Residual before update:
[ 0.00299114  0.0019056   0.00226861 ...  0.00525734  0.00755109
 -0.00736606]

Residual before update:
[ 0.00299114  0.0019056   0.00226861 ...  0.00525734  0.00755102
 -0.00736611]

Residual before update:
[ 0.00299113  0.0019056   0.00226861 ...  0.00525734  0.00755095
 -0.00736615]

Residual before update:
[ 0.00299113  0.0019056   0.00226861 ...  0.00525734  0.00755089
 -0.00736619]

Residual before update:
[ 0.00299113  0.0019056   0.0022686  ...  0.00525734  0.00755083
 -0.00736622]
Compute pips
###############################
TGFM
###############################
Initialize variables
Warning: 462 variants have NaN gwas_beta. Setting to 0 with large SE.
Iterative optimization

Residual before update:
[0.00518863 0.00509099 0.00587072 ... 0.0032036  0.00799125 0.00299873]

Residual before update:
[0.0051885  0.00509076 0.00587048 ... 0.00320357 0.00799063 0.00299832]

Residual before update:
[0.00518841 0.00509064 0.00587037 ... 0.00320357 0.00799061 0.00299831]

Residual before update:
[0.00518831 0.00509053 0.00587025 ... 0.00320356 0.00799059 0.0029983 ]

Residual before update:
[0.00518822 0.00509041 0.00587013 ... 0.00320356 0.00799057 0.00299829]

Residual before update:
[0.00518812 0.0050903  0.00587002 ... 0.00320355 0.00799055 0.00299828]

Residual before update:
[0.00518803 0.00509019 0.00586991 ... 0.00320355 0.00799053 0.00299828]

Residual before update:
[0.00520915 0.00520133 0.0059803  ... 0.00320442 0.00799085 0.00299827]

Residual before update:
[0.00518784 0.00508996 0.00586968 ... 0.00320354 0.0079905  0.00299826]

Residual before update:
[0.00518775 0.00508985 0.00586957 ... 0.00320353 0.00799048 0.00299826]

Residual before update:
[0.00518778 0.00508998 0.0058697  ... 0.00320356 0.00799109 0.00299866]

Residual before update:
[0.00518775 0.00508987 0.0058696  ... 0.00320354 0.00799061 0.00299834]

Residual before update:
[0.00518775 0.00508987 0.0058696  ... 0.00320354 0.0079906  0.00299834]

Residual before update:
[0.00518775 0.00508987 0.0058696  ... 0.00320354 0.0079906  0.00299833]

Residual before update:
[0.00518775 0.00508987 0.00586959 ... 0.00320354 0.00799059 0.00299833]

Residual before update:
[0.00518774 0.00508987 0.00586959 ... 0.00320354 0.00799059 0.00299832]

Residual before update:
[0.00518774 0.00508987 0.00586959 ... 0.00320354 0.00799058 0.00299832]

Residual before update:
[0.00515712 0.0049071  0.00568709 ... 0.00320193 0.0079901  0.0029983 ]

Residual before update:
[0.00518774 0.00508987 0.00586959 ... 0.00320354 0.00799057 0.00299831]

Residual before update:
[0.00518774 0.00508986 0.00586958 ... 0.00320354 0.00799057 0.0029983 ]

Residual before update:
[0.00518777 0.00508996 0.00586969 ... 0.00320356 0.00799105 0.00299862]

Residual before update:
[0.00518774 0.00508987 0.00586959 ... 0.00320354 0.00799066 0.00299836]

Residual before update:
[0.00518773 0.00508986 0.00586959 ... 0.00320354 0.00799065 0.00299836]

Residual before update:
[0.00518773 0.00508986 0.00586958 ... 0.00320354 0.00799065 0.00299835]

Residual before update:
[0.00518773 0.00508986 0.00586958 ... 0.00320354 0.00799064 0.00299835]

Residual before update:
[0.00518773 0.00508986 0.00586958 ... 0.00320354 0.00799063 0.00299834]

Residual before update:
[0.00518773 0.00508985 0.00586958 ... 0.00320354 0.00799063 0.00299834]

Residual before update:
[0.0051574  0.00490838 0.00568837 ... 0.00320194 0.00799011 0.0029983 ]

Residual before update:
[0.00518773 0.00508985 0.00586957 ... 0.00320354 0.00799062 0.00299833]

Residual before update:
[0.00518773 0.00508985 0.00586957 ... 0.00320354 0.00799061 0.00299833]

Residual before update:
[0.00518776 0.00508994 0.00586967 ... 0.00320355 0.007991   0.00299859]

Residual before update:
[0.00518772 0.00508986 0.00586958 ... 0.00320354 0.00799071 0.00299839]

Residual before update:
[0.00518772 0.00508985 0.00586957 ... 0.00320354 0.0079907  0.00299838]

Residual before update:
[0.00518772 0.00508985 0.00586957 ... 0.00320354 0.00799069 0.00299838]

Residual before update:
[0.00518772 0.00508985 0.00586957 ... 0.00320353 0.00799068 0.00299837]

Residual before update:
[0.00518772 0.00508984 0.00586957 ... 0.00320353 0.00799067 0.00299837]

Residual before update:
[0.00518772 0.00508984 0.00586956 ... 0.00320353 0.00799066 0.00299836]

Residual before update:
[0.00515724 0.00490719 0.00568717 ... 0.00320193 0.00799009 0.00299829]

Residual before update:
[0.00518772 0.00508984 0.00586956 ... 0.00320353 0.00799065 0.00299835]

Residual before update:
[0.00518771 0.00508983 0.00586956 ... 0.00320353 0.00799065 0.00299835]

Residual before update:
[0.00518775 0.00508992 0.00586965 ... 0.00320354 0.00799094 0.00299854]

Residual before update:
[0.00518771 0.00508984 0.00586957 ... 0.00320353 0.00799075 0.00299842]

Residual before update:
[0.00518771 0.00508984 0.00586956 ... 0.00320353 0.00799073 0.00299841]

Residual before update:
[0.00518771 0.00508984 0.00586956 ... 0.00320353 0.00799072 0.0029984 ]

Residual before update:
[0.00518771 0.00508983 0.00586955 ... 0.00320353 0.00799071 0.00299839]

Residual before update:
[0.00518771 0.00508983 0.00586955 ... 0.00320353 0.0079907  0.00299838]

Residual before update:
[0.0051877  0.00508983 0.00586955 ... 0.00320353 0.00799069 0.00299838]

Residual before update:
[0.00515709 0.00490604 0.00568603 ... 0.00320192 0.00799004 0.00299826]

Residual before update:
[0.0051877  0.00508982 0.00586954 ... 0.00320353 0.00799068 0.00299837]

Residual before update:
[0.0051877  0.00508982 0.00586954 ... 0.00320353 0.00799067 0.00299836]
Compute pips
###############################
TGFM
###############################
Initialize variables
Warning: 402 variants have NaN gwas_beta. Setting to 0 with large SE.
Iterative optimization

Residual before update:
[-0.001566    0.00222486 -0.00280141 ...  0.00421062 -0.00133108
 -0.00338819]

Residual before update:
[-0.001566    0.00222447 -0.00280154 ...  0.0042069  -0.00133227
 -0.00338935]

Residual before update:
[-0.001566    0.00222447 -0.00280154 ...  0.00420678 -0.00133232
 -0.00338943]

Residual before update:
[-0.00156599  0.00222448 -0.00280154 ...  0.00420666 -0.00133237
 -0.0033895 ]

Residual before update:
[-0.00156599  0.00222448 -0.00280154 ...  0.00420654 -0.00133241
 -0.00338957]

Residual before update:
[-0.00156598  0.00222448 -0.00280154 ...  0.00420643 -0.00133246
 -0.00338964]

Residual before update:
[-0.00156598  0.00222449 -0.00280154 ...  0.00420632 -0.0013325
 -0.0033897 ]

Residual before update:
[-0.00157927  0.00222107 -0.0028042  ...  0.0042022  -0.00134195
 -0.00339581]

Residual before update:
[-0.00156597  0.00222449 -0.00280154 ...  0.0042061  -0.00133259
 -0.00338984]

Residual before update:
[-0.00160154  0.00219454 -0.00280351 ...  0.00417674 -0.00133687
 -0.00337583]

Residual before update:
[-0.00156595  0.00222489 -0.00280141 ...  0.0042096  -0.00133148
 -0.00338881]

Residual before update:
[-0.00156597  0.00222453 -0.00280152 ...  0.00420636 -0.00133251
 -0.00338979]

Residual before update:
[-0.00156597  0.00222453 -0.00280152 ...  0.00420635 -0.00133251
 -0.00338979]

Residual before update:
[-0.00156597  0.00222453 -0.00280152 ...  0.00420635 -0.00133252
 -0.00338979]

Residual before update:
[-0.00156597  0.00222452 -0.00280152 ...  0.00420634 -0.00133252
 -0.00338979]

Residual before update:
[-0.00156597  0.00222452 -0.00280152 ...  0.00420633 -0.00133252
 -0.0033898 ]

Residual before update:
[-0.00156597  0.00222452 -0.00280153 ...  0.00420632 -0.00133252
 -0.0033898 ]

Residual before update:
[-0.00158007  0.00222087 -0.00280275 ...  0.00420028 -0.00134111
 -0.00339612]

Residual before update:
[-0.00156597  0.00222452 -0.00280153 ...  0.0042063  -0.00133253
 -0.0033898 ]

Residual before update:
[-0.00156703  0.00221528 -0.00280423 ...  0.00421003 -0.00133086
 -0.00339142]

Residual before update:
[-0.00156596  0.00222487 -0.00280142 ...  0.00420954 -0.0013315
 -0.00338882]

Residual before update:
[-0.00156597  0.00222452 -0.00280154 ...  0.00420631 -0.00133253
 -0.0033898 ]

Residual before update:
[-0.00156597  0.00222452 -0.00280153 ...  0.00420631 -0.00133253
 -0.0033898 ]

Residual before update:
[-0.00156597  0.00222452 -0.00280153 ...  0.00420631 -0.00133253
 -0.0033898 ]

Residual before update:
[-0.00156597  0.00222452 -0.00280153 ...  0.00420631 -0.00133253
 -0.0033898 ]

Residual before update:
[-0.00156597  0.00222452 -0.00280153 ...  0.00420631 -0.00133253
 -0.00338981]

Residual before update:
[-0.00156597  0.00222452 -0.00280153 ...  0.00420631 -0.00133253
 -0.00338981]

Residual before update:
[-0.00157858  0.00222363 -0.00280157 ...  0.00420737 -0.00133601
 -0.00339263]

Residual before update:
[-0.00156597  0.00222452 -0.00280153 ...  0.00420631 -0.00133253
 -0.00338981]

Residual before update:
[-0.001567    0.0022163  -0.00280556 ...  0.00420976 -0.00133077
 -0.00339068]

Residual before update:
[-0.00156596  0.00222487 -0.00280142 ...  0.00420954 -0.0013315
 -0.00338882]

Residual before update:
[-0.00156597  0.00222449 -0.00280154 ...  0.00420599 -0.00133263
 -0.00338991]

Residual before update:
[-0.00156597  0.00222449 -0.00280154 ...  0.004206   -0.00133263
 -0.0033899 ]

Residual before update:
[-0.00156597  0.00222449 -0.00280154 ...  0.00420601 -0.00133262
 -0.0033899 ]

Residual before update:
[-0.00156597  0.00222449 -0.00280154 ...  0.00420602 -0.00133262
 -0.0033899 ]

Residual before update:
[-0.00156597  0.00222449 -0.00280153 ...  0.00420603 -0.00133262
 -0.0033899 ]

Residual before update:
[-0.00156597  0.00222449 -0.00280153 ...  0.00420604 -0.00133261
 -0.00338989]

Residual before update:
[-0.00157893  0.00222356 -0.00280158 ...  0.00420728 -0.00133614
 -0.00339276]

Residual before update:
[-0.00156597  0.0022245  -0.00280153 ...  0.00420606 -0.00133261
 -0.00338989]

Residual before update:
[-0.00156738  0.00221619 -0.00280617 ...  0.0042092  -0.00133114
 -0.00339078]

Residual before update:
[-0.00156595  0.00222488 -0.0028014  ...  0.00420962 -0.00133147
 -0.0033888 ]

Residual before update:
[-0.00156597  0.00222441 -0.00280155 ...  0.00420528 -0.00133286
 -0.00339013]

Residual before update:
[-0.00156597  0.00222442 -0.00280154 ...  0.0042053  -0.00133285
 -0.00339013]

Residual before update:
[-0.00156596  0.00222442 -0.00280154 ...  0.00420532 -0.00133285
 -0.00339012]

Residual before update:
[-0.00156596  0.00222442 -0.00280153 ...  0.00420533 -0.00133284
 -0.00339012]

Residual before update:
[-0.00156596  0.00222443 -0.00280153 ...  0.00420535 -0.00133284
 -0.00339011]

Residual before update:
[-0.00156596  0.00222443 -0.00280152 ...  0.00420536 -0.00133283
 -0.00339011]

Residual before update:
[-0.00157929  0.00222351 -0.00280159 ...  0.00420722 -0.00133627
 -0.00339286]

Residual before update:
[-0.00156595  0.00222444 -0.00280151 ...  0.00420539 -0.00133282
 -0.0033901 ]

Residual before update:
[-0.00156702  0.00221667 -0.00280631 ...  0.00420965 -0.00133129
 -0.00339098]
Compute pips
###############################
TGFM
###############################
Initialize variables
Warning: 427 variants have NaN gwas_beta. Setting to 0 with large SE.
Iterative optimization

Residual before update:
[-0.00592253  0.00492894  0.00368301 ... -0.002293   -0.00042473
 -0.00062077]

Residual before update:
[-0.00592251  0.00492895  0.00368302 ... -0.00229299 -0.00042474
 -0.00062077]

Residual before update:
[-0.0059225   0.00492896  0.00368302 ... -0.00229299 -0.00042474
 -0.00062077]

Residual before update:
[-0.00592249  0.00492897  0.00368303 ... -0.00229299 -0.00042474
 -0.00062077]

Residual before update:
[-0.00592248  0.00492897  0.00368304 ... -0.00229298 -0.00042474
 -0.00062077]

Residual before update:
[-0.00592247  0.00492898  0.00368305 ... -0.00229298 -0.00042474
 -0.00062077]

Residual before update:
[-0.00592246  0.00492899  0.00368305 ... -0.00229297 -0.00042474
 -0.00062078]

Residual before update:
[-0.00592245  0.004929    0.00368306 ... -0.00229297 -0.00042475
 -0.00062078]

Residual before update:
[-0.00592243  0.004929    0.00368307 ... -0.00229296 -0.00042475
 -0.00062078]

Residual before update:
[-0.00591706  0.00493285  0.00368693 ... -0.00229557 -0.00042654
 -0.00062196]

Residual before update:
[-0.00592242  0.00492901  0.00368308 ... -0.00229296 -0.00042475
 -0.00062078]

Residual before update:
[-0.00592242  0.00492901  0.00368308 ... -0.00229296 -0.00042475
 -0.00062078]

Residual before update:
[-0.00592242  0.00492901  0.00368308 ... -0.00229296 -0.00042475
 -0.00062078]

Residual before update:
[-0.00592243  0.00492901  0.00368308 ... -0.00229296 -0.00042475
 -0.00062078]

Residual before update:
[-0.00592243  0.00492901  0.00368308 ... -0.00229296 -0.00042475
 -0.00062078]

Residual before update:
[-0.00592243  0.00492901  0.00368308 ... -0.00229296 -0.00042475
 -0.00062078]

Residual before update:
[-0.00592243  0.00492901  0.00368307 ... -0.00229296 -0.00042475
 -0.00062078]

Residual before update:
[-0.00592243  0.00492901  0.00368308 ... -0.00229296 -0.00042475
 -0.00062078]

Residual before update:
[-0.00592243  0.00492901  0.00368308 ... -0.00229296 -0.00042475
 -0.00062078]

Residual before update:
[-0.18404601  3.87162573  3.70323976 ...  1.62696698  2.08144862
  2.13678738]

Residual before update:
[-0.00592243  0.00492901  0.00368308 ... -0.00229296 -0.00042475
 -0.00062078]

Residual before update:
[-0.00592243  0.00492901  0.00368308 ... -0.00229296 -0.00042475
 -0.00062078]

Residual before update:
[-0.00592243  0.00492901  0.00368308 ... -0.00229296 -0.00042475
 -0.00062078]

Residual before update:
[-0.00592243  0.00492901  0.00368308 ... -0.00229296 -0.00042475
 -0.00062078]

Residual before update:
[-0.00592243  0.00492901  0.00368308 ... -0.00229296 -0.00042475
 -0.00062078]

Residual before update:
[-0.00592243  0.00492901  0.00368308 ... -0.00229296 -0.00042475
 -0.00062078]

Residual before update:
[-0.00592243  0.00492901  0.00368307 ... -0.00229296 -0.00042475
 -0.00062078]

Residual before update:
[-0.00592243  0.00492901  0.00368308 ... -0.00229296 -0.00042475
 -0.00062078]

Residual before update:
[-0.00592243  0.00492901  0.00368308 ... -0.00229296 -0.00042475
 -0.00062078]

Residual before update:
[0.56550777 5.31358573 5.13346349 ... 1.62570606 2.02016386 2.0625244 ]

Residual before update:
[-0.00592243  0.00492901  0.00368308 ... -0.00229296 -0.00042475
 -0.00062078]

Residual before update:
[-0.00592243  0.00492901  0.00368308 ... -0.00229296 -0.00042475
 -0.00062078]

Residual before update:
[-0.00592242  0.00492901  0.00368308 ... -0.00229296 -0.00042475
 -0.00062078]

Residual before update:
[-0.00592243  0.00492901  0.00368308 ... -0.00229296 -0.00042475
 -0.00062078]

Residual before update:
[-0.00592243  0.00492901  0.00368308 ... -0.00229296 -0.00042475
 -0.00062078]

Residual before update:
[-0.00592243  0.00492901  0.00368308 ... -0.00229296 -0.00042475
 -0.00062078]

Residual before update:
[-0.00592243  0.00492901  0.00368307 ... -0.00229296 -0.00042475
 -0.00062078]

Residual before update:
[-0.00592243  0.00492901  0.00368308 ... -0.00229296 -0.00042475
 -0.00062078]

Residual before update:
[-0.00592242  0.00492901  0.00368308 ... -0.00229296 -0.00042475
 -0.00062078]

Residual before update:
[0.57732631 5.33562747 5.15531539 ... 1.62714337 2.02315902 2.06552274]

Residual before update:
[-0.00592242  0.00492901  0.00368308 ... -0.00229296 -0.00042475
 -0.00062078]

Residual before update:
[-0.00592242  0.00492901  0.00368308 ... -0.00229296 -0.00042475
 -0.00062078]

Residual before update:
[-0.00592242  0.00492901  0.00368308 ... -0.00229296 -0.00042475
 -0.00062078]

Residual before update:
[-0.00592242  0.00492901  0.00368308 ... -0.00229296 -0.00042475
 -0.00062078]

Residual before update:
[-0.00592242  0.00492901  0.00368308 ... -0.00229296 -0.00042475
 -0.00062078]

Residual before update:
[-0.00592242  0.00492901  0.00368308 ... -0.00229296 -0.00042475
 -0.00062078]

Residual before update:
[-0.00592243  0.00492901  0.00368308 ... -0.00229296 -0.00042475
 -0.00062078]

Residual before update:
[-0.00592242  0.00492901  0.00368308 ... -0.00229296 -0.00042475
 -0.00062078]

Residual before update:
[-0.00592242  0.00492901  0.00368308 ... -0.00229296 -0.00042475
 -0.00062078]

Residual before update:
[0.57755849 5.33607878 5.15576336 ... 1.62715994 2.02316519 2.06552666]
Compute pips
###############################
TGFM
###############################
Initialize variables
Warning: 474 variants have NaN gwas_beta. Setting to 0 with large SE.
Iterative optimization

Residual before update:
[ 0.00173332  0.00604339  0.00291261 ... -0.00175402  0.00138564
  0.0072922 ]

Residual before update:
[ 0.00173329  0.00604337  0.00291259 ... -0.00175402  0.00138556
  0.00729196]

Residual before update:
[ 0.00173329  0.00604335  0.00291258 ... -0.00175399  0.00138556
  0.00729186]

Residual before update:
[ 0.00173329  0.00604334  0.00291257 ... -0.00175394  0.00138557
  0.00729179]

Residual before update:
[ 0.00173329  0.00604332  0.00291256 ... -0.0017539   0.00138558
  0.00729172]

Residual before update:
[ 0.0017333   0.00604331  0.00291254 ... -0.00175385  0.0013856
  0.00729166]

Residual before update:
[ 0.0017333   0.00604329  0.00291253 ... -0.0017538   0.00138562
  0.0072916 ]

Residual before update:
[ 0.00173331  0.00604328  0.00291252 ... -0.00175375  0.00138564
  0.00729155]

Residual before update:
[ 0.00173331  0.00604326  0.00291251 ... -0.0017537   0.00138566
  0.0072915 ]

Residual before update:
[ 0.00173332  0.00604325  0.0029125  ... -0.00175364  0.00138569
  0.00729145]

Residual before update:
[ 0.00173335  0.00604325  0.0029125  ... -0.00175359  0.00138579
  0.00729165]

Residual before update:
[ 0.00173336  0.00604325  0.0029125  ... -0.00175358  0.0013858
  0.00729167]

Residual before update:
[ 0.00173335  0.00604325  0.0029125  ... -0.00175358  0.0013858
  0.00729166]

Residual before update:
[ 0.00173335  0.00604325  0.0029125  ... -0.00175358  0.00138579
  0.00729165]

Residual before update:
[ 0.00173335  0.00604325  0.0029125  ... -0.00175359  0.00138578
  0.00729163]

Residual before update:
[ 0.00173335  0.00604325  0.0029125  ... -0.00175359  0.00138577
  0.00729162]

Residual before update:
[ 0.00173334  0.00604325  0.00291249 ... -0.0017536   0.00138576
  0.0072916 ]

Residual before update:
[ 0.00173334  0.00604325  0.00291249 ... -0.0017536   0.00138576
  0.00729158]

Residual before update:
[ 0.00173334  0.00604325  0.00291249 ... -0.00175361  0.00138575
  0.00729157]

Residual before update:
[ 0.00173333  0.00604325  0.00291249 ... -0.00175361  0.00138574
  0.00729155]

Residual before update:
[ 0.00173334  0.00604325  0.00291249 ... -0.00175361  0.00138575
  0.00729157]

Residual before update:
[ 0.00173334  0.00604325  0.00291249 ... -0.0017536   0.00138576
  0.00729159]

Residual before update:
[ 0.00173334  0.00604325  0.00291249 ... -0.0017536   0.00138577
  0.00729161]

Residual before update:
[ 0.00173335  0.00604325  0.00291249 ... -0.00175359  0.00138578
  0.00729161]

Residual before update:
[ 0.00173335  0.00604325  0.00291249 ... -0.00175359  0.00138578
  0.00729162]

Residual before update:
[ 0.00173335  0.00604325  0.00291249 ... -0.00175359  0.00138578
  0.00729162]

Residual before update:
[ 0.00173335  0.00604325  0.00291249 ... -0.00175359  0.00138578
  0.00729161]

Residual before update:
[ 0.00173334  0.00604325  0.00291249 ... -0.00175359  0.00138577
  0.00729161]

Residual before update:
[ 0.00173334  0.00604325  0.00291249 ... -0.00175359  0.00138577
  0.0072916 ]

Residual before update:
[ 0.00173334  0.00604325  0.00291249 ... -0.0017536   0.00138576
  0.00729159]

Residual before update:
[ 0.00173334  0.00604325  0.00291249 ... -0.0017536   0.00138576
  0.00729159]

Residual before update:
[ 0.00173334  0.00604325  0.00291249 ... -0.0017536   0.00138576
  0.00729159]

Residual before update:
[ 0.00173334  0.00604325  0.00291249 ... -0.0017536   0.00138576
  0.00729159]

Residual before update:
[ 0.00173334  0.00604325  0.00291249 ... -0.00175359  0.00138577
  0.00729159]

Residual before update:
[ 0.00173334  0.00604325  0.00291249 ... -0.00175359  0.00138577
  0.0072916 ]

Residual before update:
[ 0.00173334  0.00604325  0.00291249 ... -0.00175359  0.00138577
  0.0072916 ]

Residual before update:
[ 0.00173334  0.00604325  0.00291249 ... -0.00175359  0.00138577
  0.0072916 ]

Residual before update:
[ 0.00173334  0.00604325  0.00291249 ... -0.00175359  0.00138577
  0.0072916 ]

Residual before update:
[ 0.00173334  0.00604325  0.00291249 ... -0.00175359  0.00138577
  0.0072916 ]

Residual before update:
[ 0.00173334  0.00604325  0.00291249 ... -0.00175359  0.00138577
  0.0072916 ]

Residual before update:
[ 0.00173334  0.00604325  0.00291249 ... -0.00175359  0.00138577
  0.0072916 ]

Residual before update:
[ 0.00173334  0.00604325  0.00291249 ... -0.00175359  0.00138577
  0.00729159]

Residual before update:
[ 0.00173334  0.00604325  0.00291249 ... -0.00175359  0.00138577
  0.00729159]

Residual before update:
[ 0.00173334  0.00604325  0.00291249 ... -0.00175359  0.00138577
  0.00729159]

Residual before update:
[ 0.00173334  0.00604325  0.00291249 ... -0.00175359  0.00138577
  0.00729159]

Residual before update:
[ 0.00173334  0.00604325  0.00291249 ... -0.00175359  0.00138577
  0.00729159]

Residual before update:
[ 0.00173334  0.00604325  0.00291249 ... -0.00175359  0.00138577
  0.00729159]

Residual before update:
[ 0.00173334  0.00604325  0.00291249 ... -0.00175358  0.00138577
  0.00729159]

Residual before update:
[ 0.00173334  0.00604325  0.00291249 ... -0.00175358  0.00138577
  0.00729159]

Residual before update:
[ 0.00173334  0.00604325  0.00291249 ... -0.00175358  0.00138577
  0.00729159]
Compute pips
###############################
TGFM
###############################
Initialize variables
Warning: 456 variants have NaN gwas_beta. Setting to 0 with large SE.
Iterative optimization

Residual before update:
[ 0.00437292  0.         -0.0020744  ...  0.00703182  0.00654051
  0.00863205]

Residual before update:
[ 4.37163440e-03 -1.06805563e-15 -2.07674059e-03 ...  7.03178311e-03
  6.54047570e-03  8.63200047e-03]

Residual before update:
[ 4.37120490e-03 -1.52452379e-15 -2.07747435e-03 ...  7.03175003e-03
  6.54044238e-03  8.63195930e-03]

Residual before update:
[ 4.37088461e-03 -1.89891793e-15 -2.07800598e-03 ...  7.03171697e-03
  6.54040924e-03  8.63191917e-03]

Residual before update:
[ 4.37062116e-03 -2.22934322e-15 -2.07843350e-03 ...  7.03168392e-03
  6.54037618e-03  8.63187956e-03]

Residual before update:
[ 4.37039357e-03 -2.53134358e-15 -2.07879591e-03 ...  7.03165090e-03
  6.54034319e-03  8.63184030e-03]

Residual before update:
[ 4.37019100e-03 -2.81302000e-15 -2.07911321e-03 ...  7.03161789e-03
  6.54031024e-03  8.63180127e-03]

Residual before update:
[ 4.37000708e-03 -3.07910118e-15 -2.07939730e-03 ...  7.03158489e-03
  6.54027733e-03  8.63176241e-03]

Residual before update:
[ 4.36983766e-03 -3.33283973e-15 -2.07965567e-03 ...  7.03155189e-03
  6.54024444e-03  8.63172369e-03]

Residual before update:
[ 4.36967991e-03 -3.57645077e-15 -2.07989355e-03 ...  7.03151893e-03
  6.54021159e-03  8.63168508e-03]

Residual before update:
[ 4.37081264e-03 -2.74350446e-15 -2.07777693e-03 ...  7.03151906e-03
  6.54021331e-03  8.63169597e-03]

Residual before update:
[ 4.37090696e-03 -2.66967194e-15 -2.07760487e-03 ...  7.03151806e-03
  6.54021244e-03  8.63169565e-03]

Residual before update:
[ 4.37087373e-03 -2.68900462e-15 -2.07767010e-03 ...  7.03151767e-03
  6.54021199e-03  8.63169483e-03]

Residual before update:
[ 4.37079437e-03 -2.74409151e-15 -2.07781962e-03 ...  7.03151737e-03
  6.54021157e-03  8.63169370e-03]

Residual before update:
[ 4.37070071e-03 -2.81142154e-15 -2.07799444e-03 ...  7.03151707e-03
  6.54021114e-03  8.63169245e-03]

Residual before update:
[ 4.37060479e-03 -2.88208114e-15 -2.07817216e-03 ...  7.03151683e-03
  6.54021075e-03  8.63169125e-03]

Residual before update:
[ 4.37051122e-03 -2.95246667e-15 -2.07834435e-03 ...  7.03151659e-03
  6.54021039e-03  8.63169012e-03]

Residual before update:
[ 4.37042170e-03 -3.02100308e-15 -2.07850823e-03 ...  7.03151637e-03
  6.54021005e-03  8.63168904e-03]

Residual before update:
[ 4.37033663e-03 -3.08737883e-15 -2.07866300e-03 ...  7.03151615e-03
  6.54020972e-03  8.63168803e-03]

Residual before update:
[ 4.37025596e-03 -3.15153197e-15 -2.07880895e-03 ...  7.03151596e-03
  6.54020944e-03  8.63168708e-03]

Residual before update:
[ 4.37037448e-03 -3.05873475e-15 -2.07859207e-03 ...  7.03151685e-03
  6.54021048e-03  8.63168919e-03]

Residual before update:
[ 4.37048438e-03 -2.98016061e-15 -2.07838746e-03 ...  7.03151590e-03
  6.54020969e-03  8.63168913e-03]

Residual before update:
[ 4.37056831e-03 -2.91891365e-15 -2.07823168e-03 ...  7.03151549e-03
  6.54020939e-03  8.63168945e-03]

Residual before update:
[ 4.37061491e-03 -2.88539292e-15 -2.07814497e-03 ...  7.03151514e-03
  6.54020911e-03  8.63168949e-03]

Residual before update:
[ 4.37062947e-03 -2.87561517e-15 -2.07811765e-03 ...  7.03151478e-03
  6.54020878e-03  8.63168922e-03]

Residual before update:
[ 4.37062019e-03 -2.88368167e-15 -2.07813435e-03 ...  7.03151448e-03
  6.54020846e-03  8.63168879e-03]

Residual before update:
[ 4.37059456e-03 -2.90406827e-15 -2.07818109e-03 ...  7.03151419e-03
  6.54020814e-03  8.63168823e-03]

Residual before update:
[ 4.37055837e-03 -2.93234798e-15 -2.07824733e-03 ...  7.03151392e-03
  6.54020783e-03  8.63168760e-03]

Residual before update:
[ 4.37051565e-03 -2.96568204e-15 -2.07832542e-03 ...  7.03151366e-03
  6.54020751e-03  8.63168691e-03]

Residual before update:
[ 4.37046917e-03 -3.00203900e-15 -2.07841029e-03 ...  7.03151343e-03
  6.54020722e-03  8.63168621e-03]

Residual before update:
[ 4.37045840e-03 -3.00643257e-15 -2.07843170e-03 ...  7.03151439e-03
  6.54020816e-03  8.63168721e-03]

Residual before update:
[ 4.37045572e-03 -3.01187867e-15 -2.07843519e-03 ...  7.03151349e-03
  6.54020726e-03  8.63168616e-03]

Residual before update:
[ 4.37047398e-03 -2.99935380e-15 -2.07840107e-03 ...  7.03151313e-03
  6.54020693e-03  8.63168592e-03]

Residual before update:
[ 4.37049863e-03 -2.98196707e-15 -2.07835510e-03 ...  7.03151280e-03
  6.54020664e-03  8.63168579e-03]

Residual before update:
[ 4.37052181e-03 -2.96561808e-15 -2.07831197e-03 ...  7.03151246e-03
  6.54020633e-03  8.63168561e-03]

Residual before update:
[ 4.37053854e-03 -2.95416267e-15 -2.07828066e-03 ...  7.03151215e-03
  6.54020605e-03  8.63168541e-03]

Residual before update:
[ 4.37054663e-03 -2.94923665e-15 -2.07826520e-03 ...  7.03151185e-03
  6.54020576e-03  8.63168515e-03]

Residual before update:
[ 4.37054585e-03 -2.95085474e-15 -2.07826624e-03 ...  7.03151155e-03
  6.54020547e-03  8.63168482e-03]

Residual before update:
[ 4.37053694e-03 -2.95859444e-15 -2.07828219e-03 ...  7.03151127e-03
  6.54020517e-03  8.63168441e-03]

Residual before update:
[ 4.37052121e-03 -2.97152315e-15 -2.07831073e-03 ...  7.03151101e-03
  6.54020490e-03  8.63168396e-03]

Residual before update:
[ 4.37051578e-03 -2.97181416e-15 -2.07832234e-03 ...  7.03151197e-03
  6.54020584e-03  8.63168501e-03]

Residual before update:
[ 4.37049665e-03 -2.98981399e-15 -2.07835605e-03 ...  7.03151106e-03
  6.54020491e-03  8.63168380e-03]

Residual before update:
[ 4.37048903e-03 -2.99687104e-15 -2.07836952e-03 ...  7.03151070e-03
  6.54020455e-03  8.63168333e-03]

Residual before update:
[ 4.37048773e-03 -2.99905355e-15 -2.07837137e-03 ...  7.03151039e-03
  6.54020423e-03  8.63168296e-03]

Residual before update:
[ 4.37049127e-03 -2.99746649e-15 -2.07836445e-03 ...  7.03151005e-03
  6.54020390e-03  8.63168261e-03]

Residual before update:
[ 4.37049743e-03 -2.99393017e-15 -2.07835265e-03 ...  7.03150975e-03
  6.54020362e-03  8.63168233e-03]

Residual before update:
[ 4.37050402e-03 -2.99011801e-15 -2.07833998e-03 ...  7.03150945e-03
  6.54020333e-03  8.63168205e-03]

Residual before update:
[ 4.37050922e-03 -2.98722409e-15 -2.07833000e-03 ...  7.03150916e-03
  6.54020304e-03  8.63168177e-03]

Residual before update:
[ 4.37051164e-03 -2.98642265e-15 -2.07832508e-03 ...  7.03150886e-03
  6.54020275e-03  8.63168146e-03]

Residual before update:
[ 4.37051055e-03 -2.98830649e-15 -2.07832667e-03 ...  7.03150859e-03
  6.54020249e-03  8.63168114e-03]
Compute pips
###############################
TGFM
###############################
Initialize variables
Warning: 419 variants have NaN gwas_beta. Setting to 0 with large SE.
Iterative optimization

Residual before update:
[ 0.00464027 -0.00254178 -0.00673543 ... -0.00154529 -0.0014801
 -0.00112378]

Residual before update:
[ 0.00464025 -0.00254173 -0.00673508 ... -0.00154527 -0.00148009
 -0.00112376]

Residual before update:
[ 0.00464023 -0.00254167 -0.00673473 ... -0.00154526 -0.00148007
 -0.00112375]

Residual before update:
[ 0.00464021 -0.00254162 -0.00673438 ... -0.00154524 -0.00148006
 -0.00112373]

Residual before update:
[ 0.00464019 -0.00254157 -0.00673403 ... -0.00154523 -0.00148004
 -0.00112372]

Residual before update:
[ 0.00464017 -0.00254152 -0.00673368 ... -0.00154521 -0.00148003
 -0.0011237 ]

Residual before update:
[ 0.00464015 -0.00254146 -0.00673333 ... -0.0015452  -0.00148001
 -0.00112368]

Residual before update:
[ 0.00464014 -0.00254141 -0.00673298 ... -0.00154518 -0.00148
 -0.00112367]

Residual before update:
[ 0.00464012 -0.00254136 -0.00673263 ... -0.00154516 -0.00147998
 -0.00112365]

Residual before update:
[ 0.0046401  -0.00254131 -0.00673228 ... -0.00154515 -0.00147997
 -0.00112364]

Residual before update:
[ 0.0046401  -0.00254131 -0.00673229 ... -0.00154515 -0.00147997
 -0.00112364]

Residual before update:
[ 0.0046401  -0.00254131 -0.00673229 ... -0.00154515 -0.00147997
 -0.00112364]

Residual before update:
[ 0.0046401  -0.00254131 -0.00673229 ... -0.00154515 -0.00147997
 -0.00112364]

Residual before update:
[ 0.0046401  -0.00254131 -0.00673229 ... -0.00154515 -0.00147997
 -0.00112364]

Residual before update:
[ 0.0046401  -0.00254131 -0.00673229 ... -0.00154515 -0.00147997
 -0.00112364]

Residual before update:
[ 0.0046401  -0.00254131 -0.00673229 ... -0.00154515 -0.00147997
 -0.00112364]

Residual before update:
[ 0.0046401  -0.00254131 -0.0067323  ... -0.00154515 -0.00147997
 -0.00112364]

Residual before update:
[ 0.0046401  -0.00254131 -0.0067323  ... -0.00154515 -0.00147997
 -0.00112364]

Residual before update:
[ 0.0046401  -0.00254131 -0.00673229 ... -0.00154515 -0.00147997
 -0.00112364]

Residual before update:
[ 0.0046401  -0.00254131 -0.00673229 ... -0.00154515 -0.00147997
 -0.00112364]

Residual before update:
[ 0.0046401  -0.00254131 -0.00673229 ... -0.00154515 -0.00147997
 -0.00112364]

Residual before update:
[ 0.0046401  -0.00254131 -0.00673229 ... -0.00154515 -0.00147997
 -0.00112364]

Residual before update:
[ 0.0046401  -0.00254131 -0.00673229 ... -0.00154515 -0.00147997
 -0.00112364]

Residual before update:
[ 0.0046401  -0.00254131 -0.00673229 ... -0.00154515 -0.00147997
 -0.00112364]

Residual before update:
[ 0.0046401  -0.00254131 -0.00673229 ... -0.00154515 -0.00147997
 -0.00112364]

Residual before update:
[ 0.0046401  -0.00254131 -0.00673229 ... -0.00154515 -0.00147997
 -0.00112364]

Residual before update:
[ 0.0046401  -0.00254131 -0.00673229 ... -0.00154515 -0.00147997
 -0.00112364]

Residual before update:
[ 0.0046401  -0.00254131 -0.00673229 ... -0.00154515 -0.00147997
 -0.00112364]

Residual before update:
[ 0.0046401  -0.00254131 -0.00673229 ... -0.00154515 -0.00147997
 -0.00112364]

Residual before update:
[ 0.0046401  -0.00254131 -0.00673229 ... -0.00154515 -0.00147997
 -0.00112364]

Residual before update:
[ 0.0046401  -0.00254131 -0.00673229 ... -0.00154515 -0.00147997
 -0.00112364]

Residual before update:
[ 0.0046401  -0.00254131 -0.00673229 ... -0.00154515 -0.00147997
 -0.00112364]

Residual before update:
[ 0.0046401  -0.00254131 -0.00673229 ... -0.00154515 -0.00147997
 -0.00112364]

Residual before update:
[ 0.0046401  -0.00254131 -0.00673229 ... -0.00154515 -0.00147997
 -0.00112364]

Residual before update:
[ 0.0046401  -0.00254131 -0.00673229 ... -0.00154515 -0.00147997
 -0.00112364]

Residual before update:
[ 0.0046401  -0.00254131 -0.00673228 ... -0.00154515 -0.00147997
 -0.00112364]

Residual before update:
[ 0.0046401  -0.00254131 -0.00673228 ... -0.00154515 -0.00147997
 -0.00112364]

Residual before update:
[ 0.0046401  -0.00254131 -0.00673228 ... -0.00154515 -0.00147997
 -0.00112364]

Residual before update:
[ 0.00464009 -0.00254131 -0.00673228 ... -0.00154515 -0.00147997
 -0.00112364]

Residual before update:
[ 0.00464009 -0.00254131 -0.00673228 ... -0.00154515 -0.00147997
 -0.00112364]

Residual before update:
[ 0.00464009 -0.00254131 -0.00673228 ... -0.00154515 -0.00147997
 -0.00112364]

Residual before update:
[ 0.00464009 -0.00254131 -0.00673228 ... -0.00154515 -0.00147997
 -0.00112364]

Residual before update:
[ 0.00464009 -0.00254131 -0.00673228 ... -0.00154515 -0.00147997
 -0.00112364]

Residual before update:
[ 0.00464009 -0.00254131 -0.00673228 ... -0.00154515 -0.00147997
 -0.00112364]

Residual before update:
[ 0.00464009 -0.00254131 -0.00673228 ... -0.00154515 -0.00147997
 -0.00112364]

Residual before update:
[ 0.00464009 -0.00254131 -0.00673228 ... -0.00154515 -0.00147997
 -0.00112364]

Residual before update:
[ 0.00464009 -0.00254131 -0.00673228 ... -0.00154515 -0.00147997
 -0.00112364]

Residual before update:
[ 0.00464009 -0.00254131 -0.00673228 ... -0.00154515 -0.00147997
 -0.00112364]

Residual before update:
[ 0.00464009 -0.00254131 -0.00673228 ... -0.00154515 -0.00147997
 -0.00112364]

Residual before update:
[ 0.00464009 -0.00254131 -0.00673228 ... -0.00154515 -0.00147997
 -0.00112364]
Compute pips
###############################
TGFM
###############################
Initialize variables
Warning: 431 variants have NaN gwas_beta. Setting to 0 with large SE.
Iterative optimization

Residual before update:
[ 0.00191872 -0.00258919  0.00184752 ... -0.00048214 -0.00351342
 -0.00079411]

Residual before update:
[ 0.00191872 -0.00258916  0.00184753 ... -0.00048208 -0.00351338
 -0.00079405]

Residual before update:
[ 0.00191871 -0.00258914  0.00184754 ... -0.00048202 -0.00351334
 -0.00079399]

Residual before update:
[ 0.00191871 -0.00258911  0.00184755 ... -0.00048196 -0.0035133
 -0.00079393]

Residual before update:
[ 0.0019187  -0.00258908  0.00184756 ... -0.00048191 -0.00351326
 -0.00079388]

Residual before update:
[ 0.00191676 -0.00260308  0.00184278 ... -0.00048727 -0.00351373
 -0.00079822]

Residual before update:
[ 0.00191869 -0.00258903  0.00184759 ... -0.00048179 -0.00351318
 -0.00079376]

Residual before update:
[ 0.00191869 -0.002589    0.0018476  ... -0.00048174 -0.00351314
 -0.0007937 ]

Residual before update:
[ 0.00191868 -0.00258898  0.00184761 ... -0.00048168 -0.0035131
 -0.00079364]

Residual before update:
[ 0.00191507 -0.0025955   0.00184724 ... -0.00048342 -0.0035137
 -0.00079566]

Residual before update:
[ 0.00191875 -0.00258907  0.00185681 ... -0.00048156 -0.00350991
 -0.00079331]

Residual before update:
[ 0.00191868 -0.00258895  0.00184762 ... -0.00048162 -0.00351306
 -0.00079359]

Residual before update:
[ 0.00191868 -0.00258895  0.00184762 ... -0.00048162 -0.00351306
 -0.00079359]

Residual before update:
[ 0.00191868 -0.00258895  0.00184762 ... -0.00048162 -0.00351306
 -0.00079359]

Residual before update:
[ 0.00191868 -0.00258895  0.00184762 ... -0.00048162 -0.00351306
 -0.00079359]

Residual before update:
[ 0.00191609 -0.0026005   0.00184363 ... -0.0004868  -0.00351346
 -0.00079782]

Residual before update:
[ 0.00191868 -0.00258895  0.00184762 ... -0.00048162 -0.00351306
 -0.00079359]

Residual before update:
[ 0.00191868 -0.00258895  0.00184762 ... -0.00048162 -0.00351306
 -0.00079359]

Residual before update:
[ 0.00191868 -0.00258895  0.00184762 ... -0.00048162 -0.00351306
 -0.00079359]

Residual before update:
[ 0.00191164 -0.00259508  0.00184719 ... -0.00048374 -0.003514
 -0.00079594]

Residual before update:
[ 0.00191873 -0.00258919  0.00186003 ... -0.000482   -0.00351055
 -0.00079387]

Residual before update:
[ 0.00191868 -0.00258895  0.00184762 ... -0.00048162 -0.00351306
 -0.00079359]

Residual before update:
[ 0.00191868 -0.00258895  0.00184762 ... -0.00048162 -0.00351306
 -0.00079359]

Residual before update:
[ 0.00191868 -0.00258895  0.00184762 ... -0.00048162 -0.00351306
 -0.00079359]

Residual before update:
[ 0.00191868 -0.00258895  0.00184762 ... -0.00048162 -0.00351306
 -0.00079359]

Residual before update:
[ 0.00191393 -0.00259882  0.00184579 ... -0.00048994 -0.00351346
 -0.00080078]

Residual before update:
[ 0.00191868 -0.00258895  0.00184762 ... -0.00048162 -0.00351306
 -0.00079359]

Residual before update:
[ 0.00191868 -0.00258895  0.00184762 ... -0.00048162 -0.00351306
 -0.00079359]

Residual before update:
[ 0.00191868 -0.00258895  0.00184762 ... -0.00048162 -0.00351306
 -0.00079359]

Residual before update:
[ 0.0019124  -0.0025943   0.00184722 ... -0.00048384 -0.00351402
 -0.00079605]

Residual before update:
[ 0.00191873 -0.00258919  0.00186004 ... -0.000482   -0.00351055
 -0.00079387]

Residual before update:
[ 0.00191868 -0.00258895  0.00184762 ... -0.00048162 -0.00351306
 -0.00079359]

Residual before update:
[ 0.00191868 -0.00258895  0.00184762 ... -0.00048162 -0.00351306
 -0.00079359]

Residual before update:
[ 0.00191868 -0.00258895  0.00184762 ... -0.00048162 -0.00351306
 -0.00079359]

Residual before update:
[ 0.00191868 -0.00258895  0.00184762 ... -0.00048162 -0.00351306
 -0.00079359]

Residual before update:
[ 0.00191396 -0.00259877  0.0018458  ... -0.00048989 -0.00351346
 -0.00080074]

Residual before update:
[ 0.00191868 -0.00258895  0.00184762 ... -0.00048162 -0.00351306
 -0.00079359]

Residual before update:
[ 0.00191868 -0.00258895  0.00184762 ... -0.00048162 -0.00351306
 -0.00079359]

Residual before update:
[ 0.00191868 -0.00258895  0.00184762 ... -0.00048162 -0.00351306
 -0.00079359]

Residual before update:
[ 0.00191274 -0.00259402  0.00184724 ... -0.0004838  -0.00351401
 -0.000796  ]

Residual before update:
[ 0.00191873 -0.00258919  0.00186002 ... -0.000482   -0.00351055
 -0.00079387]

Residual before update:
[ 0.00191868 -0.00258895  0.00184762 ... -0.00048162 -0.00351306
 -0.00079359]

Residual before update:
[ 0.00191868 -0.00258895  0.00184762 ... -0.00048162 -0.00351306
 -0.00079358]

Residual before update:
[ 0.00191868 -0.00258895  0.00184762 ... -0.00048162 -0.00351306
 -0.00079358]

Residual before update:
[ 0.00191868 -0.00258895  0.00184762 ... -0.00048162 -0.00351306
 -0.00079358]

Residual before update:
[ 0.00191399 -0.00259871  0.00184581 ... -0.00048985 -0.00351346
 -0.0008007 ]

Residual before update:
[ 0.00191868 -0.00258895  0.00184762 ... -0.00048162 -0.00351306
 -0.00079358]

Residual before update:
[ 0.00191868 -0.00258895  0.00184762 ... -0.00048162 -0.00351306
 -0.00079358]

Residual before update:
[ 0.00191868 -0.00258895  0.00184762 ... -0.00048162 -0.00351305
 -0.00079358]

Residual before update:
[ 0.00191293 -0.00259391  0.00184725 ... -0.00048371 -0.00351398
 -0.0007959 ]
Compute pips
###############################
TGFM
###############################
Initialize variables
Warning: 429 variants have NaN gwas_beta. Setting to 0 with large SE.
Iterative optimization

Residual before update:
[-0.0055376   0.01082255 -0.00401017 ...  0.00205758  0.00171465
  0.00204199]

Residual before update:
[-0.0055376   0.01082252 -0.00401017 ...  0.00205758  0.00171465
  0.00204199]

Residual before update:
[-0.00553759  0.01082249 -0.00401017 ...  0.00205758  0.00171465
  0.00204199]

Residual before update:
[-0.00553759  0.01082246 -0.00401016 ...  0.00205758  0.00171465
  0.002042  ]

Residual before update:
[-0.00553759  0.01082242 -0.00401016 ...  0.00205758  0.00171465
  0.002042  ]

Residual before update:
[-0.00553759  0.01082239 -0.00401016 ...  0.00205759  0.00171466
  0.002042  ]

Residual before update:
[-0.00553758  0.01082236 -0.00401015 ...  0.00205759  0.00171466
  0.002042  ]

Residual before update:
[-0.00553758  0.01082233 -0.00401015 ...  0.00205759  0.00171466
  0.002042  ]

Residual before update:
[-0.00553758  0.0108223  -0.00401014 ...  0.00205759  0.00171466
  0.002042  ]

Residual before update:
[-0.00553757  0.01082227 -0.00401014 ...  0.00205759  0.00171466
  0.002042  ]

Residual before update:
[-0.00553757  0.01082227 -0.00401014 ...  0.00205759  0.00171466
  0.002042  ]

Residual before update:
[-0.00553757  0.01082227 -0.00401014 ...  0.00205759  0.00171466
  0.002042  ]

Residual before update:
[-0.00553757  0.01082227 -0.00401014 ...  0.00205759  0.00171466
  0.002042  ]

Residual before update:
[-0.00553757  0.01082227 -0.00401014 ...  0.00205759  0.00171466
  0.002042  ]

Residual before update:
[-0.00553757  0.01082227 -0.00401014 ...  0.00205759  0.00171466
  0.002042  ]

Residual before update:
[-0.00553757  0.01082227 -0.00401014 ...  0.00205759  0.00171466
  0.002042  ]

Residual before update:
[-0.00553757  0.01082227 -0.00401014 ...  0.00205759  0.00171466
  0.002042  ]

Residual before update:
[-0.00553757  0.01082227 -0.00401014 ...  0.00205759  0.00171466
  0.002042  ]

Residual before update:
[-0.00553757  0.01082227 -0.00401014 ...  0.00205759  0.00171466
  0.002042  ]

Residual before update:
[-0.00553757  0.01082227 -0.00401014 ...  0.00205759  0.00171466
  0.002042  ]

Residual before update:
[-0.00553757  0.01082227 -0.00401014 ...  0.00205759  0.00171466
  0.002042  ]

Residual before update:
[-0.00553757  0.01082227 -0.00401014 ...  0.00205759  0.00171466
  0.002042  ]

Residual before update:
[-0.00553757  0.01082227 -0.00401014 ...  0.00205759  0.00171466
  0.002042  ]

Residual before update:
[-0.00553757  0.01082227 -0.00401014 ...  0.00205759  0.00171466
  0.002042  ]

Residual before update:
[-0.00553757  0.01082227 -0.00401014 ...  0.00205759  0.00171466
  0.002042  ]

Residual before update:
[-0.00553757  0.01082227 -0.00401014 ...  0.00205759  0.00171466
  0.002042  ]

Residual before update:
[-0.00553757  0.01082227 -0.00401014 ...  0.00205759  0.00171466
  0.002042  ]

Residual before update:
[-0.00553757  0.01082227 -0.00401014 ...  0.00205759  0.00171466
  0.002042  ]

Residual before update:
[-0.00553757  0.01082227 -0.00401014 ...  0.00205759  0.00171466
  0.002042  ]

Residual before update:
[-0.00553757  0.01082227 -0.00401014 ...  0.00205759  0.00171466
  0.002042  ]

Residual before update:
[-0.00553757  0.01082227 -0.00401014 ...  0.00205759  0.00171466
  0.002042  ]

Residual before update:
[-0.00553757  0.01082227 -0.00401014 ...  0.00205759  0.00171466
  0.002042  ]

Residual before update:
[-0.00553757  0.01082227 -0.00401014 ...  0.00205759  0.00171466
  0.002042  ]

Residual before update:
[-0.00553757  0.01082227 -0.00401014 ...  0.00205759  0.00171466
  0.002042  ]

Residual before update:
[-0.00553757  0.01082227 -0.00401014 ...  0.00205759  0.00171466
  0.002042  ]

Residual before update:
[-0.00553757  0.01082227 -0.00401014 ...  0.00205759  0.00171466
  0.002042  ]

Residual before update:
[-0.00553757  0.01082227 -0.00401014 ...  0.00205759  0.00171466
  0.002042  ]

Residual before update:
[-0.00553757  0.01082226 -0.00401014 ...  0.00205759  0.00171466
  0.002042  ]

Residual before update:
[-0.00553757  0.01082226 -0.00401014 ...  0.00205759  0.00171466
  0.002042  ]

Residual before update:
[-0.00553757  0.01082226 -0.00401014 ...  0.00205759  0.00171466
  0.002042  ]

Residual before update:
[-0.00553757  0.01082226 -0.00401014 ...  0.00205759  0.00171466
  0.002042  ]

Residual before update:
[-0.00553757  0.01082226 -0.00401014 ...  0.00205759  0.00171466
  0.002042  ]

Residual before update:
[-0.00553757  0.01082226 -0.00401014 ...  0.00205759  0.00171466
  0.002042  ]

Residual before update:
[-0.00553757  0.01082226 -0.00401014 ...  0.00205759  0.00171466
  0.002042  ]

Residual before update:
[-0.00553757  0.01082226 -0.00401014 ...  0.00205759  0.00171466
  0.002042  ]

Residual before update:
[-0.00553757  0.01082226 -0.00401014 ...  0.00205759  0.00171466
  0.002042  ]

Residual before update:
[-0.00553757  0.01082226 -0.00401014 ...  0.00205759  0.00171466
  0.002042  ]

Residual before update:
[-0.00553757  0.01082226 -0.00401014 ...  0.00205759  0.00171466
  0.002042  ]

Residual before update:
[-0.00553757  0.01082226 -0.00401014 ...  0.00205759  0.00171466
  0.002042  ]

Residual before update:
[-0.00553757  0.01082226 -0.00401014 ...  0.00205759  0.00171466
  0.002042  ]
Compute pips
###############################
TGFM
###############################
Initialize variables
Warning: 419 variants have NaN gwas_beta. Setting to 0 with large SE.
Iterative optimization

Residual before update:
[ 0.00467342  0.0037605   0.00482687 ... -0.00430277  0.00128125
  0.00083548]

Residual before update:
[ 0.00467341  0.00376049  0.00482686 ... -0.00430275  0.00128124
  0.00083547]

Residual before update:
[ 0.00467341  0.00376048  0.00482686 ... -0.00430274  0.00128123
  0.00083547]

Residual before update:
[ 0.0046734   0.00376048  0.00482686 ... -0.00430273  0.00128121
  0.00083547]

Residual before update:
[ 0.00463082  0.00371792  0.00482006 ... -0.0043217   0.00126447
  0.00083133]

Residual before update:
[ 0.00467339  0.00376046  0.00482686 ... -0.0043027   0.00128119
  0.00083546]

Residual before update:
[ 0.00467338  0.00376046  0.00482686 ... -0.00430269  0.00128118
  0.00083546]

Residual before update:
[ 0.00467338  0.00376045  0.00482686 ... -0.00430268  0.00128117
  0.00083546]

Residual before update:
[ 0.00467798  0.00376506  0.00483252 ... -0.0042988   0.00128256
  0.0008398 ]

Residual before update:
[ 0.00467336  0.00376044  0.00482686 ... -0.00430265  0.00128115
  0.00083545]

Residual before update:
[ 0.00467336  0.00376044  0.00482686 ... -0.00430265  0.00128115
  0.00083545]

Residual before update:
[ 0.00467336  0.00376044  0.00482686 ... -0.00430265  0.00128115
  0.00083545]

Residual before update:
[ 0.00467336  0.00376044  0.00482686 ... -0.00430265  0.00128115
  0.00083545]

Residual before update:
[ 0.00467336  0.00376044  0.00482686 ... -0.00430265  0.00128115
  0.00083545]

Residual before update:
[ 0.00462084  0.00370793  0.00482017 ... -0.0043176   0.00126379
  0.00083033]

Residual before update:
[ 0.00467336  0.00376044  0.00482686 ... -0.00430265  0.00128115
  0.00083545]

Residual before update:
[ 0.00467336  0.00376044  0.00482686 ... -0.00430265  0.00128115
  0.00083545]

Residual before update:
[ 0.00467336  0.00376044  0.00482686 ... -0.00430265  0.00128115
  0.00083545]

Residual before update:
[ 0.00467642  0.00376348  0.00482615 ... -0.00430477  0.00128084
  0.00083293]

Residual before update:
[ 0.00467336  0.00376044  0.00482686 ... -0.00430265  0.00128115
  0.00083545]

Residual before update:
[ 0.00467336  0.00376044  0.00482686 ... -0.00430265  0.00128115
  0.00083545]

Residual before update:
[ 0.00467336  0.00376044  0.00482686 ... -0.00430265  0.00128115
  0.00083545]

Residual before update:
[ 0.00467336  0.00376044  0.00482686 ... -0.00430265  0.00128115
  0.00083545]

Residual before update:
[ 0.00467336  0.00376044  0.00482686 ... -0.00430265  0.00128115
  0.00083545]

Residual before update:
[ 0.00462084  0.00370793  0.00482017 ... -0.0043176   0.00126379
  0.00083032]

Residual before update:
[ 0.00467336  0.00376044  0.00482686 ... -0.00430265  0.00128115
  0.00083545]

Residual before update:
[ 0.00467336  0.00376044  0.00482686 ... -0.00430265  0.00128115
  0.00083545]

Residual before update:
[ 0.00467336  0.00376044  0.00482686 ... -0.00430265  0.00128115
  0.00083545]

Residual before update:
[ 0.00468436  0.00377142  0.00483099 ... -0.00430113  0.00128271
  0.00083538]

Residual before update:
[ 0.00467336  0.00376044  0.00482686 ... -0.00430265  0.00128115
  0.00083545]

Residual before update:
[ 0.00467336  0.00376044  0.00482686 ... -0.00430265  0.00128115
  0.00083545]

Residual before update:
[ 0.00467336  0.00376044  0.00482686 ... -0.00430265  0.00128115
  0.00083545]

Residual before update:
[ 0.00467336  0.00376044  0.00482686 ... -0.00430265  0.00128115
  0.00083545]

Residual before update:
[ 0.00467336  0.00376044  0.00482686 ... -0.00430265  0.00128115
  0.00083545]

Residual before update:
[ 0.00462086  0.00370795  0.00482017 ... -0.0043176   0.0012638
  0.00083032]

Residual before update:
[ 0.00467336  0.00376044  0.00482686 ... -0.00430265  0.00128115
  0.00083545]

Residual before update:
[ 0.00467336  0.00376044  0.00482686 ... -0.00430265  0.00128115
  0.00083545]

Residual before update:
[ 0.00467336  0.00376044  0.00482686 ... -0.00430265  0.00128115
  0.00083545]

Residual before update:
[ 0.00468434  0.0037714   0.00483101 ... -0.00430145  0.00128275
  0.00083501]

Residual before update:
[ 0.00467336  0.00376044  0.00482686 ... -0.00430265  0.00128115
  0.00083545]

Residual before update:
[ 0.00467336  0.00376044  0.00482686 ... -0.00430265  0.00128115
  0.00083545]

Residual before update:
[ 0.00467336  0.00376044  0.00482686 ... -0.00430265  0.00128115
  0.00083545]

Residual before update:
[ 0.00467336  0.00376044  0.00482686 ... -0.00430265  0.00128115
  0.00083545]

Residual before update:
[ 0.00467336  0.00376044  0.00482686 ... -0.00430265  0.00128115
  0.00083545]

Residual before update:
[ 0.00462087  0.00370796  0.00482017 ... -0.0043176   0.0012638
  0.00083032]

Residual before update:
[ 0.00467336  0.00376044  0.00482686 ... -0.00430265  0.00128115
  0.00083545]

Residual before update:
[ 0.00467336  0.00376044  0.00482686 ... -0.00430265  0.00128115
  0.00083545]

Residual before update:
[ 0.00467336  0.00376044  0.00482686 ... -0.00430265  0.00128115
  0.00083545]

Residual before update:
[ 0.00468384  0.0037709   0.00483086 ... -0.0043015   0.00128267
  0.00083505]

Residual before update:
[ 0.00467336  0.00376044  0.00482686 ... -0.00430265  0.00128115
  0.00083545]
Compute pips
###############################
TGFM
###############################
Initialize variables
Warning: 420 variants have NaN gwas_beta. Setting to 0 with large SE.
Iterative optimization

Residual before update:
[-0.00375195 -0.00715442 -0.00241559 ... -0.00248023 -0.00063607
 -0.00031018]

Residual before update:
[-0.00375195 -0.00715434 -0.00241559 ... -0.00248007 -0.00063603
 -0.00031019]

Residual before update:
[-0.00375195 -0.00715427 -0.00241558 ... -0.00247993 -0.00063598
 -0.00031021]

Residual before update:
[-0.00375196 -0.0071542  -0.00241558 ... -0.0024798  -0.00063594
 -0.00031023]

Residual before update:
[-0.00375196 -0.00715412 -0.00241558 ... -0.00247967 -0.0006359
 -0.00031025]

Residual before update:
[-0.00375196 -0.00715405 -0.00241558 ... -0.00247956 -0.00063586
 -0.00031028]

Residual before update:
[-0.00375196 -0.00715398 -0.00241558 ... -0.00247945 -0.00063582
 -0.0003103 ]

Residual before update:
[-0.00375196 -0.00715391 -0.00241558 ... -0.00247934 -0.00063579
 -0.00031032]

Residual before update:
[-0.00375197 -0.00715383 -0.00241558 ... -0.00247925 -0.00063575
 -0.00031035]

Residual before update:
[-0.00375197 -0.00715376 -0.00241558 ... -0.00247916 -0.00063572
 -0.00031037]

Residual before update:
[-0.00375197 -0.00715376 -0.00241558 ... -0.00247922 -0.00063573
 -0.00031038]

Residual before update:
[-0.00375197 -0.00715377 -0.00241558 ... -0.00247928 -0.00063574
 -0.00031039]

Residual before update:
[-0.00375197 -0.00715377 -0.00241558 ... -0.00247932 -0.00063575
 -0.0003104 ]

Residual before update:
[-0.00375197 -0.00715377 -0.00241558 ... -0.00247936 -0.00063575
 -0.0003104 ]

Residual before update:
[-0.00375197 -0.00715377 -0.00241558 ... -0.00247938 -0.00063576
 -0.00031041]

Residual before update:
[-0.00375197 -0.00715377 -0.00241558 ... -0.0024794  -0.00063576
 -0.00031041]

Residual before update:
[-0.00375197 -0.00715377 -0.00241558 ... -0.00247941 -0.00063576
 -0.00031041]

Residual before update:
[-0.00375197 -0.00715377 -0.00241558 ... -0.00247941 -0.00063576
 -0.00031041]

Residual before update:
[-0.00375197 -0.00715377 -0.00241558 ... -0.00247941 -0.00063576
 -0.00031041]

Residual before update:
[-0.00375197 -0.00715377 -0.00241558 ... -0.0024794  -0.00063576
 -0.00031041]

Residual before update:
[-0.00375197 -0.00715377 -0.00241558 ... -0.00247939 -0.00063576
 -0.00031041]

Residual before update:
[-0.00375197 -0.00715377 -0.00241558 ... -0.00247939 -0.00063576
 -0.00031041]

Residual before update:
[-0.00375197 -0.00715377 -0.00241558 ... -0.00247939 -0.00063576
 -0.00031041]

Residual before update:
[-0.00375197 -0.00715377 -0.00241558 ... -0.00247938 -0.00063576
 -0.00031041]

Residual before update:
[-0.00375197 -0.00715377 -0.00241558 ... -0.00247938 -0.00063576
 -0.00031041]

Residual before update:
[-0.00375197 -0.00715377 -0.00241558 ... -0.00247938 -0.00063576
 -0.00031041]

Residual before update:
[-0.00375197 -0.00715377 -0.00241558 ... -0.00247939 -0.00063576
 -0.00031041]

Residual before update:
[-0.00375197 -0.00715377 -0.00241558 ... -0.00247939 -0.00063576
 -0.00031041]

Residual before update:
[-0.00375197 -0.00715377 -0.00241558 ... -0.00247939 -0.00063576
 -0.00031041]

Residual before update:
[-0.00375197 -0.00715376 -0.00241558 ... -0.00247939 -0.00063576
 -0.00031041]

Residual before update:
[-0.00375197 -0.00715377 -0.00241558 ... -0.00247939 -0.00063576
 -0.00031041]

Residual before update:
[-0.00375197 -0.00715377 -0.00241558 ... -0.00247939 -0.00063576
 -0.00031041]

Residual before update:
[-0.00375197 -0.00715377 -0.00241558 ... -0.00247939 -0.00063576
 -0.00031041]

Residual before update:
[-0.00375197 -0.00715377 -0.00241558 ... -0.00247939 -0.00063576
 -0.00031041]

Residual before update:
[-0.00375197 -0.00715377 -0.00241558 ... -0.00247939 -0.00063576
 -0.00031041]

Residual before update:
[-0.00375197 -0.00715376 -0.00241558 ... -0.00247939 -0.00063576
 -0.00031041]

Residual before update:
[-0.00375197 -0.00715376 -0.00241558 ... -0.00247939 -0.00063576
 -0.00031041]

Residual before update:
[-0.00375197 -0.00715376 -0.00241558 ... -0.00247939 -0.00063576
 -0.00031041]

Residual before update:
[-0.00375197 -0.00715376 -0.00241558 ... -0.00247938 -0.00063576
 -0.00031041]

Residual before update:
[-0.00375197 -0.00715376 -0.00241558 ... -0.00247938 -0.00063576
 -0.00031041]

Residual before update:
[-0.00375197 -0.00715376 -0.00241558 ... -0.00247938 -0.00063576
 -0.00031041]

Residual before update:
[-0.00375197 -0.00715377 -0.00241558 ... -0.00247938 -0.00063576
 -0.00031041]

Residual before update:
[-0.00375197 -0.00715376 -0.00241558 ... -0.00247938 -0.00063576
 -0.00031041]

Residual before update:
[-0.00375197 -0.00715376 -0.00241558 ... -0.00247938 -0.00063576
 -0.00031041]

Residual before update:
[-0.00375197 -0.00715376 -0.00241558 ... -0.00247938 -0.00063576
 -0.00031041]

Residual before update:
[-0.00375197 -0.00715376 -0.00241558 ... -0.00247938 -0.00063576
 -0.00031041]

Residual before update:
[-0.00375197 -0.00715376 -0.00241558 ... -0.00247938 -0.00063576
 -0.00031041]

Residual before update:
[-0.00375197 -0.00715376 -0.00241558 ... -0.00247938 -0.00063576
 -0.00031041]
NaNs in component_non_med_pred at component 8

Residual before update:
[-0.00375197 -0.00715376 -0.00241558 ... -0.00247938 -0.00063576
 -0.00031041]
NaNs in residual_incl_alpha[63, :]
NaN in mixture_alpha_mu: b_terms=[nan nan nan nan nan nan nan nan nan nan nan nan nan nan nan nan nan nan
 nan nan nan]
NaNs in self.residual at bs_iter=63
NaNs in un_normalized_lv_alpha_weights
NaN in normalizing_term
NaNs in residual_incl_alpha[81, :]
NaN in mixture_alpha_mu: b_terms=[nan nan nan nan nan nan nan nan nan nan nan nan nan nan nan nan nan nan
 nan nan nan]
NaNs in self.residual at bs_iter=81
NaNs in un_normalized_lv_alpha_weights
NaN in normalizing_term
NaNs in component_non_med_pred at component 9

Residual before update:
[-0.00375197 -0.00715376 -0.00241558 ... -0.00247938 -0.00063576
 -0.00031041]
NaNs in residual_incl_alpha[63, :]
NaNs in gene_weights for bs_iter=63
NaN in mixture_alpha_mu: b_terms=[nan nan nan nan nan nan nan nan nan nan nan nan nan nan nan nan nan nan
 nan nan nan]
NaNs in self.residual at bs_iter=63
NaNs in un_normalized_lv_alpha_weights
NaN in normalizing_term
NaNs in residual_incl_alpha[81, :]
NaNs in gene_weights for bs_iter=81
NaN in mixture_alpha_mu: b_terms=[nan nan nan nan nan nan nan nan nan nan nan nan nan nan nan nan nan nan
 nan nan nan]
NaNs in self.residual at bs_iter=81
NaNs in un_normalized_lv_alpha_weights
NaN in normalizing_term
Compute pips
NaNs found in gene-tissue pair PIPs at indices: [ 0  1  2  3  4  5  6  7  8  9 10 11 12 13 14 15 16 17 18 19 20]
NaNs found in variant PIPs at indices: [   0    1    2 ... 9833 9834 9835]
NaNs found in gene PIPs at indices: [0 1 2 3 4 5 6]
###############################
TGFM
###############################
Initialize variables
Warning: 424 variants have NaN gwas_beta. Setting to 0 with large SE.
Iterative optimization

Residual before update:
[ 0.0010162  -0.00362322  0.00233158 ... -0.00347468 -0.00373535
 -0.00368554]

Residual before update:
[ 0.0010162  -0.00362321  0.00233158 ... -0.00347452 -0.00373534
 -0.00368554]

Residual before update:
[ 0.0010162  -0.00362319  0.00233159 ... -0.00347437 -0.00373533
 -0.00368553]

Residual before update:
[ 0.0010162  -0.00362317  0.00233159 ... -0.00347422 -0.00373533
 -0.00368552]

Residual before update:
[ 0.0010162  -0.00362316  0.00233159 ... -0.00347407 -0.00373532
 -0.00368552]

Residual before update:
[ 0.0010162  -0.00362314  0.00233159 ... -0.00347393 -0.00373531
 -0.00368551]

Residual before update:
[ 0.0010162  -0.00362312  0.00233159 ... -0.00347378 -0.00373531
 -0.0036855 ]

Residual before update:
[ 0.00101619 -0.00362311  0.00233159 ... -0.00347363 -0.0037353
 -0.0036855 ]

Residual before update:
[ 0.00101619 -0.00362309  0.00233159 ... -0.00347349 -0.0037353
 -0.00368549]

Residual before update:
[ 0.00101619 -0.00362307  0.0023316  ... -0.00347334 -0.00373529
 -0.00368549]

Residual before update:
[ 0.00101619 -0.00362307  0.0023316  ... -0.00347335 -0.00373529
 -0.00368549]

Residual before update:
[ 0.00101619 -0.00362307  0.0023316  ... -0.00347336 -0.00373529
 -0.00368549]

Residual before update:
[ 0.00101619 -0.00362307  0.0023316  ... -0.00347336 -0.00373529
 -0.00368549]

Residual before update:
[ 0.00101619 -0.00362307  0.0023316  ... -0.00347337 -0.00373529
 -0.00368549]

Residual before update:
[ 0.00101619 -0.00362307  0.0023316  ... -0.00347337 -0.00373529
 -0.00368549]

Residual before update:
[ 0.00101619 -0.00362307  0.00233159 ... -0.00347337 -0.0037353
 -0.00368549]

Residual before update:
[ 0.00101619 -0.00362307  0.00233159 ... -0.00347337 -0.0037353
 -0.00368549]

Residual before update:
[ 0.00101619 -0.00362307  0.00233159 ... -0.00347337 -0.0037353
 -0.00368549]

Residual before update:
[ 0.00101619 -0.00362307  0.00233159 ... -0.00347337 -0.0037353
 -0.00368549]

Residual before update:
[ 0.00101619 -0.00362307  0.0023316  ... -0.00347337 -0.0037353
 -0.00368549]

Residual before update:
[ 0.00101619 -0.00362307  0.0023316  ... -0.00347337 -0.0037353
 -0.00368549]

Residual before update:
[ 0.00101619 -0.00362307  0.0023316  ... -0.00347337 -0.0037353
 -0.00368549]

Residual before update:
[ 0.00101619 -0.00362307  0.0023316  ... -0.00347337 -0.0037353
 -0.00368549]

Residual before update:
[ 0.00101619 -0.00362307  0.0023316  ... -0.00347337 -0.00373529
 -0.00368549]

Residual before update:
[ 0.00101619 -0.00362307  0.0023316  ... -0.00347337 -0.00373529
 -0.00368549]

Residual before update:
[ 0.00101619 -0.00362307  0.0023316  ... -0.00347337 -0.00373529
 -0.00368549]

Residual before update:
[ 0.00101619 -0.00362307  0.0023316  ... -0.00347337 -0.00373529
 -0.00368549]

Residual before update:
[ 0.00101619 -0.00362307  0.0023316  ... -0.00347337 -0.00373529
 -0.00368549]

Residual before update:
[ 0.00101619 -0.00362307  0.0023316  ... -0.00347337 -0.00373529
 -0.00368549]

Residual before update:
[ 0.00101619 -0.00362307  0.0023316  ... -0.00347337 -0.00373529
 -0.00368549]

Residual before update:
[ 0.00101619 -0.00362307  0.0023316  ... -0.00347337 -0.00373529
 -0.00368549]

Residual before update:
[ 0.00101619 -0.00362307  0.0023316  ... -0.00347337 -0.00373529
 -0.00368549]

Residual before update:
[ 0.00101619 -0.00362307  0.0023316  ... -0.00347336 -0.00373529
 -0.00368549]

Residual before update:
[ 0.00101619 -0.00362307  0.0023316  ... -0.00347336 -0.00373529
 -0.00368549]

Residual before update:
[ 0.00101619 -0.00362307  0.0023316  ... -0.00347336 -0.00373529
 -0.00368549]

Residual before update:
[ 0.00101619 -0.00362307  0.0023316  ... -0.00347336 -0.00373529
 -0.00368549]

Residual before update:
[ 0.00101619 -0.00362307  0.0023316  ... -0.00347336 -0.00373529
 -0.00368549]

Residual before update:
[ 0.00101619 -0.00362307  0.0023316  ... -0.00347336 -0.00373529
 -0.00368549]

Residual before update:
[ 0.00101619 -0.00362307  0.0023316  ... -0.00347336 -0.00373529
 -0.00368549]

Residual before update:
[ 0.00101619 -0.00362307  0.0023316  ... -0.00347336 -0.00373529
 -0.00368549]

Residual before update:
[ 0.00101619 -0.00362307  0.0023316  ... -0.00347336 -0.00373529
 -0.00368549]

Residual before update:
[ 0.00101619 -0.00362307  0.0023316  ... -0.00347336 -0.00373529
 -0.00368549]

Residual before update:
[ 0.00101619 -0.00362307  0.0023316  ... -0.00347336 -0.00373529
 -0.00368549]

Residual before update:
[ 0.00101619 -0.00362307  0.0023316  ... -0.00347336 -0.00373529
 -0.00368549]

Residual before update:
[ 0.00101619 -0.00362307  0.0023316  ... -0.00347336 -0.00373529
 -0.00368549]

Residual before update:
[ 0.00101619 -0.00362307  0.0023316  ... -0.00347336 -0.00373529
 -0.00368549]

Residual before update:
[ 0.00101619 -0.00362307  0.0023316  ... -0.00347336 -0.00373529
 -0.00368549]

Residual before update:
[ 0.00101619 -0.00362307  0.0023316  ... -0.00347336 -0.00373529
 -0.00368549]

Residual before update:
[ 0.00101619 -0.00362307  0.0023316  ... -0.00347336 -0.00373529
 -0.00368549]

Residual before update:
[ 0.00101619 -0.00362307  0.0023316  ... -0.00347336 -0.00373529
 -0.00368549]
Compute pips
###############################
TGFM
###############################
Initialize variables
Warning: 419 variants have NaN gwas_beta. Setting to 0 with large SE.
Iterative optimization

Residual before update:
[ 0.00042989  0.00125414  0.00025086 ... -0.00313208  0.0042853
 -0.00415933]

Residual before update:
[ 0.00042987  0.00125412  0.00025088 ... -0.00313177  0.00428563
 -0.00415914]

Residual before update:
[ 0.00042985  0.00125411  0.00025091 ... -0.0031315   0.00428593
 -0.00415896]

Residual before update:
[ 0.00042982  0.00125409  0.00025093 ... -0.00313124  0.0042862
 -0.00415879]

Residual before update:
[ 0.00043272  0.00126863  0.0002478  ... -0.0031311   0.00428583
 -0.0041729 ]

Residual before update:
[ 1624.44519014  1108.09287217    44.91686829 ... 10150.95109537
   890.08679106  4481.86180658]

Residual before update:
[ 0.00042975  0.00125404  0.00025098 ... -0.00313055  0.00428689
 -0.00415836]

Residual before update:
[2.44685971e+15 1.66909011e+15 6.76566486e+13 ... 1.52901226e+16
 1.34070780e+15 6.75091879e+15]

Residual before update:
[ 0.00042971  0.001254    0.00025101 ... -0.00313014  0.00428728
 -0.0041581 ]

Residual before update:
[ 0.00042969  0.00125398  0.00025102 ... -0.00312995  0.00428746
 -0.00415798]

Residual before update:
[ 0.00042968  0.00125398  0.00025101 ... -0.00313007  0.0042873
 -0.00415806]

Residual before update:
[ 0.00042968  0.00125397  0.00025099 ... -0.00313015  0.00428718
 -0.00415812]

Residual before update:
[ 0.00042968  0.00125397  0.00025099 ... -0.00313022  0.0042871
 -0.00415816]

Residual before update:
[ 0.00042968  0.00125396  0.00025098 ... -0.00313026  0.00428704
 -0.00415819]

Residual before update:
[ 0.00042758  0.0012453   0.00024874 ... -0.00313162  0.00429111
 -0.00417123]

Residual before update:
[6.30316973e+18 2.32408314e+18 5.89034477e+17 ... 3.61961215e+19
 1.63055186e+19 2.31519175e+19]

Residual before update:
[ 0.00042968  0.00125396  0.00025097 ... -0.0031303   0.00428698
 -0.00415822]

Residual before update:
[-6.96065481e+48 -4.74811043e+48 -1.92464887e+47 ... -4.34962678e+49
 -3.81395146e+48 -1.92045401e+49]

Residual before update:
[ 0.00042968  0.00125396  0.00025098 ... -0.00313028  0.00428701
 -0.0041582 ]

Residual before update:
[ 0.00042968  0.00125396  0.00025098 ... -0.00313026  0.00428704
 -0.00415819]

Residual before update:
[ 0.00042968  0.00125396  0.00025098 ... -0.00313025  0.00428705
 -0.00415818]

Residual before update:
[ 0.00042968  0.00125396  0.00025098 ... -0.00313025  0.00428706
 -0.00415818]

Residual before update:
[ 0.00042968  0.00125396  0.00025098 ... -0.00313024  0.00428706
 -0.00415818]

Residual before update:
[ 0.00042968  0.00125396  0.00025098 ... -0.00313024  0.00428706
 -0.00415818]

Residual before update:
[ 0.00042891  0.00125079  0.00024993 ... -0.00313097  0.00429294
 -0.00416881]

Residual before update:
[-2.21187974e+42 -1.50880194e+42 -6.11594543e+40 ... -1.38217627e+43
 -1.21195593e+42 -6.10260734e+42]

Residual before update:
[ 0.00042968  0.00125396  0.00025098 ... -0.00313025  0.00428706
 -0.00415818]

Residual before update:
[1.98648487e+82 1.35505204e+82 5.49271003e+80 ... 1.24132973e+83
 1.08845462e+82 5.48073842e+82]

Residual before update:
[ 0.00042968  0.00125396  0.00025098 ... -0.00313025  0.00428705
 -0.00415818]

Residual before update:
[ 0.00042968  0.00125396  0.00025098 ... -0.00313025  0.00428705
 -0.00415818]

Residual before update:
[ 0.00042968  0.00125396  0.00025098 ... -0.00313025  0.00428705
 -0.00415818]

Residual before update:
[ 0.00042968  0.00125396  0.00025098 ... -0.00313025  0.00428705
 -0.00415818]

Residual before update:
[ 0.00042968  0.00125396  0.00025098 ... -0.00313025  0.00428705
 -0.00415818]

Residual before update:
[ 0.00042968  0.00125396  0.00025098 ... -0.00313024  0.00428705
 -0.00415818]

Residual before update:
[ 0.00042938  0.00125122  0.00024963 ... -0.00313099  0.00429285
 -0.00416862]

Residual before update:
[-8.62360705e+57 -3.17387685e+57 -8.06781134e+56 ... -4.94970162e+58
 -2.23367398e+58 -3.16816422e+58]

Residual before update:
[ 0.00042968  0.00125396  0.00025098 ... -0.00313024  0.00428706
 -0.00415817]

Residual before update:
[-5.66918234e+115 -3.86715109e+115 -1.56755157e+114 ... -3.54260167e+116
 -3.10631498e+115 -1.56413502e+116]

Residual before update:
[ 0.00042968  0.00125396  0.00025098 ... -0.00313024  0.00428706
 -0.00415817]

Residual before update:
[ 0.00042968  0.00125396  0.00025098 ... -0.00313024  0.00428706
 -0.00415817]

Residual before update:
[ 0.00042968  0.00125396  0.00025098 ... -0.00313024  0.00428706
 -0.00415817]

Residual before update:
[ 0.00042968  0.00125396  0.00025098 ... -0.00313024  0.00428706
 -0.00415817]

Residual before update:
[ 0.00042968  0.00125396  0.00025098 ... -0.00313024  0.00428706
 -0.00415817]

Residual before update:
[ 0.00042968  0.00125396  0.00025098 ... -0.00313023  0.00428706
 -0.00415817]

Residual before update:
[ 4.99278573e-04  1.82614440e-03  5.42193532e-05 ... -3.07173197e-03
  4.33329017e-03 -4.88759023e-03]

Residual before update:
[3.01692623e+81 2.05795282e+81 8.34193463e+79 ... 1.88523986e+82
 1.65306529e+81 8.32374195e+81]

Residual before update:
[ 0.00042968  0.00125396  0.00025098 ... -0.00313023  0.00428707
 -0.00415817]

Residual before update:
[1.61791459e+149 1.10363713e+149 4.47359847e+147 ... 1.01101474e+150
 8.86503909e+148 4.46384806e+149]
NaNs in component_non_med_pred at component 8

Residual before update:
[ 0.00042968  0.00125396  0.00025098 ... -0.00313023  0.00428707
 -0.00415817]
NaNs in residual_incl_alpha[7, :]
NaN in mixture_alpha_mu: b_terms=[nan nan nan nan nan nan nan nan nan nan]
NaNs in self.residual at bs_iter=7
NaNs in un_normalized_lv_alpha_weights
NaN in normalizing_term
NaNs in component_non_med_pred at component 9

Residual before update:
[ 0.00042968  0.00125396  0.00025098 ... -0.00313023  0.00428707
 -0.00415817]
NaNs in residual_incl_alpha[7, :]
NaNs in gene_weights for bs_iter=7
NaN in mixture_alpha_mu: b_terms=[nan nan nan nan nan nan nan nan nan nan]
NaNs in self.residual at bs_iter=7
NaNs in un_normalized_lv_alpha_weights
NaN in normalizing_term
Compute pips
NaNs found in gene-tissue pair PIPs at indices: [0 1 2 3 4 5 6 7 8 9]
NaNs found in variant PIPs at indices: [    0     1     2 ... 13659 13660 13661]
NaNs found in gene PIPs at indices: [0 1 2]
###############################
TGFM
###############################
Initialize variables
Warning: 455 variants have NaN gwas_beta. Setting to 0 with large SE.
Finished processing final TGFM

------------------------------------------------------------
Sender: LSF System <lsfadmin@node-13-16>
Subject: Job 740122[5]: <run_final_TGFM_IBD[1-50]> in cluster <farm22> Done

Job <run_final_TGFM_IBD[1-50]> was submitted from host <farm22-head2> by user <bh18> in cluster <farm22> at Thu Apr 30 14:08:19 2026
Job was executed on host(s) <node-13-16>, in queue <long>, as user <bh18> in cluster <farm22> at Thu Apr 30 14:14:30 2026
</nfs/users/nfs_b/bh18> was used as the home directory.
</lustre/scratch127/humgen/projects_v2/sc-eqtl-ibd/analysis/bradley_analysis/IBDverse/TGFM> was used as the working directory.
Started at Thu Apr 30 14:14:30 2026
Terminated at Thu Apr 30 15:06:47 2026
Results reported at Thu Apr 30 15:06:47 2026

Your job looked like:

------------------------------------------------------------
# LSBATCH: User input
bash execution_scripts_BH/run_TGFM-BH-MCP.sh -t IBD
------------------------------------------------------------

Successfully completed.

Resource usage summary:

    CPU time :                                   2904.08 sec.
    Max Memory :                                 8566 MB
    Average Memory :                             5607.77 MB
    Total Requested Memory :                     30000.00 MB
    Delta Memory :                               21434.00 MB
    Max Swap :                                   2 MB
    Max Processes :                              5
    Max Threads :                                14
    Run time :                                   3137 sec.
    Turnaround time :                            3508 sec.

The output (if any) is above this job summary.



PS:

Read file <logs/run_final_TGFM-IBD-5-740122-error.log> for stderr output of this job.

