Processing chunk 13...
###############################
TGFM
###############################
Initialize variables
Warning: 325 variants have NaN gwas_beta. Setting to 0 with large SE.
Iterative optimization

Residual before update:
[-0.00983297 -0.00995863  0.         ... -0.00609592 -0.01201857
  0.00204199]

Residual before update:
[-9.83270205e-03 -9.95836364e-03  4.04088637e-17 ... -6.09598696e-03
 -1.20183122e-02  2.04191488e-03]

Residual before update:
[-9.83243764e-03 -9.95809984e-03  7.22675892e-17 ... -6.09605782e-03
 -1.20180512e-02  2.04184042e-03]

Residual before update:
[-9.83258904e-03 -9.95826071e-03  6.91713148e-16 ... -6.09598655e-03
 -1.20180078e-02  2.04183474e-03]

Residual before update:
[-9.83191411e-03 -9.95757742e-03  1.50010756e-16 ... -6.09619801e-03
 -1.20175241e-02  2.04169669e-03]

Residual before update:
[-9.83165501e-03 -9.95731884e-03  1.83245403e-16 ... -6.09626745e-03
 -1.20172587e-02  2.04162629e-03]

Residual before update:
[-9.83139755e-03 -9.95706187e-03  2.07547766e-16 ... -6.09633647e-03
 -1.20169917e-02  2.04155638e-03]

Residual before update:
[-9.83114097e-03 -9.95680574e-03  2.45931393e-16 ... -6.09640494e-03
 -1.20167235e-02  2.04148860e-03]

Residual before update:
[-9.83088610e-03 -9.95655131e-03  2.75602119e-16 ... -6.09647311e-03
 -1.20164542e-02  2.04142112e-03]

Residual before update:
[-9.83063399e-03 -9.95629964e-03  2.31886171e-16 ... -6.09654143e-03
 -1.20161862e-02  2.04134928e-03]

Residual before update:
[-9.83064646e-03 -9.95631183e-03  2.89119730e-16 ... -6.09653710e-03
 -1.20161727e-02  2.04136411e-03]

Residual before update:
[-9.83065682e-03 -9.95632198e-03  2.78319448e-16 ... -6.09653409e-03
 -1.20161619e-02  2.04137170e-03]

Residual before update:
[-9.83066529e-03 -9.95633029e-03  2.41007811e-16 ... -6.09653181e-03
 -1.20161535e-02  2.04137573e-03]

Residual before update:
[ 1.42356746e+00  1.46255113e+00 -2.02614112e-09 ... -2.81889133e-01
  3.78770093e-01 -2.55538233e-01]

Residual before update:
[-9.83067503e-03 -9.95633981e-03  2.57904041e-16 ... -6.09652823e-03
 -1.20161406e-02  2.04138584e-03]

Residual before update:
[-9.83067768e-03 -9.95634240e-03  2.54662123e-16 ... -6.09652726e-03
 -1.20161369e-02  2.04138809e-03]

Residual before update:
[-9.83067882e-03 -9.95634351e-03  2.41820240e-16 ... -6.09652674e-03
 -1.20161336e-02  2.04138850e-03]

Residual before update:
[-9.83067821e-03 -9.95634288e-03  2.52930366e-16 ... -6.09652642e-03
 -1.20161319e-02  2.04138971e-03]

Residual before update:
[-9.83067674e-03 -9.95634143e-03  2.54057466e-16 ... -6.09652670e-03
 -1.20161311e-02  2.04138916e-03]

Residual before update:
[-9.83067487e-03 -9.95633962e-03  1.86407128e-16 ... -6.09652801e-03
 -1.20161326e-02  2.04138266e-03]

Residual before update:
[-9.83067324e-03 -9.95633798e-03  2.55702761e-16 ... -6.09652765e-03
 -1.20161331e-02  2.04138718e-03]

Residual before update:
[-9.83067149e-03 -9.95633625e-03  2.56635635e-16 ... -6.09652808e-03
 -1.20161326e-02  2.04138643e-03]

Residual before update:
[-9.83067018e-03 -9.95633495e-03  2.28661564e-16 ... -6.09652869e-03
 -1.20161320e-02  2.04138381e-03]

Residual before update:
[ 6.50754199e-02  4.44757173e-02  5.40095899e-09 ...  6.73194328e-01
 -5.27187878e-01 -3.63247348e-02]

Residual before update:
[-9.83066768e-03 -9.95633246e-03  2.57474894e-16 ... -6.09652905e-03
 -1.20161299e-02  2.04138521e-03]

Residual before update:
[-9.83066684e-03 -9.95633162e-03  2.57552347e-16 ... -6.09652932e-03
 -1.20161289e-02  2.04138496e-03]

Residual before update:
[-9.83066584e-03 -9.95633062e-03  2.46494376e-16 ... -6.09652966e-03
 -1.20161270e-02  2.04138390e-03]

Residual before update:
[-9.83066487e-03 -9.95632964e-03  2.58111288e-16 ... -6.09652966e-03
 -1.20161257e-02  2.04138470e-03]

Residual before update:
[-9.83066401e-03 -9.95632877e-03  2.58568611e-16 ... -6.09652993e-03
 -1.20161243e-02  2.04138451e-03]

Residual before update:
[-9.83066312e-03 -9.95632792e-03  1.88961119e-16 ... -6.09653105e-03
 -1.20161234e-02  2.04137892e-03]

Residual before update:
[-9.83066337e-03 -9.95632813e-03  2.57352802e-16 ... -6.09653023e-03
 -1.20161237e-02  2.04138441e-03]

Residual before update:
[-9.83066236e-03 -9.95632712e-03  2.57525314e-16 ... -6.09653050e-03
 -1.20161225e-02  2.04138415e-03]

Residual before update:
[-9.83066120e-03 -9.95632597e-03  2.29016590e-16 ... -6.09653109e-03
 -1.20161212e-02  2.04138173e-03]

Residual before update:
[ 3.17985353e-01  3.04910699e-01  4.56153595e-09 ...  5.59602770e-01
 -1.78756308e-01 -4.75477459e-02]

Residual before update:
[-9.83065915e-03 -9.95632392e-03  2.57699872e-16 ... -6.09653133e-03
 -1.20161191e-02  2.04138332e-03]

Residual before update:
[-9.83065820e-03 -9.95632297e-03  2.57862439e-16 ... -6.09653163e-03
 -1.20161183e-02  2.04138301e-03]

Residual before update:
[-9.83065682e-03 -9.95632161e-03  2.46918987e-16 ... -6.09653205e-03
 -1.20161162e-02  2.04138178e-03]

Residual before update:
[-9.83065590e-03 -9.95632068e-03  2.58719137e-16 ... -6.09653203e-03
 -1.20161154e-02  2.04138253e-03]

Residual before update:
[-9.83065488e-03 -9.95631965e-03  2.59308044e-16 ... -6.09653234e-03
 -1.20161140e-02  2.04138225e-03]

Residual before update:
[-9.83065321e-03 -9.95631803e-03  1.89540894e-16 ... -6.09653367e-03
 -1.20161124e-02  2.04137642e-03]

Residual before update:
[-9.83065418e-03 -9.95631895e-03  2.58181059e-16 ... -6.09653265e-03
 -1.20161135e-02  2.04138210e-03]

Residual before update:
[-9.83065315e-03 -9.95631793e-03  2.58357523e-16 ... -6.09653292e-03
 -1.20161123e-02  2.04138183e-03]
NaNs in component_non_med_pred at component 2

Residual before update:
[-9.83065173e-03 -9.95631652e-03  2.29742177e-16 ... -6.09653358e-03
 -1.20161107e-02  2.04137935e-03]
NaNs in residual_incl_alpha[88, :]
NaN in mixture_alpha_mu: b_terms=[nan nan nan nan]
NaNs in self.residual at bs_iter=88
NaNs in un_normalized_lv_alpha_weights
NaN in normalizing_term
NaNs in component_non_med_pred at component 3

Residual before update:
[ 3.66784789e-01  3.55386313e-01  4.42271525e-09 ...  5.35520526e-01
 -4.45768056e-03 -4.63865415e-02]
NaNs in residual_incl_alpha[88, :]
NaNs in gene_weights for bs_iter=88
NaN in mixture_alpha_mu: b_terms=[nan nan nan nan]
NaNs in self.residual at bs_iter=88
NaNs in un_normalized_lv_alpha_weights
NaN in normalizing_term
NaNs in component_non_med_pred at component 4

Residual before update:
[-9.83064997e-03 -9.95631476e-03  2.58484054e-16 ... -6.09653374e-03
 -1.20161089e-02  2.04138104e-03]
NaNs in residual_incl_alpha[19, :]
NaN in mixture_alpha_mu: b_terms=[nan nan nan nan]
NaNs in self.residual at bs_iter=19
NaNs in un_normalized_lv_alpha_weights
NaN in normalizing_term
NaNs in residual_incl_alpha[88, :]
NaNs in gene_weights for bs_iter=88
NaN in mixture_alpha_mu: b_terms=[nan nan nan nan]
NaNs in self.residual at bs_iter=88
NaNs in un_normalized_lv_alpha_weights
NaN in normalizing_term
NaNs in component_non_med_pred at component 5

Residual before update:
[-9.83064902e-03 -9.95631381e-03  2.58632954e-16 ... -6.09653405e-03
 -1.20161080e-02  2.04138074e-03]
NaNs in residual_incl_alpha[19, :]
NaNs in gene_weights for bs_iter=19
NaN in mixture_alpha_mu: b_terms=[nan nan nan nan]
NaNs in self.residual at bs_iter=19
NaNs in un_normalized_lv_alpha_weights
NaN in normalizing_term
NaNs in residual_incl_alpha[88, :]
NaNs in gene_weights for bs_iter=88
NaN in mixture_alpha_mu: b_terms=[nan nan nan nan]
NaNs in self.residual at bs_iter=88
NaNs in un_normalized_lv_alpha_weights
NaN in normalizing_term
NaNs in component_non_med_pred at component 6

Residual before update:
[-9.83064743e-03 -9.95631223e-03  2.47652448e-16 ... -6.09653453e-03
 -1.20161056e-02  2.04137946e-03]
NaNs in residual_incl_alpha[19, :]
NaNs in gene_weights for bs_iter=19
NaN in mixture_alpha_mu: b_terms=[nan nan nan nan]
NaNs in self.residual at bs_iter=19
NaNs in un_normalized_lv_alpha_weights
NaN in normalizing_term
NaNs in residual_incl_alpha[88, :]
NaNs in gene_weights for bs_iter=88
NaN in mixture_alpha_mu: b_terms=[nan nan nan nan]
NaNs in self.residual at bs_iter=88
NaNs in un_normalized_lv_alpha_weights
NaN in normalizing_term
NaNs in component_non_med_pred at component 7

Residual before update:
[-9.83064673e-03 -9.95631151e-03  2.59478003e-16 ... -6.09653445e-03
 -1.20161050e-02  2.04138027e-03]
NaNs in residual_incl_alpha[19, :]
NaNs in gene_weights for bs_iter=19
NaN in mixture_alpha_mu: b_terms=[nan nan nan nan]
NaNs in self.residual at bs_iter=19
NaNs in un_normalized_lv_alpha_weights
NaN in normalizing_term
NaNs in residual_incl_alpha[88, :]
NaNs in gene_weights for bs_iter=88
NaN in mixture_alpha_mu: b_terms=[nan nan nan nan]
NaNs in self.residual at bs_iter=88
NaNs in un_normalized_lv_alpha_weights
NaN in normalizing_term
NaNs in component_non_med_pred at component 8

Residual before update:
[-9.83064567e-03 -9.95631045e-03  2.60070937e-16 ... -6.09653476e-03
 -1.20161036e-02  2.04137998e-03]
NaNs in residual_incl_alpha[19, :]
NaNs in gene_weights for bs_iter=19
NaN in mixture_alpha_mu: b_terms=[nan nan nan nan]
NaNs in self.residual at bs_iter=19
NaNs in un_normalized_lv_alpha_weights
NaN in normalizing_term
NaNs in residual_incl_alpha[88, :]
NaNs in gene_weights for bs_iter=88
NaN in mixture_alpha_mu: b_terms=[nan nan nan nan]
NaNs in self.residual at bs_iter=88
NaNs in un_normalized_lv_alpha_weights
NaN in normalizing_term
NaNs in component_non_med_pred at component 9

Residual before update:
[-9.83064328e-03 -9.95630811e-03  1.90075487e-16 ... -6.09653629e-03
 -1.20161012e-02  2.04137395e-03]
NaNs in residual_incl_alpha[19, :]
NaNs in gene_weights for bs_iter=19
NaN in mixture_alpha_mu: b_terms=[nan nan nan nan]
NaNs in self.residual at bs_iter=19
NaNs in un_normalized_lv_alpha_weights
NaN in normalizing_term
NaNs in residual_incl_alpha[88, :]
NaNs in gene_weights for bs_iter=88
NaN in mixture_alpha_mu: b_terms=[nan nan nan nan]
NaNs in self.residual at bs_iter=88
NaNs in un_normalized_lv_alpha_weights
NaN in normalizing_term
Compute pips
NaNs found in gene-tissue pair PIPs at indices: [0 1 2 3]
NaNs found in variant PIPs at indices: [   0    1    2 ... 7899 7900 7901]
NaNs found in gene PIPs at indices: [0 1]
###############################
TGFM
###############################
Initialize variables
Warning: 305 variants have NaN gwas_beta. Setting to 0 with large SE.
Iterative optimization

Residual before update:
[-0.0109145   0.00408398  0.00246847 ... -0.00261205 -0.00241054
  0.0055376 ]

Residual before update:
[-0.01091015  0.00410506  0.00247503 ... -0.00260563 -0.00236302
  0.0055486 ]

Residual before update:
[-0.010907    0.00408417  0.00246854 ... -0.00261211 -0.00241054
  0.00553754]

Residual before update:
[-0.0109067   0.00408418  0.00246853 ... -0.00261186 -0.00241025
  0.00553786]

Residual before update:
[-0.01090009  0.00408435  0.00246861 ... -0.00261216 -0.00241053
  0.00553747]

Residual before update:
[-0.01089683  0.00408443  0.00246865 ... -0.00261219 -0.00241053
  0.00553744]

Residual before update:
[-0.01089368  0.00408451  0.00246868 ... -0.00261222 -0.00241052
  0.00553741]

Residual before update:
[-0.01089063  0.00408459  0.00246871 ... -0.00261225 -0.00241052
  0.00553738]

Residual before update:
[-0.01088768  0.00408466  0.00246874 ... -0.00261228 -0.00241052
  0.00553735]

Residual before update:
[-0.01088482  0.00408473  0.00246876 ... -0.0026123  -0.00241051
  0.00553732]

Residual before update:
[-0.01088588  0.0040847   0.00246875 ... -0.0026123  -0.00241051
  0.00553732]

Residual before update:
[-0.01089486  0.00410529  0.00247428 ... -0.00260549 -0.00236265
  0.00554866]

Residual before update:
[-0.01088738  0.00408466  0.00246874 ... -0.0026123  -0.00241051
  0.00553733]

Residual before update:
[-0.01089411  0.00408452  0.00246865 ... -0.00261063 -0.00240828
  0.00553922]

Residual before update:
[-0.01088824  0.00408463  0.00246873 ... -0.0026123  -0.00241051
  0.00553733]

Residual before update:
[-0.01088848  0.00408462  0.00246872 ... -0.0026123  -0.00241051
  0.00553733]

Residual before update:
[-0.01088861  0.00408462  0.00246872 ... -0.0026123  -0.00241051
  0.00553733]

Residual before update:
[-0.01088864  0.00408462  0.00246872 ... -0.0026123  -0.00241051
  0.00553733]

Residual before update:
[-0.01088857  0.00408462  0.00246872 ... -0.0026123  -0.00241051
  0.00553733]

Residual before update:
[-0.01088843  0.00408463  0.00246872 ... -0.0026123  -0.00241051
  0.00553733]

Residual before update:
[-0.01088834  0.00408463  0.00246872 ... -0.0026123  -0.00241051
  0.00553733]

Residual before update:
[-0.01090517  0.00410525  0.00247357 ... -0.00260543 -0.00236246
  0.00554875]

Residual before update:
[-0.01088822  0.00408463  0.00246873 ... -0.0026123  -0.00241051
  0.00553733]

Residual before update:
[-0.01089441  0.0040845   0.00246863 ... -0.00261071 -0.00240838
  0.00553914]

Residual before update:
[-0.01088818  0.00408463  0.00246873 ... -0.0026123  -0.00241051
  0.00553733]

Residual before update:
[-0.01088818  0.00408463  0.00246873 ... -0.0026123  -0.00241051
  0.00553733]

Residual before update:
[-0.01088818  0.00408463  0.00246873 ... -0.0026123  -0.00241051
  0.00553733]

Residual before update:
[-0.01088818  0.00408463  0.00246873 ... -0.0026123  -0.00241051
  0.00553733]

Residual before update:
[-0.01088818  0.00408463  0.00246873 ... -0.0026123  -0.00241051
  0.00553733]

Residual before update:
[-0.01088817  0.00408463  0.00246873 ... -0.0026123  -0.00241051
  0.00553733]

Residual before update:
[-0.01088818  0.00408463  0.00246873 ... -0.0026123  -0.00241051
  0.00553733]

Residual before update:
[-0.01091254  0.00410466  0.00247361 ... -0.00260506 -0.00236331
  0.00554912]

Residual before update:
[-0.01088816  0.00408463  0.00246873 ... -0.0026123  -0.00241051
  0.00553733]

Residual before update:
[-0.01089431  0.0040845   0.00246863 ... -0.0026107  -0.00240836
  0.00553915]

Residual before update:
[-0.01088813  0.00408463  0.00246873 ... -0.0026123  -0.00241051
  0.00553733]

Residual before update:
[-0.01088812  0.00408463  0.00246873 ... -0.0026123  -0.00241051
  0.00553733]

Residual before update:
[-0.0108881   0.00408463  0.00246873 ... -0.0026123  -0.00241051
  0.00553733]

Residual before update:
[-0.01088809  0.00408463  0.00246873 ... -0.0026123  -0.00241051
  0.00553733]

Residual before update:
[-0.01088808  0.00408463  0.00246873 ... -0.0026123  -0.00241051
  0.00553733]

Residual before update:
[-0.01088807  0.00408463  0.00246873 ... -0.0026123  -0.00241051
  0.00553732]

Residual before update:
[-0.01088807  0.00408463  0.00246873 ... -0.0026123  -0.00241051
  0.00553733]

Residual before update:
[-0.01091209  0.00410442  0.00247316 ... -0.00260466 -0.002363
  0.0055494 ]

Residual before update:
[-0.01088805  0.00408464  0.00246873 ... -0.0026123  -0.00241051
  0.00553732]

Residual before update:
[-0.01089419  0.00408451  0.00246863 ... -0.00261069 -0.00240834
  0.00553916]

Residual before update:
[-0.01088802  0.00408464  0.00246873 ... -0.0026123  -0.00241051
  0.00553732]

Residual before update:
[-0.01088802  0.00408464  0.00246873 ... -0.0026123  -0.00241051
  0.00553732]

Residual before update:
[-0.010888    0.00408464  0.00246873 ... -0.0026123  -0.00241051
  0.00553732]

Residual before update:
[-0.01088799  0.00408464  0.00246873 ... -0.0026123  -0.00241051
  0.00553732]

Residual before update:
[-0.01088798  0.00408464  0.00246873 ... -0.0026123  -0.00241051
  0.00553732]

Residual before update:
[-0.01088797  0.00408464  0.00246873 ... -0.0026123  -0.00241051
  0.00553732]
Compute pips
###############################
TGFM
###############################
Initialize variables
Warning: 327 variants have NaN gwas_beta. Setting to 0 with large SE.
Iterative optimization

Residual before update:
[ 1.31575944e-03  4.40207960e-03  1.69459776e-05 ... -2.53329624e-03
  3.09392470e-03  5.09399732e-03]

Residual before update:
[ 1.31326445e-03  4.39622841e-03  1.45418801e-05 ... -2.57029868e-03
  3.07992557e-03  5.09121375e-03]

Residual before update:
[ 1.26829386e-03  4.39329552e-03 -3.65550550e-05 ... -2.53860001e-03
  3.08205984e-03  4.98447094e-03]

Residual before update:
[ 1.32638831e-03  4.40381551e-03  2.88795060e-05 ... -2.53216533e-03
  3.09648526e-03  5.11802467e-03]

Residual before update:
[ 1.32211183e-03  4.34640356e-03  2.14063335e-05 ... -2.74958006e-03
  2.28328608e-03  5.22402926e-03]

Residual before update:
[ 0.00105192  0.00441135 -0.00024453 ... -0.00167141  0.00335868
  0.00533914]

Residual before update:
[ 1.32503581e-03  4.40972506e-03  2.73983718e-05 ... -2.53107441e-03
  3.09514421e-03  5.09336746e-03]

Residual before update:
[ 1.31652991e-03  4.40172878e-03  1.77129025e-05 ... -2.53328225e-03
  3.09391455e-03  5.09456870e-03]

Residual before update:
[ 1.30746045e-03  4.40477939e-03  8.37302568e-06 ... -2.53333628e-03
  3.09099607e-03  5.09338422e-03]

Residual before update:
[ 0.00168321  0.0043719   0.00042856 ... -0.00246246  0.00308514
  0.00518892]

Residual before update:
[-0.15167358 -0.10422658 -0.15616774 ... -0.22574958 -0.19321789
  0.57668305]

Residual before update:
[ 0.00246812  0.0061815   0.0012227  ... -0.00090587  0.00510913
  0.0033319 ]

Residual before update:
[ 1.30787180e-03  4.37105210e-03  3.02793170e-06 ... -2.49278239e-03
  3.07018887e-03  4.98290952e-03]

Residual before update:
[ 1.32551421e-03  4.40217328e-03  2.80466722e-05 ... -2.53553467e-03
  3.09370233e-03  5.12641570e-03]

Residual before update:
[ 1.40434003e-03  4.64914096e-03  9.21953022e-05 ... -1.50648155e-03
  5.46389698e-03  7.35640416e-03]

Residual before update:
[ 0.0009674   0.00437397 -0.00032502 ... -0.00231039  0.0031806
  0.00516993]

Residual before update:
[ 1.32352484e-03  4.40915162e-03  2.58335731e-05 ... -2.53257375e-03
  3.09381501e-03  5.09665632e-03]

Residual before update:
[ 1.31675524e-03  4.40163163e-03  1.79370286e-05 ... -2.53321663e-03
  3.09391468e-03  5.09471756e-03]

Residual before update:
[ 0.00140119  0.00440447  0.00010305 ... -0.00253273  0.00311446
  0.00510079]

Residual before update:
[ 0.00153826  0.00438355  0.00026388 ... -0.00248921  0.00308876
  0.00506345]

Residual before update:
[1.16298324 0.96110369 1.32399881 ... 0.10175368 0.00927077 0.36290298]

Residual before update:
[ 0.00202512  0.00585925  0.00077681 ... -0.00162895  0.00446065
  0.00517013]

Residual before update:
[ 1.27916026e-03  4.38671639e-03 -2.53572950e-05 ... -2.53453470e-03
  3.07765083e-03  4.96404448e-03]

Residual before update:
[ 1.32800943e-03  4.40431003e-03  3.05155183e-05 ... -2.52989583e-03
  3.09840529e-03  5.11062470e-03]

Residual before update:
[ 1.40371950e-03  4.64936749e-03  8.81698271e-05 ... -1.92156598e-03
  5.25796340e-03  7.23612043e-03]

Residual before update:
[ 0.00106216  0.00438178 -0.00023144 ... -0.00238769  0.00314541
  0.00512932]

Residual before update:
[ 1.32422204e-03  4.40880645e-03  2.65586163e-05 ... -2.53253170e-03
  3.09405877e-03  5.09588368e-03]

Residual before update:
[ 1.31675900e-03  4.40162948e-03  1.79407852e-05 ... -2.53322084e-03
  3.09391444e-03  5.09472013e-03]

Residual before update:
[ 0.00140227  0.00440453  0.00010414 ... -0.00253258  0.0031142
  0.00510074]

Residual before update:
[ 0.00143659  0.00442195  0.00014772 ... -0.00252224  0.00309353
  0.00510671]

Residual before update:
[1.15763495 0.96041905 1.31797114 ... 0.10124972 0.00791905 0.34937753]

Residual before update:
[ 0.0020265   0.00585944  0.00077837 ... -0.00162885  0.00446093
  0.00517347]

Residual before update:
[ 1.27149570e-03  4.39230755e-03 -3.32553378e-05 ... -2.53769447e-03
  3.08195763e-03  4.98066256e-03]

Residual before update:
[ 1.32970994e-03  4.42091008e-03  3.25632580e-05 ... -2.53395769e-03
  3.09915700e-03  5.10787881e-03]

Residual before update:
[ 1.40393413e-03  4.64938072e-03  8.80767507e-05 ... -1.95190679e-03
  5.23963770e-03  7.23398379e-03]

Residual before update:
[ 0.00107695  0.00438303 -0.00021757 ... -0.00225981  0.00317864
  0.00515668]

Residual before update:
[ 1.32415577e-03  4.40866900e-03  2.64760631e-05 ... -2.53253942e-03
  3.09408239e-03  5.09579594e-03]

Residual before update:
[ 1.31676301e-03  4.40162771e-03  1.79447715e-05 ... -2.53322012e-03
  3.09391442e-03  5.09472292e-03]

Residual before update:
[ 0.00140274  0.00440454  0.00010463 ... -0.00253254  0.00311405
  0.00510074]

Residual before update:
[ 0.00381103  0.00396328  0.00283742 ... -0.00199788  0.00273307
  0.00541323]

Residual before update:
[1.15763279 0.96052382 1.31797063 ... 0.10124885 0.00788115 0.34903669]

Residual before update:
[ 0.0020265   0.00585944  0.00077837 ... -0.00162885  0.00446093
  0.00517347]

Residual before update:
[ 1.27202576e-03  4.39219436e-03 -3.26367869e-05 ... -2.53744907e-03
  3.08157672e-03  4.97852131e-03]

Residual before update:
[ 1.33599714e-03  4.39756622e-03  3.83948443e-05 ... -2.53204202e-03
  3.09416929e-03  5.11268793e-03]

Residual before update:
[ 1.40394784e-03  4.64937771e-03  8.80690921e-05 ... -1.95404913e-03
  5.23831478e-03  7.23380009e-03]

Residual before update:
[ 0.00109051  0.00438398 -0.00020432 ... -0.00226256  0.00317812
  0.00515504]

Residual before update:
[ 1.32401505e-03  4.40853972e-03  2.63142183e-05 ... -2.53255190e-03
  3.09408668e-03  5.09573779e-03]

Residual before update:
[ 1.31676704e-03  4.40162592e-03  1.79487833e-05 ... -2.53321954e-03
  3.09391440e-03  5.09472573e-03]

Residual before update:
[ 0.00140292  0.00440454  0.00010481 ... -0.00253253  0.00311398
  0.00510073]

Residual before update:
[ 1.30077701e-03  4.37416728e-03  6.34664026e-06 ... -2.51232113e-03
  3.16108327e-03  5.07711051e-03]
Compute pips
running alternative initialization
Initialize variables
Iterative optimization

Residual before update:
[-2.31249823  0.47113415 -2.27353656 ...  0.17792468  0.32206328
  0.09955255]

Residual before update:
[-2.11693869  0.41242332 -2.08266464 ...  0.1234829   0.20483287
  0.08931828]

Residual before update:
[-1.86025405  0.3601047  -1.82997232 ... -0.20927953  0.05885728
 -0.19745573]

Residual before update:
[-1.60312984  0.29723604 -1.5772907  ... -0.26417959  0.00733296
 -0.26582739]

Residual before update:
[-1.32528504e+00  2.47644796e-01 -1.30384960e+00 ... -2.72664860e-01
 -6.67665361e-04 -2.76384827e-01]

Residual before update:
[-1.0686231   0.19357688 -1.05165856 ... -0.30059651 -0.03807878
 -0.28713995]

Residual before update:
[-0.79338939  0.14382078 -0.78083012 ... -0.31044951 -0.04912868
 -0.29776985]

Residual before update:
[-0.53604449  0.09227928 -0.52829052 ... -0.11013197 -0.00629304
 -0.11379075]

Residual before update:
[-0.27909414  0.0484591  -0.27583118 ... -0.10527027 -0.03019827
 -0.08290451]

Residual before update:
[-0.00117085 -0.00127325 -0.00232019 ... -0.11379342 -0.03856445
 -0.09334354]

Residual before update:
[ 0.06132367  0.00770618  0.06037344 ... -0.07100896  0.0451954
 -0.09316343]

Residual before update:
[1.69445752e-03 1.67230186e-03 6.52630346e-05 ... 2.08261131e-01
 7.65251290e-02 1.83229597e-01]

Residual before update:
[ 0.00112852  0.01246652 -0.00019954 ...  0.02965002  0.01704425
  0.0527524 ]

Residual before update:
[-0.01989893  0.00226643 -0.02126895 ... -0.0070665  -0.02191883
  0.01107559]

Residual before update:
[ 0.00109571  0.00681034 -0.00020253 ...  0.01233706  0.0075327
  0.0112147 ]

Residual before update:
[-0.01751753  0.00241204 -0.01888059 ... -0.00608356 -0.01889606
  0.01107233]

Residual before update:
[ 0.00066872  0.0041889  -0.00029566 ... -0.21611133 -0.0725134
 -0.18350646]

Residual before update:
[ 1.32178946e-03 -3.60587951e-03  2.43818817e-05 ... -2.75753126e-02
 -8.31216849e-03 -3.66594214e-02]

Residual before update:
[-0.01936092  0.00213632 -0.02074538 ... -0.01399259 -0.02382937
  0.00495409]

Residual before update:
[ 1.35663774e-03  1.82081274e-03  2.76570661e-05 ... -1.06525590e-02
  1.10771364e-03  4.84434327e-03]

Residual before update:
[0.06191447 0.01058767 0.06077865 ... 0.03102239 0.08232834 0.00502225]

Residual before update:
[0.00200604 0.00446538 0.00035067 ... 0.21094106 0.07878339 0.19334962]

Residual before update:
[1.41960681e-03 1.22997057e-02 7.64564438e-05 ... 2.24565280e-02
 1.47686160e-02 4.65465867e-02]

Residual before update:
[-0.01961083  0.00221892 -0.0209943  ... -0.01425767 -0.02419188
  0.00487232]

Residual before update:
[1.38402876e-03 6.86518586e-03 7.26634998e-05 ... 5.48308727e-03
 5.34790836e-03 5.01670875e-03]

Residual before update:
[-0.01743676  0.00244411 -0.01881358 ... -0.01305643 -0.02135297
  0.0048741 ]

Residual before update:
[ 0.00069245  0.00422652 -0.00027161 ... -0.21610855 -0.07245386
 -0.18339358]

Residual before update:
[ 1.34159434e-03 -3.49636572e-03  4.59996563e-05 ... -2.76958773e-02
 -8.32376210e-03 -3.67420282e-02]

Residual before update:
[-0.01934108  0.00224588 -0.02072373 ... -0.01411298 -0.02384085
  0.00487175]

Residual before update:
[ 1.37649737e-03  1.94131545e-03  4.93645765e-05 ... -1.07369251e-02
  1.10566316e-03  4.76256512e-03]

Residual before update:
[0.06191216 0.01070574 0.06077812 ... 0.03092532 0.08229722 0.00494045]

Residual before update:
[0.00200426 0.00458356 0.00035052 ... 0.21093881 0.0787861  0.19335137]

Residual before update:
[1.42221714e-03 1.22987284e-02 7.90850430e-05 ... 2.24447061e-02
 1.47677732e-02 4.65386878e-02]

Residual before update:
[-0.01960824  0.00221794 -0.02099169 ... -0.0142695  -0.02419274
  0.00486443]

Residual before update:
[1.38662697e-03 6.86537760e-03 7.52836830e-05 ... 5.47511292e-03
 5.34805616e-03 5.00887420e-03]

Residual before update:
[-0.01743653  0.00244404 -0.01881334 ... -0.01306576 -0.02135593
  0.00486627]

Residual before update:
[ 0.00069271  0.00422646 -0.00027134 ... -0.21611672 -0.07245638
 -0.1834004 ]

Residual before update:
[ 1.34187687e-03 -3.49647434e-03  4.62820137e-05 ... -2.76962929e-02
 -8.32354957e-03 -3.67421387e-02]

Residual before update:
[-0.0193408   0.00224577 -0.02072344 ... -0.0141134  -0.02384063
  0.00487163]

Residual before update:
[ 1.37678014e-03  1.94133183e-03  4.96475736e-05 ... -1.07369289e-02
  1.10598336e-03  4.76246042e-03]

Residual before update:
[0.06191219 0.01070572 0.06077814 ... 0.03092517 0.08229721 0.00494034]

Residual before update:
[0.00200432 0.00458355 0.00035056 ... 0.21094669 0.07878893 0.19335835]

Residual before update:
[1.42224958e-03 1.22987165e-02 7.91167618e-05 ... 2.24446696e-02
 1.47678037e-02 4.65386789e-02]

Residual before update:
[-0.01960821  0.00221793 -0.02099166 ... -0.01426953 -0.02419271
  0.00486442]

Residual before update:
[1.38665944e-03 6.86537914e-03 7.53154714e-05 ... 5.47512070e-03
 5.34809840e-03 5.00886687e-03]

Residual before update:
[-0.01743653  0.00244404 -0.01881333 ... -0.01306577 -0.02135593
  0.00486626]

Residual before update:
[ 0.00069269  0.00422645 -0.00027135 ... -0.21612464 -0.07245918
 -0.18340739]

Residual before update:
[ 1.34188254e-03 -3.49647555e-03  4.62869216e-05 ... -2.76962985e-02
 -8.32354176e-03 -3.67421442e-02]

Residual before update:
[-0.01934079  0.00224577 -0.02072344 ... -0.0141134  -0.02384063
  0.00487163]

Residual before update:
[ 1.37678581e-03  1.94133199e-03  4.96524890e-05 ... -1.07369300e-02
  1.10599228e-03  4.76245426e-03]
Compute pips
###############################
TGFM
###############################
Initialize variables
Warning: 363 variants have NaN gwas_beta. Setting to 0 with large SE.
Iterative optimization

Residual before update:
[-0.00598984  0.00166925  0.00731164 ... -0.00164776 -0.00740886
 -0.0062936 ]

Residual before update:
[-0.00598978  0.00166924  0.00731153 ... -0.00164776 -0.0074088
 -0.00629354]

Residual before update:
[-0.00599086  0.00167135  0.0073177  ... -0.00164734 -0.00740915
 -0.00629388]

Residual before update:
[-0.00598966  0.00166924  0.00731131 ... -0.00164776 -0.00740868
 -0.00629342]

Residual before update:
[-0.0059896   0.00166924  0.0073112  ... -0.00164776 -0.00740862
 -0.00629336]

Residual before update:
[-0.00598954  0.00166924  0.00731109 ... -0.00164776 -0.00740856
 -0.0062933 ]

Residual before update:
[-0.00598948  0.00166924  0.00731098 ... -0.00164776 -0.00740851
 -0.00629324]

Residual before update:
[-0.00598942  0.00166924  0.00731087 ... -0.00164776 -0.00740845
 -0.00629319]

Residual before update:
[-0.00598935  0.00166924  0.00731076 ... -0.00164777 -0.00740839
 -0.00629313]

Residual before update:
[-0.00598929  0.00166924  0.00731065 ... -0.00164777 -0.00740833
 -0.00629307]

Residual before update:
[-0.00598929  0.00166924  0.00731065 ... -0.00164777 -0.00740833
 -0.00629307]

Residual before update:
[-0.00598929  0.00166924  0.00731065 ... -0.00164777 -0.00740833
 -0.00629307]

Residual before update:
[-0.00597264  0.00167862  0.00733277 ... -0.00164708 -0.00740676
 -0.00629159]

Residual before update:
[-0.00598929  0.00166924  0.00731065 ... -0.00164777 -0.00740833
 -0.00629307]

Residual before update:
[-0.00598929  0.00166924  0.00731065 ... -0.00164777 -0.00740833
 -0.00629307]

Residual before update:
[-0.00598929  0.00166924  0.00731065 ... -0.00164777 -0.00740833
 -0.00629307]

Residual before update:
[-0.00598929  0.00166924  0.00731065 ... -0.00164777 -0.00740833
 -0.00629307]

Residual before update:
[-0.00598929  0.00166924  0.00731065 ... -0.00164777 -0.00740833
 -0.00629307]

Residual before update:
[-0.00598929  0.00166924  0.00731065 ... -0.00164777 -0.00740833
 -0.00629307]

Residual before update:
[-0.00598929  0.00166924  0.00731065 ... -0.00164777 -0.00740833
 -0.00629307]

Residual before update:
[-0.00598929  0.00166924  0.00731065 ... -0.00164777 -0.00740833
 -0.00629307]

Residual before update:
[-0.00598929  0.00166924  0.00731065 ... -0.00164777 -0.00740833
 -0.00629307]

Residual before update:
[-0.00597248  0.00167869  0.00733298 ... -0.00164706 -0.00740676
 -0.0062916 ]

Residual before update:
[-0.00598929  0.00166924  0.00731065 ... -0.00164777 -0.00740833
 -0.00629307]

Residual before update:
[-0.00598929  0.00166924  0.00731065 ... -0.00164777 -0.00740833
 -0.00629307]

Residual before update:
[-0.00598929  0.00166924  0.00731065 ... -0.00164777 -0.00740833
 -0.00629307]

Residual before update:
[-0.00598929  0.00166924  0.00731065 ... -0.00164777 -0.00740833
 -0.00629307]

Residual before update:
[-0.00598929  0.00166924  0.00731065 ... -0.00164777 -0.00740833
 -0.00629307]

Residual before update:
[-0.00598929  0.00166924  0.00731065 ... -0.00164777 -0.00740833
 -0.00629307]

Residual before update:
[-0.00598929  0.00166924  0.00731065 ... -0.00164777 -0.00740833
 -0.00629307]

Residual before update:
[-0.00598929  0.00166924  0.00731065 ... -0.00164777 -0.00740833
 -0.00629307]

Residual before update:
[-0.00598929  0.00166924  0.00731065 ... -0.00164777 -0.00740833
 -0.00629307]

Residual before update:
[-0.0059723   0.00167883  0.00733317 ... -0.00164704 -0.00740671
 -0.00629155]

Residual before update:
[-0.00598929  0.00166924  0.00731065 ... -0.00164777 -0.00740833
 -0.00629307]

Residual before update:
[-0.00598929  0.00166924  0.00731065 ... -0.00164777 -0.00740833
 -0.00629307]

Residual before update:
[-0.00598929  0.00166924  0.00731065 ... -0.00164777 -0.00740833
 -0.00629307]

Residual before update:
[-0.00598929  0.00166924  0.00731064 ... -0.00164777 -0.00740833
 -0.00629307]

Residual before update:
[-0.00598929  0.00166924  0.00731064 ... -0.00164777 -0.00740833
 -0.00629307]

Residual before update:
[-0.00598929  0.00166924  0.00731064 ... -0.00164777 -0.00740833
 -0.00629307]

Residual before update:
[-0.00598929  0.00166924  0.00731064 ... -0.00164777 -0.00740833
 -0.00629307]

Residual before update:
[-0.00598929  0.00166924  0.00731064 ... -0.00164777 -0.00740833
 -0.00629307]

Residual before update:
[-0.00598929  0.00166924  0.00731064 ... -0.00164777 -0.00740833
 -0.00629307]

Residual before update:
[-0.00597208  0.00167897  0.00733344 ... -0.00164703 -0.00740667
 -0.0062915 ]

Residual before update:
[-0.00598929  0.00166924  0.00731064 ... -0.00164777 -0.00740833
 -0.00629307]

Residual before update:
[-0.00598929  0.00166924  0.00731064 ... -0.00164777 -0.00740833
 -0.00629307]

Residual before update:
[-0.00598929  0.00166924  0.00731064 ... -0.00164777 -0.00740833
 -0.00629307]

Residual before update:
[-0.00598929  0.00166924  0.00731064 ... -0.00164777 -0.00740833
 -0.00629307]

Residual before update:
[-0.00598929  0.00166924  0.00731064 ... -0.00164777 -0.00740833
 -0.00629307]

Residual before update:
[-0.00598929  0.00166924  0.00731064 ... -0.00164777 -0.00740833
 -0.00629307]

Residual before update:
[-0.00598929  0.00166924  0.00731064 ... -0.00164777 -0.00740833
 -0.00629306]
Compute pips
###############################
TGFM
###############################
Initialize variables
Warning: 403 variants have NaN gwas_beta. Setting to 0 with large SE.
Iterative optimization

Residual before update:
[ 0.0014808   0.00499801 -0.00563708 ... -0.0013933   0.01218388
  0.0089105 ]

Residual before update:
[ 0.00148083  0.00499778 -0.00563708 ... -0.00139403  0.01218298
  0.00891016]

Residual before update:
[ 0.00148087  0.00499754 -0.00563709 ... -0.00139462  0.01218209
  0.00890985]

Residual before update:
[ 0.00148091  0.00499732 -0.00563709 ... -0.00139512  0.01218121
  0.00890956]

Residual before update:
[ 0.00148095  0.00499709 -0.00563709 ... -0.00139555  0.01218034
  0.00890928]

Residual before update:
[ 0.00148099  0.00499686 -0.00563709 ... -0.00139593  0.01217948
  0.00890901]

Residual before update:
[ 0.00148103  0.00499664 -0.00563709 ... -0.00139627  0.01217861
  0.00890874]

Residual before update:
[ 0.00148108  0.00499642 -0.00563709 ... -0.00139657  0.01217775
  0.00890849]

Residual before update:
[ 0.00148112  0.0049962  -0.00563709 ... -0.00139685  0.0121769
  0.00890824]

Residual before update:
[ 0.00148117  0.00499598 -0.00563709 ... -0.00139711  0.01217605
  0.008908  ]

Residual before update:
[ 0.00148117  0.004996   -0.00563708 ... -0.00139662  0.01217609
  0.0089081 ]

Residual before update:
[ 0.00148118  0.004996   -0.00563708 ... -0.0013963   0.01217612
  0.00890816]

Residual before update:
[ 0.00148118  0.00499601 -0.00563708 ... -0.00139611  0.01217613
  0.0089082 ]

Residual before update:
[ 0.00148119  0.00499602 -0.00563707 ... -0.00139599  0.01217614
  0.00890822]

Residual before update:
[ 0.00148119  0.00499602 -0.00563707 ... -0.00139594  0.01217615
  0.00890823]

Residual before update:
[ 0.00148119  0.00499602 -0.00563707 ... -0.00139594  0.01217614
  0.00890823]

Residual before update:
[ 0.00148119  0.00499601 -0.00563707 ... -0.00139596  0.01217614
  0.00890822]

Residual before update:
[ 0.00148119  0.00499601 -0.00563708 ... -0.00139601  0.01217613
  0.00890821]

Residual before update:
[ 0.00148119  0.00499601 -0.00563708 ... -0.00139608  0.01217612
  0.00890819]

Residual before update:
[ 0.00148118  0.00499601 -0.00563708 ... -0.00139616  0.01217611
  0.00890817]

Residual before update:
[ 0.00148118  0.004996   -0.00563708 ... -0.0013962   0.01217611
  0.00890816]

Residual before update:
[ 0.00148118  0.004996   -0.00563708 ... -0.00139621  0.0121761
  0.00890816]

Residual before update:
[ 0.00148118  0.004996   -0.00563708 ... -0.0013962   0.01217609
  0.00890816]

Residual before update:
[ 0.00148118  0.004996   -0.00563708 ... -0.00139619  0.0121761
  0.00890816]

Residual before update:
[ 0.00148119  0.004996   -0.00563708 ... -0.00139616  0.01217609
  0.00890817]

Residual before update:
[ 0.00148119  0.004996   -0.00563708 ... -0.00139615  0.01217609
  0.00890817]

Residual before update:
[ 0.00148119  0.004996   -0.00563708 ... -0.00139613  0.01217609
  0.00890817]

Residual before update:
[ 0.00148119  0.004996   -0.00563708 ... -0.00139612  0.01217608
  0.00890817]

Residual before update:
[ 0.00148119  0.004996   -0.00563708 ... -0.00139612  0.01217608
  0.00890817]

Residual before update:
[ 0.00148119  0.004996   -0.00563708 ... -0.00139612  0.01217608
  0.00890817]

Residual before update:
[ 0.00148119  0.004996   -0.00563708 ... -0.00139613  0.01217608
  0.00890817]

Residual before update:
[ 0.00148119  0.00499599 -0.00563708 ... -0.00139614  0.01217607
  0.00890817]

Residual before update:
[ 0.00148119  0.00499599 -0.00563708 ... -0.00139615  0.01217606
  0.00890816]

Residual before update:
[ 0.00148119  0.00499599 -0.00563708 ... -0.00139615  0.01217606
  0.00890816]

Residual before update:
[ 0.00148119  0.00499599 -0.00563708 ... -0.00139615  0.01217606
  0.00890816]

Residual before update:
[ 0.00148119  0.00499599 -0.00563708 ... -0.00139615  0.01217605
  0.00890816]

Residual before update:
[ 0.00148119  0.00499599 -0.00563708 ... -0.00139615  0.01217605
  0.00890816]

Residual before update:
[ 0.00148119  0.00499599 -0.00563708 ... -0.00139615  0.01217604
  0.00890816]

Residual before update:
[ 0.00148119  0.00499599 -0.00563708 ... -0.00139615  0.01217604
  0.00890816]

Residual before update:
[ 0.00148119  0.00499599 -0.00563708 ... -0.00139615  0.01217604
  0.00890816]

Residual before update:
[ 0.00148119  0.00499599 -0.00563708 ... -0.00139615  0.01217604
  0.00890816]

Residual before update:
[ 0.00148119  0.00499598 -0.00563708 ... -0.00139615  0.01217603
  0.00890816]

Residual before update:
[ 0.00148119  0.00499598 -0.00563708 ... -0.00139615  0.01217602
  0.00890815]

Residual before update:
[ 0.00148119  0.00499598 -0.00563708 ... -0.00139615  0.01217603
  0.00890816]

Residual before update:
[ 0.00148119  0.00499598 -0.00563708 ... -0.00139615  0.01217602
  0.00890815]

Residual before update:
[ 0.00148119  0.00499598 -0.00563708 ... -0.00139615  0.01217602
  0.00890815]

Residual before update:
[ 0.00148119  0.00499598 -0.00563708 ... -0.00139616  0.01217601
  0.00890815]

Residual before update:
[ 0.00148119  0.00499598 -0.00563708 ... -0.00139616  0.01217601
  0.00890815]

Residual before update:
[ 0.00148119  0.00499598 -0.00563708 ... -0.00139616  0.01217601
  0.00890815]

Residual before update:
[ 0.00148119  0.00499598 -0.00563708 ... -0.00139616  0.012176
  0.00890815]
Compute pips
###############################
TGFM
###############################
Initialize variables
Warning: 404 variants have NaN gwas_beta. Setting to 0 with large SE.
Iterative optimization

Residual before update:
[ 0.00207771 -0.00313231 -0.00115108 ... -0.00197316 -0.00363928
 -0.00456716]

Residual before update:
[ 0.00207794 -0.00313063 -0.00115009 ... -0.00196945 -0.00363689
 -0.00456688]

Residual before update:
[ 0.00207801 -0.0031306  -0.00115003 ... -0.00196942 -0.00363686
 -0.00456689]

Residual before update:
[ 0.00207804 -0.00313057 -0.00115003 ... -0.00196944 -0.00363685
 -0.00456693]

Residual before update:
[ 0.00207807 -0.00313055 -0.00115003 ... -0.00196946 -0.00363684
 -0.00456697]

Residual before update:
[ 0.00207809 -0.00313052 -0.00115004 ... -0.00196948 -0.00363684
 -0.00456702]

Residual before update:
[ 0.0020781  -0.0031305  -0.00115004 ... -0.0019695  -0.00363684
 -0.00456706]

Residual before update:
[ 0.00207811 -0.00313048 -0.00115005 ... -0.00196951 -0.00363683
 -0.00456711]

Residual before update:
[ 0.00207813 -0.00313046 -0.00115006 ... -0.00196952 -0.00363683
 -0.00456715]

Residual before update:
[ 0.00207814 -0.00313045 -0.00115006 ... -0.00196953 -0.00363683
 -0.00456719]

Residual before update:
[ 0.00207791 -0.00313211 -0.00115107 ... -0.00197325 -0.00363921
 -0.00456751]

Residual before update:
[ 0.00207808 -0.00313041 -0.0011501  ... -0.00196945 -0.00363678
 -0.00456722]

Residual before update:
[ 0.00207808 -0.00313042 -0.00115007 ... -0.00196941 -0.00363678
 -0.00456721]

Residual before update:
[ 0.00207809 -0.00313042 -0.00115005 ... -0.00196939 -0.00363678
 -0.0045672 ]

Residual before update:
[ 0.00207809 -0.00313043 -0.00115004 ... -0.00196937 -0.00363678
 -0.00456719]

Residual before update:
[ 0.0020781  -0.00313043 -0.00115003 ... -0.00196936 -0.00363678
 -0.00456718]

Residual before update:
[ 0.0020781  -0.00313043 -0.00115003 ... -0.00196935 -0.00363678
 -0.00456717]

Residual before update:
[ 0.0020781  -0.00313043 -0.00115002 ... -0.00196935 -0.00363677
 -0.00456717]

Residual before update:
[ 0.00207811 -0.00313042 -0.00115002 ... -0.00196935 -0.00363677
 -0.00456717]

Residual before update:
[ 0.00207811 -0.00313042 -0.00115002 ... -0.00196935 -0.00363677
 -0.00456717]

Residual before update:
[ 0.00207788 -0.00313213 -0.00115105 ... -0.00197319 -0.00363923
 -0.0045675 ]

Residual before update:
[ 0.00207809 -0.00313041 -0.00115005 ... -0.00196937 -0.00363676
 -0.00456719]

Residual before update:
[ 0.00207809 -0.00313041 -0.00115005 ... -0.00196937 -0.00363677
 -0.0045672 ]

Residual before update:
[ 0.00207809 -0.00313041 -0.00115005 ... -0.00196937 -0.00363677
 -0.0045672 ]

Residual before update:
[ 0.00207809 -0.00313041 -0.00115005 ... -0.00196936 -0.00363676
 -0.0045672 ]

Residual before update:
[ 0.0020781  -0.00313041 -0.00115004 ... -0.00196936 -0.00363676
 -0.00456719]

Residual before update:
[ 0.0020781  -0.00313041 -0.00115003 ... -0.00196935 -0.00363676
 -0.00456719]

Residual before update:
[ 0.0020781  -0.00313041 -0.00115003 ... -0.00196934 -0.00363676
 -0.00456719]

Residual before update:
[ 0.00207811 -0.00313041 -0.00115002 ... -0.00196934 -0.00363676
 -0.00456718]

Residual before update:
[ 0.00207811 -0.00313041 -0.00115002 ... -0.00196934 -0.00363676
 -0.00456718]

Residual before update:
[ 0.00207788 -0.00313213 -0.00115106 ... -0.0019732  -0.00363923
 -0.00456751]

Residual before update:
[ 0.0020781  -0.00313042 -0.00115004 ... -0.00196937 -0.00363678
 -0.00456719]

Residual before update:
[ 0.0020781  -0.00313042 -0.00115005 ... -0.00196938 -0.00363678
 -0.0045672 ]

Residual before update:
[ 0.00207809 -0.00313042 -0.00115005 ... -0.00196938 -0.00363679
 -0.0045672 ]

Residual before update:
[ 0.00207809 -0.00313042 -0.00115005 ... -0.00196938 -0.00363679
 -0.0045672 ]

Residual before update:
[ 0.0020781  -0.00313042 -0.00115005 ... -0.00196938 -0.00363678
 -0.0045672 ]

Residual before update:
[ 0.0020781  -0.00313042 -0.00115005 ... -0.00196938 -0.00363678
 -0.0045672 ]

Residual before update:
[ 0.0020781  -0.00313042 -0.00115004 ... -0.00196937 -0.00363678
 -0.0045672 ]

Residual before update:
[ 0.0020781  -0.00313042 -0.00115004 ... -0.00196937 -0.00363678
 -0.0045672 ]

Residual before update:
[ 0.00207811 -0.00313042 -0.00115003 ... -0.00196936 -0.00363678
 -0.00456719]

Residual before update:
[ 0.00207788 -0.00313213 -0.00115106 ... -0.0019732  -0.00363923
 -0.00456752]

Residual before update:
[ 0.0020781  -0.00313045 -0.00115006 ... -0.00196942 -0.00363683
 -0.0045672 ]

Residual before update:
[ 0.0020781  -0.00313045 -0.00115006 ... -0.00196942 -0.00363683
 -0.0045672 ]

Residual before update:
[ 0.00207809 -0.00313045 -0.00115007 ... -0.00196943 -0.00363683
 -0.00456721]

Residual before update:
[ 0.00207809 -0.00313045 -0.00115007 ... -0.00196943 -0.00363684
 -0.00456721]

Residual before update:
[ 0.00207809 -0.00313045 -0.00115007 ... -0.00196943 -0.00363684
 -0.00456721]

Residual before update:
[ 0.00207809 -0.00313045 -0.00115007 ... -0.00196943 -0.00363683
 -0.00456721]

Residual before update:
[ 0.0020781  -0.00313045 -0.00115007 ... -0.00196943 -0.00363683
 -0.00456721]

Residual before update:
[ 0.0020781  -0.00313045 -0.00115006 ... -0.00196943 -0.00363683
 -0.0045672 ]

Residual before update:
[ 0.0020781  -0.00313045 -0.00115006 ... -0.00196942 -0.00363683
 -0.0045672 ]
Compute pips
###############################
TGFM
###############################
Initialize variables
Warning: 389 variants have NaN gwas_beta. Setting to 0 with large SE.
Iterative optimization

Residual before update:
[-7.82074019e-03 -9.78198948e-05  3.42369632e-04 ...  1.00575642e-03
  0.00000000e+00 -3.42726011e-03]

Residual before update:
[-7.82064461e-03 -9.77426273e-05  3.42445746e-04 ...  1.00638118e-03
  8.83572788e-15 -3.42718466e-03]

Residual before update:
[-7.82035073e-03 -9.74437918e-05  3.42786256e-04 ...  1.00641317e-03
  8.89296735e-15 -3.42714102e-03]

Residual before update:
[-8.14985968e-03 -1.60133412e-04  2.46623376e-04 ...  5.63448694e-04
  9.08808038e-13 -3.35416280e-03]

Residual before update:
[-7.87051795e-03 -1.00399521e-04  3.42698099e-04 ...  1.00458743e-03
  3.38804999e-15 -3.42741665e-03]

Residual before update:
[-7.81948474e-03 -9.73407221e-05  3.42897039e-04 ...  1.00641466e-03
  8.89472022e-15 -3.42714141e-03]

Residual before update:
[-7.81918340e-03 -9.72832645e-05  3.42957891e-04 ...  1.00642813e-03
  8.91972441e-15 -3.42713159e-03]

Residual before update:
[-7.81892571e-03 -9.72731416e-05  3.42956231e-04 ...  1.00643490e-03
  9.16050581e-15 -3.42714910e-03]

Residual before update:
[-7.81857640e-03 -9.71886658e-05  3.43056354e-04 ...  1.00645293e-03
  8.88893866e-15 -3.42711430e-03]

Residual before update:
[-7.81832431e-03 -9.73285928e-05  3.42912114e-04 ...  1.00651254e-03
  8.68211417e-15 -3.42711328e-03]

Residual before update:
[-7.81810914e-03 -9.72194341e-05  3.43015367e-04 ...  1.00582122e-03
  7.68985721e-16 -3.42722066e-03]

Residual before update:
[-7.81828857e-03 -9.74598862e-05  3.42732120e-04 ...  1.00644333e-03
  9.12550430e-15 -3.42716347e-03]

Residual before update:
[-7.81827854e-03 -9.73151555e-05  3.42910961e-04 ...  1.00645389e-03
  9.04398238e-15 -3.42713066e-03]

Residual before update:
[-7.51437322e-03 -1.03384798e-05  4.47181587e-04 ...  1.46765255e-03
  8.96371585e-13 -3.17916442e-03]

Residual before update:
[-7.87068245e-03 -1.05669210e-04  3.36811134e-04 ...  1.00440070e-03
 -2.13413814e-15 -3.42938520e-03]

Residual before update:
[-7.81830051e-03 -9.73270462e-05  3.42908162e-04 ...  1.00641492e-03
  9.16085349e-15 -3.42714601e-03]

Residual before update:
[-7.81827887e-03 -9.72753688e-05  3.42963676e-04 ...  1.00643118e-03
  9.22477251e-15 -3.42713281e-03]

Residual before update:
[-7.81981313e-03 -1.02780874e-04  3.36780251e-04 ...  1.00656236e-03
  9.25358440e-15 -3.42794908e-03]

Residual before update:
[-7.81823809e-03 -9.72152372e-05  3.43026290e-04 ...  1.00645378e-03
  9.21121882e-15 -3.42711792e-03]

Residual before update:
[-7.81827526e-03 -9.73931268e-05  3.42846231e-04 ...  1.00652949e-03
  8.96410480e-15 -3.42711186e-03]

Residual before update:
[-7.81805244e-03 -9.72456004e-05  3.42991501e-04 ...  1.00580602e-03
  8.15839483e-16 -3.42722576e-03]

Residual before update:
[-7.81823702e-03 -9.75105731e-05  3.42676762e-04 ...  1.00643655e-03
  9.15349421e-15 -3.42716730e-03]

Residual before update:
[-7.81822594e-03 -9.73232853e-05  3.42901415e-04 ...  1.00645091e-03
  9.10416022e-15 -3.42713349e-03]

Residual before update:
[-7.79612696e-03 -1.81258434e-04  2.66858437e-04 ...  1.03709124e-03
  8.85921424e-13 -3.23432114e-03]

Residual before update:
[-7.87002589e-03 -1.07155690e-04  3.34694765e-04 ...  1.00521677e-03
 -5.80016606e-16 -3.42989557e-03]

Residual before update:
[-7.81822866e-03 -9.73204928e-05  3.42913852e-04 ...  1.00641896e-03
  9.20362040e-15 -3.42714648e-03]

Residual before update:
[-7.81820689e-03 -9.72666614e-05  3.42971802e-04 ...  1.00643625e-03
  9.27130308e-15 -3.42713265e-03]

Residual before update:
[-7.82150337e-03 -1.15202863e-04  3.22947509e-04 ...  1.00611940e-03
  4.99219560e-16 -3.43016502e-03]

Residual before update:
[-7.81817017e-03 -9.72129703e-05  3.43027665e-04 ...  1.00645756e-03
  9.26175315e-15 -3.42711820e-03]

Residual before update:
[-7.82043619e-03 -1.03950261e-04  3.35620544e-04 ...  1.00723975e-03
  7.66879906e-15 -3.42800090e-03]

Residual before update:
[-7.82048917e-03 -9.98934081e-05  3.40246072e-04 ...  1.00600514e-03
  8.55430735e-15 -3.42829435e-03]

Residual before update:
[-7.81817806e-03 -9.76231248e-05  3.42548551e-04 ...  1.00642654e-03
  8.98313213e-15 -3.42717844e-03]

Residual before update:
[-7.81816649e-03 -9.72965001e-05  3.42932046e-04 ...  1.00644518e-03
  9.02433000e-15 -3.42712991e-03]

Residual before update:
[-7.93271208e-03 -2.39528061e-04  2.09766312e-04 ...  7.76523110e-04
  8.09541921e-13 -3.33191739e-03]

Residual before update:
[-7.87050035e-03 -1.12884091e-04  3.28432308e-04 ...  1.00541198e-03
  3.83685397e-15 -3.43113946e-03]

Residual before update:
[-7.81815242e-03 -9.73242931e-05  3.42908834e-04 ...  1.00641062e-03
  9.10627865e-15 -3.42714775e-03]

Residual before update:
[-7.81813210e-03 -9.72675479e-05  3.42969965e-04 ...  1.00642875e-03
  9.17695469e-15 -3.42713351e-03]

Residual before update:
[-7.82201348e-03 -1.26436543e-04  3.10393961e-04 ...  1.00637210e-03
  5.98065968e-16 -3.43208962e-03]

Residual before update:
[-7.81810192e-03 -9.72152589e-05  3.43024271e-04 ...  1.00645029e-03
  9.16776612e-15 -3.42711928e-03]

Residual before update:
[-7.82155685e-03 -1.15310895e-04  3.22815078e-04 ...  1.00606384e-03
  1.64624982e-15 -3.43046002e-03]

Residual before update:
[-7.82149418e-03 -1.03339847e-04  3.36638950e-04 ...  1.00629742e-03
  1.80308550e-14 -3.42978300e-03]

Residual before update:
[-7.82053164e-03 -1.03122362e-04  3.36311738e-04 ...  1.00591132e-03
  2.72907089e-15 -3.42850129e-03]

Residual before update:
[-7.81810423e-03 -9.72637355e-05  3.42969302e-04 ...  1.00643374e-03
  8.84962703e-15 -3.42712576e-03]

Residual before update:
[-7.91294205e-03 -2.26379459e-04  2.24665716e-04 ...  7.97126157e-04
  8.00751181e-13 -3.33823525e-03]

Residual before update:
[-7.87092317e-03 -1.17402095e-04  3.23469401e-04 ...  1.00555768e-03
  7.48793470e-15 -3.43226311e-03]

Residual before update:
[-7.81807278e-03 -9.73282462e-05  3.42903727e-04 ...  1.00639570e-03
  8.91434548e-15 -3.42714890e-03]

Residual before update:
[-7.81805437e-03 -9.72694990e-05  3.42967084e-04 ...  1.00641465e-03
  8.98817067e-15 -3.42713420e-03]

Residual before update:
[-7.82251908e-03 -1.37485168e-04  2.98040877e-04 ...  1.00660247e-03
  7.00695305e-16 -3.43399770e-03]

Residual before update:
[-7.81803136e-03 -9.72186492e-05  3.43019844e-04 ...  1.00643648e-03
  8.97885513e-15 -3.42712002e-03]

Residual before update:
[-7.82212410e-03 -1.27412417e-04  3.09319034e-04 ...  1.00628761e-03
  2.32675208e-15 -3.43252271e-03]
Compute pips
###############################
TGFM
###############################
Initialize variables
Warning: 411 variants have NaN gwas_beta. Setting to 0 with large SE.
Iterative optimization

Residual before update:
[-0.01062061  0.00097798 -0.0006093  ... -0.00369733 -0.00330456
  0.0069979 ]

Residual before update:
[-0.01062058  0.00097799 -0.0006093  ... -0.00369733 -0.00330456
  0.00699791]

Residual before update:
[-0.01062055  0.000978   -0.00060931 ... -0.00369732 -0.00330455
  0.00699792]

Residual before update:
[-0.01062051  0.00097801 -0.00060931 ... -0.00369732 -0.00330454
  0.00699793]

Residual before update:
[-0.01062048  0.00097802 -0.00060931 ... -0.00369731 -0.00330453
  0.00699795]

Residual before update:
[-0.01062045  0.00097803 -0.00060931 ... -0.00369731 -0.00330453
  0.00699796]

Residual before update:
[-0.01062042  0.00097804 -0.00060931 ... -0.00369731 -0.00330452
  0.00699797]

Residual before update:
[-0.01062038  0.00097805 -0.00060931 ... -0.0036973  -0.00330451
  0.00699798]

Residual before update:
[-0.01062035  0.00097806 -0.00060931 ... -0.0036973  -0.0033045
  0.006998  ]

Residual before update:
[-0.01062032  0.00097807 -0.00060931 ... -0.00369729 -0.0033045
  0.00699801]

Residual before update:
[-0.01062032  0.00097807 -0.00060931 ... -0.00369729 -0.0033045
  0.00699801]

Residual before update:
[-0.01062032  0.00097807 -0.00060931 ... -0.00369729 -0.0033045
  0.00699801]

Residual before update:
[-0.01062032  0.00097807 -0.00060931 ... -0.00369729 -0.0033045
  0.00699801]

Residual before update:
[-0.01062032  0.00097807 -0.00060931 ... -0.00369729 -0.0033045
  0.00699801]

Residual before update:
[-0.01062032  0.00097807 -0.00060931 ... -0.00369729 -0.0033045
  0.00699801]

Residual before update:
[-0.01062032  0.00097807 -0.00060931 ... -0.00369729 -0.0033045
  0.00699801]

Residual before update:
[-0.01062032  0.00097807 -0.00060931 ... -0.00369729 -0.0033045
  0.00699801]

Residual before update:
[-0.01062032  0.00097807 -0.00060931 ... -0.00369729 -0.0033045
  0.00699801]

Residual before update:
[-0.01062032  0.00097807 -0.00060931 ... -0.00369729 -0.0033045
  0.00699801]

Residual before update:
[-0.01062032  0.00097807 -0.00060931 ... -0.00369729 -0.0033045
  0.00699801]

Residual before update:
[-0.01062032  0.00097807 -0.00060931 ... -0.00369729 -0.0033045
  0.00699801]

Residual before update:
[-0.01062032  0.00097807 -0.00060931 ... -0.00369729 -0.0033045
  0.00699801]

Residual before update:
[-0.01062032  0.00097807 -0.00060931 ... -0.00369729 -0.0033045
  0.00699801]

Residual before update:
[-0.01062032  0.00097807 -0.00060931 ... -0.00369729 -0.0033045
  0.00699801]

Residual before update:
[-0.01062032  0.00097807 -0.00060931 ... -0.00369729 -0.0033045
  0.00699801]

Residual before update:
[-0.01062032  0.00097807 -0.00060931 ... -0.00369729 -0.0033045
  0.00699801]

Residual before update:
[-0.01062032  0.00097807 -0.00060931 ... -0.00369729 -0.0033045
  0.00699801]

Residual before update:
[-0.01062032  0.00097807 -0.00060931 ... -0.00369729 -0.0033045
  0.00699801]

Residual before update:
[-0.01062032  0.00097807 -0.00060931 ... -0.00369729 -0.0033045
  0.00699801]

Residual before update:
[-0.01062032  0.00097807 -0.00060931 ... -0.00369729 -0.0033045
  0.00699801]

Residual before update:
[-0.01062032  0.00097807 -0.00060931 ... -0.00369729 -0.0033045
  0.00699801]

Residual before update:
[-0.01062032  0.00097807 -0.00060931 ... -0.00369729 -0.0033045
  0.00699801]

Residual before update:
[-0.01062032  0.00097807 -0.00060931 ... -0.00369729 -0.0033045
  0.00699801]

Residual before update:
[-0.01062032  0.00097807 -0.00060931 ... -0.00369729 -0.0033045
  0.00699801]

Residual before update:
[-0.01062032  0.00097807 -0.00060931 ... -0.00369729 -0.0033045
  0.00699801]

Residual before update:
[-0.01062032  0.00097807 -0.00060931 ... -0.00369729 -0.0033045
  0.00699801]

Residual before update:
[-0.01062032  0.00097807 -0.00060931 ... -0.00369729 -0.0033045
  0.00699801]

Residual before update:
[-0.01062032  0.00097807 -0.00060931 ... -0.00369729 -0.0033045
  0.00699801]

Residual before update:
[-0.01062032  0.00097807 -0.00060931 ... -0.00369729 -0.0033045
  0.00699801]

Residual before update:
[-0.01062032  0.00097807 -0.00060931 ... -0.00369729 -0.0033045
  0.00699801]

Residual before update:
[-0.01062032  0.00097807 -0.00060931 ... -0.00369729 -0.0033045
  0.00699801]

Residual before update:
[-0.01062032  0.00097807 -0.00060931 ... -0.00369729 -0.0033045
  0.00699801]

Residual before update:
[-0.01062032  0.00097807 -0.00060931 ... -0.00369729 -0.0033045
  0.00699801]

Residual before update:
[-0.01062032  0.00097807 -0.00060931 ... -0.00369729 -0.0033045
  0.00699801]

Residual before update:
[-0.01062032  0.00097807 -0.00060931 ... -0.00369729 -0.0033045
  0.00699801]

Residual before update:
[-0.01062032  0.00097807 -0.00060931 ... -0.00369729 -0.0033045
  0.00699801]

Residual before update:
[-0.01062032  0.00097807 -0.00060931 ... -0.00369729 -0.0033045
  0.00699801]

Residual before update:
[-0.01062032  0.00097807 -0.00060931 ... -0.00369729 -0.0033045
  0.00699801]

Residual before update:
[-0.01062032  0.00097807 -0.00060931 ... -0.00369729 -0.0033045
  0.00699801]

Residual before update:
[-0.01062032  0.00097807 -0.00060931 ... -0.00369729 -0.0033045
  0.00699801]
Compute pips
###############################
TGFM
###############################
Initialize variables
Warning: 459 variants have NaN gwas_beta. Setting to 0 with large SE.
Iterative optimization

Residual before update:
[0.0008168  0.00118862 0.00314359 ... 0.00440095 0.00414494 0.00416543]

Residual before update:
[0.00081678 0.00118861 0.00314358 ... 0.00440078 0.00414477 0.00416526]

Residual before update:
[0.0007333  0.001113   0.00339017 ... 0.00438557 0.00412522 0.00416185]

Residual before update:
[0.00081676 0.00118858 0.00314357 ... 0.00440046 0.00414445 0.00416494]

Residual before update:
[0.00084032 0.00121571 0.00314638 ... 0.00440368 0.00414769 0.00416622]

Residual before update:
[0.00081673 0.00118856 0.00314355 ... 0.00440014 0.00414412 0.00416461]

Residual before update:
[0.00094045 0.00139879 0.00296468 ... 0.00445861 0.00420488 0.00420346]

Residual before update:
[0.00081671 0.00118853 0.00314353 ... 0.00439981 0.0041438  0.00416428]

Residual before update:
[0.00081669 0.00118852 0.00314353 ... 0.00439965 0.00414364 0.00416412]

Residual before update:
[0.00081866 0.00119336 0.0030316  ... 0.00437928 0.00413007 0.00414818]

Residual before update:
[0.00081668 0.0011885  0.00314352 ... 0.00439949 0.00414348 0.00416395]

Residual before update:
[0.00081668 0.0011885  0.00314352 ... 0.00439949 0.00414348 0.00416396]

Residual before update:
[0.00082019 0.00113405 0.00332626 ... 0.0045837  0.00435075 0.0043147 ]

Residual before update:
[0.00081668 0.0011885  0.00314352 ... 0.00439949 0.00414348 0.00416396]

Residual before update:
[0.00090075 0.00130619 0.00314773 ... 0.00440306 0.00414717 0.00416584]

Residual before update:
[0.00081668 0.0011885  0.00314352 ... 0.00439949 0.00414348 0.00416396]

Residual before update:
[0.0006945  0.00103711 0.0028412  ... 0.00431272 0.00406649 0.00406714]

Residual before update:
[0.00081668 0.0011885  0.00314352 ... 0.00439949 0.00414348 0.00416396]

Residual before update:
[0.00081668 0.0011885  0.00314352 ... 0.00439949 0.00414348 0.00416396]

Residual before update:
[0.00080714 0.00117908 0.00303097 ... 0.0043914  0.00412657 0.00415168]

Residual before update:
[0.00081668 0.0011885  0.00314352 ... 0.00439949 0.00414348 0.00416396]

Residual before update:
[0.00081668 0.0011885  0.00314352 ... 0.00439949 0.00414348 0.00416396]

Residual before update:
[0.00095795 0.00125656 0.00376008 ... 0.00454107 0.00431527 0.00427417]

Residual before update:
[0.00081668 0.0011885  0.00314352 ... 0.00439949 0.00414348 0.00416395]

Residual before update:
[0.00089843 0.00130358 0.0031478  ... 0.00440217 0.00414624 0.00416582]

Residual before update:
[0.00081668 0.0011885  0.00314352 ... 0.00439949 0.00414348 0.00416395]

Residual before update:
[0.00068689 0.00106163 0.00281446 ... 0.00436331 0.00410487 0.00414314]

Residual before update:
[0.00081668 0.0011885  0.00314352 ... 0.00439949 0.00414347 0.00416395]

Residual before update:
[0.00081668 0.0011885  0.00314352 ... 0.00439949 0.00414347 0.00416395]

Residual before update:
[0.000815   0.00119443 0.00304087 ... 0.00438911 0.00412275 0.00414833]

Residual before update:
[0.00081668 0.0011885  0.00314352 ... 0.00439949 0.00414347 0.00416395]

Residual before update:
[0.00081668 0.0011885  0.00314352 ... 0.00439949 0.00414347 0.00416395]

Residual before update:
[0.00095455 0.00125478 0.00375114 ... 0.00454082 0.00431494 0.00427468]

Residual before update:
[0.00081668 0.0011885  0.00314352 ... 0.00439949 0.00414347 0.00416395]

Residual before update:
[0.00089957 0.00130526 0.00314757 ... 0.00440211 0.00414621 0.00416578]

Residual before update:
[0.00081668 0.0011885  0.00314352 ... 0.00439949 0.00414347 0.00416395]

Residual before update:
[0.00067778 0.00105733 0.00279743 ... 0.00437022 0.00411287 0.00414244]

Residual before update:
[0.00081668 0.0011885  0.00314352 ... 0.00439949 0.00414347 0.00416395]

Residual before update:
[0.00081668 0.0011885  0.00314352 ... 0.00439949 0.00414347 0.00416395]

Residual before update:
[0.00081622 0.00119683 0.00304243 ... 0.00438874 0.00412214 0.00414778]

Residual before update:
[0.00081668 0.0011885  0.00314352 ... 0.00439949 0.00414347 0.00416395]

Residual before update:
[0.00081668 0.0011885  0.00314352 ... 0.00439949 0.00414347 0.00416395]

Residual before update:
[0.00095095 0.00125203 0.00374209 ... 0.00454052 0.00431465 0.00427507]

Residual before update:
[0.00081668 0.0011885  0.00314352 ... 0.00439949 0.00414347 0.00416395]

Residual before update:
[0.00089965 0.00130553 0.00314765 ... 0.00440215 0.00414626 0.00416581]

Residual before update:
[0.00081668 0.0011885  0.00314352 ... 0.00439948 0.00414347 0.00416395]

Residual before update:
[0.00067246 0.00105497 0.00278372 ... 0.00437233 0.00411532 0.00414255]

Residual before update:
[0.00081668 0.0011885  0.00314352 ... 0.00439948 0.00414347 0.00416395]

Residual before update:
[0.00081668 0.0011885  0.00314352 ... 0.00439948 0.00414347 0.00416395]

Residual before update:
[0.00081641 0.00119721 0.00304269 ... 0.00438868 0.00412204 0.0041477 ]
Compute pips
NaNs found in variant PIPs at indices: [7708 7710 7771 7869 7882 7905 7915 7920 7921 7924 7933 7951 7952 7955
 7960 7997 8000 8006 8012 8013 8014 8017 8022 8026 8029 8033 8035 8044
 8045 8047 8050 8052 8054 8065 8068 8081 8089 8091 8109 8113 8123 8127
 8130 8131 8136 8157 8159 8167 8178 8180 8199 8200 8204 8230 8235 8242
 8252 8258 8265 8277 8282 8302 8312 8323 8328 8338 8346 8366 8379 8383
 8388 8390 8392 8396 8399 8402 8407 8409 8411 8415 8419 8423 8425 8431
 8440 8443 8446 8448 8449 8454 8457 8460 8461 8462 8464 8472 8474 8476
 8479 8480 8481 8482 8483 8484 8485 8487 8492 8494 8497 8498 8505 8523
 8533 8534 8535 8537 8545 8546 8547 8551 8556 8564 8565 8566 8567 8573
 8574 8575 8584 8593 8596 8598 8617 8619 8621 8638 8680 8702 8706 8710
 8718 8735 8741 8742 8745 8750 8753 8754 8755 8758 8759 8760 8761 8762
 8764 8766 8767 8768 8769 8770 8771 8772 8773 8774 8775 8780 8781 8783
 8785 8788 8789 8792 8796 8797 8800 8803 8814 8821 8844 8853 8855 8860
 8862 8869 8872 8875 8876 8877 8878 8881 8883 8884 8886 8888 8889 8890
 8893 8894 8897 8898 8900 8901 8902 8903 8904 8905 8906 8908 8910 8911
 8913 8914 8915 8919 8923 8924 8926 8928 8930 8931 8933 8935 8936 8937
 8938 8940 8942 8943 8944 8945 8946 8948 8952 8953 8954 8957 8958 8959
 8961 8962 8963 8964 8966 8967 8968 8969 8970 8971 8972 8973 8979 8980
 8981 8984 8985 8987 8988 8989 8991 8992 8994 8995 8996 8997 9000 9002
 9004 9005 9006 9007 9008 9010 9013 9014 9015 9016 9017 9018 9019 9020
 9021 9023 9024 9026 9027 9030 9031 9032 9033 9035 9036 9039 9040 9041
 9042 9043 9044 9052 9053 9054 9056 9057 9058 9059 9060 9061 9062 9065
 9067 9068 9069 9070 9071 9072 9073 9074 9075 9077 9078 9079 9080 9081
 9084 9085 9086 9087 9089 9090 9091 9093 9094 9095 9096 9098 9099 9100
 9101 9102 9103 9105 9106 9108 9109 9111 9112 9113 9114 9115 9116 9117
 9119 9120 9121 9122 9124 9125 9128 9129 9130 9131 9132 9133 9135 9137
 9138 9140 9141 9142 9144 9145 9148 9150 9155 9157 9158 9159 9160 9161
 9163 9164 9167 9169 9170 9172 9180 9184 9185 9188 9189 9190 9191 9196
 9201 9208 9212 9215 9216 9232 9246 9250 9260 9263 9311 9313 9319 9320
 9324 9336 9342 9349 9773 9774 9775 9776 9777 9778 9798 9799 9843]
###############################
TGFM
###############################
Initialize variables
Warning: 488 variants have NaN gwas_beta. Setting to 0 with large SE.
Iterative optimization

Residual before update:
[-0.00288975 -0.00238598 -0.00134872 ...  0.00828465 -0.00823128
 -0.00864284]

Residual before update:
[-0.00288973 -0.00238596 -0.00134872 ...  0.00828452 -0.0082313
 -0.00864286]

Residual before update:
[-0.0028897  -0.00238594 -0.00134871 ...  0.0082844  -0.00823131
 -0.00864288]

Residual before update:
[-0.0028106  -0.00230153 -0.00123925 ...  0.00827204 -0.00820281
 -0.00861414]

Residual before update:
[-0.00288966 -0.00238589 -0.00134871 ...  0.00828415 -0.00823134
 -0.00864291]

Residual before update:
[-0.00288964 -0.00238587 -0.0013487  ...  0.00828403 -0.00823136
 -0.00864292]

Residual before update:
[-0.00288961 -0.00238585 -0.0013487  ...  0.00828391 -0.00823138
 -0.00864294]

Residual before update:
[-0.00285497 -0.00234847 -0.00134885 ...  0.00828878 -0.00822196
 -0.00863303]

Residual before update:
[-0.00288957 -0.0023858  -0.00134869 ...  0.00828366 -0.00823141
 -0.00864297]

Residual before update:
[-0.00288955 -0.00238578 -0.00134869 ...  0.00828354 -0.00823143
 -0.00864299]

Residual before update:
[-0.00288955 -0.00238578 -0.00134869 ...  0.00828354 -0.00823143
 -0.00864299]

Residual before update:
[-0.00288955 -0.00238578 -0.00134869 ...  0.00828354 -0.00823143
 -0.00864299]

Residual before update:
[-0.00288955 -0.00238578 -0.00134869 ...  0.00828354 -0.00823143
 -0.00864299]

Residual before update:
[-0.00284597 -0.00233822 -0.0013114  ...  0.00829042 -0.00822096
 -0.00863188]

Residual before update:
[-0.00288954 -0.00238578 -0.00134869 ...  0.00828353 -0.00823143
 -0.00864299]

Residual before update:
[-0.00288955 -0.00238578 -0.00134869 ...  0.00828354 -0.00823143
 -0.00864299]

Residual before update:
[-0.00288955 -0.00238578 -0.00134869 ...  0.00828354 -0.00823143
 -0.00864299]

Residual before update:
[-0.00286589 -0.00235989 -0.00134758 ...  0.00829498 -0.00821697
 -0.00862793]

Residual before update:
[-0.00288955 -0.00238578 -0.00134869 ...  0.00828354 -0.00823143
 -0.00864299]

Residual before update:
[-0.00288955 -0.00238578 -0.00134869 ...  0.00828354 -0.00823143
 -0.00864299]

Residual before update:
[-0.00288955 -0.00238578 -0.00134869 ...  0.00828353 -0.00823143
 -0.00864299]

Residual before update:
[-0.00288955 -0.00238578 -0.00134869 ...  0.00828354 -0.00823143
 -0.00864299]

Residual before update:
[-0.00288955 -0.00238578 -0.00134869 ...  0.00828353 -0.00823143
 -0.00864299]

Residual before update:
[-0.00287462 -0.00236991 -0.00132072 ...  0.00828331 -0.0082297
 -0.00864146]

Residual before update:
[-0.00288954 -0.00238578 -0.00134869 ...  0.00828353 -0.00823143
 -0.00864299]

Residual before update:
[-0.00288955 -0.00238578 -0.00134869 ...  0.00828353 -0.00823143
 -0.00864299]

Residual before update:
[-0.00288954 -0.00238578 -0.00134869 ...  0.00828353 -0.00823143
 -0.00864299]

Residual before update:
[-0.00287014 -0.00236435 -0.00134726 ...  0.00829678 -0.00821579
 -0.00862673]

Residual before update:
[-0.00288954 -0.00238578 -0.00134869 ...  0.00828353 -0.00823143
 -0.00864299]

Residual before update:
[-0.00288954 -0.00238578 -0.00134869 ...  0.00828353 -0.00823143
 -0.00864299]

Residual before update:
[-0.00288955 -0.00238578 -0.00134869 ...  0.00828353 -0.00823143
 -0.00864299]

Residual before update:
[-0.00288954 -0.00238578 -0.00134869 ...  0.00828353 -0.00823143
 -0.00864299]

Residual before update:
[-0.00288954 -0.00238578 -0.00134869 ...  0.00828353 -0.00823143
 -0.00864299]

Residual before update:
[-0.00287194 -0.0023669  -0.00132326 ...  0.00828434 -0.00822843
 -0.00864008]

Residual before update:
[-0.00288954 -0.00238578 -0.00134869 ...  0.00828353 -0.00823143
 -0.00864299]

Residual before update:
[-0.00288954 -0.00238578 -0.00134869 ...  0.00828353 -0.00823143
 -0.00864299]

Residual before update:
[-0.00288954 -0.00238578 -0.00134869 ...  0.00828353 -0.00823143
 -0.00864299]

Residual before update:
[-0.00287024 -0.00236446 -0.00134726 ...  0.00829674 -0.00821583
 -0.00862678]

Residual before update:
[-0.00288954 -0.00238578 -0.00134869 ...  0.00828353 -0.00823143
 -0.00864299]

Residual before update:
[-0.00288954 -0.00238578 -0.00134869 ...  0.00828353 -0.00823143
 -0.00864299]

Residual before update:
[-0.00288954 -0.00238578 -0.00134869 ...  0.00828353 -0.00823143
 -0.00864299]

Residual before update:
[-0.00288954 -0.00238578 -0.00134869 ...  0.00828353 -0.00823143
 -0.00864299]

Residual before update:
[-0.00288954 -0.00238578 -0.00134869 ...  0.00828353 -0.00823143
 -0.00864299]

Residual before update:
[-0.00287116 -0.00236599 -0.00132465 ...  0.00828499 -0.00822772
 -0.00863932]

Residual before update:
[-0.00288954 -0.00238578 -0.00134869 ...  0.00828353 -0.00823143
 -0.00864299]

Residual before update:
[-0.00288954 -0.00238578 -0.00134869 ...  0.00828353 -0.00823143
 -0.00864299]

Residual before update:
[-0.00288954 -0.00238578 -0.00134869 ...  0.00828353 -0.00823143
 -0.00864299]

Residual before update:
[-0.0028704  -0.00236464 -0.00134727 ...  0.00829668 -0.0082159
 -0.00862685]

Residual before update:
[-0.00288954 -0.00238578 -0.00134869 ...  0.00828353 -0.00823143
 -0.00864299]

Residual before update:
[-0.00288954 -0.00238578 -0.00134869 ...  0.00828353 -0.00823143
 -0.00864299]
Compute pips
###############################
TGFM
###############################
Initialize variables
Warning: 492 variants have NaN gwas_beta. Setting to 0 with large SE.
Iterative optimization

Residual before update:
[ 2.25980260e-03  2.32815997e-04  2.28702914e-03 ... -5.06278588e-05
 -2.94340945e-04 -7.24110037e-04]

Residual before update:
[ 2.25980053e-03  2.32824872e-04  2.28702694e-03 ... -5.06210892e-05
 -2.94336733e-04 -7.24106937e-04]

Residual before update:
[ 2.25979806e-03  2.32833869e-04  2.28702433e-03 ... -5.06144572e-05
 -2.94333861e-04 -7.24104799e-04]

Residual before update:
[ 2.25979574e-03  2.32842614e-04  2.28702189e-03 ... -5.06078379e-05
 -2.94329809e-04 -7.24101820e-04]

Residual before update:
[ 2.25979416e-03  2.32851518e-04  2.28702019e-03 ... -5.06008039e-05
 -2.94324364e-04 -7.24097838e-04]

Residual before update:
[ 2.25979202e-03  2.32860351e-04  2.28701792e-03 ... -5.05939401e-05
 -2.94320507e-04 -7.24094686e-04]

Residual before update:
[ 2.25980431e-03  2.25142361e-04  2.28694987e-03 ... -5.27598778e-05
 -2.89119999e-04 -7.25811020e-04]

Residual before update:
[ 2.25978827e-03  2.32878110e-04  2.28701391e-03 ... -5.05801067e-05
 -2.94310712e-04 -7.24087680e-04]

Residual before update:
[ 2.25978477e-03  2.32887018e-04  2.28701024e-03 ... -5.05739670e-05
 -2.94311400e-04 -7.24087927e-04]

Residual before update:
[ 2.25978392e-03  2.32895910e-04  2.28700933e-03 ... -5.05667577e-05
 -2.94302734e-04 -7.24081551e-04]

Residual before update:
[ 2.25978386e-03  2.32895800e-04  2.28700927e-03 ... -5.05667984e-05
 -2.94302602e-04 -7.24081739e-04]

Residual before update:
[ 2.25978370e-03  2.32895772e-04  2.28700910e-03 ... -5.05669432e-05
 -2.94302900e-04 -7.24082059e-04]

Residual before update:
[ 2.25978195e-03  2.32896323e-04  2.28700729e-03 ... -5.05675261e-05
 -2.94308708e-04 -7.24086222e-04]

Residual before update:
[ 2.25978177e-03  2.32895776e-04  2.28700716e-03 ... -5.05677584e-05
 -2.94307237e-04 -7.24085186e-04]

Residual before update:
[ 2.25978331e-03  2.32895863e-04  2.28700871e-03 ... -5.05669560e-05
 -2.94303450e-04 -7.24082469e-04]

Residual before update:
[ 2.25978327e-03  2.32895796e-04  2.28700867e-03 ... -5.05667658e-05
 -2.94303953e-04 -7.24082283e-04]

Residual before update:
[ 2.24817491e-03  2.29526150e-04  2.27617690e-03 ... -5.53845012e-05
 -3.26468321e-04 -7.24439887e-04]

Residual before update:
[ 2.25978388e-03  2.32895860e-04  2.28700927e-03 ... -5.05664023e-05
 -2.94301914e-04 -7.24081195e-04]

Residual before update:
[ 2.25978231e-03  2.32895926e-04  2.28700765e-03 ... -5.05671353e-05
 -2.94307403e-04 -7.24084964e-04]

Residual before update:
[ 2.25978367e-03  2.32895965e-04  2.28700908e-03 ... -5.05666628e-05
 -2.94302564e-04 -7.24081445e-04]

Residual before update:
[ 2.25978365e-03  2.32895875e-04  2.28700906e-03 ... -5.05666989e-05
 -2.94302453e-04 -7.24081644e-04]

Residual before update:
[ 2.25978353e-03  2.32895866e-04  2.28700893e-03 ... -5.05668384e-05
 -2.94302762e-04 -7.24081967e-04]

Residual before update:
[ 2.25978183e-03  2.32896432e-04  2.28700717e-03 ... -5.05674084e-05
 -2.94308522e-04 -7.24086094e-04]

Residual before update:
[ 2.25978168e-03  2.32895901e-04  2.28700706e-03 ... -5.05676415e-05
 -2.94307103e-04 -7.24085093e-04]

Residual before update:
[ 2.25978323e-03  2.32895996e-04  2.28700863e-03 ... -5.05668422e-05
 -2.94303351e-04 -7.24082400e-04]

Residual before update:
[ 2.25978321e-03  2.32895938e-04  2.28700861e-03 ... -5.05666505e-05
 -2.94303866e-04 -7.24082221e-04]

Residual before update:
[ 2.24818422e-03  2.29870585e-04  2.27616232e-03 ... -5.88812786e-05
 -3.32949836e-04 -7.29137533e-04]

Residual before update:
[ 2.25978384e-03  2.32896011e-04  2.28700923e-03 ... -5.05662848e-05
 -2.94301838e-04 -7.24081139e-04]

Residual before update:
[ 2.25978227e-03  2.32896083e-04  2.28700761e-03 ... -5.05670165e-05
 -2.94307339e-04 -7.24084916e-04]

Residual before update:
[ 2.25978363e-03  2.32896119e-04  2.28700904e-03 ... -5.05665448e-05
 -2.94302490e-04 -7.24081390e-04]

Residual before update:
[ 2.25978362e-03  2.32896029e-04  2.28700902e-03 ... -5.05665811e-05
 -2.94302379e-04 -7.24081589e-04]

Residual before update:
[ 2.25978350e-03  2.32896020e-04  2.28700889e-03 ... -5.05667205e-05
 -2.94302688e-04 -7.24081913e-04]

Residual before update:
[ 2.25978179e-03  2.32896591e-04  2.28700713e-03 ... -5.05672889e-05
 -2.94308458e-04 -7.24086046e-04]

Residual before update:
[ 2.25978164e-03  2.32896058e-04  2.28700702e-03 ... -5.05675232e-05
 -2.94307036e-04 -7.24085044e-04]

Residual before update:
[ 2.25978319e-03  2.32896151e-04  2.28700859e-03 ... -5.05667239e-05
 -2.94303278e-04 -7.24082346e-04]

Residual before update:
[ 2.25978317e-03  2.32896093e-04  2.28700856e-03 ... -5.05665319e-05
 -2.94303794e-04 -7.24082167e-04]

Residual before update:
[ 2.24821885e-03  2.29681854e-04  2.27620218e-03 ... -5.76519272e-05
 -3.31136900e-04 -7.27692859e-04]

Residual before update:
[ 2.25978380e-03  2.32896165e-04  2.28700919e-03 ... -5.05661662e-05
 -2.94301762e-04 -7.24081083e-04]

Residual before update:
[ 2.25978223e-03  2.32896240e-04  2.28700757e-03 ... -5.05668970e-05
 -2.94307272e-04 -7.24084866e-04]

Residual before update:
[ 2.25978360e-03  2.32896274e-04  2.28700900e-03 ... -5.05664262e-05
 -2.94302415e-04 -7.24081334e-04]

Residual before update:
[ 2.25978358e-03  2.32896183e-04  2.28700898e-03 ... -5.05664628e-05
 -2.94302304e-04 -7.24081534e-04]

Residual before update:
[ 2.25978346e-03  2.32896175e-04  2.28700885e-03 ... -5.05666021e-05
 -2.94302614e-04 -7.24081858e-04]

Residual before update:
[ 2.25978175e-03  2.32896750e-04  2.28700708e-03 ... -5.05671690e-05
 -2.94308392e-04 -7.24085998e-04]

Residual before update:
[ 2.25978159e-03  2.32896215e-04  2.28700698e-03 ... -5.05674044e-05
 -2.94306968e-04 -7.24084994e-04]

Residual before update:
[ 2.25978315e-03  2.32896306e-04  2.28700855e-03 ... -5.05666051e-05
 -2.94303204e-04 -7.24082292e-04]

Residual before update:
[ 2.25978313e-03  2.32896248e-04  2.28700852e-03 ... -5.05664128e-05
 -2.94303721e-04 -7.24082112e-04]

Residual before update:
[ 2.24824955e-03  2.29952299e-04  2.27621819e-03 ... -5.92892630e-05
 -3.33690022e-04 -7.29733315e-04]

Residual before update:
[ 2.25978377e-03  2.32896320e-04  2.28700915e-03 ... -5.05660471e-05
 -2.94301686e-04 -7.24081027e-04]

Residual before update:
[ 2.25978219e-03  2.32896398e-04  2.28700753e-03 ... -5.05667771e-05
 -2.94307205e-04 -7.24084816e-04]

Residual before update:
[ 2.25978356e-03  2.32896429e-04  2.28700896e-03 ... -5.05663072e-05
 -2.94302340e-04 -7.24081278e-04]
Compute pips
###############################
TGFM
###############################
Initialize variables
Warning: 438 variants have NaN gwas_beta. Setting to 0 with large SE.
Iterative optimization

Residual before update:
[ 0.          0.         -0.00222763 ... -0.00228426  0.00344083
  0.00556199]

Residual before update:
[-6.40000915e-18 -6.40000915e-18 -2.22762467e-03 ... -2.28426344e-03
  3.44082038e-03  5.56198414e-03]

Residual before update:
[-1.25384046e-17 -1.25384046e-17 -2.22762358e-03 ... -2.28426653e-03
  3.44080669e-03  5.56197560e-03]

Residual before update:
[-1.92363197e-17 -1.92363197e-17 -2.22762250e-03 ... -2.28426949e-03
  3.44079307e-03  5.56196714e-03]

Residual before update:
[-2.46520696e-17 -2.46520696e-17 -2.22762134e-03 ... -2.28427257e-03
  3.44077935e-03  5.56195865e-03]

Residual before update:
[-3.21192617e-17 -3.21192617e-17 -2.22762030e-03 ... -2.28427573e-03
  3.44076565e-03  5.56194985e-03]

Residual before update:
[-3.76017124e-17 -3.76017124e-17 -2.22761915e-03 ... -2.28427885e-03
  3.44075195e-03  5.56194167e-03]

Residual before update:
[-4.31638703e-17 -4.31638703e-17 -2.22761800e-03 ... -2.28428171e-03
  3.44073835e-03  5.56193316e-03]

Residual before update:
[-4.96584847e-17 -4.96584847e-17 -2.22761690e-03 ... -2.28428489e-03
  3.44072461e-03  5.56192467e-03]

Residual before update:
[-5.72653092e-17 -5.72653092e-17 -2.22761576e-03 ... -2.28428783e-03
  3.44071096e-03  5.56191606e-03]

Residual before update:
[-8.34946932e-16 -8.34946932e-16 -2.22792108e-03 ... -2.26142831e-03
  3.46841718e-03  5.56047790e-03]

Residual before update:
[-5.75354770e-17 -5.75354770e-17 -2.22761565e-03 ... -2.28428811e-03
  3.44071095e-03  5.56191616e-03]

Residual before update:
[-5.63752017e-17 -5.63752017e-17 -2.22761573e-03 ... -2.28428810e-03
  3.44071083e-03  5.56191595e-03]

Residual before update:
[-5.76625165e-17 -5.76625165e-17 -2.22761579e-03 ... -2.28428768e-03
  3.44071099e-03  5.56191609e-03]

Residual before update:
[-5.54454401e-17 -5.54454401e-17 -2.22761565e-03 ... -2.28428775e-03
  3.44071085e-03  5.56191611e-03]

Residual before update:
[-5.77898864e-17 -5.77898864e-17 -2.22761577e-03 ... -2.28428794e-03
  3.44071077e-03  5.56191554e-03]

Residual before update:
[-5.63998501e-17 -5.63998501e-17 -2.22761570e-03 ... -2.28428801e-03
  3.44071072e-03  5.56191610e-03]

Residual before update:
[-5.55115083e-17 -5.55115083e-17 -2.22761565e-03 ... -2.28428774e-03
  3.44071081e-03  5.56191607e-03]

Residual before update:
[-5.58938670e-17 -5.58938670e-17 -2.22761566e-03 ... -2.28428789e-03
  3.44071072e-03  5.56191606e-03]

Residual before update:
[-5.73052374e-17 -5.73052374e-17 -2.22761564e-03 ... -2.28428778e-03
  3.44071073e-03  5.56191592e-03]

Residual before update:
[-2.41488788e-15 -2.41488788e-15 -2.23085247e-03 ... -2.26990812e-03
  3.46798114e-03  5.55233844e-03]

Residual before update:
[-5.75960523e-17 -5.75960523e-17 -2.22761557e-03 ... -2.28428810e-03
  3.44071072e-03  5.56191603e-03]

Residual before update:
[-5.64470074e-17 -5.64470074e-17 -2.22761567e-03 ... -2.28428810e-03
  3.44071060e-03  5.56191582e-03]

Residual before update:
[-5.77426970e-17 -5.77426970e-17 -2.22761574e-03 ... -2.28428770e-03
  3.44071077e-03  5.56191596e-03]

Residual before update:
[-5.55297277e-17 -5.55297277e-17 -2.22761561e-03 ... -2.28428777e-03
  3.44071063e-03  5.56191598e-03]

Residual before update:
[-5.78825932e-17 -5.78825932e-17 -2.22761574e-03 ... -2.28428797e-03
  3.44071055e-03  5.56191541e-03]

Residual before update:
[-5.64939695e-17 -5.64939695e-17 -2.22761567e-03 ... -2.28428805e-03
  3.44071050e-03  5.56191596e-03]

Residual before update:
[-5.56058559e-17 -5.56058559e-17 -2.22761563e-03 ... -2.28428778e-03
  3.44071059e-03  5.56191594e-03]

Residual before update:
[-5.59901164e-17 -5.59901164e-17 -2.22761565e-03 ... -2.28428794e-03
  3.44071051e-03  5.56191593e-03]

Residual before update:
[-5.74050078e-17 -5.74050078e-17 -2.22761562e-03 ... -2.28428782e-03
  3.44071051e-03  5.56191579e-03]

Residual before update:
[-2.35192531e-15 -2.35192531e-15 -2.23077755e-03 ... -2.27009690e-03
  3.46765464e-03  5.55246990e-03]

Residual before update:
[-5.76963428e-17 -5.76963428e-17 -2.22761555e-03 ... -2.28428815e-03
  3.44071051e-03  5.56191589e-03]

Residual before update:
[-5.65449126e-17 -5.65449126e-17 -2.22761565e-03 ... -2.28428815e-03
  3.44071039e-03  5.56191568e-03]

Residual before update:
[-5.78438310e-17 -5.78438310e-17 -2.22761573e-03 ... -2.28428775e-03
  3.44071055e-03  5.56191582e-03]

Residual before update:
[-5.56251732e-17 -5.56251732e-17 -2.22761560e-03 ... -2.28428782e-03
  3.44071042e-03  5.56191585e-03]

Residual before update:
[-5.79838158e-17 -5.79838158e-17 -2.22761573e-03 ... -2.28428802e-03
  3.44071034e-03  5.56191527e-03]

Residual before update:
[-5.65918566e-17 -5.65918566e-17 -2.22761565e-03 ... -2.28428810e-03
  3.44071029e-03  5.56191583e-03]

Residual before update:
[-5.57014803e-17 -5.57014803e-17 -2.22761561e-03 ... -2.28428783e-03
  3.44071038e-03  5.56191581e-03]

Residual before update:
[-5.60865660e-17 -5.60865660e-17 -2.22761563e-03 ... -2.28428798e-03
  3.44071029e-03  5.56191580e-03]

Residual before update:
[-5.75050128e-17 -5.75050128e-17 -2.22761561e-03 ... -2.28428787e-03
  3.44071029e-03  5.56191566e-03]

Residual before update:
[-2.31419616e-15 -2.31419616e-15 -2.23070765e-03 ... -2.26986073e-03
  3.46771843e-03  5.55264809e-03]

Residual before update:
[-5.77969235e-17 -5.77969235e-17 -2.22761554e-03 ... -2.28428820e-03
  3.44071029e-03  5.56191576e-03]

Residual before update:
[-5.66431275e-17 -5.66431275e-17 -2.22761563e-03 ... -2.28428819e-03
  3.44071017e-03  5.56191555e-03]

Residual before update:
[-5.79452999e-17 -5.79452999e-17 -2.22761571e-03 ... -2.28428779e-03
  3.44071034e-03  5.56191569e-03]

Residual before update:
[-5.57209401e-17 -5.57209401e-17 -2.22761558e-03 ... -2.28428787e-03
  3.44071021e-03  5.56191572e-03]

Residual before update:
[-5.80853889e-17 -5.80853889e-17 -2.22761571e-03 ... -2.28428807e-03
  3.44071012e-03  5.56191513e-03]

Residual before update:
[-5.66900825e-17 -5.66900825e-17 -2.22761564e-03 ... -2.28428815e-03
  3.44071007e-03  5.56191570e-03]

Residual before update:
[-5.57974338e-17 -5.57974338e-17 -2.22761559e-03 ... -2.28428788e-03
  3.44071017e-03  5.56191567e-03]

Residual before update:
[-5.61833481e-17 -5.61833481e-17 -2.22761561e-03 ... -2.28428803e-03
  3.44071008e-03  5.56191566e-03]

Residual before update:
[-5.76053662e-17 -5.76053662e-17 -2.22761559e-03 ... -2.28428792e-03
  3.44071008e-03  5.56191552e-03]
Compute pips
###############################
TGFM
###############################
Initialize variables
Warning: 398 variants have NaN gwas_beta. Setting to 0 with large SE.
Iterative optimization

Residual before update:
[ 0.00066893 -0.00615739 -0.00857636 ...  0.00331632  0.00384016
  0.00377921]

Residual before update:
[ 0.00066894 -0.00615735 -0.0085763  ...  0.00331584  0.00383966
  0.0037787 ]

Residual before update:
[ 0.00066895 -0.00615731 -0.00857623 ...  0.00331537  0.00383915
  0.0037782 ]

Residual before update:
[ 0.00067527 -0.00595638 -0.00850911 ...  0.00336693  0.00386972
  0.00381635]

Residual before update:
[ 0.00066897 -0.00615723 -0.0085761  ...  0.00331443  0.00383814
  0.0037772 ]

Residual before update:
[ 0.00056153 -0.00635706 -0.00881128 ...  0.00322212  0.00374683
  0.00371571]

Residual before update:
[ 0.00068353 -0.00612207 -0.00856883 ...  0.00316312  0.00372202
  0.00364805]

Residual before update:
[-8.40965348e+00 -4.62420551e+03 -6.44917997e+03 ... -2.87175740e+04
 -2.17635606e+04 -2.40891889e+04]

Residual before update:
[ 0.000669   -0.00615707 -0.00857585 ...  0.00331254  0.00383613
  0.00377519]

Residual before update:
[1448.92931721  253.15145151   92.82068834 ... 2197.62091157 1795.42552636
 1915.46126839]

Residual before update:
[-1.10274051e+16 -6.06313829e+18 -8.45599751e+18 ... -3.76537933e+19
 -2.85358597e+19 -3.15851673e+19]

Residual before update:
[ 0.00066901 -0.00615703 -0.00857579 ...  0.00331208  0.00383564
  0.0037747 ]

Residual before update:
[ 0.00066901 -0.00615703 -0.00857579 ...  0.00331208  0.00383564
  0.0037747 ]

Residual before update:
[ 5.63831734e+10  7.86791706e+11  2.70412740e+11 ... -3.43120790e+10
  3.17294611e+10  5.38743092e+10]

Residual before update:
[ 0.000669   -0.00615703 -0.00857579 ...  0.00331209  0.00383565
  0.00377471]

Residual before update:
[ 0.00051803 -0.00650055 -0.00876732 ...  0.00361331  0.00401441
  0.00400469]

Residual before update:
[ 0.00065813 -0.00602658 -0.00850954 ...  0.00337225  0.00389764
  0.00384137]

Residual before update:
[-6.19440875e+10 -2.66857674e+11 -3.45224451e+10 ...  1.09190449e+12
  8.11462582e+11  8.92935113e+11]

Residual before update:
[ 0.000669   -0.00615703 -0.00857578 ...  0.00331208  0.00383564
  0.0037747 ]

Residual before update:
[1.03289234e+19 1.80467519e+18 6.61748530e+17 ... 1.56660743e+19
 1.27989554e+19 1.36546502e+19]

Residual before update:
[-1.20706916e+39 -5.45286761e+40 -4.92010861e+40 ...  6.51118200e+40
  5.31108488e+40  2.94561155e+40]

Residual before update:
[ 0.000669   -0.00615703 -0.00857578 ...  0.00331208  0.00383564
  0.0037747 ]

Residual before update:
[ 0.000669   -0.00615703 -0.00857578 ...  0.00331208  0.00383564
  0.0037747 ]

Residual before update:
[1.58968820e+34 4.97664089e+35 1.68651924e+35 ... 1.23874163e+35
 7.28685219e+34 9.10840656e+34]

Residual before update:
[ 0.000669   -0.00615703 -0.00857578 ...  0.00331207  0.00383564
  0.0037747 ]

Residual before update:
[ 0.00061322 -0.0063135  -0.00859099 ...  0.00360982  0.00402976
  0.00400932]

Residual before update:
[ 0.00065901 -0.00602474 -0.00851852 ...  0.0033493   0.00389222
  0.0038354 ]

Residual before update:
[-5.84416854e+18  2.26444704e+18 -1.19120489e+19 ... -1.56107850e+20
 -1.18463428e+20 -1.31708476e+20]

Residual before update:
[ 0.000669   -0.00615703 -0.00857578 ...  0.00331206  0.00383562
  0.00377468]

Residual before update:
[7.36647368e+34 1.28707434e+34 4.71951717e+33 ... 1.11728706e+35
 9.12807315e+34 9.73834516e+34]

Residual before update:
[ 6.44050760e+64  2.28634744e+65 -7.13105622e+64 ... -6.00193072e+65
 -2.26148555e+65 -2.39672419e+65]

Residual before update:
[ 0.000669   -0.00615703 -0.00857578 ...  0.00331206  0.00383562
  0.00377468]

Residual before update:
[ 0.000669   -0.00615703 -0.00857578 ...  0.00331206  0.00383562
  0.00377468]

Residual before update:
[-7.84646477e+49  1.25843063e+51  1.99401499e+50 ... -1.11966693e+50
 -7.48199378e+49 -7.96176120e+49]

Residual before update:
[ 0.000669   -0.00615703 -0.00857578 ...  0.00331206  0.00383562
  0.00377468]

Residual before update:
[ 0.00062126 -0.00629975 -0.00858974 ...  0.00358925  0.0040189
  0.00399488]

Residual before update:
[ 0.00065743 -0.00602089 -0.00851705 ...  0.00335066  0.00389117
  0.0038346 ]

Residual before update:
[8.59353616e+26 5.91887399e+27 2.30025545e+27 ... 6.59768153e+27
 6.45275667e+27 7.02887301e+27]

Residual before update:
[ 0.000669   -0.00615702 -0.00857578 ...  0.00331204  0.0038356
  0.00377466]

Residual before update:
[5.25368738e+50 9.17927156e+49 3.36590734e+49 ... 7.96836748e+50
 6.51004060e+50 6.94527984e+50]

Residual before update:
[-9.92258325e+93 -5.45568008e+96 -7.60880174e+96 ... -3.38813070e+97
 -2.56768877e+97 -2.84206890e+97]

Residual before update:
[ 0.000669   -0.00615702 -0.00857578 ...  0.00331204  0.0038356
  0.00377466]
NaNs in component_non_med_pred at component 2

Residual before update:
[ 0.000669   -0.00615702 -0.00857578 ...  0.00331204  0.0038356
  0.00377466]
NaNs in residual_incl_alpha[64, :]
NaN in mixture_alpha_mu: b_terms=[nan nan nan nan nan nan nan nan nan nan nan nan nan nan nan nan nan nan
 nan nan nan nan nan nan nan nan nan nan nan]
NaNs in self.residual at bs_iter=64
NaNs in un_normalized_lv_alpha_weights
NaN in normalizing_term
NaNs in component_non_med_pred at component 3

Residual before update:
[ 2.14793055e+67  2.97278423e+68  1.02192982e+68 ... -1.42583255e+67
  1.15192322e+67  1.98489516e+67]
NaNs in residual_incl_alpha[64, :]
NaNs in gene_weights for bs_iter=64
NaN in mixture_alpha_mu: b_terms=[nan nan nan nan nan nan nan nan nan nan nan nan nan nan nan nan nan nan
 nan nan nan nan nan nan nan nan nan nan nan]
NaNs in self.residual at bs_iter=64
NaNs in un_normalized_lv_alpha_weights
NaN in normalizing_term
NaNs in component_non_med_pred at component 4

Residual before update:
[ 0.000669   -0.00615702 -0.00857578 ...  0.00331204  0.0038356
  0.00377466]
NaNs in residual_incl_alpha[64, :]
NaNs in gene_weights for bs_iter=64
NaN in mixture_alpha_mu: b_terms=[nan nan nan nan nan nan nan nan nan nan nan nan nan nan nan nan nan nan
 nan nan nan nan nan nan nan nan nan nan nan]
NaNs in self.residual at bs_iter=64
NaNs in un_normalized_lv_alpha_weights
NaN in normalizing_term
NaNs in component_non_med_pred at component 5

Residual before update:
[ 0.00062487 -0.00629092 -0.00858874 ...  0.00357513  0.00401051
  0.00398439]
NaNs in residual_incl_alpha[64, :]
NaNs in gene_weights for bs_iter=64
NaN in mixture_alpha_mu: b_terms=[nan nan nan nan nan nan nan nan nan nan nan nan nan nan nan nan nan nan
 nan nan nan nan nan nan nan nan nan nan nan]
NaNs in self.residual at bs_iter=64
NaNs in un_normalized_lv_alpha_weights
NaN in normalizing_term
NaNs in component_non_med_pred at component 6

Residual before update:
[ 0.0006563  -0.00602088 -0.00851761 ...  0.00335055  0.00389145
  0.00383479]
NaNs in residual_incl_alpha[64, :]
NaNs in gene_weights for bs_iter=64
NaN in mixture_alpha_mu: b_terms=[nan nan nan nan nan nan nan nan nan nan nan nan nan nan nan nan nan nan
 nan nan nan nan nan nan nan nan nan nan nan]
NaNs in self.residual at bs_iter=64
NaNs in un_normalized_lv_alpha_weights
NaN in normalizing_term
NaNs in residual_incl_alpha[70, :]
NaN in mixture_alpha_mu: b_terms=[nan nan nan nan nan nan nan nan nan nan nan nan nan nan nan nan nan nan
 nan nan nan nan nan nan nan nan nan nan nan]
NaNs in self.residual at bs_iter=70
NaNs in un_normalized_lv_alpha_weights
NaN in normalizing_term
NaNs in component_non_med_pred at component 7

Residual before update:
[5.04408668e+40 2.77335976e+43 3.86788530e+43 ... 1.72233438e+44
 1.30526801e+44 1.44474738e+44]
NaNs in residual_incl_alpha[64, :]
NaNs in gene_weights for bs_iter=64
NaN in mixture_alpha_mu: b_terms=[nan nan nan nan nan nan nan nan nan nan nan nan nan nan nan nan nan nan
 nan nan nan nan nan nan nan nan nan nan nan]
NaNs in self.residual at bs_iter=64
NaNs in un_normalized_lv_alpha_weights
NaN in normalizing_term
NaNs in residual_incl_alpha[70, :]
NaNs in gene_weights for bs_iter=70
NaN in mixture_alpha_mu: b_terms=[nan nan nan nan nan nan nan nan nan nan nan nan nan nan nan nan nan nan
 nan nan nan nan nan nan nan nan nan nan nan]
NaNs in self.residual at bs_iter=70
NaNs in un_normalized_lv_alpha_weights
NaN in normalizing_term
NaNs in component_non_med_pred at component 8

Residual before update:
[ 0.000669   -0.00615702 -0.00857578 ...  0.00331203  0.00383558
  0.00377464]
NaNs in residual_incl_alpha[64, :]
NaNs in gene_weights for bs_iter=64
NaN in mixture_alpha_mu: b_terms=[nan nan nan nan nan nan nan nan nan nan nan nan nan nan nan nan nan nan
 nan nan nan nan nan nan nan nan nan nan nan]
NaNs in self.residual at bs_iter=64
NaNs in un_normalized_lv_alpha_weights
NaN in normalizing_term
NaNs in residual_incl_alpha[70, :]
NaNs in gene_weights for bs_iter=70
NaN in mixture_alpha_mu: b_terms=[nan nan nan nan nan nan nan nan nan nan nan nan nan nan nan nan nan nan
 nan nan nan nan nan nan nan nan nan nan nan]
NaNs in self.residual at bs_iter=70
NaNs in un_normalized_lv_alpha_weights
NaN in normalizing_term
NaNs in component_non_med_pred at component 9

Residual before update:
[3.74687162e+66 6.54655474e+65 2.40052781e+65 ... 5.68295138e+66
 4.64288881e+66 4.95329661e+66]
NaNs in residual_incl_alpha[64, :]
NaNs in gene_weights for bs_iter=64
NaN in mixture_alpha_mu: b_terms=[nan nan nan nan nan nan nan nan nan nan nan nan nan nan nan nan nan nan
 nan nan nan nan nan nan nan nan nan nan nan]
NaNs in self.residual at bs_iter=64
NaNs in un_normalized_lv_alpha_weights
NaN in normalizing_term
NaNs in residual_incl_alpha[70, :]
NaNs in gene_weights for bs_iter=70
NaN in mixture_alpha_mu: b_terms=[nan nan nan nan nan nan nan nan nan nan nan nan nan nan nan nan nan nan
 nan nan nan nan nan nan nan nan nan nan nan]
NaNs in self.residual at bs_iter=70
NaNs in un_normalized_lv_alpha_weights
NaN in normalizing_term
Compute pips
NaNs found in gene-tissue pair PIPs at indices: [ 0  1  2  3  4  5  6  7  8  9 10 11 12 13 14 15 16 17 18 19 20 21 22 23
 24 25 26 27 28]
NaNs found in variant PIPs at indices: [    0     1     2 ... 11830 11831 11832]
NaNs found in gene PIPs at indices: [0 1 2 3 4 5 6 7 8]
###############################
TGFM
###############################
Initialize variables
Warning: 384 variants have NaN gwas_beta. Setting to 0 with large SE.
Iterative optimization

Residual before update:
[ 0.00189953  0.004746    0.00019332 ... -0.0029602  -0.00205794
 -0.00260035]

Residual before update:
[ 0.00189953  0.004746    0.00019333 ... -0.00296018 -0.00205802
 -0.00260042]

Residual before update:
[ 0.00189953  0.004746    0.00019334 ... -0.00296016 -0.00205809
 -0.0026005 ]

Residual before update:
[ 0.00192905  0.00474067  0.00020562 ... -0.00290331 -0.00205139
 -0.0025936 ]

Residual before update:
[ 0.00189953  0.004746    0.00019335 ... -0.00296012 -0.00205824
 -0.00260065]

Residual before update:
[ 0.00189953  0.004746    0.00019336 ... -0.0029601  -0.00205832
 -0.00260073]

Residual before update:
[ 0.00194214  0.0047334   0.00021529 ... -0.00283177 -0.00205089
 -0.00259287]

Residual before update:
[ 0.00189953  0.004746    0.00019337 ... -0.00296006 -0.00205846
 -0.00260087]

Residual before update:
[ 0.00195423  0.0047945   0.00021269 ... -0.00293909 -0.00204922
 -0.0025916 ]

Residual before update:
[ 0.00189953  0.00474601  0.00019338 ... -0.00296002 -0.00205861
 -0.00260103]

Residual before update:
[ 0.00186412  0.00426264 -0.00036656 ... -0.00297151 -0.00206053
 -0.00260632]

Residual before update:
[ 0.00189953  0.004746    0.00019338 ... -0.00296002 -0.0020586
 -0.00260101]

Residual before update:
[ 0.00189953  0.004746    0.00019338 ... -0.00296002 -0.00205861
 -0.00260102]

Residual before update:
[ 0.00193694  0.00473719  0.00021708 ... -0.00258933 -0.00206341
 -0.00260514]

Residual before update:
[ 0.00189953  0.00474601  0.00019338 ... -0.00296003 -0.00205861
 -0.00260103]

Residual before update:
[ 0.00189953  0.004746    0.00019338 ... -0.00296003 -0.00205862
 -0.00260104]

Residual before update:
[ 0.00190113  0.00474426  0.0001949  ... -0.00298374 -0.00205571
 -0.00259809]

Residual before update:
[ 0.00189953  0.004746    0.00019338 ... -0.00296003 -0.00205862
 -0.00260103]

Residual before update:
[ 0.00193526  0.00476994  0.00022206 ... -0.00294079 -0.00204901
 -0.00259103]

Residual before update:
[ 0.00189953  0.00474601  0.00019338 ... -0.00296003 -0.00205862
 -0.00260103]

Residual before update:
[ 0.00186451  0.00426123 -0.00036889 ... -0.00297161 -0.00206121
 -0.00260692]

Residual before update:
[ 0.00189953  0.004746    0.00019338 ... -0.00296002 -0.00205861
 -0.00260102]

Residual before update:
[ 0.00189953  0.004746    0.00019338 ... -0.00296002 -0.00205861
 -0.00260102]

Residual before update:
[ 0.00193089  0.00474886  0.00021289 ... -0.00280105 -0.00203503
 -0.00257759]

Residual before update:
[ 0.00189953  0.00474601  0.00019338 ... -0.00296002 -0.00205862
 -0.00260103]

Residual before update:
[ 0.00189953  0.004746    0.00019338 ... -0.00296003 -0.00205863
 -0.00260104]

Residual before update:
[ 0.0018968   0.00474454  0.00019355 ... -0.00298528 -0.00205706
 -0.00259946]

Residual before update:
[ 0.00189953  0.004746    0.00019338 ... -0.00296003 -0.00205862
 -0.00260103]

Residual before update:
[ 0.00207524  0.00489285  0.00022814 ... -0.00294729 -0.0020766
 -0.00262249]

Residual before update:
[ 0.00189953  0.00474601  0.00019338 ... -0.00296003 -0.00205862
 -0.00260103]

Residual before update:
[ 0.00186448  0.00426112 -0.000369   ... -0.00297162 -0.0020612
 -0.00260691]

Residual before update:
[ 0.00189953  0.004746    0.00019338 ... -0.00296002 -0.00205861
 -0.00260102]

Residual before update:
[ 0.00189953  0.004746    0.00019338 ... -0.00296002 -0.00205861
 -0.00260103]

Residual before update:
[ 0.00192689  0.00474516  0.0002016  ... -0.00292687 -0.00204986
 -0.00259216]

Residual before update:
[ 0.00189953  0.00474601  0.00019338 ... -0.00296002 -0.00205862
 -0.00260103]

Residual before update:
[ 0.00189953  0.004746    0.00019338 ... -0.00296003 -0.00205863
 -0.00260104]

Residual before update:
[ 0.00189522  0.00474465  0.00019305 ... -0.00298577 -0.00205756
 -0.00259996]

Residual before update:
[ 0.00189953  0.004746    0.00019338 ... -0.00296002 -0.00205862
 -0.00260104]

Residual before update:
[ 0.00202785  0.00483151  0.00024923 ... -0.00296116 -0.00206916
 -0.00261321]

Residual before update:
[ 0.00189953  0.00474601  0.00019338 ... -0.00296002 -0.00205862
 -0.00260104]

Residual before update:
[ 0.00186447  0.00426098 -0.00036916 ... -0.00297162 -0.0020612
 -0.00260691]

Residual before update:
[ 0.00189953  0.004746    0.00019338 ... -0.00296002 -0.00205861
 -0.00260102]

Residual before update:
[ 0.00189953  0.004746    0.00019338 ... -0.00296002 -0.00205862
 -0.00260103]

Residual before update:
[ 0.00192635  0.00474557  0.00020071 ... -0.0029355  -0.00205117
 -0.00259352]

Residual before update:
[ 0.00189953  0.00474601  0.00019338 ... -0.00296002 -0.00205862
 -0.00260104]

Residual before update:
[ 0.00189953  0.004746    0.00019338 ... -0.00296003 -0.00205863
 -0.00260105]

Residual before update:
[ 0.00189465  0.00474469  0.00019287 ... -0.00298589 -0.00205774
 -0.00260015]

Residual before update:
[ 0.00189953  0.004746    0.00019338 ... -0.00296002 -0.00205863
 -0.00260104]

Residual before update:
[ 0.00189837  0.00473936  0.00018815 ... -0.00296991 -0.0020726
 -0.00261574]

Residual before update:
[ 0.00189953  0.00474601  0.00019338 ... -0.00296002 -0.00205863
 -0.00260104]
Compute pips
###############################
TGFM
###############################
Initialize variables
Warning: 278 variants have NaN gwas_beta. Setting to 0 with large SE.
Iterative optimization

Residual before update:
[ 0.00444739 -0.00373841  0.00344807 ...  0.00911301  0.00907375
 -0.00114176]

Residual before update:
[ 0.00444746 -0.00373823  0.0034482  ...  0.00911181  0.00907252
 -0.00114173]

Residual before update:
[ 0.00444753 -0.00373806  0.00344832 ...  0.00911089  0.00907158
 -0.0011417 ]

Residual before update:
[ 0.00444759 -0.00373789  0.00344844 ...  0.00910984  0.00907052
 -0.00114167]

Residual before update:
[ 0.00444766 -0.00373772  0.00344855 ...  0.00910879  0.00906945
 -0.00114164]

Residual before update:
[ 0.00444772 -0.00373756  0.00344866 ...  0.00910774  0.00906838
 -0.00114162]

Residual before update:
[ 0.00444778 -0.0037374   0.00344876 ...  0.00910665  0.00906726
 -0.0011416 ]

Residual before update:
[ 0.00444783 -0.00373724  0.00344886 ...  0.00910564  0.00906623
 -0.00114156]

Residual before update:
[ 0.00444788 -0.00373709  0.00344896 ...  0.00910459  0.00906517
 -0.00114153]

Residual before update:
[ 0.00444793 -0.00373694  0.00344906 ...  0.00910353  0.00906409
 -0.00114151]

Residual before update:
[ 0.00444791 -0.00373697  0.00344902 ...  0.00910351  0.00906407
 -0.00114151]

Residual before update:
[ 0.00444789 -0.00373699  0.00344899 ...  0.00910226  0.0090628
 -0.00114151]

Residual before update:
[ 0.00444787 -0.00373702  0.00344896 ...  0.00910351  0.00906406
 -0.00114153]

Residual before update:
[ 0.00444786 -0.00373703  0.00344894 ...  0.00910354  0.0090641
 -0.00114152]

Residual before update:
[ 0.00444785 -0.00373704  0.00344893 ...  0.00910356  0.00906412
 -0.00114152]

Residual before update:
[ 0.00444784 -0.00373705  0.00344892 ...  0.00910356  0.00906412
 -0.00114152]

Residual before update:
[ 0.00444784 -0.00373706  0.00344892 ...  0.00910349  0.00906405
 -0.00114153]

Residual before update:
[ 0.00444784 -0.00373706  0.00344891 ...  0.00910355  0.00906411
 -0.00114152]

Residual before update:
[ 0.00444784 -0.00373705  0.00344892 ...  0.00910355  0.00906411
 -0.00114152]

Residual before update:
[ 0.00444784 -0.00373705  0.00344892 ...  0.00910353  0.00906409
 -0.00114152]

Residual before update:
[ 0.00444784 -0.00373705  0.00344892 ...  0.0091035   0.00906406
 -0.00114151]

Residual before update:
[ 0.00444784 -0.00373704  0.00344893 ...  0.00910225  0.00906279
 -0.00114151]

Residual before update:
[ 0.00444785 -0.00373704  0.00344893 ...  0.00910348  0.00906404
 -0.00114153]

Residual before update:
[ 0.00444785 -0.00373704  0.00344893 ...  0.00910351  0.00906407
 -0.00114152]

Residual before update:
[ 0.00444785 -0.00373704  0.00344893 ...  0.00910352  0.00906408
 -0.00114151]

Residual before update:
[ 0.00444785 -0.00373704  0.00344893 ...  0.00910352  0.00906408
 -0.00114151]

Residual before update:
[ 0.00444785 -0.00373704  0.00344893 ...  0.00910344  0.009064
 -0.00114153]

Residual before update:
[ 0.00444785 -0.00373704  0.00344893 ...  0.0091035   0.00906406
 -0.00114152]

Residual before update:
[ 0.00444785 -0.00373704  0.00344893 ...  0.0091035   0.00906406
 -0.00114151]

Residual before update:
[ 0.00444785 -0.00373704  0.00344893 ...  0.00910348  0.00906404
 -0.00114152]

Residual before update:
[ 0.00444785 -0.00373704  0.00344893 ...  0.00910345  0.00906401
 -0.00114151]

Residual before update:
[ 0.00444785 -0.00373704  0.00344893 ...  0.00910219  0.00906273
 -0.00114151]

Residual before update:
[ 0.00444785 -0.00373704  0.00344893 ...  0.00910343  0.00906399
 -0.00114153]

Residual before update:
[ 0.00444785 -0.00373704  0.00344893 ...  0.00910346  0.00906402
 -0.00114152]

Residual before update:
[ 0.00444785 -0.00373704  0.00344893 ...  0.00910347  0.00906403
 -0.00114151]

Residual before update:
[ 0.00444785 -0.00373703  0.00344893 ...  0.00910347  0.00906403
 -0.00114151]

Residual before update:
[ 0.00444785 -0.00373703  0.00344893 ...  0.00910339  0.00906395
 -0.00114153]

Residual before update:
[ 0.00444785 -0.00373703  0.00344893 ...  0.00910345  0.00906401
 -0.00114151]

Residual before update:
[ 0.00444785 -0.00373703  0.00344893 ...  0.00910345  0.00906401
 -0.00114151]

Residual before update:
[ 0.00444785 -0.00373703  0.00344893 ...  0.00910343  0.00906399
 -0.00114152]

Residual before update:
[ 0.00444785 -0.00373703  0.00344893 ...  0.0091034   0.00906396
 -0.00114151]

Residual before update:
[ 0.00444785 -0.00373703  0.00344893 ...  0.00910213  0.00906267
 -0.00114151]

Residual before update:
[ 0.00444785 -0.00373703  0.00344893 ...  0.00910338  0.00906394
 -0.00114153]

Residual before update:
[ 0.00444785 -0.00373703  0.00344893 ...  0.00910341  0.00906397
 -0.00114152]

Residual before update:
[ 0.00444785 -0.00373703  0.00344893 ...  0.00910342  0.00906398
 -0.00114151]

Residual before update:
[ 0.00444785 -0.00373703  0.00344893 ...  0.00910342  0.00906398
 -0.00114151]

Residual before update:
[ 0.00444785 -0.00373703  0.00344894 ...  0.00910334  0.0090639
 -0.00114153]

Residual before update:
[ 0.00444785 -0.00373703  0.00344894 ...  0.0091034   0.00906396
 -0.00114151]

Residual before update:
[ 0.00444785 -0.00373703  0.00344894 ...  0.0091034   0.00906396
 -0.00114151]

Residual before update:
[ 0.00444785 -0.00373703  0.00344894 ...  0.00910338  0.00906393
 -0.00114152]
Compute pips
###############################
TGFM
###############################
Initialize variables
Warning: 432 variants have NaN gwas_beta. Setting to 0 with large SE.
Iterative optimization

Residual before update:
[-0.0024859  -0.00239282 -0.00255474 ... -0.01036703 -0.01039844
  0.01116288]

Residual before update:
[-0.00248874 -0.00239561 -0.00255758 ... -0.01046934 -0.01050076
  0.01116265]

Residual before update:
[-0.00248585 -0.00239276 -0.00255468 ... -0.01034377 -0.01037519
  0.0111626 ]

Residual before update:
[-0.00248582 -0.00239274 -0.00255466 ... -0.01033312 -0.01036454
  0.01116233]

Residual before update:
[-0.0024858  -0.00239271 -0.00255463 ... -0.01032305 -0.01035447
  0.011162  ]

Residual before update:
[-0.00236392 -0.00228098 -0.00244158 ... -0.01030689 -0.0103383
  0.01114923]

Residual before update:
[-0.00248561 -0.00239251 -0.00255443 ... -0.01043351 -0.01046493
  0.01106965]

Residual before update:
[-0.00248571 -0.00239262 -0.00255454 ... -0.01029588 -0.01032729
  0.01116063]

Residual before update:
[-0.00249503 -0.00240279 -0.00256471 ... -0.01056447 -0.01059589
  0.0111186 ]

Residual before update:
[-0.00249024 -0.00239762 -0.0025596  ... -0.00950419 -0.00953561
  0.01180129]

Residual before update:
[-0.00248567 -0.00239258 -0.0025545  ... -0.01028442 -0.01031584
  0.01115891]

Residual before update:
[-0.0025318  -0.00243922 -0.00260176 ... -0.01037398 -0.0104054
  0.01113766]

Residual before update:
[-0.00248567 -0.00239258 -0.0025545  ... -0.01029072 -0.01032214
  0.01115816]

Residual before update:
[-0.00248567 -0.00239258 -0.0025545  ... -0.01029273 -0.01032414
  0.01115793]

Residual before update:
[-0.00248567 -0.00239259 -0.00255451 ... -0.01029409 -0.01032551
  0.01115778]

Residual before update:
[-0.00230284 -0.00221674 -0.00237752 ... -0.01031756 -0.01034897
  0.01116995]

Residual before update:
[-0.00248565 -0.00239256 -0.00255448 ... -0.01040721 -0.01043862
  0.0110719 ]

Residual before update:
[-0.00248566 -0.00239257 -0.00255449 ... -0.01029507 -0.01032649
  0.01115772]

Residual before update:
[-0.00248579 -0.00239267 -0.00255459 ... -0.01013659 -0.01016801
  0.01129053]

Residual before update:
[-0.00229404 -0.00220211 -0.00236419 ... -0.01041097 -0.01044239
  0.01110879]

Residual before update:
[-0.00248567 -0.00239258 -0.0025545  ... -0.01029321 -0.01032463
  0.01115798]

Residual before update:
[-0.00250885 -0.00241584 -0.00257812 ... -0.01039067 -0.01042209
  0.01114896]

Residual before update:
[-0.00248567 -0.00239258 -0.0025545  ... -0.01029274 -0.01032416
  0.01115803]

Residual before update:
[-0.00248567 -0.00239258 -0.0025545  ... -0.01029271 -0.01032412
  0.01115803]

Residual before update:
[-0.00248567 -0.00239258 -0.0025545  ... -0.01029275 -0.01032417
  0.01115801]

Residual before update:
[-0.00230807 -0.00222189 -0.00238268 ... -0.01031171 -0.01034312
  0.0111706 ]

Residual before update:
[-0.00248568 -0.00239258 -0.00255449 ... -0.01042967 -0.01046109
  0.01104552]

Residual before update:
[-0.00248565 -0.00239257 -0.00255449 ... -0.01029302 -0.01032443
  0.01115795]

Residual before update:
[-0.00248579 -0.00239267 -0.00255459 ... -0.01013698 -0.0101684
  0.01129031]

Residual before update:
[-0.00230333 -0.00221153 -0.00237364 ... -0.01036153 -0.01039294
  0.01116189]

Residual before update:
[-0.00248567 -0.00239258 -0.0025545  ... -0.01029308 -0.01032449
  0.01115793]

Residual before update:
[-0.0025151  -0.00242187 -0.00258413 ... -0.01039023 -0.01042164
  0.01114882]

Residual before update:
[-0.00248567 -0.00239258 -0.0025545  ... -0.01029298 -0.01032439
  0.01115793]

Residual before update:
[-0.00248567 -0.00239258 -0.0025545  ... -0.01029292 -0.01032434
  0.01115793]

Residual before update:
[-0.00248567 -0.00239258 -0.0025545  ... -0.01029288 -0.01032429
  0.01115793]

Residual before update:
[-0.00230763 -0.00222146 -0.00238225 ... -0.01031159 -0.010343
  0.01117063]

Residual before update:
[-0.00248571 -0.0023926  -0.00255452 ... -0.01044043 -0.01047184
  0.01104992]

Residual before update:
[-0.00248565 -0.00239257 -0.00255449 ... -0.01029278 -0.01032419
  0.01115793]

Residual before update:
[-0.00248579 -0.00239267 -0.00255459 ... -0.01013783 -0.01016925
  0.01128984]

Residual before update:
[-0.00230524 -0.00221344 -0.00237556 ... -0.01036202 -0.01039344
  0.01116194]

Residual before update:
[-0.00248567 -0.00239258 -0.0025545  ... -0.01029276 -0.01032418
  0.01115791]

Residual before update:
[-0.00251599 -0.00242273 -0.00258498 ... -0.0103902  -0.01042162
  0.0111488 ]

Residual before update:
[-0.00248567 -0.00239258 -0.0025545  ... -0.01029271 -0.01032413
  0.01115791]

Residual before update:
[-0.00248566 -0.00239258 -0.0025545  ... -0.01029269 -0.01032411
  0.0111579 ]

Residual before update:
[-0.00248567 -0.00239258 -0.0025545  ... -0.01029266 -0.01032408
  0.0111579 ]

Residual before update:
[-0.00230717 -0.00222102 -0.00238181 ... -0.01031146 -0.01034288
  0.01117067]

Residual before update:
[-0.00248564 -0.00239254 -0.00255446 ... -0.01044627 -0.01047768
  0.0110517 ]

Residual before update:
[-0.00248565 -0.00239257 -0.00255449 ... -0.01029257 -0.01032399
  0.01115789]

Residual before update:
[-0.0024858  -0.00239267 -0.00255459 ... -0.01013869 -0.01017011
  0.01128936]

Residual before update:
[-0.00230675 -0.00221496 -0.00237707 ... -0.01036277 -0.01039419
  0.01116256]
Compute pips
###############################
TGFM
###############################
Initialize variables
Warning: 439 variants have NaN gwas_beta. Setting to 0 with large SE.
Iterative optimization

Residual before update:
[-0.00403783  0.00239248 -0.00067171 ... -0.00387086  0.
 -0.00010339]

Residual before update:
[-4.03830423e-03  2.39207303e-03 -6.72010395e-04 ... -3.87149006e-03
 -5.09563944e-15 -1.03381296e-04]

Residual before update:
[-4.03820364e-03  2.39207575e-03 -6.71924557e-04 ... -3.87149847e-03
 -5.14941121e-15 -1.03358454e-04]

Residual before update:
[-4.03810333e-03  2.39207313e-03 -6.71847985e-04 ... -3.87150468e-03
 -5.20227741e-15 -1.03332887e-04]

Residual before update:
[-4.03799306e-03  2.39211132e-03 -6.71705990e-04 ... -3.87150893e-03
 -5.24701357e-15 -1.03302741e-04]

Residual before update:
[-4.03789782e-03  2.39208403e-03 -6.71669333e-04 ... -3.87151331e-03
 -5.30374004e-15 -1.03275304e-04]

Residual before update:
[-4.03779388e-03  2.39208972e-03 -6.71580068e-04 ... -3.87151655e-03
 -5.35337339e-15 -1.03244943e-04]

Residual before update:
[-4.03767719e-03  2.39215456e-03 -6.71395440e-04 ... -3.87151773e-03
 -5.38694005e-15 -1.03210794e-04]

Residual before update:
[-4.03757158e-03  2.39216947e-03 -6.71292234e-04 ... -3.87151981e-03
 -5.43279236e-15 -1.03178486e-04]

Residual before update:
[-4.03746528e-03  2.39218627e-03 -6.71184936e-04 ... -3.87152143e-03
 -5.47796031e-15 -1.03145759e-04]

Residual before update:
[-4.03690560e-03  2.39253927e-03 -6.70888569e-04 ... -3.87089532e-03
 -4.51912984e-16 -1.03125868e-04]

Residual before update:
[-4.03744030e-03  2.39217047e-03 -6.71208673e-04 ... -3.87149534e-03
 -5.36865059e-15 -1.03123510e-04]

Residual before update:
[-4.03743608e-03  2.39218052e-03 -6.71189833e-04 ... -3.87149328e-03
 -5.36877598e-15 -1.03119242e-04]

Residual before update:
[-4.03743591e-03  2.39217156e-03 -6.71203578e-04 ... -3.87149237e-03
 -5.36424200e-15 -1.03118399e-04]

Residual before update:
[-4.03742775e-03  2.39222017e-03 -6.71122304e-04 ... -3.87149666e-03
 -5.38580244e-15 -1.03117493e-04]

Residual before update:
[-4.03743445e-03  2.39217415e-03 -6.71195880e-04 ... -3.87149468e-03
 -5.36762081e-15 -1.03119823e-04]

Residual before update:
[-4.03743353e-03  2.39217168e-03 -6.71198582e-04 ... -3.87149634e-03
 -5.36906024e-15 -1.03121788e-04]

Residual before update:
[-4.03742735e-03  2.39221944e-03 -6.71118056e-04 ... -3.87150148e-03
 -5.39288775e-15 -1.03122839e-04]

Residual before update:
[-4.03742775e-03  2.39221691e-03 -6.71121597e-04 ... -3.87150330e-03
 -5.39598864e-15 -1.03124652e-04]

Residual before update:
[-4.03742753e-03  2.39221569e-03 -6.71121741e-04 ... -3.87150489e-03
 -5.39876794e-15 -1.03126536e-04]

Residual before update:
[-4.03689262e-03  2.39255890e-03 -6.70843614e-04 ... -3.87089720e-03
 -4.63662989e-16 -1.03120765e-04]

Residual before update:
[-4.03748053e-03  2.39213502e-03 -6.71213806e-04 ... -3.87156821e-03
 -5.92856597e-15 -1.03123187e-04]

Residual before update:
[-4.03747656e-03  2.39214087e-03 -6.71202660e-04 ... -3.87156626e-03
 -5.92504245e-15 -1.03120311e-04]

Residual before update:
[-4.03747451e-03  2.39213065e-03 -6.71219862e-04 ... -3.87156297e-03
 -5.90849736e-15 -1.03118402e-04]

Residual before update:
[-4.03746658e-03  2.39217939e-03 -6.71138788e-04 ... -3.87156738e-03
 -5.94376690e-15 -1.03115021e-04]

Residual before update:
[-4.03746888e-03  2.39213441e-03 -6.71212683e-04 ... -3.87156024e-03
 -5.89664617e-15 -1.03115034e-04]

Residual before update:
[-4.03746552e-03  2.39213393e-03 -6.71213277e-04 ... -3.87155928e-03
 -5.88924687e-15 -1.03114467e-04]

Residual before update:
[-4.03745950e-03  2.39218456e-03 -6.71128157e-04 ... -3.87156496e-03
 -5.92884230e-15 -1.03113003e-04]

Residual before update:
[-4.03745793e-03  2.39218438e-03 -6.71128713e-04 ... -3.87156482e-03
 -5.92480815e-15 -1.03112879e-04]

Residual before update:
[-4.03745588e-03  2.39218565e-03 -6.71125454e-04 ... -3.87156470e-03
 -5.92057521e-15 -1.03113146e-04]

Residual before update:
[-4.03686913e-03  2.39257445e-03 -6.70813366e-04 ... -3.87088784e-03
 -4.16654807e-16 -1.03110270e-04]

Residual before update:
[-4.03755715e-03  2.39206948e-03 -6.71248734e-04 ... -3.87168387e-03
 -6.89027394e-15 -1.03112843e-04]

Residual before update:
[-4.03755401e-03  2.39207478e-03 -6.71237991e-04 ... -3.87168339e-03
 -6.88950721e-15 -1.03111746e-04]

Residual before update:
[-4.03755198e-03  2.39206466e-03 -6.71254872e-04 ... -3.87168065e-03
 -6.87090757e-15 -1.03111053e-04]

Residual before update:
[-4.03754613e-03  2.39211182e-03 -6.71175824e-04 ... -3.87168722e-03
 -6.92043340e-15 -1.03108416e-04]

Residual before update:
[-4.03754648e-03  2.39206864e-03 -6.71247170e-04 ... -3.87167855e-03
 -6.86045750e-15 -1.03108316e-04]

Residual before update:
[-4.03754271e-03  2.39206873e-03 -6.71246964e-04 ... -3.87167731e-03
 -6.85262607e-15 -1.03107303e-04]

Residual before update:
[-4.03753827e-03  2.39211833e-03 -6.71163158e-04 ... -3.87168434e-03
 -6.90693671e-15 -1.03105157e-04]

Residual before update:
[-4.03753615e-03  2.39211891e-03 -6.71162675e-04 ... -3.87168365e-03
 -6.90291757e-15 -1.03104043e-04]

Residual before update:
[-4.03753344e-03  2.39212107e-03 -6.71158137e-04 ... -3.87168290e-03
 -6.89864724e-15 -1.03103215e-04]

Residual before update:
[-4.03684534e-03  2.39259259e-03 -6.70778353e-04 ... -3.87088052e-03
 -3.75084579e-16 -1.03101381e-04]

Residual before update:
[-4.03765441e-03  2.39198877e-03 -6.71292924e-04 ... -3.87182791e-03
 -8.08231136e-15 -1.03101569e-04]

Residual before update:
[-4.03765152e-03  2.39199388e-03 -6.71282135e-04 ... -3.87182784e-03
 -8.08450944e-15 -1.03100552e-04]

Residual before update:
[-4.03764963e-03  2.39198370e-03 -6.71298825e-04 ... -3.87182551e-03
 -8.06741688e-15 -1.03100166e-04]

Residual before update:
[-4.03764488e-03  2.39202970e-03 -6.71221321e-04 ... -3.87183313e-03
 -8.12377161e-15 -1.03097950e-04]

Residual before update:
[-4.03764482e-03  2.39198719e-03 -6.71291266e-04 ... -3.87182453e-03
 -8.06233384e-15 -1.03098132e-04]

Residual before update:
[-4.03764126e-03  2.39198714e-03 -6.71290987e-04 ... -3.87182372e-03
 -8.05688630e-15 -1.03097328e-04]

Residual before update:
[-4.03763788e-03  2.39203555e-03 -6.71208832e-04 ... -3.87183157e-03
 -8.11785619e-15 -1.03095300e-04]

Residual before update:
[-4.03763590e-03  2.39203606e-03 -6.71208270e-04 ... -3.87183112e-03
 -8.11620717e-15 -1.03094064e-04]

Residual before update:
[-4.03763323e-03  2.39203826e-03 -6.71203412e-04 ... -3.87183052e-03
 -8.11437875e-15 -1.03092952e-04]
Compute pips
###############################
TGFM
###############################
Initialize variables
Warning: 510 variants have NaN gwas_beta. Setting to 0 with large SE.
Iterative optimization

Residual before update:
[-8.44961505e-05 -1.40731764e-03 -4.88927256e-04 ...  2.80936246e-03
 -5.83425801e-04  4.71552400e-03]

Residual before update:
[-8.45089498e-05 -1.40732863e-03 -4.88934348e-04 ...  2.80926331e-03
 -5.83483414e-04  4.71538224e-03]

Residual before update:
[-8.50912628e-05 -1.40787844e-03 -4.89481188e-04 ...  2.80921070e-03
 -5.83517377e-04  4.71537551e-03]

Residual before update:
[-8.44267682e-05 -1.40724174e-03 -4.88845432e-04 ...  2.80918366e-03
 -5.83547846e-04  4.71537030e-03]

Residual before update:
[-8.45038121e-05 -1.40728365e-03 -4.88889590e-04 ...  2.80914277e-03
 -5.83597403e-04  4.71535096e-03]

Residual before update:
[-8.50536880e-05 -1.40824092e-03 -4.90177053e-04 ...  2.78955761e-03
 -5.87725670e-04  4.71907113e-03]

Residual before update:
[ 0.00013441 -0.00115015 -0.00023261 ...  0.00278112 -0.0005705
  0.00471251]

Residual before update:
[-8.42093039e-05 -1.40702715e-03 -4.88627667e-04 ...  2.80914870e-03
 -5.83651883e-04  4.71535514e-03]

Residual before update:
[-8.51338026e-05 -1.40770536e-03 -4.89326187e-04 ...  2.80894336e-03
 -5.83810613e-04  4.71526351e-03]

Residual before update:
[-8.41097033e-05 -1.40691258e-03 -4.88512899e-04 ...  2.80911535e-03
 -5.83698771e-04  4.71534965e-03]

Residual before update:
[-8.40112067e-05 -1.40681458e-03 -4.88413657e-04 ...  2.80925780e-03
 -5.83669305e-04  4.71548634e-03]

Residual before update:
[-8.40128517e-05 -1.40682786e-03 -4.88429661e-04 ...  2.80923251e-03
 -5.83681367e-04  4.71536762e-03]

Residual before update:
[-8.50970590e-05 -1.40786402e-03 -4.89463214e-04 ...  2.80922897e-03
 -5.83679347e-04  4.71536782e-03]

Residual before update:
[-8.40194889e-05 -1.40684004e-03 -4.88442717e-04 ...  2.80921585e-03
 -5.83687182e-04  4.71536592e-03]

Residual before update:
[-8.42417205e-05 -1.40700600e-03 -4.88613605e-04 ...  2.80916102e-03
 -5.83727588e-04  4.71534076e-03]

Residual before update:
[-9.20201881e-05 -1.41862789e-03 -5.01331696e-04 ...  2.92691795e-03
 -5.83927597e-04  4.75634217e-03]

Residual before update:
[-1.26218414e-05 -1.32037345e-03 -3.96768544e-04 ...  2.78697834e-03
 -5.85959029e-04  4.70991510e-03]

Residual before update:
[-8.40676156e-05 -1.40689781e-03 -4.88499654e-04 ...  2.80918844e-03
 -5.83702263e-04  4.71536090e-03]

Residual before update:
[-8.48783030e-05 -1.40751741e-03 -4.89135085e-04 ...  2.80902044e-03
 -5.83809969e-04  4.71529176e-03]

Residual before update:
[-8.41072920e-05 -1.40692649e-03 -4.88528512e-04 ...  2.80914529e-03
 -5.83708304e-04  4.71535753e-03]

Residual before update:
[-8.40684023e-05 -1.40688146e-03 -4.88480561e-04 ...  2.80921117e-03
 -5.83695562e-04  4.71547750e-03]

Residual before update:
[-8.40566821e-05 -1.40687739e-03 -4.88479060e-04 ...  2.80918157e-03
 -5.83707559e-04  4.71535481e-03]

Residual before update:
[-8.52700859e-05 -1.40803265e-03 -4.89631099e-04 ...  2.80918473e-03
 -5.83700962e-04  4.71535629e-03]

Residual before update:
[-8.40379425e-05 -1.40685841e-03 -4.88460709e-04 ...  2.80918653e-03
 -5.83702931e-04  4.71535658e-03]

Residual before update:
[-8.42528816e-05 -1.40701427e-03 -4.88621627e-04 ...  2.80914349e-03
 -5.83739648e-04  4.71533309e-03]

Residual before update:
[ 9.83421420e-05 -1.01121913e-03  4.48838432e-05 ... -2.17231965e-03
 -2.00454225e-04  3.08924974e-03]

Residual before update:
[ 0.00056885 -0.00063027  0.00027608 ...  0.00272559 -0.0005458
  0.00469543]

Residual before update:
[-8.40456817e-05 -1.40687262e-03 -4.88474298e-04 ...  2.80919968e-03
 -5.83703653e-04  4.71535766e-03]

Residual before update:
[-8.48589372e-05 -1.40749157e-03 -4.89109567e-04 ...  2.80903544e-03
 -5.83812039e-04  4.71528934e-03]

Residual before update:
[-8.40710771e-05 -1.40688956e-03 -4.88491657e-04 ...  2.80916829e-03
 -5.83706839e-04  4.71535599e-03]

Residual before update:
[-8.40458818e-05 -1.40686006e-03 -4.88459532e-04 ...  2.80922334e-03
 -5.83694851e-04  4.71547997e-03]

Residual before update:
[-8.40444003e-05 -1.40686663e-03 -4.88467976e-04 ...  2.80917724e-03
 -5.83715945e-04  4.71533671e-03]

Residual before update:
[-8.53140519e-05 -1.40807640e-03 -4.89674307e-04 ...  2.80916987e-03
 -5.83712540e-04  4.71533735e-03]

Residual before update:
[-8.40344337e-05 -1.40685709e-03 -4.88458978e-04 ...  2.80916898e-03
 -5.83715163e-04  4.71533774e-03]

Residual before update:
[-8.42493531e-05 -1.40701257e-03 -4.88619556e-04 ...  2.80912686e-03
 -5.83751838e-04  4.71531511e-03]

Residual before update:
[-0.00588227 -0.00647099 -0.00476617 ...  0.00164978 -0.00061672
  0.00452281]

Residual before update:
[ 0.00011836 -0.00116582 -0.00024644 ...  0.00276783 -0.00057663
  0.00470643]

Residual before update:
[-8.40313474e-05 -1.40685981e-03 -4.88461157e-04 ...  2.80919278e-03
 -5.83712181e-04  4.71534100e-03]

Residual before update:
[-8.48539023e-05 -1.40748376e-03 -4.89101844e-04 ...  2.80903077e-03
 -5.83821426e-04  4.71527387e-03]

Residual before update:
[-8.40449950e-05 -1.40686441e-03 -4.88466287e-04 ...  2.80917206e-03
 -5.83711863e-04  4.71534069e-03]

Residual before update:
[-8.40162850e-05 -1.40683139e-03 -4.88431245e-04 ...  2.80923516e-03
 -5.83693410e-04  4.71548454e-03]

Residual before update:
[-8.40216071e-05 -1.40684517e-03 -4.88446010e-04 ...  2.80917595e-03
 -5.83723565e-04  4.71530716e-03]

Residual before update:
[-8.52990278e-05 -1.40806273e-03 -4.89660093e-04 ...  2.80916541e-03
 -5.83721267e-04  4.71530735e-03]

Residual before update:
[-8.40160788e-05 -1.40684051e-03 -4.88441863e-04 ...  2.80916151e-03
 -5.83724766e-04  4.71530755e-03]

Residual before update:
[-8.42333849e-05 -1.40699812e-03 -4.88604610e-04 ...  2.80911733e-03
 -5.83762281e-04  4.71528501e-03]

Residual before update:
[-0.00584904 -0.00650191 -0.00484566 ...  0.00125409  0.00034179
  0.00256246]

Residual before update:
[-0.00014122 -0.00147349 -0.00054607 ...  0.00279876 -0.00059465
  0.00471352]

Residual before update:
[-8.40138835e-05 -1.40684460e-03 -4.88445420e-04 ...  2.80918227e-03
 -5.83722513e-04  4.71531065e-03]

Residual before update:
[-8.48398270e-05 -1.40747105e-03 -4.89088691e-04 ...  2.80902065e-03
 -5.83832207e-04  4.71524441e-03]

Residual before update:
[-8.40228459e-05 -1.40684434e-03 -4.88445745e-04 ...  2.80916481e-03
 -5.83721061e-04  4.71531039e-03]
Compute pips
###############################
TGFM
###############################
Initialize variables
Warning: 483 variants have NaN gwas_beta. Setting to 0 with large SE.
Iterative optimization

Residual before update:
[-0.01020995 -0.00933032 -0.0061908  ... -0.00270307 -0.0055028
 -0.00312486]

Residual before update:
[-0.01030294 -0.00942334 -0.0062657  ... -0.0027033  -0.00550282
 -0.00312535]

Residual before update:
[-0.01038829 -0.00950872 -0.00632582 ... -0.00270331 -0.00550284
 -0.00312537]

Residual before update:
[-0.01045397 -0.00957441 -0.00637255 ... -0.00270332 -0.00550286
 -0.00312539]

Residual before update:
[-0.01050778 -0.00962823 -0.00641117 ... -0.00270333 -0.00550287
 -0.0031254 ]

Residual before update:
[-0.01055356 -0.00967402 -0.00644429 ... -0.00270334 -0.00550288
 -0.00312541]

Residual before update:
[-0.01059351 -0.00971398 -0.00647341 ... -0.00270334 -0.00550289
 -0.00312542]

Residual before update:
[-0.01062902 -0.00974949 -0.00649946 ... -0.00270335 -0.00550289
 -0.00312543]

Residual before update:
[-0.01066104 -0.00978152 -0.00652311 ... -0.00270336 -0.0055029
 -0.00312544]

Residual before update:
[-0.01052892 -0.00960095 -0.00667144 ... -0.00276462 -0.00557105
 -0.00311827]

Residual before update:
[-0.01062407 -0.00974453 -0.00648995 ... -0.00270313 -0.00550289
 -0.00312496]

Residual before update:
[-0.01057399 -0.00969445 -0.00646492 ... -0.00270335 -0.00550288
 -0.0031254 ]

Residual before update:
[-0.01054813 -0.00966858 -0.00644714 ... -0.00270335 -0.00550287
 -0.0031254 ]

Residual before update:
[-0.01053747 -0.00965792 -0.00643974 ... -0.00270335 -0.00550287
 -0.0031254 ]

Residual before update:
[-0.01053625 -0.00965669 -0.0064388  ... -0.00270335 -0.00550287
 -0.0031254 ]

Residual before update:
[-0.01054094 -0.00966139 -0.00644192 ... -0.00270335 -0.00550287
 -0.0031254 ]

Residual before update:
[-0.01054933 -0.00966978 -0.00644759 ... -0.00270335 -0.00550287
 -0.0031254 ]

Residual before update:
[-0.01055997 -0.00968043 -0.00645483 ... -0.00270335 -0.00550288
 -0.0031254 ]

Residual before update:
[-0.01057196 -0.00969242 -0.00646302 ... -0.00270335 -0.00550288
 -0.0031254 ]

Residual before update:
[-0.00984768 -0.00891663 -0.00574413 ... -0.00276619 -0.00556692
 -0.00311775]

Residual before update:
[-0.0105873  -0.00970775 -0.00646429 ... -0.00270314 -0.00550288
 -0.00312496]

Residual before update:
[-0.01059052 -0.00971099 -0.00647659 ... -0.00270337 -0.00550288
 -0.00312544]

Residual before update:
[-0.01058518 -0.00970564 -0.00647295 ... -0.00270337 -0.00550288
 -0.00312544]

Residual before update:
[-0.01057906 -0.00969952 -0.00646879 ... -0.00270337 -0.00550288
 -0.00312544]

Residual before update:
[-0.01057362 -0.00969407 -0.00646507 ... -0.00270337 -0.00550288
 -0.00312543]

Residual before update:
[-0.0105696  -0.00969006 -0.00646234 ... -0.00270337 -0.00550288
 -0.00312543]

Residual before update:
[-0.01056734 -0.0096878  -0.00646079 ... -0.00270337 -0.00550288
 -0.00312543]

Residual before update:
[-0.01056687 -0.00968732 -0.00646046 ... -0.00270337 -0.00550288
 -0.00312543]

Residual before update:
[-0.01056805 -0.00968851 -0.00646126 ... -0.00270337 -0.00550288
 -0.00312543]

Residual before update:
[-0.00934796 -0.00843933 -0.00509214 ... -0.00273437 -0.00553187
 -0.00311885]

Residual before update:
[-0.01056786 -0.00968831 -0.00645102 ... -0.00270313 -0.00550287
 -0.00312496]

Residual before update:
[-0.01058027 -0.00970073 -0.00647141 ... -0.00270341 -0.00550288
 -0.00312551]

Residual before update:
[-0.01058139 -0.00970185 -0.00647215 ... -0.00270341 -0.00550288
 -0.00312551]

Residual before update:
[-0.01058156 -0.00970202 -0.00647224 ... -0.00270341 -0.00550288
 -0.00312551]

Residual before update:
[-0.01058099 -0.00970145 -0.00647182 ... -0.00270341 -0.00550288
 -0.00312551]

Residual before update:
[-0.01057995 -0.00970041 -0.0064711  ... -0.0027034  -0.00550288
 -0.00312551]

Residual before update:
[-0.01057875 -0.00969921 -0.00647025 ... -0.0027034  -0.00550288
 -0.00312551]

Residual before update:
[-0.01057764 -0.0096981  -0.00646948 ... -0.0027034  -0.00550288
 -0.00312551]

Residual before update:
[-0.01057684 -0.0096973  -0.0064689  ... -0.0027034  -0.00550288
 -0.00312551]

Residual before update:
[-0.0087282  -0.0078476  -0.00429691 ... -0.00268354 -0.00547797
 -0.00311255]

Residual before update:
[-0.01056615 -0.0096866  -0.00644964 ... -0.00270313 -0.00550287
 -0.00312495]

Residual before update:
[-0.0105825  -0.00970296 -0.00647531 ... -0.00270346 -0.00550288
 -0.00312562]

Residual before update:
[-0.01058284 -0.0097033  -0.00647552 ... -0.00270346 -0.00550288
 -0.00312562]

Residual before update:
[-0.01058314 -0.0097036  -0.00647569 ... -0.00270346 -0.00550288
 -0.00312562]

Residual before update:
[-0.01058331 -0.00970377 -0.00647578 ... -0.00270346 -0.00550288
 -0.00312562]

Residual before update:
[-0.01058332 -0.00970378 -0.00647576 ... -0.00270346 -0.00550288
 -0.00312562]
NaNs in component_non_med_pred at component 6

Residual before update:
[-0.01058317 -0.00970363 -0.00647563 ... -0.00270346 -0.00550288
 -0.00312562]
NaNs in residual_incl_alpha[81, :]
NaN in mixture_alpha_mu: b_terms=[nan nan nan nan nan nan nan nan nan]
NaNs in self.residual at bs_iter=81
NaNs in un_normalized_lv_alpha_weights
NaN in normalizing_term
NaNs in component_non_med_pred at component 7

Residual before update:
[-0.01058289 -0.00970335 -0.00647541 ... -0.00270346 -0.00550288
 -0.00312562]
NaNs in residual_incl_alpha[81, :]
NaNs in gene_weights for bs_iter=81
NaN in mixture_alpha_mu: b_terms=[nan nan nan nan nan nan nan nan nan]
NaNs in self.residual at bs_iter=81
NaNs in un_normalized_lv_alpha_weights
NaN in normalizing_term
NaNs in component_non_med_pred at component 8

Residual before update:
[-0.01058254 -0.009703   -0.00647514 ... -0.00270346 -0.00550288
 -0.00312562]
NaNs in residual_incl_alpha[81, :]
NaNs in gene_weights for bs_iter=81
NaN in mixture_alpha_mu: b_terms=[nan nan nan nan nan nan nan nan nan]
NaNs in self.residual at bs_iter=81
NaNs in un_normalized_lv_alpha_weights
NaN in normalizing_term
NaNs in component_non_med_pred at component 9

Residual before update:
[-0.0114905  -0.01055955 -0.00768273 ... -0.00276784 -0.00558082
 -0.00311845]
NaNs in residual_incl_alpha[81, :]
NaNs in gene_weights for bs_iter=81
NaN in mixture_alpha_mu: b_terms=[nan nan nan nan nan nan nan nan nan]
NaNs in self.residual at bs_iter=81
NaNs in un_normalized_lv_alpha_weights
NaN in normalizing_term
Compute pips
NaNs found in gene-tissue pair PIPs at indices: [0 1 2 3 4 5 6 7 8]
NaNs found in variant PIPs at indices: [    0     1     2 ... 12896 12897 12898]
NaNs found in gene PIPs at indices: [0 1 2 3]
###############################
TGFM
###############################
Initialize variables
Warning: 515 variants have NaN gwas_beta. Setting to 0 with large SE.
Iterative optimization

Residual before update:
[-0.00177564  0.00183854 -0.00032976 ... -0.01280498 -0.0029735
 -0.00062474]

Residual before update:
[-0.00177565  0.00183854 -0.00032977 ... -0.01279659 -0.00297368
 -0.00062475]

Residual before update:
[-0.00177565  0.00183854 -0.00032977 ... -0.01278828 -0.00297385
 -0.00062476]

Residual before update:
[-0.00177566  0.00183853 -0.00032979 ... -0.01277954 -0.00297395
 -0.00062464]

Residual before update:
[-0.00177565  0.00183854 -0.00032977 ... -0.01277191 -0.0029742
 -0.00062477]

Residual before update:
[-0.00177565  0.00183854 -0.00032977 ... -0.01276385 -0.00297437
 -0.00062478]

Residual before update:
[-0.00177566  0.00183854 -0.00032978 ... -0.01275586 -0.00297455
 -0.00062478]

Residual before update:
[-0.00177566  0.00183853 -0.00032978 ... -0.01274795 -0.00297472
 -0.00062479]

Residual before update:
[-0.00177566  0.00183853 -0.00032978 ... -0.01274012 -0.0029749
 -0.0006248 ]

Residual before update:
[-0.00177566  0.00183853 -0.00032978 ... -0.01273236 -0.00297508
 -0.0006248 ]

Residual before update:
[-0.00177566  0.00183853 -0.00032978 ... -0.01273307 -0.00297508
 -0.0006248 ]

Residual before update:
[-0.00177566  0.00183853 -0.00032978 ... -0.01273366 -0.00297509
 -0.0006248 ]

Residual before update:
[-0.00177566  0.00183853 -0.00032978 ... -0.01273416 -0.00297509
 -0.0006248 ]

Residual before update:
[-0.00177568  0.00183851 -0.00032983 ... -0.01273311 -0.00297488
 -0.00062443]

Residual before update:
[-0.00177566  0.00183853 -0.00032978 ... -0.0127349  -0.0029751
 -0.0006248 ]

Residual before update:
[-0.00177566  0.00183853 -0.00032978 ... -0.01273515 -0.00297511
 -0.0006248 ]

Residual before update:
[-0.00177566  0.00183853 -0.00032978 ... -0.01273532 -0.00297511
 -0.0006248 ]

Residual before update:
[-0.00177566  0.00183853 -0.00032978 ... -0.01273542 -0.00297511
 -0.0006248 ]

Residual before update:
[-0.00177566  0.00183853 -0.00032978 ... -0.01273543 -0.00297511
 -0.0006248 ]

Residual before update:
[-0.00177566  0.00183853 -0.00032978 ... -0.01273538 -0.00297511
 -0.0006248 ]

Residual before update:
[-0.00177566  0.00183853 -0.00032978 ... -0.01273536 -0.00297511
 -0.0006248 ]

Residual before update:
[-0.00177566  0.00183853 -0.00032978 ... -0.01273531 -0.00297511
 -0.0006248 ]

Residual before update:
[-0.00177566  0.00183853 -0.00032978 ... -0.01273528 -0.00297511
 -0.0006248 ]

Residual before update:
[-0.00177568  0.00183851 -0.00032983 ... -0.01273379 -0.00297489
 -0.00062443]

Residual before update:
[-0.00177566  0.00183853 -0.00032978 ... -0.01273521 -0.00297511
 -0.0006248 ]

Residual before update:
[-0.00177566  0.00183853 -0.00032978 ... -0.01273519 -0.00297511
 -0.0006248 ]

Residual before update:
[-0.00177566  0.00183853 -0.00032978 ... -0.01273516 -0.00297511
 -0.0006248 ]

Residual before update:
[-0.00177566  0.00183853 -0.00032978 ... -0.01273514 -0.00297511
 -0.0006248 ]

Residual before update:
[-0.00177566  0.00183853 -0.00032978 ... -0.01273511 -0.00297511
 -0.0006248 ]

Residual before update:
[-0.00177566  0.00183853 -0.00032978 ... -0.01273509 -0.00297511
 -0.0006248 ]

Residual before update:
[-0.00177566  0.00183853 -0.00032978 ... -0.01273509 -0.00297511
 -0.0006248 ]

Residual before update:
[-0.00177566  0.00183853 -0.00032978 ... -0.01273507 -0.00297512
 -0.0006248 ]

Residual before update:
[-0.00177566  0.00183853 -0.00032978 ... -0.01273504 -0.00297512
 -0.00062481]

Residual before update:
[-0.00177568  0.00183851 -0.00032983 ... -0.01273357 -0.0029749
 -0.00062443]

Residual before update:
[-0.00177566  0.00183853 -0.00032978 ... -0.012735   -0.00297512
 -0.00062481]

Residual before update:
[-0.00177566  0.00183853 -0.00032978 ... -0.01273497 -0.00297512
 -0.00062481]

Residual before update:
[-0.00177566  0.00183853 -0.00032978 ... -0.01273495 -0.00297512
 -0.00062481]

Residual before update:
[-0.00177566  0.00183853 -0.00032978 ... -0.01273492 -0.00297512
 -0.00062481]

Residual before update:
[-0.00177566  0.00183853 -0.00032978 ... -0.0127349  -0.00297512
 -0.00062481]

Residual before update:
[-0.00177566  0.00183853 -0.00032978 ... -0.01273487 -0.00297512
 -0.00062481]

Residual before update:
[-0.00177566  0.00183853 -0.00032978 ... -0.01273488 -0.00297512
 -0.00062481]

Residual before update:
[-0.00177566  0.00183853 -0.00032978 ... -0.01273485 -0.00297512
 -0.00062481]

Residual before update:
[-0.00177566  0.00183853 -0.00032978 ... -0.01273483 -0.00297512
 -0.00062481]

Residual before update:
[-0.00177568  0.00183851 -0.00032983 ... -0.01273334 -0.0029749
 -0.00062443]

Residual before update:
[-0.00177566  0.00183853 -0.00032978 ... -0.01273478 -0.00297512
 -0.00062481]

Residual before update:
[-0.00177566  0.00183853 -0.00032978 ... -0.01273475 -0.00297512
 -0.00062481]

Residual before update:
[-0.00177566  0.00183853 -0.00032978 ... -0.01273473 -0.00297512
 -0.00062481]

Residual before update:
[-0.00177566  0.00183853 -0.00032978 ... -0.0127347  -0.00297512
 -0.00062481]

Residual before update:
[-0.00177566  0.00183853 -0.00032978 ... -0.01273468 -0.00297513
 -0.00062481]

Residual before update:
[-0.00177566  0.00183853 -0.00032978 ... -0.01273465 -0.00297513
 -0.00062481]
Compute pips
###############################
TGFM
###############################
Initialize variables
Warning: 497 variants have NaN gwas_beta. Setting to 0 with large SE.
Iterative optimization

Residual before update:
[ 0.004817    0.00381352 -0.00545418 ... -0.00165618  0.00592505
  0.00057056]

Residual before update:
[ 0.00481701  0.00381352 -0.00545415 ... -0.00165618  0.00592504
  0.00057055]

Residual before update:
[ 0.00481684  0.00381304 -0.00545418 ... -0.0016562   0.00592501
  0.00057029]

Residual before update:
[ 0.00481702  0.00381353 -0.00545411 ... -0.00165617  0.00592501
  0.00057055]

Residual before update:
[ 0.00481703  0.00381353 -0.00545408 ... -0.00165617  0.005925
  0.00057054]

Residual before update:
[ 0.00481704  0.00381353 -0.00545406 ... -0.00165617  0.00592498
  0.00057053]

Residual before update:
[ 0.00483682  0.00381898 -0.0054695  ... -0.0016793   0.00588621
  0.00059959]

Residual before update:
[ 0.00481705  0.00381354 -0.00545401 ... -0.00165617  0.00592496
  0.00057054]

Residual before update:
[ 0.00481706  0.00381354 -0.00545399 ... -0.00165617  0.00592494
  0.00057054]

Residual before update:
[ 0.00481706  0.00381355 -0.00545396 ... -0.00165617  0.00592493
  0.00057053]

Residual before update:
[ 0.00348378  0.0001629  -0.00584562 ... -0.00184766  0.00577635
 -0.00141598]

Residual before update:
[ 0.00481706  0.00381355 -0.00545396 ... -0.00165617  0.00592493
  0.00057054]

Residual before update:
[ 0.00481388  0.00380597 -0.00545445 ... -0.00165609  0.00592544
  0.00056594]

Residual before update:
[ 0.00481706  0.00381355 -0.00545396 ... -0.00165617  0.00592493
  0.00057053]

Residual before update:
[ 0.00481706  0.00381355 -0.00545396 ... -0.00165617  0.00592493
  0.00057053]

Residual before update:
[ 0.00481706  0.00381355 -0.00545396 ... -0.00165617  0.00592493
  0.00057051]

Residual before update:
[ 0.00470454  0.00386808 -0.00546439 ... -0.00143129  0.00637701
  0.00034516]

Residual before update:
[ 0.00481706  0.00381355 -0.00545396 ... -0.00165617  0.00592493
  0.00057053]

Residual before update:
[ 0.00481706  0.00381355 -0.00545396 ... -0.00165617  0.00592493
  0.00057053]

Residual before update:
[ 0.00481706  0.00381355 -0.00545396 ... -0.00165617  0.00592493
  0.00057053]

Residual before update:
[ 0.00474703  0.00057037 -0.00689612 ... -0.00303529  0.00436315
 -0.00036274]

Residual before update:
[ 0.00481706  0.00381355 -0.00545396 ... -0.00165617  0.00592493
  0.00057054]

Residual before update:
[ 0.00479794  0.00376029 -0.00546247 ... -0.00166313  0.00591468
  0.0005514 ]

Residual before update:
[ 0.00481706  0.00381355 -0.00545396 ... -0.00165617  0.00592493
  0.00057053]

Residual before update:
[ 0.00481706  0.00381355 -0.00545396 ... -0.00165617  0.00592493
  0.00057053]

Residual before update:
[ 0.00481706  0.00381355 -0.00545396 ... -0.00165617  0.00592493
  0.00057051]

Residual before update:
[ 0.00461063  0.00391615 -0.00535637 ... -0.00165841  0.00603631
  0.00046434]

Residual before update:
[ 0.00481706  0.00381355 -0.00545396 ... -0.00165617  0.00592493
  0.00057053]

Residual before update:
[ 0.00481706  0.00381355 -0.00545396 ... -0.00165617  0.00592493
  0.00057053]

Residual before update:
[ 0.00481706  0.00381355 -0.00545396 ... -0.00165617  0.00592493
  0.00057053]

Residual before update:
[ 0.00414773  0.00041188 -0.00631554 ... -0.00253171  0.00468628
 -0.00061942]

Residual before update:
[ 0.00481707  0.00381355 -0.00545396 ... -0.00165617  0.00592493
  0.00057054]

Residual before update:
[ 0.00480907  0.00377189 -0.00547396 ... -0.00166308  0.00592148
  0.00054992]

Residual before update:
[ 0.00481706  0.00381355 -0.00545396 ... -0.00165617  0.00592493
  0.00057053]

Residual before update:
[ 0.00481706  0.00381355 -0.00545396 ... -0.00165617  0.00592493
  0.00057053]

Residual before update:
[ 0.00481706  0.00381355 -0.00545396 ... -0.00165617  0.00592493
  0.00057051]

Residual before update:
[ 0.00464472  0.00378972 -0.00543888 ... -0.00164467  0.00592218
  0.00040769]

Residual before update:
[ 0.00481706  0.00381355 -0.00545396 ... -0.00165617  0.00592493
  0.00057053]

Residual before update:
[ 0.00481706  0.00381355 -0.00545396 ... -0.00165617  0.00592493
  0.00057053]

Residual before update:
[ 0.00481706  0.00381355 -0.00545396 ... -0.00165617  0.00592493
  0.00057053]

Residual before update:
[ 0.00415526  0.00041479 -0.00630195 ... -0.00251068  0.0046805
 -0.00063733]

Residual before update:
[ 0.00481707  0.00381355 -0.00545396 ... -0.00165617  0.00592493
  0.00057054]

Residual before update:
[ 0.00480877  0.00377048 -0.00546411 ... -0.00166897  0.00590485
  0.00055442]

Residual before update:
[ 0.00481706  0.00381355 -0.00545396 ... -0.00165617  0.00592493
  0.00057053]

Residual before update:
[ 0.00481707  0.00381355 -0.00545396 ... -0.00165617  0.00592493
  0.00057053]

Residual before update:
[ 0.00481706  0.00381355 -0.00545396 ... -0.00165617  0.00592493
  0.00057051]

Residual before update:
[ 0.00462889  0.00378039 -0.00546699 ... -0.00165469  0.00591127
  0.00040451]

Residual before update:
[ 0.00481706  0.00381355 -0.00545396 ... -0.00165617  0.00592493
  0.00057053]

Residual before update:
[ 0.00481707  0.00381355 -0.00545396 ... -0.00165617  0.00592493
  0.00057053]

Residual before update:
[ 0.00481707  0.00381355 -0.00545396 ... -0.00165617  0.00592493
  0.00057053]
Compute pips
###############################
TGFM
###############################
Initialize variables
Warning: 540 variants have NaN gwas_beta. Setting to 0 with large SE.
Finished processing final TGFM

------------------------------------------------------------
Sender: LSF System <lsfadmin@node-14-11>
Subject: Job 740122[13]: <run_final_TGFM_IBD[1-50]> in cluster <farm22> Done

Job <run_final_TGFM_IBD[1-50]> was submitted from host <farm22-head2> by user <bh18> in cluster <farm22> at Thu Apr 30 14:08:19 2026
Job was executed on host(s) <node-14-11>, in queue <long>, as user <bh18> in cluster <farm22> at Thu Apr 30 14:15:18 2026
</nfs/users/nfs_b/bh18> was used as the home directory.
</lustre/scratch127/humgen/projects_v2/sc-eqtl-ibd/analysis/bradley_analysis/IBDverse/TGFM> was used as the working directory.
Started at Thu Apr 30 14:15:18 2026
Terminated at Thu Apr 30 15:34:49 2026
Results reported at Thu Apr 30 15:34:49 2026

Your job looked like:

------------------------------------------------------------
# LSBATCH: User input
bash execution_scripts_BH/run_TGFM-BH-MCP.sh -t IBD
------------------------------------------------------------

Successfully completed.

Resource usage summary:

    CPU time :                                   4749.61 sec.
    Max Memory :                                 14063 MB
    Average Memory :                             9811.96 MB
    Total Requested Memory :                     30000.00 MB
    Delta Memory :                               15937.00 MB
    Max Swap :                                   2 MB
    Max Processes :                              6
    Max Threads :                                18
    Run time :                                   4770 sec.
    Turnaround time :                            5190 sec.

The output (if any) is above this job summary.



PS:

Read file <logs/run_final_TGFM-IBD-13-740122-error.log> for stderr output of this job.

