Processing chunk 48...
###############################
TGFM
###############################
Initialize variables
Warning: 514 variants have NaN gwas_beta. Setting to 0 with large SE.
Iterative optimization

Residual before update:
[-4.34817017e-03  0.00000000e+00 -4.09005961e-03 ...  8.89914149e-05
  0.00000000e+00  3.83347633e-04]

Residual before update:
[-4.35080402e-03  3.17528099e-14 -4.09297931e-03 ...  8.11310499e-05
 -5.20142761e-14  3.84029734e-04]

Residual before update:
[-4.34862385e-03 -2.52242879e-17 -4.09050784e-03 ...  8.89895609e-05
 -3.47730198e-18  3.83328174e-04]

Residual before update:
[-4.34944948e-03 -6.60256037e-15 -4.09139225e-03 ...  8.89722616e-05
 -4.09112739e-17  3.83213193e-04]

Residual before update:
[-4.34907716e-03 -5.13981732e-17 -4.09095571e-03 ...  8.89874632e-05
 -7.03470949e-18  3.83308857e-04]

Residual before update:
[-4.34777382e-03 -1.67075837e-13 -4.08700237e-03 ...  1.54099555e-04
 -5.70229271e-15  3.45313134e-04]

Residual before update:
[-4.34952663e-03 -7.65669446e-17 -4.09139988e-03 ...  8.89857968e-05
 -1.03283439e-17  3.83290032e-04]

Residual before update:
[-4.34975758e-03 -8.71234121e-17 -4.09162799e-03 ...  8.89851709e-05
 -1.18554466e-17  3.83280842e-04]

Residual before update:
[-4.34998247e-03 -1.02623745e-16 -4.09185020e-03 ...  8.89837777e-05
 -1.36762622e-17  3.83271397e-04]

Residual before update:
[-4.35463577e-03 -2.03373531e-13 -4.09300588e-03 ...  1.82452847e-04
 -1.16968374e-14  3.37783125e-04]

Residual before update:
[-4.35020723e-03 -1.13637218e-16 -4.09207223e-03 ...  8.89832651e-05
 -1.58424949e-17  3.83262968e-04]

Residual before update:
[-4.34158058e-03 -7.20814041e-14 -4.07388854e-03 ... -8.28260417e-05
  4.62798006e-13  3.76030577e-05]

Residual before update:
[-4.35020637e-03 -1.11751296e-16 -4.09207141e-03 ...  8.89836475e-05
 -1.55493340e-17  3.83263968e-04]

Residual before update:
[-4.34546364e-03  2.40915878e-14 -4.08785770e-03 ...  9.02850343e-05
  9.79444731e-15  3.83532107e-04]

Residual before update:
[-4.35020616e-03 -1.13894372e-16 -4.09207124e-03 ...  8.89831064e-05
 -1.57322076e-17  3.83264330e-04]

Residual before update:
[-4.33388780e-03 -2.11192046e-14 -4.07533411e-03 ...  9.12668330e-05
 -6.05295609e-15  3.74737517e-04]

Residual before update:
[-4.35020121e-03 -1.13232891e-16 -4.09206648e-03 ...  8.89835370e-05
 -1.54066696e-17  3.83264934e-04]

Residual before update:
[-4.35020817e-03 -1.10508645e-16 -4.09207324e-03 ...  8.89839048e-05
 -1.51647010e-17  3.83265242e-04]

Residual before update:
[-4.35020683e-03 -1.14091289e-16 -4.09207193e-03 ...  8.89832996e-05
 -1.53172994e-17  3.83265066e-04]

Residual before update:
[-4.45419781e-03 -3.26245785e-12 -4.13574194e-03 ...  1.24949186e-03
 -3.43831633e-13 -3.68257860e-04]

Residual before update:
[-4.35020700e-03 -1.12747461e-16 -4.09207205e-03 ...  8.89835956e-05
 -1.58037144e-17  3.83265166e-04]

Residual before update:
[-4.30723103e-03  2.27155842e-12 -4.05319762e-03 ...  3.49691031e-04
  2.06245919e-13  4.55641107e-04]

Residual before update:
[-4.35020777e-03 -1.11340901e-16 -4.09207282e-03 ...  8.89838235e-05
 -1.55382045e-17  3.83265112e-04]

Residual before update:
[-4.34745178e-03  1.71021755e-14 -4.08943438e-03 ...  9.07357354e-05
  1.29232820e-14  3.83654926e-04]

Residual before update:
[-4.35020877e-03 -1.13831606e-16 -4.09207383e-03 ...  8.89831724e-05
 -1.57420139e-17  3.83264732e-04]

Residual before update:
[-4.34221590e-03 -1.42191045e-14 -4.08391960e-03 ...  7.79068890e-05
 -2.22457062e-15  3.81542102e-04]

Residual before update:
[-4.35020455e-03 -1.13376936e-16 -4.09206978e-03 ...  8.89835384e-05
 -1.54288361e-17  3.83264893e-04]

Residual before update:
[-4.35021173e-03 -1.10703139e-16 -4.09207675e-03 ...  8.89838898e-05
 -1.51900994e-17  3.83265085e-04]

Residual before update:
[-4.35021047e-03 -1.14314532e-16 -4.09207552e-03 ...  8.89832768e-05
 -1.53445772e-17  3.83264863e-04]

Residual before update:
[-4.15304703e-03  3.57861591e-13 -3.90438630e-03 ... -9.33889630e-05
 -4.55181092e-14  4.14082770e-04]

Residual before update:
[-4.35021067e-03 -1.12957531e-16 -4.09207567e-03 ...  8.89835784e-05
 -1.58320326e-17  3.83264996e-04]

Residual before update:
[-4.30721947e-03  2.27205857e-12 -4.05318576e-03 ...  3.49777698e-04
  2.06362454e-13  4.55664266e-04]

Residual before update:
[-4.35021140e-03 -1.11539419e-16 -4.09207640e-03 ...  8.89838097e-05
 -1.55657423e-17  3.83264964e-04]

Residual before update:
[-4.34937097e-03  1.18924367e-14 -4.09071059e-03 ...  9.11556196e-05
  1.32251364e-14  3.84668308e-04]

Residual before update:
[-4.35021241e-03 -1.14031791e-16 -4.09207743e-03 ...  8.89831589e-05
 -1.57699689e-17  3.83264591e-04]

Residual before update:
[-4.35160570e-03 -1.89436656e-14 -4.09300475e-03 ...  7.94519932e-05
 -1.15163969e-15  3.80722776e-04]

Residual before update:
[-4.35020817e-03 -1.13574976e-16 -4.09207336e-03 ...  8.89835258e-05
 -1.54561614e-17  3.83264755e-04]

Residual before update:
[-4.35021537e-03 -1.10896492e-16 -4.09208035e-03 ...  8.89838779e-05
 -1.52170045e-17  3.83264947e-04]

Residual before update:
[-4.35021408e-03 -1.14513288e-16 -4.09207909e-03 ...  8.89832638e-05
 -1.53715944e-17  3.83264726e-04]

Residual before update:
[-4.41281562e-03 -9.28448614e-14 -4.15109223e-03 ...  4.56358561e-05
 -2.02588050e-15  3.66301434e-04]

Residual before update:
[-4.35021432e-03 -1.13156544e-16 -4.09207928e-03 ...  8.89835657e-05
 -1.58602701e-17  3.83264857e-04]

Residual before update:
[-4.30720799e-03  2.27255586e-12 -4.05317399e-03 ...  3.49863826e-04
  2.06478406e-13  4.55687237e-04]

Residual before update:
[-4.35021503e-03 -1.11734533e-16 -4.09207999e-03 ...  8.89837975e-05
 -1.55933012e-17  3.83264825e-04]

Residual before update:
[-4.32709438e-03  1.49472585e-14 -4.05827053e-03 ...  1.05315755e-04
  6.69028327e-14  4.07954115e-04]

Residual before update:
[-4.35021606e-03 -1.14232144e-16 -4.09208103e-03 ...  8.89831454e-05
 -1.57980004e-17  3.83264452e-04]

Residual before update:
[-4.35172740e-03 -2.42310720e-14 -4.09304750e-03 ...  8.26796926e-05
 -1.19615275e-15  3.79499916e-04]

Residual before update:
[-4.35021181e-03 -1.13774144e-16 -4.09207695e-03 ...  8.89835131e-05
 -1.54835803e-17  3.83264616e-04]

Residual before update:
[-4.35021902e-03 -1.11090920e-16 -4.09208395e-03 ...  8.89838657e-05
 -1.52440041e-17  3.83264808e-04]

Residual before update:
[-4.35021771e-03 -1.14712981e-16 -4.09208267e-03 ...  8.89832506e-05
 -1.53987059e-17  3.83264587e-04]

Residual before update:
[-4.41385625e-03 -9.16686690e-14 -4.15212251e-03 ...  4.52926317e-05
 -2.02806304e-15  3.66263142e-04]
Compute pips
###############################
TGFM
###############################
Initialize variables
Warning: 398 variants have NaN gwas_beta. Setting to 0 with large SE.
Iterative optimization

Residual before update:
[-0.00121691 -0.00040564 -0.00037886 ...  0.0036499   0.00296638
  0.00109931]

Residual before update:
[-0.00121687 -0.0004056  -0.00037883 ...  0.00364984  0.00296629
  0.00109918]

Residual before update:
[-0.0012453  -0.00043484 -0.00041077 ...  0.00364973  0.00297077
  0.0011154 ]

Residual before update:
[-0.00121679 -0.00040552 -0.00037875 ...  0.00364972  0.00296609
  0.00109893]

Residual before update:
[-0.00121675 -0.00040548 -0.00037872 ...  0.00364965  0.002966
  0.0010988 ]

Residual before update:
[-0.00121671 -0.00040544 -0.00037868 ...  0.00364958  0.0029659
  0.00109868]

Residual before update:
[-0.0012187  -0.00040742 -0.00038072 ...  0.00364969  0.00296616
  0.00109892]

Residual before update:
[-0.00121663 -0.00040536 -0.0003786  ...  0.00364943  0.00296569
  0.00109844]

Residual before update:
[-0.0012197  -0.00040991 -0.0003805  ...  0.00363313  0.00294772
  0.00109511]

Residual before update:
[-0.0011779  -0.00037526 -0.00034061 ...  0.00355717  0.00287483
  0.00105429]

Residual before update:
[-0.00121654 -0.00040528 -0.00037852 ...  0.00364925  0.00296548
  0.00109821]

Residual before update:
[-0.00121654 -0.00040528 -0.00037852 ...  0.00364923  0.00296547
  0.00109822]

Residual before update:
[-0.00245181 -0.00165463 -0.00164554 ...  0.00364366  0.0029378
  0.00101056]

Residual before update:
[-0.00121654 -0.00040527 -0.00037852 ...  0.0036492   0.00296546
  0.00109823]

Residual before update:
[-0.00121654 -0.00040527 -0.00037852 ...  0.00364919  0.00296546
  0.00109824]

Residual before update:
[-0.00121654 -0.00040527 -0.00037852 ...  0.00364919  0.00296546
  0.00109824]

Residual before update:
[-0.00121282 -0.00040161 -0.00037453 ...  0.00365321  0.00296888
  0.00110198]

Residual before update:
[-0.00121654 -0.00040527 -0.00037852 ...  0.00364919  0.00296546
  0.00109825]

Residual before update:
[-0.00121766 -0.00040613 -0.00037935 ...  0.0036492   0.00296494
  0.00109513]

Residual before update:
[-0.00122808 -0.00041968 -0.00039438 ...  0.00360575  0.00293242
  0.00107545]

Residual before update:
[-0.00121654 -0.00040527 -0.00037852 ...  0.0036492   0.00296546
  0.00109825]

Residual before update:
[-0.00121654 -0.00040527 -0.00037851 ...  0.0036492   0.00296546
  0.00109825]

Residual before update:
[-0.00245661 -0.00165935 -0.00165009 ...  0.00364364  0.00293778
  0.00101047]

Residual before update:
[-0.00121653 -0.00040527 -0.00037851 ...  0.0036492   0.00296546
  0.00109824]

Residual before update:
[-0.00121654 -0.00040527 -0.00037851 ...  0.0036492   0.00296546
  0.00109824]

Residual before update:
[-0.00121653 -0.00040527 -0.00037851 ...  0.0036492   0.00296546
  0.00109824]

Residual before update:
[-0.00121268 -0.00040147 -0.00037439 ...  0.00365311  0.00296881
  0.0011019 ]

Residual before update:
[-0.00121654 -0.00040527 -0.00037852 ...  0.0036492   0.00296546
  0.00109824]

Residual before update:
[-0.00121763 -0.0004061  -0.00037934 ...  0.00364919  0.00296494
  0.0010951 ]

Residual before update:
[-0.00122762 -0.00041945 -0.00039411 ...  0.00360501  0.00293208
  0.00107555]

Residual before update:
[-0.00121653 -0.00040527 -0.00037851 ...  0.00364919  0.00296546
  0.00109824]

Residual before update:
[-0.00121653 -0.00040527 -0.00037851 ...  0.00364919  0.00296546
  0.00109824]

Residual before update:
[-0.00245923 -0.00166203 -0.00165283 ...  0.00364364  0.00293777
  0.00101039]

Residual before update:
[-0.00121653 -0.00040527 -0.00037851 ...  0.00364919  0.00296546
  0.00109824]

Residual before update:
[-0.00121653 -0.00040527 -0.00037851 ...  0.00364919  0.00296546
  0.00109824]

Residual before update:
[-0.00121653 -0.00040527 -0.00037851 ...  0.00364919  0.00296546
  0.00109824]

Residual before update:
[-0.0012127  -0.00040149 -0.00037441 ...  0.00365309  0.00296879
  0.00110188]

Residual before update:
[-0.00121654 -0.00040527 -0.00037851 ...  0.00364919  0.00296546
  0.00109823]

Residual before update:
[-0.00121758 -0.00040607 -0.0003793  ...  0.00364926  0.00296516
  0.00109528]

Residual before update:
[-0.0012267  -0.00041846 -0.00039306 ...  0.00360413  0.00293084
  0.00107397]

Residual before update:
[-0.00121653 -0.00040527 -0.00037851 ...  0.00364919  0.00296545
  0.00109823]

Residual before update:
[-0.00121653 -0.00040527 -0.00037851 ...  0.00364919  0.00296545
  0.00109823]

Residual before update:
[-0.00246137 -0.00166421 -0.00165507 ...  0.00364364  0.00293775
  0.00101032]

Residual before update:
[-0.00121653 -0.00040526 -0.00037851 ...  0.00364919  0.00296545
  0.00109823]
NaNs in component_non_med_pred at component 4

Residual before update:
[-0.00121653 -0.00040527 -0.00037851 ...  0.00364919  0.00296545
  0.00109823]
NaNs in residual_incl_alpha[31, :]
NaN in mixture_alpha_mu: b_terms=[nan nan nan nan nan nan nan nan nan nan nan nan nan nan nan nan nan nan
 nan nan nan nan]
NaNs in self.residual at bs_iter=31
NaNs in un_normalized_lv_alpha_weights
NaN in normalizing_term
NaNs in residual_incl_alpha[95, :]
NaN in mixture_alpha_mu: b_terms=[nan nan nan nan nan nan nan nan nan nan nan nan nan nan nan nan nan nan
 nan nan nan nan]
NaNs in self.residual at bs_iter=95
NaNs in un_normalized_lv_alpha_weights
NaN in normalizing_term
NaNs in component_non_med_pred at component 5

Residual before update:
[-0.00121653 -0.00040526 -0.00037851 ...  0.00364919  0.00296545
  0.00109823]
NaNs in residual_incl_alpha[31, :]
NaNs in gene_weights for bs_iter=31
NaN in mixture_alpha_mu: b_terms=[nan nan nan nan nan nan nan nan nan nan nan nan nan nan nan nan nan nan
 nan nan nan nan]
NaNs in self.residual at bs_iter=31
NaNs in un_normalized_lv_alpha_weights
NaN in normalizing_term
NaNs in residual_incl_alpha[95, :]
NaNs in gene_weights for bs_iter=95
NaN in mixture_alpha_mu: b_terms=[nan nan nan nan nan nan nan nan nan nan nan nan nan nan nan nan nan nan
 nan nan nan nan]
NaNs in self.residual at bs_iter=95
NaNs in un_normalized_lv_alpha_weights
NaN in normalizing_term
NaNs in component_non_med_pred at component 6

Residual before update:
[-0.00121272 -0.00040152 -0.00037443 ...  0.00365306  0.00296877
  0.00110187]
NaNs in residual_incl_alpha[23, :]
NaN in mixture_alpha_mu: b_terms=[nan nan nan nan nan nan nan nan nan nan nan nan nan nan nan nan nan nan
 nan nan nan nan]
NaNs in self.residual at bs_iter=23
NaNs in un_normalized_lv_alpha_weights
NaN in normalizing_term
NaNs in residual_incl_alpha[31, :]
NaNs in gene_weights for bs_iter=31
NaN in mixture_alpha_mu: b_terms=[nan nan nan nan nan nan nan nan nan nan nan nan nan nan nan nan nan nan
 nan nan nan nan]
NaNs in self.residual at bs_iter=31
NaNs in un_normalized_lv_alpha_weights
NaN in normalizing_term
NaNs in residual_incl_alpha[95, :]
NaNs in gene_weights for bs_iter=95
NaN in mixture_alpha_mu: b_terms=[nan nan nan nan nan nan nan nan nan nan nan nan nan nan nan nan nan nan
 nan nan nan nan]
NaNs in self.residual at bs_iter=95
NaNs in un_normalized_lv_alpha_weights
NaN in normalizing_term
NaNs in component_non_med_pred at component 7

Residual before update:
[-0.00121653 -0.00040527 -0.00037851 ...  0.00364919  0.00296545
  0.00109823]
NaNs in residual_incl_alpha[23, :]
NaNs in gene_weights for bs_iter=23
NaN in mixture_alpha_mu: b_terms=[nan nan nan nan nan nan nan nan nan nan nan nan nan nan nan nan nan nan
 nan nan nan nan]
NaNs in self.residual at bs_iter=23
NaNs in un_normalized_lv_alpha_weights
NaN in normalizing_term
NaNs in residual_incl_alpha[31, :]
NaNs in gene_weights for bs_iter=31
NaN in mixture_alpha_mu: b_terms=[nan nan nan nan nan nan nan nan nan nan nan nan nan nan nan nan nan nan
 nan nan nan nan]
NaNs in self.residual at bs_iter=31
NaNs in un_normalized_lv_alpha_weights
NaN in normalizing_term
NaNs in residual_incl_alpha[95, :]
NaNs in gene_weights for bs_iter=95
NaN in mixture_alpha_mu: b_terms=[nan nan nan nan nan nan nan nan nan nan nan nan nan nan nan nan nan nan
 nan nan nan nan]
NaNs in self.residual at bs_iter=95
NaNs in un_normalized_lv_alpha_weights
NaN in normalizing_term
NaNs in component_non_med_pred at component 8

Residual before update:
[-0.00121689 -0.00040572 -0.00037883 ...  0.00364896  0.0029652
  0.00109898]
NaNs in residual_incl_alpha[23, :]
NaNs in gene_weights for bs_iter=23
NaN in mixture_alpha_mu: b_terms=[nan nan nan nan nan nan nan nan nan nan nan nan nan nan nan nan nan nan
 nan nan nan nan]
NaNs in self.residual at bs_iter=23
NaNs in un_normalized_lv_alpha_weights
NaN in normalizing_term
NaNs in residual_incl_alpha[31, :]
NaNs in gene_weights for bs_iter=31
NaN in mixture_alpha_mu: b_terms=[nan nan nan nan nan nan nan nan nan nan nan nan nan nan nan nan nan nan
 nan nan nan nan]
NaNs in self.residual at bs_iter=31
NaNs in un_normalized_lv_alpha_weights
NaN in normalizing_term
NaNs in residual_incl_alpha[95, :]
NaNs in gene_weights for bs_iter=95
NaN in mixture_alpha_mu: b_terms=[nan nan nan nan nan nan nan nan nan nan nan nan nan nan nan nan nan nan
 nan nan nan nan]
NaNs in self.residual at bs_iter=95
NaNs in un_normalized_lv_alpha_weights
NaN in normalizing_term
NaNs in component_non_med_pred at component 9

Residual before update:
[-0.00122629 -0.000418   -0.00039256 ...  0.00360345  0.00292995
  0.00107288]
NaNs in residual_incl_alpha[23, :]
NaNs in gene_weights for bs_iter=23
NaN in mixture_alpha_mu: b_terms=[nan nan nan nan nan nan nan nan nan nan nan nan nan nan nan nan nan nan
 nan nan nan nan]
NaNs in self.residual at bs_iter=23
NaNs in un_normalized_lv_alpha_weights
NaN in normalizing_term
NaNs in residual_incl_alpha[31, :]
NaNs in gene_weights for bs_iter=31
NaN in mixture_alpha_mu: b_terms=[nan nan nan nan nan nan nan nan nan nan nan nan nan nan nan nan nan nan
 nan nan nan nan]
NaNs in self.residual at bs_iter=31
NaNs in un_normalized_lv_alpha_weights
NaN in normalizing_term
NaNs in residual_incl_alpha[95, :]
NaNs in gene_weights for bs_iter=95
NaN in mixture_alpha_mu: b_terms=[nan nan nan nan nan nan nan nan nan nan nan nan nan nan nan nan nan nan
 nan nan nan nan]
NaNs in self.residual at bs_iter=95
NaNs in un_normalized_lv_alpha_weights
NaN in normalizing_term
Compute pips
NaNs found in gene-tissue pair PIPs at indices: [ 0  1  2  3  4  5  6  7  8  9 10 11 12 13 14 15 16 17 18 19 20 21]
NaNs found in variant PIPs at indices: [    0     1     2 ... 10705 10706 10707]
NaNs found in gene PIPs at indices: [ 0  1  2  3  4  5  6  7  8  9 10 11 12]
###############################
TGFM
###############################
Initialize variables
Warning: 365 variants have NaN gwas_beta. Setting to 0 with large SE.
Iterative optimization

Residual before update:
[-0.00178452 -0.00707159 -0.00239935 ... -0.00012662  0.0052104
 -0.00458381]

Residual before update:
[-0.00178351 -0.00706745 -0.00239923 ... -0.00012621  0.00521271
 -0.00458184]

Residual before update:
[-0.00178535 -0.00707187 -0.00240013 ... -0.00012755  0.00520786
 -0.00458222]

Residual before update:
[-0.00178231 -0.00705905 -0.00239949 ... -0.00012614  0.00521576
 -0.00457556]

Residual before update:
[-0.0017841  -0.00706333 -0.00240036 ... -0.00012743  0.00521107
 -0.00457594]

Residual before update:
[-0.00178392 -0.00706231 -0.00240031 ... -0.00012706  0.00521165
 -0.00457528]

Residual before update:
[-0.00178393 -0.00706222 -0.00240038 ... -0.00012709  0.00521152
 -0.00457517]

Residual before update:
[-0.00179124 -0.00705554 -0.00240174 ... -0.00013351  0.00521002
 -0.00457993]

Residual before update:
[-0.00178389 -0.00706189 -0.00240048 ... -0.00012697  0.00521143
 -0.00457504]

Residual before update:
[-0.00178388 -0.00706174 -0.00240054 ... -0.00012693  0.00521136
 -0.00457498]

Residual before update:
[-0.00178489 -0.00706572 -0.00240071 ... -0.00012732  0.00520893
 -0.0045769 ]

Residual before update:
[-0.00178136 -0.00705131 -0.00239883 ... -0.00012352  0.00522074
 -0.004569  ]

Residual before update:
[-0.00178783 -0.00707242 -0.00240113 ... -0.00012744  0.00520379
 -0.00457639]

Residual before update:
[-0.00178201 -0.00704985 -0.00239902 ... -0.00012402  0.00522067
 -0.00456544]

Residual before update:
[-0.00178491 -0.00705742 -0.00240038 ... -0.0001263   0.00521299
 -0.0045667 ]

Residual before update:
[-0.0017849  -0.00705752 -0.00240039 ... -0.00012625  0.00521291
 -0.00456695]

Residual before update:
[-0.00178494 -0.00705754 -0.0024004  ... -0.00012638  0.00521282
 -0.0045668 ]

Residual before update:
[-0.00179137 -0.00707287 -0.00239969 ... -0.00012818  0.00519291
 -0.00458601]

Residual before update:
[-0.00178495 -0.00705762 -0.0024004  ... -0.0001264   0.00521277
 -0.00456687]

Residual before update:
[-0.00178496 -0.00705765 -0.00240041 ... -0.00012641  0.00521274
 -0.00456689]

Residual before update:
[-0.00178665 -0.00706755 -0.00240146 ... -0.00012885  0.00520568
 -0.0045744 ]

Residual before update:
[-0.00178086 -0.00704335 -0.00239795 ... -0.00012306  0.00522614
 -0.00456113]

Residual before update:
[-0.00178921 -0.007072   -0.00240127 ... -0.00012833  0.00520264
 -0.00457261]

Residual before update:
[-0.00178166 -0.00704474 -0.00239869 ... -0.00012428  0.00522367
 -0.00456081]

Residual before update:
[-0.00178471 -0.0070522  -0.00240011 ... -0.00012652  0.00521581
 -0.00456148]

Residual before update:
[-0.00178467 -0.00705214 -0.0024001  ... -0.00012643  0.00521583
 -0.00456164]

Residual before update:
[-0.00178472 -0.0070522  -0.00240011 ... -0.00012655  0.00521572
 -0.00456149]

Residual before update:
[-0.00179133 -0.00707284 -0.00239969 ... -0.00012816  0.005193
 -0.004586  ]

Residual before update:
[-0.00178472 -0.00705221 -0.00240011 ... -0.00012655  0.00521572
 -0.00456151]

Residual before update:
[-0.00178473 -0.00705222 -0.00240011 ... -0.00012655  0.00521571
 -0.00456151]

Residual before update:
[-0.00178706 -0.00706803 -0.00240202 ... -0.0001298   0.0052042
 -0.00457404]

Residual before update:
[-0.00178002 -0.00703896 -0.00239776 ... -0.00012291  0.00522893
 -0.0045584 ]

Residual before update:
[-0.00178961 -0.00707115 -0.00240133 ... -0.00012845  0.00520251
 -0.00457063]

Residual before update:
[-0.00178171 -0.00704279 -0.00239857 ... -0.00012413  0.00522463
 -0.00455848]

Residual before update:
[-0.00178482 -0.0070504  -0.00240001 ... -0.00012641  0.00521661
 -0.00455916]

Residual before update:
[-0.00178478 -0.00705034 -0.0024     ... -0.00012634  0.00521663
 -0.0045593 ]

Residual before update:
[-0.00178482 -0.0070504  -0.00240001 ... -0.00012644  0.00521653
 -0.00455917]

Residual before update:
[-0.00179129 -0.00707282 -0.00239969 ... -0.00012816  0.0051931
 -0.00458598]

Residual before update:
[-0.00178482 -0.00705039 -0.00240001 ... -0.00012644  0.00521654
 -0.00455917]

Residual before update:
[-0.00178483 -0.0070504  -0.00240001 ... -0.00012644  0.00521653
 -0.00455917]

Residual before update:
[-0.00178756 -0.007069   -0.00240225 ... -0.00013016  0.00520302
 -0.00457387]

Residual before update:
[-0.00177974 -0.00703684 -0.00239753 ... -0.00012253  0.00523041
 -0.00455666]

Residual before update:
[-0.00178975 -0.00707025 -0.00240131 ... -0.00012838  0.00520277
 -0.00456925]

Residual before update:
[-0.00178174 -0.0070419  -0.00239858 ... -0.00012413  0.0052249
 -0.00455741]

Residual before update:
[-0.00178479 -0.00704936 -0.00239999 ... -0.00012637  0.00521704
 -0.00455808]

Residual before update:
[-0.00178476 -0.0070493  -0.00239999 ... -0.0001263   0.00521706
 -0.00455821]

Residual before update:
[-0.0017848  -0.00704935 -0.00239999 ... -0.0001264   0.00521697
 -0.00455808]

Residual before update:
[-0.00179125 -0.0070728  -0.00239969 ... -0.00012816  0.0051932
 -0.00458597]

Residual before update:
[-0.0017848  -0.00704935 -0.00239999 ... -0.00012639  0.00521697
 -0.00455808]

Residual before update:
[-0.0017848  -0.00704936 -0.0024     ... -0.00012639  0.00521697
 -0.00455808]
Compute pips
###############################
TGFM
###############################
Initialize variables
Warning: 390 variants have NaN gwas_beta. Setting to 0 with large SE.
Iterative optimization

Residual before update:
[-0.00057948 -0.00722193  0.00043384 ... -0.00183459  0.00836575
  0.00488204]

Residual before update:
[-0.00057827 -0.00722065  0.00043394 ... -0.00183433  0.00836876
  0.00488219]

Residual before update:
[-0.00056066 -0.00720785  0.00043186 ... -0.00181182  0.00838429
  0.00489953]

Residual before update:
[-0.00057645 -0.00722315  0.00043422 ... -0.00183409  0.00837776
  0.0048825 ]

Residual before update:
[-0.00057885 -0.00723033  0.00043417 ... -0.0018346   0.00837721
  0.00488241]

Residual before update:
[-0.00057621 -0.0072248   0.00043442 ... -0.00183349  0.0083798
  0.00488285]

Residual before update:
[-0.00058583 -0.0072526   0.0008692  ... -0.00154096  0.00902295
  0.00488071]

Residual before update:
[-0.00057729 -0.00722612  0.00043427 ... -0.00183382  0.00837913
  0.0048824 ]

Residual before update:
[-0.0005775  -0.00722667  0.00043426 ... -0.00183393  0.00837888
  0.0048824 ]

Residual before update:
[-0.0005772  -0.00722578  0.00043428 ... -0.00183371  0.00837928
  0.00488239]

Residual before update:
[-0.000579   -0.0072304   0.00043416 ... -0.00183451  0.00837624
  0.00488227]

Residual before update:
[-0.00057511 -0.00722224  0.00043433 ... -0.00183371  0.00838018
  0.00488242]

Residual before update:
[-0.00058694 -0.00725026  0.00051036 ... -0.0021266   0.00830334
  0.00480493]

Residual before update:
[-0.00057399 -0.00722323  0.00043453 ... -0.00183416  0.00838349
  0.00488227]

Residual before update:
[-0.00057899 -0.00723603  0.00043437 ... -0.00183525  0.00838061
  0.0048821 ]

Residual before update:
[-0.00057681 -0.00722889  0.00043444 ... -0.00183482  0.00838014
  0.00488214]

Residual before update:
[-0.00056136 -0.00708569  0.00039171 ... -0.00187714  0.00783926
  0.00510025]

Residual before update:
[-0.0005787  -0.00723464  0.00043437 ... -0.00183533  0.00837996
  0.00488192]

Residual before update:
[-0.00057859 -0.00723499  0.00043439 ... -0.00183531  0.00838042
  0.00488192]

Residual before update:
[-0.00057866 -0.00723445  0.00043438 ... -0.0018353   0.00838001
  0.00488193]

Residual before update:
[-0.00057921 -0.00723625  0.00043434 ... -0.00183524  0.00838016
  0.00488211]

Residual before update:
[-0.00057266 -0.00722324  0.00043464 ... -0.00183387  0.00838728
  0.00488234]

Residual before update:
[-0.00058548 -0.00734339  0.00045412 ... -0.00212872  0.00830775
  0.0048621 ]

Residual before update:
[-0.00057249 -0.00722377  0.00043468 ... -0.00183422  0.00838708
  0.00488205]

Residual before update:
[-0.00057878 -0.0072397   0.00043447 ... -0.00183562  0.00838308
  0.00488179]

Residual before update:
[-0.00057692 -0.00723067  0.00043447 ... -0.00183541  0.00838075
  0.00488181]

Residual before update:
[-0.0005506  -0.0070391   0.00032657 ... -0.00166379  0.00824728
  0.00515471]

Residual before update:
[-0.00057762 -0.00723766  0.00043462 ... -0.00183524  0.00838728
  0.00488206]

Residual before update:
[-0.00057747 -0.00723782  0.00043463 ... -0.00183528  0.00838779
  0.0048821 ]

Residual before update:
[-0.00057769 -0.00723762  0.00043461 ... -0.00183522  0.00838708
  0.00488204]

Residual before update:
[-0.00058153 -0.00724223  0.00043429 ... -0.00183616  0.00837789
  0.00488173]

Residual before update:
[-0.00057204 -0.00722447  0.00043482 ... -0.00183446  0.00839131
  0.00488245]

Residual before update:
[-0.00058548 -0.0073434   0.00045412 ... -0.00212871  0.00830775
  0.00486208]

Residual before update:
[-0.00057122 -0.00722345  0.00043488 ... -0.0018344   0.0083927
  0.00488244]

Residual before update:
[-0.00057693 -0.00723994  0.00043474 ... -0.00183568  0.00839065
  0.0048822 ]

Residual before update:
[-0.00057722 -0.00723478  0.00043457 ... -0.00183578  0.0083834
  0.00488174]

Residual before update:
[-0.0005506  -0.0070391   0.00032657 ... -0.00166379  0.00824727
  0.00515471]

Residual before update:
[-0.00057674 -0.00723902  0.00043476 ... -0.00183532  0.00839129
  0.00488215]

Residual before update:
[-0.00057669 -0.00723925  0.00043477 ... -0.00183541  0.00839143
  0.00488217]

Residual before update:
[-0.00057675 -0.0072389   0.00043476 ... -0.00183526  0.00839127
  0.00488214]

Residual before update:
[-0.00058217 -0.00724477  0.0004343  ... -0.00183643  0.00837805
  0.00488164]

Residual before update:
[-0.00057169 -0.0072253   0.00043489 ... -0.0018346   0.00839292
  0.00488243]

Residual before update:
[-0.00058548 -0.0073434   0.00045412 ... -0.00212871  0.00830775
  0.00486208]

Residual before update:
[-0.00057065 -0.00722316  0.00043495 ... -0.00183446  0.008394
  0.00488245]

Residual before update:
[-0.00057637 -0.00724038  0.00043482 ... -0.00183574  0.00839271
  0.00488223]

Residual before update:
[-0.00057726 -0.00723718  0.00043465 ... -0.001836    0.00838536
  0.00488169]

Residual before update:
[-0.0005506  -0.0070391   0.00032657 ... -0.00166379  0.00824727
  0.0051547 ]

Residual before update:
[-0.00057651 -0.00723987  0.00043482 ... -0.00183543  0.0083926
  0.00488215]

Residual before update:
[-0.00057647 -0.00724006  0.00043482 ... -0.00183552  0.00839267
  0.00488217]

Residual before update:
[-0.00057652 -0.00723976  0.00043482 ... -0.00183538  0.0083926
  0.00488214]
Compute pips
###############################
TGFM
###############################
Initialize variables
Warning: 448 variants have NaN gwas_beta. Setting to 0 with large SE.
Iterative optimization

Residual before update:
[-0.00161523  0.0030613  -0.00327197 ...  0.         -0.00175487
 -0.00414636]

Residual before update:
[-1.61560701e-03  3.06103251e-03 -3.27234454e-03 ... -1.30045685e-13
 -1.75504105e-03 -4.14808264e-03]

Residual before update:
[-1.61519001e-03  3.06146966e-03 -3.27192753e-03 ...  1.61183748e-13
 -1.75498712e-03 -4.14639782e-03]

Residual before update:
[-1.61568713e-03  3.06109465e-03 -3.27242465e-03 ... -1.70035583e-14
 -1.75529724e-03 -4.14847743e-03]

Residual before update:
[-1.61561777e-03  3.06118331e-03 -3.27235529e-03 ... -2.39164023e-15
 -1.74968305e-03 -4.14755200e-03]

Residual before update:
[-1.61575033e-03  3.06105337e-03 -3.27248785e-03 ... -1.81684960e-14
 -1.75759619e-03 -4.14815610e-03]

Residual before update:
[-1.61572587e-03  3.06109172e-03 -3.27246339e-03 ...  9.92612769e-15
 -1.75041500e-03 -4.14776277e-03]

Residual before update:
[-1.61583614e-03  3.06097107e-03 -3.27257367e-03 ... -5.51933179e-15
 -1.75814435e-03 -4.14832573e-03]

Residual before update:
[-1.61584384e-03  3.06100257e-03 -3.27258136e-03 ...  1.51969882e-14
 -1.75082106e-03 -4.14792740e-03]

Residual before update:
[-1.61596587e-03  3.06088639e-03 -3.27270339e-03 ... -7.13369351e-16
 -1.75897288e-03 -4.14848579e-03]

Residual before update:
[-1.61558158e-03  3.06119019e-03 -3.27231910e-03 ...  1.49837777e-13
 -1.75151504e-03 -4.14636044e-03]

Residual before update:
[-1.61660595e-03  3.06013243e-03 -3.27334347e-03 ... -3.29880285e-13
 -1.75188444e-03 -4.15078864e-03]

Residual before update:
[-1.61545124e-03  3.06119679e-03 -3.27218877e-03 ...  3.07551665e-13
 -1.75148928e-03 -4.14605221e-03]

Residual before update:
[-1.61635951e-03  3.06047198e-03 -3.27309703e-03 ...  4.18142247e-15
 -1.75760972e-03 -4.15034292e-03]

Residual before update:
[-1.61612517e-03  3.06073231e-03 -3.27286269e-03 ...  4.12973308e-14
 -1.74143447e-03 -4.14837612e-03]

Residual before update:
[-1.61639936e-03  3.06047611e-03 -3.27313688e-03 ... -1.81801757e-14
 -1.76500776e-03 -4.14984729e-03]

Residual before update:
[-1.61627125e-03  3.06065854e-03 -3.27300877e-03 ...  3.41241940e-14
 -1.74296674e-03 -4.14848103e-03]

Residual before update:
[-1.61651701e-03  3.06041324e-03 -3.27325453e-03 ... -1.74203565e-14
 -1.76636042e-03 -4.14994196e-03]

Residual before update:
[-1.61639572e-03  3.06059130e-03 -3.27313324e-03 ...  3.54754835e-14
 -1.74383651e-03 -4.14858574e-03]

Residual before update:
[-1.61664640e-03  3.06034473e-03 -3.27338392e-03 ... -1.60606935e-14
 -1.76728603e-03 -4.15005462e-03]

Residual before update:
[-1.61603529e-03  3.06102663e-03 -3.27277281e-03 ...  2.09013496e-13
 -1.75275757e-03 -4.14652003e-03]

Residual before update:
[-1.61728909e-03  3.05970283e-03 -3.27402661e-03 ... -2.61289446e-13
 -1.75309580e-03 -4.15167101e-03]

Residual before update:
[-1.61568831e-03  3.06113768e-03 -3.27242583e-03 ...  5.59553910e-13
 -1.75249102e-03 -4.14522750e-03]

Residual before update:
[-1.61689870e-03  3.06016688e-03 -3.27363621e-03 ...  1.64147290e-13
 -1.76141120e-03 -4.15094693e-03]

Residual before update:
[-1.61650551e-03  3.06056851e-03 -3.27324303e-03 ...  2.25610183e-13
 -1.73337262e-03 -4.14794822e-03]

Residual before update:
[-1.61692077e-03  3.06022149e-03 -3.27365829e-03 ...  1.42582579e-13
 -1.77192100e-03 -4.15032959e-03]

Residual before update:
[-1.61667100e-03  3.06052903e-03 -3.27340852e-03 ...  2.27127700e-13
 -1.73504920e-03 -4.14810728e-03]

Residual before update:
[-1.61706420e-03  3.06018479e-03 -3.27380172e-03 ...  1.45357157e-13
 -1.77285920e-03 -4.15044352e-03]

Residual before update:
[-1.61681375e-03  3.06049310e-03 -3.27355127e-03 ...  2.29976525e-13
 -1.73594396e-03 -4.14821712e-03]

Residual before update:
[-1.61719912e-03  3.06014560e-03 -3.27393664e-03 ...  1.48627798e-13
 -1.77353459e-03 -4.15054397e-03]

Residual before update:
[-1.61659717e-03  3.06087188e-03 -3.27333469e-03 ...  2.12570536e-13
 -1.75279833e-03 -4.14690424e-03]

Residual before update:
[-1.61804519e-03  3.05934344e-03 -3.27478270e-03 ... -3.32137202e-13
 -1.75318914e-03 -4.15285189e-03]

Residual before update:
[-1.61608661e-03  3.06107489e-03 -3.27282413e-03 ...  6.35530312e-13
 -1.75242115e-03 -4.14506106e-03]

Residual before update:
[-1.61754504e-03  3.05988947e-03 -3.27428256e-03 ...  1.67134830e-13
 -1.76484019e-03 -4.15208527e-03]

Residual before update:
[-1.61696584e-03  3.06038978e-03 -3.27370336e-03 ...  2.48490284e-13
 -1.72698973e-03 -4.14825504e-03]

Residual before update:
[-1.61755288e-03  3.05995889e-03 -3.27429039e-03 ...  1.34353301e-13
 -1.77956061e-03 -4.15148977e-03]

Residual before update:
[-1.61715554e-03  3.06036619e-03 -3.27389305e-03 ...  2.49082709e-13
 -1.72909552e-03 -4.14843621e-03]

Residual before update:
[-1.61769717e-03  3.05993265e-03 -3.27443469e-03 ...  1.37343539e-13
 -1.78031991e-03 -4.15159071e-03]

Residual before update:
[-1.61730771e-03  3.06034274e-03 -3.27404523e-03 ...  2.51611932e-13
 -1.73008173e-03 -4.14854763e-03]

Residual before update:
[-1.61782847e-03  3.05990102e-03 -3.27456598e-03 ...  1.40815947e-13
 -1.78080841e-03 -4.15167848e-03]

Residual before update:
[-1.61713465e-03  3.06075244e-03 -3.27387217e-03 ...  2.21954356e-13
 -1.75402982e-03 -4.14732331e-03]

Residual before update:
[-1.61870905e-03  3.05909083e-03 -3.27544656e-03 ... -3.85079619e-13
 -1.75450956e-03 -4.15378793e-03]

Residual before update:
[-1.61647563e-03  3.06105527e-03 -3.27321314e-03 ...  6.94663631e-13
 -1.75361820e-03 -4.14497381e-03]

Residual before update:
[-1.61811212e-03  3.05971481e-03 -3.27484963e-03 ...  1.73589245e-13
 -1.76808917e-03 -4.15287591e-03]

Residual before update:
[-1.61734948e-03  3.06028432e-03 -3.27408699e-03 ...  2.72044311e-13
 -1.72158646e-03 -4.14837550e-03]

Residual before update:
[-1.61810782e-03  3.05978005e-03 -3.27484534e-03 ...  1.28200835e-13
 -1.78755319e-03 -4.15242386e-03]

Residual before update:
[-1.61756218e-03  3.06027462e-03 -3.27429969e-03 ...  2.71790307e-13
 -1.72410114e-03 -4.14857611e-03]

Residual before update:
[-1.61824227e-03  3.05975460e-03 -3.27497978e-03 ...  1.31375080e-13
 -1.78811349e-03 -4.15251309e-03]

Residual before update:
[-1.61771751e-03  3.06025728e-03 -3.27445502e-03 ...  2.73976220e-13
 -1.72517679e-03 -4.14868996e-03]

Residual before update:
[-1.61835485e-03  3.05971848e-03 -3.27509236e-03 ...  1.35001060e-13
 -1.78836933e-03 -4.15258987e-03]
Compute pips
###############################
TGFM
###############################
Initialize variables
Warning: 498 variants have NaN gwas_beta. Setting to 0 with large SE.
Iterative optimization

Residual before update:
[-0.00309344 -0.00298009 -0.00203561 ... -0.00052996 -0.00113127
 -0.00485767]

Residual before update:
[-0.00309564 -0.00298229 -0.00203817 ... -0.00053808 -0.0011398
 -0.00485901]

Residual before update:
[-0.00309178 -0.00297844 -0.00203362 ... -0.00052672 -0.00112278
 -0.00485896]

Residual before update:
[-0.00309436 -0.00298101 -0.00203664 ... -0.00053821 -0.0011351
 -0.00486066]

Residual before update:
[-0.00309245 -0.00297911 -0.00203438 ... -0.00053049 -0.00112893
 -0.0048598 ]

Residual before update:
[-0.00309336 -0.00298002 -0.00203554 ... -0.00053593 -0.00113555
 -0.00486083]

Residual before update:
[-0.0030926  -0.00297926 -0.0020346  ... -0.00053049 -0.00112953
 -0.00485897]

Residual before update:
[-0.00309347 -0.00298013 -0.00203569 ... -0.00053679 -0.00113703
 -0.00486545]

Residual before update:
[-0.00309284 -0.0029795  -0.00203486 ... -0.00052998 -0.00113011
 -0.00485833]

Residual before update:
[-0.00309395 -0.00298061 -0.00203621 ... -0.00053571 -0.00113637
 -0.00485908]

Residual before update:
[-0.00309127 -0.00297793 -0.00203299 ... -0.00052098 -0.00112144
 -0.0048563 ]

Residual before update:
[-0.00309867 -0.00298533 -0.00204169 ... -0.00054735 -0.00115431
 -0.00485856]

Residual before update:
[-0.00308966 -0.00297632 -0.0020311  ... -0.00051764 -0.00111486
 -0.00485683]

Residual before update:
[-0.0030961  -0.00298275 -0.00203863 ... -0.00054328 -0.00113993
 -0.0048604 ]

Residual before update:
[-0.00309247 -0.00297913 -0.00203427 ... -0.00052622 -0.00112416
 -0.00485843]

Residual before update:
[-0.00309594 -0.00298259 -0.00203846 ... -0.00054135 -0.00114321
 -0.00486204]

Residual before update:
[-0.0030924  -0.00297906 -0.00203419 ... -0.0005259  -0.00112591
 -0.00485813]

Residual before update:
[-0.00309356 -0.00298022 -0.00203586 ... -0.00054452 -0.00114614
 -0.00486139]

Residual before update:
[-0.00309204 -0.0029787  -0.00203378 ... -0.00052497 -0.00112646
 -0.00485748]

Residual before update:
[-0.003095   -0.00298165 -0.00203744 ... -0.00054334 -0.00114577
 -0.00486035]

Residual before update:
[-0.00308994 -0.0029766  -0.00203137 ... -0.00051533 -0.00111761
 -0.00485535]

Residual before update:
[-0.00310263 -0.00298927 -0.00204606 ... -0.00054426 -0.00115954
 -0.00485745]

Residual before update:
[-0.00309141 -0.00297807 -0.00203286 ... -0.00050546 -0.0011091
 -0.00485476]

Residual before update:
[-0.00310015 -0.00298679 -0.00204306 ... -0.000539   -0.00114194
 -0.00485934]

Residual before update:
[-0.00309428 -0.00298094 -0.00203602 ... -0.0005113  -0.00111594
 -0.0048562 ]

Residual before update:
[-0.00309785 -0.0029845  -0.00204063 ... -0.00054305 -0.00115093
 -0.00486116]

Residual before update:
[-0.0030945  -0.00298116 -0.00203629 ... -0.00051109 -0.00111789
 -0.00485576]

Residual before update:
[-0.00309691 -0.00298356 -0.00203959 ... -0.00054237 -0.00115081
 -0.00486043]

Residual before update:
[-0.0030942  -0.00298086 -0.00203596 ... -0.00051014 -0.00111855
 -0.00485522]

Residual before update:
[-0.0030982  -0.00298485 -0.00204101 ... -0.00054052 -0.00115066
 -0.00485987]

Residual before update:
[-0.00308951 -0.00297617 -0.00203085 ... -0.00051103 -0.0011185
 -0.00485404]

Residual before update:
[-0.00310417 -0.00299082 -0.0020478  ... -0.00054352 -0.00116591
 -0.00485642]

Residual before update:
[-0.00309117 -0.00297784 -0.0020325  ... -0.00049717 -0.00110669
 -0.00485292]

Residual before update:
[-0.00310217 -0.00298881 -0.00204536 ... -0.00053995 -0.00114773
 -0.00485869]

Residual before update:
[-0.00309474 -0.0029814  -0.00203641 ... -0.00050354 -0.00111246
 -0.00485456]

Residual before update:
[-0.0030993  -0.00298594 -0.00204234 ... -0.00054707 -0.0011595
 -0.00486139]

Residual before update:
[-0.00309497 -0.00298163 -0.00203669 ... -0.00050373 -0.00111503
 -0.00485418]

Residual before update:
[-0.00309868 -0.00298532 -0.00204165 ... -0.00054562 -0.00115951
 -0.00486044]

Residual before update:
[-0.00309468 -0.00298134 -0.00203637 ... -0.00050267 -0.0011158
 -0.00485363]

Residual before update:
[-0.00309982 -0.00298646 -0.0020429  ... -0.00054461 -0.00115959
 -0.00486   ]

Residual before update:
[-0.00308947 -0.00297614 -0.00203078 ... -0.00050779 -0.00111995
 -0.00485281]

Residual before update:
[-0.0031053  -0.00299194 -0.00204909 ... -0.0005431  -0.00117157
 -0.00485533]

Residual before update:
[-0.00309071 -0.00297738 -0.00203193 ... -0.00049083 -0.00110543
 -0.0048512 ]

Residual before update:
[-0.00310335 -0.00298999 -0.0020467  ... -0.00053973 -0.00115197
 -0.00485778]

Residual before update:
[-0.00309478 -0.00298144 -0.00203632 ... -0.00049628 -0.00110867
 -0.00485287]

Residual before update:
[-0.00310034 -0.00298698 -0.0020436  ... -0.00055077 -0.00116727
 -0.00486137]

Residual before update:
[-0.00309502 -0.00298168 -0.00203663 ... -0.00049667 -0.00111174
 -0.00485253]

Residual before update:
[-0.00309981 -0.00298645 -0.00204301 ... -0.00054967 -0.0011678
 -0.00486038]

Residual before update:
[-0.00309471 -0.00298137 -0.00203629 ... -0.00049581 -0.00111269
 -0.004852  ]

Residual before update:
[-0.00310098 -0.00298762 -0.0020443  ... -0.00054854 -0.0011673
 -0.00485993]
Compute pips
running alternative initialization
Initialize variables
Iterative optimization

Residual before update:
[-0.00309611 -0.00298277 -0.00203689 ... -0.00040535 -0.00107028
 -0.00481307]

Residual before update:
[-0.00311534 -0.00300196 -0.00206066 ... -0.00051216 -0.00121061
 -0.00482162]

Residual before update:
[-0.00309516 -0.0029818  -0.00203694 ... -0.0004408  -0.0011204
 -0.00481429]

Residual before update:
[-0.00311338 -0.00299998 -0.00205952 ... -0.0005786  -0.00125414
 -0.00483922]

Residual before update:
[-0.00309292 -0.00297959 -0.00203282 ... -0.00038238 -0.00104095
 -0.00480983]

Residual before update:
[-0.00311551 -0.0030021  -0.00206221 ... -0.00059704 -0.00127123
 -0.00484317]

Residual before update:
[-0.00309316 -0.00297983 -0.00203314 ... -0.0003845  -0.00104374
 -0.00481018]

Residual before update:
[-0.00311453 -0.00300112 -0.00206111 ... -0.00059644 -0.00127063
 -0.00484225]

Residual before update:
[-0.00309054 -0.00297722 -0.00202983 ... -0.00034908 -0.00103704
 -0.00480858]

Residual before update:
[-0.00311708 -0.00300366 -0.0020643  ... -0.00061654 -0.0012888
 -0.00484628]

Residual before update:
[-0.00309609 -0.00298275 -0.00203687 ... -0.00040597 -0.00107027
 -0.00481258]

Residual before update:
[-0.00311534 -0.00300195 -0.00206065 ... -0.00051292 -0.00121062
 -0.00482101]

Residual before update:
[-0.00309517 -0.00298182 -0.00203696 ... -0.00044084 -0.00112044
 -0.00481428]

Residual before update:
[-0.00311338 -0.00299997 -0.00205951 ... -0.00057854 -0.00125409
 -0.00483919]

Residual before update:
[-0.00309291 -0.00297959 -0.00203282 ... -0.0003824  -0.00104097
 -0.00480981]

Residual before update:
[-0.0031155  -0.00300209 -0.0020622  ... -0.00059701 -0.00127118
 -0.00484315]

Residual before update:
[-0.00309316 -0.00297983 -0.00203314 ... -0.00038452 -0.00104375
 -0.00481016]

Residual before update:
[-0.00311452 -0.00300112 -0.0020611  ... -0.0005964  -0.00127058
 -0.00484223]

Residual before update:
[-0.00309051 -0.00297719 -0.0020298  ... -0.00034889 -0.00103685
 -0.00480855]

Residual before update:
[-0.00311709 -0.00300367 -0.00206431 ... -0.00061673 -0.00128895
 -0.0048463 ]

Residual before update:
[-0.00309609 -0.00298275 -0.00203687 ... -0.000406   -0.00107029
 -0.00481257]

Residual before update:
[-0.00311532 -0.00300194 -0.00206063 ... -0.00051289 -0.00121055
 -0.00482099]

Residual before update:
[-0.00309518 -0.00298183 -0.00203697 ... -0.0004409  -0.0011205
 -0.00481428]

Residual before update:
[-0.00311337 -0.00299997 -0.0020595  ... -0.0005785  -0.00125404
 -0.00483917]

Residual before update:
[-0.00309292 -0.00297959 -0.00203283 ... -0.00038245 -0.00104101
 -0.0048098 ]

Residual before update:
[-0.0031155  -0.00300209 -0.0020622  ... -0.00059698 -0.00127113
 -0.00484313]

Residual before update:
[-0.00309317 -0.00297984 -0.00203315 ... -0.00038457 -0.00104379
 -0.00481015]

Residual before update:
[-0.00311452 -0.00300111 -0.0020611  ... -0.00059638 -0.00127055
 -0.0048422 ]

Residual before update:
[-0.00309049 -0.00297717 -0.00202977 ... -0.00034873 -0.00103668
 -0.00480852]

Residual before update:
[-0.0031171  -0.00300369 -0.00206433 ... -0.00061692 -0.0012891
 -0.00484632]

Residual before update:
[-0.0030961  -0.00298276 -0.00203688 ... -0.00040605 -0.00107033
 -0.00481257]

Residual before update:
[-0.00311531 -0.00300192 -0.00206062 ... -0.00051286 -0.00121048
 -0.00482098]

Residual before update:
[-0.00309519 -0.00298184 -0.00203699 ... -0.00044095 -0.00112053
 -0.00481427]

Residual before update:
[-0.00311337 -0.00299997 -0.0020595  ... -0.00057847 -0.00125399
 -0.00483915]

Residual before update:
[-0.00309293 -0.0029796  -0.00203283 ... -0.0003825  -0.00104106
 -0.0048098 ]

Residual before update:
[-0.0031155  -0.00300209 -0.0020622  ... -0.00059695 -0.00127108
 -0.00484312]

Residual before update:
[-0.00309317 -0.00297984 -0.00203316 ... -0.00038462 -0.00104383
 -0.00481015]

Residual before update:
[-0.00311452 -0.00300111 -0.0020611  ... -0.00059635 -0.00127051
 -0.00484219]

Residual before update:
[-0.00309048 -0.00297715 -0.00202975 ... -0.00034858 -0.00103651
 -0.00480849]

Residual before update:
[-0.00311712 -0.0030037  -0.00206435 ... -0.00061711 -0.00128926
 -0.00484634]

Residual before update:
[-0.0030961  -0.00298276 -0.00203689 ... -0.00040611 -0.00107038
 -0.00481256]

Residual before update:
[-0.0031153  -0.00300192 -0.00206061 ... -0.00051284 -0.00121043
 -0.00482097]

Residual before update:
[-0.0030952  -0.00298185 -0.00203699 ... -0.00044099 -0.00112055
 -0.00481427]

Residual before update:
[-0.00311337 -0.00299997 -0.00205949 ... -0.00057844 -0.00125394
 -0.00483913]

Residual before update:
[-0.00309293 -0.0029796  -0.00203284 ... -0.00038256 -0.0010411
 -0.00480979]

Residual before update:
[-0.00311549 -0.00300208 -0.00206219 ... -0.00059693 -0.00127103
 -0.00484311]

Residual before update:
[-0.00309318 -0.00297985 -0.00203316 ... -0.00038467 -0.00104387
 -0.00481014]

Residual before update:
[-0.00311452 -0.00300111 -0.00206109 ... -0.00059633 -0.00127047
 -0.00484217]

Residual before update:
[-0.00309046 -0.00297714 -0.00202973 ... -0.00034842 -0.00103634
 -0.00480847]

Residual before update:
[-0.00311713 -0.00300372 -0.00206438 ... -0.0006173  -0.00128942
 -0.00484637]
Compute pips
###############################
TGFM
###############################
Initialize variables
Warning: 482 variants have NaN gwas_beta. Setting to 0 with large SE.
Iterative optimization

Residual before update:
[ 0.00488284  0.00654087 -0.00861945 ...  0.01175887  0.0036575
  0.0130117 ]

Residual before update:
[ 0.00487829  0.00653801 -0.00861964 ...  0.01175365  0.00365738
  0.01300645]

Residual before update:
[ 0.00488596  0.00654485 -0.00861921 ...  0.01175995  0.00365794
  0.01301224]

Residual before update:
[ 0.0048798   0.006541   -0.00861925 ...  0.01175286  0.0036578
  0.01300511]

Residual before update:
[ 0.0048798   0.00654099 -0.00861327 ...  0.0117532   0.0036578
  0.01300545]

Residual before update:
[ 0.00487978  0.00654098 -0.0086213  ...  0.01175024  0.00365768
  0.01300248]

Residual before update:
[ 0.00487987  0.00654111 -0.00861432 ...  0.01175195  0.00365771
  0.01300421]

Residual before update:
[ 0.00487984  0.00654109 -0.0086221  ...  0.01174909  0.00365759
  0.01300135]

Residual before update:
[ 0.00487992  0.00654116 -0.00861484 ...  0.01175074  0.00365762
  0.01300301]

Residual before update:
[ 0.00487977  0.00654093 -0.00862389 ...  0.01174739  0.00365745
  0.01299967]

Residual before update:
[ 0.00488452  0.00654406 -0.00861557 ...  0.01175467  0.00365764
  0.01300697]

Residual before update:
[ 0.00487008  0.00653295 -0.00861722 ...  0.01174001  0.00365686
  0.01299277]

Residual before update:
[ 0.00488832  0.00654758 -0.0086165  ...  0.01175705  0.00365787
  0.01300904]

Residual before update:
[ 0.00487839  0.00654135 -0.00862255 ...  0.01174519  0.00365765
  0.01299713]

Residual before update:
[ 0.00487841  0.00654135 -0.00860572 ...  0.01174866  0.00365778
  0.0130006 ]

Residual before update:
[ 0.00487831  0.00654121 -0.00862924 ...  0.01174109  0.00365754
  0.01299298]

Residual before update:
[ 0.00487844  0.0065413  -0.00860746 ...  0.01174711  0.0036577
  0.01299903]

Residual before update:
[ 0.00487835  0.00654122 -0.00863087 ...  0.01173973  0.00365746
  0.01299162]

Residual before update:
[ 0.00487847  0.0065413  -0.0086087  ...  0.01174584  0.00365762
  0.01299775]

Residual before update:
[ 0.00487838  0.00654122 -0.0086321  ...  0.01173845  0.00365739
  0.01299033]

Residual before update:
[ 0.00488527  0.00654558 -0.00861699 ...  0.01174995  0.00365766
  0.01300189]

Residual before update:
[ 0.00487302  0.00653473 -0.00862354 ...  0.01173543  0.00365614
  0.01298817]

Residual before update:
[ 0.00489695  0.00655345 -0.00862268 ...  0.01175847  0.00365737
  0.01301033]

Residual before update:
[ 0.00488412  0.00654536 -0.00863158 ...  0.01174302  0.00365708
  0.01299482]

Residual before update:
[ 0.00488414  0.00654539 -0.00860263 ...  0.0117496   0.0036573
  0.0130014 ]

Residual before update:
[ 0.00488402  0.0065453  -0.00864158 ...  0.01173776  0.00365698
  0.01298951]

Residual before update:
[ 0.00488415  0.00654539 -0.00860539 ...  0.01174808  0.00365725
  0.01299987]

Residual before update:
[ 0.00488403  0.0065453  -0.00864339 ...  0.01173653  0.00365693
  0.01298828]

Residual before update:
[ 0.00488415  0.00654539 -0.00860719 ...  0.01174686  0.0036572
  0.01299865]

Residual before update:
[ 0.00488404  0.0065453  -0.0086448  ...  0.01173539  0.00365687
  0.01298714]

Residual before update:
[ 0.00488431  0.00654546 -0.00861915 ...  0.01174449  0.00365757
  0.01299627]

Residual before update:
[ 0.00487013  0.00653289 -0.0086267  ...  0.0117277   0.00365582
  0.01298041]

Residual before update:
[ 0.00489857  0.00655489 -0.00862572 ...  0.01175549  0.00365723
  0.01300722]

Residual before update:
[ 0.00488357  0.00654542 -0.00863826 ...  0.01173726  0.00365689
  0.01298892]

Residual before update:
[ 0.00488359  0.00654545 -0.0085988  ...  0.01174679  0.00365718
  0.01299846]

Residual before update:
[ 0.00488346  0.00654537 -0.00865196 ...  0.01173081  0.00365679
  0.01298242]

Residual before update:
[ 0.0048836   0.00654545 -0.00860219 ...  0.01174514  0.00365714
  0.01299681]

Residual before update:
[ 0.00488346  0.00654536 -0.00865358 ...  0.01172968  0.00365674
  0.01298128]

Residual before update:
[ 0.0048836   0.00654545 -0.00860418 ...  0.01174393  0.0036571
  0.0129956 ]

Residual before update:
[ 0.00488346  0.00654536 -0.00865474 ...  0.01172864  0.00365669
  0.01298025]

Residual before update:
[ 0.00488377  0.00654552 -0.00862262 ...  0.01173974  0.0036575
  0.0129914 ]

Residual before update:
[ 0.00486796  0.00653151 -0.00863068 ...  0.01172132  0.00365558
  0.01297401]

Residual before update:
[ 0.00489983  0.006556   -0.00862961 ...  0.01175271  0.00365713
  0.01300435]

Residual before update:
[ 0.00488322  0.00654552 -0.00864426 ...  0.01173246  0.00365676
  0.01298402]

Residual before update:
[ 0.00488324  0.00654555 -0.00859544 ...  0.01174476  0.00365711
  0.01299634]

Residual before update:
[ 0.00488311  0.00654546 -0.00866225 ...  0.01172483  0.00365666
  0.01297634]

Residual before update:
[ 0.00488325  0.00654556 -0.0085995  ...  0.01174299  0.00365708
  0.01299456]

Residual before update:
[ 0.00488311  0.00654546 -0.00866351 ...  0.01172381  0.00365661
  0.01297531]

Residual before update:
[ 0.00488326  0.00654556 -0.00860161 ...  0.01174178  0.00365705
  0.01299335]

Residual before update:
[ 0.0048831   0.00654545 -0.00866413 ...  0.01172292  0.00365655
  0.01297442]
Compute pips
###############################
TGFM
###############################
Initialize variables
Warning: 456 variants have NaN gwas_beta. Setting to 0 with large SE.
Iterative optimization

Residual before update:
[-0.0035607  -0.00206916  0.00368556 ... -0.00777624  0.00774385
  0.00605343]

Residual before update:
[-0.00356165 -0.0020707   0.00368556 ... -0.00777642  0.00774371
  0.00605306]

Residual before update:
[-0.00356179 -0.00207089  0.00368557 ... -0.00777644  0.00774361
  0.00605295]

Residual before update:
[-0.00356165 -0.00207803  0.00368849 ... -0.00778003  0.00773854
  0.00604656]

Residual before update:
[-0.00356197 -0.00207116  0.00368559 ... -0.00777646  0.00774341
  0.00605276]

Residual before update:
[-0.00523289 -0.00240507  0.0036011  ... -0.00795393  0.00656072
  0.00445794]

Residual before update:
[-0.0035578  -0.00206957  0.00368493 ... -0.00777572  0.00774315
  0.00605109]

Residual before update:
[-0.00348513 -0.00206277  0.00369577 ... -0.00777662  0.00774533
  0.00605272]

Residual before update:
[-0.00356221 -0.00207149  0.00368563 ... -0.00777649  0.00774301
  0.00605242]

Residual before update:
[-0.00356226 -0.00207155  0.00368565 ... -0.0077765   0.00774291
  0.00605234]

Residual before update:
[-0.00356135 -0.00207007  0.00368566 ... -0.00777633  0.00774295
  0.00605262]

Residual before update:
[-0.00356149 -0.0020703   0.00368566 ... -0.00777635  0.00774294
  0.00605258]

Residual before update:
[-0.00356158 -0.00207045  0.00368566 ... -0.00777637  0.00774294
  0.00605256]

Residual before update:
[-0.00356266 -0.00207489  0.00368189 ... -0.00778312  0.00773957
  0.00604184]

Residual before update:
[-0.00356173 -0.00207068  0.00368565 ... -0.00777639  0.00774293
  0.00605252]

Residual before update:
[-0.00617777 -0.00238514  0.00356177 ... -0.00795073  0.00688364
  0.00458371]

Residual before update:
[-0.00354133 -0.00206952  0.00368579 ... -0.00777266  0.00775436
  0.0060565 ]

Residual before update:
[-0.00348127 -0.00205978  0.00369553 ... -0.0077756   0.00774533
  0.00605362]

Residual before update:
[-0.00356193 -0.002071    0.00368566 ... -0.00777643  0.00774292
  0.00605246]

Residual before update:
[-0.00356197 -0.00207106  0.00368565 ... -0.00777644  0.00774292
  0.00605245]

Residual before update:
[-0.00356177 -0.00207075  0.00368566 ... -0.0077764   0.00774293
  0.00605251]

Residual before update:
[-0.00356169 -0.00207062  0.00368566 ... -0.00777638  0.00774293
  0.00605253]

Residual before update:
[-0.00356166 -0.00207057  0.00368566 ... -0.00777638  0.00774293
  0.00605253]

Residual before update:
[-0.00356329 -0.00207484  0.00368024 ... -0.00778393  0.00773976
  0.00604067]

Residual before update:
[-0.00356168 -0.00207061  0.00368565 ... -0.00777638  0.00774293
  0.00605253]

Residual before update:
[-0.00617804 -0.00238536  0.00356171 ... -0.0079507   0.0068833
  0.00458301]

Residual before update:
[-0.0035413  -0.00206948  0.00368575 ... -0.00777266  0.00775438
  0.0060565 ]

Residual before update:
[-0.00348829 -0.00205942  0.00369958 ... -0.00777541  0.0077451
  0.00605504]

Residual before update:
[-0.0035618  -0.0020708   0.00368566 ... -0.0077764   0.00774292
  0.00605249]

Residual before update:
[-0.00356183 -0.00207084  0.00368566 ... -0.00777641  0.00774291
  0.00605248]

Residual before update:
[-0.00356181 -0.00207081  0.00368566 ... -0.00777641  0.00774292
  0.00605249]

Residual before update:
[-0.00356179 -0.00207078  0.00368566 ... -0.0077764   0.00774292
  0.00605249]

Residual before update:
[-0.00356176 -0.00207073  0.00368566 ... -0.0077764   0.00774292
  0.0060525 ]

Residual before update:
[-0.00356363 -0.00207498  0.00367937 ... -0.00778433  0.00773991
  0.00604002]

Residual before update:
[-0.00356173 -0.00207067  0.00368565 ... -0.00777639  0.00774291
  0.00605251]

Residual before update:
[-0.00617825 -0.00238553  0.00356167 ... -0.00795068  0.00688302
  0.00458246]

Residual before update:
[-0.00354134 -0.00206947  0.00368574 ... -0.0077727   0.00775437
  0.0060565 ]

Residual before update:
[-0.00348469 -0.0020591   0.00370368 ... -0.00777482  0.00774421
  0.00605552]

Residual before update:
[-0.00356176 -0.00207072  0.00368566 ... -0.0077764   0.00774291
  0.0060525 ]

Residual before update:
[-0.00356177 -0.00207075  0.00368566 ... -0.0077764   0.00774291
  0.00605249]

Residual before update:
[-0.00356178 -0.00207075  0.00368566 ... -0.0077764   0.00774291
  0.00605249]

Residual before update:
[-0.00356179 -0.00207077  0.00368566 ... -0.0077764   0.00774291
  0.00605249]

Residual before update:
[-0.00356178 -0.00207076  0.00368566 ... -0.0077764   0.00774291
  0.00605249]

Residual before update:
[-0.00356379 -0.00207511  0.00367898 ... -0.00778462  0.00773988
  0.00603955]

Residual before update:
[-0.00356176 -0.00207073  0.00368565 ... -0.0077764   0.0077429
  0.00605249]

Residual before update:
[-0.00617842 -0.00238567  0.00356163 ... -0.00795067  0.00688281
  0.00458203]

Residual before update:
[-0.00354138 -0.00206947  0.00368574 ... -0.00777273  0.00775436
  0.00605649]

Residual before update:
[-0.00346862 -0.00205728  0.0037064  ... -0.00777429  0.00774419
  0.00605566]

Residual before update:
[-0.00356175 -0.00207071  0.00368566 ... -0.00777639  0.0077429
  0.00605249]

Residual before update:
[-0.00356176 -0.00207072  0.00368566 ... -0.0077764   0.0077429
  0.00605249]
Compute pips
###############################
TGFM
###############################
Initialize variables
Warning: 555 variants have NaN gwas_beta. Setting to 0 with large SE.
Iterative optimization

Residual before update:
[ 0.0052771  -0.00168016  0.00442341 ... -0.00076194 -0.0010518
 -0.00033223]

Residual before update:
[ 0.00527708 -0.00168002  0.00442341 ... -0.00076191 -0.00105176
 -0.00033224]

Residual before update:
[ 0.00527707 -0.00167989  0.00442341 ... -0.00076187 -0.00105172
 -0.00033225]

Residual before update:
[ 0.00527705 -0.00167976  0.0044234  ... -0.00076184 -0.00105168
 -0.00033225]

Residual before update:
[ 0.00527704 -0.00167962  0.0044234  ... -0.0007618  -0.00105164
 -0.00033226]

Residual before update:
[ 0.00527702 -0.00167949  0.0044234  ... -0.00076177 -0.00105161
 -0.00033226]

Residual before update:
[ 0.00527701 -0.00167936  0.0044234  ... -0.00076173 -0.00105157
 -0.00033227]

Residual before update:
[ 0.00527558 -0.00167879  0.00442572 ... -0.00076107 -0.00105247
 -0.00033061]

Residual before update:
[ 0.00528427 -0.00167902  0.00442671 ... -0.00075678 -0.00103796
 -0.00032023]

Residual before update:
[ 0.00527696 -0.00167896  0.00442339 ... -0.00076162 -0.00105145
 -0.00033228]

Residual before update:
[ 0.00527696 -0.00167897  0.00442339 ... -0.00076162 -0.00105145
 -0.00033227]

Residual before update:
[ 0.00527697 -0.00167897  0.00442339 ... -0.00076162 -0.00105145
 -0.00033226]

Residual before update:
[ 0.00527697 -0.00167898  0.00442339 ... -0.00076162 -0.00105145
 -0.00033228]

Residual before update:
[ 0.00527697 -0.00167898  0.00442339 ... -0.00076162 -0.00105145
 -0.00033226]

Residual before update:
[ 0.00527697 -0.00167898  0.00442339 ... -0.00076162 -0.00105145
 -0.00033226]

Residual before update:
[ 0.00527697 -0.00167897  0.00442339 ... -0.00076162 -0.00105145
 -0.00033226]

Residual before update:
[ 0.00527697 -0.00167898  0.00442339 ... -0.00076162 -0.00105145
 -0.00033226]

Residual before update:
[ 0.0052782  -0.00167995  0.00442646 ... -0.00075899 -0.00104789
 -0.00032826]

Residual before update:
[ 0.00519618 -0.00177416  0.00442115 ... -0.00074296 -0.00109735
 -0.00023654]

Residual before update:
[ 0.00527697 -0.00167898  0.00442339 ... -0.00076162 -0.00105145
 -0.00033226]

Residual before update:
[ 0.00527697 -0.00167898  0.00442339 ... -0.00076162 -0.00105145
 -0.00033226]

Residual before update:
[ 0.00527697 -0.00167898  0.00442339 ... -0.00076161 -0.00105145
 -0.00033226]

Residual before update:
[ 0.00527697 -0.00167898  0.00442339 ... -0.00076162 -0.00105145
 -0.00033227]

Residual before update:
[ 0.00527697 -0.00167899  0.00442339 ... -0.00076162 -0.00105145
 -0.00033226]

Residual before update:
[ 0.00527697 -0.00167898  0.00442339 ... -0.00076162 -0.00105145
 -0.00033226]

Residual before update:
[ 0.00527697 -0.00167897  0.00442339 ... -0.00076162 -0.00105145
 -0.00033226]

Residual before update:
[ 0.00527697 -0.00167898  0.00442339 ... -0.00076162 -0.00105145
 -0.00033226]

Residual before update:
[ 0.0052782  -0.00167985  0.00442551 ... -0.00076052 -0.00104846
 -0.00032858]

Residual before update:
[ 0.00527527 -0.00171917  0.00443561 ... -0.0006797  -0.00096029
 -0.00017093]

Residual before update:
[ 0.00527697 -0.00167898  0.00442339 ... -0.00076162 -0.00105145
 -0.00033226]

Residual before update:
[ 0.00527697 -0.00167898  0.00442339 ... -0.00076162 -0.00105145
 -0.00033226]

Residual before update:
[ 0.00527697 -0.00167898  0.00442339 ... -0.00076161 -0.00105145
 -0.00033226]

Residual before update:
[ 0.00527697 -0.00167898  0.00442339 ... -0.00076161 -0.00105145
 -0.00033227]

Residual before update:
[ 0.00527697 -0.00167898  0.00442339 ... -0.00076162 -0.00105145
 -0.00033226]

Residual before update:
[ 0.00527697 -0.00167897  0.00442339 ... -0.00076161 -0.00105145
 -0.00033226]

Residual before update:
[ 0.00527697 -0.00167897  0.00442339 ... -0.00076161 -0.00105145
 -0.00033226]

Residual before update:
[ 0.00527697 -0.00167897  0.00442339 ... -0.00076161 -0.00105145
 -0.00033226]

Residual before update:
[ 0.00527823 -0.00167971  0.00442551 ... -0.00076062 -0.00104859
 -0.00032847]

Residual before update:
[ 0.00527372 -0.00172428  0.00443359 ... -0.00068065 -0.0009604
 -0.00017363]

Residual before update:
[ 0.00527696 -0.00167897  0.00442339 ... -0.00076161 -0.00105145
 -0.00033226]

Residual before update:
[ 0.00527697 -0.00167897  0.00442339 ... -0.00076161 -0.00105145
 -0.00033226]

Residual before update:
[ 0.00527697 -0.00167897  0.00442339 ... -0.00076161 -0.00105145
 -0.00033226]
NaNs in component_non_med_pred at component 2

Residual before update:
[ 0.00527697 -0.00167898  0.00442339 ... -0.00076161 -0.00105145
 -0.00033227]
NaNs in residual_incl_alpha[35, :]
NaN in mixture_alpha_mu: b_terms=[nan nan nan nan nan nan nan nan nan nan nan nan nan nan nan nan nan nan
 nan nan nan]
NaNs in self.residual at bs_iter=35
NaNs in un_normalized_lv_alpha_weights
NaN in normalizing_term
NaNs in component_non_med_pred at component 3

Residual before update:
[ 0.00527696 -0.00167898  0.00442339 ... -0.00076161 -0.00105145
 -0.00033226]
NaNs in residual_incl_alpha[35, :]
NaNs in gene_weights for bs_iter=35
NaN in mixture_alpha_mu: b_terms=[nan nan nan nan nan nan nan nan nan nan nan nan nan nan nan nan nan nan
 nan nan nan]
NaNs in self.residual at bs_iter=35
NaNs in un_normalized_lv_alpha_weights
NaN in normalizing_term
NaNs in component_non_med_pred at component 4

Residual before update:
[ 0.00527696 -0.00167897  0.00442339 ... -0.00076161 -0.00105145
 -0.00033226]
NaNs in residual_incl_alpha[35, :]
NaNs in gene_weights for bs_iter=35
NaN in mixture_alpha_mu: b_terms=[nan nan nan nan nan nan nan nan nan nan nan nan nan nan nan nan nan nan
 nan nan nan]
NaNs in self.residual at bs_iter=35
NaNs in un_normalized_lv_alpha_weights
NaN in normalizing_term
NaNs in component_non_med_pred at component 5

Residual before update:
[ 0.00527696 -0.00167896  0.00442339 ... -0.00076161 -0.00105145
 -0.00033226]
NaNs in residual_incl_alpha[35, :]
NaNs in gene_weights for bs_iter=35
NaN in mixture_alpha_mu: b_terms=[nan nan nan nan nan nan nan nan nan nan nan nan nan nan nan nan nan nan
 nan nan nan]
NaNs in self.residual at bs_iter=35
NaNs in un_normalized_lv_alpha_weights
NaN in normalizing_term
NaNs in component_non_med_pred at component 6

Residual before update:
[ 0.00527696 -0.00167897  0.00442339 ... -0.00076161 -0.00105145
 -0.00033226]
NaNs in residual_incl_alpha[35, :]
NaNs in gene_weights for bs_iter=35
NaN in mixture_alpha_mu: b_terms=[nan nan nan nan nan nan nan nan nan nan nan nan nan nan nan nan nan nan
 nan nan nan]
NaNs in self.residual at bs_iter=35
NaNs in un_normalized_lv_alpha_weights
NaN in normalizing_term
NaNs in component_non_med_pred at component 7

Residual before update:
[ 0.00527824 -0.00167957  0.00442544 ... -0.0007607  -0.00104875
 -0.00032841]
NaNs in residual_incl_alpha[35, :]
NaNs in gene_weights for bs_iter=35
NaN in mixture_alpha_mu: b_terms=[nan nan nan nan nan nan nan nan nan nan nan nan nan nan nan nan nan nan
 nan nan nan]
NaNs in self.residual at bs_iter=35
NaNs in un_normalized_lv_alpha_weights
NaN in normalizing_term
NaNs in component_non_med_pred at component 8

Residual before update:
[ 0.00527244 -0.00172851  0.00443192 ... -0.00068142 -0.00096046
 -0.00017586]
NaNs in residual_incl_alpha[16, :]
NaN in mixture_alpha_mu: b_terms=[nan nan nan nan nan nan nan nan nan nan nan nan nan nan nan nan nan nan
 nan nan nan]
NaNs in self.residual at bs_iter=16
NaNs in un_normalized_lv_alpha_weights
NaN in normalizing_term
NaNs in residual_incl_alpha[35, :]
NaNs in gene_weights for bs_iter=35
NaN in mixture_alpha_mu: b_terms=[nan nan nan nan nan nan nan nan nan nan nan nan nan nan nan nan nan nan
 nan nan nan]
NaNs in self.residual at bs_iter=35
NaNs in un_normalized_lv_alpha_weights
NaN in normalizing_term
NaNs in component_non_med_pred at component 9

Residual before update:
[ 0.00527696 -0.00167897  0.00442339 ... -0.00076161 -0.00105145
 -0.00033226]
NaNs in residual_incl_alpha[16, :]
NaNs in gene_weights for bs_iter=16
NaN in mixture_alpha_mu: b_terms=[nan nan nan nan nan nan nan nan nan nan nan nan nan nan nan nan nan nan
 nan nan nan]
NaNs in self.residual at bs_iter=16
NaNs in un_normalized_lv_alpha_weights
NaN in normalizing_term
NaNs in residual_incl_alpha[35, :]
NaNs in gene_weights for bs_iter=35
NaN in mixture_alpha_mu: b_terms=[nan nan nan nan nan nan nan nan nan nan nan nan nan nan nan nan nan nan
 nan nan nan]
NaNs in self.residual at bs_iter=35
NaNs in un_normalized_lv_alpha_weights
NaN in normalizing_term
Compute pips
NaNs found in gene-tissue pair PIPs at indices: [ 0  1  2  3  4  5  6  7  8  9 10 11 12 13 14 15 16 17 18 19 20]
NaNs found in variant PIPs at indices: [    0     1     2 ... 13005 13006 13007]
NaNs found in gene PIPs at indices: [ 0  1  2  3  4  5  6  7  8  9 10 11 12]
###############################
TGFM
###############################
Initialize variables
Warning: 584 variants have NaN gwas_beta. Setting to 0 with large SE.
Iterative optimization

Residual before update:
[ 3.40051901e-03  1.45456928e-02 -9.42006685e-04 ...  4.28382742e-05
  6.64469231e-04  2.15619314e-03]

Residual before update:
[ 3.40047147e-03  1.45454707e-02 -9.42108682e-04 ...  4.21779581e-05
  6.64463621e-04  2.15603557e-03]

Residual before update:
[ 3.40217838e-03  1.45452595e-02 -9.41416492e-04 ...  4.33782378e-05
  6.64575227e-04  2.15655895e-03]

Residual before update:
[ 3.40049700e-03  1.45450413e-02 -9.41989714e-04 ...  4.28370354e-05
  6.64485782e-04  2.15617972e-03]

Residual before update:
[ 3.41305437e-03  1.46651058e-02 -9.41057139e-04 ...  9.12174370e-06
  6.94006000e-04  2.19097308e-03]

Residual before update:
[ 0.00338443  0.01464004 -0.00152604 ...  0.00051866  0.00059009
  0.0021392 ]

Residual before update:
[ 3.40079390e-03  1.45481925e-02 -9.41332242e-04 ...  4.64701412e-05
  6.66354836e-04  2.15871764e-03]

Residual before update:
[ 3.40090938e-03  1.45234771e-02 -9.40480851e-04 ...  4.59531507e-05
  6.57807616e-04  2.16225190e-03]

Residual before update:
[ 3.36672891e-03  1.45023434e-02 -9.57367237e-04 ...  1.64028588e-05
  6.21540888e-04  2.11777355e-03]

Residual before update:
[ 3.40045271e-03  1.45437390e-02 -9.41952070e-04 ...  4.28353258e-05
  6.64517720e-04  2.15615752e-03]

Residual before update:
[ 3.39060676e-03  1.45466449e-02 -9.43569413e-04 ...  3.95057637e-05
  6.63579421e-04  2.15376922e-03]

Residual before update:
[ 3.40012833e-03  1.45437508e-02 -9.42751307e-04 ...  3.74223130e-05
  6.64477556e-04  2.15494161e-03]

Residual before update:
[ 3.40129390e-03  1.45445725e-02 -9.39441042e-04 ...  4.14702721e-05
  6.65152089e-04  2.15649359e-03]

Residual before update:
[ 3.40045442e-03  1.45437379e-02 -9.41945565e-04 ...  4.28400783e-05
  6.64518971e-04  2.15616352e-03]

Residual before update:
[ 3.39771660e-03  1.44908227e-02 -9.62029098e-04 ...  3.36935145e-05
  6.62450803e-04  2.14790067e-03]

Residual before update:
[ 0.00337266  0.0140149  -0.00100312 ...  0.00013517  0.00054878
  0.00215219]

Residual before update:
[ 3.40082152e-03  1.45484090e-02 -9.41686472e-04 ...  4.71961778e-05
  6.66494385e-04  2.15851631e-03]

Residual before update:
[ 3.40648857e-03  1.45500050e-02 -9.37999931e-04 ...  4.46231379e-05
  6.80431535e-04  2.16524895e-03]

Residual before update:
[ 3.39174272e-03  1.45206145e-02 -9.39834899e-04 ...  4.13348515e-05
  6.68362261e-04  2.15901672e-03]

Residual before update:
[ 3.40045340e-03  1.45437341e-02 -9.41946069e-04 ...  4.28384957e-05
  6.64517865e-04  2.15616350e-03]

Residual before update:
[ 3.39044440e-03  1.45462287e-02 -9.44842303e-04 ...  3.98324151e-05
  6.63650106e-04  2.15377755e-03]

Residual before update:
[ 3.40012060e-03  1.45437252e-02 -9.42783089e-04 ...  3.73034330e-05
  6.64465893e-04  2.15490900e-03]

Residual before update:
[ 3.40080179e-03  1.45446785e-02 -9.40904920e-04 ...  3.80181772e-05
  6.64472646e-04  2.15451349e-03]

Residual before update:
[ 3.40045434e-03  1.45437323e-02 -9.41944726e-04 ...  4.28404376e-05
  6.64519091e-04  2.15616409e-03]

Residual before update:
[ 3.39758949e-03  1.45389819e-02 -9.49099308e-04 ...  3.14567245e-05
  6.62980559e-04  2.14270289e-03]

Residual before update:
[ 0.00337167  0.01403977 -0.00100649 ...  0.00011576  0.00055359
  0.00214918]

Residual before update:
[ 3.40081524e-03  1.45483305e-02 -9.41609082e-04 ...  4.71429852e-05
  6.66526898e-04  2.15862126e-03]

Residual before update:
[ 3.40498023e-03  1.45466396e-02 -9.38435837e-04 ...  4.36161973e-05
  6.72202618e-04  2.15595138e-03]

Residual before update:
[ 3.39439096e-03  1.45165034e-02 -9.41615148e-04 ...  4.22015079e-05
  6.60693910e-04  2.15754653e-03]

Residual before update:
[ 3.40045317e-03  1.45437282e-02 -9.41946102e-04 ...  4.28383784e-05
  6.64518008e-04  2.15616318e-03]

Residual before update:
[ 3.39055865e-03  1.45463544e-02 -9.44658799e-04 ...  3.98432171e-05
  6.63649049e-04  2.15378224e-03]

Residual before update:
[ 3.40012118e-03  1.45437159e-02 -9.42772069e-04 ...  3.73129600e-05
  6.64471871e-04  2.15491483e-03]

Residual before update:
[ 3.39747883e-03  1.45448015e-02 -9.44584033e-04 ...  3.45198661e-05
  6.63359095e-04  2.15233283e-03]

Residual before update:
[ 3.40045415e-03  1.45437263e-02 -9.41944434e-04 ...  4.28404997e-05
  6.64519246e-04  2.15616411e-03]

Residual before update:
[ 3.39783576e-03  1.45395266e-02 -9.48460162e-04 ...  3.24589059e-05
  6.62750017e-04  2.14337535e-03]

Residual before update:
[ 0.00337335  0.01406921 -0.00100275 ...  0.00011154  0.00056005
  0.00214959]

Residual before update:
[ 3.40076877e-03  1.45481397e-02 -9.41408950e-04 ...  4.69053375e-05
  6.66555986e-04  2.15894583e-03]

Residual before update:
[ 3.40440885e-03  1.45474286e-02 -9.39140782e-04 ...  4.37009638e-05
  6.71724782e-04  2.15501506e-03]

Residual before update:
[ 3.39463815e-03  1.45160550e-02 -9.41971540e-04 ...  4.21578324e-05
  6.58085691e-04  2.15705682e-03]

Residual before update:
[ 3.40045297e-03  1.45437222e-02 -9.41945900e-04 ...  4.28383881e-05
  6.64518156e-04  2.15616310e-03]

Residual before update:
[ 3.39071652e-03  1.45464103e-02 -9.44458591e-04 ...  3.98802818e-05
  6.63636461e-04  2.15380155e-03]

Residual before update:
[ 3.40012319e-03  1.45437073e-02 -9.42754298e-04 ...  3.73451701e-05
  6.64480226e-04  2.15492722e-03]

Residual before update:
[ 3.39789045e-03  1.45446171e-02 -9.44461432e-04 ...  3.45272146e-05
  6.63308013e-04  2.15225467e-03]

Residual before update:
[ 3.40045396e-03  1.45437202e-02 -9.41944222e-04 ...  4.28405176e-05
  6.64519399e-04  2.15616404e-03]

Residual before update:
[ 3.39809927e-03  1.45401354e-02 -9.47840064e-04 ...  3.34098204e-05
  6.62944110e-04  2.14461163e-03]

Residual before update:
[ 0.00337494  0.01409694 -0.00099922 ...  0.00010756  0.00056613
  0.00214998]

Residual before update:
[ 3.40076564e-03  1.45481441e-02 -9.41419008e-04 ...  4.69065874e-05
  6.66549136e-04  2.15894278e-03]

Residual before update:
[ 3.40426215e-03  1.45466484e-02 -9.39243814e-04 ...  4.36702835e-05
  6.70667308e-04  2.15484984e-03]

Residual before update:
[ 3.39482778e-03  1.45160305e-02 -9.42195352e-04 ...  4.21113127e-05
  6.57153463e-04  2.15689085e-03]

Residual before update:
[ 3.40045278e-03  1.45437162e-02 -9.41945687e-04 ...  4.28384031e-05
  6.64518305e-04  2.15616304e-03]
Compute pips
###############################
TGFM
###############################
Initialize variables
Warning: 578 variants have NaN gwas_beta. Setting to 0 with large SE.
Iterative optimization

Residual before update:
[ 0.00119075  0.00641042  0.0051795  ... -0.00035422  0.00506522
  0.00082461]

Residual before update:
[ 0.00117955  0.00636744  0.00517417 ... -0.00035494  0.00506494
  0.00082459]

Residual before update:
[ 0.00119073  0.00641032  0.00517941 ... -0.00035426  0.0050652
  0.00082461]

Residual before update:
[ 0.00119072  0.00641027  0.00517937 ... -0.00035428  0.0050652
  0.0008246 ]

Residual before update:
[ 0.00119132  0.00641694  0.00518165 ... -0.00032145  0.00506533
  0.00082475]

Residual before update:
[ 0.00120313  0.00649984  0.00516649 ... -0.00043936  0.00511541
  0.00080736]

Residual before update:
[ 0.00118268  0.00640698  0.00517939 ... -0.00035348  0.00507014
  0.00082398]

Residual before update:
[ 0.00119067  0.00641006  0.0051792  ... -0.00035436  0.00506517
  0.00082459]

Residual before update:
[ 0.00119065  0.00641     0.00517916 ... -0.00035438  0.00506516
  0.00082459]

Residual before update:
[ 0.00118735  0.00631763  0.00515949 ... -0.00035483  0.00506226
  0.00081852]

Residual before update:
[ 0.00119064  0.00640995  0.00517911 ... -0.00035439  0.00506516
  0.00082459]

Residual before update:
[ 0.00117695  0.00634731  0.00517052 ... -0.00035493  0.00506504
  0.00082452]

Residual before update:
[ 0.00119064  0.00640995  0.00517912 ... -0.00035439  0.00506516
  0.00082459]

Residual before update:
[ 0.00119064  0.00640996  0.00517912 ... -0.00035439  0.00506516
  0.00082459]

Residual before update:
[ 0.00119102  0.00641752  0.00518258 ... -0.00032335  0.00506534
  0.00082477]

Residual before update:
[ -47.67892887 -368.11807949   -5.20700156 ...  224.96953832 -242.11825659
   11.69869554]

Residual before update:
[-3.86905138e+12 -7.90776786e+11  5.86628872e+12 ...  2.07662813e+12
  4.47717515e+12  5.15835624e+12]

Residual before update:
[ 0.00119064  0.00640995  0.00517912 ... -0.00035438  0.00506516
  0.00082459]

Residual before update:
[ 0.00119064  0.00640995  0.00517912 ... -0.00035438  0.00506516
  0.00082459]

Residual before update:
[ 0.00120301  0.00638155  0.00516873 ... -0.00035478  0.00506245
  0.00082441]

Residual before update:
[ 0.00119064  0.00640995  0.00517912 ... -0.00035438  0.00506516
  0.00082459]

Residual before update:
[ 0.00120016  0.00644232  0.00518292 ... -0.00035348  0.00506556
  0.00082455]

Residual before update:
[ 0.00119064  0.00640995  0.00517912 ... -0.00035438  0.00506516
  0.00082459]

Residual before update:
[ 0.00119064  0.00640995  0.00517912 ... -0.00035439  0.00506516
  0.00082459]

Residual before update:
[ 0.00119101  0.0064175   0.00518257 ... -0.00032345  0.00506534
  0.00082477]

Residual before update:
[-8.49947305e+14 -7.26818927e+15 -8.81656835e+13 ...  4.33730798e+15
 -5.13771646e+15  2.69491576e+14]

Residual before update:
[-1.99483217e+37 -2.24115895e+37 -1.35615855e+35 ... -9.18886461e+35
 -1.46572537e+37 -6.85546732e+37]

Residual before update:
[ 0.00119064  0.00640995  0.00517911 ... -0.00035438  0.00506516
  0.00082459]

Residual before update:
[ 0.00119064  0.00640995  0.00517911 ... -0.00035438  0.00506516
  0.00082459]

Residual before update:
[ 0.00121669  0.00641714  0.00517241 ... -0.00035479  0.00506235
  0.00082522]

Residual before update:
[ 0.00119064  0.00640995  0.00517911 ... -0.00035438  0.00506516
  0.00082459]

Residual before update:
[ 0.00119986  0.00644172  0.00518291 ... -0.00035351  0.00506555
  0.00082455]

Residual before update:
[ 0.00119064  0.00640995  0.00517911 ... -0.00035438  0.00506516
  0.00082459]

Residual before update:
[ 0.00119064  0.00640995  0.00517911 ... -0.00035439  0.00506516
  0.00082459]

Residual before update:
[ 0.00119101  0.00641747  0.00518256 ... -0.00032356  0.00506534
  0.00082477]

Residual before update:
[ 3.27353075e+21  2.16604848e+22 -3.00310624e+21 ... -2.06092637e+22
  1.22483554e+22 -3.88197890e+21]

Residual before update:
[-8.05639099e+54 -4.70954311e+54 -1.40691923e+53 ...  7.05331359e+53
  4.16552593e+54  2.91873629e+54]

Residual before update:
[ 0.00119064  0.00640995  0.00517911 ... -0.00035438  0.00506516
  0.00082459]

Residual before update:
[ 0.00119064  0.00640995  0.00517911 ... -0.00035438  0.00506516
  0.00082459]

Residual before update:
[ 0.00122473  0.0064362   0.00517029 ... -0.00035486  0.0050621
  0.00082563]

Residual before update:
[ 0.00119064  0.00640995  0.00517911 ... -0.00035438  0.00506516
  0.00082459]

Residual before update:
[ 0.0011999   0.00644212  0.00518298 ... -0.0003535   0.00506555
  0.00082455]

Residual before update:
[ 0.00119064  0.00640995  0.00517911 ... -0.00035438  0.00506516
  0.00082459]

Residual before update:
[ 0.00119064  0.00640995  0.00517911 ... -0.00035439  0.00506516
  0.00082459]

Residual before update:
[ 0.00119101  0.00641745  0.00518254 ... -0.00032366  0.00506534
  0.00082477]

Residual before update:
[6.73022571e+34 1.57365161e+36 8.05520394e+35 ... 1.67006162e+36
 8.23710486e+35 7.90350510e+35]

Residual before update:
[-4.48210890e+72 -9.09029392e+71  6.82424027e+72 ...  2.41399935e+72
  5.19845654e+72  5.99370412e+72]

Residual before update:
[ 0.00119064  0.00640995  0.00517911 ... -0.00035438  0.00506516
  0.00082459]
NaNs in component_non_med_pred at component 8

Residual before update:
[ 0.00119064  0.00640995  0.00517911 ... -0.00035438  0.00506516
  0.00082459]
NaNs in residual_incl_alpha[21, :]
NaN in mixture_alpha_mu: b_terms=[nan nan nan nan nan nan nan nan nan nan nan nan nan nan nan nan nan nan
 nan nan nan nan nan nan nan nan nan nan nan nan nan nan nan]
NaNs in self.residual at bs_iter=21
NaNs in un_normalized_lv_alpha_weights
NaN in normalizing_term
NaNs in component_non_med_pred at component 9

Residual before update:
[ 0.00122528  0.00643682  0.00517078 ... -0.00035491  0.00506196
  0.0008259 ]
NaNs in residual_incl_alpha[21, :]
NaNs in gene_weights for bs_iter=21
NaN in mixture_alpha_mu: b_terms=[nan nan nan nan nan nan nan nan nan nan nan nan nan nan nan nan nan nan
 nan nan nan nan nan nan nan nan nan nan nan nan nan nan nan]
NaNs in self.residual at bs_iter=21
NaNs in un_normalized_lv_alpha_weights
NaN in normalizing_term
Compute pips
NaNs found in gene-tissue pair PIPs at indices: [ 0  1  2  3  4  5  6  7  8  9 10 11 12 13 14 15 16 17 18 19 20 21 22 23
 24 25 26 27 28 29 30 31 32]
NaNs found in variant PIPs at indices: [    0     1     2 ... 13375 13376 13377]
NaNs found in gene PIPs at indices: [ 0  1  2  3  4  5  6  7  8  9 10 11]
###############################
TGFM
###############################
Initialize variables
Warning: 417 variants have NaN gwas_beta. Setting to 0 with large SE.
Iterative optimization

Residual before update:
[ 0.00440582 -0.00084738 -0.00300533 ... -0.01312982  0.00348558
  0.00040068]

Residual before update:
[ 0.0044058  -0.00084742 -0.00300541 ... -0.01312974  0.0034856
  0.00040071]

Residual before update:
[ 0.00440579 -0.00084745 -0.00300547 ... -0.01312966  0.00348561
  0.00040073]

Residual before update:
[ 0.00440624 -0.00084536 -0.00300535 ... -0.01312987  0.00349709
  0.00039939]

Residual before update:
[ 0.00440566 -0.00083378 -0.00300675 ... -0.01312514  0.00368471
  0.00042581]

Residual before update:
[ 0.00440575 -0.00084749 -0.00300559 ... -0.01312939  0.00348567
  0.0004008 ]

Residual before update:
[ 0.00440572 -0.00084756 -0.00300572 ... -0.01312932  0.00348568
  0.00040083]

Residual before update:
[ 0.00440573 -0.00084749 -0.00300561 ... -0.01312922  0.00348571
  0.00040085]

Residual before update:
[ 0.00440571 -0.00084777 -0.00300577 ... -0.01313027  0.00348557
  0.00040087]

Residual before update:
[ 0.00440665 -0.00084351 -0.00300522 ... -0.01313007  0.00350716
  0.0003982 ]

Residual before update:
[ 0.00440565 -0.00084771 -0.00300584 ... -0.01312918  0.0034857
  0.00040068]

Residual before update:
[ 0.00440571 -0.00084756 -0.00300575 ... -0.01312904  0.00348574
  0.0004009 ]

Residual before update:
[ 0.00440572 -0.00084756 -0.00300572 ... -0.01312904  0.00348573
  0.00040089]

Residual before update:
[ 0.00440565 -0.0008474  -0.00301626 ... -0.01313318  0.00339803
  0.00039948]

Residual before update:
[ 0.00440647 -0.00082674 -0.00298169 ... -0.0131288   0.00366723
  0.0004157 ]

Residual before update:
[ 0.00440573 -0.00084752 -0.00300567 ... -0.01312903  0.00348574
  0.0004009 ]

Residual before update:
[ 0.00440571 -0.00084756 -0.00300573 ... -0.01312904  0.00348574
  0.0004009 ]

Residual before update:
[ 0.00440573 -0.00084749 -0.00300562 ... -0.01312902  0.00348575
  0.0004009 ]

Residual before update:
[ 0.00440572 -0.00084778 -0.00300573 ... -0.01313032  0.00348557
  0.0004009 ]

Residual before update:
[ 0.00438786 -0.00084972 -0.00300538 ... -0.01314322  0.00330466
  0.00037067]

Residual before update:
[ 0.00440567 -0.00084769 -0.00300578 ... -0.01312917  0.00348571
  0.00040068]

Residual before update:
[ 0.00440571 -0.00084755 -0.00300573 ... -0.01312903  0.00348574
  0.0004009 ]

Residual before update:
[ 0.00440572 -0.00084756 -0.00300571 ... -0.01312904  0.00348573
  0.00040089]

Residual before update:
[ 0.00440565 -0.0008474  -0.00301626 ... -0.01313318  0.00339805
  0.00039948]

Residual before update:
[ 0.00440645 -0.00082673 -0.0029817  ... -0.01312881  0.00366718
  0.00041568]

Residual before update:
[ 0.00440572 -0.00084752 -0.00300568 ... -0.01312902  0.00348574
  0.00040091]

Residual before update:
[ 0.00440571 -0.00084756 -0.00300575 ... -0.01312903  0.00348574
  0.0004009 ]

Residual before update:
[ 0.00440573 -0.0008475  -0.00300562 ... -0.01312902  0.00348575
  0.0004009 ]

Residual before update:
[ 0.00440571 -0.00084778 -0.00300574 ... -0.01313032  0.00348557
  0.00040091]

Residual before update:
[ 0.00438786 -0.00084972 -0.00300538 ... -0.01314322  0.00330466
  0.00037067]

Residual before update:
[ 0.00440567 -0.00084769 -0.00300578 ... -0.01312916  0.00348571
  0.00040068]

Residual before update:
[ 0.00440571 -0.00084755 -0.00300573 ... -0.01312903  0.00348574
  0.0004009 ]

Residual before update:
[ 0.00440572 -0.00084756 -0.00300571 ... -0.01312903  0.00348573
  0.00040089]

Residual before update:
[ 0.00440565 -0.0008474  -0.00301626 ... -0.01313318  0.00339808
  0.00039948]

Residual before update:
[ 0.00440644 -0.00082672 -0.0029817  ... -0.01312882  0.00366713
  0.00041565]

Residual before update:
[ 0.00440572 -0.00084752 -0.00300568 ... -0.01312902  0.00348574
  0.00040091]

Residual before update:
[ 0.00440571 -0.00084757 -0.00300575 ... -0.01312903  0.00348574
  0.00040091]

Residual before update:
[ 0.00440573 -0.0008475  -0.00300562 ... -0.01312902  0.00348575
  0.00040091]

Residual before update:
[ 0.00440571 -0.00084779 -0.00300574 ... -0.01313032  0.00348557
  0.00040091]

Residual before update:
[ 0.00438786 -0.00084972 -0.00300538 ... -0.01314322  0.00330467
  0.00037067]

Residual before update:
[ 0.00440567 -0.00084769 -0.00300578 ... -0.01312916  0.00348571
  0.00040068]

Residual before update:
[ 0.00440571 -0.00084755 -0.00300573 ... -0.01312902  0.00348574
  0.00040091]

Residual before update:
[ 0.00440572 -0.00084756 -0.00300571 ... -0.01312903  0.00348573
  0.0004009 ]

Residual before update:
[ 0.00440565 -0.0008474  -0.00301626 ... -0.01313318  0.0033981
  0.00039949]

Residual before update:
[ 0.00440642 -0.00082671 -0.00298171 ... -0.01312883  0.00366709
  0.00041563]

Residual before update:
[ 0.00440572 -0.00084752 -0.00300568 ... -0.01312901  0.00348574
  0.00040091]

Residual before update:
[ 0.00440571 -0.00084757 -0.00300575 ... -0.01312902  0.00348574
  0.00040091]

Residual before update:
[ 0.00440573 -0.0008475  -0.00300562 ... -0.01312901  0.00348575
  0.00040091]

Residual before update:
[ 0.00440571 -0.00084779 -0.00300574 ... -0.01313033  0.00348557
  0.00040091]

Residual before update:
[ 0.00438786 -0.00084972 -0.00300538 ... -0.01314322  0.00330467
  0.00037067]
Compute pips
###############################
TGFM
###############################
Initialize variables
Warning: 383 variants have NaN gwas_beta. Setting to 0 with large SE.
Iterative optimization

Residual before update:
[ 0.00245957  0.          0.00505772 ...  0.00665662  0.00847385
 -0.00020739]

Residual before update:
[-3.22576379e-03 -2.39439659e-11 -2.61756587e-03 ... -1.43934858e-03
  7.92600787e-03 -7.23069657e-04]

Residual before update:
[ 2.45949052e-03 -8.69909201e-17  5.05761047e-03 ...  6.65659768e-03
  8.47366804e-03 -2.07412196e-04]

Residual before update:
[ 2.45945385e-03 -1.27751110e-16  5.05755915e-03 ...  6.65658594e-03
  8.47357792e-03 -2.07422703e-04]

Residual before update:
[ 2.45942041e-03 -1.66566828e-16  5.05750862e-03 ...  6.65657410e-03
  8.47348817e-03 -2.07431870e-04]

Residual before update:
[ 2.45938686e-03 -2.03369026e-16  5.05745867e-03 ...  6.65656270e-03
  8.47339873e-03 -2.07441410e-04]

Residual before update:
[ 2.45935503e-03 -2.40234689e-16  5.05740941e-03 ...  6.65655076e-03
  8.47330923e-03 -2.07451241e-04]

Residual before update:
[ 2.45932396e-03 -2.73699626e-16  5.05736083e-03 ...  6.65653910e-03
  8.47322039e-03 -2.07460906e-04]

Residual before update:
[ 2.45934960e-03  1.95647086e-13  5.06750455e-03 ...  6.65976639e-03
  8.47501964e-03 -1.88360118e-04]

Residual before update:
[ 2.46487931e-03  1.09172638e-14  5.05706464e-03 ...  6.62500744e-03
  8.47961950e-03 -1.86541618e-04]

Residual before update:
[ 2.05687211e-03 -1.72352616e-12  4.56523659e-03 ...  6.07003123e-03
  8.44868303e-03 -2.19741043e-04]

Residual before update:
[-3.15310025e-03 -2.40138825e-11 -1.81168689e-03 ... -1.50806984e-03
  8.12243196e-03 -3.79809922e-04]

Residual before update:
[ 2.45928995e-03 -3.06694922e-16  5.05728003e-03 ...  6.65651859e-03
  8.47304796e-03 -2.07478590e-04]

Residual before update:
[ 2.45929226e-03 -3.00976311e-16  5.05728313e-03 ...  6.65651938e-03
  8.47304848e-03 -2.07480588e-04]

Residual before update:
[ 2.45929898e-03 -2.96199774e-16  5.05728555e-03 ...  6.65651942e-03
  8.47304895e-03 -2.07478651e-04]

Residual before update:
[ 2.45930098e-03 -2.92278796e-16  5.05728702e-03 ...  6.65652009e-03
  8.47304919e-03 -2.07478241e-04]

Residual before update:
[ 2.45930296e-03 -2.92356517e-16  5.05728789e-03 ...  6.65651958e-03
  8.47304866e-03 -2.07478496e-04]

Residual before update:
[ 2.45930344e-03 -2.90544082e-16  5.05728824e-03 ...  6.65651940e-03
  8.47304860e-03 -2.07478553e-04]

Residual before update:
[ 2.45965340e-03  1.52389745e-13  5.06419697e-03 ...  6.66220964e-03
  8.47618201e-03 -1.76720274e-04]

Residual before update:
[ 2.45740666e-03  1.53454557e-12  4.91713248e-03 ...  6.94633103e-03
  8.61192138e-03 -2.50245476e-05]

Residual before update:
[ 2.05694857e-03 -1.72313896e-12  4.56529136e-03 ...  6.07022307e-03
  8.44868304e-03 -2.19740919e-04]

Residual before update:
[-3.15310015e-03 -2.40138820e-11 -1.81168677e-03 ... -1.50806970e-03
  8.12243197e-03 -3.79809919e-04]

Residual before update:
[ 2.45929991e-03 -2.95998408e-16  5.05728589e-03 ...  6.65651930e-03
  8.47304637e-03 -2.07478377e-04]

Residual before update:
[ 2.45929677e-03 -2.97007572e-16  5.05728562e-03 ...  6.65651961e-03
  8.47304569e-03 -2.07480633e-04]

Residual before update:
[ 2.45929956e-03 -2.96968215e-16  5.05728552e-03 ...  6.65651928e-03
  8.47304535e-03 -2.07478878e-04]

Residual before update:
[ 2.45929891e-03 -2.96063506e-16  5.05728523e-03 ...  6.65651970e-03
  8.47304510e-03 -2.07478599e-04]

Residual before update:
[ 2.45929939e-03 -2.97700111e-16  5.05728499e-03 ...  6.65651901e-03
  8.47304427e-03 -2.07478944e-04]

Residual before update:
[ 2.45929938e-03 -2.96149148e-16  5.05728488e-03 ...  6.65651876e-03
  8.47304414e-03 -2.07479044e-04]

Residual before update:
[ 2.45969192e-03  1.29584686e-13  5.06271575e-03 ...  6.66248893e-03
  8.47869271e-03 -1.70360774e-04]

Residual before update:
[ 2.46215910e-03 -1.61850174e-13  4.97750053e-03 ...  6.60558833e-03
  8.45203238e-03 -2.20683251e-04]

Residual before update:
[ 2.05702260e-03 -1.72276420e-12  4.56534446e-03 ...  6.07040863e-03
  8.44868306e-03 -2.19740793e-04]

Residual before update:
[-3.15309999e-03 -2.40138814e-11 -1.81168658e-03 ... -1.50806947e-03
  8.12243198e-03 -3.79809914e-04]

Residual before update:
[ 2.45929914e-03 -2.96596571e-16  5.05728409e-03 ...  6.65651884e-03
  8.47304271e-03 -2.07478770e-04]

Residual before update:
[ 2.45929611e-03 -2.97461163e-16  5.05728389e-03 ...  6.65651916e-03
  8.47304203e-03 -2.07481034e-04]

Residual before update:
[ 2.45929893e-03 -2.97437394e-16  5.05728381e-03 ...  6.65651884e-03
  8.47304169e-03 -2.07479267e-04]

Residual before update:
[ 2.45929822e-03 -2.96646004e-16  5.05728351e-03 ...  6.65651926e-03
  8.47304145e-03 -2.07478984e-04]

Residual before update:
[ 2.45929860e-03 -2.98473241e-16  5.05728323e-03 ...  6.65651856e-03
  8.47304056e-03 -2.07479334e-04]

Residual before update:
[ 2.45929848e-03 -2.97096582e-16  5.05728306e-03 ...  6.65651830e-03
  8.47304039e-03 -2.07479438e-04]

Residual before update:
[ 2.45972747e-03  1.23115003e-13  5.06237050e-03 ...  6.66243649e-03
  8.47931495e-03 -1.68267280e-04]

Residual before update:
[ 2.45942387e-03 -9.07521012e-14  4.97755403e-03 ...  6.61508000e-03
  8.43651153e-03 -2.21081860e-04]

Residual before update:
[ 2.05709412e-03 -1.72240213e-12  4.56539578e-03 ...  6.07058791e-03
  8.44868308e-03 -2.19740672e-04]

Residual before update:
[-3.15310003e-03 -2.40138815e-11 -1.81168662e-03 ... -1.50806952e-03
  8.12243198e-03 -3.79809915e-04]

Residual before update:
[ 2.45929810e-03 -2.97749203e-16  5.05728220e-03 ...  6.65651837e-03
  8.47303893e-03 -2.07479167e-04]

Residual before update:
[ 2.45929507e-03 -2.98600225e-16  5.05728199e-03 ...  6.65651869e-03
  8.47303822e-03 -2.07481445e-04]

Residual before update:
[ 2.45929792e-03 -2.98548860e-16  5.05728192e-03 ...  6.65651837e-03
  8.47303789e-03 -2.07479669e-04]

Residual before update:
[ 2.45929722e-03 -2.97725396e-16  5.05728164e-03 ...  6.65651880e-03
  8.47303768e-03 -2.07479381e-04]

Residual before update:
[ 2.45929760e-03 -2.99555261e-16  5.05728135e-03 ...  6.65651810e-03
  8.47303677e-03 -2.07479734e-04]

Residual before update:
[ 2.45929748e-03 -2.98170080e-16  5.05728118e-03 ...  6.65651783e-03
  8.47303659e-03 -2.07479840e-04]

Residual before update:
[ 2.45973643e-03  1.22501485e-13  5.06234490e-03 ...  6.66245605e-03
  8.47933510e-03 -1.68296792e-04]

Residual before update:
[ 2.45942429e-03 -9.01182557e-14  4.97758617e-03 ...  6.61519687e-03
  8.43651768e-03 -2.21068476e-04]
Compute pips
###############################
TGFM
###############################
Initialize variables
Warning: 376 variants have NaN gwas_beta. Setting to 0 with large SE.
Iterative optimization

Residual before update:
[ 0.00414568  0.00909054  0.00313035 ... -0.00511606 -0.0043855
 -0.00530162]

Residual before update:
[ 0.00414567  0.00909037  0.00313032 ... -0.00511607 -0.00438575
 -0.00530163]

Residual before update:
[ 0.00414567  0.0090902   0.00313029 ... -0.00511608 -0.00438599
 -0.00530164]

Residual before update:
[ 0.00414566  0.00909003  0.00313026 ... -0.00511609 -0.00438624
 -0.00530165]

Residual before update:
[ 0.00414561  0.00908756  0.00312982 ... -0.00512795 -0.0043999
 -0.00531348]

Residual before update:
[ 0.00413991  0.00906574  0.003039   ... -0.00512243 -0.00439509
 -0.00530798]

Residual before update:
[ 0.00414565  0.00908952  0.00313016 ... -0.00511611 -0.00438697
 -0.00530167]

Residual before update:
[ 0.00414564  0.00908935  0.00313013 ... -0.00511612 -0.00438722
 -0.00530168]

Residual before update:
[ 0.00415168  0.00909104  0.00312529 ... -0.00511334 -0.00444029
 -0.00529899]

Residual before update:
[ 0.00414561  0.00908791  0.00312992 ... -0.00512401 -0.00439619
 -0.00530954]

Residual before update:
[ 0.00420971  0.00920847  0.0033211  ... -0.00507231 -0.00428013
 -0.00525601]

Residual before update:
[ 0.00414563  0.00908901  0.00313007 ... -0.00511612 -0.00438769
 -0.00530168]

Residual before update:
[ 0.00414563  0.00908901  0.00313006 ... -0.00511612 -0.00438768
 -0.00530167]

Residual before update:
[ 0.00414563  0.00908901  0.00313006 ... -0.00511611 -0.00438768
 -0.00530167]

Residual before update:
[ 0.01901237  0.04834407  0.02154141 ... -0.00280993  0.02988281
 -0.00304032]

Residual before update:
[ 0.00414536  0.00908535  0.00310254 ... -0.00512095 -0.00438753
 -0.0053065 ]

Residual before update:
[ 0.00414563  0.00908901  0.00313006 ... -0.00511611 -0.00438767
 -0.00530166]

Residual before update:
[ 0.00414563  0.00908901  0.00313006 ... -0.00511611 -0.00438767
 -0.00530166]

Residual before update:
[ 0.00416888  0.00909448  0.00310335 ... -0.00517665 -0.00476417
 -0.00536233]

Residual before update:
[ 0.0041456   0.00908879  0.00312952 ... -0.00512262 -0.0043951
 -0.00530816]

Residual before update:
[ 0.00416567  0.00911372  0.00328332 ... -0.00509052 -0.00429595
 -0.00527415]

Residual before update:
[ 0.00414563  0.00908901  0.00313006 ... -0.00511611 -0.00438767
 -0.00530166]

Residual before update:
[ 0.00414563  0.00908901  0.00313006 ... -0.00511611 -0.00438767
 -0.00530166]

Residual before update:
[ 0.00414563  0.00908901  0.00313006 ... -0.00511611 -0.00438767
 -0.00530166]

Residual before update:
[ 0.00346062  0.027696    0.00437209 ... -0.00386627  0.03007599
 -0.00407212]

Residual before update:
[ 0.00414534  0.00908589  0.00310335 ... -0.00512059 -0.00438736
 -0.00530614]

Residual before update:
[ 0.00414563  0.00908901  0.00313006 ... -0.00511611 -0.00438768
 -0.00530166]

Residual before update:
[ 0.00414563  0.00908901  0.00313006 ... -0.00511611 -0.00438768
 -0.00530166]

Residual before update:
[ 0.00412177  0.0090982   0.00313434 ... -0.0051042  -0.00439575
 -0.00528967]

Residual before update:
[ 0.0041456   0.00908901  0.0031295  ... -0.00512247 -0.00439473
 -0.00530801]

Residual before update:
[ 0.00416459  0.0091081   0.00328412 ... -0.00509201 -0.00429803
 -0.00527563]

Residual before update:
[ 0.00414563  0.00908901  0.00313006 ... -0.00511611 -0.00438768
 -0.00530166]

Residual before update:
[ 0.00414563  0.009089    0.00313006 ... -0.00511611 -0.00438768
 -0.00530166]

Residual before update:
[ 0.00414563  0.009089    0.00313006 ... -0.00511611 -0.00438768
 -0.00530166]

Residual before update:
[ 0.00359785  0.02806111  0.00454267 ... -0.00381914  0.03041767
 -0.00402546]

Residual before update:
[ 0.00414532  0.00908623  0.00310395 ... -0.00512035 -0.00438724
 -0.00530591]

Residual before update:
[ 0.00414563  0.009089    0.00313006 ... -0.00511611 -0.00438768
 -0.00530166]

Residual before update:
[ 0.00414563  0.009089    0.00313006 ... -0.00511611 -0.00438768
 -0.00530166]

Residual before update:
[ 0.00415259  0.00910087  0.00314015 ... -0.0050724  -0.00433212
 -0.00525809]

Residual before update:
[ 0.0041456   0.00908902  0.0031295  ... -0.00512242 -0.00439468
 -0.00530796]

Residual before update:
[ 0.00416459  0.00910806  0.00328423 ... -0.00509194 -0.00429804
 -0.00527555]

Residual before update:
[ 0.00414563  0.009089    0.00313006 ... -0.00511611 -0.00438768
 -0.00530166]

Residual before update:
[ 0.00414563  0.009089    0.00313006 ... -0.00511611 -0.00438768
 -0.00530166]

Residual before update:
[ 0.00414563  0.009089    0.00313006 ... -0.00511611 -0.00438769
 -0.00530166]

Residual before update:
[ 0.00371874  0.02837977  0.00469234 ... -0.00379971  0.03069596
 -0.0040064 ]

Residual before update:
[ 0.00414532  0.00908646  0.00310442 ... -0.00512019 -0.00438716
 -0.00530574]

Residual before update:
[ 0.00414563  0.009089    0.00313006 ... -0.00511611 -0.00438769
 -0.00530166]

Residual before update:
[ 0.00414563  0.009089    0.00313006 ... -0.00511611 -0.00438769
 -0.00530166]
NaNs in component_non_med_pred at component 8

Residual before update:
[ 0.00415264  0.00910106  0.00313999 ... -0.00507105 -0.00433148
 -0.00525675]
NaNs in residual_incl_alpha[33, :]
NaN in mixture_alpha_mu: b_terms=[nan nan nan nan nan nan nan nan nan nan nan nan nan nan nan nan nan nan
 nan nan nan nan nan nan nan nan nan nan nan nan nan nan]
NaNs in self.residual at bs_iter=33
NaNs in un_normalized_lv_alpha_weights
NaN in normalizing_term
NaNs in component_non_med_pred at component 9

Residual before update:
[ 0.0041456   0.00908903  0.00312951 ... -0.0051224  -0.00439463
 -0.00530793]
NaNs in residual_incl_alpha[33, :]
NaNs in gene_weights for bs_iter=33
NaN in mixture_alpha_mu: b_terms=[nan nan nan nan nan nan nan nan nan nan nan nan nan nan nan nan nan nan
 nan nan nan nan nan nan nan nan nan nan nan nan nan nan]
NaNs in self.residual at bs_iter=33
NaNs in un_normalized_lv_alpha_weights
NaN in normalizing_term
Compute pips
NaNs found in gene-tissue pair PIPs at indices: [ 0  1  2  3  4  5  6  7  8  9 10 11 12 13 14 15 16 17 18 19 20 21 22 23
 24 25 26 27 28 29 30 31]
NaNs found in variant PIPs at indices: [    0     1     2 ... 11860 11861 11862]
NaNs found in gene PIPs at indices: [ 0  1  2  3  4  5  6  7  8  9 10 11 12]
###############################
TGFM
###############################
Initialize variables
Warning: 351 variants have NaN gwas_beta. Setting to 0 with large SE.
Iterative optimization

Residual before update:
[ 0.00444589  0.00285641 -0.00279077 ...  0.          0.0046684
 -0.00596863]

Residual before update:
[ 4.44629502e-03  2.85639854e-03 -2.79057752e-03 ...  8.73432427e-15
  4.67294778e-03 -5.94523675e-03]

Residual before update:
[ 4.45576203e-03  2.76767623e-03 -2.84440536e-03 ...  1.72508393e-13
  4.68996470e-03 -5.97659538e-03]

Residual before update:
[ 4.44588828e-03  2.85622094e-03 -2.79068860e-03 ...  1.27431338e-14
  4.67316210e-03 -5.96430256e-03]

Residual before update:
[ 4.44468756e-03  2.86252505e-03 -2.78751243e-03 ...  4.40278188e-14
  4.65308031e-03 -6.11551127e-03]

Residual before update:
[ 4.22044641e-03  2.82927536e-03 -2.79663016e-03 ... -1.25831594e-12
  4.49532935e-03 -6.02124929e-03]

Residual before update:
[ 4.44588461e-03  2.85601726e-03 -2.79068817e-03 ...  1.59181316e-14
  4.67464434e-03 -5.96247122e-03]

Residual before update:
[ 4.44588322e-03  2.85594869e-03 -2.79069174e-03 ...  1.65778432e-14
  4.67499388e-03 -5.96189814e-03]

Residual before update:
[ 4.44588162e-03  2.85587965e-03 -2.79069842e-03 ...  1.71054399e-14
  4.67529213e-03 -5.96138701e-03]

Residual before update:
[ 4.44591452e-03  2.85596406e-03 -2.78675454e-03 ...  4.38323215e-14
  4.67786385e-03 -5.94719582e-03]

Residual before update:
[ 4.44587837e-03  2.85579681e-03 -2.79076961e-03 ...  9.87007489e-15
  4.67290528e-03 -5.96268442e-03]

Residual before update:
[ 4.44541458e-03  2.85667308e-03 -2.78997543e-03 ...  8.46172115e-15
  4.67628439e-03 -5.92632764e-03]

Residual before update:
[ 4.49262567e-03  2.70683149e-03 -2.82842425e-03 ...  8.38246974e-13
  4.74009707e-03 -5.95963863e-03]

Residual before update:
[ 4.44587971e-03  2.85579221e-03 -2.79077847e-03 ...  8.75765786e-15
  4.67246326e-03 -5.96250609e-03]

Residual before update:
[ 4.44789264e-03  2.86134690e-03 -2.78384274e-03 ...  7.35249497e-14
  4.62951339e-03 -6.19369940e-03]

Residual before update:
[ 4.25069786e-03  2.83360099e-03 -2.80215534e-03 ... -9.99241315e-13
  4.56270470e-03 -6.01268707e-03]

Residual before update:
[ 4.44587989e-03  2.85579405e-03 -2.79075998e-03 ...  1.07447727e-14
  4.67322561e-03 -5.96231280e-03]

Residual before update:
[ 4.44587996e-03  2.85579488e-03 -2.79075389e-03 ...  1.14605821e-14
  4.67347324e-03 -5.96210628e-03]

Residual before update:
[ 4.44587987e-03  2.85579537e-03 -2.79075012e-03 ...  1.21390285e-14
  4.67370103e-03 -5.96195313e-03]

Residual before update:
[ 4.44589175e-03  2.85678293e-03 -2.78801784e-03 ...  3.99194740e-14
  4.66896331e-03 -5.96099074e-03]

Residual before update:
[ 4.44587952e-03  2.85579635e-03 -2.79074865e-03 ...  1.22408435e-14
  4.67373920e-03 -5.96193105e-03]

Residual before update:
[ 4.44581424e-03  2.85216451e-03 -2.79642492e-03 ... -1.93016993e-15
  4.63432838e-03 -6.36515600e-03]

Residual before update:
[ 4.67869838e-03  1.02988790e-03 -3.86916563e-03 ...  4.05125054e-12
  5.16074849e-03 -6.12538815e-03]

Residual before update:
[ 4.44588035e-03  2.85579054e-03 -2.79076320e-03 ...  1.05380998e-14
  4.67308700e-03 -5.96198662e-03]

Residual before update:
[ 4.44664187e-03  2.85830142e-03 -2.78928606e-03 ...  2.69432981e-14
  4.60589654e-03 -6.18577231e-03]

Residual before update:
[ 4.25074368e-03  2.83385169e-03 -2.80228791e-03 ... -9.99210387e-13
  4.56397096e-03 -6.01274201e-03]

Residual before update:
[ 4.44587976e-03  2.85578783e-03 -2.79076416e-03 ...  1.03343423e-14
  4.67309101e-03 -5.96237203e-03]

Residual before update:
[ 4.44587965e-03  2.85578757e-03 -2.79076251e-03 ...  1.05508738e-14
  4.67316665e-03 -5.96229493e-03]

Residual before update:
[ 4.44587941e-03  2.85578713e-03 -2.79076237e-03 ...  1.08256564e-14
  4.67325589e-03 -5.96224454e-03]

Residual before update:
[ 4.44589244e-03  2.85676397e-03 -2.78806770e-03 ...  4.00262871e-14
  4.66896204e-03 -5.96099698e-03]

Residual before update:
[ 4.44587914e-03  2.85578871e-03 -2.79075785e-03 ...  1.12771738e-14
  4.67341592e-03 -5.96213339e-03]

Residual before update:
[ 4.44590561e-03  2.85197098e-03 -2.79597569e-03 ...  1.54996344e-15
  4.63281823e-03 -6.36759046e-03]

Residual before update:
[ 4.47607175e-03  2.92647227e-03 -2.70995313e-03 ...  6.47500920e-13
  4.70427416e-03 -5.95007695e-03]

Residual before update:
[ 4.44588044e-03  2.85578622e-03 -2.79075806e-03 ...  1.12058447e-14
  4.67332664e-03 -5.96178416e-03]

Residual before update:
[ 4.44664353e-03  2.85830147e-03 -2.78922391e-03 ...  2.70321164e-14
  4.60650704e-03 -6.18447782e-03]

Residual before update:
[ 4.25082149e-03  2.83386645e-03 -2.80228079e-03 ... -9.98828016e-13
  4.56400283e-03 -6.01272401e-03]

Residual before update:
[ 4.44587979e-03  2.85578311e-03 -2.79076105e-03 ...  1.07691067e-14
  4.67325081e-03 -5.96222909e-03]

Residual before update:
[ 4.44587961e-03  2.85578236e-03 -2.79076153e-03 ...  1.07438000e-14
  4.67324303e-03 -5.96221114e-03]

Residual before update:
[ 4.44587929e-03  2.85578135e-03 -2.79076366e-03 ...  1.07638401e-14
  4.67324447e-03 -5.96222343e-03]

Residual before update:
[ 4.44589245e-03  2.85675854e-03 -2.78808250e-03 ...  3.98654415e-14
  4.66896074e-03 -5.96102109e-03]

Residual before update:
[ 4.44587891e-03  2.85578217e-03 -2.79076226e-03 ...  1.08612324e-14
  4.67328261e-03 -5.96219983e-03]

Residual before update:
[ 4.44585421e-03  2.85198932e-03 -2.79604552e-03 ...  1.12244546e-15
  4.63295052e-03 -6.36802447e-03]

Residual before update:
[ 4.63948792e-03  1.35643144e-03 -3.67044522e-03 ...  3.48951816e-12
  5.09839634e-03 -6.08825765e-03]

Residual before update:
[ 4.44588032e-03  2.85578034e-03 -2.79075950e-03 ...  1.11278907e-14
  4.67330930e-03 -5.96176437e-03]

Residual before update:
[ 4.44664110e-03  2.85829580e-03 -2.78923482e-03 ...  2.69572552e-14
  4.60722142e-03 -6.18241960e-03]

Residual before update:
[ 4.25089787e-03  2.83388725e-03 -2.80227681e-03 ... -9.98461909e-13
  4.56407577e-03 -6.01270897e-03]

Residual before update:
[ 4.44587975e-03  2.85577784e-03 -2.79075984e-03 ...  1.09919607e-14
  4.67333790e-03 -5.96213864e-03]

Residual before update:
[ 4.44587956e-03  2.85577708e-03 -2.79076036e-03 ...  1.09614424e-14
  4.67332832e-03 -5.96212177e-03]

Residual before update:
[ 4.44587922e-03  2.85577591e-03 -2.79076296e-03 ...  1.09306939e-14
  4.67331229e-03 -5.96214638e-03]

Residual before update:
[ 4.44589249e-03  2.85675668e-03 -2.78809470e-03 ...  3.96922556e-14
  4.66895824e-03 -5.96105259e-03]
Compute pips
###############################
TGFM
###############################
Initialize variables
Warning: 413 variants have NaN gwas_beta. Setting to 0 with large SE.
Iterative optimization

Residual before update:
[-0.00215705  0.00079283 -0.0001655  ...  0.00750297  0.00094362
  0.00737226]

Residual before update:
[-0.00215705  0.0007928  -0.00016554 ...  0.0075029   0.00094355
  0.00737221]

Residual before update:
[-0.00215705  0.00079277 -0.00016558 ...  0.00750284  0.00094347
  0.00737216]

Residual before update:
[-0.00216941  0.00078769 -0.00016578 ...  0.00750154  0.00094039
  0.00736059]

Residual before update:
[-0.00215707  0.0007927  -0.00016565 ...  0.00750272  0.00094332
  0.00737206]

Residual before update:
[-0.00215707  0.00079266 -0.00016567 ...  0.00750265  0.00094325
  0.00737201]

Residual before update:
[-0.00215707  0.00079264 -0.00016572 ...  0.00750259  0.00094318
  0.00737196]

Residual before update:
[-0.00215707  0.00079261 -0.00016576 ...  0.00750253  0.00094311
  0.00737191]

Residual before update:
[-0.00215708  0.00079257 -0.00016579 ...  0.00750247  0.00094306
  0.00737187]

Residual before update:
[-0.00215708  0.00079256 -0.00016583 ...  0.00750241  0.00094297
  0.00737182]

Residual before update:
[-0.00215708  0.00079255 -0.00016583 ...  0.00750241  0.00094298
  0.00737183]

Residual before update:
[-0.00215708  0.00079255 -0.00016583 ...  0.00750241  0.00094298
  0.00737183]

Residual before update:
[-0.00215708  0.00079255 -0.00016583 ...  0.00750241  0.00094299
  0.00737183]

Residual before update:
[-0.00217048  0.00078887 -0.00016582 ...  0.00750207  0.00094177
  0.00736081]

Residual before update:
[-0.00215709  0.00079254 -0.00016583 ...  0.00750241  0.00094299
  0.00737184]

Residual before update:
[-0.00215708  0.00079253 -0.0001658  ...  0.0075024   0.00094299
  0.00737184]

Residual before update:
[-0.00215708  0.00079254 -0.00016583 ...  0.0075024   0.000943
  0.00737184]

Residual before update:
[-0.00215708  0.00079254 -0.00016583 ...  0.0075024   0.00094299
  0.00737183]

Residual before update:
[-0.00215708  0.00079254 -0.00016583 ...  0.00750241  0.00094302
  0.00737184]

Residual before update:
[-0.00215708  0.00079256 -0.00016583 ...  0.0075024   0.00094299
  0.00737184]

Residual before update:
[-0.00215708  0.00079255 -0.00016583 ...  0.0075024   0.000943
  0.00737184]

Residual before update:
[-0.00215708  0.00079255 -0.00016583 ...  0.0075024   0.000943
  0.00737184]

Residual before update:
[-0.00215708  0.00079255 -0.00016583 ...  0.0075024   0.00094299
  0.00737184]

Residual before update:
[-0.00217014  0.00078897 -0.00016581 ...  0.00750209  0.00094181
  0.00736103]

Residual before update:
[-0.00215709  0.00079254 -0.00016583 ...  0.0075024   0.00094299
  0.00737184]

Residual before update:
[-0.00215708  0.00079253 -0.0001658  ...  0.0075024   0.00094299
  0.00737184]

Residual before update:
[-0.00215708  0.00079254 -0.00016583 ...  0.0075024   0.00094299
  0.00737184]

Residual before update:
[-0.00215708  0.00079254 -0.00016583 ...  0.0075024   0.00094299
  0.00737183]

Residual before update:
[-0.00215708  0.00079254 -0.00016583 ...  0.0075024   0.00094301
  0.00737184]

Residual before update:
[-0.00215708  0.00079256 -0.00016583 ...  0.0075024   0.00094299
  0.00737184]

Residual before update:
[-0.00215708  0.00079255 -0.00016583 ...  0.0075024   0.00094299
  0.00737184]

Residual before update:
[-0.00215708  0.00079255 -0.00016583 ...  0.0075024   0.00094299
  0.00737184]

Residual before update:
[-0.00215708  0.00079255 -0.00016583 ...  0.0075024   0.00094299
  0.00737184]

Residual before update:
[-0.00216978  0.00078908 -0.0001658  ...  0.00750211  0.00094186
  0.00736134]

Residual before update:
[-0.00215709  0.00079254 -0.00016583 ...  0.0075024   0.00094299
  0.00737184]

Residual before update:
[-0.00215708  0.00079253 -0.0001658  ...  0.0075024   0.00094299
  0.00737184]

Residual before update:
[-0.00215708  0.00079254 -0.00016583 ...  0.0075024   0.00094299
  0.00737184]

Residual before update:
[-0.00215708  0.00079254 -0.00016584 ...  0.0075024   0.00094299
  0.00737183]

Residual before update:
[-0.00215708  0.00079254 -0.00016583 ...  0.0075024   0.00094301
  0.00737184]

Residual before update:
[-0.00215708  0.00079256 -0.00016583 ...  0.0075024   0.00094299
  0.00737184]

Residual before update:
[-0.00215708  0.00079255 -0.00016584 ...  0.0075024   0.00094299
  0.00737184]

Residual before update:
[-0.00215708  0.00079255 -0.00016583 ...  0.0075024   0.00094299
  0.00737184]

Residual before update:
[-0.00215708  0.00079255 -0.00016583 ...  0.0075024   0.00094299
  0.00737184]

Residual before update:
[-0.00216941  0.00078919 -0.00016579 ...  0.00750214  0.00094191
  0.00736166]

Residual before update:
[-0.00215709  0.00079254 -0.00016583 ...  0.0075024   0.00094299
  0.00737183]

Residual before update:
[-0.00215708  0.00079253 -0.0001658  ...  0.00750239  0.00094299
  0.00737183]

Residual before update:
[-0.00215708  0.00079254 -0.00016584 ...  0.0075024   0.00094299
  0.00737184]

Residual before update:
[-0.00215708  0.00079254 -0.00016584 ...  0.0075024   0.00094298
  0.00737183]

Residual before update:
[-0.00215708  0.00079254 -0.00016583 ...  0.0075024   0.00094301
  0.00737184]

Residual before update:
[-0.00215708  0.00079256 -0.00016583 ...  0.0075024   0.00094299
  0.00737184]
Compute pips
###############################
TGFM
###############################
Initialize variables
Warning: 450 variants have NaN gwas_beta. Setting to 0 with large SE.
Iterative optimization

Residual before update:
[ 0.00927326 -0.004181    0.00420073 ... -0.00151016  0.00190626
  0.00741179]

Residual before update:
[ 0.00927324 -0.00418102  0.00420072 ... -0.00151016  0.00190625
  0.00741181]

Residual before update:
[ 0.00927321 -0.00418103  0.00420072 ... -0.00151016  0.00190623
  0.00741182]

Residual before update:
[ 0.00927319 -0.00418104  0.00420071 ... -0.00151015  0.00190622
  0.00741184]

Residual before update:
[ 0.00927316 -0.00418105  0.00420071 ... -0.00151015  0.0019062
  0.00741185]

Residual before update:
[ 0.00927314 -0.00418107  0.00420071 ... -0.00151015  0.00190618
  0.00741187]

Residual before update:
[ 0.00927311 -0.00418108  0.0042007  ... -0.00151015  0.00190617
  0.00741188]

Residual before update:
[ 0.00927309 -0.00418109  0.0042007  ... -0.00151015  0.00190615
  0.0074119 ]

Residual before update:
[ 0.00927383 -0.00418036  0.00420208 ... -0.00148909  0.00190873
  0.00742729]

Residual before update:
[ 0.00927367 -0.00418117  0.00420209 ... -0.00144309  0.00190604
  0.00742042]

Residual before update:
[ 0.00927304 -0.00418111  0.00420069 ... -0.00151015  0.00190612
  0.00741193]

Residual before update:
[ 0.00927305 -0.00418111  0.00420069 ... -0.00151015  0.00190612
  0.00741193]

Residual before update:
[ 0.00927305 -0.00418111  0.00420069 ... -0.00151015  0.00190612
  0.00741193]

Residual before update:
[ 0.00927305 -0.00418111  0.00420069 ... -0.00151015  0.00190612
  0.00741193]

Residual before update:
[ 0.00927305 -0.00418111  0.00420069 ... -0.00151015  0.00190612
  0.00741193]

Residual before update:
[ 0.00927305 -0.00418111  0.00420069 ... -0.00151015  0.00190612
  0.00741193]

Residual before update:
[ 0.00927305 -0.00418111  0.00420069 ... -0.00151015  0.00190613
  0.00741193]

Residual before update:
[ 0.00927305 -0.00418111  0.00420069 ... -0.00151015  0.00190613
  0.00741193]

Residual before update:
[ 0.00927317 -0.00418078  0.00420381 ... -0.00150823  0.00190786
  0.00742545]

Residual before update:
[ 0.00927286 -0.00418088  0.00419912 ... -0.001566    0.00190623
  0.00740464]

Residual before update:
[ 0.00927305 -0.00418111  0.00420069 ... -0.00151015  0.00190612
  0.00741193]

Residual before update:
[ 0.00927305 -0.00418111  0.00420069 ... -0.00151015  0.00190612
  0.00741193]

Residual before update:
[ 0.00927305 -0.00418111  0.00420069 ... -0.00151015  0.00190612
  0.00741193]

Residual before update:
[ 0.00927305 -0.00418111  0.00420069 ... -0.00151015  0.00190612
  0.00741193]

Residual before update:
[ 0.00927305 -0.00418111  0.00420069 ... -0.00151015  0.00190612
  0.00741193]

Residual before update:
[ 0.00927305 -0.00418111  0.00420069 ... -0.00151015  0.00190612
  0.00741193]

Residual before update:
[ 0.00927305 -0.00418111  0.00420069 ... -0.00151015  0.00190612
  0.00741193]

Residual before update:
[ 0.00927305 -0.00418111  0.00420069 ... -0.00151015  0.00190612
  0.00741193]

Residual before update:
[ 0.00927343 -0.00418064  0.00420325 ... -0.00153796  0.0019066
  0.00742417]

Residual before update:
[ 0.00927295 -0.00418075  0.00419921 ... -0.00157075  0.00190628
  0.00740357]

Residual before update:
[ 0.00927305 -0.00418111  0.00420069 ... -0.00151015  0.00190612
  0.00741193]

Residual before update:
[ 0.00927305 -0.00418111  0.00420069 ... -0.00151015  0.00190612
  0.00741193]

Residual before update:
[ 0.00927305 -0.00418111  0.00420069 ... -0.00151015  0.00190612
  0.00741193]

Residual before update:
[ 0.00927305 -0.00418111  0.00420069 ... -0.00151015  0.00190612
  0.00741193]

Residual before update:
[ 0.00927305 -0.00418111  0.00420069 ... -0.00151015  0.00190612
  0.00741193]

Residual before update:
[ 0.00927305 -0.00418111  0.00420069 ... -0.00151015  0.00190612
  0.00741193]

Residual before update:
[ 0.00927305 -0.00418111  0.00420069 ... -0.00151015  0.00190612
  0.00741193]

Residual before update:
[ 0.00927305 -0.00418111  0.00420069 ... -0.00151015  0.00190612
  0.00741193]

Residual before update:
[ 0.009385   -0.00385278  0.00435691 ... -0.00093471  0.00208559
  0.00765608]

Residual before update:
[ 0.00927301 -0.00418064  0.00419956 ... -0.00156312  0.00190621
  0.00740353]

Residual before update:
[ 0.00927305 -0.00418111  0.00420069 ... -0.00151015  0.00190612
  0.00741193]

Residual before update:
[ 0.00927305 -0.00418111  0.00420069 ... -0.00151015  0.00190612
  0.00741193]

Residual before update:
[ 0.00927305 -0.00418111  0.00420069 ... -0.00151015  0.00190612
  0.00741193]

Residual before update:
[ 0.00927305 -0.00418111  0.00420069 ... -0.00151015  0.00190612
  0.00741193]

Residual before update:
[ 0.00927305 -0.00418111  0.00420069 ... -0.00151015  0.00190612
  0.00741193]

Residual before update:
[ 0.00927305 -0.00418111  0.00420069 ... -0.00151015  0.00190612
  0.00741193]

Residual before update:
[ 0.00927305 -0.00418111  0.00420069 ... -0.00151015  0.00190612
  0.00741193]

Residual before update:
[ 0.00927305 -0.00418111  0.00420069 ... -0.00151015  0.00190612
  0.00741193]

Residual before update:
[ 0.00935294 -0.00420351  0.00442055 ... -0.00167815  0.00210165
  0.0073668 ]

Residual before update:
[ 0.00927338 -0.00418029  0.00419912 ... -0.0015741   0.00190643
  0.00740068]
Compute pips
###############################
TGFM
###############################
Initialize variables
Warning: 466 variants have NaN gwas_beta. Setting to 0 with large SE.
Iterative optimization

Residual before update:
[-0.00284773  0.00666606 -0.00203386 ...  0.00056361  0.01207119
 -0.00092508]

Residual before update:
[-0.00284779  0.00666593 -0.00203386 ...  0.0005636   0.01207116
 -0.0009251 ]

Residual before update:
[-0.00283756  0.00667709 -0.00201915 ...  0.00056367  0.01207477
 -0.00092496]

Residual before update:
[-0.00284791  0.00666568 -0.00203385 ...  0.00056357  0.01207109
 -0.00092513]

Residual before update:
[-0.00284706  0.00666599 -0.00203354 ...  0.00056357  0.01207324
 -0.00092513]

Residual before update:
[-0.00365001  0.00534046 -0.00205661 ...  0.00056359  0.01207108
 -0.00092509]

Residual before update:
[-0.0028481   0.0066653  -0.00203384 ...  0.00056352  0.01207098
 -0.00092517]

Residual before update:
[-0.00284816  0.00666518 -0.00203384 ...  0.00056351  0.01207095
 -0.00092519]

Residual before update:
[-0.00284822  0.00666505 -0.00203383 ...  0.00056349  0.01207091
 -0.0009252 ]

Residual before update:
[-0.00284828  0.00666493 -0.00203383 ...  0.00056348  0.01207088
 -0.00092522]

Residual before update:
[-0.00284828  0.00666493 -0.00203383 ...  0.00056348  0.01207088
 -0.00092522]

Residual before update:
[-0.00284828  0.00666493 -0.00203383 ...  0.00056348  0.01207088
 -0.00092522]

Residual before update:
[-0.00188146  0.00666593 -0.00196428 ...  0.00079621  0.01233436
 -0.00073531]

Residual before update:
[-0.00284827  0.00666493 -0.00203383 ...  0.00056348  0.01207088
 -0.00092522]

Residual before update:
[-0.00284621  0.00666591 -0.00203314 ...  0.00056352  0.01207581
 -0.0009252 ]

Residual before update:
[-0.00365472  0.00535649 -0.00204956 ...  0.00056359  0.01207111
 -0.00092508]

Residual before update:
[-0.00284827  0.00666492 -0.00203383 ...  0.00056348  0.01207088
 -0.00092522]

Residual before update:
[-0.00284827  0.00666493 -0.00203383 ...  0.00056348  0.01207088
 -0.00092522]

Residual before update:
[-0.00284827  0.00666493 -0.00203383 ...  0.00056348  0.01207088
 -0.00092522]

Residual before update:
[-0.00284827  0.00666493 -0.00203383 ...  0.00056348  0.01207088
 -0.00092522]

Residual before update:
[-0.00284827  0.00666493 -0.00203383 ...  0.00056348  0.01207088
 -0.00092522]

Residual before update:
[-0.00284827  0.00666493 -0.00203383 ...  0.00056348  0.01207088
 -0.00092522]

Residual before update:
[-0.00188143  0.00666593 -0.00196428 ...  0.00079622  0.01233437
 -0.00073531]

Residual before update:
[-0.00284827  0.00666493 -0.00203383 ...  0.00056348  0.01207088
 -0.00092522]

Residual before update:
[-0.00284621  0.00666591 -0.00203314 ...  0.00056352  0.01207582
 -0.0009252 ]

Residual before update:
[-0.00369985  0.00529721 -0.00204559 ...  0.00056359  0.01207117
 -0.00092507]

Residual before update:
[-0.00284827  0.00666492 -0.00203383 ...  0.00056348  0.01207088
 -0.00092522]

Residual before update:
[-0.00284827  0.00666493 -0.00203383 ...  0.00056348  0.01207088
 -0.00092522]

Residual before update:
[-0.00284827  0.00666492 -0.00203383 ...  0.00056348  0.01207088
 -0.00092522]

Residual before update:
[-0.00284827  0.00666492 -0.00203383 ...  0.00056348  0.01207088
 -0.00092522]

Residual before update:
[-0.00284827  0.00666492 -0.00203383 ...  0.00056348  0.01207088
 -0.00092522]

Residual before update:
[-0.00284827  0.00666492 -0.00203383 ...  0.00056348  0.01207088
 -0.00092522]

Residual before update:
[-0.0018814   0.00666593 -0.00196428 ...  0.00079623  0.01233438
 -0.0007353 ]

Residual before update:
[-0.00284827  0.00666492 -0.00203383 ...  0.00056348  0.01207088
 -0.00092522]

Residual before update:
[-0.0028462   0.00666591 -0.00203314 ...  0.00056352  0.01207584
 -0.0009252 ]

Residual before update:
[-0.00374644  0.00522522 -0.0020468  ...  0.0005636   0.01207117
 -0.00092507]

Residual before update:
[-0.00284827  0.00666492 -0.00203383 ...  0.00056348  0.01207088
 -0.00092522]

Residual before update:
[-0.00284827  0.00666492 -0.00203383 ...  0.00056348  0.01207088
 -0.00092522]

Residual before update:
[-0.00284827  0.00666492 -0.00203383 ...  0.00056348  0.01207088
 -0.00092522]

Residual before update:
[-0.00284827  0.00666492 -0.00203383 ...  0.00056348  0.01207088
 -0.00092522]
NaNs in component_non_med_pred at component 0

Residual before update:
[-0.00284827  0.00666492 -0.00203383 ...  0.00056348  0.01207088
 -0.00092522]
NaNs in residual_incl_alpha[38, :]
NaN in mixture_alpha_mu: b_terms=[nan nan nan nan nan nan nan nan nan nan nan nan nan nan nan nan nan nan
 nan nan nan nan nan]
NaNs in self.residual at bs_iter=38
NaNs in un_normalized_lv_alpha_weights
NaN in normalizing_term
NaNs in component_non_med_pred at component 1

Residual before update:
[-0.00284827  0.00666492 -0.00203383 ...  0.00056348  0.01207088
 -0.00092522]
NaNs in residual_incl_alpha[38, :]
NaNs in gene_weights for bs_iter=38
NaN in mixture_alpha_mu: b_terms=[nan nan nan nan nan nan nan nan nan nan nan nan nan nan nan nan nan nan
 nan nan nan nan nan]
NaNs in self.residual at bs_iter=38
NaNs in un_normalized_lv_alpha_weights
NaN in normalizing_term
NaNs in component_non_med_pred at component 2

Residual before update:
[-0.00188136  0.00666593 -0.00196428 ...  0.00079624  0.01233439
 -0.00073529]
NaNs in residual_incl_alpha[38, :]
NaNs in gene_weights for bs_iter=38
NaN in mixture_alpha_mu: b_terms=[nan nan nan nan nan nan nan nan nan nan nan nan nan nan nan nan nan nan
 nan nan nan nan nan]
NaNs in self.residual at bs_iter=38
NaNs in un_normalized_lv_alpha_weights
NaN in normalizing_term
NaNs in component_non_med_pred at component 3

Residual before update:
[-0.00284827  0.00666492 -0.00203383 ...  0.00056348  0.01207088
 -0.00092522]
NaNs in residual_incl_alpha[38, :]
NaNs in gene_weights for bs_iter=38
NaN in mixture_alpha_mu: b_terms=[nan nan nan nan nan nan nan nan nan nan nan nan nan nan nan nan nan nan
 nan nan nan nan nan]
NaNs in self.residual at bs_iter=38
NaNs in un_normalized_lv_alpha_weights
NaN in normalizing_term
NaNs in component_non_med_pred at component 4

Residual before update:
[-0.0028462   0.0066659  -0.00203314 ...  0.00056352  0.01207585
 -0.0009252 ]
NaNs in residual_incl_alpha[38, :]
NaNs in gene_weights for bs_iter=38
NaN in mixture_alpha_mu: b_terms=[nan nan nan nan nan nan nan nan nan nan nan nan nan nan nan nan nan nan
 nan nan nan nan nan]
NaNs in self.residual at bs_iter=38
NaNs in un_normalized_lv_alpha_weights
NaN in normalizing_term
NaNs in component_non_med_pred at component 5

Residual before update:
[-0.00382169  0.00510431 -0.002049   ...  0.0005636   0.01207116
 -0.00092507]
NaNs in residual_incl_alpha[38, :]
NaNs in gene_weights for bs_iter=38
NaN in mixture_alpha_mu: b_terms=[nan nan nan nan nan nan nan nan nan nan nan nan nan nan nan nan nan nan
 nan nan nan nan nan]
NaNs in self.residual at bs_iter=38
NaNs in un_normalized_lv_alpha_weights
NaN in normalizing_term
NaNs in residual_incl_alpha[83, :]
NaN in mixture_alpha_mu: b_terms=[nan nan nan nan nan nan nan nan nan nan nan nan nan nan nan nan nan nan
 nan nan nan nan nan]
NaNs in self.residual at bs_iter=83
NaNs in un_normalized_lv_alpha_weights
NaN in normalizing_term
NaNs in component_non_med_pred at component 6

Residual before update:
[-0.00284827  0.00666491 -0.00203383 ...  0.00056348  0.01207088
 -0.00092522]
NaNs in residual_incl_alpha[38, :]
NaNs in gene_weights for bs_iter=38
NaN in mixture_alpha_mu: b_terms=[nan nan nan nan nan nan nan nan nan nan nan nan nan nan nan nan nan nan
 nan nan nan nan nan]
NaNs in self.residual at bs_iter=38
NaNs in un_normalized_lv_alpha_weights
NaN in normalizing_term
NaNs in residual_incl_alpha[83, :]
NaNs in gene_weights for bs_iter=83
NaN in mixture_alpha_mu: b_terms=[nan nan nan nan nan nan nan nan nan nan nan nan nan nan nan nan nan nan
 nan nan nan nan nan]
NaNs in self.residual at bs_iter=83
NaNs in un_normalized_lv_alpha_weights
NaN in normalizing_term
NaNs in component_non_med_pred at component 7

Residual before update:
[-0.00284827  0.00666492 -0.00203383 ...  0.00056348  0.01207088
 -0.00092522]
NaNs in residual_incl_alpha[38, :]
NaNs in gene_weights for bs_iter=38
NaN in mixture_alpha_mu: b_terms=[nan nan nan nan nan nan nan nan nan nan nan nan nan nan nan nan nan nan
 nan nan nan nan nan]
NaNs in self.residual at bs_iter=38
NaNs in un_normalized_lv_alpha_weights
NaN in normalizing_term
NaNs in residual_incl_alpha[83, :]
NaNs in gene_weights for bs_iter=83
NaN in mixture_alpha_mu: b_terms=[nan nan nan nan nan nan nan nan nan nan nan nan nan nan nan nan nan nan
 nan nan nan nan nan]
NaNs in self.residual at bs_iter=83
NaNs in un_normalized_lv_alpha_weights
NaN in normalizing_term
NaNs in component_non_med_pred at component 8

Residual before update:
[-0.00284827  0.00666492 -0.00203383 ...  0.00056348  0.01207088
 -0.00092522]
NaNs in residual_incl_alpha[38, :]
NaNs in gene_weights for bs_iter=38
NaN in mixture_alpha_mu: b_terms=[nan nan nan nan nan nan nan nan nan nan nan nan nan nan nan nan nan nan
 nan nan nan nan nan]
NaNs in self.residual at bs_iter=38
NaNs in un_normalized_lv_alpha_weights
NaN in normalizing_term
NaNs in residual_incl_alpha[83, :]
NaNs in gene_weights for bs_iter=83
NaN in mixture_alpha_mu: b_terms=[nan nan nan nan nan nan nan nan nan nan nan nan nan nan nan nan nan nan
 nan nan nan nan nan]
NaNs in self.residual at bs_iter=83
NaNs in un_normalized_lv_alpha_weights
NaN in normalizing_term
NaN in beta_*: layer 9, bs_iter=38, k=46, beta_mu=1.3744695730594955e+152, beta_phi=nan
NaN in beta_*: layer 9, bs_iter=38, k=69, beta_mu=1.268676772220348e+152, beta_phi=nan
NaN in beta_*: layer 9, bs_iter=38, k=73, beta_mu=1.1192148481036807e+152, beta_phi=nan
NaN in beta_*: layer 9, bs_iter=38, k=121, beta_mu=1.0303874703207997e+152, beta_phi=nan
NaN in beta_*: layer 9, bs_iter=38, k=139, beta_mu=1.0714399311598675e+152, beta_phi=nan
NaN in beta_*: layer 9, bs_iter=38, k=158, beta_mu=1.5968939089408995e+152, beta_phi=nan
NaN in beta_*: layer 9, bs_iter=38, k=159, beta_mu=1.1301596815090833e+152, beta_phi=nan
NaN in beta_*: layer 9, bs_iter=38, k=162, beta_mu=1.282668696759682e+152, beta_phi=nan
NaN in beta_*: layer 9, bs_iter=38, k=165, beta_mu=1.6894869454720059e+152, beta_phi=nan
NaN in beta_*: layer 9, bs_iter=38, k=167, beta_mu=1.5640804407758864e+152, beta_phi=nan
NaN in beta_*: layer 9, bs_iter=38, k=178, beta_mu=1.7033388408995368e+152, beta_phi=nan
NaN in beta_*: layer 9, bs_iter=38, k=186, beta_mu=1.232581495045583e+152, beta_phi=nan
NaN in beta_*: layer 9, bs_iter=38, k=194, beta_mu=1.0423869274838383e+152, beta_phi=nan
NaN in beta_*: layer 9, bs_iter=38, k=197, beta_mu=2.442235223753939e+152, beta_phi=nan
NaN in beta_*: layer 9, bs_iter=38, k=199, beta_mu=1.293052702148227e+152, beta_phi=nan
NaN in beta_*: layer 9, bs_iter=38, k=201, beta_mu=1.3307544440718681e+152, beta_phi=nan
NaN in beta_*: layer 9, bs_iter=38, k=218, beta_mu=9.784111089550442e+151, beta_phi=nan
NaN in beta_*: layer 9, bs_iter=38, k=301, beta_mu=1.3907275850820226e+152, beta_phi=nan
NaN in beta_*: layer 9, bs_iter=38, k=336, beta_mu=1.8432716006250112e+152, beta_phi=nan
NaN in beta_*: layer 9, bs_iter=38, k=362, beta_mu=1.030365104953664e+152, beta_phi=nan
NaN in beta_*: layer 9, bs_iter=38, k=388, beta_mu=1.2405908748341563e+152, beta_phi=nan
NaN in beta_*: layer 9, bs_iter=38, k=390, beta_mu=1.5183682338801758e+152, beta_phi=nan
NaN in beta_*: layer 9, bs_iter=38, k=391, beta_mu=1.4521944651128176e+152, beta_phi=nan
NaN in beta_*: layer 9, bs_iter=38, k=392, beta_mu=3.806708102607766e+152, beta_phi=nan
NaN in beta_*: layer 9, bs_iter=38, k=399, beta_mu=1.0419730650298259e+152, beta_phi=nan
NaN in beta_*: layer 9, bs_iter=38, k=400, beta_mu=1.040793216059158e+152, beta_phi=nan
NaN in beta_*: layer 9, bs_iter=38, k=401, beta_mu=1.0299349754181212e+152, beta_phi=nan
NaN in beta_*: layer 9, bs_iter=38, k=402, beta_mu=9.77726006527144e+151, beta_phi=nan
NaN in beta_*: layer 9, bs_iter=38, k=403, beta_mu=2.5002878208733436e+152, beta_phi=nan
NaN in beta_*: layer 9, bs_iter=38, k=404, beta_mu=2.4951369615491046e+152, beta_phi=nan
NaN in beta_*: layer 9, bs_iter=38, k=405, beta_mu=1.5263068835856386e+152, beta_phi=nan
NaN in beta_*: layer 9, bs_iter=38, k=407, beta_mu=1.9270948660155287e+152, beta_phi=nan
NaN in beta_*: layer 9, bs_iter=38, k=410, beta_mu=1.500118206194951e+152, beta_phi=nan
NaN in beta_*: layer 9, bs_iter=38, k=412, beta_mu=1.4167257311204534e+152, beta_phi=nan
NaN in beta_*: layer 9, bs_iter=38, k=413, beta_mu=1.4149266225819087e+152, beta_phi=nan
NaN in beta_*: layer 9, bs_iter=38, k=414, beta_mu=1.4565338889567773e+152, beta_phi=nan
NaN in beta_*: layer 9, bs_iter=38, k=415, beta_mu=1.416728434477816e+152, beta_phi=nan
NaN in beta_*: layer 9, bs_iter=38, k=416, beta_mu=9.922352073959072e+151, beta_phi=nan
NaN in beta_*: layer 9, bs_iter=38, k=419, beta_mu=1.4149339414403842e+152, beta_phi=nan
NaN in beta_*: layer 9, bs_iter=38, k=420, beta_mu=1.4149282801698948e+152, beta_phi=nan
NaN in beta_*: layer 9, bs_iter=38, k=421, beta_mu=1.4104147157668526e+152, beta_phi=nan
NaN in beta_*: layer 9, bs_iter=38, k=423, beta_mu=1.4052613725824286e+152, beta_phi=nan
NaN in beta_*: layer 9, bs_iter=38, k=426, beta_mu=1.5055858841603098e+152, beta_phi=nan
NaN in beta_*: layer 9, bs_iter=38, k=427, beta_mu=1.1791701911739496e+152, beta_phi=nan
NaN in beta_*: layer 9, bs_iter=38, k=435, beta_mu=1.5176074595953165e+152, beta_phi=nan
NaN in beta_*: layer 9, bs_iter=38, k=440, beta_mu=1.4293506096237955e+152, beta_phi=nan
NaN in beta_*: layer 9, bs_iter=38, k=444, beta_mu=1.3508905387156074e+152, beta_phi=nan
NaN in beta_*: layer 9, bs_iter=38, k=446, beta_mu=1.6903179497027211e+152, beta_phi=nan
NaN in beta_*: layer 9, bs_iter=38, k=462, beta_mu=1.3130418669139483e+152, beta_phi=nan
NaN in beta_*: layer 9, bs_iter=38, k=464, beta_mu=1.2927286344131739e+152, beta_phi=nan
NaN in beta_*: layer 9, bs_iter=38, k=467, beta_mu=1.6207899665928952e+152, beta_phi=nan
NaN in beta_*: layer 9, bs_iter=38, k=478, beta_mu=1.4272309753984251e+152, beta_phi=nan
NaN in beta_*: layer 9, bs_iter=38, k=484, beta_mu=1.6492992976552845e+152, beta_phi=nan
NaN in beta_*: layer 9, bs_iter=38, k=497, beta_mu=1.3529461723072337e+152, beta_phi=nan
NaN in beta_*: layer 9, bs_iter=38, k=499, beta_mu=1.6859312154060647e+152, beta_phi=nan
NaN in beta_*: layer 9, bs_iter=38, k=504, beta_mu=1.617665461940706e+152, beta_phi=nan
NaN in beta_*: layer 9, bs_iter=38, k=506, beta_mu=1.4521415145545083e+152, beta_phi=nan
NaN in beta_*: layer 9, bs_iter=38, k=507, beta_mu=1.352945353976632e+152, beta_phi=nan
NaN in beta_*: layer 9, bs_iter=38, k=510, beta_mu=1.2270188272959471e+152, beta_phi=nan
NaN in beta_*: layer 9, bs_iter=38, k=516, beta_mu=1.4994388680469338e+152, beta_phi=nan
NaN in beta_*: layer 9, bs_iter=38, k=518, beta_mu=1.651085350621091e+152, beta_phi=nan
NaN in beta_*: layer 9, bs_iter=38, k=525, beta_mu=1.6616204104157363e+152, beta_phi=nan
NaN in beta_*: layer 9, bs_iter=38, k=527, beta_mu=1.5018081924148053e+152, beta_phi=nan
NaN in beta_*: layer 9, bs_iter=38, k=530, beta_mu=1.7470094668137155e+152, beta_phi=nan
NaN in beta_*: layer 9, bs_iter=38, k=531, beta_mu=1.8167354671211367e+152, beta_phi=nan
NaN in beta_*: layer 9, bs_iter=38, k=532, beta_mu=1.7926366330417704e+152, beta_phi=nan
NaN in beta_*: layer 9, bs_iter=38, k=533, beta_mu=1.8144593309705771e+152, beta_phi=nan
NaN in beta_*: layer 9, bs_iter=38, k=534, beta_mu=2.202655040307002e+152, beta_phi=nan
NaN in beta_*: layer 9, bs_iter=38, k=535, beta_mu=2.173389198982393e+152, beta_phi=nan
NaN in beta_*: layer 9, bs_iter=38, k=536, beta_mu=2.215978092191318e+152, beta_phi=nan
NaN in beta_*: layer 9, bs_iter=38, k=537, beta_mu=2.2224533467711597e+152, beta_phi=nan
NaN in beta_*: layer 9, bs_iter=38, k=539, beta_mu=2.2239565602914506e+152, beta_phi=nan
NaN in beta_*: layer 9, bs_iter=38, k=541, beta_mu=1.8144657671501619e+152, beta_phi=nan
NaN in beta_*: layer 9, bs_iter=38, k=542, beta_mu=1.4541946537954317e+152, beta_phi=nan
NaN in beta_*: layer 9, bs_iter=38, k=543, beta_mu=1.524544663018271e+152, beta_phi=nan
NaN in beta_*: layer 9, bs_iter=38, k=545, beta_mu=1.4887128891154191e+152, beta_phi=nan
NaN in beta_*: layer 9, bs_iter=38, k=547, beta_mu=1.5245563523115729e+152, beta_phi=nan
NaN in beta_*: layer 9, bs_iter=38, k=548, beta_mu=1.5245436759288078e+152, beta_phi=nan
NaN in beta_*: layer 9, bs_iter=38, k=551, beta_mu=2.1294517960988955e+152, beta_phi=nan
NaN in beta_*: layer 9, bs_iter=38, k=552, beta_mu=1.18479232556648e+152, beta_phi=nan
NaN in beta_*: layer 9, bs_iter=38, k=553, beta_mu=1.582494828119344e+152, beta_phi=nan
NaN in beta_*: layer 9, bs_iter=38, k=554, beta_mu=2.237697283955429e+152, beta_phi=nan
NaN in beta_*: layer 9, bs_iter=38, k=560, beta_mu=1.5059164833973849e+152, beta_phi=nan
NaN in beta_*: layer 9, bs_iter=38, k=565, beta_mu=1.5059076234738956e+152, beta_phi=nan
NaN in beta_*: layer 9, bs_iter=38, k=566, beta_mu=1.6013307002818117e+152, beta_phi=nan
NaN in beta_*: layer 9, bs_iter=38, k=567, beta_mu=2.2081442711884315e+152, beta_phi=nan
NaN in beta_*: layer 9, bs_iter=38, k=568, beta_mu=2.241512665021334e+152, beta_phi=nan
NaN in beta_*: layer 9, bs_iter=38, k=574, beta_mu=2.1647880427078988e+152, beta_phi=nan
NaN in beta_*: layer 9, bs_iter=38, k=575, beta_mu=2.414380985659216e+152, beta_phi=nan
NaN in beta_*: layer 9, bs_iter=38, k=576, beta_mu=1.4460622497366027e+152, beta_phi=nan
NaN in beta_*: layer 9, bs_iter=38, k=577, beta_mu=2.552792598565673e+152, beta_phi=nan
NaN in beta_*: layer 9, bs_iter=38, k=578, beta_mu=2.536349345495342e+152, beta_phi=nan
NaN in beta_*: layer 9, bs_iter=38, k=579, beta_mu=2.543000862711892e+152, beta_phi=nan
NaN in beta_*: layer 9, bs_iter=38, k=580, beta_mu=1.4694664756842556e+152, beta_phi=nan
NaN in beta_*: layer 9, bs_iter=38, k=581, beta_mu=1.824088547407388e+152, beta_phi=nan
NaN in beta_*: layer 9, bs_iter=38, k=583, beta_mu=2.7202552306068985e+152, beta_phi=nan
NaN in beta_*: layer 9, bs_iter=38, k=584, beta_mu=1.9843306072032313e+152, beta_phi=nan
NaN in beta_*: layer 9, bs_iter=38, k=585, beta_mu=2.6009282339044858e+152, beta_phi=nan
NaN in beta_*: layer 9, bs_iter=38, k=587, beta_mu=1.4970746525054893e+152, beta_phi=nan
NaN in beta_*: layer 9, bs_iter=38, k=589, beta_mu=1.792387437374081e+152, beta_phi=nan
NaN in beta_*: layer 9, bs_iter=38, k=590, beta_mu=2.325074904479099e+152, beta_phi=nan
NaN in beta_*: layer 9, bs_iter=38, k=591, beta_mu=1.4176509436855225e+152, beta_phi=nan
NaN in beta_*: layer 9, bs_iter=38, k=592, beta_mu=2.542829329240751e+152, beta_phi=nan
NaN in beta_*: layer 9, bs_iter=38, k=594, beta_mu=1.8529690199798548e+152, beta_phi=nan
NaN in beta_*: layer 9, bs_iter=38, k=595, beta_mu=1.8040685498218838e+152, beta_phi=nan
NaN in beta_*: layer 9, bs_iter=38, k=596, beta_mu=1.5227225281565616e+152, beta_phi=nan
NaN in beta_*: layer 9, bs_iter=38, k=600, beta_mu=1.4144807491753853e+152, beta_phi=nan
NaN in beta_*: layer 9, bs_iter=38, k=603, beta_mu=1.6625066372461325e+152, beta_phi=nan
NaN in beta_*: layer 9, bs_iter=38, k=606, beta_mu=1.5369339479699353e+152, beta_phi=nan
NaN in beta_*: layer 9, bs_iter=38, k=607, beta_mu=1.1441669356470213e+152, beta_phi=nan
NaN in beta_*: layer 9, bs_iter=38, k=611, beta_mu=1.4641449347719379e+152, beta_phi=nan
NaN in beta_*: layer 9, bs_iter=38, k=612, beta_mu=1.4198384212095986e+152, beta_phi=nan
NaN in beta_*: layer 9, bs_iter=38, k=613, beta_mu=1.0765870860065795e+152, beta_phi=nan
NaN in beta_*: layer 9, bs_iter=38, k=614, beta_mu=1.3788422444797504e+152, beta_phi=nan
NaN in beta_*: layer 9, bs_iter=38, k=616, beta_mu=1.4755563518473134e+152, beta_phi=nan
NaN in beta_*: layer 9, bs_iter=38, k=617, beta_mu=1.505049486552909e+152, beta_phi=nan
NaN in beta_*: layer 9, bs_iter=38, k=618, beta_mu=1.4746936163749337e+152, beta_phi=nan
NaN in beta_*: layer 9, bs_iter=38, k=619, beta_mu=1.441994745029206e+152, beta_phi=nan
NaN in beta_*: layer 9, bs_iter=38, k=620, beta_mu=1.4942153364636587e+152, beta_phi=nan
NaN in beta_*: layer 9, bs_iter=38, k=625, beta_mu=1.5555463691070612e+152, beta_phi=nan
NaN in beta_*: layer 9, bs_iter=38, k=626, beta_mu=1.3914544260179577e+152, beta_phi=nan
NaN in beta_*: layer 9, bs_iter=38, k=627, beta_mu=1.3406025038396526e+152, beta_phi=nan
NaN in beta_*: layer 9, bs_iter=38, k=628, beta_mu=1.4758983067855932e+152, beta_phi=nan
NaN in beta_*: layer 9, bs_iter=38, k=630, beta_mu=1.7963033910063827e+152, beta_phi=nan
NaN in beta_*: layer 9, bs_iter=38, k=631, beta_mu=1.275602533150268e+152, beta_phi=nan
NaN in beta_*: layer 9, bs_iter=38, k=632, beta_mu=1.2192271859814062e+152, beta_phi=nan
NaN in beta_*: layer 9, bs_iter=38, k=634, beta_mu=1.197599177612986e+152, beta_phi=nan
NaN in beta_*: layer 9, bs_iter=38, k=635, beta_mu=1.3123385088899604e+152, beta_phi=nan
NaN in beta_*: layer 9, bs_iter=38, k=637, beta_mu=1.5439098195948306e+152, beta_phi=nan
NaN in beta_*: layer 9, bs_iter=38, k=638, beta_mu=1.2721627602795669e+152, beta_phi=nan
NaN in beta_*: layer 9, bs_iter=38, k=639, beta_mu=1.7879656658268683e+152, beta_phi=nan
NaN in beta_*: layer 9, bs_iter=38, k=640, beta_mu=2.121476884158406e+152, beta_phi=nan
NaN in beta_*: layer 9, bs_iter=38, k=642, beta_mu=1.5005398723479663e+152, beta_phi=nan
NaN in beta_*: layer 9, bs_iter=38, k=644, beta_mu=1.4396828305747377e+152, beta_phi=nan
NaN in beta_*: layer 9, bs_iter=38, k=646, beta_mu=1.2787122338427379e+152, beta_phi=nan
NaN in beta_*: layer 9, bs_iter=38, k=647, beta_mu=1.2821466169463232e+152, beta_phi=nan
NaN in beta_*: layer 9, bs_iter=38, k=651, beta_mu=1.0442442460652087e+152, beta_phi=nan
NaN in beta_*: layer 9, bs_iter=38, k=659, beta_mu=2.788548997778365e+152, beta_phi=nan
NaN in beta_*: layer 9, bs_iter=38, k=665, beta_mu=2.848199208170095e+152, beta_phi=nan
NaN in beta_*: layer 9, bs_iter=38, k=691, beta_mu=1.5492166853702992e+152, beta_phi=nan
NaN in beta_*: layer 9, bs_iter=38, k=703, beta_mu=1.6757281925142674e+152, beta_phi=nan
NaN in beta_*: layer 9, bs_iter=38, k=711, beta_mu=1.7820311970414381e+152, beta_phi=nan
NaN in beta_*: layer 9, bs_iter=38, k=712, beta_mu=1.879059722872173e+152, beta_phi=nan
NaN in beta_*: layer 9, bs_iter=38, k=727, beta_mu=3.3428269623592456e+152, beta_phi=nan
NaN in beta_*: layer 9, bs_iter=38, k=733, beta_mu=3.013540611010859e+152, beta_phi=nan
NaN in beta_*: layer 9, bs_iter=38, k=738, beta_mu=2.9800721410504767e+152, beta_phi=nan
NaN in beta_*: layer 9, bs_iter=38, k=739, beta_mu=2.959795519366187e+152, beta_phi=nan
NaN in beta_*: layer 9, bs_iter=38, k=741, beta_mu=3.502277636310455e+152, beta_phi=nan
NaN in beta_*: layer 9, bs_iter=38, k=745, beta_mu=2.9882578151669274e+152, beta_phi=nan
NaN in beta_*: layer 9, bs_iter=38, k=746, beta_mu=3.021069825898686e+152, beta_phi=nan
NaN in beta_*: layer 9, bs_iter=38, k=757, beta_mu=2.9882570583341465e+152, beta_phi=nan
NaN in beta_*: layer 9, bs_iter=38, k=767, beta_mu=2.984913088771182e+152, beta_phi=nan
NaN in beta_*: layer 9, bs_iter=38, k=777, beta_mu=3.0559993832745205e+152, beta_phi=nan
NaN in beta_*: layer 9, bs_iter=38, k=786, beta_mu=2.5913804410570455e+152, beta_phi=nan
NaN in beta_*: layer 9, bs_iter=38, k=788, beta_mu=2.7767388687007465e+152, beta_phi=nan
NaN in beta_*: layer 9, bs_iter=38, k=792, beta_mu=1.6104205877415017e+152, beta_phi=nan
NaN in beta_*: layer 9, bs_iter=38, k=815, beta_mu=1.0356508101666916e+152, beta_phi=nan
NaN in beta_*: layer 9, bs_iter=38, k=817, beta_mu=1.6115304058904847e+152, beta_phi=nan
NaN in beta_*: layer 9, bs_iter=38, k=850, beta_mu=1.1144570103513855e+152, beta_phi=nan
NaN in beta_*: layer 9, bs_iter=38, k=851, beta_mu=1.2920190887469923e+152, beta_phi=nan
NaN in beta_*: layer 9, bs_iter=38, k=855, beta_mu=1.2974918704998293e+152, beta_phi=nan
NaN in beta_*: layer 9, bs_iter=38, k=859, beta_mu=1.356475138352127e+152, beta_phi=nan
NaN in beta_*: layer 9, bs_iter=38, k=862, beta_mu=1.0581058844555492e+152, beta_phi=nan
NaN in beta_*: layer 9, bs_iter=38, k=872, beta_mu=1.3571594943155351e+152, beta_phi=nan
NaN in beta_*: layer 9, bs_iter=38, k=874, beta_mu=1.057218816597333e+152, beta_phi=nan
NaN in beta_*: layer 9, bs_iter=38, k=878, beta_mu=1.0488043498542318e+152, beta_phi=nan
NaN in beta_*: layer 9, bs_iter=38, k=885, beta_mu=1.3172317501628498e+152, beta_phi=nan
NaN in beta_*: layer 9, bs_iter=38, k=892, beta_mu=1.2545474216503299e+152, beta_phi=nan
NaN in beta_*: layer 9, bs_iter=38, k=893, beta_mu=1.3889623811139557e+152, beta_phi=nan
NaN in beta_*: layer 9, bs_iter=38, k=894, beta_mu=1.2929798537752564e+152, beta_phi=nan
NaN in beta_*: layer 9, bs_iter=38, k=899, beta_mu=1.4522340853182235e+152, beta_phi=nan
NaN in beta_*: layer 9, bs_iter=38, k=924, beta_mu=1.7609385028129782e+152, beta_phi=nan
NaN in beta_*: layer 9, bs_iter=38, k=926, beta_mu=1.5593647468885335e+152, beta_phi=nan
NaN in beta_*: layer 9, bs_iter=38, k=928, beta_mu=1.3385308966845943e+152, beta_phi=nan
NaN in beta_*: layer 9, bs_iter=38, k=951, beta_mu=1.0054839356150587e+152, beta_phi=nan
NaN in beta_*: layer 9, bs_iter=38, k=984, beta_mu=9.75062846936825e+151, beta_phi=nan
NaN in beta_*: layer 9, bs_iter=38, k=989, beta_mu=1.1059661794269515e+152, beta_phi=nan
NaN in beta_*: layer 9, bs_iter=38, k=990, beta_mu=1.3360464749949542e+152, beta_phi=nan
NaN in beta_*: layer 9, bs_iter=38, k=994, beta_mu=1.379313671405254e+152, beta_phi=nan
NaN in beta_*: layer 9, bs_iter=38, k=1022, beta_mu=1.2540730056359053e+152, beta_phi=nan
NaN in beta_*: layer 9, bs_iter=38, k=1023, beta_mu=1.1674395263345218e+152, beta_phi=nan
NaN in beta_*: layer 9, bs_iter=38, k=1035, beta_mu=1.4045783022789217e+152, beta_phi=nan
NaN in beta_*: layer 9, bs_iter=38, k=1036, beta_mu=1.2049560762969936e+152, beta_phi=nan
NaN in beta_*: layer 9, bs_iter=38, k=1038, beta_mu=1.359356085951385e+152, beta_phi=nan
NaN in beta_*: layer 9, bs_iter=38, k=1044, beta_mu=1.2605370184559503e+152, beta_phi=nan
NaN in beta_*: layer 9, bs_iter=38, k=1089, beta_mu=1.0454314946553132e+152, beta_phi=nan
NaN in beta_*: layer 9, bs_iter=38, k=1091, beta_mu=2.4884919662217485e+152, beta_phi=nan
NaN in beta_*: layer 9, bs_iter=38, k=1094, beta_mu=1.0129948029905247e+152, beta_phi=nan
NaN in beta_*: layer 9, bs_iter=38, k=1099, beta_mu=1.2242884808441208e+152, beta_phi=nan
NaN in beta_*: layer 9, bs_iter=38, k=1104, beta_mu=1.954627155928977e+152, beta_phi=nan
NaN in beta_*: layer 9, bs_iter=38, k=1112, beta_mu=1.0487410375628598e+152, beta_phi=nan
NaN in beta_*: layer 9, bs_iter=38, k=1116, beta_mu=1.3978214478079133e+152, beta_phi=nan
NaN in beta_*: layer 9, bs_iter=38, k=1136, beta_mu=9.983983033391902e+151, beta_phi=nan
NaN in beta_*: layer 9, bs_iter=38, k=1137, beta_mu=1.1604623575167123e+152, beta_phi=nan
NaN in beta_*: layer 9, bs_iter=38, k=1139, beta_mu=1.160462620680536e+152, beta_phi=nan
NaN in beta_*: layer 9, bs_iter=38, k=1161, beta_mu=1.143677629367883e+152, beta_phi=nan
NaN in beta_*: layer 9, bs_iter=38, k=1166, beta_mu=1.1140035404155845e+152, beta_phi=nan
NaN in beta_*: layer 9, bs_iter=38, k=1217, beta_mu=1.2157506782587597e+152, beta_phi=nan
NaN in beta_*: layer 9, bs_iter=38, k=1220, beta_mu=9.729545697901616e+151, beta_phi=nan
NaN in beta_*: layer 9, bs_iter=38, k=1224, beta_mu=1.6029942112238242e+152, beta_phi=nan
NaN in beta_*: layer 9, bs_iter=38, k=1250, beta_mu=9.768415412514356e+151, beta_phi=nan
NaN in beta_*: layer 9, bs_iter=38, k=1266, beta_mu=2.5947126976189446e+152, beta_phi=nan
NaN in beta_*: layer 9, bs_iter=38, k=1270, beta_mu=1.350777111574713e+152, beta_phi=nan
NaN in beta_*: layer 9, bs_iter=38, k=1276, beta_mu=1.1732165615460774e+152, beta_phi=nan
NaN in beta_*: layer 9, bs_iter=38, k=1283, beta_mu=2.546305076622607e+152, beta_phi=nan
NaN in beta_*: layer 9, bs_iter=38, k=1292, beta_mu=1.7392872597133122e+152, beta_phi=nan
NaN in beta_*: layer 9, bs_iter=38, k=1297, beta_mu=1.586621543755709e+152, beta_phi=nan
NaN in beta_*: layer 9, bs_iter=38, k=1298, beta_mu=1.279439525170421e+152, beta_phi=nan
NaN in beta_*: layer 9, bs_iter=38, k=1300, beta_mu=1.1260070641059026e+152, beta_phi=nan
NaN in beta_*: layer 9, bs_iter=38, k=1301, beta_mu=9.713006799417306e+151, beta_phi=nan
NaN in beta_*: layer 9, bs_iter=38, k=1306, beta_mu=1.1120402992952602e+152, beta_phi=nan
NaN in beta_*: layer 9, bs_iter=38, k=1311, beta_mu=2.232297079089883e+152, beta_phi=nan
NaN in beta_*: layer 9, bs_iter=38, k=1320, beta_mu=1.4395944118207765e+152, beta_phi=nan
NaN in beta_*: layer 9, bs_iter=38, k=1321, beta_mu=1.010453091442329e+152, beta_phi=nan
NaN in beta_*: layer 9, bs_iter=38, k=1325, beta_mu=1.174369150913451e+152, beta_phi=nan
NaN in beta_*: layer 9, bs_iter=38, k=1330, beta_mu=9.490852937302972e+151, beta_phi=nan
NaN in beta_*: layer 9, bs_iter=38, k=1341, beta_mu=1.2072117942164313e+152, beta_phi=nan
NaN in beta_*: layer 9, bs_iter=38, k=1345, beta_mu=1.0494285551715102e+152, beta_phi=nan
NaN in beta_*: layer 9, bs_iter=38, k=1347, beta_mu=1.4774751864850954e+152, beta_phi=nan
NaN in beta_*: layer 9, bs_iter=38, k=1352, beta_mu=1.8138111983718566e+152, beta_phi=nan
NaN in beta_*: layer 9, bs_iter=38, k=1353, beta_mu=1.4855016661742886e+152, beta_phi=nan
NaN in beta_*: layer 9, bs_iter=38, k=1357, beta_mu=1.5505781347200255e+152, beta_phi=nan
NaN in beta_*: layer 9, bs_iter=38, k=1360, beta_mu=1.8113213879057437e+152, beta_phi=nan
NaN in beta_*: layer 9, bs_iter=38, k=1376, beta_mu=1.2992011199348582e+152, beta_phi=nan
NaN in beta_*: layer 9, bs_iter=38, k=1379, beta_mu=1.2286073466084356e+152, beta_phi=nan
NaN in beta_*: layer 9, bs_iter=38, k=1383, beta_mu=1.2283351200661133e+152, beta_phi=nan
NaN in beta_*: layer 9, bs_iter=38, k=1387, beta_mu=1.1879183399995505e+152, beta_phi=nan
NaN in beta_*: layer 9, bs_iter=38, k=1390, beta_mu=1.2851112100505065e+152, beta_phi=nan
NaN in beta_*: layer 9, bs_iter=38, k=1394, beta_mu=1.131515878345155e+152, beta_phi=nan
NaN in beta_*: layer 9, bs_iter=38, k=1407, beta_mu=1.029429621658952e+152, beta_phi=nan
NaN in beta_*: layer 9, bs_iter=38, k=1410, beta_mu=1.1237769504057343e+152, beta_phi=nan
NaN in beta_*: layer 9, bs_iter=38, k=1422, beta_mu=1.1802440000916012e+152, beta_phi=nan
NaN in beta_*: layer 9, bs_iter=38, k=1425, beta_mu=1.1101429367760007e+152, beta_phi=nan
NaN in beta_*: layer 9, bs_iter=38, k=1435, beta_mu=1.1136149909287713e+152, beta_phi=nan
NaN in beta_*: layer 9, bs_iter=38, k=1437, beta_mu=1.1044658239254388e+152, beta_phi=nan
NaN in beta_*: layer 9, bs_iter=38, k=1445, beta_mu=1.1734048566811127e+152, beta_phi=nan
NaN in beta_*: layer 9, bs_iter=38, k=1446, beta_mu=1.0651853332309406e+152, beta_phi=nan
NaN in beta_*: layer 9, bs_iter=38, k=1450, beta_mu=1.097155161099323e+152, beta_phi=nan
NaN in beta_*: layer 9, bs_iter=38, k=1453, beta_mu=1.212116934090972e+152, beta_phi=nan
NaN in beta_*: layer 9, bs_iter=38, k=1454, beta_mu=1.16206522539145e+152, beta_phi=nan
NaN in beta_*: layer 9, bs_iter=38, k=1457, beta_mu=1.0301467240345348e+152, beta_phi=nan
NaN in beta_*: layer 9, bs_iter=38, k=1459, beta_mu=1.1255214786215153e+152, beta_phi=nan
NaN in beta_*: layer 9, bs_iter=38, k=1460, beta_mu=1.1687383997489697e+152, beta_phi=nan
NaN in beta_*: layer 9, bs_iter=38, k=1546, beta_mu=1.2917950645409318e+152, beta_phi=nan
NaN in beta_*: layer 9, bs_iter=38, k=1571, beta_mu=9.860434554761486e+151, beta_phi=nan
NaN in beta_*: layer 9, bs_iter=38, k=1572, beta_mu=1.0307083062434325e+152, beta_phi=nan
NaN in beta_*: layer 9, bs_iter=38, k=1573, beta_mu=1.0663679459057504e+152, beta_phi=nan
NaN in beta_*: layer 9, bs_iter=38, k=1580, beta_mu=1.029991849771734e+152, beta_phi=nan
NaN in beta_*: layer 9, bs_iter=38, k=1582, beta_mu=1.106075830896529e+152, beta_phi=nan
NaN in beta_*: layer 9, bs_iter=38, k=1583, beta_mu=1.0097208199622765e+152, beta_phi=nan
NaN in beta_*: layer 9, bs_iter=38, k=1587, beta_mu=1.19860796277554e+152, beta_phi=nan
NaN in beta_*: layer 9, bs_iter=38, k=1588, beta_mu=1.1072402388237208e+152, beta_phi=nan
NaN in beta_*: layer 9, bs_iter=38, k=1589, beta_mu=1.1739576277998173e+152, beta_phi=nan
NaN in beta_*: layer 9, bs_iter=38, k=1590, beta_mu=1.1470352602293025e+152, beta_phi=nan
NaN in beta_*: layer 9, bs_iter=38, k=1594, beta_mu=1.666075562368947e+152, beta_phi=nan
NaN in beta_*: layer 9, bs_iter=38, k=1598, beta_mu=1.048356653377088e+152, beta_phi=nan
NaN in beta_*: layer 9, bs_iter=38, k=1603, beta_mu=1.5309217380023122e+152, beta_phi=nan
NaN in beta_*: layer 9, bs_iter=38, k=1607, beta_mu=1.0109908044387693e+152, beta_phi=nan
NaN in beta_*: layer 9, bs_iter=38, k=1611, beta_mu=1.1671971376198726e+152, beta_phi=nan
NaN in beta_*: layer 9, bs_iter=38, k=1612, beta_mu=1.245027766635188e+152, beta_phi=nan
NaN in beta_*: layer 9, bs_iter=38, k=1613, beta_mu=1.1119865720279268e+152, beta_phi=nan
NaN in beta_*: layer 9, bs_iter=38, k=1616, beta_mu=1.1201666066785779e+152, beta_phi=nan
NaN in beta_*: layer 9, bs_iter=38, k=1622, beta_mu=1.0481347793937647e+152, beta_phi=nan
NaN in beta_*: layer 9, bs_iter=38, k=1623, beta_mu=1.39865455084849e+152, beta_phi=nan
NaN in beta_*: layer 9, bs_iter=38, k=1624, beta_mu=1.0603089187066425e+152, beta_phi=nan
NaN in beta_*: layer 9, bs_iter=38, k=1626, beta_mu=1.0385246315098319e+152, beta_phi=nan
NaN in beta_*: layer 9, bs_iter=38, k=1629, beta_mu=9.500292518037476e+151, beta_phi=nan
NaN in beta_*: layer 9, bs_iter=38, k=1674, beta_mu=1.3452395364525541e+152, beta_phi=nan
NaN in beta_*: layer 9, bs_iter=38, k=1688, beta_mu=1.2409487548547616e+152, beta_phi=nan
NaN in beta_*: layer 9, bs_iter=38, k=1693, beta_mu=2.828193585325072e+152, beta_phi=nan
NaN in beta_*: layer 9, bs_iter=38, k=1707, beta_mu=2.200059103338251e+152, beta_phi=nan
NaN in beta_*: layer 9, bs_iter=38, k=1753, beta_mu=1.398865912923289e+152, beta_phi=nan
NaN in beta_*: layer 9, bs_iter=38, k=1801, beta_mu=9.505460646016045e+151, beta_phi=nan
NaN in beta_*: layer 9, bs_iter=38, k=1813, beta_mu=1.9535670027941547e+152, beta_phi=nan
NaN in beta_*: layer 9, bs_iter=38, k=1861, beta_mu=1.924005645377979e+152, beta_phi=nan
NaN in beta_*: layer 9, bs_iter=38, k=1878, beta_mu=2.2251000037102303e+152, beta_phi=nan
NaN in beta_*: layer 9, bs_iter=38, k=1898, beta_mu=1.1814597844155399e+152, beta_phi=nan
NaN in beta_*: layer 9, bs_iter=38, k=2013, beta_mu=1.8116278839556864e+152, beta_phi=nan
NaN in beta_*: layer 9, bs_iter=38, k=2038, beta_mu=9.614073174095143e+151, beta_phi=nan
NaN in beta_*: layer 9, bs_iter=38, k=2040, beta_mu=4.061498370272661e+152, beta_phi=nan
NaN in beta_*: layer 9, bs_iter=38, k=2044, beta_mu=1.1350688734850495e+152, beta_phi=nan
NaN in beta_*: layer 9, bs_iter=38, k=2047, beta_mu=1.7209248817358265e+152, beta_phi=nan
NaN in beta_*: layer 9, bs_iter=38, k=2048, beta_mu=1.2099984558308547e+152, beta_phi=nan
NaN in beta_*: layer 9, bs_iter=38, k=2051, beta_mu=1.145752706647664e+152, beta_phi=nan
NaN in beta_*: layer 9, bs_iter=38, k=2054, beta_mu=1.6170966035602714e+152, beta_phi=nan
NaN in beta_*: layer 9, bs_iter=38, k=2055, beta_mu=1.900753608506294e+152, beta_phi=nan
NaN in beta_*: layer 9, bs_iter=38, k=2056, beta_mu=1.6130753602227835e+152, beta_phi=nan
NaN in beta_*: layer 9, bs_iter=38, k=2057, beta_mu=1.853592016556893e+152, beta_phi=nan
NaN in beta_*: layer 9, bs_iter=38, k=2060, beta_mu=1.8551813635656985e+152, beta_phi=nan
NaN in beta_*: layer 9, bs_iter=38, k=2061, beta_mu=1.6871243093060159e+152, beta_phi=nan
NaN in beta_*: layer 9, bs_iter=38, k=2063, beta_mu=2.178373171903844e+152, beta_phi=nan
NaN in beta_*: layer 9, bs_iter=38, k=2096, beta_mu=1.566576852271331e+152, beta_phi=nan
NaN in beta_*: layer 9, bs_iter=38, k=2107, beta_mu=2.1573942215692225e+152, beta_phi=nan
NaN in beta_*: layer 9, bs_iter=38, k=2113, beta_mu=1.5353897467933775e+152, beta_phi=nan
NaN in beta_*: layer 9, bs_iter=38, k=2115, beta_mu=1.4432034491986718e+152, beta_phi=nan
NaN in beta_*: layer 9, bs_iter=38, k=2117, beta_mu=1.6598508823405776e+152, beta_phi=nan
NaN in beta_*: layer 9, bs_iter=38, k=2119, beta_mu=1.972924671678901e+152, beta_phi=nan
NaN in beta_*: layer 9, bs_iter=38, k=2120, beta_mu=1.652763344830592e+152, beta_phi=nan
NaN in beta_*: layer 9, bs_iter=38, k=2124, beta_mu=1.5135067598288155e+152, beta_phi=nan
NaN in beta_*: layer 9, bs_iter=38, k=2127, beta_mu=1.8890586333949564e+152, beta_phi=nan
NaN in beta_*: layer 9, bs_iter=38, k=2129, beta_mu=9.738411900432478e+151, beta_phi=nan
NaN in beta_*: layer 9, bs_iter=38, k=2133, beta_mu=1.1184626735274535e+152, beta_phi=nan
NaN in beta_*: layer 9, bs_iter=38, k=2140, beta_mu=1.5147394690254706e+152, beta_phi=nan
NaN in beta_*: layer 9, bs_iter=38, k=2142, beta_mu=1.2399767597827664e+152, beta_phi=nan
NaN in beta_*: layer 9, bs_iter=38, k=2143, beta_mu=1.3129083728835523e+152, beta_phi=nan
NaN in beta_*: layer 9, bs_iter=38, k=2144, beta_mu=3.207081881559588e+152, beta_phi=nan
NaN in beta_*: layer 9, bs_iter=38, k=2145, beta_mu=3.031520627036146e+152, beta_phi=nan
NaN in beta_*: layer 9, bs_iter=38, k=2147, beta_mu=2.96102499302361e+152, beta_phi=nan
NaN in beta_*: layer 9, bs_iter=38, k=2149, beta_mu=3.011731403311359e+152, beta_phi=nan
NaN in beta_*: layer 9, bs_iter=38, k=2151, beta_mu=2.82921940111477e+152, beta_phi=nan
NaN in beta_*: layer 9, bs_iter=38, k=2152, beta_mu=1.5220151465491072e+152, beta_phi=nan
NaN in beta_*: layer 9, bs_iter=38, k=2153, beta_mu=2.9707583746276857e+152, beta_phi=nan
NaN in beta_*: layer 9, bs_iter=38, k=2157, beta_mu=2.9508317828857975e+152, beta_phi=nan
NaN in beta_*: layer 9, bs_iter=38, k=2192, beta_mu=9.55954307828406e+151, beta_phi=nan
NaN in beta_*: layer 9, bs_iter=38, k=2207, beta_mu=1.0732886516609354e+152, beta_phi=nan
NaN in beta_*: layer 9, bs_iter=38, k=2219, beta_mu=9.549574595213578e+151, beta_phi=nan
NaN in beta_*: layer 9, bs_iter=38, k=2251, beta_mu=9.993945237979539e+151, beta_phi=nan
NaN in beta_*: layer 9, bs_iter=38, k=2253, beta_mu=1.0266351435446989e+152, beta_phi=nan
NaN in beta_*: layer 9, bs_iter=38, k=2274, beta_mu=9.533401843593904e+151, beta_phi=nan
NaN in beta_*: layer 9, bs_iter=38, k=2311, beta_mu=1.2717476660712229e+152, beta_phi=nan
NaN in beta_*: layer 9, bs_iter=38, k=2323, beta_mu=1.3006227140858834e+152, beta_phi=nan
NaN in beta_*: layer 9, bs_iter=38, k=2324, beta_mu=1.5906622555722385e+152, beta_phi=nan
NaN in beta_*: layer 9, bs_iter=38, k=2325, beta_mu=1.0006022816743217e+152, beta_phi=nan
NaN in beta_*: layer 9, bs_iter=38, k=2329, beta_mu=1.334986043911402e+152, beta_phi=nan
NaN in beta_*: layer 9, bs_iter=38, k=2331, beta_mu=1.215567432313895e+152, beta_phi=nan
NaN in beta_*: layer 9, bs_iter=38, k=2339, beta_mu=1.1010951306097238e+152, beta_phi=nan
NaN in beta_*: layer 9, bs_iter=38, k=2340, beta_mu=9.617596368306038e+151, beta_phi=nan
NaN in beta_*: layer 9, bs_iter=38, k=2341, beta_mu=2.0047697815563637e+152, beta_phi=nan
NaN in beta_*: layer 9, bs_iter=38, k=2346, beta_mu=1.1151302126568058e+152, beta_phi=nan
NaN in beta_*: layer 9, bs_iter=38, k=2357, beta_mu=9.720725833064266e+151, beta_phi=nan
NaN in beta_*: layer 9, bs_iter=38, k=2360, beta_mu=1.1662847903540636e+152, beta_phi=nan
NaN in beta_*: layer 9, bs_iter=38, k=2375, beta_mu=1.4044419164896948e+152, beta_phi=nan
NaN in beta_*: layer 9, bs_iter=38, k=2380, beta_mu=1.5025190446564443e+152, beta_phi=nan
NaN in beta_*: layer 9, bs_iter=38, k=2387, beta_mu=1.55377188990392e+152, beta_phi=nan
NaN in beta_*: layer 9, bs_iter=38, k=2394, beta_mu=1.3913975694935335e+152, beta_phi=nan
NaN in beta_*: layer 9, bs_iter=38, k=2396, beta_mu=1.0977866537716696e+152, beta_phi=nan
NaN in beta_*: layer 9, bs_iter=38, k=2411, beta_mu=1.405039494383449e+152, beta_phi=nan
NaN in beta_*: layer 9, bs_iter=38, k=2418, beta_mu=3.392778533429343e+152, beta_phi=nan
NaN in beta_*: layer 9, bs_iter=38, k=2438, beta_mu=5.232283517356023e+152, beta_phi=nan
NaN in beta_*: layer 9, bs_iter=38, k=2446, beta_mu=1.2988339315153759e+152, beta_phi=nan
NaN in beta_*: layer 9, bs_iter=38, k=2454, beta_mu=1.2436591593080204e+152, beta_phi=nan
NaN in beta_*: layer 9, bs_iter=38, k=2458, beta_mu=1.1847618433848051e+152, beta_phi=nan
NaN in beta_*: layer 9, bs_iter=38, k=2462, beta_mu=1.2476024515122966e+152, beta_phi=nan
NaN in beta_*: layer 9, bs_iter=38, k=2463, beta_mu=2.614067161994043e+152, beta_phi=nan
NaN in beta_*: layer 9, bs_iter=38, k=2466, beta_mu=1.2731203754802551e+152, beta_phi=nan
NaN in beta_*: layer 9, bs_iter=38, k=2469, beta_mu=1.268086441845314e+152, beta_phi=nan
NaN in beta_*: layer 9, bs_iter=38, k=2472, beta_mu=1.241012685285475e+152, beta_phi=nan
NaN in beta_*: layer 9, bs_iter=38, k=2473, beta_mu=1.2410130551295544e+152, beta_phi=nan
NaN in beta_*: layer 9, bs_iter=38, k=2474, beta_mu=1.3655810716426704e+152, beta_phi=nan
NaN in beta_*: layer 9, bs_iter=38, k=2475, beta_mu=1.3495174755991495e+152, beta_phi=nan
NaN in beta_*: layer 9, bs_iter=38, k=2478, beta_mu=1.400563353859422e+152, beta_phi=nan
NaN in beta_*: layer 9, bs_iter=38, k=2480, beta_mu=1.4005636365218014e+152, beta_phi=nan
NaN in beta_*: layer 9, bs_iter=38, k=2496, beta_mu=1.384426862621378e+152, beta_phi=nan
NaN in beta_*: layer 9, bs_iter=38, k=2497, beta_mu=1.384426779654836e+152, beta_phi=nan
NaN in beta_*: layer 9, bs_iter=38, k=2506, beta_mu=1.3830435203519973e+152, beta_phi=nan
NaN in beta_*: layer 9, bs_iter=38, k=2511, beta_mu=1.6734047801596285e+152, beta_phi=nan
NaN in beta_*: layer 9, bs_iter=38, k=2524, beta_mu=1.7112068384409275e+152, beta_phi=nan
NaN in beta_*: layer 9, bs_iter=38, k=2537, beta_mu=1.3488180473560027e+152, beta_phi=nan
NaN in beta_*: layer 9, bs_iter=38, k=2546, beta_mu=1.8502834833400473e+152, beta_phi=nan
NaN in beta_*: layer 9, bs_iter=38, k=2560, beta_mu=1.75294269802561e+152, beta_phi=nan
NaN in beta_*: layer 9, bs_iter=38, k=2570, beta_mu=1.8107341294355807e+152, beta_phi=nan
NaN in beta_*: layer 9, bs_iter=38, k=2578, beta_mu=1.7658478290332839e+152, beta_phi=nan
NaN in beta_*: layer 9, bs_iter=38, k=2583, beta_mu=1.1874250475839614e+152, beta_phi=nan
NaN in beta_*: layer 9, bs_iter=38, k=2584, beta_mu=1.7679130617725453e+152, beta_phi=nan
NaN in beta_*: layer 9, bs_iter=38, k=2587, beta_mu=1.7360534941422445e+152, beta_phi=nan
NaN in beta_*: layer 9, bs_iter=38, k=2592, beta_mu=1.0441707731271603e+152, beta_phi=nan
NaN in beta_*: layer 9, bs_iter=38, k=2593, beta_mu=1.7262986228632832e+152, beta_phi=nan
NaN in beta_*: layer 9, bs_iter=38, k=2596, beta_mu=1.7750625945241844e+152, beta_phi=nan
NaN in beta_*: layer 9, bs_iter=38, k=2603, beta_mu=1.6972010275600335e+152, beta_phi=nan
NaN in beta_*: layer 9, bs_iter=38, k=2605, beta_mu=1.7890131057003122e+152, beta_phi=nan
NaN in beta_*: layer 9, bs_iter=38, k=2608, beta_mu=1.7484136228390902e+152, beta_phi=nan
NaN in beta_*: layer 9, bs_iter=38, k=2611, beta_mu=1.7490296329349463e+152, beta_phi=nan
NaN in beta_*: layer 9, bs_iter=38, k=2616, beta_mu=1.6844319079497622e+152, beta_phi=nan
NaN in beta_*: layer 9, bs_iter=38, k=2620, beta_mu=1.8321118081578118e+152, beta_phi=nan
NaN in beta_*: layer 9, bs_iter=38, k=2628, beta_mu=1.686153667370408e+152, beta_phi=nan
NaN in beta_*: layer 9, bs_iter=38, k=2629, beta_mu=1.6784235546161429e+152, beta_phi=nan
NaN in beta_*: layer 9, bs_iter=38, k=2631, beta_mu=1.9641548958372859e+152, beta_phi=nan
NaN in beta_*: layer 9, bs_iter=38, k=2635, beta_mu=2.358991436677527e+152, beta_phi=nan
NaN in beta_*: layer 9, bs_iter=38, k=2636, beta_mu=2.0491203605314106e+152, beta_phi=nan
NaN in beta_*: layer 9, bs_iter=38, k=2638, beta_mu=2.1618659157503227e+152, beta_phi=nan
NaN in beta_*: layer 9, bs_iter=38, k=2639, beta_mu=2.2365315176820016e+152, beta_phi=nan
NaN in beta_*: layer 9, bs_iter=38, k=2640, beta_mu=1.965385055086176e+152, beta_phi=nan
NaN in beta_*: layer 9, bs_iter=38, k=2641, beta_mu=2.138650168064238e+152, beta_phi=nan
NaN in beta_*: layer 9, bs_iter=38, k=2645, beta_mu=2.2977748202616928e+152, beta_phi=nan
NaN in beta_*: layer 9, bs_iter=38, k=2646, beta_mu=3.4622337473931592e+152, beta_phi=nan
NaN in beta_*: layer 9, bs_iter=38, k=2648, beta_mu=1.7339575432647854e+152, beta_phi=nan
NaN in beta_*: layer 9, bs_iter=38, k=2657, beta_mu=1.5003513410310534e+152, beta_phi=nan
NaN in beta_*: layer 9, bs_iter=38, k=2678, beta_mu=9.747908467092429e+151, beta_phi=nan
NaN in beta_*: layer 9, bs_iter=38, k=2680, beta_mu=9.492693278015673e+151, beta_phi=nan
NaN in beta_*: layer 9, bs_iter=38, k=2681, beta_mu=1.0117281210294992e+152, beta_phi=nan
NaN in beta_*: layer 9, bs_iter=38, k=2682, beta_mu=1.995704599027917e+152, beta_phi=nan
NaN in beta_*: layer 9, bs_iter=38, k=2712, beta_mu=1.5446814309604693e+152, beta_phi=nan
NaN in beta_*: layer 9, bs_iter=38, k=2715, beta_mu=3.1803202360041187e+152, beta_phi=nan
NaN in beta_*: layer 9, bs_iter=38, k=2721, beta_mu=1.0255900976847874e+152, beta_phi=nan
NaN in beta_*: layer 9, bs_iter=38, k=2724, beta_mu=1.6931922618640808e+152, beta_phi=nan
NaN in beta_*: layer 9, bs_iter=38, k=2725, beta_mu=1.622836735952068e+152, beta_phi=nan
NaN in beta_*: layer 9, bs_iter=38, k=2727, beta_mu=1.4014604755308519e+152, beta_phi=nan
NaN in beta_*: layer 9, bs_iter=38, k=2728, beta_mu=1.5836442690117719e+152, beta_phi=nan
NaN in beta_*: layer 9, bs_iter=38, k=2731, beta_mu=1.5589961991753653e+152, beta_phi=nan
NaN in beta_*: layer 9, bs_iter=38, k=2732, beta_mu=1.5321215737066335e+152, beta_phi=nan
NaN in beta_*: layer 9, bs_iter=38, k=2733, beta_mu=1.5074654135641456e+152, beta_phi=nan
NaN in beta_*: layer 9, bs_iter=38, k=2734, beta_mu=1.2514903726861635e+152, beta_phi=nan
NaN in beta_*: layer 9, bs_iter=38, k=2743, beta_mu=1.9359255302052106e+152, beta_phi=nan
NaN in beta_*: layer 9, bs_iter=38, k=2745, beta_mu=1.6058260359723203e+152, beta_phi=nan
NaN in beta_*: layer 9, bs_iter=38, k=2748, beta_mu=2.477495634422391e+152, beta_phi=nan
NaN in beta_*: layer 9, bs_iter=38, k=2755, beta_mu=2.596494880585117e+152, beta_phi=nan
NaN in beta_*: layer 9, bs_iter=38, k=2772, beta_mu=3.201638204169599e+152, beta_phi=nan
NaN in beta_*: layer 9, bs_iter=38, k=2787, beta_mu=1.3874333998623884e+152, beta_phi=nan
NaN in beta_*: layer 9, bs_iter=38, k=2790, beta_mu=2.5095790686181826e+152, beta_phi=nan
NaN in beta_*: layer 9, bs_iter=38, k=2797, beta_mu=1.1787482659459017e+152, beta_phi=nan
NaN in beta_*: layer 9, bs_iter=38, k=2798, beta_mu=1.6716051821501104e+152, beta_phi=nan
NaN in beta_*: layer 9, bs_iter=38, k=2799, beta_mu=4.1507102460310676e+152, beta_phi=nan
NaN in beta_*: layer 9, bs_iter=38, k=2805, beta_mu=9.584376490598314e+152, beta_phi=nan
NaN in beta_*: layer 9, bs_iter=38, k=2806, beta_mu=1.0075001259655757e+152, beta_phi=nan
NaN in beta_*: layer 9, bs_iter=38, k=2808, beta_mu=2.010063678329078e+152, beta_phi=nan
NaN in beta_*: layer 9, bs_iter=38, k=2810, beta_mu=1.911036801514869e+152, beta_phi=nan
NaN in beta_*: layer 9, bs_iter=38, k=2812, beta_mu=1.3459989792123408e+152, beta_phi=nan
NaN in beta_*: layer 9, bs_iter=38, k=2813, beta_mu=1.1090512377171368e+152, beta_phi=nan
NaN in beta_*: layer 9, bs_iter=38, k=2814, beta_mu=3.413900759988301e+152, beta_phi=nan
NaN in beta_*: layer 9, bs_iter=38, k=2815, beta_mu=3.8391836442389997e+152, beta_phi=nan
NaN in beta_*: layer 9, bs_iter=38, k=2816, beta_mu=1.4355690428942003e+152, beta_phi=nan
NaN in beta_*: layer 9, bs_iter=38, k=2817, beta_mu=1.3861973432055061e+152, beta_phi=nan
NaN in beta_*: layer 9, bs_iter=38, k=2818, beta_mu=3.8334679969128554e+152, beta_phi=nan
NaN in beta_*: layer 9, bs_iter=38, k=2819, beta_mu=3.72932646061966e+152, beta_phi=nan
NaN in beta_*: layer 9, bs_iter=38, k=2821, beta_mu=5.129427003051714e+152, beta_phi=nan
NaN in beta_*: layer 9, bs_iter=38, k=2822, beta_mu=7.809885618546056e+152, beta_phi=nan
NaN in beta_*: layer 9, bs_iter=38, k=2823, beta_mu=5.013608845433473e+152, beta_phi=nan
NaN in beta_*: layer 9, bs_iter=38, k=2824, beta_mu=4.1183931634088703e+152, beta_phi=nan
NaN in beta_*: layer 9, bs_iter=38, k=2825, beta_mu=2.895769087775059e+152, beta_phi=nan
NaN in beta_*: layer 9, bs_iter=38, k=2826, beta_mu=2.436559036088153e+152, beta_phi=nan
NaN in beta_*: layer 9, bs_iter=38, k=2827, beta_mu=2.2670465166503375e+152, beta_phi=nan
NaN in beta_*: layer 9, bs_iter=38, k=2828, beta_mu=2.0821013006265545e+152, beta_phi=nan
NaN in beta_*: layer 9, bs_iter=38, k=2831, beta_mu=2.366631454116674e+152, beta_phi=nan
NaN in beta_*: layer 9, bs_iter=38, k=2834, beta_mu=2.705247218542187e+152, beta_phi=nan
NaN in beta_*: layer 9, bs_iter=38, k=2835, beta_mu=2.7030297120873185e+152, beta_phi=nan
NaN in beta_*: layer 9, bs_iter=38, k=2838, beta_mu=2.7936675536592995e+152, beta_phi=nan
NaN in beta_*: layer 9, bs_iter=38, k=2839, beta_mu=2.800709967694666e+152, beta_phi=nan
NaN in beta_*: layer 9, bs_iter=38, k=2841, beta_mu=2.838527513736986e+152, beta_phi=nan
NaN in beta_*: layer 9, bs_iter=38, k=2844, beta_mu=2.570374800206772e+152, beta_phi=nan
NaN in beta_*: layer 9, bs_iter=38, k=2846, beta_mu=9.297851913347764e+152, beta_phi=nan
NaN in beta_*: layer 9, bs_iter=38, k=2847, beta_mu=5.207344699371298e+152, beta_phi=nan
NaN in beta_*: layer 9, bs_iter=38, k=2848, beta_mu=5.216838875180467e+152, beta_phi=nan
NaN in beta_*: layer 9, bs_iter=38, k=2849, beta_mu=1.138961638574568e+152, beta_phi=nan
NaN in beta_*: layer 9, bs_iter=38, k=2850, beta_mu=1.4512525937731375e+152, beta_phi=nan
NaN in beta_*: layer 9, bs_iter=38, k=2851, beta_mu=1.4715841461022854e+152, beta_phi=nan
NaN in beta_*: layer 9, bs_iter=38, k=2852, beta_mu=1.299365777402698e+152, beta_phi=nan
NaN in beta_*: layer 9, bs_iter=38, k=2853, beta_mu=1.3461005596271433e+152, beta_phi=nan
NaN in beta_*: layer 9, bs_iter=38, k=2854, beta_mu=1.3632057530363697e+152, beta_phi=nan
NaN in beta_*: layer 9, bs_iter=38, k=2857, beta_mu=1.6475016705745568e+152, beta_phi=nan
NaN in beta_*: layer 9, bs_iter=38, k=2858, beta_mu=2.596488984872649e+152, beta_phi=nan
NaN in beta_*: layer 9, bs_iter=38, k=2859, beta_mu=1.4877108669353788e+152, beta_phi=nan
NaN in beta_*: layer 9, bs_iter=38, k=2861, beta_mu=3.1709311057857043e+152, beta_phi=nan
NaN in beta_*: layer 9, bs_iter=38, k=2862, beta_mu=2.6191592136453373e+152, beta_phi=nan
NaN in beta_*: layer 9, bs_iter=38, k=2865, beta_mu=2.5464377405465227e+152, beta_phi=nan
NaN in beta_*: layer 9, bs_iter=38, k=2866, beta_mu=2.4540296239533745e+152, beta_phi=nan
NaN in beta_*: layer 9, bs_iter=38, k=2871, beta_mu=2.188153854354662e+152, beta_phi=nan
NaN in beta_*: layer 9, bs_iter=38, k=2872, beta_mu=1.355868016330082e+152, beta_phi=nan
NaN in beta_*: layer 9, bs_iter=38, k=2877, beta_mu=3.293715913089861e+152, beta_phi=nan
NaN in beta_*: layer 9, bs_iter=38, k=2886, beta_mu=4.0985103101265614e+152, beta_phi=nan
NaN in beta_*: layer 9, bs_iter=38, k=2892, beta_mu=4.0427834473711647e+152, beta_phi=nan
NaN in beta_*: layer 9, bs_iter=38, k=2893, beta_mu=4.0369837988866667e+152, beta_phi=nan
NaN in beta_*: layer 9, bs_iter=38, k=2895, beta_mu=2.5264182108025263e+152, beta_phi=nan
NaN in beta_*: layer 9, bs_iter=38, k=2905, beta_mu=2.190117543291864e+152, beta_phi=nan
NaN in beta_*: layer 9, bs_iter=38, k=2906, beta_mu=1.6883476194047965e+152, beta_phi=nan
NaN in beta_*: layer 9, bs_iter=38, k=2908, beta_mu=1.7534437059480897e+152, beta_phi=nan
NaN in beta_*: layer 9, bs_iter=38, k=2909, beta_mu=4.0593259926467307e+152, beta_phi=nan
NaN in beta_*: layer 9, bs_iter=38, k=2911, beta_mu=1.9820960077153699e+152, beta_phi=nan
NaN in beta_*: layer 9, bs_iter=38, k=2912, beta_mu=3.080789110810536e+152, beta_phi=nan
NaN in beta_*: layer 9, bs_iter=38, k=2914, beta_mu=1.8493687729514469e+152, beta_phi=nan
NaN in beta_*: layer 9, bs_iter=38, k=2915, beta_mu=3.6402341383594744e+152, beta_phi=nan
NaN in beta_*: layer 9, bs_iter=38, k=2916, beta_mu=3.6473156759635527e+152, beta_phi=nan
NaN in beta_*: layer 9, bs_iter=38, k=2918, beta_mu=1.890623512000022e+152, beta_phi=nan
NaN in beta_*: layer 9, bs_iter=38, k=2926, beta_mu=4.067830045020472e+152, beta_phi=nan
NaN in beta_*: layer 9, bs_iter=38, k=2928, beta_mu=1.18252489140245e+152, beta_phi=nan
NaN in beta_*: layer 9, bs_iter=38, k=2931, beta_mu=4.0214160595819926e+152, beta_phi=nan
NaN in beta_*: layer 9, bs_iter=38, k=2933, beta_mu=4.162247727649327e+152, beta_phi=nan
NaN in beta_*: layer 9, bs_iter=38, k=2935, beta_mu=1.817093271019129e+152, beta_phi=nan
NaN in beta_*: layer 9, bs_iter=38, k=2936, beta_mu=4.013750478287249e+152, beta_phi=nan
NaN in beta_*: layer 9, bs_iter=38, k=2939, beta_mu=1.7222129768509575e+152, beta_phi=nan
NaN in beta_*: layer 9, bs_iter=38, k=2941, beta_mu=9.840605890061955e+151, beta_phi=nan
NaN in beta_*: layer 9, bs_iter=38, k=2942, beta_mu=1.2165521938822626e+152, beta_phi=nan
NaN in beta_*: layer 9, bs_iter=38, k=2947, beta_mu=3.89488391626919e+152, beta_phi=nan
NaN in beta_*: layer 9, bs_iter=38, k=2948, beta_mu=3.521509952484599e+152, beta_phi=nan
NaN in beta_*: layer 9, bs_iter=38, k=2950, beta_mu=1.8316938484196668e+152, beta_phi=nan
NaN in beta_*: layer 9, bs_iter=38, k=2951, beta_mu=3.691617815669595e+152, beta_phi=nan
NaN in beta_*: layer 9, bs_iter=38, k=2953, beta_mu=3.6238527341395176e+152, beta_phi=nan
NaN in beta_*: layer 9, bs_iter=38, k=2954, beta_mu=1.6576431479617822e+152, beta_phi=nan
NaN in beta_*: layer 9, bs_iter=38, k=2955, beta_mu=2.2705118514438953e+152, beta_phi=nan
NaN in beta_*: layer 9, bs_iter=38, k=2957, beta_mu=1.6981350788626013e+152, beta_phi=nan
NaN in beta_*: layer 9, bs_iter=38, k=2958, beta_mu=1.6635608828538613e+152, beta_phi=nan
NaN in beta_*: layer 9, bs_iter=38, k=2959, beta_mu=1.7241758219244155e+152, beta_phi=nan
NaN in beta_*: layer 9, bs_iter=38, k=2964, beta_mu=1.607635684380394e+152, beta_phi=nan
NaN in beta_*: layer 9, bs_iter=38, k=2965, beta_mu=6.733242622592518e+152, beta_phi=nan
NaN in beta_*: layer 9, bs_iter=38, k=2966, beta_mu=5.635811391045022e+152, beta_phi=nan
NaN in beta_*: layer 9, bs_iter=38, k=2970, beta_mu=2.700654302268715e+152, beta_phi=nan
NaN in beta_*: layer 9, bs_iter=38, k=2971, beta_mu=2.9057642567048747e+152, beta_phi=nan
NaN in beta_*: layer 9, bs_iter=38, k=2974, beta_mu=1.9237867029361137e+152, beta_phi=nan
NaN in beta_*: layer 9, bs_iter=38, k=2977, beta_mu=1.934916555542294e+152, beta_phi=nan
NaN in beta_*: layer 9, bs_iter=38, k=2980, beta_mu=3.0203119857353837e+152, beta_phi=nan
NaN in beta_*: layer 9, bs_iter=38, k=2982, beta_mu=2.067775126500483e+152, beta_phi=nan
NaN in beta_*: layer 9, bs_iter=38, k=2985, beta_mu=1.3783464441115356e+152, beta_phi=nan
NaN in beta_*: layer 9, bs_iter=38, k=2986, beta_mu=3.2782407676005747e+152, beta_phi=nan
NaN in beta_*: layer 9, bs_iter=38, k=2988, beta_mu=1.3341426495174558e+152, beta_phi=nan
NaN in beta_*: layer 9, bs_iter=38, k=2990, beta_mu=1.378481953561816e+152, beta_phi=nan
NaN in beta_*: layer 9, bs_iter=38, k=2991, beta_mu=1.4972067137107512e+152, beta_phi=nan
NaN in beta_*: layer 9, bs_iter=38, k=2992, beta_mu=1.6103273104102588e+152, beta_phi=nan
NaN in beta_*: layer 9, bs_iter=38, k=2993, beta_mu=1.7832471541334753e+152, beta_phi=nan
NaN in beta_*: layer 9, bs_iter=38, k=2994, beta_mu=1.627295983264759e+152, beta_phi=nan
NaN in beta_*: layer 9, bs_iter=38, k=2995, beta_mu=2.570774182611928e+152, beta_phi=nan
NaN in beta_*: layer 9, bs_iter=38, k=2996, beta_mu=1.7419980108692225e+152, beta_phi=nan
NaN in beta_*: layer 9, bs_iter=38, k=3000, beta_mu=1.6262662429106764e+152, beta_phi=nan
NaN in beta_*: layer 9, bs_iter=38, k=3001, beta_mu=1.7367623844156588e+152, beta_phi=nan
NaN in beta_*: layer 9, bs_iter=38, k=3003, beta_mu=1.4541472522784863e+152, beta_phi=nan
NaN in beta_*: layer 9, bs_iter=38, k=3004, beta_mu=1.6862561570004792e+152, beta_phi=nan
NaN in beta_*: layer 9, bs_iter=38, k=3005, beta_mu=1.6008016514775245e+152, beta_phi=nan
NaN in beta_*: layer 9, bs_iter=38, k=3006, beta_mu=1.6927380725318608e+152, beta_phi=nan
NaN in beta_*: layer 9, bs_iter=38, k=3008, beta_mu=2.11193601835303e+152, beta_phi=nan
NaN in beta_*: layer 9, bs_iter=38, k=3009, beta_mu=2.3647136819029225e+152, beta_phi=nan
NaN in beta_*: layer 9, bs_iter=38, k=3011, beta_mu=5.77323551165171e+152, beta_phi=nan
NaN in beta_*: layer 9, bs_iter=38, k=3015, beta_mu=1.8607404642790286e+152, beta_phi=nan
NaN in beta_*: layer 9, bs_iter=38, k=3016, beta_mu=2.0427833113533487e+152, beta_phi=nan
NaN in beta_*: layer 9, bs_iter=38, k=3017, beta_mu=2.800325719708132e+152, beta_phi=nan
NaN in beta_*: layer 9, bs_iter=38, k=3020, beta_mu=2.154860320459461e+152, beta_phi=nan
NaN in beta_*: layer 9, bs_iter=38, k=3024, beta_mu=1.6083211117737093e+152, beta_phi=nan
NaN in beta_*: layer 9, bs_iter=38, k=3025, beta_mu=1.708157818537651e+152, beta_phi=nan
NaN in beta_*: layer 9, bs_iter=38, k=3029, beta_mu=1.1959540841442282e+153, beta_phi=nan
NaN in beta_*: layer 9, bs_iter=38, k=3031, beta_mu=1.226612764064366e+152, beta_phi=nan
NaN in beta_*: layer 9, bs_iter=38, k=3032, beta_mu=2.8382555298593163e+152, beta_phi=nan
NaN in beta_*: layer 9, bs_iter=38, k=3034, beta_mu=1.083657547908237e+152, beta_phi=nan
NaN in beta_*: layer 9, bs_iter=38, k=3036, beta_mu=1.0747505633372826e+152, beta_phi=nan
NaN in beta_*: layer 9, bs_iter=38, k=3041, beta_mu=1.050899717072165e+152, beta_phi=nan
NaN in beta_*: layer 9, bs_iter=38, k=3046, beta_mu=1.4519100591228369e+152, beta_phi=nan
NaN in beta_*: layer 9, bs_iter=38, k=3049, beta_mu=1.0375891871217294e+152, beta_phi=nan
NaN in beta_*: layer 9, bs_iter=38, k=3052, beta_mu=2.1998486670720285e+152, beta_phi=nan
NaN in beta_*: layer 9, bs_iter=38, k=3054, beta_mu=1.0770290310837643e+152, beta_phi=nan
NaN in beta_*: layer 9, bs_iter=38, k=3057, beta_mu=3.1954679737024364e+152, beta_phi=nan
NaN in beta_*: layer 9, bs_iter=38, k=3060, beta_mu=1.0670802393345283e+152, beta_phi=nan
NaN in beta_*: layer 9, bs_iter=38, k=3064, beta_mu=9.858984899880966e+151, beta_phi=nan
NaN in beta_*: layer 9, bs_iter=38, k=3066, beta_mu=1.476738002795167e+152, beta_phi=nan
NaN in beta_*: layer 9, bs_iter=38, k=3067, beta_mu=1.6083995066008418e+152, beta_phi=nan
NaN in beta_*: layer 9, bs_iter=38, k=3068, beta_mu=1.2344742494453444e+152, beta_phi=nan
NaN in beta_*: layer 9, bs_iter=38, k=3070, beta_mu=1.0760341148361882e+152, beta_phi=nan
NaN in beta_*: layer 9, bs_iter=38, k=3073, beta_mu=1.2817225714878838e+152, beta_phi=nan
NaN in beta_*: layer 9, bs_iter=38, k=3074, beta_mu=1.3906964940607344e+152, beta_phi=nan
NaN in beta_*: layer 9, bs_iter=38, k=3077, beta_mu=2.2547979724649976e+152, beta_phi=nan
NaN in beta_*: layer 9, bs_iter=38, k=3080, beta_mu=1.7546807433747213e+152, beta_phi=nan
NaN in beta_*: layer 9, bs_iter=38, k=3082, beta_mu=1.3515607271990205e+152, beta_phi=nan
NaN in beta_*: layer 9, bs_iter=38, k=3083, beta_mu=1.3207017564950222e+152, beta_phi=nan
NaN in beta_*: layer 9, bs_iter=38, k=3085, beta_mu=1.5898320906096675e+152, beta_phi=nan
NaN in beta_*: layer 9, bs_iter=38, k=3091, beta_mu=1.4025863514441996e+152, beta_phi=nan
NaN in beta_*: layer 9, bs_iter=38, k=3099, beta_mu=1.2057343473916457e+152, beta_phi=nan
NaN in beta_*: layer 9, bs_iter=38, k=3100, beta_mu=1.5053351029244348e+152, beta_phi=nan
NaN in beta_*: layer 9, bs_iter=38, k=3102, beta_mu=2.402282482712458e+152, beta_phi=nan
NaN in beta_*: layer 9, bs_iter=38, k=3106, beta_mu=1.9913711016501942e+152, beta_phi=nan
NaN in beta_*: layer 9, bs_iter=38, k=3107, beta_mu=1.9913695878124863e+152, beta_phi=nan
NaN in beta_*: layer 9, bs_iter=38, k=3110, beta_mu=1.9913768127295787e+152, beta_phi=nan
NaN in beta_*: layer 9, bs_iter=38, k=3111, beta_mu=1.9913763273022386e+152, beta_phi=nan
NaN in beta_*: layer 9, bs_iter=38, k=3112, beta_mu=1.9913726764484574e+152, beta_phi=nan
NaN in beta_*: layer 9, bs_iter=38, k=3113, beta_mu=1.9918871919895103e+152, beta_phi=nan
NaN in beta_*: layer 9, bs_iter=38, k=3114, beta_mu=2.0284600762683178e+152, beta_phi=nan
NaN in beta_*: layer 9, bs_iter=38, k=3115, beta_mu=2.0461326146212726e+152, beta_phi=nan
NaN in beta_*: layer 9, bs_iter=38, k=3117, beta_mu=2.046133087503421e+152, beta_phi=nan
NaN in beta_*: layer 9, bs_iter=38, k=3118, beta_mu=2.0497263754961198e+152, beta_phi=nan
NaN in beta_*: layer 9, bs_iter=38, k=3119, beta_mu=2.071103774433519e+152, beta_phi=nan
NaN in beta_*: layer 9, bs_iter=38, k=3124, beta_mu=1.1791169236892258e+152, beta_phi=nan
NaN in beta_*: layer 9, bs_iter=38, k=3125, beta_mu=5.084390562916175e+152, beta_phi=nan
NaN in beta_*: layer 9, bs_iter=38, k=3126, beta_mu=1.9894019042103492e+152, beta_phi=nan
NaN in beta_*: layer 9, bs_iter=38, k=3127, beta_mu=1.2740159612142423e+153, beta_phi=nan
NaN in beta_*: layer 9, bs_iter=38, k=3129, beta_mu=1.678761163352035e+152, beta_phi=nan
NaN in beta_*: layer 9, bs_iter=38, k=3130, beta_mu=1.0027071795714262e+152, beta_phi=nan
NaN in beta_*: layer 9, bs_iter=38, k=3131, beta_mu=2.1449476917572686e+152, beta_phi=nan
NaN in beta_*: layer 9, bs_iter=38, k=3133, beta_mu=1.6062875821916459e+152, beta_phi=nan
NaN in beta_*: layer 9, bs_iter=38, k=3134, beta_mu=1.0937687251752855e+152, beta_phi=nan
NaN in beta_*: layer 9, bs_iter=38, k=3136, beta_mu=1.3922286837525331e+152, beta_phi=nan
NaN in beta_*: layer 9, bs_iter=38, k=3140, beta_mu=1.5804562142090746e+152, beta_phi=nan
NaN in beta_*: layer 9, bs_iter=38, k=3141, beta_mu=1.1936633934082852e+152, beta_phi=nan
NaN in beta_*: layer 9, bs_iter=38, k=3145, beta_mu=1.6353368826312814e+152, beta_phi=nan
NaN in beta_*: layer 9, bs_iter=38, k=3146, beta_mu=1.6445766158304853e+152, beta_phi=nan
NaN in beta_*: layer 9, bs_iter=38, k=3149, beta_mu=1.3461086018681827e+152, beta_phi=nan
NaN in beta_*: layer 9, bs_iter=38, k=3151, beta_mu=3.0903170254702566e+152, beta_phi=nan
NaN in beta_*: layer 9, bs_iter=38, k=3152, beta_mu=1.0111361440223183e+152, beta_phi=nan
NaN in beta_*: layer 9, bs_iter=38, k=3153, beta_mu=2.0263335773618132e+152, beta_phi=nan
NaN in beta_*: layer 9, bs_iter=38, k=3154, beta_mu=9.736478787507397e+151, beta_phi=nan
NaN in beta_*: layer 9, bs_iter=38, k=3157, beta_mu=2.0562923970145585e+152, beta_phi=nan
NaN in beta_*: layer 9, bs_iter=38, k=3159, beta_mu=2.0913743951847063e+152, beta_phi=nan
NaN in beta_*: layer 9, bs_iter=38, k=3160, beta_mu=6.214968206509147e+152, beta_phi=nan
NaN in beta_*: layer 9, bs_iter=38, k=3161, beta_mu=9.622073019195282e+151, beta_phi=nan
NaN in beta_*: layer 9, bs_iter=38, k=3165, beta_mu=1.7047174202387838e+152, beta_phi=nan
NaN in beta_*: layer 9, bs_iter=38, k=3168, beta_mu=3.525677481811845e+152, beta_phi=nan
NaN in beta_*: layer 9, bs_iter=38, k=3171, beta_mu=1.2737068443251195e+152, beta_phi=nan
NaN in beta_*: layer 9, bs_iter=38, k=3176, beta_mu=1.6738036855205452e+152, beta_phi=nan
NaN in beta_*: layer 9, bs_iter=38, k=3177, beta_mu=1.3587950934022653e+152, beta_phi=nan
NaN in beta_*: layer 9, bs_iter=38, k=3179, beta_mu=2.253597030298058e+152, beta_phi=nan
NaN in beta_*: layer 9, bs_iter=38, k=3180, beta_mu=6.828983588762046e+152, beta_phi=nan
NaN in beta_*: layer 9, bs_iter=38, k=3181, beta_mu=2.19512070731753e+152, beta_phi=nan
NaN in beta_*: layer 9, bs_iter=38, k=3182, beta_mu=8.528194762027608e+152, beta_phi=nan
NaN in beta_*: layer 9, bs_iter=38, k=3183, beta_mu=6.070333132371875e+152, beta_phi=nan
NaN in beta_*: layer 9, bs_iter=38, k=3185, beta_mu=1.7130546826374414e+152, beta_phi=nan
NaN in beta_*: layer 9, bs_iter=38, k=3186, beta_mu=5.372697237558547e+152, beta_phi=nan
NaN in beta_*: layer 9, bs_iter=38, k=3188, beta_mu=6.18256400702725e+152, beta_phi=nan
NaN in beta_*: layer 9, bs_iter=38, k=3189, beta_mu=4.731346922784428e+152, beta_phi=nan
NaN in beta_*: layer 9, bs_iter=38, k=3195, beta_mu=6.03920011472586e+152, beta_phi=nan
NaN in beta_*: layer 9, bs_iter=38, k=3196, beta_mu=4.983586032167816e+152, beta_phi=nan
NaN in beta_*: layer 9, bs_iter=38, k=3198, beta_mu=8.009970398954374e+152, beta_phi=nan
NaN in beta_*: layer 9, bs_iter=38, k=3199, beta_mu=1.0402258633179856e+152, beta_phi=nan
NaN in beta_*: layer 9, bs_iter=38, k=3200, beta_mu=5.182912985060371e+152, beta_phi=nan
NaN in beta_*: layer 9, bs_iter=38, k=3201, beta_mu=6.089578002067705e+152, beta_phi=nan
NaN in beta_*: layer 9, bs_iter=38, k=3203, beta_mu=5.497461597524379e+152, beta_phi=nan
NaN in beta_*: layer 9, bs_iter=38, k=3204, beta_mu=1.5932133738713277e+152, beta_phi=nan
NaN in beta_*: layer 9, bs_iter=38, k=3207, beta_mu=7.419949026775578e+152, beta_phi=nan
NaN in beta_*: layer 9, bs_iter=38, k=3208, beta_mu=5.217958421150629e+152, beta_phi=nan
NaN in beta_*: layer 9, bs_iter=38, k=3209, beta_mu=1.0227114854342125e+152, beta_phi=nan
NaN in beta_*: layer 9, bs_iter=38, k=3210, beta_mu=7.542524639473994e+152, beta_phi=nan
NaN in beta_*: layer 9, bs_iter=38, k=3211, beta_mu=5.173573980033181e+152, beta_phi=nan
NaN in beta_*: layer 9, bs_iter=38, k=3212, beta_mu=7.500462038781184e+152, beta_phi=nan
NaN in beta_*: layer 9, bs_iter=38, k=3213, beta_mu=8.136724177181478e+152, beta_phi=nan
NaN in beta_*: layer 9, bs_iter=38, k=3216, beta_mu=5.4144630922058995e+152, beta_phi=nan
NaN in beta_*: layer 9, bs_iter=38, k=3218, beta_mu=1.242555659206525e+152, beta_phi=nan
NaN in beta_*: layer 9, bs_iter=38, k=3219, beta_mu=1.0653183502703629e+152, beta_phi=nan
NaN in beta_*: layer 9, bs_iter=38, k=3222, beta_mu=7.821709188248896e+152, beta_phi=nan
NaN in beta_*: layer 9, bs_iter=38, k=3223, beta_mu=1.080878873086051e+152, beta_phi=nan
NaN in beta_*: layer 9, bs_iter=38, k=3225, beta_mu=5.160003221104021e+152, beta_phi=nan
NaN in beta_*: layer 9, bs_iter=38, k=3227, beta_mu=5.160684403675344e+152, beta_phi=nan
NaN in beta_*: layer 9, bs_iter=38, k=3232, beta_mu=2.213203405437539e+152, beta_phi=nan
NaN in beta_*: layer 9, bs_iter=38, k=3237, beta_mu=1.788038926038092e+152, beta_phi=nan
NaN in beta_*: layer 9, bs_iter=38, k=3241, beta_mu=1.5452966143757654e+152, beta_phi=nan
NaN in beta_*: layer 9, bs_iter=38, k=3242, beta_mu=9.884135563269893e+151, beta_phi=nan
NaN in beta_*: layer 9, bs_iter=38, k=3243, beta_mu=9.627395781713679e+151, beta_phi=nan
NaN in beta_*: layer 9, bs_iter=38, k=3244, beta_mu=9.62739544166089e+151, beta_phi=nan
NaN in beta_*: layer 9, bs_iter=38, k=3245, beta_mu=9.642894526821332e+151, beta_phi=nan
NaN in beta_*: layer 9, bs_iter=38, k=3247, beta_mu=9.620730802759907e+151, beta_phi=nan
NaN in beta_*: layer 9, bs_iter=38, k=3249, beta_mu=9.627393973482503e+151, beta_phi=nan
NaN in beta_*: layer 9, bs_iter=38, k=3250, beta_mu=1.3655710902302574e+152, beta_phi=nan
NaN in beta_*: layer 9, bs_iter=38, k=3252, beta_mu=9.627395657635793e+151, beta_phi=nan
NaN in beta_*: layer 9, bs_iter=38, k=3253, beta_mu=1.0551616845682342e+152, beta_phi=nan
NaN in beta_*: layer 9, bs_iter=38, k=3256, beta_mu=9.848643189552294e+151, beta_phi=nan
NaN in beta_*: layer 9, bs_iter=38, k=3257, beta_mu=1.102628660574545e+152, beta_phi=nan
NaN in beta_*: layer 9, bs_iter=38, k=3259, beta_mu=1.0760846697787436e+152, beta_phi=nan
NaN in beta_*: layer 9, bs_iter=38, k=3261, beta_mu=4.246295950436111e+152, beta_phi=nan
NaN in beta_*: layer 9, bs_iter=38, k=3268, beta_mu=1.889273453421655e+152, beta_phi=nan
NaN in beta_*: layer 9, bs_iter=38, k=3270, beta_mu=1.926839762794179e+152, beta_phi=nan
NaN in beta_*: layer 9, bs_iter=38, k=3271, beta_mu=3.9048637166158386e+152, beta_phi=nan
NaN in beta_*: layer 9, bs_iter=38, k=3275, beta_mu=2.5550916411114246e+152, beta_phi=nan
NaN in beta_*: layer 9, bs_iter=38, k=3278, beta_mu=1.9436806300787575e+152, beta_phi=nan
NaN in beta_*: layer 9, bs_iter=38, k=3281, beta_mu=1.7769108546526274e+152, beta_phi=nan
NaN in beta_*: layer 9, bs_iter=38, k=3283, beta_mu=1.107886905008262e+152, beta_phi=nan
NaN in beta_*: layer 9, bs_iter=38, k=3284, beta_mu=2.979835489200265e+152, beta_phi=nan
NaN in beta_*: layer 9, bs_iter=38, k=3285, beta_mu=2.995628067498284e+152, beta_phi=nan
NaN in beta_*: layer 9, bs_iter=38, k=3289, beta_mu=1.8321947791897873e+152, beta_phi=nan
NaN in beta_*: layer 9, bs_iter=38, k=3296, beta_mu=1.6554273221111211e+153, beta_phi=nan
NaN in beta_*: layer 9, bs_iter=38, k=3297, beta_mu=3.11298539278848e+152, beta_phi=nan
NaN in beta_*: layer 9, bs_iter=38, k=3301, beta_mu=3.7089487868681897e+152, beta_phi=nan
NaN in beta_*: layer 9, bs_iter=38, k=3304, beta_mu=2.9975572516365267e+152, beta_phi=nan
NaN in beta_*: layer 9, bs_iter=38, k=3306, beta_mu=4.534972750548609e+152, beta_phi=nan
NaN in beta_*: layer 9, bs_iter=38, k=3308, beta_mu=7.079170475318177e+152, beta_phi=nan
NaN in beta_*: layer 9, bs_iter=38, k=3309, beta_mu=2.531359664507427e+152, beta_phi=nan
NaN in beta_*: layer 9, bs_iter=38, k=3310, beta_mu=3.2632338016065015e+152, beta_phi=nan
NaN in beta_*: layer 9, bs_iter=38, k=3311, beta_mu=2.9618516299810357e+152, beta_phi=nan
NaN in beta_*: layer 9, bs_iter=38, k=3317, beta_mu=2.9189019906288463e+152, beta_phi=nan
NaN in beta_*: layer 9, bs_iter=38, k=3318, beta_mu=2.9559507297053695e+152, beta_phi=nan
NaN in beta_*: layer 9, bs_iter=38, k=3321, beta_mu=6.071207673626258e+152, beta_phi=nan
NaN in beta_*: layer 9, bs_iter=38, k=3323, beta_mu=6.053730093827433e+152, beta_phi=nan
NaN in beta_*: layer 9, bs_iter=38, k=3324, beta_mu=5.275111320851564e+152, beta_phi=nan
NaN in beta_*: layer 9, bs_iter=38, k=3325, beta_mu=2.8087989701239406e+152, beta_phi=nan
NaN in beta_*: layer 9, bs_iter=38, k=3331, beta_mu=3.2941425152452735e+153, beta_phi=nan
NaN in beta_*: layer 9, bs_iter=38, k=3333, beta_mu=6.078118752637904e+152, beta_phi=nan
NaN in beta_*: layer 9, bs_iter=38, k=3339, beta_mu=5.8360372903245055e+152, beta_phi=nan
NaN in beta_*: layer 9, bs_iter=38, k=3340, beta_mu=2.2370243535829605e+152, beta_phi=nan
NaN in beta_*: layer 9, bs_iter=38, k=3344, beta_mu=1.3325465120237034e+153, beta_phi=nan
NaN in beta_*: layer 9, bs_iter=38, k=3347, beta_mu=1.2885166719724695e+153, beta_phi=nan
NaN in beta_*: layer 9, bs_iter=38, k=3352, beta_mu=1.3570773077764932e+153, beta_phi=nan
NaN in beta_*: layer 9, bs_iter=38, k=3356, beta_mu=1.3059223778203541e+153, beta_phi=nan
NaN in beta_*: layer 9, bs_iter=38, k=3359, beta_mu=1.2324172635704904e+153, beta_phi=nan
NaN in beta_*: layer 9, bs_iter=38, k=3363, beta_mu=2.633505029273583e+153, beta_phi=nan
NaN in beta_*: layer 9, bs_iter=38, k=3369, beta_mu=1.3964874583139432e+152, beta_phi=nan
NaN in beta_*: layer 9, bs_iter=38, k=3370, beta_mu=6.609682485685514e+152, beta_phi=nan
NaN in beta_*: layer 9, bs_iter=38, k=3373, beta_mu=4.000306219673195e+152, beta_phi=nan
NaN in beta_*: layer 9, bs_iter=38, k=3374, beta_mu=1.3989278320805532e+153, beta_phi=nan
NaN in beta_*: layer 9, bs_iter=38, k=3375, beta_mu=1.2765601434636242e+153, beta_phi=nan
NaN in beta_*: layer 9, bs_iter=38, k=3378, beta_mu=1.398321772360535e+153, beta_phi=nan
NaN in beta_*: layer 9, bs_iter=38, k=3380, beta_mu=1.4090309732927316e+153, beta_phi=nan
NaN in beta_*: layer 9, bs_iter=38, k=3381, beta_mu=1.410338597014311e+153, beta_phi=nan
NaN in beta_*: layer 9, bs_iter=38, k=3383, beta_mu=1.4090287493238876e+153, beta_phi=nan
NaN in beta_*: layer 9, bs_iter=38, k=3384, beta_mu=1.4090285249414147e+153, beta_phi=nan
NaN in beta_*: layer 9, bs_iter=38, k=3386, beta_mu=4.248261973613877e+152, beta_phi=nan
NaN in beta_*: layer 9, bs_iter=38, k=3387, beta_mu=1.3321420160000157e+153, beta_phi=nan
NaN in beta_*: layer 9, bs_iter=38, k=3388, beta_mu=1.2896606016012224e+153, beta_phi=nan
NaN in beta_*: layer 9, bs_iter=38, k=3389, beta_mu=1.411150565723654e+153, beta_phi=nan
NaN in beta_*: layer 9, bs_iter=38, k=3391, beta_mu=1.3385351001854505e+153, beta_phi=nan
NaN in beta_*: layer 9, bs_iter=38, k=3394, beta_mu=1.41863894380596e+153, beta_phi=nan
NaN in beta_*: layer 9, bs_iter=38, k=3396, beta_mu=1.41437268533154e+153, beta_phi=nan
NaN in beta_*: layer 9, bs_iter=38, k=3397, beta_mu=1.4189502705611203e+153, beta_phi=nan
NaN in beta_*: layer 9, bs_iter=38, k=3398, beta_mu=1.3351480568008937e+153, beta_phi=nan
NaN in beta_*: layer 9, bs_iter=38, k=3399, beta_mu=1.4143728048067901e+153, beta_phi=nan
NaN in beta_*: layer 9, bs_iter=38, k=3403, beta_mu=1.4198359441087696e+153, beta_phi=nan
NaN in beta_*: layer 9, bs_iter=38, k=3404, beta_mu=1.3426055327110119e+153, beta_phi=nan
NaN in beta_*: layer 9, bs_iter=38, k=3405, beta_mu=1.3385359835374244e+153, beta_phi=nan
NaN in beta_*: layer 9, bs_iter=38, k=3406, beta_mu=1.3385351113032434e+153, beta_phi=nan
NaN in beta_*: layer 9, bs_iter=38, k=3407, beta_mu=1.3462346005971505e+153, beta_phi=nan
NaN in beta_*: layer 9, bs_iter=38, k=3408, beta_mu=1.3385350773440695e+153, beta_phi=nan
NaN in beta_*: layer 9, bs_iter=38, k=3409, beta_mu=1.3385344735647364e+153, beta_phi=nan
NaN in beta_*: layer 9, bs_iter=38, k=3410, beta_mu=1.346233858063151e+153, beta_phi=nan
NaN in beta_*: layer 9, bs_iter=38, k=3411, beta_mu=1.3462331058240782e+153, beta_phi=nan
NaN in beta_*: layer 9, bs_iter=38, k=3413, beta_mu=1.333226954776291e+153, beta_phi=nan
NaN in beta_*: layer 9, bs_iter=38, k=3414, beta_mu=1.3418955248391815e+153, beta_phi=nan
NaN in beta_*: layer 9, bs_iter=38, k=3415, beta_mu=1.3479403691568646e+153, beta_phi=nan
NaN in beta_*: layer 9, bs_iter=38, k=3416, beta_mu=1.3459277898340016e+153, beta_phi=nan
NaN in beta_*: layer 9, bs_iter=38, k=3417, beta_mu=1.3462358077345791e+153, beta_phi=nan
NaN in beta_*: layer 9, bs_iter=38, k=3420, beta_mu=1.7704850073423118e+152, beta_phi=nan
NaN in beta_*: layer 9, bs_iter=38, k=3424, beta_mu=1.7220935258241903e+152, beta_phi=nan
NaN in beta_*: layer 9, bs_iter=38, k=3427, beta_mu=4.41372376123562e+152, beta_phi=nan
NaN in beta_*: layer 9, bs_iter=38, k=3428, beta_mu=4.937101323830139e+152, beta_phi=nan
NaN in beta_*: layer 9, bs_iter=38, k=3430, beta_mu=6.302443635572826e+152, beta_phi=nan
NaN in beta_*: layer 9, bs_iter=38, k=3433, beta_mu=1.850404311586352e+152, beta_phi=nan
NaN in beta_*: layer 9, bs_iter=38, k=3437, beta_mu=4.909983403879732e+152, beta_phi=nan
NaN in beta_*: layer 9, bs_iter=38, k=3439, beta_mu=5.631273532519797e+152, beta_phi=nan
NaN in beta_*: layer 9, bs_iter=38, k=3441, beta_mu=1.0611986869901434e+152, beta_phi=nan
NaN in beta_*: layer 9, bs_iter=38, k=3442, beta_mu=4.396730450494323e+152, beta_phi=nan
NaN in beta_*: layer 9, bs_iter=38, k=3448, beta_mu=5.209548880257681e+152, beta_phi=nan
NaN in beta_*: layer 9, bs_iter=38, k=3449, beta_mu=6.133961361423532e+152, beta_phi=nan
NaN in beta_*: layer 9, bs_iter=38, k=3450, beta_mu=1.243819965030607e+153, beta_phi=nan
NaN in beta_*: layer 9, bs_iter=38, k=3453, beta_mu=5.904695053838938e+152, beta_phi=nan
NaN in beta_*: layer 9, bs_iter=38, k=3457, beta_mu=3.6732819335527535e+152, beta_phi=nan
NaN in beta_*: layer 9, bs_iter=38, k=3463, beta_mu=4.787148070569895e+152, beta_phi=nan
NaN in beta_*: layer 9, bs_iter=38, k=3465, beta_mu=1.3463572357605066e+153, beta_phi=nan
NaN in beta_*: layer 9, bs_iter=38, k=3472, beta_mu=5.171619712788955e+152, beta_phi=nan
NaN in beta_*: layer 9, bs_iter=38, k=3476, beta_mu=1.3869813452917205e+153, beta_phi=nan
NaN in beta_*: layer 9, bs_iter=38, k=3477, beta_mu=6.486124873782301e+152, beta_phi=nan
NaN in beta_*: layer 9, bs_iter=38, k=3478, beta_mu=5.923251677486161e+152, beta_phi=nan
NaN in beta_*: layer 9, bs_iter=38, k=3485, beta_mu=4.6260224944821245e+152, beta_phi=nan
NaN in beta_*: layer 9, bs_iter=38, k=3486, beta_mu=6.52888559209266e+152, beta_phi=nan
NaN in beta_*: layer 9, bs_iter=38, k=3487, beta_mu=4.716410061149682e+152, beta_phi=nan
NaN in beta_*: layer 9, bs_iter=38, k=3495, beta_mu=1.2069925659207553e+153, beta_phi=nan
NaN in beta_*: layer 9, bs_iter=38, k=3499, beta_mu=7.0061554113729775e+152, beta_phi=nan
NaN in beta_*: layer 9, bs_iter=38, k=3501, beta_mu=5.008125553380203e+152, beta_phi=nan
NaN in beta_*: layer 9, bs_iter=38, k=3502, beta_mu=6.850459171553889e+152, beta_phi=nan
NaN in beta_*: layer 9, bs_iter=38, k=3505, beta_mu=1.2337624785281372e+153, beta_phi=nan
NaN in beta_*: layer 9, bs_iter=38, k=3506, beta_mu=9.160747491018054e+152, beta_phi=nan
NaN in beta_*: layer 9, bs_iter=38, k=3507, beta_mu=1.2372155501627708e+153, beta_phi=nan
NaN in beta_*: layer 9, bs_iter=38, k=3508, beta_mu=4.913769322419894e+152, beta_phi=nan
NaN in beta_*: layer 9, bs_iter=38, k=3509, beta_mu=1.1947434259346452e+153, beta_phi=nan
NaN in beta_*: layer 9, bs_iter=38, k=3511, beta_mu=1.3463873938029358e+153, beta_phi=nan
NaN in beta_*: layer 9, bs_iter=38, k=3513, beta_mu=4.8773025902523315e+152, beta_phi=nan
NaN in beta_*: layer 9, bs_iter=38, k=3516, beta_mu=1.0100967553073176e+152, beta_phi=nan
NaN in beta_*: layer 9, bs_iter=38, k=3517, beta_mu=2.9223287946687944e+153, beta_phi=nan
NaN in beta_*: layer 9, bs_iter=38, k=3522, beta_mu=4.900784286920494e+152, beta_phi=nan
NaN in beta_*: layer 9, bs_iter=38, k=3524, beta_mu=2.0860036025141756e+152, beta_phi=nan
NaN in beta_*: layer 9, bs_iter=38, k=3525, beta_mu=1.3841864912749238e+153, beta_phi=nan
NaN in beta_*: layer 9, bs_iter=38, k=3528, beta_mu=8.884200538022211e+152, beta_phi=nan
NaN in beta_*: layer 9, bs_iter=38, k=3533, beta_mu=1.3498303159129787e+153, beta_phi=nan
NaN in beta_*: layer 9, bs_iter=38, k=3539, beta_mu=4.76728693319124e+152, beta_phi=nan
NaN in beta_*: layer 9, bs_iter=38, k=3541, beta_mu=2.315777290248765e+152, beta_phi=nan
NaN in beta_*: layer 9, bs_iter=38, k=3546, beta_mu=1.3780584568065587e+153, beta_phi=nan
NaN in beta_*: layer 9, bs_iter=38, k=3548, beta_mu=1.168635225273814e+153, beta_phi=nan
NaN in beta_*: layer 9, bs_iter=38, k=3554, beta_mu=6.668037457978518e+152, beta_phi=nan
NaN in beta_*: layer 9, bs_iter=38, k=3555, beta_mu=6.6430679751888225e+152, beta_phi=nan
NaN in beta_*: layer 9, bs_iter=38, k=3565, beta_mu=1.1594054176334519e+153, beta_phi=nan
NaN in beta_*: layer 9, bs_iter=38, k=3568, beta_mu=8.654491240043525e+152, beta_phi=nan
NaN in beta_*: layer 9, bs_iter=38, k=3569, beta_mu=2.8457516411063457e+153, beta_phi=nan
NaN in beta_*: layer 9, bs_iter=38, k=3573, beta_mu=8.597731568767123e+152, beta_phi=nan
NaN in beta_*: layer 9, bs_iter=38, k=3582, beta_mu=1.1738811198301702e+153, beta_phi=nan
NaN in beta_*: layer 9, bs_iter=38, k=3587, beta_mu=2.2359330966361143e+152, beta_phi=nan
NaN in beta_*: layer 9, bs_iter=38, k=3588, beta_mu=6.544903231360346e+152, beta_phi=nan
NaN in beta_*: layer 9, bs_iter=38, k=3590, beta_mu=2.3152859053013824e+152, beta_phi=nan
NaN in beta_*: layer 9, bs_iter=38, k=3594, beta_mu=6.620146639003448e+152, beta_phi=nan
NaN in beta_*: layer 9, bs_iter=38, k=3597, beta_mu=1.1738811148313432e+153, beta_phi=nan
NaN in beta_*: layer 9, bs_iter=38, k=3598, beta_mu=2.3851753412887926e+152, beta_phi=nan
NaN in beta_*: layer 9, bs_iter=38, k=3601, beta_mu=8.59941836457233e+152, beta_phi=nan
NaN in beta_*: layer 9, bs_iter=38, k=3603, beta_mu=1.3808983679314863e+153, beta_phi=nan
NaN in beta_*: layer 9, bs_iter=38, k=3604, beta_mu=1.3835378766219242e+153, beta_phi=nan
NaN in beta_*: layer 9, bs_iter=38, k=3606, beta_mu=6.513194481863504e+152, beta_phi=nan
NaN in beta_*: layer 9, bs_iter=38, k=3608, beta_mu=1.3982839868742737e+153, beta_phi=nan
NaN in beta_*: layer 9, bs_iter=38, k=3618, beta_mu=1.12241093283806e+153, beta_phi=nan
NaN in beta_*: layer 9, bs_iter=38, k=3619, beta_mu=1.123525972262179e+153, beta_phi=nan
NaN in beta_*: layer 9, bs_iter=38, k=3621, beta_mu=1.4824875282834018e+153, beta_phi=nan
NaN in beta_*: layer 9, bs_iter=38, k=3622, beta_mu=9.712060452372954e+151, beta_phi=nan
NaN in beta_*: layer 9, bs_iter=38, k=3624, beta_mu=1.1774170824388338e+152, beta_phi=nan
NaN in beta_*: layer 9, bs_iter=38, k=3627, beta_mu=1.2020746032444694e+153, beta_phi=nan
NaN in beta_*: layer 9, bs_iter=38, k=3628, beta_mu=1.101937060855009e+153, beta_phi=nan
NaN in beta_*: layer 9, bs_iter=38, k=3630, beta_mu=2.6498016836869556e+152, beta_phi=nan
NaN in beta_*: layer 9, bs_iter=38, k=3632, beta_mu=6.3389528636104255e+152, beta_phi=nan
NaN in beta_*: layer 9, bs_iter=38, k=3636, beta_mu=1.1870030718129434e+153, beta_phi=nan
NaN in beta_*: layer 9, bs_iter=38, k=3639, beta_mu=6.350255613781904e+152, beta_phi=nan
NaN in beta_*: layer 9, bs_iter=38, k=3642, beta_mu=6.454616753348536e+152, beta_phi=nan
NaN in beta_*: layer 9, bs_iter=38, k=3643, beta_mu=4.9208329083529e+152, beta_phi=nan
NaN in beta_*: layer 9, bs_iter=38, k=3644, beta_mu=3.3073364088972025e+153, beta_phi=nan
NaN in beta_*: layer 9, bs_iter=38, k=3646, beta_mu=2.652099638267737e+152, beta_phi=nan
NaN in beta_*: layer 9, bs_iter=38, k=3648, beta_mu=6.295449174679945e+152, beta_phi=nan
NaN in beta_*: layer 9, bs_iter=38, k=3650, beta_mu=8.833449818864423e+152, beta_phi=nan
NaN in beta_*: layer 9, bs_iter=38, k=3652, beta_mu=4.864071409426775e+152, beta_phi=nan
NaN in beta_*: layer 9, bs_iter=38, k=3653, beta_mu=2.638759999074353e+152, beta_phi=nan
NaN in beta_*: layer 9, bs_iter=38, k=3655, beta_mu=5.957999965227255e+152, beta_phi=nan
NaN in beta_*: layer 9, bs_iter=38, k=3658, beta_mu=3.541703098724777e+152, beta_phi=nan
NaN in beta_*: layer 9, bs_iter=38, k=3660, beta_mu=1.5329947965341054e+153, beta_phi=nan
NaN in beta_*: layer 9, bs_iter=38, k=3661, beta_mu=2.623341704883292e+152, beta_phi=nan
NaN in beta_*: layer 9, bs_iter=38, k=3662, beta_mu=2.137530369071161e+152, beta_phi=nan
NaN in beta_*: layer 9, bs_iter=38, k=3665, beta_mu=1.1867347725773863e+153, beta_phi=nan
NaN in beta_*: layer 9, bs_iter=38, k=3671, beta_mu=6.612026958895988e+152, beta_phi=nan
NaN in beta_*: layer 9, bs_iter=38, k=3676, beta_mu=1.8811353542882599e+152, beta_phi=nan
NaN in beta_*: layer 9, bs_iter=38, k=3677, beta_mu=1.7202739834821405e+153, beta_phi=nan
NaN in beta_*: layer 9, bs_iter=38, k=3679, beta_mu=5.263059130843784e+152, beta_phi=nan
NaN in beta_*: layer 9, bs_iter=38, k=3682, beta_mu=1.5855529929960644e+153, beta_phi=nan
NaN in beta_*: layer 9, bs_iter=38, k=3683, beta_mu=5.579817849427979e+152, beta_phi=nan
NaN in beta_*: layer 9, bs_iter=38, k=3686, beta_mu=3.5747672216083636e+153, beta_phi=nan
NaN in beta_*: layer 9, bs_iter=38, k=3688, beta_mu=1.4898721835312813e+152, beta_phi=nan
NaN in beta_*: layer 9, bs_iter=38, k=3691, beta_mu=4.1876043612722076e+152, beta_phi=nan
NaN in beta_*: layer 9, bs_iter=38, k=3693, beta_mu=8.113752670558948e+152, beta_phi=nan
NaN in beta_*: layer 9, bs_iter=38, k=3698, beta_mu=2.298062924100098e+152, beta_phi=nan
NaN in beta_*: layer 9, bs_iter=38, k=3702, beta_mu=4.842208488122299e+152, beta_phi=nan
NaN in beta_*: layer 9, bs_iter=38, k=3707, beta_mu=1.4765305972277216e+153, beta_phi=nan
NaN in beta_*: layer 9, bs_iter=38, k=3708, beta_mu=3.554416295562854e+153, beta_phi=nan
NaN in beta_*: layer 9, bs_iter=38, k=3709, beta_mu=4.269081061989502e+152, beta_phi=nan
NaN in beta_*: layer 9, bs_iter=38, k=3712, beta_mu=1.6042184809938334e+153, beta_phi=nan
NaN in beta_*: layer 9, bs_iter=38, k=3713, beta_mu=1.598941126299214e+153, beta_phi=nan
NaN in beta_*: layer 9, bs_iter=38, k=3715, beta_mu=2.6017349819701916e+152, beta_phi=nan
NaN in beta_*: layer 9, bs_iter=38, k=3716, beta_mu=1.207692333318121e+153, beta_phi=nan
NaN in beta_*: layer 9, bs_iter=38, k=3725, beta_mu=4.578668977329264e+152, beta_phi=nan
NaN in beta_*: layer 9, bs_iter=38, k=3726, beta_mu=3.9663699991227386e+152, beta_phi=nan
NaN in beta_*: layer 9, bs_iter=38, k=3727, beta_mu=4.047100729664531e+152, beta_phi=nan
NaN in beta_*: layer 9, bs_iter=38, k=3730, beta_mu=1.6080688321340573e+153, beta_phi=nan
NaN in beta_*: layer 9, bs_iter=38, k=3733, beta_mu=1.5191553710710938e+153, beta_phi=nan
NaN in beta_*: layer 9, bs_iter=38, k=3734, beta_mu=1.1338720123696366e+153, beta_phi=nan
NaN in beta_*: layer 9, bs_iter=38, k=3737, beta_mu=4.84906938250349e+152, beta_phi=nan
NaN in beta_*: layer 9, bs_iter=38, k=3738, beta_mu=6.3029165775946455e+152, beta_phi=nan
NaN in beta_*: layer 9, bs_iter=38, k=3741, beta_mu=4.613822020119823e+152, beta_phi=nan
NaN in beta_*: layer 9, bs_iter=38, k=3743, beta_mu=1.157052182546283e+153, beta_phi=nan
NaN in beta_*: layer 9, bs_iter=38, k=3744, beta_mu=5.679127847156103e+152, beta_phi=nan
NaN in beta_*: layer 9, bs_iter=38, k=3747, beta_mu=5.821769582911767e+152, beta_phi=nan
NaN in beta_*: layer 9, bs_iter=38, k=3751, beta_mu=3.5610557966720955e+153, beta_phi=nan
NaN in beta_*: layer 9, bs_iter=38, k=3753, beta_mu=3.072084864934539e+152, beta_phi=nan
NaN in beta_*: layer 9, bs_iter=38, k=3755, beta_mu=5.253266786313613e+152, beta_phi=nan
NaN in beta_*: layer 9, bs_iter=38, k=3756, beta_mu=5.180400394827621e+152, beta_phi=nan
NaN in beta_*: layer 9, bs_iter=38, k=3758, beta_mu=9.506425792857975e+151, beta_phi=nan
NaN in beta_*: layer 9, bs_iter=38, k=3765, beta_mu=5.263503792187793e+152, beta_phi=nan
NaN in beta_*: layer 9, bs_iter=38, k=3767, beta_mu=5.838701221677115e+152, beta_phi=nan
NaN in beta_*: layer 9, bs_iter=38, k=3768, beta_mu=7.5305615446968e+152, beta_phi=nan
NaN in beta_*: layer 9, bs_iter=38, k=3769, beta_mu=1.2874894975087703e+153, beta_phi=nan
NaN in beta_*: layer 9, bs_iter=38, k=3771, beta_mu=5.25102593232154e+152, beta_phi=nan
NaN in beta_*: layer 9, bs_iter=38, k=3772, beta_mu=5.251041090737389e+152, beta_phi=nan
NaN in beta_*: layer 9, bs_iter=38, k=3774, beta_mu=1.6266925690462768e+153, beta_phi=nan
NaN in beta_*: layer 9, bs_iter=38, k=3775, beta_mu=5.25103303031281e+152, beta_phi=nan
NaN in beta_*: layer 9, bs_iter=38, k=3778, beta_mu=1.0273968882887403e+152, beta_phi=nan
NaN in beta_*: layer 9, bs_iter=38, k=3782, beta_mu=4.982205565889973e+152, beta_phi=nan
NaN in beta_*: layer 9, bs_iter=38, k=3787, beta_mu=1.6772975069470276e+153, beta_phi=nan
NaN in beta_*: layer 9, bs_iter=38, k=3789, beta_mu=1.0729087122326067e+152, beta_phi=nan
NaN in beta_*: layer 9, bs_iter=38, k=3790, beta_mu=4.917359822425815e+152, beta_phi=nan
NaN in beta_*: layer 9, bs_iter=38, k=3792, beta_mu=4.973752615143564e+152, beta_phi=nan
NaN in beta_*: layer 9, bs_iter=38, k=3796, beta_mu=1.444409609567499e+153, beta_phi=nan
NaN in beta_*: layer 9, bs_iter=38, k=3797, beta_mu=1.654166884145526e+153, beta_phi=nan
NaN in beta_*: layer 9, bs_iter=38, k=3798, beta_mu=2.3324105698695155e+152, beta_phi=nan
NaN in beta_*: layer 9, bs_iter=38, k=3801, beta_mu=3.792781985894941e+152, beta_phi=nan
NaN in beta_*: layer 9, bs_iter=38, k=3802, beta_mu=5.750134745773824e+152, beta_phi=nan
NaN in beta_*: layer 9, bs_iter=38, k=3803, beta_mu=3.7433215536807144e+153, beta_phi=nan
NaN in beta_*: layer 9, bs_iter=38, k=3804, beta_mu=5.731600201409011e+152, beta_phi=nan
NaN in beta_*: layer 9, bs_iter=38, k=3805, beta_mu=5.690756027409272e+152, beta_phi=nan
NaN in beta_*: layer 9, bs_iter=38, k=3808, beta_mu=2.8820145012306554e+152, beta_phi=nan
NaN in beta_*: layer 9, bs_iter=38, k=3809, beta_mu=3.968207377570541e+152, beta_phi=nan
NaN in beta_*: layer 9, bs_iter=38, k=3810, beta_mu=5.668791574873309e+152, beta_phi=nan
NaN in beta_*: layer 9, bs_iter=38, k=3811, beta_mu=5.68908340419752e+152, beta_phi=nan
NaN in beta_*: layer 9, bs_iter=38, k=3812, beta_mu=5.7198918196700585e+152, beta_phi=nan
NaN in beta_*: layer 9, bs_iter=38, k=3813, beta_mu=3.24331045725414e+152, beta_phi=nan
NaN in beta_*: layer 9, bs_iter=38, k=3817, beta_mu=5.548991458319393e+152, beta_phi=nan
NaN in beta_*: layer 9, bs_iter=38, k=3818, beta_mu=5.674650164954125e+152, beta_phi=nan
NaN in beta_*: layer 9, bs_iter=38, k=3819, beta_mu=6.164597881481556e+152, beta_phi=nan
NaN in beta_*: layer 9, bs_iter=38, k=3820, beta_mu=5.430994711832885e+152, beta_phi=nan
NaN in beta_*: layer 9, bs_iter=38, k=3821, beta_mu=1.3919360554795682e+153, beta_phi=nan
NaN in beta_*: layer 9, bs_iter=38, k=3822, beta_mu=5.263414290257756e+152, beta_phi=nan
NaN in beta_*: layer 9, bs_iter=38, k=3825, beta_mu=5.428771044507666e+152, beta_phi=nan
NaN in beta_*: layer 9, bs_iter=38, k=3826, beta_mu=5.409558055549397e+152, beta_phi=nan
NaN in beta_*: layer 9, bs_iter=38, k=3827, beta_mu=3.17793747584867e+152, beta_phi=nan
NaN in beta_*: layer 9, bs_iter=38, k=3828, beta_mu=1.2748098856516194e+153, beta_phi=nan
NaN in beta_*: layer 9, bs_iter=38, k=3829, beta_mu=1.3253919097728368e+152, beta_phi=nan
NaN in beta_*: layer 9, bs_iter=38, k=3830, beta_mu=5.520211095159935e+152, beta_phi=nan
NaN in beta_*: layer 9, bs_iter=38, k=3831, beta_mu=5.435421697722627e+152, beta_phi=nan
NaN in beta_*: layer 9, bs_iter=38, k=3832, beta_mu=5.450074371595691e+152, beta_phi=nan
NaN in beta_*: layer 9, bs_iter=38, k=3833, beta_mu=3.3421956063596613e+153, beta_phi=nan
NaN in beta_*: layer 9, bs_iter=38, k=3835, beta_mu=3.729562555565665e+152, beta_phi=nan
NaN in beta_*: layer 9, bs_iter=38, k=3837, beta_mu=1.7108632184836162e+153, beta_phi=nan
NaN in beta_*: layer 9, bs_iter=38, k=3838, beta_mu=5.451885148030665e+152, beta_phi=nan
NaN in beta_*: layer 9, bs_iter=38, k=3840, beta_mu=5.365404947054029e+152, beta_phi=nan
NaN in beta_*: layer 9, bs_iter=38, k=3841, beta_mu=5.553106742471704e+152, beta_phi=nan
NaN in beta_*: layer 9, bs_iter=38, k=3844, beta_mu=5.607926992877933e+152, beta_phi=nan
NaN in beta_*: layer 9, bs_iter=38, k=3845, beta_mu=3.805538410762064e+152, beta_phi=nan
NaN in beta_*: layer 9, bs_iter=38, k=3849, beta_mu=5.113201989900513e+152, beta_phi=nan
NaN in beta_*: layer 9, bs_iter=38, k=3851, beta_mu=5.331144670153965e+152, beta_phi=nan
NaN in beta_*: layer 9, bs_iter=38, k=3853, beta_mu=5.314431393335591e+152, beta_phi=nan
NaN in beta_*: layer 9, bs_iter=38, k=3854, beta_mu=1.0027107780741132e+152, beta_phi=nan
NaN in beta_*: layer 9, bs_iter=38, k=3856, beta_mu=5.220186430784918e+152, beta_phi=nan
NaN in beta_*: layer 9, bs_iter=38, k=3857, beta_mu=5.181787108415941e+152, beta_phi=nan
NaN in beta_*: layer 9, bs_iter=38, k=3858, beta_mu=4.401453962032722e+152, beta_phi=nan
NaN in beta_*: layer 9, bs_iter=38, k=3861, beta_mu=1.1096228741436299e+153, beta_phi=nan
NaN in beta_*: layer 9, bs_iter=38, k=3862, beta_mu=5.950645214083482e+152, beta_phi=nan
NaN in beta_*: layer 9, bs_iter=38, k=3863, beta_mu=9.258332490664371e+152, beta_phi=nan
NaN in beta_*: layer 9, bs_iter=38, k=3864, beta_mu=5.368660437604797e+152, beta_phi=nan
NaN in beta_*: layer 9, bs_iter=38, k=3870, beta_mu=3.655069741777883e+152, beta_phi=nan
NaN in beta_*: layer 9, bs_iter=38, k=3872, beta_mu=3.1418406802348513e+152, beta_phi=nan
NaN in beta_*: layer 9, bs_iter=38, k=3873, beta_mu=5.804006267944573e+152, beta_phi=nan
NaN in beta_*: layer 9, bs_iter=38, k=3874, beta_mu=3.8614307990879994e+152, beta_phi=nan
NaN in beta_*: layer 9, bs_iter=38, k=3875, beta_mu=1.5456252147667483e+153, beta_phi=nan
NaN in beta_*: layer 9, bs_iter=38, k=3876, beta_mu=1.5579069549093771e+153, beta_phi=nan
NaN in beta_*: layer 9, bs_iter=38, k=3878, beta_mu=6.66085292444495e+152, beta_phi=nan
NaN in beta_*: layer 9, bs_iter=38, k=3879, beta_mu=3.0433752843953547e+152, beta_phi=nan
NaN in beta_*: layer 9, bs_iter=38, k=3882, beta_mu=3.5249582560726317e+152, beta_phi=nan
NaN in beta_*: layer 9, bs_iter=38, k=3883, beta_mu=1.5971636946459003e+153, beta_phi=nan
NaN in beta_*: layer 9, bs_iter=38, k=3884, beta_mu=1.5575627021562319e+153, beta_phi=nan
NaN in beta_*: layer 9, bs_iter=38, k=3886, beta_mu=1.5257095653673176e+153, beta_phi=nan
NaN in beta_*: layer 9, bs_iter=38, k=3889, beta_mu=3.5190776668935526e+152, beta_phi=nan
NaN in beta_*: layer 9, bs_iter=38, k=3891, beta_mu=3.5538436424470237e+152, beta_phi=nan
NaN in beta_*: layer 9, bs_iter=38, k=3896, beta_mu=3.686990870465062e+152, beta_phi=nan
NaN in beta_*: layer 9, bs_iter=38, k=3898, beta_mu=3.5903178774148386e+152, beta_phi=nan
NaN in beta_*: layer 9, bs_iter=38, k=3900, beta_mu=5.531278028736569e+152, beta_phi=nan
NaN in beta_*: layer 9, bs_iter=38, k=3901, beta_mu=3.523395349220098e+152, beta_phi=nan
NaN in beta_*: layer 9, bs_iter=38, k=3902, beta_mu=1.947897464823623e+153, beta_phi=nan
NaN in beta_*: layer 9, bs_iter=38, k=3903, beta_mu=1.2342046911115665e+153, beta_phi=nan
NaN in beta_*: layer 9, bs_iter=38, k=3907, beta_mu=2.1102746957668406e+152, beta_phi=nan
NaN in beta_*: layer 9, bs_iter=38, k=3908, beta_mu=2.3058265017220263e+152, beta_phi=nan
NaN in beta_*: layer 9, bs_iter=38, k=3909, beta_mu=7.441672748688523e+152, beta_phi=nan
NaN in beta_*: layer 9, bs_iter=38, k=3914, beta_mu=1.320320956999491e+152, beta_phi=nan
NaN in beta_*: layer 9, bs_iter=38, k=3920, beta_mu=8.157033609290181e+152, beta_phi=nan
NaN in beta_*: layer 9, bs_iter=38, k=3924, beta_mu=1.381593105694157e+152, beta_phi=nan
NaN in beta_*: layer 9, bs_iter=38, k=3926, beta_mu=1.4187787345502998e+152, beta_phi=nan
NaN in beta_*: layer 9, bs_iter=38, k=3936, beta_mu=1.4356293997525492e+152, beta_phi=nan
NaN in beta_*: layer 9, bs_iter=38, k=3937, beta_mu=1.5543933958001417e+152, beta_phi=nan
NaN in beta_*: layer 9, bs_iter=38, k=3940, beta_mu=1.3196207481487464e+152, beta_phi=nan
NaN in beta_*: layer 9, bs_iter=38, k=3941, beta_mu=1.0126141714446095e+152, beta_phi=nan
NaN in beta_*: layer 9, bs_iter=38, k=3943, beta_mu=1.0510173325118519e+152, beta_phi=nan
NaN in beta_*: layer 9, bs_iter=38, k=3944, beta_mu=1.0309212312816693e+153, beta_phi=nan
NaN in beta_*: layer 9, bs_iter=38, k=3946, beta_mu=1.2545684876094517e+152, beta_phi=nan
NaN in beta_*: layer 9, bs_iter=38, k=3947, beta_mu=9.768363187138704e+151, beta_phi=nan
NaN in beta_*: layer 9, bs_iter=38, k=3948, beta_mu=1.183049910783662e+152, beta_phi=nan
NaN in beta_*: layer 9, bs_iter=38, k=3949, beta_mu=2.1008487516494174e+152, beta_phi=nan
NaN in beta_*: layer 9, bs_iter=38, k=3952, beta_mu=1.8568472798958601e+152, beta_phi=nan
NaN in beta_*: layer 9, bs_iter=38, k=3953, beta_mu=2.2229862924361987e+152, beta_phi=nan
NaN in beta_*: layer 9, bs_iter=38, k=3954, beta_mu=1.4153598041580384e+152, beta_phi=nan
NaN in beta_*: layer 9, bs_iter=38, k=3955, beta_mu=2.220225635874908e+152, beta_phi=nan
NaN in beta_*: layer 9, bs_iter=38, k=3956, beta_mu=5.997660295209894e+152, beta_phi=nan
NaN in beta_*: layer 9, bs_iter=38, k=3957, beta_mu=9.767637436331287e+151, beta_phi=nan
NaN in beta_*: layer 9, bs_iter=38, k=3958, beta_mu=6.129302109265695e+152, beta_phi=nan
NaN in beta_*: layer 9, bs_iter=38, k=3959, beta_mu=4.558528157221365e+152, beta_phi=nan
NaN in beta_*: layer 9, bs_iter=38, k=3960, beta_mu=1.2006354499260877e+152, beta_phi=nan
NaN in beta_*: layer 9, bs_iter=38, k=3961, beta_mu=1.082366816367193e+152, beta_phi=nan
NaN in beta_*: layer 9, bs_iter=38, k=3966, beta_mu=2.2814037903415523e+153, beta_phi=nan
NaN in beta_*: layer 9, bs_iter=38, k=3967, beta_mu=1.1093153129121345e+153, beta_phi=nan
NaN in beta_*: layer 9, bs_iter=38, k=3969, beta_mu=7.681184895345825e+152, beta_phi=nan
NaN in beta_*: layer 9, bs_iter=38, k=3970, beta_mu=4.760533065189295e+152, beta_phi=nan
NaN in beta_*: layer 9, bs_iter=38, k=3972, beta_mu=1.3494260646545985e+153, beta_phi=nan
NaN in beta_*: layer 9, bs_iter=38, k=3973, beta_mu=8.394440891111066e+152, beta_phi=nan
NaN in beta_*: layer 9, bs_iter=38, k=3978, beta_mu=7.751287185617026e+152, beta_phi=nan
NaN in beta_*: layer 9, bs_iter=38, k=3979, beta_mu=8.495237586930711e+152, beta_phi=nan
NaN in beta_*: layer 9, bs_iter=38, k=3980, beta_mu=1.5041731338585733e+152, beta_phi=nan
NaN in beta_*: layer 9, bs_iter=38, k=3982, beta_mu=6.116778244532821e+152, beta_phi=nan
NaN in beta_*: layer 9, bs_iter=38, k=3983, beta_mu=1.1166040380393475e+153, beta_phi=nan
NaN in beta_*: layer 9, bs_iter=38, k=3985, beta_mu=8.555619519043983e+152, beta_phi=nan
NaN in beta_*: layer 9, bs_iter=38, k=3986, beta_mu=9.835191465289082e+151, beta_phi=nan
NaN in beta_*: layer 9, bs_iter=38, k=3988, beta_mu=1.7145568124793626e+153, beta_phi=nan
NaN in beta_*: layer 9, bs_iter=38, k=3989, beta_mu=8.954394451333492e+152, beta_phi=nan
NaN in beta_*: layer 9, bs_iter=38, k=3990, beta_mu=5.927341638219509e+152, beta_phi=nan
NaN in beta_*: layer 9, bs_iter=38, k=3992, beta_mu=3.60060939015951e+152, beta_phi=nan
NaN in beta_*: layer 9, bs_iter=38, k=3993, beta_mu=7.75392823166932e+152, beta_phi=nan
NaN in beta_*: layer 9, bs_iter=38, k=3994, beta_mu=1.688774135089393e+152, beta_phi=nan
NaN in beta_*: layer 9, bs_iter=38, k=3996, beta_mu=7.354044240520614e+152, beta_phi=nan
NaN in beta_*: layer 9, bs_iter=38, k=3997, beta_mu=5.980917500904985e+152, beta_phi=nan
NaN in beta_*: layer 9, bs_iter=38, k=3998, beta_mu=1.3618538278534182e+153, beta_phi=nan
NaN in beta_*: layer 9, bs_iter=38, k=3999, beta_mu=2.523660453513564e+152, beta_phi=nan
NaN in beta_*: layer 9, bs_iter=38, k=4000, beta_mu=2.8439150637935043e+152, beta_phi=nan
NaN in beta_*: layer 9, bs_iter=38, k=4001, beta_mu=2.310308329756623e+152, beta_phi=nan
NaN in beta_*: layer 9, bs_iter=38, k=4002, beta_mu=3.9007844701546514e+152, beta_phi=nan
NaN in beta_*: layer 9, bs_iter=38, k=4003, beta_mu=6.180171244770495e+152, beta_phi=nan
NaN in beta_*: layer 9, bs_iter=38, k=4004, beta_mu=2.6066764346804093e+153, beta_phi=nan
NaN in beta_*: layer 9, bs_iter=38, k=4005, beta_mu=3.675108653406303e+152, beta_phi=nan
NaN in beta_*: layer 9, bs_iter=38, k=4006, beta_mu=3.043776496742095e+152, beta_phi=nan
NaN in beta_*: layer 9, bs_iter=38, k=4007, beta_mu=2.432009363508352e+152, beta_phi=nan
NaN in beta_*: layer 9, bs_iter=38, k=4008, beta_mu=8.93912334739819e+152, beta_phi=nan
NaN in beta_*: layer 9, bs_iter=38, k=4009, beta_mu=1.19058395679669e+153, beta_phi=nan
NaN in beta_*: layer 9, bs_iter=38, k=4010, beta_mu=4.712984391039623e+152, beta_phi=nan
NaN in beta_*: layer 9, bs_iter=38, k=4013, beta_mu=2.967680556762056e+152, beta_phi=nan
NaN in beta_*: layer 9, bs_iter=38, k=4014, beta_mu=3.8105077852700702e+152, beta_phi=nan
NaN in beta_*: layer 9, bs_iter=38, k=4015, beta_mu=5.651574192796554e+152, beta_phi=nan
NaN in beta_*: layer 9, bs_iter=38, k=4017, beta_mu=3.118865203253477e+152, beta_phi=nan
NaN in beta_*: layer 9, bs_iter=38, k=4018, beta_mu=3.0091649632728723e+152, beta_phi=nan
NaN in beta_*: layer 9, bs_iter=38, k=4019, beta_mu=3.012711247441385e+152, beta_phi=nan
NaN in beta_*: layer 9, bs_iter=38, k=4021, beta_mu=3.4602645218115737e+152, beta_phi=nan
NaN in beta_*: layer 9, bs_iter=38, k=4022, beta_mu=3.4196775598252674e+152, beta_phi=nan
NaN in beta_*: layer 9, bs_iter=38, k=4023, beta_mu=3.446850534495612e+152, beta_phi=nan
NaN in beta_*: layer 9, bs_iter=38, k=4024, beta_mu=3.28815602766933e+152, beta_phi=nan
NaN in beta_*: layer 9, bs_iter=38, k=4025, beta_mu=9.956647270073361e+152, beta_phi=nan
NaN in beta_*: layer 9, bs_iter=38, k=4026, beta_mu=3.361288968498105e+152, beta_phi=nan
NaN in beta_*: layer 9, bs_iter=38, k=4027, beta_mu=2.6232341190124595e+153, beta_phi=nan
NaN in beta_*: layer 9, bs_iter=38, k=4028, beta_mu=3.23442916452231e+152, beta_phi=nan
NaN in beta_*: layer 9, bs_iter=38, k=4029, beta_mu=3.3690369496256146e+152, beta_phi=nan
NaN in beta_*: layer 9, bs_iter=38, k=4030, beta_mu=3.2520990697504504e+152, beta_phi=nan
NaN in beta_*: layer 9, bs_iter=38, k=4031, beta_mu=2.665203658500364e+152, beta_phi=nan
NaN in beta_*: layer 9, bs_iter=38, k=4032, beta_mu=3.352698410523733e+152, beta_phi=nan
NaN in beta_*: layer 9, bs_iter=38, k=4034, beta_mu=3.1599385137072446e+152, beta_phi=nan
NaN in beta_*: layer 9, bs_iter=38, k=4035, beta_mu=3.295898003026541e+152, beta_phi=nan
NaN in beta_*: layer 9, bs_iter=38, k=4036, beta_mu=3.3494874585411363e+152, beta_phi=nan
NaN in beta_*: layer 9, bs_iter=38, k=4037, beta_mu=2.7196033682441568e+153, beta_phi=nan
NaN in beta_*: layer 9, bs_iter=38, k=4038, beta_mu=3.1248850833361183e+153, beta_phi=nan
NaN in beta_*: layer 9, bs_iter=38, k=4039, beta_mu=3.7637614030352803e+152, beta_phi=nan
NaN in beta_*: layer 9, bs_iter=38, k=4041, beta_mu=1.2233725769582419e+153, beta_phi=nan
NaN in beta_*: layer 9, bs_iter=38, k=4042, beta_mu=1.1093491768658174e+153, beta_phi=nan
NaN in beta_*: layer 9, bs_iter=38, k=4044, beta_mu=1.6216349536933516e+153, beta_phi=nan
NaN in beta_*: layer 9, bs_iter=38, k=4046, beta_mu=2.6832033997506876e+152, beta_phi=nan
NaN in beta_*: layer 9, bs_iter=38, k=4047, beta_mu=2.3871650775157683e+153, beta_phi=nan
NaN in beta_*: layer 9, bs_iter=38, k=4048, beta_mu=2.2498415056130203e+153, beta_phi=nan
NaN in beta_*: layer 9, bs_iter=38, k=4050, beta_mu=2.2312534898744116e+153, beta_phi=nan
NaN in beta_*: layer 9, bs_iter=38, k=4052, beta_mu=1.1065280118682995e+153, beta_phi=nan
NaN in beta_*: layer 9, bs_iter=38, k=4053, beta_mu=5.468932654158699e+153, beta_phi=nan
NaN in beta_*: layer 9, bs_iter=38, k=4054, beta_mu=1.1370414049436392e+153, beta_phi=nan
NaN in beta_*: layer 9, bs_iter=38, k=4055, beta_mu=1.276433672319238e+152, beta_phi=nan
NaN in beta_*: layer 9, bs_iter=38, k=4056, beta_mu=2.972569115026949e+153, beta_phi=nan
NaN in beta_*: layer 9, bs_iter=38, k=4058, beta_mu=9.339202030153545e+152, beta_phi=nan
NaN in beta_*: layer 9, bs_iter=38, k=4059, beta_mu=8.65444672357029e+152, beta_phi=nan
NaN in beta_*: layer 9, bs_iter=38, k=4060, beta_mu=1.197677113495586e+152, beta_phi=nan
NaN in beta_*: layer 9, bs_iter=38, k=4062, beta_mu=3.6661179824743005e+152, beta_phi=nan
NaN in beta_*: layer 9, bs_iter=38, k=4063, beta_mu=4.068301053288221e+153, beta_phi=nan
NaN in beta_*: layer 9, bs_iter=38, k=4064, beta_mu=5.5608495681668984e+153, beta_phi=nan
NaN in beta_*: layer 9, bs_iter=38, k=4065, beta_mu=3.015200173418742e+152, beta_phi=nan
NaN in beta_*: layer 9, bs_iter=38, k=4067, beta_mu=2.902086859694757e+152, beta_phi=nan
NaN in beta_*: layer 9, bs_iter=38, k=4069, beta_mu=3.0575580803119295e+153, beta_phi=nan
NaN in beta_*: layer 9, bs_iter=38, k=4070, beta_mu=1.5842484391790502e+152, beta_phi=nan
NaN in beta_*: layer 9, bs_iter=38, k=4071, beta_mu=3.2801541674980783e+153, beta_phi=nan
NaN in beta_*: layer 9, bs_iter=38, k=4072, beta_mu=3.051881543559797e+153, beta_phi=nan
NaN in beta_*: layer 9, bs_iter=38, k=4073, beta_mu=1.5605493578999396e+153, beta_phi=nan
NaN in beta_*: layer 9, bs_iter=38, k=4074, beta_mu=2.7632716401160596e+153, beta_phi=nan
NaN in beta_*: layer 9, bs_iter=38, k=4076, beta_mu=8.022715829772119e+153, beta_phi=nan
NaN in beta_*: layer 9, bs_iter=38, k=4077, beta_mu=1.2680780023414504e+153, beta_phi=nan
NaN in beta_*: layer 9, bs_iter=38, k=4078, beta_mu=1.490723382044869e+153, beta_phi=nan
NaN in beta_*: layer 9, bs_iter=38, k=4079, beta_mu=1.607376193358522e+153, beta_phi=nan
NaN in beta_*: layer 9, bs_iter=38, k=4080, beta_mu=3.5458837442453783e+152, beta_phi=nan
NaN in beta_*: layer 9, bs_iter=38, k=4081, beta_mu=1.2636885796248105e+153, beta_phi=nan
NaN in beta_*: layer 9, bs_iter=38, k=4082, beta_mu=6.897391223987255e+152, beta_phi=nan
NaN in beta_*: layer 9, bs_iter=38, k=4083, beta_mu=5.109342652146842e+153, beta_phi=nan
NaN in beta_*: layer 9, bs_iter=38, k=4084, beta_mu=2.5936647302049652e+153, beta_phi=nan
NaN in beta_*: layer 9, bs_iter=38, k=4085, beta_mu=3.496294694300051e+153, beta_phi=nan
NaN in beta_*: layer 9, bs_iter=38, k=4087, beta_mu=2.901455949792132e+152, beta_phi=nan
NaN in beta_*: layer 9, bs_iter=38, k=4088, beta_mu=7.308034201509414e+153, beta_phi=nan
NaN in beta_*: layer 9, bs_iter=38, k=4089, beta_mu=3.1438804830475707e+152, beta_phi=nan
NaN in beta_*: layer 9, bs_iter=38, k=4090, beta_mu=3.1456421900800257e+152, beta_phi=nan
NaN in beta_*: layer 9, bs_iter=38, k=4093, beta_mu=3.80576328758704e+152, beta_phi=nan
NaN in beta_*: layer 9, bs_iter=38, k=4094, beta_mu=3.923341830524056e+153, beta_phi=nan
NaN in beta_*: layer 9, bs_iter=38, k=4095, beta_mu=4.432187676440872e+152, beta_phi=nan
NaN in beta_*: layer 9, bs_iter=38, k=4096, beta_mu=2.487924152665278e+153, beta_phi=nan
NaN in beta_*: layer 9, bs_iter=38, k=4097, beta_mu=2.4089220221371295e+153, beta_phi=nan
NaN in beta_*: layer 9, bs_iter=38, k=4098, beta_mu=1.8928362901270064e+153, beta_phi=nan
NaN in beta_*: layer 9, bs_iter=38, k=4099, beta_mu=4.123106301136286e+152, beta_phi=nan
NaN in beta_*: layer 9, bs_iter=38, k=4101, beta_mu=7.118415524575841e+152, beta_phi=nan
NaN in beta_*: layer 9, bs_iter=38, k=4102, beta_mu=1.3596056101544165e+152, beta_phi=nan
NaN in beta_*: layer 9, bs_iter=38, k=4103, beta_mu=1.0954875155929208e+154, beta_phi=nan
NaN in beta_*: layer 9, bs_iter=38, k=4104, beta_mu=3.1013689325023877e+153, beta_phi=nan
NaN in beta_*: layer 9, bs_iter=38, k=4105, beta_mu=5.64884821760854e+152, beta_phi=nan
NaN in beta_*: layer 9, bs_iter=38, k=4107, beta_mu=8.17471976779133e+153, beta_phi=nan
NaN in beta_*: layer 9, bs_iter=38, k=4108, beta_mu=1.5027240256589894e+154, beta_phi=nan
NaN in beta_*: layer 9, bs_iter=38, k=4109, beta_mu=4.1854000572750558e+152, beta_phi=nan
NaN in beta_*: layer 9, bs_iter=38, k=4110, beta_mu=5.328722750884833e+152, beta_phi=nan
NaN in beta_*: layer 9, bs_iter=38, k=4112, beta_mu=1.4842749043548332e+154, beta_phi=nan
NaN in beta_*: layer 9, bs_iter=38, k=4113, beta_mu=7.174980017787498e+153, beta_phi=nan
NaN in beta_*: layer 9, bs_iter=38, k=4114, beta_mu=5.670243362521825e+154, beta_phi=nan
NaN in beta_*: layer 9, bs_iter=38, k=4115, beta_mu=1.1586696480325884e+153, beta_phi=nan
NaN in beta_*: layer 9, bs_iter=38, k=4116, beta_mu=1.1384838467856543e+154, beta_phi=nan
NaN in beta_*: layer 9, bs_iter=38, k=4117, beta_mu=7.200298054580856e+153, beta_phi=nan
NaN in beta_*: layer 9, bs_iter=38, k=4118, beta_mu=1.5345353109564566e+153, beta_phi=nan
NaN in beta_*: layer 9, bs_iter=38, k=4119, beta_mu=7.359859305869141e+153, beta_phi=nan
NaN in beta_*: layer 9, bs_iter=38, k=4120, beta_mu=6.135952123414769e+154, beta_phi=nan
NaN in beta_*: layer 9, bs_iter=38, k=4122, beta_mu=1.5526464325696535e+154, beta_phi=nan
NaN in beta_*: layer 9, bs_iter=38, k=4123, beta_mu=5.660712909031568e+154, beta_phi=nan
NaN in beta_*: layer 9, bs_iter=38, k=4124, beta_mu=4.641881856638904e+153, beta_phi=nan
NaN in beta_*: layer 9, bs_iter=38, k=4125, beta_mu=7.160390995748124e+153, beta_phi=nan
NaN in beta_*: layer 9, bs_iter=38, k=4126, beta_mu=7.152240543623161e+153, beta_phi=nan
NaN in beta_*: layer 9, bs_iter=38, k=4127, beta_mu=7.18449462555993e+153, beta_phi=nan
NaN in beta_*: layer 9, bs_iter=38, k=4128, beta_mu=7.882756323783858e+152, beta_phi=nan
NaN in beta_*: layer 9, bs_iter=38, k=4129, beta_mu=1.527866999376658e+153, beta_phi=nan
NaN in beta_*: layer 9, bs_iter=38, k=4130, beta_mu=8.512067491661555e+153, beta_phi=nan
NaN in beta_*: layer 9, bs_iter=38, k=4131, beta_mu=4.306415766364217e+153, beta_phi=nan
NaN in beta_*: layer 9, bs_iter=38, k=4132, beta_mu=7.171882017447787e+153, beta_phi=nan
NaN in beta_*: layer 9, bs_iter=38, k=4133, beta_mu=7.176112336254625e+153, beta_phi=nan
NaN in beta_*: layer 9, bs_iter=38, k=4134, beta_mu=1.5836284220365215e+154, beta_phi=nan
NaN in beta_*: layer 9, bs_iter=38, k=4135, beta_mu=8.505639161205401e+153, beta_phi=nan
NaN in beta_*: layer 9, bs_iter=38, k=4136, beta_mu=4.39501731786923e+152, beta_phi=nan
NaN in beta_*: layer 9, bs_iter=38, k=4137, beta_mu=9.781874825587636e+152, beta_phi=nan
NaN in beta_*: layer 9, bs_iter=38, k=4138, beta_mu=1.6005051037039528e+154, beta_phi=nan
NaN in beta_*: layer 9, bs_iter=38, k=4139, beta_mu=7.17541378032623e+153, beta_phi=nan
NaN in beta_*: layer 9, bs_iter=38, k=4140, beta_mu=8.146128772688374e+153, beta_phi=nan
NaN in beta_*: layer 9, bs_iter=38, k=4141, beta_mu=5.759181265509131e+154, beta_phi=nan
NaN in beta_*: layer 9, bs_iter=38, k=4142, beta_mu=5.885044430225781e+152, beta_phi=nan
NaN in beta_*: layer 9, bs_iter=38, k=4144, beta_mu=1.8574063081038167e+153, beta_phi=nan
NaN in beta_*: layer 9, bs_iter=38, k=4145, beta_mu=1.1112030829208193e+153, beta_phi=nan
NaN in beta_*: layer 9, bs_iter=38, k=4146, beta_mu=3.637324494100943e+152, beta_phi=nan
NaN in beta_*: layer 9, bs_iter=38, k=4147, beta_mu=8.209712581643655e+153, beta_phi=nan
NaN in beta_*: layer 9, bs_iter=38, k=4148, beta_mu=8.252450404030432e+153, beta_phi=nan
NaN in beta_*: layer 9, bs_iter=38, k=4149, beta_mu=5.79379587025715e+154, beta_phi=nan
NaN in beta_*: layer 9, bs_iter=38, k=4150, beta_mu=1.54299954260278e+154, beta_phi=nan
NaN in beta_*: layer 9, bs_iter=38, k=4151, beta_mu=2.995398199380345e+153, beta_phi=nan
NaN in beta_*: layer 9, bs_iter=38, k=4152, beta_mu=9.715973743985152e+153, beta_phi=nan
NaN in beta_*: layer 9, bs_iter=38, k=4153, beta_mu=1.3969451715387415e+154, beta_phi=nan
NaN in beta_*: layer 9, bs_iter=38, k=4154, beta_mu=2.8280255034855347e+154, beta_phi=nan
NaN in beta_*: layer 9, bs_iter=38, k=4155, beta_mu=1.0907642800919747e+154, beta_phi=nan
NaN in beta_*: layer 9, bs_iter=38, k=4156, beta_mu=8.288312130032048e+153, beta_phi=nan
NaN in beta_*: layer 9, bs_iter=38, k=4157, beta_mu=3.5724937873671946e+154, beta_phi=nan
NaN in beta_*: layer 9, bs_iter=38, k=4158, beta_mu=8.292657598572127e+153, beta_phi=nan
NaN in beta_*: layer 9, bs_iter=38, k=4159, beta_mu=1.775049122095851e+152, beta_phi=nan
NaN in beta_*: layer 9, bs_iter=38, k=4161, beta_mu=1.1678961072606162e+153, beta_phi=nan
NaN in beta_*: layer 9, bs_iter=38, k=4162, beta_mu=1.1678950987981963e+153, beta_phi=nan
NaN in beta_*: layer 9, bs_iter=38, k=4164, beta_mu=2.7421804534743776e+152, beta_phi=nan
NaN in beta_*: layer 9, bs_iter=38, k=4165, beta_mu=2.9998881661705357e+153, beta_phi=nan
NaN in beta_*: layer 9, bs_iter=38, k=4166, beta_mu=8.508054564829041e+153, beta_phi=nan
NaN in beta_*: layer 9, bs_iter=38, k=4168, beta_mu=8.482153692451038e+153, beta_phi=nan
NaN in beta_*: layer 9, bs_iter=38, k=4169, beta_mu=8.477639808927707e+153, beta_phi=nan
NaN in beta_*: layer 9, bs_iter=38, k=4170, beta_mu=8.277232816865976e+153, beta_phi=nan
NaN in beta_*: layer 9, bs_iter=38, k=4171, beta_mu=3.492994453287653e+154, beta_phi=nan
NaN in beta_*: layer 9, bs_iter=38, k=4172, beta_mu=2.5237253247264852e+153, beta_phi=nan
NaN in beta_*: layer 9, bs_iter=38, k=4173, beta_mu=5.192530304909199e+152, beta_phi=nan
NaN in beta_*: layer 9, bs_iter=38, k=4174, beta_mu=2.8992066823188464e+152, beta_phi=nan
NaN in beta_*: layer 9, bs_iter=38, k=4175, beta_mu=8.263289136112474e+153, beta_phi=nan
NaN in beta_*: layer 9, bs_iter=38, k=4176, beta_mu=1.4924501487019234e+154, beta_phi=nan
NaN in beta_*: layer 9, bs_iter=38, k=4177, beta_mu=5.863627845170327e+152, beta_phi=nan
NaN in beta_*: layer 9, bs_iter=38, k=4179, beta_mu=4.889944805920225e+152, beta_phi=nan
NaN in beta_*: layer 9, bs_iter=38, k=4180, beta_mu=2.5683384863835983e+154, beta_phi=nan
NaN in beta_*: layer 9, bs_iter=38, k=4181, beta_mu=8.396780945070649e+153, beta_phi=nan
NaN in beta_*: layer 9, bs_iter=38, k=4182, beta_mu=1.953705289303574e+153, beta_phi=nan
NaN in beta_*: layer 9, bs_iter=38, k=4183, beta_mu=1.2038814860590797e+154, beta_phi=nan
NaN in beta_*: layer 9, bs_iter=38, k=4184, beta_mu=4.392040359338678e+152, beta_phi=nan
NaN in beta_*: layer 9, bs_iter=38, k=4185, beta_mu=6.102584754403351e+152, beta_phi=nan
NaN in beta_*: layer 9, bs_iter=38, k=4186, beta_mu=6.231841156374067e+152, beta_phi=nan
NaN in beta_*: layer 9, bs_iter=38, k=4187, beta_mu=7.473058924478306e+153, beta_phi=nan
NaN in beta_*: layer 9, bs_iter=38, k=4188, beta_mu=5.612496973213919e+152, beta_phi=nan
NaN in beta_*: layer 9, bs_iter=38, k=4189, beta_mu=8.149838097363287e+153, beta_phi=nan
NaN in beta_*: layer 9, bs_iter=38, k=4190, beta_mu=1.4906641947382944e+154, beta_phi=nan
NaN in beta_*: layer 9, bs_iter=38, k=4191, beta_mu=1.4917758756402235e+154, beta_phi=nan
NaN in beta_*: layer 9, bs_iter=38, k=4192, beta_mu=2.73031751155877e+154, beta_phi=nan
NaN in beta_*: layer 9, bs_iter=38, k=4193, beta_mu=1.4314320525011464e+154, beta_phi=nan
NaN in beta_*: layer 9, bs_iter=38, k=4194, beta_mu=8.61040149877133e+153, beta_phi=nan
NaN in beta_*: layer 9, bs_iter=38, k=4195, beta_mu=2.2234393125790633e+152, beta_phi=nan
NaN in beta_*: layer 9, bs_iter=38, k=4196, beta_mu=3.7481633258695443e+154, beta_phi=nan
NaN in beta_*: layer 9, bs_iter=38, k=4197, beta_mu=1.4606077146623252e+154, beta_phi=nan
NaN in beta_*: layer 9, bs_iter=38, k=4198, beta_mu=1.1344897252283204e+153, beta_phi=nan
NaN in beta_*: layer 9, bs_iter=38, k=4199, beta_mu=8.474855209612108e+153, beta_phi=nan
NaN in beta_*: layer 9, bs_iter=38, k=4200, beta_mu=2.58260244287725e+154, beta_phi=nan
NaN in beta_*: layer 9, bs_iter=38, k=4201, beta_mu=8.621060570715375e+153, beta_phi=nan
NaN in beta_*: layer 9, bs_iter=38, k=4203, beta_mu=6.14828645799145e+152, beta_phi=nan
NaN in beta_*: layer 9, bs_iter=38, k=4204, beta_mu=1.1125086656111205e+153, beta_phi=nan
NaN in beta_*: layer 9, bs_iter=38, k=4205, beta_mu=1.6527997746179047e+153, beta_phi=nan
NaN in beta_*: layer 9, bs_iter=38, k=4206, beta_mu=4.744001994226716e+152, beta_phi=nan
NaN in beta_*: layer 9, bs_iter=38, k=4207, beta_mu=3.6517180915511843e+154, beta_phi=nan
NaN in beta_*: layer 9, bs_iter=38, k=4208, beta_mu=5.571278352449744e+154, beta_phi=nan
NaN in beta_*: layer 9, bs_iter=38, k=4209, beta_mu=2.604855873832348e+153, beta_phi=nan
NaN in beta_*: layer 9, bs_iter=38, k=4210, beta_mu=3.740361843198987e+154, beta_phi=nan
NaN in beta_*: layer 9, bs_iter=38, k=4211, beta_mu=4.697515035695948e+152, beta_phi=nan
NaN in beta_*: layer 9, bs_iter=38, k=4212, beta_mu=8.366343902132337e+153, beta_phi=nan
NaN in beta_*: layer 9, bs_iter=38, k=4213, beta_mu=3.1985052040257044e+154, beta_phi=nan
NaN in beta_*: layer 9, bs_iter=38, k=4214, beta_mu=9.109199746099714e+152, beta_phi=nan
NaN in beta_*: layer 9, bs_iter=38, k=4216, beta_mu=9.146901202386237e+152, beta_phi=nan
NaN in beta_*: layer 9, bs_iter=38, k=4217, beta_mu=2.1367405970772934e+153, beta_phi=nan
NaN in beta_*: layer 9, bs_iter=38, k=4218, beta_mu=1.2391876595787481e+153, beta_phi=nan
NaN in beta_*: layer 9, bs_iter=38, k=4219, beta_mu=1.0900020712609483e+153, beta_phi=nan
NaN in beta_*: layer 9, bs_iter=38, k=4221, beta_mu=4.199139771952939e+152, beta_phi=nan
NaN in beta_*: layer 9, bs_iter=38, k=4222, beta_mu=1.058576449237269e+154, beta_phi=nan
NaN in beta_*: layer 9, bs_iter=38, k=4223, beta_mu=1.0605856608464454e+154, beta_phi=nan
NaN in beta_*: layer 9, bs_iter=38, k=4224, beta_mu=1.0609899639195057e+154, beta_phi=nan
NaN in beta_*: layer 9, bs_iter=38, k=4225, beta_mu=5.408422690514178e+152, beta_phi=nan
NaN in beta_*: layer 9, bs_iter=38, k=4226, beta_mu=2.929867902467617e+154, beta_phi=nan
NaN in beta_*: layer 9, bs_iter=38, k=4227, beta_mu=1.058655934078447e+154, beta_phi=nan
NaN in beta_*: layer 9, bs_iter=38, k=4228, beta_mu=5.840285236895325e+152, beta_phi=nan
NaN in beta_*: layer 9, bs_iter=38, k=4229, beta_mu=1.0379599979180778e+154, beta_phi=nan
NaN in beta_*: layer 9, bs_iter=38, k=4230, beta_mu=5.316600685387126e+152, beta_phi=nan
NaN in beta_*: layer 9, bs_iter=38, k=4231, beta_mu=1.239733586775703e+153, beta_phi=nan
NaN in beta_*: layer 9, bs_iter=38, k=4232, beta_mu=1.4692385322722528e+154, beta_phi=nan
NaN in beta_*: layer 9, bs_iter=38, k=4233, beta_mu=5.410094010770189e+152, beta_phi=nan
NaN in beta_*: layer 9, bs_iter=38, k=4234, beta_mu=8.615190985125426e+153, beta_phi=nan
NaN in beta_*: layer 9, bs_iter=38, k=4235, beta_mu=1.0337813713020853e+154, beta_phi=nan
NaN in beta_*: layer 9, bs_iter=38, k=4236, beta_mu=9.141997514424838e+153, beta_phi=nan
NaN in beta_*: layer 9, bs_iter=38, k=4237, beta_mu=1.1010863308943588e+153, beta_phi=nan
NaN in beta_*: layer 9, bs_iter=38, k=4238, beta_mu=1.2511156619189667e+153, beta_phi=nan
NaN in beta_*: layer 9, bs_iter=38, k=4239, beta_mu=8.798036632088278e+153, beta_phi=nan
NaN in beta_*: layer 9, bs_iter=38, k=4240, beta_mu=1.1010974016723274e+153, beta_phi=nan
NaN in beta_*: layer 9, bs_iter=38, k=4241, beta_mu=4.0399654386797656e+153, beta_phi=nan
NaN in beta_*: layer 9, bs_iter=38, k=4242, beta_mu=9.219254101052545e+153, beta_phi=nan
NaN in beta_*: layer 9, bs_iter=38, k=4243, beta_mu=2.955081123054225e+154, beta_phi=nan
NaN in beta_*: layer 9, bs_iter=38, k=4244, beta_mu=6.10484659246316e+152, beta_phi=nan
NaN in beta_*: layer 9, bs_iter=38, k=4245, beta_mu=2.382376633657255e+153, beta_phi=nan
NaN in beta_*: layer 9, bs_iter=38, k=4246, beta_mu=8.698704605872722e+153, beta_phi=nan
NaN in beta_*: layer 9, bs_iter=38, k=4247, beta_mu=5.079148887475971e+152, beta_phi=nan
NaN in beta_*: layer 9, bs_iter=38, k=4248, beta_mu=1.2391964445675045e+153, beta_phi=nan
NaN in beta_*: layer 9, bs_iter=38, k=4249, beta_mu=4.215444522262852e+153, beta_phi=nan
NaN in beta_*: layer 9, bs_iter=38, k=4250, beta_mu=8.779404878708234e+153, beta_phi=nan
NaN in beta_*: layer 9, bs_iter=38, k=4251, beta_mu=4.36513031852995e+152, beta_phi=nan
NaN in beta_*: layer 9, bs_iter=38, k=4252, beta_mu=1.4547412985943414e+154, beta_phi=nan
NaN in beta_*: layer 9, bs_iter=38, k=4253, beta_mu=6.220223100833922e+152, beta_phi=nan
NaN in beta_*: layer 9, bs_iter=38, k=4254, beta_mu=8.697739954485849e+153, beta_phi=nan
NaN in beta_*: layer 9, bs_iter=38, k=4255, beta_mu=8.700775374551506e+153, beta_phi=nan
NaN in beta_*: layer 9, bs_iter=38, k=4257, beta_mu=1.089841092180704e+153, beta_phi=nan
NaN in beta_*: layer 9, bs_iter=38, k=4258, beta_mu=9.343914805211502e+152, beta_phi=nan
NaN in beta_*: layer 9, bs_iter=38, k=4259, beta_mu=4.0545792742461855e+152, beta_phi=nan
NaN in beta_*: layer 9, bs_iter=38, k=4260, beta_mu=1.8479191478613778e+152, beta_phi=nan
NaN in beta_*: layer 9, bs_iter=38, k=4261, beta_mu=6.2201993496919695e+152, beta_phi=nan
NaN in beta_*: layer 9, bs_iter=38, k=4262, beta_mu=8.963166181852648e+153, beta_phi=nan
NaN in beta_*: layer 9, bs_iter=38, k=4263, beta_mu=8.87460439477825e+153, beta_phi=nan
NaN in beta_*: layer 9, bs_iter=38, k=4264, beta_mu=2.9535663700337285e+154, beta_phi=nan
NaN in beta_*: layer 9, bs_iter=38, k=4265, beta_mu=8.900095869778485e+153, beta_phi=nan
NaN in beta_*: layer 9, bs_iter=38, k=4266, beta_mu=3.576330855536596e+152, beta_phi=nan
NaN in beta_*: layer 9, bs_iter=38, k=4267, beta_mu=5.162681506401391e+152, beta_phi=nan
NaN in beta_*: layer 9, bs_iter=38, k=4268, beta_mu=6.721557915413022e+153, beta_phi=nan
NaN in beta_*: layer 9, bs_iter=38, k=4269, beta_mu=1.2469656507593466e+153, beta_phi=nan
NaN in beta_*: layer 9, bs_iter=38, k=4270, beta_mu=8.697852392332868e+153, beta_phi=nan
NaN in beta_*: layer 9, bs_iter=38, k=4271, beta_mu=1.038946843324914e+153, beta_phi=nan
NaN in beta_*: layer 9, bs_iter=38, k=4272, beta_mu=5.911770922631875e+154, beta_phi=nan
NaN in beta_*: layer 9, bs_iter=38, k=4273, beta_mu=1.237469676966779e+153, beta_phi=nan
NaN in beta_*: layer 9, bs_iter=38, k=4274, beta_mu=3.6943504407345965e+153, beta_phi=nan
NaN in beta_*: layer 9, bs_iter=38, k=4275, beta_mu=1.302912439574997e+153, beta_phi=nan
NaN in beta_*: layer 9, bs_iter=38, k=4276, beta_mu=1.279495684057325e+153, beta_phi=nan
NaN in beta_*: layer 9, bs_iter=38, k=4277, beta_mu=6.1755516790237606e+153, beta_phi=nan
NaN in beta_*: layer 9, bs_iter=38, k=4278, beta_mu=9.55304699325746e+152, beta_phi=nan
NaN in beta_*: layer 9, bs_iter=38, k=4279, beta_mu=1.2937409049671929e+153, beta_phi=nan
NaN in beta_*: layer 9, bs_iter=38, k=4280, beta_mu=5.257529103792959e+152, beta_phi=nan
NaN in beta_*: layer 9, bs_iter=38, k=4281, beta_mu=1.4133574564544032e+153, beta_phi=nan
NaN in beta_*: layer 9, bs_iter=38, k=4282, beta_mu=3.557170831374545e+152, beta_phi=nan
NaN in beta_*: layer 9, bs_iter=38, k=4284, beta_mu=6.466132986696114e+153, beta_phi=nan
NaN in beta_*: layer 9, bs_iter=38, k=4285, beta_mu=1.131936281374597e+154, beta_phi=nan
NaN in beta_*: layer 9, bs_iter=38, k=4286, beta_mu=1.0635018039717346e+153, beta_phi=nan
NaN in beta_*: layer 9, bs_iter=38, k=4289, beta_mu=1.1346379937958974e+152, beta_phi=nan
NaN in beta_*: layer 9, bs_iter=38, k=4290, beta_mu=1.016225053401582e+153, beta_phi=nan
NaN in beta_*: layer 9, bs_iter=38, k=4291, beta_mu=1.0963742821765502e+155, beta_phi=nan
NaN in beta_*: layer 9, bs_iter=38, k=4292, beta_mu=1.2360888088916864e+155, beta_phi=nan
NaN in beta_*: layer 9, bs_iter=38, k=4293, beta_mu=6.098295294515439e+154, beta_phi=nan
NaN in beta_*: layer 9, bs_iter=38, k=4294, beta_mu=5.814942327311248e+152, beta_phi=nan
NaN in beta_*: layer 9, bs_iter=38, k=4295, beta_mu=6.91504474650175e+153, beta_phi=nan
NaN in beta_*: layer 9, bs_iter=38, k=4296, beta_mu=2.571126459051079e+152, beta_phi=nan
NaN in beta_*: layer 9, bs_iter=38, k=4297, beta_mu=2.398565222736562e+153, beta_phi=nan
NaN in beta_*: layer 9, bs_iter=38, k=4298, beta_mu=2.2040052255674352e+153, beta_phi=nan
NaN in beta_*: layer 9, bs_iter=38, k=4299, beta_mu=9.732674149379134e+152, beta_phi=nan
NaN in beta_*: layer 9, bs_iter=38, k=4300, beta_mu=3.8189572913701727e+154, beta_phi=nan
NaN in beta_*: layer 9, bs_iter=38, k=4301, beta_mu=4.215896613826975e+154, beta_phi=nan
NaN in beta_*: layer 9, bs_iter=38, k=4302, beta_mu=1.0528872764826146e+153, beta_phi=nan
NaN in beta_*: layer 9, bs_iter=38, k=4303, beta_mu=5.750822973306848e+152, beta_phi=nan
NaN in beta_*: layer 9, bs_iter=38, k=4304, beta_mu=1.0848858871220882e+154, beta_phi=nan
NaN in beta_*: layer 9, bs_iter=38, k=4305, beta_mu=2.4091336341556654e+154, beta_phi=nan
NaN in beta_*: layer 9, bs_iter=38, k=4306, beta_mu=1.3047097021290652e+154, beta_phi=nan
NaN in beta_*: layer 9, bs_iter=38, k=4307, beta_mu=1.814427586909058e+153, beta_phi=nan
NaN in beta_*: layer 9, bs_iter=38, k=4308, beta_mu=1.631822360224599e+155, beta_phi=nan
NaN in beta_*: layer 9, bs_iter=38, k=4309, beta_mu=9.371078819054149e+152, beta_phi=nan
NaN in beta_*: layer 9, bs_iter=38, k=4310, beta_mu=3.7476758411866002e+152, beta_phi=nan
NaN in beta_*: layer 9, bs_iter=38, k=4311, beta_mu=1.4906688988058848e+154, beta_phi=nan
NaN in beta_*: layer 9, bs_iter=38, k=4312, beta_mu=1.9641134425021334e+155, beta_phi=nan
NaN in beta_*: layer 9, bs_iter=38, k=4313, beta_mu=2.4101029922187953e+154, beta_phi=nan
NaN in beta_*: layer 9, bs_iter=38, k=4314, beta_mu=8.52124682962509e+152, beta_phi=nan
NaN in beta_*: layer 9, bs_iter=38, k=4315, beta_mu=2.1140801579135417e+154, beta_phi=nan
NaN in beta_*: layer 9, bs_iter=38, k=4316, beta_mu=4.346775618954259e+154, beta_phi=nan
NaN in beta_*: layer 9, bs_iter=38, k=4317, beta_mu=1.7290705133875813e+153, beta_phi=nan
NaN in beta_*: layer 9, bs_iter=38, k=4318, beta_mu=1.7290826909859416e+153, beta_phi=nan
NaN in beta_*: layer 9, bs_iter=38, k=4319, beta_mu=8.784752827024968e+153, beta_phi=nan
NaN in beta_*: layer 9, bs_iter=38, k=4320, beta_mu=1.2976433901246143e+154, beta_phi=nan
NaN in beta_*: layer 9, bs_iter=38, k=4321, beta_mu=1.3004720509095021e+154, beta_phi=nan
NaN in beta_*: layer 9, bs_iter=38, k=4323, beta_mu=2.4080730118659836e+154, beta_phi=nan
NaN in beta_*: layer 9, bs_iter=38, k=4324, beta_mu=8.916656104246298e+153, beta_phi=nan
NaN in beta_*: layer 9, bs_iter=38, k=4325, beta_mu=2.6521701901431908e+154, beta_phi=nan
NaN in beta_*: layer 9, bs_iter=38, k=4326, beta_mu=2.6358262261513166e+154, beta_phi=nan
NaN in beta_*: layer 9, bs_iter=38, k=4327, beta_mu=4.3864088131221055e+154, beta_phi=nan
NaN in beta_*: layer 9, bs_iter=38, k=4328, beta_mu=2.6592357850250005e+154, beta_phi=nan
NaN in beta_*: layer 9, bs_iter=38, k=4329, beta_mu=8.209291091968019e+152, beta_phi=nan
NaN in beta_*: layer 9, bs_iter=38, k=4330, beta_mu=2.2861424733517844e+153, beta_phi=nan
NaN in beta_*: layer 9, bs_iter=38, k=4331, beta_mu=1.3155681774494178e+154, beta_phi=nan
NaN in beta_*: layer 9, bs_iter=38, k=4332, beta_mu=1.3071193513345922e+154, beta_phi=nan
NaN in beta_*: layer 9, bs_iter=38, k=4333, beta_mu=2.4338068983648572e+154, beta_phi=nan
NaN in beta_*: layer 9, bs_iter=38, k=4334, beta_mu=1.8757726944089296e+153, beta_phi=nan
NaN in beta_*: layer 9, bs_iter=38, k=4335, beta_mu=1.8757866803710448e+153, beta_phi=nan
NaN in beta_*: layer 9, bs_iter=38, k=4336, beta_mu=4.902740885350777e+154, beta_phi=nan
NaN in beta_*: layer 9, bs_iter=38, k=4337, beta_mu=1.116482964562708e+155, beta_phi=nan
NaN in beta_*: layer 9, bs_iter=38, k=4338, beta_mu=2.5012571858173262e+154, beta_phi=nan
NaN in beta_*: layer 9, bs_iter=38, k=4339, beta_mu=2.020839003689686e+155, beta_phi=nan
NaN in beta_*: layer 9, bs_iter=38, k=4340, beta_mu=1.3284755358333816e+153, beta_phi=nan
NaN in beta_*: layer 9, bs_iter=38, k=4342, beta_mu=1.2920616385351733e+154, beta_phi=nan
NaN in beta_*: layer 9, bs_iter=38, k=4343, beta_mu=1.907987478365769e+153, beta_phi=nan
NaN in beta_*: layer 9, bs_iter=38, k=4345, beta_mu=1.9079875249943895e+153, beta_phi=nan
NaN in beta_*: layer 9, bs_iter=38, k=4346, beta_mu=2.238592292877137e+155, beta_phi=nan
NaN in beta_*: layer 9, bs_iter=38, k=4347, beta_mu=1.2899766158895e+154, beta_phi=nan
NaN in beta_*: layer 9, bs_iter=38, k=4348, beta_mu=9.679977497218745e+152, beta_phi=nan
NaN in beta_*: layer 9, bs_iter=38, k=4349, beta_mu=2.022558022841195e+155, beta_phi=nan
NaN in beta_*: layer 9, bs_iter=38, k=4350, beta_mu=1.2916742405879735e+154, beta_phi=nan
NaN in beta_*: layer 9, bs_iter=38, k=4351, beta_mu=1.5210138293444616e+154, beta_phi=nan
NaN in beta_*: layer 9, bs_iter=38, k=4352, beta_mu=5.100282346613486e+154, beta_phi=nan
NaN in beta_*: layer 9, bs_iter=38, k=4353, beta_mu=8.30948099573893e+152, beta_phi=nan
NaN in beta_*: layer 9, bs_iter=38, k=4354, beta_mu=1.2902386767859531e+154, beta_phi=nan
NaN in beta_*: layer 9, bs_iter=38, k=4355, beta_mu=2.098014651164197e+153, beta_phi=nan
NaN in beta_*: layer 9, bs_iter=38, k=4356, beta_mu=2.5342772234493606e+154, beta_phi=nan
NaN in beta_*: layer 9, bs_iter=38, k=4357, beta_mu=1.2161689760274044e+153, beta_phi=nan
NaN in beta_*: layer 9, bs_iter=38, k=4358, beta_mu=2.4161613143548782e+154, beta_phi=nan
NaN in beta_*: layer 9, bs_iter=38, k=4360, beta_mu=2.24022235468183e+155, beta_phi=nan
NaN in beta_*: layer 9, bs_iter=38, k=4361, beta_mu=1.2879518859661496e+154, beta_phi=nan
NaN in beta_*: layer 9, bs_iter=38, k=4362, beta_mu=2.2411981825326597e+155, beta_phi=nan
NaN in beta_*: layer 9, bs_iter=38, k=4363, beta_mu=5.083935269028697e+154, beta_phi=nan
NaN in beta_*: layer 9, bs_iter=38, k=4364, beta_mu=2.578615299287339e+153, beta_phi=nan
NaN in beta_*: layer 9, bs_iter=38, k=4365, beta_mu=1.240527726115531e+155, beta_phi=nan
NaN in beta_*: layer 9, bs_iter=38, k=4366, beta_mu=1.1633786541193834e+155, beta_phi=nan
NaN in beta_*: layer 9, bs_iter=38, k=4367, beta_mu=2.2384437980108738e+155, beta_phi=nan
NaN in beta_*: layer 9, bs_iter=38, k=4368, beta_mu=4.308544077680369e+153, beta_phi=nan
NaN in beta_*: layer 9, bs_iter=38, k=4369, beta_mu=1.2399418031016893e+155, beta_phi=nan
NaN in beta_*: layer 9, bs_iter=38, k=4370, beta_mu=1.2403201447754303e+155, beta_phi=nan
NaN in beta_*: layer 9, bs_iter=38, k=4371, beta_mu=1.0069127186080884e+155, beta_phi=nan
NaN in beta_*: layer 9, bs_iter=38, k=4372, beta_mu=2.245932813187734e+153, beta_phi=nan
NaN in beta_*: layer 9, bs_iter=38, k=4373, beta_mu=1.2012693007620876e+153, beta_phi=nan
NaN in beta_*: layer 9, bs_iter=38, k=4374, beta_mu=5.029346447819792e+154, beta_phi=nan
NaN in beta_*: layer 9, bs_iter=38, k=4375, beta_mu=1.5843526543140014e+153, beta_phi=nan
NaN in beta_*: layer 9, bs_iter=38, k=4376, beta_mu=3.670828213785983e+152, beta_phi=nan
NaN in beta_*: layer 9, bs_iter=38, k=4377, beta_mu=2.4976657395213302e+154, beta_phi=nan
NaN in beta_*: layer 9, bs_iter=38, k=4378, beta_mu=1.2973082387604468e+154, beta_phi=nan
NaN in beta_*: layer 9, bs_iter=38, k=4379, beta_mu=1.5526074219690416e+153, beta_phi=nan
NaN in beta_*: layer 9, bs_iter=38, k=4380, beta_mu=2.5678634013709803e+154, beta_phi=nan
NaN in beta_*: layer 9, bs_iter=38, k=4381, beta_mu=7.738761531096186e+153, beta_phi=nan
NaN in beta_*: layer 9, bs_iter=38, k=4382, beta_mu=1.9281623277277214e+153, beta_phi=nan
NaN in beta_*: layer 9, bs_iter=38, k=4383, beta_mu=9.040832480584316e+153, beta_phi=nan
NaN in beta_*: layer 9, bs_iter=38, k=4384, beta_mu=5.01101809482997e+154, beta_phi=nan
NaN in beta_*: layer 9, bs_iter=38, k=4385, beta_mu=5.0146150420865676e+154, beta_phi=nan
NaN in beta_*: layer 9, bs_iter=38, k=4386, beta_mu=1.9822545579233298e+155, beta_phi=nan
NaN in beta_*: layer 9, bs_iter=38, k=4387, beta_mu=9.060980554745086e+153, beta_phi=nan
NaN in beta_*: layer 9, bs_iter=38, k=4388, beta_mu=5.0378671846109457e+154, beta_phi=nan
NaN in beta_*: layer 9, bs_iter=38, k=4389, beta_mu=5.019956386707105e+154, beta_phi=nan
NaN in beta_*: layer 9, bs_iter=38, k=4390, beta_mu=3.7070546561703785e+153, beta_phi=nan
NaN in beta_*: layer 9, bs_iter=38, k=4391, beta_mu=5.0213879472647094e+154, beta_phi=nan
NaN in beta_*: layer 9, bs_iter=38, k=4392, beta_mu=2.5750715189076308e+154, beta_phi=nan
NaN in beta_*: layer 9, bs_iter=38, k=4393, beta_mu=5.0346058438683445e+154, beta_phi=nan
NaN in beta_*: layer 9, bs_iter=38, k=4394, beta_mu=5.569399268950945e+152, beta_phi=nan
NaN in beta_*: layer 9, bs_iter=38, k=4395, beta_mu=5.0179946949753516e+154, beta_phi=nan
NaN in beta_*: layer 9, bs_iter=38, k=4396, beta_mu=3.513065916322715e+153, beta_phi=nan
NaN in beta_*: layer 9, bs_iter=38, k=4397, beta_mu=5.496027403001537e+152, beta_phi=nan
NaN in beta_*: layer 9, bs_iter=38, k=4398, beta_mu=5.024123143280408e+154, beta_phi=nan
NaN in beta_*: layer 9, bs_iter=38, k=4399, beta_mu=4.959831583920074e+154, beta_phi=nan
NaN in beta_*: layer 9, bs_iter=38, k=4400, beta_mu=3.0871778422598873e+152, beta_phi=nan
NaN in beta_*: layer 9, bs_iter=38, k=4401, beta_mu=7.255082326602908e+153, beta_phi=nan
NaN in beta_*: layer 9, bs_iter=38, k=4402, beta_mu=1.980927476700798e+154, beta_phi=nan
NaN in beta_*: layer 9, bs_iter=38, k=4403, beta_mu=2.606749470091979e+154, beta_phi=nan
NaN in beta_*: layer 9, bs_iter=38, k=4404, beta_mu=5.2496875476554914e+154, beta_phi=nan
NaN in beta_*: layer 9, bs_iter=38, k=4405, beta_mu=4.9001463635955515e+154, beta_phi=nan
NaN in beta_*: layer 9, bs_iter=38, k=4407, beta_mu=4.959307955930725e+154, beta_phi=nan
NaN in beta_*: layer 9, bs_iter=38, k=4408, beta_mu=5.619145723046215e+152, beta_phi=nan
NaN in beta_*: layer 9, bs_iter=38, k=4409, beta_mu=1.9875474120910906e+154, beta_phi=nan
NaN in beta_*: layer 9, bs_iter=38, k=4410, beta_mu=1.0567195615475443e+153, beta_phi=nan
NaN in beta_*: layer 9, bs_iter=38, k=4411, beta_mu=1.8996767643195432e+153, beta_phi=nan
NaN in beta_*: layer 9, bs_iter=38, k=4412, beta_mu=2.6622646859716673e+154, beta_phi=nan
NaN in beta_*: layer 9, bs_iter=38, k=4413, beta_mu=4.7566856062632447e+154, beta_phi=nan
NaN in beta_*: layer 9, bs_iter=38, k=4414, beta_mu=6.639866073064291e+152, beta_phi=nan
NaN in beta_*: layer 9, bs_iter=38, k=4415, beta_mu=1.9791833330121754e+154, beta_phi=nan
NaN in beta_*: layer 9, bs_iter=38, k=4416, beta_mu=4.7351572956015525e+154, beta_phi=nan
NaN in beta_*: layer 9, bs_iter=38, k=4417, beta_mu=2.698914908087729e+154, beta_phi=nan
NaN in beta_*: layer 9, bs_iter=38, k=4418, beta_mu=4.763808744552243e+154, beta_phi=nan
NaN in beta_*: layer 9, bs_iter=38, k=4419, beta_mu=3.1391102161116484e+152, beta_phi=nan
NaN in beta_*: layer 9, bs_iter=38, k=4420, beta_mu=1.9721237155158114e+154, beta_phi=nan
NaN in beta_*: layer 9, bs_iter=38, k=4421, beta_mu=6.349679374136226e+153, beta_phi=nan
NaN in beta_*: layer 9, bs_iter=38, k=4422, beta_mu=1.931028576533863e+153, beta_phi=nan
NaN in beta_*: layer 9, bs_iter=38, k=4423, beta_mu=2.152280464564371e+155, beta_phi=nan
NaN in beta_*: layer 9, bs_iter=38, k=4424, beta_mu=2.738063364989136e+154, beta_phi=nan
NaN in beta_*: layer 9, bs_iter=38, k=4425, beta_mu=4.810577297762114e+154, beta_phi=nan
NaN in beta_*: layer 9, bs_iter=38, k=4426, beta_mu=1.8161535849103424e+153, beta_phi=nan
NaN in beta_*: layer 9, bs_iter=38, k=4427, beta_mu=4.809664772783319e+154, beta_phi=nan
NaN in beta_*: layer 9, bs_iter=38, k=4428, beta_mu=4.7860325112704087e+154, beta_phi=nan
NaN in beta_*: layer 9, bs_iter=38, k=4429, beta_mu=9.168941881498814e+153, beta_phi=nan
NaN in beta_*: layer 9, bs_iter=38, k=4430, beta_mu=4.797208739697528e+154, beta_phi=nan
NaN in beta_*: layer 9, bs_iter=38, k=4431, beta_mu=1.3233710818492036e+153, beta_phi=nan
NaN in beta_*: layer 9, bs_iter=38, k=4432, beta_mu=4.444144988989098e+154, beta_phi=nan
NaN in beta_*: layer 9, bs_iter=38, k=4433, beta_mu=1.3041276342447512e+153, beta_phi=nan
NaN in beta_*: layer 9, bs_iter=38, k=4434, beta_mu=9.228363637068558e+154, beta_phi=nan
NaN in beta_*: layer 9, bs_iter=38, k=4435, beta_mu=4.8390416967170505e+154, beta_phi=nan
NaN in beta_*: layer 9, bs_iter=38, k=4436, beta_mu=9.109670602958949e+154, beta_phi=nan
NaN in beta_*: layer 9, bs_iter=38, k=4437, beta_mu=4.5458319683003e+153, beta_phi=nan
NaN in beta_*: layer 9, bs_iter=38, k=4439, beta_mu=4.7360370971454944e+154, beta_phi=nan
NaN in beta_*: layer 9, bs_iter=38, k=4440, beta_mu=5.848677286943141e+154, beta_phi=nan
NaN in beta_*: layer 9, bs_iter=38, k=4441, beta_mu=2.265155664148944e+154, beta_phi=nan
NaN in beta_*: layer 9, bs_iter=38, k=4442, beta_mu=2.3663360091111677e+154, beta_phi=nan
NaN in beta_*: layer 9, bs_iter=38, k=4443, beta_mu=2.192714481951707e+154, beta_phi=nan
NaN in beta_*: layer 9, bs_iter=38, k=4444, beta_mu=1.3937298189097364e+155, beta_phi=nan
NaN in beta_*: layer 9, bs_iter=38, k=4445, beta_mu=2.853667121546096e+154, beta_phi=nan
NaN in beta_*: layer 9, bs_iter=38, k=4447, beta_mu=2.1308688119094453e+155, beta_phi=nan
NaN in beta_*: layer 9, bs_iter=38, k=4448, beta_mu=2.1328567075229664e+155, beta_phi=nan
NaN in beta_*: layer 9, bs_iter=38, k=4449, beta_mu=2.846717831068325e+154, beta_phi=nan
NaN in beta_*: layer 9, bs_iter=38, k=4450, beta_mu=5.3258663505515615e+154, beta_phi=nan
NaN in beta_*: layer 9, bs_iter=38, k=4451, beta_mu=2.1202729415319291e+155, beta_phi=nan
NaN in beta_*: layer 9, bs_iter=38, k=4452, beta_mu=1.3787012909305262e+153, beta_phi=nan
NaN in beta_*: layer 9, bs_iter=38, k=4453, beta_mu=2.189486450448125e+154, beta_phi=nan
NaN in beta_*: layer 9, bs_iter=38, k=4454, beta_mu=2.2002732371481185e+154, beta_phi=nan
NaN in beta_*: layer 9, bs_iter=38, k=4455, beta_mu=2.200274115770074e+154, beta_phi=nan
NaN in beta_*: layer 9, bs_iter=38, k=4456, beta_mu=3.0357600760178643e+153, beta_phi=nan
NaN in beta_*: layer 9, bs_iter=38, k=4457, beta_mu=2.6655029389158262e+154, beta_phi=nan
NaN in beta_*: layer 9, bs_iter=38, k=4458, beta_mu=8.419456952102008e+152, beta_phi=nan
NaN in beta_*: layer 9, bs_iter=38, k=4461, beta_mu=2.1259318722463052e+155, beta_phi=nan
NaN in beta_*: layer 9, bs_iter=38, k=4462, beta_mu=2.532970419720816e+154, beta_phi=nan
NaN in beta_*: layer 9, bs_iter=38, k=4465, beta_mu=2.8217576380297412e+153, beta_phi=nan
NaN in beta_*: layer 9, bs_iter=38, k=4466, beta_mu=9.172941789190999e+152, beta_phi=nan
NaN in beta_*: layer 9, bs_iter=38, k=4467, beta_mu=1.931023273437388e+155, beta_phi=nan
NaN in beta_*: layer 9, bs_iter=38, k=4468, beta_mu=2.8075091747591684e+154, beta_phi=nan
NaN in beta_*: layer 9, bs_iter=38, k=4469, beta_mu=1.0021071787408766e+154, beta_phi=nan
NaN in beta_*: layer 9, bs_iter=38, k=4470, beta_mu=7.335449283351635e+153, beta_phi=nan
NaN in beta_*: layer 9, bs_iter=38, k=4471, beta_mu=2.759603624709468e+154, beta_phi=nan
NaN in beta_*: layer 9, bs_iter=38, k=4472, beta_mu=1.0241962953123151e+154, beta_phi=nan
NaN in beta_*: layer 9, bs_iter=38, k=4473, beta_mu=3.8189600511770044e+152, beta_phi=nan
NaN in beta_*: layer 9, bs_iter=38, k=4474, beta_mu=2.8413577558408863e+154, beta_phi=nan
NaN in beta_*: layer 9, bs_iter=38, k=4475, beta_mu=6.070781026269956e+153, beta_phi=nan
NaN in beta_*: layer 9, bs_iter=38, k=4476, beta_mu=1.4571814177371532e+155, beta_phi=nan
NaN in beta_*: layer 9, bs_iter=38, k=4477, beta_mu=2.615131527276361e+153, beta_phi=nan
NaN in beta_*: layer 9, bs_iter=38, k=4478, beta_mu=2.6057593080162678e+154, beta_phi=nan
NaN in beta_*: layer 9, bs_iter=38, k=4479, beta_mu=2.591156604812079e+154, beta_phi=nan
NaN in beta_*: layer 9, bs_iter=38, k=4480, beta_mu=8.257801752300704e+153, beta_phi=nan
NaN in beta_*: layer 9, bs_iter=38, k=4481, beta_mu=2.83862334764178e+153, beta_phi=nan
NaN in beta_*: layer 9, bs_iter=38, k=4482, beta_mu=2.5730954849739433e+153, beta_phi=nan
NaN in beta_*: layer 9, bs_iter=38, k=4483, beta_mu=1.0416597508039573e+154, beta_phi=nan
NaN in beta_*: layer 9, bs_iter=38, k=4484, beta_mu=2.848496988891345e+154, beta_phi=nan
NaN in beta_*: layer 9, bs_iter=38, k=4485, beta_mu=2.6025298244372423e+154, beta_phi=nan
NaN in beta_*: layer 9, bs_iter=38, k=4486, beta_mu=1.6246196336617732e+153, beta_phi=nan
NaN in beta_*: layer 9, bs_iter=38, k=4487, beta_mu=2.2256972235057392e+154, beta_phi=nan
NaN in beta_*: layer 9, bs_iter=38, k=4488, beta_mu=1.0485133946451412e+154, beta_phi=nan
NaN in beta_*: layer 9, bs_iter=38, k=4490, beta_mu=2.721616307886933e+154, beta_phi=nan
NaN in beta_*: layer 9, bs_iter=38, k=4491, beta_mu=2.7157293898628435e+154, beta_phi=nan
NaN in beta_*: layer 9, bs_iter=38, k=4492, beta_mu=1.0312750512845011e+154, beta_phi=nan
NaN in beta_*: layer 9, bs_iter=38, k=4493, beta_mu=4.19883878554459e+153, beta_phi=nan
NaN in beta_*: layer 9, bs_iter=38, k=4494, beta_mu=4.3468273420074824e+154, beta_phi=nan
NaN in beta_*: layer 9, bs_iter=38, k=4495, beta_mu=4.227487143337189e+153, beta_phi=nan
NaN in beta_*: layer 9, bs_iter=38, k=4496, beta_mu=4.255239020888516e+152, beta_phi=nan
NaN in beta_*: layer 9, bs_iter=38, k=4497, beta_mu=1.378575178833943e+153, beta_phi=nan
NaN in beta_*: layer 9, bs_iter=38, k=4498, beta_mu=3.3304443401156884e+155, beta_phi=nan
NaN in beta_*: layer 9, bs_iter=38, k=4499, beta_mu=2.7341192690229695e+154, beta_phi=nan
NaN in beta_*: layer 9, bs_iter=38, k=4500, beta_mu=4.348755262422784e+154, beta_phi=nan
NaN in beta_*: layer 9, bs_iter=38, k=4501, beta_mu=4.6074296179361264e+154, beta_phi=nan
NaN in beta_*: layer 9, bs_iter=38, k=4502, beta_mu=2.6198652698681503e+154, beta_phi=nan
NaN in beta_*: layer 9, bs_iter=38, k=4503, beta_mu=8.274824376573048e+152, beta_phi=nan
NaN in beta_*: layer 9, bs_iter=38, k=4504, beta_mu=1.0567872414319959e+154, beta_phi=nan
NaN in beta_*: layer 9, bs_iter=38, k=4505, beta_mu=2.5977552649334865e+154, beta_phi=nan
NaN in beta_*: layer 9, bs_iter=38, k=4507, beta_mu=9.29012268896722e+153, beta_phi=nan
NaN in beta_*: layer 9, bs_iter=38, k=4508, beta_mu=3.3949674384066056e+155, beta_phi=nan
NaN in beta_*: layer 9, bs_iter=38, k=4509, beta_mu=3.056986336113388e+154, beta_phi=nan
NaN in beta_*: layer 9, bs_iter=38, k=4510, beta_mu=2.5646243925799497e+154, beta_phi=nan
NaN in beta_*: layer 9, bs_iter=38, k=4511, beta_mu=3.060839635906831e+154, beta_phi=nan
NaN in beta_*: layer 9, bs_iter=38, k=4512, beta_mu=3.0606564995068737e+154, beta_phi=nan
NaN in beta_*: layer 9, bs_iter=38, k=4513, beta_mu=4.6094954713215843e+154, beta_phi=nan
NaN in beta_*: layer 9, bs_iter=38, k=4514, beta_mu=1.060498259783975e+154, beta_phi=nan
NaN in beta_*: layer 9, bs_iter=38, k=4515, beta_mu=3.069517220726373e+154, beta_phi=nan
NaN in beta_*: layer 9, bs_iter=38, k=4516, beta_mu=3.07790406234151e+154, beta_phi=nan
NaN in beta_*: layer 9, bs_iter=38, k=4517, beta_mu=2.5759039962654622e+154, beta_phi=nan
NaN in beta_*: layer 9, bs_iter=38, k=4519, beta_mu=2.6629768941553956e+154, beta_phi=nan
NaN in beta_*: layer 9, bs_iter=38, k=4520, beta_mu=3.058137459097587e+154, beta_phi=nan
NaN in beta_*: layer 9, bs_iter=38, k=4521, beta_mu=3.0610077623352605e+154, beta_phi=nan
NaN in beta_*: layer 9, bs_iter=38, k=4522, beta_mu=1.0361485499382496e+155, beta_phi=nan
NaN in beta_*: layer 9, bs_iter=38, k=4523, beta_mu=1.036212010332062e+155, beta_phi=nan
NaN in beta_*: layer 9, bs_iter=38, k=4524, beta_mu=3.058047265293803e+154, beta_phi=nan
NaN in beta_*: layer 9, bs_iter=38, k=4525, beta_mu=2.5991211563296854e+154, beta_phi=nan
NaN in beta_*: layer 9, bs_iter=38, k=4526, beta_mu=2.6925801687786815e+154, beta_phi=nan
NaN in beta_*: layer 9, bs_iter=38, k=4527, beta_mu=5.790099515215828e+152, beta_phi=nan
NaN in beta_*: layer 9, bs_iter=38, k=4528, beta_mu=1.0676200299560872e+154, beta_phi=nan
NaN in beta_*: layer 9, bs_iter=38, k=4529, beta_mu=2.6717362404171698e+154, beta_phi=nan
NaN in beta_*: layer 9, bs_iter=38, k=4530, beta_mu=4.413925309450627e+154, beta_phi=nan
NaN in beta_*: layer 9, bs_iter=38, k=4531, beta_mu=1.0568813648465606e+154, beta_phi=nan
NaN in beta_*: layer 9, bs_iter=38, k=4532, beta_mu=3.4028136726463945e+155, beta_phi=nan
NaN in beta_*: layer 9, bs_iter=38, k=4533, beta_mu=9.400736553105947e+153, beta_phi=nan
NaN in beta_*: layer 9, bs_iter=38, k=4534, beta_mu=2.118005393436235e+153, beta_phi=nan
NaN in beta_*: layer 9, bs_iter=38, k=4535, beta_mu=1.0771252116307872e+155, beta_phi=nan
NaN in beta_*: layer 9, bs_iter=38, k=4536, beta_mu=4.23958393422766e+154, beta_phi=nan
NaN in beta_*: layer 9, bs_iter=38, k=4538, beta_mu=2.5737240487102797e+154, beta_phi=nan
NaN in beta_*: layer 9, bs_iter=38, k=4539, beta_mu=3.1933737066589117e+154, beta_phi=nan
NaN in beta_*: layer 9, bs_iter=38, k=4540, beta_mu=9.045488469269915e+154, beta_phi=nan
NaN in beta_*: layer 9, bs_iter=38, k=4541, beta_mu=3.0896798562427643e+154, beta_phi=nan
NaN in beta_*: layer 9, bs_iter=38, k=4542, beta_mu=4.2772520564350804e+154, beta_phi=nan
NaN in beta_*: layer 9, bs_iter=38, k=4543, beta_mu=3.0994546704500727e+154, beta_phi=nan
NaN in beta_*: layer 9, bs_iter=38, k=4544, beta_mu=4.0599581842541925e+154, beta_phi=nan
NaN in beta_*: layer 9, bs_iter=38, k=4545, beta_mu=1.8241961113292533e+154, beta_phi=nan
NaN in beta_*: layer 9, bs_iter=38, k=4546, beta_mu=1.3962524547771446e+155, beta_phi=nan
NaN in beta_*: layer 9, bs_iter=38, k=4547, beta_mu=1.6383082616644698e+154, beta_phi=nan
NaN in beta_*: layer 9, bs_iter=38, k=4548, beta_mu=2.0773019049025236e+155, beta_phi=nan
NaN in beta_*: layer 9, bs_iter=38, k=4549, beta_mu=4.417606744495422e+154, beta_phi=nan
NaN in beta_*: layer 9, bs_iter=38, k=4550, beta_mu=1.8637391945503587e+153, beta_phi=nan
NaN in beta_*: layer 9, bs_iter=38, k=4551, beta_mu=2.859322898024491e+154, beta_phi=nan
NaN in beta_*: layer 9, bs_iter=38, k=4552, beta_mu=2.0422061277730695e+155, beta_phi=nan
NaN in beta_*: layer 9, bs_iter=38, k=4554, beta_mu=1.4983701413599807e+154, beta_phi=nan
NaN in beta_*: layer 9, bs_iter=38, k=4555, beta_mu=1.0685179576520953e+155, beta_phi=nan
NaN in beta_*: layer 9, bs_iter=38, k=4556, beta_mu=1.8267866388513512e+154, beta_phi=nan
NaN in beta_*: layer 9, bs_iter=38, k=4557, beta_mu=3.022488166690888e+154, beta_phi=nan
NaN in beta_*: layer 9, bs_iter=38, k=4558, beta_mu=4.6107006879531075e+154, beta_phi=nan
NaN in beta_*: layer 9, bs_iter=38, k=4559, beta_mu=4.613469733317503e+154, beta_phi=nan
NaN in beta_*: layer 9, bs_iter=38, k=4560, beta_mu=1.078452698495202e+155, beta_phi=nan
NaN in beta_*: layer 9, bs_iter=38, k=4561, beta_mu=2.857929192155877e+154, beta_phi=nan
NaN in beta_*: layer 9, bs_iter=38, k=4562, beta_mu=4.6047373035171316e+154, beta_phi=nan
NaN in beta_*: layer 9, bs_iter=38, k=4565, beta_mu=2.747239472565311e+154, beta_phi=nan
NaN in beta_*: layer 9, bs_iter=38, k=4566, beta_mu=2.0027436053965555e+155, beta_phi=nan
NaN in beta_*: layer 9, bs_iter=38, k=4567, beta_mu=4.4227621340210586e+154, beta_phi=nan
NaN in beta_*: layer 9, bs_iter=38, k=4569, beta_mu=9.94584074772533e+153, beta_phi=nan
NaN in beta_*: layer 9, bs_iter=38, k=4571, beta_mu=2.0072658311790206e+155, beta_phi=nan
NaN in beta_*: layer 9, bs_iter=38, k=4572, beta_mu=7.590394970562368e+152, beta_phi=nan
NaN in beta_*: layer 9, bs_iter=38, k=4573, beta_mu=4.6855055680322034e+154, beta_phi=nan
NaN in beta_*: layer 9, bs_iter=38, k=4574, beta_mu=4.268775684835308e+153, beta_phi=nan
NaN in beta_*: layer 9, bs_iter=38, k=4576, beta_mu=4.540416155597117e+154, beta_phi=nan
NaN in beta_*: layer 9, bs_iter=38, k=4577, beta_mu=1.0115416918936398e+155, beta_phi=nan
NaN in beta_*: layer 9, bs_iter=38, k=4578, beta_mu=9.115946423439746e+152, beta_phi=nan
NaN in beta_*: layer 9, bs_iter=38, k=4580, beta_mu=1.4462083773960956e+154, beta_phi=nan
NaN in beta_*: layer 9, bs_iter=38, k=4581, beta_mu=7.816406828591891e+152, beta_phi=nan
NaN in beta_*: layer 9, bs_iter=38, k=4583, beta_mu=7.283950064882596e+152, beta_phi=nan
NaN in beta_*: layer 9, bs_iter=38, k=4584, beta_mu=1.0245947536045989e+155, beta_phi=nan
NaN in beta_*: layer 9, bs_iter=38, k=4586, beta_mu=2.41981648164206e+154, beta_phi=nan
NaN in beta_*: layer 9, bs_iter=38, k=4587, beta_mu=2.453662050149359e+154, beta_phi=nan
NaN in beta_*: layer 9, bs_iter=38, k=4588, beta_mu=2.838619537954554e+154, beta_phi=nan
NaN in beta_*: layer 9, bs_iter=38, k=4589, beta_mu=2.0208340466725566e+155, beta_phi=nan
NaN in beta_*: layer 9, bs_iter=38, k=4590, beta_mu=4.010999717196104e+154, beta_phi=nan
NaN in beta_*: layer 9, bs_iter=38, k=4591, beta_mu=1.7654165877349098e+154, beta_phi=nan
NaN in beta_*: layer 9, bs_iter=38, k=4592, beta_mu=1.5803270199502074e+154, beta_phi=nan
NaN in beta_*: layer 9, bs_iter=38, k=4594, beta_mu=2.7366527693002563e+154, beta_phi=nan
NaN in beta_*: layer 9, bs_iter=38, k=4595, beta_mu=4.66248723075627e+153, beta_phi=nan
NaN in beta_*: layer 9, bs_iter=38, k=4596, beta_mu=5.739496658494328e+153, beta_phi=nan
NaN in beta_*: layer 9, bs_iter=38, k=4597, beta_mu=1.710443323279652e+153, beta_phi=nan
NaN in beta_*: layer 9, bs_iter=38, k=4598, beta_mu=3.968413577337558e+154, beta_phi=nan
NaN in beta_*: layer 9, bs_iter=38, k=4599, beta_mu=3.7413322456984785e+153, beta_phi=nan
NaN in beta_*: layer 9, bs_iter=38, k=4600, beta_mu=2.0019179472617544e+155, beta_phi=nan
NaN in beta_*: layer 9, bs_iter=38, k=4601, beta_mu=4.2778646851922604e+154, beta_phi=nan
NaN in beta_*: layer 9, bs_iter=38, k=4602, beta_mu=1.640446707780618e+154, beta_phi=nan
NaN in beta_*: layer 9, bs_iter=38, k=4603, beta_mu=1.0300539388518512e+154, beta_phi=nan
NaN in beta_*: layer 9, bs_iter=38, k=4604, beta_mu=1.9651084690477035e+155, beta_phi=nan
NaN in beta_*: layer 9, bs_iter=38, k=4605, beta_mu=5.078892824848611e+154, beta_phi=nan
NaN in beta_*: layer 9, bs_iter=38, k=4606, beta_mu=1.6282079586078838e+154, beta_phi=nan
NaN in beta_*: layer 9, bs_iter=38, k=4607, beta_mu=1.6297698404446728e+154, beta_phi=nan
NaN in beta_*: layer 9, bs_iter=38, k=4608, beta_mu=4.013976633563711e+154, beta_phi=nan
NaN in beta_*: layer 9, bs_iter=38, k=4609, beta_mu=1.1222430411077812e+153, beta_phi=nan
NaN in beta_*: layer 9, bs_iter=38, k=4610, beta_mu=2.5855848893593902e+155, beta_phi=nan
NaN in beta_*: layer 9, bs_iter=38, k=4611, beta_mu=5.041237961769439e+153, beta_phi=nan
NaN in beta_*: layer 9, bs_iter=38, k=4612, beta_mu=5.064660412931269e+154, beta_phi=nan
NaN in beta_*: layer 9, bs_iter=38, k=4613, beta_mu=2.909793534481531e+153, beta_phi=nan
NaN in beta_*: layer 9, bs_iter=38, k=4614, beta_mu=4.476534954883558e+155, beta_phi=nan
NaN in beta_*: layer 9, bs_iter=38, k=4615, beta_mu=1.1363100740270354e+153, beta_phi=nan
NaN in beta_*: layer 9, bs_iter=38, k=4616, beta_mu=1.6581584904169512e+154, beta_phi=nan
NaN in beta_*: layer 9, bs_iter=38, k=4617, beta_mu=1.1233175005573836e+155, beta_phi=nan
NaN in beta_*: layer 9, bs_iter=38, k=4618, beta_mu=1.1557094698549824e+155, beta_phi=nan
NaN in beta_*: layer 9, bs_iter=38, k=4619, beta_mu=1.1229882356237624e+155, beta_phi=nan
NaN in beta_*: layer 9, bs_iter=38, k=4620, beta_mu=2.9491538719291553e+153, beta_phi=nan
NaN in beta_*: layer 9, bs_iter=38, k=4621, beta_mu=5.1659451992353223e+154, beta_phi=nan
NaN in beta_*: layer 9, bs_iter=38, k=4622, beta_mu=1.6478325465509545e+154, beta_phi=nan
NaN in beta_*: layer 9, bs_iter=38, k=4623, beta_mu=1.6506865933138234e+154, beta_phi=nan
NaN in beta_*: layer 9, bs_iter=38, k=4624, beta_mu=1.649838267905716e+154, beta_phi=nan
NaN in beta_*: layer 9, bs_iter=38, k=4625, beta_mu=2.9240359427732306e+155, beta_phi=nan
NaN in beta_*: layer 9, bs_iter=38, k=4626, beta_mu=1.6588659446903625e+154, beta_phi=nan
NaN in beta_*: layer 9, bs_iter=38, k=4627, beta_mu=1.1303348338671677e+155, beta_phi=nan
NaN in beta_*: layer 9, bs_iter=38, k=4628, beta_mu=5.124980804426644e+153, beta_phi=nan
NaN in beta_*: layer 9, bs_iter=38, k=4629, beta_mu=1.119924786444283e+154, beta_phi=nan
NaN in beta_*: layer 9, bs_iter=38, k=4630, beta_mu=1.1363075241071122e+153, beta_phi=nan
NaN in beta_*: layer 9, bs_iter=38, k=4631, beta_mu=5.210878652620028e+154, beta_phi=nan
NaN in beta_*: layer 9, bs_iter=38, k=4632, beta_mu=1.1258118376333101e+155, beta_phi=nan
NaN in beta_*: layer 9, bs_iter=38, k=4633, beta_mu=1.5200087774186724e+154, beta_phi=nan
NaN in beta_*: layer 9, bs_iter=38, k=4634, beta_mu=4.305400676836537e+152, beta_phi=nan
NaN in beta_*: layer 9, bs_iter=38, k=4635, beta_mu=1.6991466963477852e+153, beta_phi=nan
NaN in beta_*: layer 9, bs_iter=38, k=4636, beta_mu=1.638908420075076e+154, beta_phi=nan
NaN in beta_*: layer 9, bs_iter=38, k=4637, beta_mu=1.6480561799251136e+154, beta_phi=nan
NaN in beta_*: layer 9, bs_iter=38, k=4638, beta_mu=1.6562975212871356e+154, beta_phi=nan
NaN in beta_*: layer 9, bs_iter=38, k=4639, beta_mu=1.7103670574014178e+154, beta_phi=nan
NaN in beta_*: layer 9, bs_iter=38, k=4640, beta_mu=1.7103572338523548e+154, beta_phi=nan
NaN in beta_*: layer 9, bs_iter=38, k=4641, beta_mu=1.6720352873827674e+154, beta_phi=nan
NaN in beta_*: layer 9, bs_iter=38, k=4642, beta_mu=1.5238926087873198e+154, beta_phi=nan
NaN in beta_*: layer 9, bs_iter=38, k=4643, beta_mu=1.7092008793990358e+154, beta_phi=nan
NaN in beta_*: layer 9, bs_iter=38, k=4644, beta_mu=1.1281821249414038e+153, beta_phi=nan
NaN in beta_*: layer 9, bs_iter=38, k=4645, beta_mu=1.7398391220220083e+153, beta_phi=nan
NaN in beta_*: layer 9, bs_iter=38, k=4646, beta_mu=1.7261320682419765e+153, beta_phi=nan
NaN in beta_*: layer 9, bs_iter=38, k=4647, beta_mu=3.1506417483992094e+154, beta_phi=nan
NaN in beta_*: layer 9, bs_iter=38, k=4648, beta_mu=1.2018692151339818e+155, beta_phi=nan
NaN in beta_*: layer 9, bs_iter=38, k=4649, beta_mu=1.6156181572659572e+153, beta_phi=nan
NaN in beta_*: layer 9, bs_iter=38, k=4650, beta_mu=4.710393936563102e+154, beta_phi=nan
NaN in beta_*: layer 9, bs_iter=38, k=4651, beta_mu=8.585553319893016e+154, beta_phi=nan
NaN in beta_*: layer 9, bs_iter=38, k=4652, beta_mu=7.022647849616329e+153, beta_phi=nan
NaN in beta_*: layer 9, bs_iter=38, k=4653, beta_mu=7.037383220412083e+153, beta_phi=nan
NaN in beta_*: layer 9, bs_iter=38, k=4654, beta_mu=7.03738937813312e+153, beta_phi=nan
NaN in beta_*: layer 9, bs_iter=38, k=4655, beta_mu=2.6811985281482195e+154, beta_phi=nan
NaN in beta_*: layer 9, bs_iter=38, k=4656, beta_mu=4.755790149882365e+154, beta_phi=nan
NaN in beta_*: layer 9, bs_iter=38, k=4657, beta_mu=6.844148517069612e+153, beta_phi=nan
NaN in beta_*: layer 9, bs_iter=38, k=4658, beta_mu=7.067218961778101e+153, beta_phi=nan
NaN in beta_*: layer 9, bs_iter=38, k=4659, beta_mu=7.037384774162052e+153, beta_phi=nan
NaN in beta_*: layer 9, bs_iter=38, k=4660, beta_mu=1.2788359725858829e+154, beta_phi=nan
NaN in beta_*: layer 9, bs_iter=38, k=4661, beta_mu=1.5494027459067157e+154, beta_phi=nan
NaN in beta_*: layer 9, bs_iter=38, k=4662, beta_mu=5.6820135292382215e+153, beta_phi=nan
NaN in beta_*: layer 9, bs_iter=38, k=4663, beta_mu=4.374533763476485e+152, beta_phi=nan
NaN in beta_*: layer 9, bs_iter=38, k=4664, beta_mu=4.312215221609815e+152, beta_phi=nan
NaN in beta_*: layer 9, bs_iter=38, k=4665, beta_mu=4.2222786212089096e+154, beta_phi=nan
NaN in beta_*: layer 9, bs_iter=38, k=4666, beta_mu=6.5039828866646155e+153, beta_phi=nan
NaN in beta_*: layer 9, bs_iter=38, k=4667, beta_mu=4.734078156183701e+154, beta_phi=nan
NaN in beta_*: layer 9, bs_iter=38, k=4668, beta_mu=1.0997356622383543e+153, beta_phi=nan
NaN in beta_*: layer 9, bs_iter=38, k=4669, beta_mu=4.28214236992925e+152, beta_phi=nan
NaN in beta_*: layer 9, bs_iter=38, k=4670, beta_mu=5.169548561370782e+153, beta_phi=nan
NaN in beta_*: layer 9, bs_iter=38, k=4671, beta_mu=1.8532008304266906e+153, beta_phi=nan
NaN in beta_*: layer 9, bs_iter=38, k=4672, beta_mu=4.506026300275956e+152, beta_phi=nan
NaN in beta_*: layer 9, bs_iter=38, k=4673, beta_mu=4.767170352633571e+154, beta_phi=nan
NaN in beta_*: layer 9, bs_iter=38, k=4674, beta_mu=7.225490671878737e+154, beta_phi=nan
NaN in beta_*: layer 9, bs_iter=38, k=4675, beta_mu=5.199524550513743e+153, beta_phi=nan
NaN in beta_*: layer 9, bs_iter=38, k=4676, beta_mu=1.0939745461417499e+153, beta_phi=nan
NaN in beta_*: layer 9, bs_iter=38, k=4677, beta_mu=1.2463063243196686e+155, beta_phi=nan
NaN in beta_*: layer 9, bs_iter=38, k=4678, beta_mu=6.499632121038733e+153, beta_phi=nan
NaN in beta_*: layer 9, bs_iter=38, k=4679, beta_mu=4.50603925842889e+152, beta_phi=nan
NaN in beta_*: layer 9, bs_iter=38, k=4680, beta_mu=1.8333766264197222e+154, beta_phi=nan
NaN in beta_*: layer 9, bs_iter=38, k=4681, beta_mu=3.6806112000091867e+152, beta_phi=nan
NaN in beta_*: layer 9, bs_iter=38, k=4682, beta_mu=6.499631375899256e+153, beta_phi=nan
NaN in beta_*: layer 9, bs_iter=38, k=4683, beta_mu=6.505080444782877e+153, beta_phi=nan
NaN in beta_*: layer 9, bs_iter=38, k=4684, beta_mu=6.5050855413432194e+153, beta_phi=nan
NaN in beta_*: layer 9, bs_iter=38, k=4685, beta_mu=4.2591747280819647e+155, beta_phi=nan
NaN in beta_*: layer 9, bs_iter=38, k=4686, beta_mu=1.02309172741212e+154, beta_phi=nan
NaN in beta_*: layer 9, bs_iter=38, k=4687, beta_mu=1.2449870755221797e+155, beta_phi=nan
NaN in beta_*: layer 9, bs_iter=38, k=4688, beta_mu=4.98944259428737e+155, beta_phi=nan
NaN in beta_*: layer 9, bs_iter=38, k=4689, beta_mu=1.513778863755396e+154, beta_phi=nan
NaN in beta_*: layer 9, bs_iter=38, k=4690, beta_mu=7.429988924076026e+154, beta_phi=nan
NaN in beta_*: layer 9, bs_iter=38, k=4691, beta_mu=5.817845846977324e+154, beta_phi=nan
NaN in beta_*: layer 9, bs_iter=38, k=4692, beta_mu=5.205130962900046e+153, beta_phi=nan
NaN in beta_*: layer 9, bs_iter=38, k=4693, beta_mu=1.099977710781279e+153, beta_phi=nan
NaN in beta_*: layer 9, bs_iter=38, k=4694, beta_mu=5.187659968296931e+153, beta_phi=nan
NaN in beta_*: layer 9, bs_iter=38, k=4695, beta_mu=6.576428739666662e+152, beta_phi=nan
NaN in beta_*: layer 9, bs_iter=38, k=4696, beta_mu=6.0496132640757336e+153, beta_phi=nan
NaN in beta_*: layer 9, bs_iter=38, k=4697, beta_mu=5.774435070414215e+154, beta_phi=nan
NaN in beta_*: layer 9, bs_iter=38, k=4698, beta_mu=2.5826918931455064e+153, beta_phi=nan
NaN in beta_*: layer 9, bs_iter=38, k=4699, beta_mu=5.774436754741033e+154, beta_phi=nan
NaN in beta_*: layer 9, bs_iter=38, k=4700, beta_mu=1.0860573159996214e+153, beta_phi=nan
NaN in beta_*: layer 9, bs_iter=38, k=4701, beta_mu=6.525690851037774e+153, beta_phi=nan
NaN in beta_*: layer 9, bs_iter=38, k=4702, beta_mu=4.7388353556228565e+154, beta_phi=nan
NaN in beta_*: layer 9, bs_iter=38, k=4703, beta_mu=6.53533098666276e+153, beta_phi=nan
NaN in beta_*: layer 9, bs_iter=38, k=4704, beta_mu=4.991359366617485e+155, beta_phi=nan
NaN in beta_*: layer 9, bs_iter=38, k=4705, beta_mu=1.9397910599170505e+153, beta_phi=nan
NaN in beta_*: layer 9, bs_iter=38, k=4706, beta_mu=5.77443531237005e+154, beta_phi=nan
NaN in beta_*: layer 9, bs_iter=38, k=4707, beta_mu=5.77868719122329e+154, beta_phi=nan
NaN in beta_*: layer 9, bs_iter=38, k=4708, beta_mu=1.0087320377773898e+153, beta_phi=nan
NaN in beta_*: layer 9, bs_iter=38, k=4709, beta_mu=4.771184466567424e+154, beta_phi=nan
NaN in beta_*: layer 9, bs_iter=38, k=4710, beta_mu=4.899659943892352e+155, beta_phi=nan
NaN in beta_*: layer 9, bs_iter=38, k=4711, beta_mu=5.13237764159525e+153, beta_phi=nan
NaN in beta_*: layer 9, bs_iter=38, k=4712, beta_mu=4.506038590830285e+152, beta_phi=nan
NaN in beta_*: layer 9, bs_iter=38, k=4713, beta_mu=1.0284916216660852e+154, beta_phi=nan
NaN in beta_*: layer 9, bs_iter=38, k=4714, beta_mu=4.76819045125602e+154, beta_phi=nan
NaN in beta_*: layer 9, bs_iter=38, k=4715, beta_mu=5.936227102353464e+153, beta_phi=nan
NaN in beta_*: layer 9, bs_iter=38, k=4717, beta_mu=5.772317832082606e+154, beta_phi=nan
NaN in beta_*: layer 9, bs_iter=38, k=4718, beta_mu=5.778679062836621e+154, beta_phi=nan
NaN in beta_*: layer 9, bs_iter=38, k=4719, beta_mu=2.77209018607646e+154, beta_phi=nan
NaN in beta_*: layer 9, bs_iter=38, k=4720, beta_mu=5.191894437532989e+153, beta_phi=nan
NaN in beta_*: layer 9, bs_iter=38, k=4721, beta_mu=5.777871398046365e+154, beta_phi=nan
NaN in beta_*: layer 9, bs_iter=38, k=4722, beta_mu=1.2342554341966467e+155, beta_phi=nan
NaN in beta_*: layer 9, bs_iter=38, k=4723, beta_mu=1.2363424881385156e+155, beta_phi=nan
NaN in beta_*: layer 9, bs_iter=38, k=4724, beta_mu=5.777112954828373e+154, beta_phi=nan
NaN in beta_*: layer 9, bs_iter=38, k=4725, beta_mu=1.517763682571941e+154, beta_phi=nan
NaN in beta_*: layer 9, bs_iter=38, k=4726, beta_mu=3.1326445090034545e+152, beta_phi=nan
NaN in beta_*: layer 9, bs_iter=38, k=4727, beta_mu=4.7718153275213715e+154, beta_phi=nan
NaN in beta_*: layer 9, bs_iter=38, k=4728, beta_mu=4.7347099412326175e+154, beta_phi=nan
NaN in beta_*: layer 9, bs_iter=38, k=4729, beta_mu=1.245937914438843e+155, beta_phi=nan
NaN in beta_*: layer 9, bs_iter=38, k=4730, beta_mu=4.991324743787909e+155, beta_phi=nan
NaN in beta_*: layer 9, bs_iter=38, k=4731, beta_mu=4.7402185941002e+154, beta_phi=nan
NaN in beta_*: layer 9, bs_iter=38, k=4732, beta_mu=5.766509414776689e+154, beta_phi=nan
NaN in beta_*: layer 9, bs_iter=38, k=4733, beta_mu=5.778681020717577e+154, beta_phi=nan
NaN in beta_*: layer 9, bs_iter=38, k=4734, beta_mu=2.8142766185986742e+153, beta_phi=nan
NaN in beta_*: layer 9, bs_iter=38, k=4735, beta_mu=1.2341919463187346e+155, beta_phi=nan
NaN in beta_*: layer 9, bs_iter=38, k=4736, beta_mu=5.1907250180994516e+153, beta_phi=nan
NaN in beta_*: layer 9, bs_iter=38, k=4737, beta_mu=1.5187888394523278e+154, beta_phi=nan
NaN in beta_*: layer 9, bs_iter=38, k=4738, beta_mu=5.776760177895424e+154, beta_phi=nan
NaN in beta_*: layer 9, bs_iter=38, k=4739, beta_mu=1.0997342793033708e+153, beta_phi=nan
NaN in beta_*: layer 9, bs_iter=38, k=4740, beta_mu=2.771725749028113e+154, beta_phi=nan
NaN in beta_*: layer 9, bs_iter=38, k=4741, beta_mu=5.782616098913199e+154, beta_phi=nan
NaN in beta_*: layer 9, bs_iter=38, k=4742, beta_mu=1.5204295464838104e+154, beta_phi=nan
NaN in beta_*: layer 9, bs_iter=38, k=4743, beta_mu=4.770512905209209e+154, beta_phi=nan
NaN in beta_*: layer 9, bs_iter=38, k=4744, beta_mu=1.244371797733969e+155, beta_phi=nan
NaN in beta_*: layer 9, bs_iter=38, k=4745, beta_mu=5.786859597073206e+154, beta_phi=nan
NaN in beta_*: layer 9, bs_iter=38, k=4746, beta_mu=1.7339480740805108e+155, beta_phi=nan
NaN in beta_*: layer 9, bs_iter=38, k=4747, beta_mu=5.225993274564742e+153, beta_phi=nan
NaN in beta_*: layer 9, bs_iter=38, k=4748, beta_mu=6.569411439407589e+153, beta_phi=nan
NaN in beta_*: layer 9, bs_iter=38, k=4750, beta_mu=4.993415409015702e+155, beta_phi=nan
NaN in beta_*: layer 9, bs_iter=38, k=4751, beta_mu=5.782614227383703e+154, beta_phi=nan
NaN in beta_*: layer 9, bs_iter=38, k=4752, beta_mu=4.322729125989012e+153, beta_phi=nan
NaN in beta_*: layer 9, bs_iter=38, k=4753, beta_mu=4.740824335296265e+154, beta_phi=nan
NaN in beta_*: layer 9, bs_iter=38, k=4754, beta_mu=2.5981023229140962e+153, beta_phi=nan
NaN in beta_*: layer 9, bs_iter=38, k=4755, beta_mu=5.76909468402701e+154, beta_phi=nan
NaN in beta_*: layer 9, bs_iter=38, k=4756, beta_mu=4.7705686403137545e+154, beta_phi=nan
NaN in beta_*: layer 9, bs_iter=38, k=4757, beta_mu=1.581330778027802e+153, beta_phi=nan
NaN in beta_*: layer 9, bs_iter=38, k=4758, beta_mu=5.834652124132405e+154, beta_phi=nan
NaN in beta_*: layer 9, bs_iter=38, k=4759, beta_mu=6.556233164414744e+153, beta_phi=nan
NaN in beta_*: layer 9, bs_iter=38, k=4760, beta_mu=4.7360128270118823e+154, beta_phi=nan
NaN in beta_*: layer 9, bs_iter=38, k=4761, beta_mu=1.517376077424418e+154, beta_phi=nan
NaN in beta_*: layer 9, bs_iter=38, k=4762, beta_mu=1.2496272746412956e+155, beta_phi=nan
NaN in beta_*: layer 9, bs_iter=38, k=4763, beta_mu=5.782620037233797e+154, beta_phi=nan
NaN in beta_*: layer 9, bs_iter=38, k=4764, beta_mu=4.4370775831656735e+152, beta_phi=nan
NaN in beta_*: layer 9, bs_iter=38, k=4765, beta_mu=1.2499447489910145e+155, beta_phi=nan
NaN in beta_*: layer 9, bs_iter=38, k=4766, beta_mu=2.903223830147152e+154, beta_phi=nan
NaN in beta_*: layer 9, bs_iter=38, k=4767, beta_mu=5.209212458629921e+153, beta_phi=nan
NaN in beta_*: layer 9, bs_iter=38, k=4768, beta_mu=4.7700486594380373e+154, beta_phi=nan
NaN in beta_*: layer 9, bs_iter=38, k=4769, beta_mu=1.4498110504083166e+154, beta_phi=nan
NaN in beta_*: layer 9, bs_iter=38, k=4770, beta_mu=1.2499442040656815e+155, beta_phi=nan
NaN in beta_*: layer 9, bs_iter=38, k=4771, beta_mu=4.7714068760915065e+154, beta_phi=nan
NaN in beta_*: layer 9, bs_iter=38, k=4772, beta_mu=1.733569361197615e+155, beta_phi=nan
NaN in beta_*: layer 9, bs_iter=38, k=4773, beta_mu=5.189936731643522e+153, beta_phi=nan
NaN in beta_*: layer 9, bs_iter=38, k=4774, beta_mu=5.230875177902775e+153, beta_phi=nan
NaN in beta_*: layer 9, bs_iter=38, k=4775, beta_mu=5.78125112588155e+154, beta_phi=nan
NaN in beta_*: layer 9, bs_iter=38, k=4776, beta_mu=4.290817050530572e+154, beta_phi=nan
NaN in beta_*: layer 9, bs_iter=38, k=4777, beta_mu=4.7714068760915065e+154, beta_phi=nan
NaN in beta_*: layer 9, bs_iter=38, k=4778, beta_mu=4.7691540337100335e+154, beta_phi=nan
NaN in beta_*: layer 9, bs_iter=38, k=4779, beta_mu=5.779486758797311e+154, beta_phi=nan
NaN in beta_*: layer 9, bs_iter=38, k=4781, beta_mu=1.0997352028433216e+153, beta_phi=nan
NaN in beta_*: layer 9, bs_iter=38, k=4782, beta_mu=5.225981043499766e+153, beta_phi=nan
NaN in beta_*: layer 9, bs_iter=38, k=4783, beta_mu=4.737558191978746e+154, beta_phi=nan
NaN in beta_*: layer 9, bs_iter=38, k=4784, beta_mu=1.7332361997964715e+155, beta_phi=nan
NaN in beta_*: layer 9, bs_iter=38, k=4785, beta_mu=5.782616918401468e+154, beta_phi=nan
NaN in beta_*: layer 9, bs_iter=38, k=4786, beta_mu=3.3497147466496496e+152, beta_phi=nan
NaN in beta_*: layer 9, bs_iter=38, k=4787, beta_mu=4.736098849951256e+154, beta_phi=nan
NaN in beta_*: layer 9, bs_iter=38, k=4788, beta_mu=5.662701817555904e+154, beta_phi=nan
NaN in beta_*: layer 9, bs_iter=38, k=4789, beta_mu=4.77051293662223e+154, beta_phi=nan
NaN in beta_*: layer 9, bs_iter=38, k=4790, beta_mu=5.239203857585813e+153, beta_phi=nan
NaN in beta_*: layer 9, bs_iter=38, k=4791, beta_mu=1.2486292934813181e+155, beta_phi=nan
NaN in beta_*: layer 9, bs_iter=38, k=4792, beta_mu=1.5186577254773255e+154, beta_phi=nan
NaN in beta_*: layer 9, bs_iter=38, k=4793, beta_mu=1.236853059593929e+155, beta_phi=nan
NaN in beta_*: layer 9, bs_iter=38, k=4794, beta_mu=3.3824995555367485e+154, beta_phi=nan
NaN in beta_*: layer 9, bs_iter=38, k=4795, beta_mu=4.770048868837801e+154, beta_phi=nan
NaN in beta_*: layer 9, bs_iter=38, k=4796, beta_mu=6.582571992299067e+153, beta_phi=nan
NaN in beta_*: layer 9, bs_iter=38, k=4797, beta_mu=4.7658228192550493e+154, beta_phi=nan
NaN in beta_*: layer 9, bs_iter=38, k=4798, beta_mu=1.5182950958042442e+154, beta_phi=nan
NaN in beta_*: layer 9, bs_iter=38, k=4800, beta_mu=4.7658225756437827e+154, beta_phi=nan
NaN in beta_*: layer 9, bs_iter=38, k=4801, beta_mu=4.770048757239801e+154, beta_phi=nan
NaN in beta_*: layer 9, bs_iter=38, k=4802, beta_mu=6.582574922975347e+153, beta_phi=nan
NaN in beta_*: layer 9, bs_iter=38, k=4803, beta_mu=3.469553215269021e+153, beta_phi=nan
NaN in beta_*: layer 9, bs_iter=38, k=4804, beta_mu=6.582583282080194e+153, beta_phi=nan
NaN in beta_*: layer 9, bs_iter=38, k=4805, beta_mu=6.582582247639243e+153, beta_phi=nan
NaN in beta_*: layer 9, bs_iter=38, k=4806, beta_mu=6.5652158406627035e+153, beta_phi=nan
NaN in beta_*: layer 9, bs_iter=38, k=4807, beta_mu=4.979987859140697e+155, beta_phi=nan
NaN in beta_*: layer 9, bs_iter=38, k=4808, beta_mu=4.7639696996917354e+154, beta_phi=nan
NaN in beta_*: layer 9, bs_iter=38, k=4809, beta_mu=4.506028904283723e+152, beta_phi=nan
NaN in beta_*: layer 9, bs_iter=38, k=4810, beta_mu=4.9902963359188485e+155, beta_phi=nan
NaN in beta_*: layer 9, bs_iter=38, k=4811, beta_mu=5.779741860575942e+154, beta_phi=nan
NaN in beta_*: layer 9, bs_iter=38, k=4812, beta_mu=4.7639696837962895e+154, beta_phi=nan
NaN in beta_*: layer 9, bs_iter=38, k=4813, beta_mu=4.7683420897820554e+154, beta_phi=nan
NaN in beta_*: layer 9, bs_iter=38, k=4814, beta_mu=8.43475441267847e+152, beta_phi=nan
NaN in beta_*: layer 9, bs_iter=38, k=4815, beta_mu=1.099733267653098e+153, beta_phi=nan
NaN in beta_*: layer 9, bs_iter=38, k=4816, beta_mu=4.990936133800401e+155, beta_phi=nan
NaN in beta_*: layer 9, bs_iter=38, k=4817, beta_mu=1.2505475468413782e+155, beta_phi=nan
NaN in beta_*: layer 9, bs_iter=38, k=4818, beta_mu=1.669915893027486e+153, beta_phi=nan
NaN in beta_*: layer 9, bs_iter=38, k=4819, beta_mu=2.0165698910422475e+154, beta_phi=nan
NaN in beta_*: layer 9, bs_iter=38, k=4820, beta_mu=4.767822144448814e+154, beta_phi=nan
NaN in beta_*: layer 9, bs_iter=38, k=4821, beta_mu=4.7639697310616714e+154, beta_phi=nan
NaN in beta_*: layer 9, bs_iter=38, k=4822, beta_mu=1.5182945869333506e+154, beta_phi=nan
NaN in beta_*: layer 9, bs_iter=38, k=4823, beta_mu=4.990935749331526e+155, beta_phi=nan
NaN in beta_*: layer 9, bs_iter=38, k=4824, beta_mu=5.2403589819834916e+153, beta_phi=nan
NaN in beta_*: layer 9, bs_iter=38, k=4825, beta_mu=4.7639694442508483e+154, beta_phi=nan
NaN in beta_*: layer 9, bs_iter=38, k=4826, beta_mu=4.7639694442508483e+154, beta_phi=nan
NaN in beta_*: layer 9, bs_iter=38, k=4827, beta_mu=4.7716441523119e+154, beta_phi=nan
NaN in beta_*: layer 9, bs_iter=38, k=4828, beta_mu=4.7357150008634914e+154, beta_phi=nan
NaN in beta_*: layer 9, bs_iter=38, k=4829, beta_mu=5.780441711786861e+154, beta_phi=nan
NaN in beta_*: layer 9, bs_iter=38, k=4830, beta_mu=1.2376772354133216e+155, beta_phi=nan
NaN in beta_*: layer 9, bs_iter=38, k=4831, beta_mu=4.7639697310616714e+154, beta_phi=nan
NaN in beta_*: layer 9, bs_iter=38, k=4832, beta_mu=1.0997350664572927e+153, beta_phi=nan
NaN in beta_*: layer 9, bs_iter=38, k=4833, beta_mu=6.590360347705357e+153, beta_phi=nan
NaN in beta_*: layer 9, bs_iter=38, k=4834, beta_mu=4.990294432898009e+155, beta_phi=nan
NaN in beta_*: layer 9, bs_iter=38, k=4835, beta_mu=1.004984908950433e+154, beta_phi=nan
NaN in beta_*: layer 9, bs_iter=38, k=4836, beta_mu=4.763969713135994e+154, beta_phi=nan
NaN in beta_*: layer 9, bs_iter=38, k=4837, beta_mu=6.6838896835064885e+153, beta_phi=nan
NaN in beta_*: layer 9, bs_iter=38, k=4838, beta_mu=1.5120353987961653e+154, beta_phi=nan
NaN in beta_*: layer 9, bs_iter=38, k=4839, beta_mu=4.983817907560318e+155, beta_phi=nan
NaN in beta_*: layer 9, bs_iter=38, k=4840, beta_mu=4.7622076361669433e+154, beta_phi=nan
NaN in beta_*: layer 9, bs_iter=38, k=4841, beta_mu=2.768156921332421e+154, beta_phi=nan
NaN in beta_*: layer 9, bs_iter=38, k=4842, beta_mu=1.5173765285028512e+154, beta_phi=nan
NaN in beta_*: layer 9, bs_iter=38, k=4843, beta_mu=5.778170451067307e+154, beta_phi=nan
NaN in beta_*: layer 9, bs_iter=38, k=4844, beta_mu=1.249506557469535e+155, beta_phi=nan
NaN in beta_*: layer 9, bs_iter=38, k=4845, beta_mu=4.7639697310616714e+154, beta_phi=nan
NaN in beta_*: layer 9, bs_iter=38, k=4846, beta_mu=4.990294432898009e+155, beta_phi=nan
NaN in beta_*: layer 9, bs_iter=38, k=4847, beta_mu=1.2504308337338671e+155, beta_phi=nan
NaN in beta_*: layer 9, bs_iter=38, k=4848, beta_mu=6.582569601526085e+153, beta_phi=nan
NaN in beta_*: layer 9, bs_iter=38, k=4850, beta_mu=5.232495053273892e+153, beta_phi=nan
NaN in beta_*: layer 9, bs_iter=38, k=4851, beta_mu=4.763969735543091e+154, beta_phi=nan
NaN in beta_*: layer 9, bs_iter=38, k=4852, beta_mu=6.582570923446741e+153, beta_phi=nan
NaN in beta_*: layer 9, bs_iter=38, k=4853, beta_mu=4.758178342897057e+154, beta_phi=nan
NaN in beta_*: layer 9, bs_iter=38, k=4854, beta_mu=5.0003430985693105e+155, beta_phi=nan
NaN in beta_*: layer 9, bs_iter=38, k=4855, beta_mu=6.582572271578433e+153, beta_phi=nan
NaN in beta_*: layer 9, bs_iter=38, k=4856, beta_mu=5.771352617934476e+154, beta_phi=nan
NaN in beta_*: layer 9, bs_iter=38, k=4857, beta_mu=5.772112087239535e+154, beta_phi=nan
NaN in beta_*: layer 9, bs_iter=38, k=4859, beta_mu=6.582568776749108e+153, beta_phi=nan
NaN in beta_*: layer 9, bs_iter=38, k=4860, beta_mu=4.764171741985778e+154, beta_phi=nan
NaN in beta_*: layer 9, bs_iter=38, k=4861, beta_mu=6.569392501307625e+153, beta_phi=nan
NaN in beta_*: layer 9, bs_iter=38, k=4862, beta_mu=4.999701193757458e+155, beta_phi=nan
NaN in beta_*: layer 9, bs_iter=38, k=4863, beta_mu=4.993403763458772e+155, beta_phi=nan
NaN in beta_*: layer 9, bs_iter=38, k=4864, beta_mu=5.773471782947201e+154, beta_phi=nan
NaN in beta_*: layer 9, bs_iter=38, k=4865, beta_mu=6.584050625691894e+153, beta_phi=nan
NaN in beta_*: layer 9, bs_iter=38, k=4866, beta_mu=6.569403837185951e+153, beta_phi=nan
NaN in beta_*: layer 9, bs_iter=38, k=4868, beta_mu=5.2392341257626596e+153, beta_phi=nan
NaN in beta_*: layer 9, bs_iter=38, k=4869, beta_mu=8.237839962248885e+153, beta_phi=nan
NaN in beta_*: layer 9, bs_iter=38, k=4870, beta_mu=6.56939303653373e+153, beta_phi=nan
NaN in beta_*: layer 9, bs_iter=38, k=4871, beta_mu=1.0997355130957063e+153, beta_phi=nan
NaN in beta_*: layer 9, bs_iter=38, k=4872, beta_mu=6.569382418632028e+153, beta_phi=nan
NaN in beta_*: layer 9, bs_iter=38, k=4873, beta_mu=1.2382867131352468e+155, beta_phi=nan
NaN in beta_*: layer 9, bs_iter=38, k=4874, beta_mu=1.0997344141820422e+153, beta_phi=nan
NaN in beta_*: layer 9, bs_iter=38, k=4875, beta_mu=5.764131989175904e+154, beta_phi=nan
NaN in beta_*: layer 9, bs_iter=38, k=4876, beta_mu=4.762409323170235e+154, beta_phi=nan
NaN in beta_*: layer 9, bs_iter=38, k=4877, beta_mu=5.767265403227642e+154, beta_phi=nan
NaN in beta_*: layer 9, bs_iter=38, k=4879, beta_mu=1.5185112990121197e+154, beta_phi=nan
NaN in beta_*: layer 9, bs_iter=38, k=4880, beta_mu=4.505039430491991e+152, beta_phi=nan
NaN in beta_*: layer 9, bs_iter=38, k=4881, beta_mu=1.0997355625037746e+153, beta_phi=nan
NaN in beta_*: layer 9, bs_iter=38, k=4882, beta_mu=5.00347333487863e+155, beta_phi=nan
NaN in beta_*: layer 9, bs_iter=38, k=4885, beta_mu=6.5693927861684665e+153, beta_phi=nan
NaN in beta_*: layer 9, bs_iter=38, k=4886, beta_mu=6.567931191970774e+153, beta_phi=nan
NaN in beta_*: layer 9, bs_iter=38, k=4887, beta_mu=4.2739444536304686e+154, beta_phi=nan
NaN in beta_*: layer 9, bs_iter=38, k=4888, beta_mu=4.998450469072955e+155, beta_phi=nan
NaN in beta_*: layer 9, bs_iter=38, k=4889, beta_mu=5.22599980807973e+153, beta_phi=nan
NaN in beta_*: layer 9, bs_iter=38, k=4890, beta_mu=6.583181560742165e+153, beta_phi=nan
NaN in beta_*: layer 9, bs_iter=38, k=4892, beta_mu=5.774687058033465e+154, beta_phi=nan
NaN in beta_*: layer 9, bs_iter=38, k=4893, beta_mu=4.759723274421567e+154, beta_phi=nan
NaN in beta_*: layer 9, bs_iter=38, k=4894, beta_mu=4.76304580454929e+154, beta_phi=nan
NaN in beta_*: layer 9, bs_iter=38, k=4895, beta_mu=4.505043972448107e+152, beta_phi=nan
NaN in beta_*: layer 9, bs_iter=38, k=4896, beta_mu=1.6806019201302233e+153, beta_phi=nan
NaN in beta_*: layer 9, bs_iter=38, k=4897, beta_mu=7.213875410340649e+152, beta_phi=nan
NaN in beta_*: layer 9, bs_iter=38, k=4898, beta_mu=4.7565828619039127e+154, beta_phi=nan
NaN in beta_*: layer 9, bs_iter=38, k=4899, beta_mu=4.7628738883397535e+154, beta_phi=nan
NaN in beta_*: layer 9, bs_iter=38, k=4900, beta_mu=6.582555971435277e+153, beta_phi=nan
NaN in beta_*: layer 9, bs_iter=38, k=4901, beta_mu=2.8674639739376065e+154, beta_phi=nan
NaN in beta_*: layer 9, bs_iter=38, k=4902, beta_mu=5.000932493468566e+155, beta_phi=nan
NaN in beta_*: layer 9, bs_iter=38, k=4904, beta_mu=5.763335077328353e+154, beta_phi=nan
NaN in beta_*: layer 9, bs_iter=38, k=4905, beta_mu=7.373415276850376e+152, beta_phi=nan
NaN in beta_*: layer 9, bs_iter=38, k=4906, beta_mu=4.505042366833415e+152, beta_phi=nan
NaN in beta_*: layer 9, bs_iter=38, k=4907, beta_mu=7.587770967027672e+153, beta_phi=nan
NaN in beta_*: layer 9, bs_iter=38, k=4908, beta_mu=8.595601885949033e+153, beta_phi=nan
NaN in beta_*: layer 9, bs_iter=38, k=4909, beta_mu=4.96731003849775e+153, beta_phi=nan
NaN in beta_*: layer 9, bs_iter=38, k=4910, beta_mu=1.518511980203265e+154, beta_phi=nan
NaN in beta_*: layer 9, bs_iter=38, k=4911, beta_mu=2.6322796810182084e+153, beta_phi=nan
NaN in beta_*: layer 9, bs_iter=38, k=4912, beta_mu=1.5191259670113143e+154, beta_phi=nan
NaN in beta_*: layer 9, bs_iter=38, k=4913, beta_mu=5.003462166242072e+155, beta_phi=nan
NaN in beta_*: layer 9, bs_iter=38, k=4914, beta_mu=4.505043921736134e+152, beta_phi=nan
NaN in beta_*: layer 9, bs_iter=38, k=4915, beta_mu=6.582574922975347e+153, beta_phi=nan
NaN in beta_*: layer 9, bs_iter=38, k=4916, beta_mu=4.756148488393387e+154, beta_phi=nan
NaN in beta_*: layer 9, bs_iter=38, k=4917, beta_mu=6.582578080026384e+153, beta_phi=nan
NaN in beta_*: layer 9, bs_iter=38, k=4918, beta_mu=1.522859219910097e+154, beta_phi=nan
NaN in beta_*: layer 9, bs_iter=38, k=4919, beta_mu=4.7628739107416956e+154, beta_phi=nan
NaN in beta_*: layer 9, bs_iter=38, k=4920, beta_mu=6.582574636499559e+153, beta_phi=nan
NaN in beta_*: layer 9, bs_iter=38, k=4921, beta_mu=5.2391742830435914e+153, beta_phi=nan
NaN in beta_*: layer 9, bs_iter=38, k=4922, beta_mu=4.997135843825466e+155, beta_phi=nan
NaN in beta_*: layer 9, bs_iter=38, k=4924, beta_mu=4.99963520236166e+155, beta_phi=nan
NaN in beta_*: layer 9, bs_iter=38, k=4925, beta_mu=2.836130184334582e+154, beta_phi=nan
NaN in beta_*: layer 9, bs_iter=38, k=4926, beta_mu=4.733560154125775e+153, beta_phi=nan
NaN in beta_*: layer 9, bs_iter=38, k=4927, beta_mu=9.418107158548253e+153, beta_phi=nan
NaN in beta_*: layer 9, bs_iter=38, k=4928, beta_mu=6.577233068501545e+153, beta_phi=nan
NaN in beta_*: layer 9, bs_iter=38, k=4929, beta_mu=4.7277981089389916e+154, beta_phi=nan
NaN in beta_*: layer 9, bs_iter=38, k=4930, beta_mu=5.196069810417306e+153, beta_phi=nan
NaN in beta_*: layer 9, bs_iter=38, k=4931, beta_mu=1.0997327842619151e+153, beta_phi=nan
NaN in beta_*: layer 9, bs_iter=38, k=4932, beta_mu=1.5179524133439352e+154, beta_phi=nan
NaN in beta_*: layer 9, bs_iter=38, k=4933, beta_mu=4.760091992255286e+154, beta_phi=nan
NaN in beta_*: layer 9, bs_iter=38, k=4935, beta_mu=1.0997349575042502e+153, beta_phi=nan
NaN in beta_*: layer 9, bs_iter=38, k=4936, beta_mu=6.569402798857937e+153, beta_phi=nan
NaN in beta_*: layer 9, bs_iter=38, k=4937, beta_mu=1.2519408204413301e+155, beta_phi=nan
NaN in beta_*: layer 9, bs_iter=38, k=4938, beta_mu=4.999638530655561e+155, beta_phi=nan
NaN in beta_*: layer 9, bs_iter=38, k=4939, beta_mu=2.5529032859260674e+153, beta_phi=nan
NaN in beta_*: layer 9, bs_iter=38, k=4940, beta_mu=6.582595960738613e+153, beta_phi=nan
NaN in beta_*: layer 9, bs_iter=38, k=4941, beta_mu=5.239212125682865e+153, beta_phi=nan
NaN in beta_*: layer 9, bs_iter=38, k=4942, beta_mu=5.774939041622665e+154, beta_phi=nan
NaN in beta_*: layer 9, bs_iter=38, k=4943, beta_mu=1.2835548243773302e+154, beta_phi=nan
NaN in beta_*: layer 9, bs_iter=38, k=4944, beta_mu=4.6233959413215685e+153, beta_phi=nan
NaN in beta_*: layer 9, bs_iter=38, k=4945, beta_mu=9.653901950014678e+153, beta_phi=nan
NaN in beta_*: layer 9, bs_iter=38, k=4946, beta_mu=4.505046218234507e+152, beta_phi=nan
NaN in beta_*: layer 9, bs_iter=38, k=4947, beta_mu=1.0997355161759228e+153, beta_phi=nan
NaN in beta_*: layer 9, bs_iter=38, k=4948, beta_mu=6.56935919613808e+153, beta_phi=nan
NaN in beta_*: layer 9, bs_iter=38, k=4949, beta_mu=5.772664664272067e+154, beta_phi=nan
NaN in beta_*: layer 9, bs_iter=38, k=4950, beta_mu=6.56256756160588e+153, beta_phi=nan
NaN in beta_*: layer 9, bs_iter=38, k=4951, beta_mu=1.2465290587235678e+155, beta_phi=nan
NaN in beta_*: layer 9, bs_iter=38, k=4952, beta_mu=1.0997356728368759e+153, beta_phi=nan
NaN in beta_*: layer 9, bs_iter=38, k=4953, beta_mu=2.5519265220499844e+153, beta_phi=nan
NaN in beta_*: layer 9, bs_iter=38, k=4954, beta_mu=5.776399049684795e+154, beta_phi=nan
NaN in beta_*: layer 9, bs_iter=38, k=4955, beta_mu=1.519128977703349e+154, beta_phi=nan
NaN in beta_*: layer 9, bs_iter=38, k=4956, beta_mu=5.7727177414365e+154, beta_phi=nan
NaN in beta_*: layer 9, bs_iter=38, k=4957, beta_mu=4.927160197481714e+154, beta_phi=nan
NaN in beta_*: layer 9, bs_iter=38, k=4958, beta_mu=5.771960916426892e+154, beta_phi=nan
NaN in beta_*: layer 9, bs_iter=38, k=4959, beta_mu=1.5122399489141093e+154, beta_phi=nan
NaN in beta_*: layer 9, bs_iter=38, k=4960, beta_mu=5.199502849732237e+153, beta_phi=nan
NaN in beta_*: layer 9, bs_iter=38, k=4961, beta_mu=6.582602947075131e+153, beta_phi=nan
NaN in beta_*: layer 9, bs_iter=38, k=4962, beta_mu=1.0997355755509628e+153, beta_phi=nan
NaN in beta_*: layer 9, bs_iter=38, k=4963, beta_mu=4.999639571108012e+155, beta_phi=nan
NaN in beta_*: layer 9, bs_iter=38, k=4964, beta_mu=1.5144128978250914e+154, beta_phi=nan
NaN in beta_*: layer 9, bs_iter=38, k=4965, beta_mu=4.999604806791464e+155, beta_phi=nan
NaN in beta_*: layer 9, bs_iter=38, k=4966, beta_mu=1.091085258487852e+154, beta_phi=nan
NaN in beta_*: layer 9, bs_iter=38, k=4967, beta_mu=6.47303468019686e+153, beta_phi=nan
NaN in beta_*: layer 9, bs_iter=38, k=4968, beta_mu=4.397826986568675e+155, beta_phi=nan
NaN in beta_*: layer 9, bs_iter=38, k=4970, beta_mu=6.763815271203939e+153, beta_phi=nan
NaN in beta_*: layer 9, bs_iter=38, k=4971, beta_mu=5.774233487317267e+154, beta_phi=nan
NaN in beta_*: layer 9, bs_iter=38, k=4972, beta_mu=5.774230865581858e+154, beta_phi=nan
NaN in beta_*: layer 9, bs_iter=38, k=4973, beta_mu=4.99710900040214e+155, beta_phi=nan
NaN in beta_*: layer 9, bs_iter=38, k=4974, beta_mu=5.196022071404758e+153, beta_phi=nan
NaN in beta_*: layer 9, bs_iter=38, k=4975, beta_mu=6.569400713265135e+153, beta_phi=nan
NaN in beta_*: layer 9, bs_iter=38, k=4976, beta_mu=5.774229038313836e+154, beta_phi=nan
NaN in beta_*: layer 9, bs_iter=38, k=4977, beta_mu=2.765036146482455e+154, beta_phi=nan
NaN in beta_*: layer 9, bs_iter=38, k=4978, beta_mu=1.0994925584951918e+153, beta_phi=nan
NaN in beta_*: layer 9, bs_iter=38, k=4979, beta_mu=5.772666016481455e+154, beta_phi=nan
NaN in beta_*: layer 9, bs_iter=38, k=4980, beta_mu=5.771353515232197e+154, beta_phi=nan
NaN in beta_*: layer 9, bs_iter=38, k=4981, beta_mu=5.000961732122576e+155, beta_phi=nan
NaN in beta_*: layer 9, bs_iter=38, k=4982, beta_mu=5.000951652624882e+155, beta_phi=nan
NaN in beta_*: layer 9, bs_iter=38, k=4983, beta_mu=5.003454717434971e+155, beta_phi=nan
NaN in beta_*: layer 9, bs_iter=38, k=4985, beta_mu=4.654504820320137e+154, beta_phi=nan
NaN in beta_*: layer 9, bs_iter=38, k=4986, beta_mu=1.0997356765537061e+153, beta_phi=nan
NaN in beta_*: layer 9, bs_iter=38, k=4987, beta_mu=4.747504503948388e+154, beta_phi=nan
NaN in beta_*: layer 9, bs_iter=38, k=4988, beta_mu=5.773321557593566e+154, beta_phi=nan
NaN in beta_*: layer 9, bs_iter=38, k=4989, beta_mu=1.517869755227364e+154, beta_phi=nan
NaN in beta_*: layer 9, bs_iter=38, k=4990, beta_mu=5.768073916783299e+154, beta_phi=nan
NaN in beta_*: layer 9, bs_iter=38, k=4991, beta_mu=6.554768305369173e+153, beta_phi=nan
NaN in beta_*: layer 9, bs_iter=38, k=4992, beta_mu=2.825826319351372e+154, beta_phi=nan
NaN in beta_*: layer 9, bs_iter=38, k=4993, beta_mu=5.77336917790622e+154, beta_phi=nan
NaN in beta_*: layer 9, bs_iter=38, k=4994, beta_mu=1.973255162971836e+154, beta_phi=nan
NaN in beta_*: layer 9, bs_iter=38, k=4995, beta_mu=4.7610159366405966e+154, beta_phi=nan
NaN in beta_*: layer 9, bs_iter=38, k=4996, beta_mu=5.770697957832751e+154, beta_phi=nan
NaN in beta_*: layer 9, bs_iter=38, k=4997, beta_mu=4.336560037116748e+153, beta_phi=nan
NaN in beta_*: layer 9, bs_iter=38, k=4998, beta_mu=6.5757306144494936e+153, beta_phi=nan
NaN in beta_*: layer 9, bs_iter=38, k=4999, beta_mu=5.2259831189956245e+153, beta_phi=nan
NaN in beta_*: layer 9, bs_iter=38, k=5000, beta_mu=4.997589008806657e+155, beta_phi=nan
NaN in beta_*: layer 9, bs_iter=38, k=5001, beta_mu=5.196040272808446e+153, beta_phi=nan
NaN in beta_*: layer 9, bs_iter=38, k=5002, beta_mu=6.5825949636093846e+153, beta_phi=nan
NaN in beta_*: layer 9, bs_iter=38, k=5003, beta_mu=5.239186203469224e+153, beta_phi=nan
NaN in beta_*: layer 9, bs_iter=38, k=5004, beta_mu=5.773474499659601e+154, beta_phi=nan
NaN in beta_*: layer 9, bs_iter=38, k=5005, beta_mu=1.518918229446649e+154, beta_phi=nan
NaN in beta_*: layer 9, bs_iter=38, k=5006, beta_mu=5.773474056803443e+154, beta_phi=nan
NaN in beta_*: layer 9, bs_iter=38, k=5007, beta_mu=1.5189174069849528e+154, beta_phi=nan
NaN in beta_*: layer 9, bs_iter=38, k=5008, beta_mu=1.099735613588374e+153, beta_phi=nan
NaN in beta_*: layer 9, bs_iter=38, k=5009, beta_mu=3.1287038569351864e+153, beta_phi=nan
NaN in beta_*: layer 9, bs_iter=38, k=5010, beta_mu=4.991938644424892e+155, beta_phi=nan
NaN in beta_*: layer 9, bs_iter=38, k=5011, beta_mu=4.7558204333425704e+154, beta_phi=nan
NaN in beta_*: layer 9, bs_iter=38, k=5012, beta_mu=6.541650115723228e+153, beta_phi=nan
NaN in beta_*: layer 9, bs_iter=38, k=5013, beta_mu=4.757961248770156e+154, beta_phi=nan
NaN in beta_*: layer 9, bs_iter=38, k=5014, beta_mu=8.508572162869484e+152, beta_phi=nan
NaN in beta_*: layer 9, bs_iter=38, k=5015, beta_mu=3.391711229627844e+154, beta_phi=nan
NaN in beta_*: layer 9, bs_iter=38, k=5016, beta_mu=1.5797902263872844e+153, beta_phi=nan
NaN in beta_*: layer 9, bs_iter=38, k=5017, beta_mu=6.582591225358795e+153, beta_phi=nan
NaN in beta_*: layer 9, bs_iter=38, k=5018, beta_mu=6.582590439589022e+153, beta_phi=nan
NaN in beta_*: layer 9, bs_iter=38, k=5019, beta_mu=6.541621338669926e+153, beta_phi=nan
NaN in beta_*: layer 9, bs_iter=38, k=5020, beta_mu=5.773369652527587e+154, beta_phi=nan
NaN in beta_*: layer 9, bs_iter=38, k=5021, beta_mu=4.756420235230808e+154, beta_phi=nan
NaN in beta_*: layer 9, bs_iter=38, k=5022, beta_mu=1.2506086654883487e+155, beta_phi=nan
NaN in beta_*: layer 9, bs_iter=38, k=5023, beta_mu=7.059925172699138e+153, beta_phi=nan
NaN in beta_*: layer 9, bs_iter=38, k=5024, beta_mu=5.772820634331742e+154, beta_phi=nan
NaN in beta_*: layer 9, bs_iter=38, k=5025, beta_mu=5.2392037158030624e+153, beta_phi=nan
NaN in beta_*: layer 9, bs_iter=38, k=5026, beta_mu=1.5191294764506792e+154, beta_phi=nan
NaN in beta_*: layer 9, bs_iter=38, k=5027, beta_mu=5.773476654364783e+154, beta_phi=nan
NaN in beta_*: layer 9, bs_iter=38, k=5028, beta_mu=4.7595312653087854e+154, beta_phi=nan
NaN in beta_*: layer 9, bs_iter=38, k=5029, beta_mu=4.7628739107416956e+154, beta_phi=nan
NaN in beta_*: layer 9, bs_iter=38, k=5030, beta_mu=1.0980038248247088e+153, beta_phi=nan
NaN in beta_*: layer 9, bs_iter=38, k=5031, beta_mu=5.196008402638386e+153, beta_phi=nan
NaN in beta_*: layer 9, bs_iter=38, k=5033, beta_mu=6.582595960738613e+153, beta_phi=nan
NaN in beta_*: layer 9, bs_iter=38, k=5034, beta_mu=4.758193373855899e+154, beta_phi=nan
NaN in beta_*: layer 9, bs_iter=38, k=5035, beta_mu=6.560771993110733e+153, beta_phi=nan
NaN in beta_*: layer 9, bs_iter=38, k=5036, beta_mu=5.2426232140915134e+154, beta_phi=nan
NaN in beta_*: layer 9, bs_iter=38, k=5037, beta_mu=4.7581782847094263e+154, beta_phi=nan
NaN in beta_*: layer 9, bs_iter=38, k=5038, beta_mu=6.582597242775032e+153, beta_phi=nan
NaN in beta_*: layer 9, bs_iter=38, k=5039, beta_mu=9.702516720123797e+153, beta_phi=nan
NaN in beta_*: layer 9, bs_iter=38, k=5040, beta_mu=4.764524692168876e+154, beta_phi=nan
NaN in beta_*: layer 9, bs_iter=38, k=5041, beta_mu=1.861928875229514e+153, beta_phi=nan
NaN in beta_*: layer 9, bs_iter=38, k=5042, beta_mu=4.760627268795504e+154, beta_phi=nan
NaN in beta_*: layer 9, bs_iter=38, k=5043, beta_mu=1.2138830366437203e+155, beta_phi=nan
NaN in beta_*: layer 9, bs_iter=38, k=5044, beta_mu=4.762409323170235e+154, beta_phi=nan
NaN in beta_*: layer 9, bs_iter=38, k=5045, beta_mu=6.582598235185573e+153, beta_phi=nan
NaN in beta_*: layer 9, bs_iter=38, k=5046, beta_mu=5.772834136997274e+154, beta_phi=nan
NaN in beta_*: layer 9, bs_iter=38, k=5048, beta_mu=4.226050188455777e+153, beta_phi=nan
NaN in beta_*: layer 9, bs_iter=38, k=5049, beta_mu=4.505038763499655e+152, beta_phi=nan
NaN in beta_*: layer 9, bs_iter=38, k=5050, beta_mu=4.751675258910171e+154, beta_phi=nan
NaN in beta_*: layer 9, bs_iter=38, k=5051, beta_mu=1.7368866843725257e+155, beta_phi=nan
NaN in beta_*: layer 9, bs_iter=38, k=5052, beta_mu=2.9050965371081257e+154, beta_phi=nan
NaN in beta_*: layer 9, bs_iter=38, k=5053, beta_mu=7.644341991252961e+153, beta_phi=nan
NaN in beta_*: layer 9, bs_iter=38, k=5054, beta_mu=6.581698797971956e+153, beta_phi=nan
NaN in beta_*: layer 9, bs_iter=38, k=5055, beta_mu=5.19271679017709e+153, beta_phi=nan
NaN in beta_*: layer 9, bs_iter=38, k=5056, beta_mu=3.198309139135845e+154, beta_phi=nan
NaN in beta_*: layer 9, bs_iter=38, k=5057, beta_mu=5.16920402613481e+152, beta_phi=nan
NaN in beta_*: layer 9, bs_iter=38, k=5058, beta_mu=5.244199445488529e+154, beta_phi=nan
NaN in beta_*: layer 9, bs_iter=38, k=5059, beta_mu=4.763075909745692e+154, beta_phi=nan
NaN in beta_*: layer 9, bs_iter=38, k=5060, beta_mu=5.212734237954116e+153, beta_phi=nan
NaN in beta_*: layer 9, bs_iter=38, k=5061, beta_mu=1.0980039052038191e+153, beta_phi=nan
NaN in beta_*: layer 9, bs_iter=38, k=5062, beta_mu=4.7769913494667504e+154, beta_phi=nan
NaN in beta_*: layer 9, bs_iter=38, k=5063, beta_mu=1.74053711317904e+155, beta_phi=nan
NaN in beta_*: layer 9, bs_iter=38, k=5064, beta_mu=1.0997351165984476e+153, beta_phi=nan
NaN in beta_*: layer 9, bs_iter=38, k=5065, beta_mu=5.2779211331499904e+154, beta_phi=nan
NaN in beta_*: layer 9, bs_iter=38, k=5066, beta_mu=1.6521049176438218e+155, beta_phi=nan
NaN in beta_*: layer 9, bs_iter=38, k=5068, beta_mu=1.2254680095624869e+155, beta_phi=nan
NaN in beta_*: layer 9, bs_iter=38, k=5069, beta_mu=2.758662151370803e+154, beta_phi=nan
NaN in beta_*: layer 9, bs_iter=38, k=5070, beta_mu=3.4410481481975055e+152, beta_phi=nan
NaN in beta_*: layer 9, bs_iter=38, k=5071, beta_mu=3.212206327934435e+152, beta_phi=nan
NaN in beta_*: layer 9, bs_iter=38, k=5072, beta_mu=4.7679535045480795e+154, beta_phi=nan
NaN in beta_*: layer 9, bs_iter=38, k=5073, beta_mu=4.765358227224017e+154, beta_phi=nan
NaN in beta_*: layer 9, bs_iter=38, k=5074, beta_mu=2.892303464344641e+154, beta_phi=nan
NaN in beta_*: layer 9, bs_iter=38, k=5075, beta_mu=4.3566503984609295e+153, beta_phi=nan
NaN in beta_*: layer 9, bs_iter=38, k=5076, beta_mu=5.239939639204066e+153, beta_phi=nan
NaN in beta_*: layer 9, bs_iter=38, k=5077, beta_mu=6.635874383266458e+153, beta_phi=nan
NaN in beta_*: layer 9, bs_iter=38, k=5078, beta_mu=5.009220124496788e+155, beta_phi=nan
NaN in beta_*: layer 9, bs_iter=38, k=5079, beta_mu=1.1630152939793293e+153, beta_phi=nan
NaN in beta_*: layer 9, bs_iter=38, k=5080, beta_mu=4.764711924723202e+154, beta_phi=nan
NaN in beta_*: layer 9, bs_iter=38, k=5081, beta_mu=2.932024375666702e+154, beta_phi=nan
NaN in beta_*: layer 9, bs_iter=38, k=5082, beta_mu=1.7372249670015446e+155, beta_phi=nan
NaN in beta_*: layer 9, bs_iter=38, k=5083, beta_mu=4.768367257899803e+154, beta_phi=nan
NaN in beta_*: layer 9, bs_iter=38, k=5084, beta_mu=2.1733407427125253e+153, beta_phi=nan
NaN in beta_*: layer 9, bs_iter=38, k=5085, beta_mu=6.622737217939269e+153, beta_phi=nan
NaN in beta_*: layer 9, bs_iter=38, k=5086, beta_mu=5.213447407495215e+153, beta_phi=nan
NaN in beta_*: layer 9, bs_iter=38, k=5087, beta_mu=5.239905713045045e+153, beta_phi=nan
NaN in beta_*: layer 9, bs_iter=38, k=5088, beta_mu=1.5857447506658046e+153, beta_phi=nan
NaN in beta_*: layer 9, bs_iter=38, k=5089, beta_mu=1.5237780556332255e+153, beta_phi=nan
NaN in beta_*: layer 9, bs_iter=38, k=5090, beta_mu=1.5326847546440707e+154, beta_phi=nan
NaN in beta_*: layer 9, bs_iter=38, k=5091, beta_mu=6.635874870460341e+153, beta_phi=nan
NaN in beta_*: layer 9, bs_iter=38, k=5092, beta_mu=5.792562333738517e+154, beta_phi=nan
NaN in beta_*: layer 9, bs_iter=38, k=5093, beta_mu=1.1012546843668454e+153, beta_phi=nan
NaN in beta_*: layer 9, bs_iter=38, k=5094, beta_mu=5.789482941022091e+154, beta_phi=nan
NaN in beta_*: layer 9, bs_iter=38, k=5096, beta_mu=5.2306699244596654e+153, beta_phi=nan
NaN in beta_*: layer 9, bs_iter=38, k=5097, beta_mu=4.768887378677013e+154, beta_phi=nan
NaN in beta_*: layer 9, bs_iter=38, k=5098, beta_mu=4.7603747992907046e+154, beta_phi=nan
NaN in beta_*: layer 9, bs_iter=38, k=5099, beta_mu=5.780493438544222e+154, beta_phi=nan
NaN in beta_*: layer 9, bs_iter=38, k=5100, beta_mu=5.789473671538153e+154, beta_phi=nan
NaN in beta_*: layer 9, bs_iter=38, k=5101, beta_mu=2.512573093340547e+153, beta_phi=nan
NaN in beta_*: layer 9, bs_iter=38, k=5102, beta_mu=4.7689428557103835e+154, beta_phi=nan
NaN in beta_*: layer 9, bs_iter=38, k=5103, beta_mu=6.6358592510351485e+153, beta_phi=nan
NaN in beta_*: layer 9, bs_iter=38, k=5104, beta_mu=3.230110662238954e+153, beta_phi=nan
NaN in beta_*: layer 9, bs_iter=38, k=5106, beta_mu=1.6742965015742953e+153, beta_phi=nan
NaN in beta_*: layer 9, bs_iter=38, k=5107, beta_mu=6.622747270278286e+153, beta_phi=nan
NaN in beta_*: layer 9, bs_iter=38, k=5108, beta_mu=8.490943670694107e+154, beta_phi=nan
NaN in beta_*: layer 9, bs_iter=38, k=5109, beta_mu=6.622738887504653e+153, beta_phi=nan
NaN in beta_*: layer 9, bs_iter=38, k=5110, beta_mu=1.239506225591836e+155, beta_phi=nan
NaN in beta_*: layer 9, bs_iter=38, k=5111, beta_mu=5.007359450815993e+155, beta_phi=nan
NaN in beta_*: layer 9, bs_iter=38, k=5112, beta_mu=1.1630143409258947e+153, beta_phi=nan
NaN in beta_*: layer 9, bs_iter=38, k=5113, beta_mu=1.2396071337527472e+155, beta_phi=nan
NaN in beta_*: layer 9, bs_iter=38, k=5114, beta_mu=1.4135758965662605e+153, beta_phi=nan
NaN in beta_*: layer 9, bs_iter=38, k=5115, beta_mu=5.009210721536494e+155, beta_phi=nan
NaN in beta_*: layer 9, bs_iter=38, k=5116, beta_mu=6.635871746915778e+153, beta_phi=nan
NaN in beta_*: layer 9, bs_iter=38, k=5117, beta_mu=1.7373360064698091e+155, beta_phi=nan
NaN in beta_*: layer 9, bs_iter=38, k=5118, beta_mu=4.767397783218817e+154, beta_phi=nan
NaN in beta_*: layer 9, bs_iter=38, k=5119, beta_mu=1.251012658181626e+155, beta_phi=nan
NaN in beta_*: layer 9, bs_iter=38, k=5120, beta_mu=6.635877120766501e+153, beta_phi=nan
NaN in beta_*: layer 9, bs_iter=38, k=5121, beta_mu=4.7362250053566926e+154, beta_phi=nan
NaN in beta_*: layer 9, bs_iter=38, k=5122, beta_mu=4.767397866932174e+154, beta_phi=nan
NaN in beta_*: layer 9, bs_iter=38, k=5123, beta_mu=4.243951594168481e+153, beta_phi=nan
NaN in beta_*: layer 9, bs_iter=38, k=5125, beta_mu=5.788018873231495e+154, beta_phi=nan
NaN in beta_*: layer 9, bs_iter=38, k=5126, beta_mu=6.63588192537909e+153, beta_phi=nan
NaN in beta_*: layer 9, bs_iter=38, k=5127, beta_mu=1.1630141152818947e+153, beta_phi=nan
NaN in beta_*: layer 9, bs_iter=38, k=5128, beta_mu=5.788017624932925e+154, beta_phi=nan
NaN in beta_*: layer 9, bs_iter=38, k=5129, beta_mu=9.847676733117768e+152, beta_phi=nan
NaN in beta_*: layer 9, bs_iter=38, k=5130, beta_mu=1.5335575512135122e+154, beta_phi=nan
NaN in beta_*: layer 9, bs_iter=38, k=5131, beta_mu=5.788017812127272e+154, beta_phi=nan
NaN in beta_*: layer 9, bs_iter=38, k=5132, beta_mu=6.6227373852777016e+153, beta_phi=nan
NaN in beta_*: layer 9, bs_iter=38, k=5133, beta_mu=1.5331893358114857e+154, beta_phi=nan
NaN in beta_*: layer 9, bs_iter=38, k=5134, beta_mu=4.765262768871449e+154, beta_phi=nan
NaN in beta_*: layer 9, bs_iter=38, k=5135, beta_mu=4.7715944052050924e+154, beta_phi=nan
NaN in beta_*: layer 9, bs_iter=38, k=5136, beta_mu=6.6227590474055155e+153, beta_phi=nan
NaN in beta_*: layer 9, bs_iter=38, k=5137, beta_mu=6.635857591945499e+153, beta_phi=nan
NaN in beta_*: layer 9, bs_iter=38, k=5138, beta_mu=5.191278833908307e+153, beta_phi=nan
NaN in beta_*: layer 9, bs_iter=38, k=5139, beta_mu=4.7638233774858845e+154, beta_phi=nan
NaN in beta_*: layer 9, bs_iter=38, k=5140, beta_mu=5.788016959026789e+154, beta_phi=nan
NaN in beta_*: layer 9, bs_iter=38, k=5141, beta_mu=4.7631567968879137e+154, beta_phi=nan
NaN in beta_*: layer 9, bs_iter=38, k=5142, beta_mu=9.738412580411547e+153, beta_phi=nan
NaN in beta_*: layer 9, bs_iter=38, k=5143, beta_mu=5.788017387589011e+154, beta_phi=nan
NaN in beta_*: layer 9, bs_iter=38, k=5144, beta_mu=5.488831282920414e+153, beta_phi=nan
NaN in beta_*: layer 9, bs_iter=38, k=5145, beta_mu=4.952375074275681e+154, beta_phi=nan
NaN in beta_*: layer 9, bs_iter=38, k=5146, beta_mu=4.769513468914872e+154, beta_phi=nan
NaN in beta_*: layer 9, bs_iter=38, k=5147, beta_mu=1.5331883015238224e+154, beta_phi=nan
NaN in beta_*: layer 9, bs_iter=38, k=5148, beta_mu=1.8277703791022953e+153, beta_phi=nan
NaN in beta_*: layer 9, bs_iter=38, k=5149, beta_mu=1.163015009561151e+153, beta_phi=nan
NaN in beta_*: layer 9, bs_iter=38, k=5150, beta_mu=4.7625962345408e+154, beta_phi=nan
NaN in beta_*: layer 9, bs_iter=38, k=5151, beta_mu=1.5389857252263094e+153, beta_phi=nan
NaN in beta_*: layer 9, bs_iter=38, k=5152, beta_mu=5.2398918968129954e+153, beta_phi=nan
NaN in beta_*: layer 9, bs_iter=38, k=5153, beta_mu=1.2380963251281688e+155, beta_phi=nan
NaN in beta_*: layer 9, bs_iter=38, k=5154, beta_mu=5.788016526440604e+154, beta_phi=nan
NaN in beta_*: layer 9, bs_iter=38, k=5155, beta_mu=2.0273487977090303e+153, beta_phi=nan
NaN in beta_*: layer 9, bs_iter=38, k=5156, beta_mu=6.594190149545924e+154, beta_phi=nan
NaN in beta_*: layer 9, bs_iter=38, k=5157, beta_mu=4.7647118754199075e+154, beta_phi=nan
NaN in beta_*: layer 9, bs_iter=38, k=5158, beta_mu=1.1630150508173103e+153, beta_phi=nan
NaN in beta_*: layer 9, bs_iter=38, k=5159, beta_mu=4.7631164017917097e+154, beta_phi=nan
NaN in beta_*: layer 9, bs_iter=38, k=5160, beta_mu=1.2508249906230327e+155, beta_phi=nan
NaN in beta_*: layer 9, bs_iter=38, k=5161, beta_mu=5.78725731726991e+154, beta_phi=nan
NaN in beta_*: layer 9, bs_iter=38, k=5162, beta_mu=5.758480456990891e+154, beta_phi=nan
NaN in beta_*: layer 9, bs_iter=38, k=5163, beta_mu=3.5180538483376345e+153, beta_phi=nan
NaN in beta_*: layer 9, bs_iter=38, k=5164, beta_mu=5.784180323038507e+154, beta_phi=nan
NaN in beta_*: layer 9, bs_iter=38, k=5165, beta_mu=1.1764964022017935e+153, beta_phi=nan
NaN in beta_*: layer 9, bs_iter=38, k=5167, beta_mu=1.5331916879049303e+154, beta_phi=nan
NaN in beta_*: layer 9, bs_iter=38, k=5168, beta_mu=5.56055709932668e+154, beta_phi=nan
NaN in beta_*: layer 9, bs_iter=38, k=5169, beta_mu=5.788018232641565e+154, beta_phi=nan
NaN in beta_*: layer 9, bs_iter=38, k=5170, beta_mu=5.784937579013317e+154, beta_phi=nan
NaN in beta_*: layer 9, bs_iter=38, k=5171, beta_mu=1.1630155825440198e+153, beta_phi=nan
NaN in beta_*: layer 9, bs_iter=38, k=5172, beta_mu=6.617059042434457e+152, beta_phi=nan
NaN in beta_*: layer 9, bs_iter=38, k=5173, beta_mu=5.675732466540232e+154, beta_phi=nan
NaN in beta_*: layer 9, bs_iter=38, k=5174, beta_mu=3.3925029038409345e+155, beta_phi=nan
NaN in beta_*: layer 9, bs_iter=38, k=5175, beta_mu=5.902776031335606e+154, beta_phi=nan
NaN in beta_*: layer 9, bs_iter=38, k=5176, beta_mu=5.78948229187146e+154, beta_phi=nan
NaN in beta_*: layer 9, bs_iter=38, k=5177, beta_mu=5.183515285207754e+153, beta_phi=nan
NaN in beta_*: layer 9, bs_iter=38, k=5178, beta_mu=5.757025525984293e+154, beta_phi=nan
NaN in beta_*: layer 9, bs_iter=38, k=5179, beta_mu=1.5331883015238224e+154, beta_phi=nan
NaN in beta_*: layer 9, bs_iter=38, k=5181, beta_mu=1.5344550202973682e+154, beta_phi=nan
NaN in beta_*: layer 9, bs_iter=38, k=5182, beta_mu=1.1630155935996157e+153, beta_phi=nan
NaN in beta_*: layer 9, bs_iter=38, k=5183, beta_mu=4.767862438054873e+154, beta_phi=nan
NaN in beta_*: layer 9, bs_iter=38, k=5184, beta_mu=5.790137007976349e+154, beta_phi=nan
NaN in beta_*: layer 9, bs_iter=38, k=5185, beta_mu=3.3924118094324637e+155, beta_phi=nan
NaN in beta_*: layer 9, bs_iter=38, k=5186, beta_mu=3.3924125064081024e+155, beta_phi=nan
NaN in beta_*: layer 9, bs_iter=38, k=5187, beta_mu=5.843006649308198e+154, beta_phi=nan
NaN in beta_*: layer 9, bs_iter=38, k=5188, beta_mu=2.764738758867733e+154, beta_phi=nan
NaN in beta_*: layer 9, bs_iter=38, k=5189, beta_mu=5.007359107301095e+155, beta_phi=nan
NaN in beta_*: layer 9, bs_iter=38, k=5190, beta_mu=1.2771396029743513e+155, beta_phi=nan
NaN in beta_*: layer 9, bs_iter=38, k=5191, beta_mu=4.763171754645397e+154, beta_phi=nan
NaN in beta_*: layer 9, bs_iter=38, k=5192, beta_mu=4.763171754645397e+154, beta_phi=nan
NaN in beta_*: layer 9, bs_iter=38, k=5193, beta_mu=1.2378747192465415e+155, beta_phi=nan
NaN in beta_*: layer 9, bs_iter=38, k=5194, beta_mu=1.8303337717454307e+153, beta_phi=nan
NaN in beta_*: layer 9, bs_iter=38, k=5195, beta_mu=4.505049824152533e+152, beta_phi=nan
NaN in beta_*: layer 9, bs_iter=38, k=5197, beta_mu=4.767397783218817e+154, beta_phi=nan
NaN in beta_*: layer 9, bs_iter=38, k=5198, beta_mu=3.3916305422106297e+155, beta_phi=nan
NaN in beta_*: layer 9, bs_iter=38, k=5199, beta_mu=3.3937958996420994e+155, beta_phi=nan
NaN in beta_*: layer 9, bs_iter=38, k=5200, beta_mu=3.3937985789487445e+155, beta_phi=nan
NaN in beta_*: layer 9, bs_iter=38, k=5201, beta_mu=1.445886637536594e+155, beta_phi=nan
NaN in beta_*: layer 9, bs_iter=38, k=5202, beta_mu=4.765358159983136e+154, beta_phi=nan
NaN in beta_*: layer 9, bs_iter=38, k=5203, beta_mu=5.008007010910613e+155, beta_phi=nan
NaN in beta_*: layer 9, bs_iter=38, k=5204, beta_mu=4.73526574289911e+154, beta_phi=nan
NaN in beta_*: layer 9, bs_iter=38, k=5205, beta_mu=4.7631716695126933e+154, beta_phi=nan
NaN in beta_*: layer 9, bs_iter=38, k=5206, beta_mu=3.393790978459593e+155, beta_phi=nan
NaN in beta_*: layer 9, bs_iter=38, k=5207, beta_mu=1.4252903335903202e+155, beta_phi=nan
NaN in beta_*: layer 9, bs_iter=38, k=5208, beta_mu=1.9815309391358133e+153, beta_phi=nan
NaN in beta_*: layer 9, bs_iter=38, k=5209, beta_mu=1.5863909674079867e+154, beta_phi=nan
NaN in beta_*: layer 9, bs_iter=38, k=5210, beta_mu=4.7673978803861073e+154, beta_phi=nan
NaN in beta_*: layer 9, bs_iter=38, k=5211, beta_mu=5.212278887343545e+153, beta_phi=nan
NaN in beta_*: layer 9, bs_iter=38, k=5212, beta_mu=1.4252698965680585e+155, beta_phi=nan
NaN in beta_*: layer 9, bs_iter=38, k=5213, beta_mu=2.5936384351400475e+153, beta_phi=nan
NaN in beta_*: layer 9, bs_iter=38, k=5214, beta_mu=4.74241021666884e+154, beta_phi=nan
NaN in beta_*: layer 9, bs_iter=38, k=5215, beta_mu=1.425273447719824e+155, beta_phi=nan
NaN in beta_*: layer 9, bs_iter=38, k=5216, beta_mu=3.3954285014948276e+155, beta_phi=nan
NaN in beta_*: layer 9, bs_iter=38, k=5217, beta_mu=1.989452223680352e+155, beta_phi=nan
NaN in beta_*: layer 9, bs_iter=38, k=5218, beta_mu=1.4243535740223881e+155, beta_phi=nan
NaN in beta_*: layer 9, bs_iter=38, k=5219, beta_mu=1.5356827434058756e+154, beta_phi=nan
NaN in beta_*: layer 9, bs_iter=38, k=5220, beta_mu=1.1358963233076733e+153, beta_phi=nan
NaN in beta_*: layer 9, bs_iter=38, k=5221, beta_mu=4.734513378831645e+154, beta_phi=nan
NaN in beta_*: layer 9, bs_iter=38, k=5222, beta_mu=4.759859510809194e+154, beta_phi=nan
NaN in beta_*: layer 9, bs_iter=38, k=5223, beta_mu=6.595926689852477e+153, beta_phi=nan
NaN in beta_*: layer 9, bs_iter=38, k=5224, beta_mu=1.175765744290736e+153, beta_phi=nan
NaN in beta_*: layer 9, bs_iter=38, k=5225, beta_mu=4.764348164995249e+154, beta_phi=nan
NaN in beta_*: layer 9, bs_iter=38, k=5226, beta_mu=6.6358652760957594e+153, beta_phi=nan
NaN in beta_*: layer 9, bs_iter=38, k=5227, beta_mu=4.736224840817231e+154, beta_phi=nan
NaN in beta_*: layer 9, bs_iter=38, k=5228, beta_mu=4.7610561660212104e+154, beta_phi=nan
NaN in beta_*: layer 9, bs_iter=38, k=5229, beta_mu=1.533695371799311e+154, beta_phi=nan
NaN in beta_*: layer 9, bs_iter=38, k=5230, beta_mu=1.1630152887096375e+153, beta_phi=nan
NaN in beta_*: layer 9, bs_iter=38, k=5231, beta_mu=5.779902888290617e+154, beta_phi=nan
NaN in beta_*: layer 9, bs_iter=38, k=5232, beta_mu=6.63589133639634e+153, beta_phi=nan
NaN in beta_*: layer 9, bs_iter=38, k=5233, beta_mu=6.613754081867355e+153, beta_phi=nan
NaN in beta_*: layer 9, bs_iter=38, k=5234, beta_mu=4.7631718487394425e+154, beta_phi=nan
NaN in beta_*: layer 9, bs_iter=38, k=5235, beta_mu=1.5331872514898046e+154, beta_phi=nan
NaN in beta_*: layer 9, bs_iter=38, k=5236, beta_mu=1.1630155957633718e+153, beta_phi=nan
NaN in beta_*: layer 9, bs_iter=38, k=5238, beta_mu=5.788017387589011e+154, beta_phi=nan
NaN in beta_*: layer 9, bs_iter=38, k=5239, beta_mu=5.786504549211154e+154, beta_phi=nan
NaN in beta_*: layer 9, bs_iter=38, k=5240, beta_mu=4.7651814134137284e+154, beta_phi=nan
NaN in beta_*: layer 9, bs_iter=38, k=5241, beta_mu=4.7615158631950534e+154, beta_phi=nan
NaN in beta_*: layer 9, bs_iter=38, k=5242, beta_mu=1.1630151804237238e+153, beta_phi=nan
NaN in beta_*: layer 9, bs_iter=38, k=5243, beta_mu=5.44521872445803e+152, beta_phi=nan
NaN in beta_*: layer 9, bs_iter=38, k=5244, beta_mu=4.3966743929700535e+154, beta_phi=nan
NaN in beta_*: layer 9, bs_iter=38, k=5245, beta_mu=4.7491627051748454e+154, beta_phi=nan
NaN in beta_*: layer 9, bs_iter=38, k=5246, beta_mu=6.635860210150677e+153, beta_phi=nan
NaN in beta_*: layer 9, bs_iter=38, k=5247, beta_mu=1.163014443492615e+153, beta_phi=nan
NaN in beta_*: layer 9, bs_iter=38, k=5248, beta_mu=1.9845529666984993e+153, beta_phi=nan
NaN in beta_*: layer 9, bs_iter=38, k=5249, beta_mu=5.239920546334079e+153, beta_phi=nan
NaN in beta_*: layer 9, bs_iter=38, k=5250, beta_mu=1.2094473361918402e+153, beta_phi=nan
NaN in beta_*: layer 9, bs_iter=38, k=5251, beta_mu=4.760480604093458e+154, beta_phi=nan
NaN in beta_*: layer 9, bs_iter=38, k=5252, beta_mu=1.7982374234996145e+155, beta_phi=nan
NaN in beta_*: layer 9, bs_iter=38, k=5253, beta_mu=5.2399167521473974e+153, beta_phi=nan
NaN in beta_*: layer 9, bs_iter=38, k=5254, beta_mu=2.6573674088379134e+153, beta_phi=nan
NaN in beta_*: layer 9, bs_iter=38, k=5255, beta_mu=1.5300951084801312e+154, beta_phi=nan
NaN in beta_*: layer 9, bs_iter=38, k=5257, beta_mu=1.162753010021689e+153, beta_phi=nan
NaN in beta_*: layer 9, bs_iter=38, k=5258, beta_mu=1.7455609121565497e+155, beta_phi=nan
NaN in beta_*: layer 9, bs_iter=38, k=5259, beta_mu=5.035063510067404e+155, beta_phi=nan
NaN in beta_*: layer 9, bs_iter=38, k=5260, beta_mu=1.2565398381924302e+155, beta_phi=nan
NaN in beta_*: layer 9, bs_iter=38, k=5261, beta_mu=1.2032805639062077e+155, beta_phi=nan
NaN in beta_*: layer 9, bs_iter=38, k=5262, beta_mu=6.6081635653052e+153, beta_phi=nan
NaN in beta_*: layer 9, bs_iter=38, k=5263, beta_mu=6.598474169683719e+153, beta_phi=nan
NaN in beta_*: layer 9, bs_iter=38, k=5264, beta_mu=1.2460068232298859e+155, beta_phi=nan
NaN in beta_*: layer 9, bs_iter=38, k=5265, beta_mu=1.1630150115897991e+153, beta_phi=nan
NaN in beta_*: layer 9, bs_iter=38, k=5266, beta_mu=6.609611086001873e+153, beta_phi=nan
NaN in beta_*: layer 9, bs_iter=38, k=5267, beta_mu=5.77357637568473e+154, beta_phi=nan
NaN in beta_*: layer 9, bs_iter=38, k=5268, beta_mu=8.578290465815428e+154, beta_phi=nan
NaN in beta_*: layer 9, bs_iter=38, k=5269, beta_mu=4.998818776184116e+155, beta_phi=nan
NaN in beta_*: layer 9, bs_iter=38, k=5270, beta_mu=1.871726261904719e+153, beta_phi=nan
NaN in beta_*: layer 9, bs_iter=38, k=5271, beta_mu=4.987505604917643e+155, beta_phi=nan
NaN in beta_*: layer 9, bs_iter=38, k=5272, beta_mu=1.5331870749526984e+154, beta_phi=nan
NaN in beta_*: layer 9, bs_iter=38, k=5273, beta_mu=6.6358932741423345e+153, beta_phi=nan
NaN in beta_*: layer 9, bs_iter=38, k=5274, beta_mu=6.635867299967126e+153, beta_phi=nan
NaN in beta_*: layer 9, bs_iter=38, k=5275, beta_mu=6.635872451859063e+153, beta_phi=nan
NaN in beta_*: layer 9, bs_iter=38, k=5276, beta_mu=6.635872451859063e+153, beta_phi=nan
NaN in beta_*: layer 9, bs_iter=38, k=5277, beta_mu=6.6358841311195455e+153, beta_phi=nan
NaN in beta_*: layer 9, bs_iter=38, k=5278, beta_mu=4.763732243800441e+154, beta_phi=nan
NaN in beta_*: layer 9, bs_iter=38, k=5279, beta_mu=1.1587905879141709e+153, beta_phi=nan
NaN in beta_*: layer 9, bs_iter=38, k=5280, beta_mu=6.635872239290801e+153, beta_phi=nan
NaN in beta_*: layer 9, bs_iter=38, k=5281, beta_mu=1.1853027425541856e+155, beta_phi=nan
NaN in beta_*: layer 9, bs_iter=38, k=5282, beta_mu=5.785344296189721e+154, beta_phi=nan
NaN in beta_*: layer 9, bs_iter=38, k=5283, beta_mu=6.635858329708036e+153, beta_phi=nan
NaN in beta_*: layer 9, bs_iter=38, k=5284, beta_mu=3.4634443585715636e+152, beta_phi=nan
NaN in beta_*: layer 9, bs_iter=38, k=5285, beta_mu=6.6358611583445e+153, beta_phi=nan
NaN in beta_*: layer 9, bs_iter=38, k=5286, beta_mu=1.1630126725638478e+153, beta_phi=nan
NaN in beta_*: layer 9, bs_iter=38, k=5287, beta_mu=1.5331881276135238e+154, beta_phi=nan
NaN in beta_*: layer 9, bs_iter=38, k=5288, beta_mu=6.6241947713910964e+153, beta_phi=nan
NaN in beta_*: layer 9, bs_iter=38, k=5289, beta_mu=4.279208699013904e+153, beta_phi=nan
NaN in beta_*: layer 9, bs_iter=38, k=5291, beta_mu=6.6358763275246815e+153, beta_phi=nan
NaN in beta_*: layer 9, bs_iter=38, k=5292, beta_mu=2.9338797345444283e+153, beta_phi=nan
NaN in beta_*: layer 9, bs_iter=38, k=5293, beta_mu=5.783114282406731e+154, beta_phi=nan
NaN in beta_*: layer 9, bs_iter=38, k=5294, beta_mu=6.635819995519816e+153, beta_phi=nan
NaN in beta_*: layer 9, bs_iter=38, k=5295, beta_mu=6.6358560024838615e+153, beta_phi=nan
NaN in beta_*: layer 9, bs_iter=38, k=5296, beta_mu=5.047131270148878e+155, beta_phi=nan
NaN in beta_*: layer 9, bs_iter=38, k=5297, beta_mu=2.9811889456057583e+153, beta_phi=nan
NaN in beta_*: layer 9, bs_iter=38, k=5298, beta_mu=4.7647322087929357e+154, beta_phi=nan
NaN in beta_*: layer 9, bs_iter=38, k=5299, beta_mu=6.5956430236560635e+153, beta_phi=nan
NaN in beta_*: layer 9, bs_iter=38, k=5300, beta_mu=9.063011347735937e+153, beta_phi=nan
NaN in beta_*: layer 9, bs_iter=38, k=5301, beta_mu=1.2412347017415173e+155, beta_phi=nan
NaN in beta_*: layer 9, bs_iter=38, k=5302, beta_mu=4.39498973817656e+154, beta_phi=nan
NaN in beta_*: layer 9, bs_iter=38, k=5303, beta_mu=4.735063684435504e+154, beta_phi=nan
NaN in beta_*: layer 9, bs_iter=38, k=5304, beta_mu=5.786503532897651e+154, beta_phi=nan
NaN in beta_*: layer 9, bs_iter=38, k=5305, beta_mu=1.1630148320439389e+153, beta_phi=nan
NaN in beta_*: layer 9, bs_iter=38, k=5307, beta_mu=1.500569937923935e+154, beta_phi=nan
NaN in beta_*: layer 9, bs_iter=38, k=5308, beta_mu=5.787409810699912e+154, beta_phi=nan
NaN in beta_*: layer 9, bs_iter=38, k=5309, beta_mu=1.1630120483065302e+153, beta_phi=nan
NaN in beta_*: layer 9, bs_iter=38, k=5310, beta_mu=4.765272449739682e+154, beta_phi=nan
NaN in beta_*: layer 9, bs_iter=38, k=5311, beta_mu=1.1630156048713133e+153, beta_phi=nan
NaN in beta_*: layer 9, bs_iter=38, k=5312, beta_mu=1.646567211325511e+153, beta_phi=nan
NaN in beta_*: layer 9, bs_iter=38, k=5313, beta_mu=5.787367616743476e+154, beta_phi=nan
NaN in beta_*: layer 9, bs_iter=38, k=5314, beta_mu=4.7635638176862794e+154, beta_phi=nan
NaN in beta_*: layer 9, bs_iter=38, k=5315, beta_mu=5.524882033582263e+153, beta_phi=nan
NaN in beta_*: layer 9, bs_iter=38, k=5316, beta_mu=5.785037725938815e+154, beta_phi=nan
NaN in beta_*: layer 9, bs_iter=38, k=5317, beta_mu=4.767558738527618e+154, beta_phi=nan
NaN in beta_*: layer 9, bs_iter=38, k=5318, beta_mu=8.55153656009116e+153, beta_phi=nan
NaN in beta_*: layer 9, bs_iter=38, k=5319, beta_mu=5.0452226691601475e+155, beta_phi=nan
NaN in beta_*: layer 9, bs_iter=38, k=5320, beta_mu=4.770280859378613e+154, beta_phi=nan
NaN in beta_*: layer 9, bs_iter=38, k=5321, beta_mu=5.010445789004908e+155, beta_phi=nan
NaN in beta_*: layer 9, bs_iter=38, k=5322, beta_mu=6.624159273843143e+153, beta_phi=nan
NaN in beta_*: layer 9, bs_iter=38, k=5323, beta_mu=6.624190618329479e+153, beta_phi=nan
NaN in beta_*: layer 9, bs_iter=38, k=5324, beta_mu=5.012318349442767e+155, beta_phi=nan
NaN in beta_*: layer 9, bs_iter=38, k=5326, beta_mu=5.046495458102653e+155, beta_phi=nan
NaN in beta_*: layer 9, bs_iter=38, k=5327, beta_mu=9.569780715022765e+152, beta_phi=nan
NaN in beta_*: layer 9, bs_iter=38, k=5328, beta_mu=6.6233351292460604e+153, beta_phi=nan
NaN in beta_*: layer 9, bs_iter=38, k=5329, beta_mu=1.004333977516992e+154, beta_phi=nan
NaN in beta_*: layer 9, bs_iter=38, k=5330, beta_mu=1.1495694370810448e+153, beta_phi=nan
NaN in beta_*: layer 9, bs_iter=38, k=5331, beta_mu=5.115631262312502e+153, beta_phi=nan
NaN in beta_*: layer 9, bs_iter=38, k=5332, beta_mu=4.7632420889561253e+154, beta_phi=nan
NaN in beta_*: layer 9, bs_iter=38, k=5333, beta_mu=4.765393162682964e+154, beta_phi=nan
NaN in beta_*: layer 9, bs_iter=38, k=5334, beta_mu=1.754853911507693e+153, beta_phi=nan
NaN in beta_*: layer 9, bs_iter=38, k=5335, beta_mu=1.1630151253622166e+153, beta_phi=nan
NaN in beta_*: layer 9, bs_iter=38, k=5336, beta_mu=6.6587182512367224e+153, beta_phi=nan
NaN in beta_*: layer 9, bs_iter=38, k=5337, beta_mu=1.0944989778957523e+153, beta_phi=nan
NaN in beta_*: layer 9, bs_iter=38, k=5338, beta_mu=5.005461595656223e+155, beta_phi=nan
NaN in beta_*: layer 9, bs_iter=38, k=5339, beta_mu=4.995841191877101e+155, beta_phi=nan
NaN in beta_*: layer 9, bs_iter=38, k=5340, beta_mu=5.819709967936002e+154, beta_phi=nan
NaN in beta_*: layer 9, bs_iter=38, k=5341, beta_mu=6.5916079185608965e+153, beta_phi=nan
NaN in beta_*: layer 9, bs_iter=38, k=5342, beta_mu=4.990893276968487e+155, beta_phi=nan
NaN in beta_*: layer 9, bs_iter=38, k=5343, beta_mu=5.773110956352643e+154, beta_phi=nan
NaN in beta_*: layer 9, bs_iter=38, k=5344, beta_mu=1.0292194015182883e+153, beta_phi=nan
NaN in beta_*: layer 9, bs_iter=38, k=5345, beta_mu=1.1840801986822342e+153, beta_phi=nan
NaN in beta_*: layer 9, bs_iter=38, k=5346, beta_mu=1.18434234838701e+153, beta_phi=nan
NaN in beta_*: layer 9, bs_iter=38, k=5347, beta_mu=5.372688091953368e+154, beta_phi=nan
NaN in beta_*: layer 9, bs_iter=38, k=5348, beta_mu=6.592502717052208e+153, beta_phi=nan
NaN in beta_*: layer 9, bs_iter=38, k=5349, beta_mu=9.151814721726667e+153, beta_phi=nan
NaN in beta_*: layer 9, bs_iter=38, k=5350, beta_mu=6.5245813490557245e+153, beta_phi=nan
NaN in beta_*: layer 9, bs_iter=38, k=5351, beta_mu=4.760596832335861e+154, beta_phi=nan
NaN in beta_*: layer 9, bs_iter=38, k=5352, beta_mu=4.7601375464311354e+154, beta_phi=nan
NaN in beta_*: layer 9, bs_iter=38, k=5353, beta_mu=4.7534523042554614e+154, beta_phi=nan
NaN in beta_*: layer 9, bs_iter=38, k=5354, beta_mu=1.76578859569069e+153, beta_phi=nan
NaN in beta_*: layer 9, bs_iter=38, k=5355, beta_mu=1.5216119646290582e+154, beta_phi=nan
NaN in beta_*: layer 9, bs_iter=38, k=5356, beta_mu=5.139483327993726e+153, beta_phi=nan
NaN in beta_*: layer 9, bs_iter=38, k=5357, beta_mu=1.1840775711189162e+153, beta_phi=nan
NaN in beta_*: layer 9, bs_iter=38, k=5358, beta_mu=1.1840790091664881e+153, beta_phi=nan
NaN in beta_*: layer 9, bs_iter=38, k=5360, beta_mu=1.1228075717196798e+155, beta_phi=nan
NaN in beta_*: layer 9, bs_iter=38, k=5361, beta_mu=6.586907927025061e+153, beta_phi=nan
NaN in beta_*: layer 9, bs_iter=38, k=5362, beta_mu=1.2356130143404056e+155, beta_phi=nan
NaN in beta_*: layer 9, bs_iter=38, k=5363, beta_mu=1.1840746646954992e+153, beta_phi=nan
NaN in beta_*: layer 9, bs_iter=38, k=5364, beta_mu=6.623174623622762e+153, beta_phi=nan
NaN in beta_*: layer 9, bs_iter=38, k=5365, beta_mu=6.5708918293212014e+153, beta_phi=nan
NaN in beta_*: layer 9, bs_iter=38, k=5366, beta_mu=6.570882249344863e+153, beta_phi=nan
NaN in beta_*: layer 9, bs_iter=38, k=5367, beta_mu=1.5990848840260483e+153, beta_phi=nan
NaN in beta_*: layer 9, bs_iter=38, k=5368, beta_mu=5.037563061366548e+155, beta_phi=nan
NaN in beta_*: layer 9, bs_iter=38, k=5369, beta_mu=5.771202356369271e+154, beta_phi=nan
NaN in beta_*: layer 9, bs_iter=38, k=5370, beta_mu=6.573364792558301e+153, beta_phi=nan
NaN in beta_*: layer 9, bs_iter=38, k=5371, beta_mu=6.51706671258847e+153, beta_phi=nan
NaN in beta_*: layer 9, bs_iter=38, k=5372, beta_mu=6.028460521057186e+152, beta_phi=nan
NaN in beta_*: layer 9, bs_iter=38, k=5373, beta_mu=1.1840762875117505e+153, beta_phi=nan
NaN in beta_*: layer 9, bs_iter=38, k=5374, beta_mu=6.536189459390721e+153, beta_phi=nan
NaN in beta_*: layer 9, bs_iter=38, k=5375, beta_mu=1.184339790040634e+153, beta_phi=nan
NaN in beta_*: layer 9, bs_iter=38, k=5376, beta_mu=6.551710076538198e+153, beta_phi=nan
NaN in beta_*: layer 9, bs_iter=38, k=5377, beta_mu=5.744991472618194e+154, beta_phi=nan
NaN in beta_*: layer 9, bs_iter=38, k=5378, beta_mu=5.464668013110048e+154, beta_phi=nan
NaN in beta_*: layer 9, bs_iter=38, k=5379, beta_mu=8.40743080554228e+153, beta_phi=nan
NaN in beta_*: layer 9, bs_iter=38, k=5380, beta_mu=6.257200188576605e+153, beta_phi=nan
NaN in beta_*: layer 9, bs_iter=38, k=5381, beta_mu=2.9656589748015247e+153, beta_phi=nan
NaN in beta_*: layer 9, bs_iter=38, k=5382, beta_mu=4.385882351489341e+154, beta_phi=nan
NaN in beta_*: layer 9, bs_iter=38, k=5383, beta_mu=7.187841583879856e+154, beta_phi=nan
NaN in beta_*: layer 9, bs_iter=38, k=5384, beta_mu=4.534434104710608e+154, beta_phi=nan
NaN in beta_*: layer 9, bs_iter=38, k=5385, beta_mu=1.0847476169243268e+154, beta_phi=nan
NaN in beta_*: layer 9, bs_iter=38, k=5386, beta_mu=1.2258062563569983e+154, beta_phi=nan
NaN in beta_*: layer 9, bs_iter=38, k=5387, beta_mu=4.5167379675807636e+154, beta_phi=nan
NaN in beta_*: layer 9, bs_iter=38, k=5389, beta_mu=4.2406682396811265e+154, beta_phi=nan
NaN in beta_*: layer 9, bs_iter=38, k=5390, beta_mu=4.2450987270389993e+154, beta_phi=nan
NaN in beta_*: layer 9, bs_iter=38, k=5391, beta_mu=4.487565865949076e+154, beta_phi=nan
NaN in beta_*: layer 9, bs_iter=38, k=5392, beta_mu=1.873568814115453e+153, beta_phi=nan
NaN in beta_*: layer 9, bs_iter=38, k=5394, beta_mu=4.5251602470143007e+154, beta_phi=nan
NaN in beta_*: layer 9, bs_iter=38, k=5395, beta_mu=4.520092022638101e+154, beta_phi=nan
NaN in beta_*: layer 9, bs_iter=38, k=5396, beta_mu=4.491035799579639e+154, beta_phi=nan
NaN in beta_*: layer 9, bs_iter=38, k=5397, beta_mu=2.912483444114728e+154, beta_phi=nan
NaN in beta_*: layer 9, bs_iter=38, k=5398, beta_mu=2.911283424273095e+154, beta_phi=nan
NaN in beta_*: layer 9, bs_iter=38, k=5399, beta_mu=4.23510878592667e+154, beta_phi=nan
NaN in beta_*: layer 9, bs_iter=38, k=5400, beta_mu=4.2313771671291445e+154, beta_phi=nan
NaN in beta_*: layer 9, bs_iter=38, k=5401, beta_mu=3.0052902411117826e+153, beta_phi=nan
NaN in beta_*: layer 9, bs_iter=38, k=5402, beta_mu=4.235859163645558e+154, beta_phi=nan
NaN in beta_*: layer 9, bs_iter=38, k=5403, beta_mu=1.6389657089734526e+154, beta_phi=nan
NaN in beta_*: layer 9, bs_iter=38, k=5404, beta_mu=2.2552994524263456e+153, beta_phi=nan
NaN in beta_*: layer 9, bs_iter=38, k=5405, beta_mu=4.1641014904364745e+154, beta_phi=nan
NaN in beta_*: layer 9, bs_iter=38, k=5406, beta_mu=6.67825243752674e+152, beta_phi=nan
NaN in beta_*: layer 9, bs_iter=38, k=5407, beta_mu=4.4404514267211457e+154, beta_phi=nan
NaN in beta_*: layer 9, bs_iter=38, k=5409, beta_mu=1.7472205450452686e+154, beta_phi=nan
NaN in beta_*: layer 9, bs_iter=38, k=5410, beta_mu=7.459236260825114e+154, beta_phi=nan
NaN in beta_*: layer 9, bs_iter=38, k=5413, beta_mu=2.6218087975384446e+154, beta_phi=nan
NaN in beta_*: layer 9, bs_iter=38, k=5415, beta_mu=2.6475160724626968e+154, beta_phi=nan
NaN in beta_*: layer 9, bs_iter=38, k=5416, beta_mu=4.775130143470542e+154, beta_phi=nan
NaN in beta_*: layer 9, bs_iter=38, k=5417, beta_mu=1.4813077653923246e+154, beta_phi=nan
NaN in beta_*: layer 9, bs_iter=38, k=5418, beta_mu=1.5325319989750616e+153, beta_phi=nan
NaN in beta_*: layer 9, bs_iter=38, k=5419, beta_mu=4.663875951936485e+154, beta_phi=nan
NaN in beta_*: layer 9, bs_iter=38, k=5420, beta_mu=1.4934004377482464e+154, beta_phi=nan
NaN in beta_*: layer 9, bs_iter=38, k=5421, beta_mu=1.8285678826103327e+153, beta_phi=nan
NaN in beta_*: layer 9, bs_iter=38, k=5422, beta_mu=3.463104600028267e+153, beta_phi=nan
NaN in beta_*: layer 9, bs_iter=38, k=5423, beta_mu=4.360484612297659e+153, beta_phi=nan
NaN in beta_*: layer 9, bs_iter=38, k=5424, beta_mu=1.4607867320462664e+154, beta_phi=nan
NaN in beta_*: layer 9, bs_iter=38, k=5425, beta_mu=1.3920826834664535e+154, beta_phi=nan
NaN in beta_*: layer 9, bs_iter=38, k=5426, beta_mu=1.3897352904460137e+154, beta_phi=nan
NaN in beta_*: layer 9, bs_iter=38, k=5427, beta_mu=1.4705971989730374e+154, beta_phi=nan
NaN in beta_*: layer 9, bs_iter=38, k=5428, beta_mu=1.4710703580205655e+154, beta_phi=nan
NaN in beta_*: layer 9, bs_iter=38, k=5429, beta_mu=1.388912136886893e+154, beta_phi=nan
NaN in beta_*: layer 9, bs_iter=38, k=5430, beta_mu=1.2994914571140511e+154, beta_phi=nan
NaN in beta_*: layer 9, bs_iter=38, k=5431, beta_mu=4.586472125113818e+154, beta_phi=nan
NaN in beta_*: layer 9, bs_iter=38, k=5432, beta_mu=2.5676696854030514e+154, beta_phi=nan
NaN in beta_*: layer 9, bs_iter=38, k=5433, beta_mu=1.4130216610026287e+154, beta_phi=nan
NaN in beta_*: layer 9, bs_iter=38, k=5434, beta_mu=1.4077105532028725e+154, beta_phi=nan
NaN in beta_*: layer 9, bs_iter=38, k=5435, beta_mu=1.412239152504684e+154, beta_phi=nan
NaN in beta_*: layer 9, bs_iter=38, k=5436, beta_mu=1.4710700736599864e+154, beta_phi=nan
NaN in beta_*: layer 9, bs_iter=38, k=5437, beta_mu=2.5582853311081638e+154, beta_phi=nan
NaN in beta_*: layer 9, bs_iter=38, k=5438, beta_mu=4.4590716709460475e+154, beta_phi=nan
NaN in beta_*: layer 9, bs_iter=38, k=5439, beta_mu=1.4431870974223685e+154, beta_phi=nan
NaN in beta_*: layer 9, bs_iter=38, k=5440, beta_mu=1.3833963503046353e+154, beta_phi=nan
NaN in beta_*: layer 9, bs_iter=38, k=5441, beta_mu=9.38877692388056e+153, beta_phi=nan
NaN in beta_*: layer 9, bs_iter=38, k=5442, beta_mu=5.151757325831533e+153, beta_phi=nan
NaN in beta_*: layer 9, bs_iter=38, k=5444, beta_mu=1.7494364076027353e+154, beta_phi=nan
NaN in beta_*: layer 9, bs_iter=38, k=5445, beta_mu=1.382308868353696e+154, beta_phi=nan
NaN in beta_*: layer 9, bs_iter=38, k=5446, beta_mu=8.325585563885957e+153, beta_phi=nan
NaN in beta_*: layer 9, bs_iter=38, k=5447, beta_mu=1.4440110869301e+154, beta_phi=nan
NaN in beta_*: layer 9, bs_iter=38, k=5448, beta_mu=4.663269880693771e+154, beta_phi=nan
NaN in beta_*: layer 9, bs_iter=38, k=5449, beta_mu=7.484053571457415e+152, beta_phi=nan
NaN in beta_*: layer 9, bs_iter=38, k=5450, beta_mu=2.3713309627893864e+154, beta_phi=nan
NaN in beta_*: layer 9, bs_iter=38, k=5451, beta_mu=2.4729083973387962e+153, beta_phi=nan
NaN in beta_*: layer 9, bs_iter=38, k=5452, beta_mu=2.3665286081837496e+154, beta_phi=nan
NaN in beta_*: layer 9, bs_iter=38, k=5453, beta_mu=1.4254404157811862e+154, beta_phi=nan
NaN in beta_*: layer 9, bs_iter=38, k=5454, beta_mu=4.193929730810335e+155, beta_phi=nan
NaN in beta_*: layer 9, bs_iter=38, k=5455, beta_mu=1.5759171341737598e+153, beta_phi=nan
NaN in beta_*: layer 9, bs_iter=38, k=5456, beta_mu=4.6569155476733646e+154, beta_phi=nan
NaN in beta_*: layer 9, bs_iter=38, k=5457, beta_mu=8.121054356768856e+153, beta_phi=nan
NaN in beta_*: layer 9, bs_iter=38, k=5458, beta_mu=7.057272289098268e+152, beta_phi=nan
NaN in beta_*: layer 9, bs_iter=38, k=5459, beta_mu=8.085003855214564e+153, beta_phi=nan
NaN in beta_*: layer 9, bs_iter=38, k=5461, beta_mu=1.4377632867331012e+154, beta_phi=nan
NaN in beta_*: layer 9, bs_iter=38, k=5462, beta_mu=2.41670244338864e+154, beta_phi=nan
NaN in beta_*: layer 9, bs_iter=38, k=5464, beta_mu=8.069898505871392e+153, beta_phi=nan
NaN in beta_*: layer 9, bs_iter=38, k=5465, beta_mu=1.4625693789916247e+154, beta_phi=nan
NaN in beta_*: layer 9, bs_iter=38, k=5466, beta_mu=2.722120316340862e+154, beta_phi=nan
NaN in beta_*: layer 9, bs_iter=38, k=5467, beta_mu=4.458981947502938e+154, beta_phi=nan
NaN in beta_*: layer 9, bs_iter=38, k=5468, beta_mu=7.992096812602147e+153, beta_phi=nan
NaN in beta_*: layer 9, bs_iter=38, k=5469, beta_mu=9.285367859143604e+152, beta_phi=nan
NaN in beta_*: layer 9, bs_iter=38, k=5470, beta_mu=1.7846757483307667e+154, beta_phi=nan
NaN in beta_*: layer 9, bs_iter=38, k=5471, beta_mu=1.6533955961717232e+154, beta_phi=nan
NaN in beta_*: layer 9, bs_iter=38, k=5472, beta_mu=2.3435203807424066e+153, beta_phi=nan
NaN in beta_*: layer 9, bs_iter=38, k=5473, beta_mu=3.791221880442851e+153, beta_phi=nan
NaN in beta_*: layer 9, bs_iter=38, k=5474, beta_mu=1.0762750266614295e+153, beta_phi=nan
NaN in beta_*: layer 9, bs_iter=38, k=5475, beta_mu=7.265752982501341e+154, beta_phi=nan
NaN in beta_*: layer 9, bs_iter=38, k=5476, beta_mu=3.1416003086593785e+153, beta_phi=nan
NaN in beta_*: layer 9, bs_iter=38, k=5477, beta_mu=3.1290236698062328e+153, beta_phi=nan
NaN in beta_*: layer 9, bs_iter=38, k=5478, beta_mu=7.778272714398868e+153, beta_phi=nan
NaN in beta_*: layer 9, bs_iter=38, k=5480, beta_mu=9.489323406102067e+153, beta_phi=nan
NaN in beta_*: layer 9, bs_iter=38, k=5481, beta_mu=6.6991612889738845e+153, beta_phi=nan
NaN in beta_*: layer 9, bs_iter=38, k=5482, beta_mu=1.2840853007426728e+154, beta_phi=nan
NaN in beta_*: layer 9, bs_iter=38, k=5483, beta_mu=9.143200205498132e+153, beta_phi=nan
NaN in beta_*: layer 9, bs_iter=38, k=5484, beta_mu=6.750703350796946e+153, beta_phi=nan
NaN in beta_*: layer 9, bs_iter=38, k=5485, beta_mu=1.1917987572706591e+154, beta_phi=nan
NaN in beta_*: layer 9, bs_iter=38, k=5486, beta_mu=2.3631869055253232e+154, beta_phi=nan
NaN in beta_*: layer 9, bs_iter=38, k=5487, beta_mu=3.127654134849916e+154, beta_phi=nan
NaN in beta_*: layer 9, bs_iter=38, k=5488, beta_mu=1.2046725941472202e+155, beta_phi=nan
NaN in beta_*: layer 9, bs_iter=38, k=5489, beta_mu=1.2809571971589743e+154, beta_phi=nan
NaN in beta_*: layer 9, bs_iter=38, k=5490, beta_mu=1.4303233801459932e+153, beta_phi=nan
NaN in beta_*: layer 9, bs_iter=38, k=5491, beta_mu=8.713989452723314e+153, beta_phi=nan
NaN in beta_*: layer 9, bs_iter=38, k=5492, beta_mu=2.897303175842012e+154, beta_phi=nan
NaN in beta_*: layer 9, bs_iter=38, k=5493, beta_mu=9.092140731690674e+153, beta_phi=nan
NaN in beta_*: layer 9, bs_iter=38, k=5494, beta_mu=3.129988732305434e+154, beta_phi=nan
NaN in beta_*: layer 9, bs_iter=38, k=5495, beta_mu=3.525250026942934e+153, beta_phi=nan
NaN in beta_*: layer 9, bs_iter=38, k=5496, beta_mu=4.945525398335867e+154, beta_phi=nan
NaN in beta_*: layer 9, bs_iter=38, k=5497, beta_mu=4.9637908265596815e+153, beta_phi=nan
NaN in beta_*: layer 9, bs_iter=38, k=5498, beta_mu=5.637570644628812e+154, beta_phi=nan
NaN in beta_*: layer 9, bs_iter=38, k=5499, beta_mu=4.9470427851696104e+154, beta_phi=nan
NaN in beta_*: layer 9, bs_iter=38, k=5500, beta_mu=5.8059557812037505e+152, beta_phi=nan
NaN in beta_*: layer 9, bs_iter=38, k=5501, beta_mu=4.9298261421047953e+154, beta_phi=nan
NaN in beta_*: layer 9, bs_iter=38, k=5502, beta_mu=1.213908874000514e+155, beta_phi=nan
NaN in beta_*: layer 9, bs_iter=38, k=5503, beta_mu=3.0932469760811244e+154, beta_phi=nan
NaN in beta_*: layer 9, bs_iter=38, k=5504, beta_mu=1.327578417546525e+154, beta_phi=nan
NaN in beta_*: layer 9, bs_iter=38, k=5505, beta_mu=5.929709663169223e+154, beta_phi=nan
NaN in beta_*: layer 9, bs_iter=38, k=5506, beta_mu=2.3203236821344944e+154, beta_phi=nan
NaN in beta_*: layer 9, bs_iter=38, k=5507, beta_mu=3.6009164844674906e+152, beta_phi=nan
NaN in beta_*: layer 9, bs_iter=38, k=5508, beta_mu=6.872830906082205e+154, beta_phi=nan
NaN in beta_*: layer 9, bs_iter=38, k=5509, beta_mu=4.366384207566917e+152, beta_phi=nan
NaN in beta_*: layer 9, bs_iter=38, k=5510, beta_mu=5.80899296168717e+152, beta_phi=nan
NaN in beta_*: layer 9, bs_iter=38, k=5511, beta_mu=4.712763330254677e+154, beta_phi=nan
NaN in beta_*: layer 9, bs_iter=38, k=5512, beta_mu=1.0152812366948472e+154, beta_phi=nan
NaN in beta_*: layer 9, bs_iter=38, k=5513, beta_mu=7.768683724393433e+153, beta_phi=nan
NaN in beta_*: layer 9, bs_iter=38, k=5514, beta_mu=1.3299875808811167e+154, beta_phi=nan
NaN in beta_*: layer 9, bs_iter=38, k=5515, beta_mu=3.270970273057859e+154, beta_phi=nan
NaN in beta_*: layer 9, bs_iter=38, k=5516, beta_mu=9.107026775544518e+152, beta_phi=nan
NaN in beta_*: layer 9, bs_iter=38, k=5517, beta_mu=1.1694084148854232e+154, beta_phi=nan
NaN in beta_*: layer 9, bs_iter=38, k=5518, beta_mu=2.496995186946138e+153, beta_phi=nan
NaN in beta_*: layer 9, bs_iter=38, k=5519, beta_mu=1.306578589820067e+153, beta_phi=nan
NaN in beta_*: layer 9, bs_iter=38, k=5520, beta_mu=1.1122886883513855e+154, beta_phi=nan
NaN in beta_*: layer 9, bs_iter=38, k=5521, beta_mu=3.0105741768414605e+152, beta_phi=nan
NaN in beta_*: layer 9, bs_iter=38, k=5522, beta_mu=1.841015817134161e+154, beta_phi=nan
NaN in beta_*: layer 9, bs_iter=38, k=5523, beta_mu=5.9352687693132945e+153, beta_phi=nan
NaN in beta_*: layer 9, bs_iter=38, k=5524, beta_mu=7.246661519123127e+153, beta_phi=nan
NaN in beta_*: layer 9, bs_iter=38, k=5525, beta_mu=1.6712320812141615e+154, beta_phi=nan
NaN in beta_*: layer 9, bs_iter=38, k=5526, beta_mu=8.004195745255034e+152, beta_phi=nan
NaN in beta_*: layer 9, bs_iter=38, k=5527, beta_mu=1.4867436715934184e+154, beta_phi=nan
NaN in beta_*: layer 9, bs_iter=38, k=5528, beta_mu=3.0313644896346084e+152, beta_phi=nan
NaN in beta_*: layer 9, bs_iter=38, k=5529, beta_mu=7.12316284613766e+153, beta_phi=nan
NaN in beta_*: layer 9, bs_iter=38, k=5530, beta_mu=5.205511825413566e+153, beta_phi=nan
NaN in beta_*: layer 9, bs_iter=38, k=5531, beta_mu=2.5081606981397425e+153, beta_phi=nan
NaN in beta_*: layer 9, bs_iter=38, k=5532, beta_mu=7.109172955538989e+153, beta_phi=nan
NaN in beta_*: layer 9, bs_iter=38, k=5534, beta_mu=3.7449751849282455e+154, beta_phi=nan
NaN in beta_*: layer 9, bs_iter=38, k=5535, beta_mu=7.343449508184044e+153, beta_phi=nan
NaN in beta_*: layer 9, bs_iter=38, k=5536, beta_mu=9.67577034658662e+152, beta_phi=nan
NaN in beta_*: layer 9, bs_iter=38, k=5537, beta_mu=6.795527919192085e+153, beta_phi=nan
NaN in beta_*: layer 9, bs_iter=38, k=5538, beta_mu=5.6837993919483005e+153, beta_phi=nan
NaN in beta_*: layer 9, bs_iter=38, k=5539, beta_mu=3.6063352091890884e+154, beta_phi=nan
NaN in beta_*: layer 9, bs_iter=38, k=5540, beta_mu=4.133241054533011e+153, beta_phi=nan
NaN in beta_*: layer 9, bs_iter=38, k=5541, beta_mu=4.510515950257123e+153, beta_phi=nan
NaN in beta_*: layer 9, bs_iter=38, k=5542, beta_mu=1.5816431419104955e+154, beta_phi=nan
NaN in beta_*: layer 9, bs_iter=38, k=5543, beta_mu=6.7675466044197e+153, beta_phi=nan
NaN in beta_*: layer 9, bs_iter=38, k=5544, beta_mu=7.380563976193129e+153, beta_phi=nan
NaN in beta_*: layer 9, bs_iter=38, k=5545, beta_mu=1.58643470368968e+154, beta_phi=nan
NaN in beta_*: layer 9, bs_iter=38, k=5546, beta_mu=2.624174289355243e+152, beta_phi=nan
NaN in beta_*: layer 9, bs_iter=38, k=5547, beta_mu=3.041644905562726e+154, beta_phi=nan
NaN in beta_*: layer 9, bs_iter=38, k=5548, beta_mu=9.327682888850815e+152, beta_phi=nan
NaN in beta_*: layer 9, bs_iter=38, k=5549, beta_mu=4.7508822761803306e+153, beta_phi=nan
NaN in beta_*: layer 9, bs_iter=38, k=5550, beta_mu=3.645016718654126e+154, beta_phi=nan
NaN in beta_*: layer 9, bs_iter=38, k=5551, beta_mu=2.854391168780519e+153, beta_phi=nan
NaN in beta_*: layer 9, bs_iter=38, k=5552, beta_mu=3.60615632286881e+154, beta_phi=nan
NaN in beta_*: layer 9, bs_iter=38, k=5553, beta_mu=3.616464597901951e+154, beta_phi=nan
NaN in beta_*: layer 9, bs_iter=38, k=5554, beta_mu=6.73756610231908e+153, beta_phi=nan
NaN in beta_*: layer 9, bs_iter=38, k=5555, beta_mu=1.7282269259415827e+153, beta_phi=nan
NaN in beta_*: layer 9, bs_iter=38, k=5556, beta_mu=1.2390396435143482e+154, beta_phi=nan
NaN in beta_*: layer 9, bs_iter=38, k=5557, beta_mu=3.5973738449126695e+154, beta_phi=nan
NaN in beta_*: layer 9, bs_iter=38, k=5559, beta_mu=5.5003199019732414e+153, beta_phi=nan
NaN in beta_*: layer 9, bs_iter=38, k=5560, beta_mu=1.830682796092418e+154, beta_phi=nan
NaN in beta_*: layer 9, bs_iter=38, k=5561, beta_mu=1.7291461389319457e+154, beta_phi=nan
NaN in beta_*: layer 9, bs_iter=38, k=5562, beta_mu=3.6369604500430935e+154, beta_phi=nan
NaN in beta_*: layer 9, bs_iter=38, k=5563, beta_mu=7.208590972825349e+153, beta_phi=nan
NaN in beta_*: layer 9, bs_iter=38, k=5564, beta_mu=7.232272418196927e+153, beta_phi=nan
NaN in beta_*: layer 9, bs_iter=38, k=5567, beta_mu=1.481101186905363e+153, beta_phi=nan
NaN in beta_*: layer 9, bs_iter=38, k=5568, beta_mu=6.203517989341563e+152, beta_phi=nan
NaN in beta_*: layer 9, bs_iter=38, k=5570, beta_mu=3.3433959642830483e+153, beta_phi=nan
NaN in beta_*: layer 9, bs_iter=38, k=5571, beta_mu=5.4619711480984845e+153, beta_phi=nan
NaN in beta_*: layer 9, bs_iter=38, k=5574, beta_mu=5.2211239226236134e+153, beta_phi=nan
NaN in beta_*: layer 9, bs_iter=38, k=5575, beta_mu=6.987693579801743e+153, beta_phi=nan
NaN in beta_*: layer 9, bs_iter=38, k=5577, beta_mu=3.061378479990448e+154, beta_phi=nan
NaN in beta_*: layer 9, bs_iter=38, k=5578, beta_mu=2.8072010593548083e+152, beta_phi=nan
NaN in beta_*: layer 9, bs_iter=38, k=5579, beta_mu=5.25020034332429e+153, beta_phi=nan
NaN in beta_*: layer 9, bs_iter=38, k=5580, beta_mu=2.642596657523327e+152, beta_phi=nan
NaN in beta_*: layer 9, bs_iter=38, k=5584, beta_mu=1.4707328505961282e+153, beta_phi=nan
NaN in beta_*: layer 9, bs_iter=38, k=5585, beta_mu=2.6397085936311864e+152, beta_phi=nan
NaN in beta_*: layer 9, bs_iter=38, k=5586, beta_mu=1.6694455817558417e+154, beta_phi=nan
NaN in beta_*: layer 9, bs_iter=38, k=5587, beta_mu=3.616532922470873e+154, beta_phi=nan
NaN in beta_*: layer 9, bs_iter=38, k=5588, beta_mu=7.064734737745992e+153, beta_phi=nan
NaN in beta_*: layer 9, bs_iter=38, k=5589, beta_mu=4.9421409336478684e+154, beta_phi=nan
NaN in beta_*: layer 9, bs_iter=38, k=5590, beta_mu=3.1967480227618263e+153, beta_phi=nan
NaN in beta_*: layer 9, bs_iter=38, k=5591, beta_mu=6.585640140558181e+153, beta_phi=nan
NaN in beta_*: layer 9, bs_iter=38, k=5592, beta_mu=6.652329185701285e+153, beta_phi=nan
NaN in beta_*: layer 9, bs_iter=38, k=5593, beta_mu=6.958260242855086e+153, beta_phi=nan
NaN in beta_*: layer 9, bs_iter=38, k=5594, beta_mu=9.15924578044098e+154, beta_phi=nan
NaN in beta_*: layer 9, bs_iter=38, k=5595, beta_mu=6.6523371629280144e+153, beta_phi=nan
NaN in beta_*: layer 9, bs_iter=38, k=5597, beta_mu=6.809480967533945e+152, beta_phi=nan
NaN in beta_*: layer 9, bs_iter=38, k=5598, beta_mu=9.199080528460409e+154, beta_phi=nan
NaN in beta_*: layer 9, bs_iter=38, k=5599, beta_mu=2.6405871808950756e+152, beta_phi=nan
NaN in beta_*: layer 9, bs_iter=38, k=5600, beta_mu=6.6403715966691056e+153, beta_phi=nan
NaN in beta_*: layer 9, bs_iter=38, k=5602, beta_mu=3.6003154016770625e+154, beta_phi=nan
NaN in beta_*: layer 9, bs_iter=38, k=5603, beta_mu=2.76334839827256e+152, beta_phi=nan
NaN in beta_*: layer 9, bs_iter=38, k=5605, beta_mu=3.696573266383106e+154, beta_phi=nan
NaN in beta_*: layer 9, bs_iter=38, k=5606, beta_mu=4.9192274336470054e+154, beta_phi=nan
NaN in beta_*: layer 9, bs_iter=38, k=5607, beta_mu=3.5313076327904427e+152, beta_phi=nan
NaN in beta_*: layer 9, bs_iter=38, k=5608, beta_mu=3.2177628457929985e+153, beta_phi=nan
NaN in beta_*: layer 9, bs_iter=38, k=5609, beta_mu=3.609010898241068e+154, beta_phi=nan
NaN in beta_*: layer 9, bs_iter=38, k=5610, beta_mu=2.6425969754814053e+152, beta_phi=nan
NaN in beta_*: layer 9, bs_iter=38, k=5611, beta_mu=5.814768449830924e+153, beta_phi=nan
NaN in beta_*: layer 9, bs_iter=38, k=5612, beta_mu=3.6071170874121285e+154, beta_phi=nan
NaN in beta_*: layer 9, bs_iter=38, k=5613, beta_mu=3.6092797761568064e+154, beta_phi=nan
NaN in beta_*: layer 9, bs_iter=38, k=5614, beta_mu=2.63970842674066e+152, beta_phi=nan
NaN in beta_*: layer 9, bs_iter=38, k=5615, beta_mu=4.422383869863789e+153, beta_phi=nan
NaN in beta_*: layer 9, bs_iter=38, k=5616, beta_mu=2.6425938685428194e+152, beta_phi=nan
NaN in beta_*: layer 9, bs_iter=38, k=5622, beta_mu=6.6751060444020626e+153, beta_phi=nan
NaN in beta_*: layer 9, bs_iter=38, k=5623, beta_mu=6.6523381450023664e+153, beta_phi=nan
NaN in beta_*: layer 9, bs_iter=38, k=5624, beta_mu=4.924830671323725e+154, beta_phi=nan
NaN in beta_*: layer 9, bs_iter=38, k=5625, beta_mu=6.6542567087597974e+153, beta_phi=nan
NaN in beta_*: layer 9, bs_iter=38, k=5626, beta_mu=3.610236020529771e+154, beta_phi=nan
NaN in beta_*: layer 9, bs_iter=38, k=5627, beta_mu=1.6626805772013042e+154, beta_phi=nan
NaN in beta_*: layer 9, bs_iter=38, k=5628, beta_mu=3.6043630211573877e+154, beta_phi=nan
NaN in beta_*: layer 9, bs_iter=38, k=5630, beta_mu=4.926624335946651e+154, beta_phi=nan
NaN in beta_*: layer 9, bs_iter=38, k=5631, beta_mu=1.0431389159301199e+153, beta_phi=nan
NaN in beta_*: layer 9, bs_iter=38, k=5632, beta_mu=2.6417178948443754e+152, beta_phi=nan
NaN in beta_*: layer 9, bs_iter=38, k=5633, beta_mu=2.640832046127639e+152, beta_phi=nan
NaN in beta_*: layer 9, bs_iter=38, k=5634, beta_mu=3.1799902950639144e+153, beta_phi=nan
NaN in beta_*: layer 9, bs_iter=38, k=5635, beta_mu=4.0285566597154965e+152, beta_phi=nan
NaN in beta_*: layer 9, bs_iter=38, k=5636, beta_mu=1.4340634689273875e+153, beta_phi=nan
NaN in beta_*: layer 9, bs_iter=38, k=5637, beta_mu=6.691013991640512e+153, beta_phi=nan
NaN in beta_*: layer 9, bs_iter=38, k=5638, beta_mu=3.6113814634135137e+154, beta_phi=nan
NaN in beta_*: layer 9, bs_iter=38, k=5640, beta_mu=2.8008784511984846e+154, beta_phi=nan
NaN in beta_*: layer 9, bs_iter=38, k=5641, beta_mu=6.220243615265527e+153, beta_phi=nan
NaN in beta_*: layer 9, bs_iter=38, k=5642, beta_mu=2.439103348776945e+153, beta_phi=nan
NaN in beta_*: layer 9, bs_iter=38, k=5643, beta_mu=4.912967031865373e+154, beta_phi=nan
NaN in beta_*: layer 9, bs_iter=38, k=5644, beta_mu=6.656174768226489e+153, beta_phi=nan
NaN in beta_*: layer 9, bs_iter=38, k=5645, beta_mu=4.9180199676407593e+154, beta_phi=nan
NaN in beta_*: layer 9, bs_iter=38, k=5646, beta_mu=3.6090711774338955e+154, beta_phi=nan
NaN in beta_*: layer 9, bs_iter=38, k=5647, beta_mu=1.7491758755912082e+154, beta_phi=nan
NaN in beta_*: layer 9, bs_iter=38, k=5648, beta_mu=2.28071465973043e+152, beta_phi=nan
NaN in beta_*: layer 9, bs_iter=38, k=5649, beta_mu=5.400516497517802e+153, beta_phi=nan
NaN in beta_*: layer 9, bs_iter=38, k=5650, beta_mu=6.960431057683967e+152, beta_phi=nan
NaN in beta_*: layer 9, bs_iter=38, k=5651, beta_mu=4.88889314671935e+154, beta_phi=nan
NaN in beta_*: layer 9, bs_iter=38, k=5652, beta_mu=6.654256619986202e+153, beta_phi=nan
NaN in beta_*: layer 9, bs_iter=38, k=5653, beta_mu=6.6656678202431115e+153, beta_phi=nan
NaN in beta_*: layer 9, bs_iter=38, k=5654, beta_mu=4.83356389979139e+152, beta_phi=nan
NaN in beta_*: layer 9, bs_iter=38, k=5655, beta_mu=2.9620211433140704e+153, beta_phi=nan
NaN in beta_*: layer 9, bs_iter=38, k=5656, beta_mu=7.033878808960328e+153, beta_phi=nan
NaN in beta_*: layer 9, bs_iter=38, k=5658, beta_mu=3.1371674273872106e+154, beta_phi=nan
NaN in beta_*: layer 9, bs_iter=38, k=5659, beta_mu=5.353362427057016e+153, beta_phi=nan
NaN in beta_*: layer 9, bs_iter=38, k=5660, beta_mu=3.609770112325921e+154, beta_phi=nan
NaN in beta_*: layer 9, bs_iter=38, k=5662, beta_mu=3.1236945827212523e+154, beta_phi=nan
NaN in beta_*: layer 9, bs_iter=38, k=5663, beta_mu=3.6141126593519914e+154, beta_phi=nan
NaN in beta_*: layer 9, bs_iter=38, k=5664, beta_mu=7.030798807702728e+153, beta_phi=nan
NaN in beta_*: layer 9, bs_iter=38, k=5667, beta_mu=4.1601038513774383e+154, beta_phi=nan
NaN in beta_*: layer 9, bs_iter=38, k=5668, beta_mu=6.601897289643162e+153, beta_phi=nan
NaN in beta_*: layer 9, bs_iter=38, k=5669, beta_mu=1.4878580806685008e+153, beta_phi=nan
NaN in beta_*: layer 9, bs_iter=38, k=5670, beta_mu=4.9174837119349403e+154, beta_phi=nan
NaN in beta_*: layer 9, bs_iter=38, k=5672, beta_mu=1.4869780667611496e+153, beta_phi=nan
NaN in beta_*: layer 9, bs_iter=38, k=5673, beta_mu=3.6786417657055716e+154, beta_phi=nan
NaN in beta_*: layer 9, bs_iter=38, k=5674, beta_mu=4.912289184223931e+154, beta_phi=nan
NaN in beta_*: layer 9, bs_iter=38, k=5675, beta_mu=4.9218512045612564e+154, beta_phi=nan
NaN in beta_*: layer 9, bs_iter=38, k=5676, beta_mu=4.9108720135053154e+154, beta_phi=nan
NaN in beta_*: layer 9, bs_iter=38, k=5677, beta_mu=2.640831288896149e+152, beta_phi=nan
NaN in beta_*: layer 9, bs_iter=38, k=5679, beta_mu=4.907749448609395e+154, beta_phi=nan
NaN in beta_*: layer 9, bs_iter=38, k=5680, beta_mu=6.548630319017926e+153, beta_phi=nan
NaN in beta_*: layer 9, bs_iter=38, k=5681, beta_mu=4.9099849870805947e+154, beta_phi=nan
NaN in beta_*: layer 9, bs_iter=38, k=5683, beta_mu=6.612298577202849e+153, beta_phi=nan
NaN in beta_*: layer 9, bs_iter=38, k=5684, beta_mu=3.7091101828222545e+154, beta_phi=nan
NaN in beta_*: layer 9, bs_iter=38, k=5685, beta_mu=3.036850888585993e+154, beta_phi=nan
NaN in beta_*: layer 9, bs_iter=38, k=5686, beta_mu=5.353109309738073e+153, beta_phi=nan
NaN in beta_*: layer 9, bs_iter=38, k=5687, beta_mu=4.852135210986439e+154, beta_phi=nan
NaN in beta_*: layer 9, bs_iter=38, k=5688, beta_mu=1.9923022978650215e+153, beta_phi=nan
NaN in beta_*: layer 9, bs_iter=38, k=5689, beta_mu=4.9141071306984943e+154, beta_phi=nan
NaN in beta_*: layer 9, bs_iter=38, k=5690, beta_mu=1.400389134065859e+153, beta_phi=nan
NaN in beta_*: layer 9, bs_iter=38, k=5691, beta_mu=4.9171964123762774e+154, beta_phi=nan
NaN in beta_*: layer 9, bs_iter=38, k=5692, beta_mu=3.7038702564202613e+154, beta_phi=nan
NaN in beta_*: layer 9, bs_iter=38, k=5693, beta_mu=4.9143666782650646e+154, beta_phi=nan
NaN in beta_*: layer 9, bs_iter=38, k=5695, beta_mu=5.593660667841558e+153, beta_phi=nan
NaN in beta_*: layer 9, bs_iter=38, k=5696, beta_mu=3.683089286894778e+154, beta_phi=nan
NaN in beta_*: layer 9, bs_iter=38, k=5697, beta_mu=4.9207460820103356e+154, beta_phi=nan
NaN in beta_*: layer 9, bs_iter=38, k=5698, beta_mu=2.3918005809223004e+153, beta_phi=nan
NaN in beta_*: layer 9, bs_iter=38, k=5699, beta_mu=6.6122987970923136e+153, beta_phi=nan
NaN in beta_*: layer 9, bs_iter=38, k=5700, beta_mu=2.6417144768461456e+152, beta_phi=nan
NaN in beta_*: layer 9, bs_iter=38, k=5702, beta_mu=5.096914652124214e+152, beta_phi=nan
NaN in beta_*: layer 9, bs_iter=38, k=5703, beta_mu=1.2842771418392425e+153, beta_phi=nan
NaN in beta_*: layer 9, bs_iter=38, k=5704, beta_mu=4.9125767343918236e+154, beta_phi=nan
NaN in beta_*: layer 9, bs_iter=38, k=5706, beta_mu=4.9205041358517536e+154, beta_phi=nan
NaN in beta_*: layer 9, bs_iter=38, k=5707, beta_mu=2.7621882563183327e+152, beta_phi=nan
NaN in beta_*: layer 9, bs_iter=38, k=5709, beta_mu=1.69301439435949e+153, beta_phi=nan
NaN in beta_*: layer 9, bs_iter=38, k=5710, beta_mu=1.1469573380007695e+154, beta_phi=nan
NaN in beta_*: layer 9, bs_iter=38, k=5712, beta_mu=4.9163445424181825e+154, beta_phi=nan
NaN in beta_*: layer 9, bs_iter=38, k=5713, beta_mu=3.7091112500778926e+154, beta_phi=nan
NaN in beta_*: layer 9, bs_iter=38, k=5714, beta_mu=6.6103791423932736e+153, beta_phi=nan
NaN in beta_*: layer 9, bs_iter=38, k=5715, beta_mu=3.614984781710701e+154, beta_phi=nan
NaN in beta_*: layer 9, bs_iter=38, k=5716, beta_mu=4.9188879690561584e+154, beta_phi=nan
NaN in beta_*: layer 9, bs_iter=38, k=5717, beta_mu=6.610380306740793e+153, beta_phi=nan
NaN in beta_*: layer 9, bs_iter=38, k=5718, beta_mu=2.639708653121836e+152, beta_phi=nan
NaN in beta_*: layer 9, bs_iter=38, k=5719, beta_mu=4.9161606383826877e+154, beta_phi=nan
NaN in beta_*: layer 9, bs_iter=38, k=5720, beta_mu=4.920432118811489e+154, beta_phi=nan
NaN in beta_*: layer 9, bs_iter=38, k=5721, beta_mu=6.599877560105111e+153, beta_phi=nan
NaN in beta_*: layer 9, bs_iter=38, k=5722, beta_mu=6.3202083819092335e+153, beta_phi=nan
NaN in beta_*: layer 9, bs_iter=38, k=5724, beta_mu=4.861557371423965e+154, beta_phi=nan
NaN in beta_*: layer 9, bs_iter=38, k=5725, beta_mu=3.510625559332871e+153, beta_phi=nan
NaN in beta_*: layer 9, bs_iter=38, k=5726, beta_mu=2.6390769969899966e+152, beta_phi=nan
NaN in beta_*: layer 9, bs_iter=38, k=5727, beta_mu=7.10935847096037e+152, beta_phi=nan
NaN in beta_*: layer 9, bs_iter=38, k=5728, beta_mu=6.659153187889456e+153, beta_phi=nan
NaN in beta_*: layer 9, bs_iter=38, k=5729, beta_mu=4.8593479134842393e+154, beta_phi=nan
NaN in beta_*: layer 9, bs_iter=38, k=5730, beta_mu=4.858821174620341e+154, beta_phi=nan
NaN in beta_*: layer 9, bs_iter=38, k=5731, beta_mu=6.683287155004593e+153, beta_phi=nan
NaN in beta_*: layer 9, bs_iter=38, k=5732, beta_mu=1.8942178142328335e+154, beta_phi=nan
NaN in beta_*: layer 9, bs_iter=38, k=5734, beta_mu=4.846150389467055e+154, beta_phi=nan
NaN in beta_*: layer 9, bs_iter=38, k=5735, beta_mu=5.990433880554106e+153, beta_phi=nan
NaN in beta_*: layer 9, bs_iter=38, k=5736, beta_mu=6.696262091997254e+153, beta_phi=nan
NaN in beta_*: layer 9, bs_iter=38, k=5737, beta_mu=6.648550921398324e+153, beta_phi=nan
NaN in beta_*: layer 9, bs_iter=38, k=5738, beta_mu=3.670950722865638e+154, beta_phi=nan
NaN in beta_*: layer 9, bs_iter=38, k=5739, beta_mu=3.6749536932759024e+154, beta_phi=nan
NaN in beta_*: layer 9, bs_iter=38, k=5740, beta_mu=3.071564526733302e+154, beta_phi=nan
NaN in beta_*: layer 9, bs_iter=38, k=5741, beta_mu=1.1231889443521576e+153, beta_phi=nan
NaN in beta_*: layer 9, bs_iter=38, k=5742, beta_mu=6.665515224938644e+153, beta_phi=nan
NaN in beta_*: layer 9, bs_iter=38, k=5743, beta_mu=4.834075636828006e+154, beta_phi=nan
NaN in beta_*: layer 9, bs_iter=38, k=5744, beta_mu=2.6419601277486594e+152, beta_phi=nan
NaN in beta_*: layer 9, bs_iter=38, k=5745, beta_mu=1.182166209825717e+153, beta_phi=nan
NaN in beta_*: layer 9, bs_iter=38, k=5746, beta_mu=6.644056629226255e+153, beta_phi=nan
NaN in beta_*: layer 9, bs_iter=38, k=5747, beta_mu=1.8121302454727368e+154, beta_phi=nan
NaN in beta_*: layer 9, bs_iter=38, k=5748, beta_mu=3.6762778477136813e+154, beta_phi=nan
NaN in beta_*: layer 9, bs_iter=38, k=5749, beta_mu=4.858298732162073e+154, beta_phi=nan
NaN in beta_*: layer 9, bs_iter=38, k=5750, beta_mu=1.6705113908398477e+154, beta_phi=nan
NaN in beta_*: layer 9, bs_iter=38, k=5752, beta_mu=4.8577097186227104e+154, beta_phi=nan
NaN in beta_*: layer 9, bs_iter=38, k=5753, beta_mu=5.157652502204505e+152, beta_phi=nan
NaN in beta_*: layer 9, bs_iter=38, k=5754, beta_mu=1.392981925913642e+154, beta_phi=nan
NaN in beta_*: layer 9, bs_iter=38, k=5756, beta_mu=6.628405062011763e+153, beta_phi=nan
NaN in beta_*: layer 9, bs_iter=38, k=5757, beta_mu=3.671641466460972e+154, beta_phi=nan
NaN in beta_*: layer 9, bs_iter=38, k=5758, beta_mu=6.616033008019161e+153, beta_phi=nan
NaN in beta_*: layer 9, bs_iter=38, k=5759, beta_mu=1.6514006898688156e+154, beta_phi=nan
NaN in beta_*: layer 9, bs_iter=38, k=5760, beta_mu=6.637492957060142e+153, beta_phi=nan
NaN in beta_*: layer 9, bs_iter=38, k=5761, beta_mu=4.222980359252371e+153, beta_phi=nan
NaN in beta_*: layer 9, bs_iter=38, k=5762, beta_mu=3.680968085627583e+154, beta_phi=nan
NaN in beta_*: layer 9, bs_iter=38, k=5763, beta_mu=7.624112534071442e+154, beta_phi=nan
NaN in beta_*: layer 9, bs_iter=38, k=5764, beta_mu=1.1805954695087556e+154, beta_phi=nan
NaN in beta_*: layer 9, bs_iter=38, k=5765, beta_mu=3.678401865398241e+154, beta_phi=nan
NaN in beta_*: layer 9, bs_iter=38, k=5766, beta_mu=6.634766664222059e+153, beta_phi=nan
NaN in beta_*: layer 9, bs_iter=38, k=5767, beta_mu=7.483968404482026e+152, beta_phi=nan
NaN in beta_*: layer 9, bs_iter=38, k=5768, beta_mu=1.8398708978183277e+154, beta_phi=nan
NaN in beta_*: layer 9, bs_iter=38, k=5769, beta_mu=6.644056848098692e+153, beta_phi=nan
NaN in beta_*: layer 9, bs_iter=38, k=5770, beta_mu=4.85788037043309e+154, beta_phi=nan
NaN in beta_*: layer 9, bs_iter=38, k=5771, beta_mu=4.859992025811124e+154, beta_phi=nan
NaN in beta_*: layer 9, bs_iter=38, k=5772, beta_mu=4.862908760854957e+154, beta_phi=nan
NaN in beta_*: layer 9, bs_iter=38, k=5773, beta_mu=4.862134392874009e+154, beta_phi=nan
NaN in beta_*: layer 9, bs_iter=38, k=5774, beta_mu=7.52801921209836e+152, beta_phi=nan
NaN in beta_*: layer 9, bs_iter=38, k=5775, beta_mu=3.58596669667607e+154, beta_phi=nan
NaN in beta_*: layer 9, bs_iter=38, k=5776, beta_mu=4.860796451585631e+154, beta_phi=nan
NaN in beta_*: layer 9, bs_iter=38, k=5777, beta_mu=4.859364028213199e+154, beta_phi=nan
NaN in beta_*: layer 9, bs_iter=38, k=5778, beta_mu=6.644714243131099e+153, beta_phi=nan
NaN in beta_*: layer 9, bs_iter=38, k=5779, beta_mu=4.266646444761771e+153, beta_phi=nan
NaN in beta_*: layer 9, bs_iter=38, k=5780, beta_mu=3.65018435200141e+154, beta_phi=nan
NaN in beta_*: layer 9, bs_iter=38, k=5781, beta_mu=9.009656516958307e+152, beta_phi=nan
NaN in beta_*: layer 9, bs_iter=38, k=5782, beta_mu=2.7394102691927575e+153, beta_phi=nan
NaN in beta_*: layer 9, bs_iter=38, k=5783, beta_mu=8.892639398247895e+154, beta_phi=nan
NaN in beta_*: layer 9, bs_iter=38, k=5784, beta_mu=1.4154348058524802e+153, beta_phi=nan
NaN in beta_*: layer 9, bs_iter=38, k=5785, beta_mu=1.6989879060945428e+154, beta_phi=nan
NaN in beta_*: layer 9, bs_iter=38, k=5786, beta_mu=2.273166431901475e+153, beta_phi=nan
NaN in beta_*: layer 9, bs_iter=38, k=5787, beta_mu=4.857563455398796e+154, beta_phi=nan
NaN in beta_*: layer 9, bs_iter=38, k=5788, beta_mu=1.1542451712128133e+154, beta_phi=nan
NaN in beta_*: layer 9, bs_iter=38, k=5790, beta_mu=7.02257786288568e+153, beta_phi=nan
NaN in beta_*: layer 9, bs_iter=38, k=5791, beta_mu=7.02258088464124e+153, beta_phi=nan
NaN in beta_*: layer 9, bs_iter=38, k=5792, beta_mu=3.3817997320810176e+153, beta_phi=nan
NaN in beta_*: layer 9, bs_iter=38, k=5793, beta_mu=2.639077022359591e+152, beta_phi=nan
NaN in beta_*: layer 9, bs_iter=38, k=5794, beta_mu=4.860630956196971e+154, beta_phi=nan
NaN in beta_*: layer 9, bs_iter=38, k=5795, beta_mu=6.665513649297262e+153, beta_phi=nan
NaN in beta_*: layer 9, bs_iter=38, k=5796, beta_mu=3.0065686466068095e+152, beta_phi=nan
NaN in beta_*: layer 9, bs_iter=38, k=5797, beta_mu=4.862681115646311e+154, beta_phi=nan
NaN in beta_*: layer 9, bs_iter=38, k=5798, beta_mu=3.659143051056328e+154, beta_phi=nan
NaN in beta_*: layer 9, bs_iter=38, k=5799, beta_mu=6.6655155411481126e+153, beta_phi=nan
NaN in beta_*: layer 9, bs_iter=38, k=5801, beta_mu=3.680253858556718e+154, beta_phi=nan
NaN in beta_*: layer 9, bs_iter=38, k=5802, beta_mu=2.8454408044493827e+153, beta_phi=nan
NaN in beta_*: layer 9, bs_iter=38, k=5803, beta_mu=7.871275669193351e+153, beta_phi=nan
NaN in beta_*: layer 9, bs_iter=38, k=5804, beta_mu=1.6057198951828553e+154, beta_phi=nan
NaN in beta_*: layer 9, bs_iter=38, k=5805, beta_mu=2.852171494183411e+153, beta_phi=nan
NaN in beta_*: layer 9, bs_iter=38, k=5806, beta_mu=4.6441127393882115e+154, beta_phi=nan
NaN in beta_*: layer 9, bs_iter=38, k=5808, beta_mu=2.613529548112014e+152, beta_phi=nan
NaN in beta_*: layer 9, bs_iter=38, k=5809, beta_mu=3.5193825736990963e+154, beta_phi=nan
NaN in beta_*: layer 9, bs_iter=38, k=5810, beta_mu=5.070142166805879e+154, beta_phi=nan
NaN in beta_*: layer 9, bs_iter=38, k=5811, beta_mu=4.6492739572052356e+154, beta_phi=nan
NaN in beta_*: layer 9, bs_iter=38, k=5812, beta_mu=4.639662173332853e+154, beta_phi=nan
NaN in beta_*: layer 9, bs_iter=38, k=5813, beta_mu=4.6396555148358576e+154, beta_phi=nan
NaN in beta_*: layer 9, bs_iter=38, k=5814, beta_mu=1.9269352238698818e+154, beta_phi=nan
NaN in beta_*: layer 9, bs_iter=38, k=5815, beta_mu=3.512148254310094e+154, beta_phi=nan
NaN in beta_*: layer 9, bs_iter=38, k=5816, beta_mu=3.482975820717844e+154, beta_phi=nan
NaN in beta_*: layer 9, bs_iter=38, k=5817, beta_mu=4.637413275987619e+154, beta_phi=nan
NaN in beta_*: layer 9, bs_iter=38, k=5818, beta_mu=4.6350626302652235e+154, beta_phi=nan
NaN in beta_*: layer 9, bs_iter=38, k=5819, beta_mu=3.2032751175006525e+154, beta_phi=nan
NaN in beta_*: layer 9, bs_iter=38, k=5821, beta_mu=4.746694253565502e+154, beta_phi=nan
NaN in beta_*: layer 9, bs_iter=38, k=5822, beta_mu=4.7205271285881846e+154, beta_phi=nan
NaN in beta_*: layer 9, bs_iter=38, k=5823, beta_mu=6.484605018102881e+153, beta_phi=nan
NaN in beta_*: layer 9, bs_iter=38, k=5824, beta_mu=3.563396198026175e+154, beta_phi=nan
NaN in beta_*: layer 9, bs_iter=38, k=5825, beta_mu=4.712772814836593e+154, beta_phi=nan
NaN in beta_*: layer 9, bs_iter=38, k=5826, beta_mu=6.509593637727103e+153, beta_phi=nan
NaN in beta_*: layer 9, bs_iter=38, k=5827, beta_mu=6.5219151237544206e+153, beta_phi=nan
NaN in beta_*: layer 9, bs_iter=38, k=5828, beta_mu=4.7171057802113263e+154, beta_phi=nan
NaN in beta_*: layer 9, bs_iter=38, k=5830, beta_mu=5.367579034586348e+153, beta_phi=nan
NaN in beta_*: layer 9, bs_iter=38, k=5831, beta_mu=3.559267242997795e+154, beta_phi=nan
NaN in beta_*: layer 9, bs_iter=38, k=5832, beta_mu=4.708658328785037e+154, beta_phi=nan
NaN in beta_*: layer 9, bs_iter=38, k=5833, beta_mu=3.490698115014055e+154, beta_phi=nan
NaN in beta_*: layer 9, bs_iter=38, k=5834, beta_mu=6.521916761540317e+153, beta_phi=nan
NaN in beta_*: layer 9, bs_iter=38, k=5836, beta_mu=3.0334606916826568e+153, beta_phi=nan
NaN in beta_*: layer 9, bs_iter=38, k=5837, beta_mu=3.4748407978895847e+154, beta_phi=nan
NaN in beta_*: layer 9, bs_iter=38, k=5838, beta_mu=4.6686909326259866e+154, beta_phi=nan
NaN in beta_*: layer 9, bs_iter=38, k=5839, beta_mu=2.1081264202857067e+154, beta_phi=nan
NaN in beta_*: layer 9, bs_iter=38, k=5840, beta_mu=2.5802156691554975e+153, beta_phi=nan
NaN in beta_*: layer 9, bs_iter=38, k=5841, beta_mu=3.867704631295855e+152, beta_phi=nan
NaN in beta_*: layer 9, bs_iter=38, k=5842, beta_mu=4.712391609999381e+154, beta_phi=nan
NaN in beta_*: layer 9, bs_iter=38, k=5843, beta_mu=3.455094353715718e+154, beta_phi=nan
NaN in beta_*: layer 9, bs_iter=38, k=5844, beta_mu=4.6920411385411214e+154, beta_phi=nan
NaN in beta_*: layer 9, bs_iter=38, k=5845, beta_mu=5.934109063398055e+153, beta_phi=nan
NaN in beta_*: layer 9, bs_iter=38, k=5846, beta_mu=3.5286307789207946e+154, beta_phi=nan
NaN in beta_*: layer 9, bs_iter=38, k=5847, beta_mu=4.676870212309729e+154, beta_phi=nan
NaN in beta_*: layer 9, bs_iter=38, k=5848, beta_mu=3.5298750955018223e+154, beta_phi=nan
NaN in beta_*: layer 9, bs_iter=38, k=5849, beta_mu=4.6755134076546263e+154, beta_phi=nan
NaN in beta_*: layer 9, bs_iter=38, k=5850, beta_mu=2.495459934348802e+152, beta_phi=nan
NaN in beta_*: layer 9, bs_iter=38, k=5851, beta_mu=3.4596402651449453e+154, beta_phi=nan
NaN in beta_*: layer 9, bs_iter=38, k=5852, beta_mu=4.6756990875017487e+154, beta_phi=nan
NaN in beta_*: layer 9, bs_iter=38, k=5853, beta_mu=4.6739385381579223e+154, beta_phi=nan
NaN in beta_*: layer 9, bs_iter=38, k=5854, beta_mu=3.530012830781411e+154, beta_phi=nan
NaN in beta_*: layer 9, bs_iter=38, k=5855, beta_mu=3.4957251700203035e+154, beta_phi=nan
NaN in beta_*: layer 9, bs_iter=38, k=5856, beta_mu=1.8808031757900675e+153, beta_phi=nan
NaN in beta_*: layer 9, bs_iter=38, k=5857, beta_mu=6.521915974493053e+153, beta_phi=nan
NaN in beta_*: layer 9, bs_iter=38, k=5858, beta_mu=6.521916090827848e+153, beta_phi=nan
NaN in beta_*: layer 9, bs_iter=38, k=5859, beta_mu=3.455149788252744e+154, beta_phi=nan
NaN in beta_*: layer 9, bs_iter=38, k=5861, beta_mu=6.515757169121005e+153, beta_phi=nan
NaN in beta_*: layer 9, bs_iter=38, k=5862, beta_mu=3.4547045314758294e+154, beta_phi=nan
NaN in beta_*: layer 9, bs_iter=38, k=5863, beta_mu=6.5192396593418335e+153, beta_phi=nan
NaN in beta_*: layer 9, bs_iter=38, k=5864, beta_mu=3.4673274667997115e+154, beta_phi=nan
NaN in beta_*: layer 9, bs_iter=38, k=5865, beta_mu=4.690968818367033e+154, beta_phi=nan
NaN in beta_*: layer 9, bs_iter=38, k=5866, beta_mu=7.468151607589827e+152, beta_phi=nan
NaN in beta_*: layer 9, bs_iter=38, k=5867, beta_mu=2.911754553336485e+152, beta_phi=nan
NaN in beta_*: layer 9, bs_iter=38, k=5868, beta_mu=6.50959662687727e+153, beta_phi=nan
NaN in beta_*: layer 9, bs_iter=38, k=5869, beta_mu=3.457995820698207e+154, beta_phi=nan
NaN in beta_*: layer 9, bs_iter=38, k=5870, beta_mu=8.42746027342413e+152, beta_phi=nan
NaN in beta_*: layer 9, bs_iter=38, k=5871, beta_mu=3.523567950803119e+154, beta_phi=nan
NaN in beta_*: layer 9, bs_iter=38, k=5872, beta_mu=1.3754573641081799e+153, beta_phi=nan
NaN in beta_*: layer 9, bs_iter=38, k=5873, beta_mu=8.000168533044975e+153, beta_phi=nan
NaN in beta_*: layer 9, bs_iter=38, k=5876, beta_mu=3.523567809563149e+154, beta_phi=nan
NaN in beta_*: layer 9, bs_iter=38, k=5877, beta_mu=2.1026820261568192e+154, beta_phi=nan
NaN in beta_*: layer 9, bs_iter=38, k=5878, beta_mu=3.4594627776893935e+154, beta_phi=nan
NaN in beta_*: layer 9, bs_iter=38, k=5879, beta_mu=3.501590460604264e+154, beta_phi=nan
NaN in beta_*: layer 9, bs_iter=38, k=5881, beta_mu=4.665044216260088e+154, beta_phi=nan
NaN in beta_*: layer 9, bs_iter=38, k=5882, beta_mu=1.9193688611277444e+154, beta_phi=nan
NaN in beta_*: layer 9, bs_iter=38, k=5883, beta_mu=6.525245565379076e+153, beta_phi=nan
NaN in beta_*: layer 9, bs_iter=38, k=5884, beta_mu=4.666218790599033e+154, beta_phi=nan
NaN in beta_*: layer 9, bs_iter=38, k=5885, beta_mu=4.637519563047277e+154, beta_phi=nan
NaN in beta_*: layer 9, bs_iter=38, k=5886, beta_mu=1.0936141990129157e+152, beta_phi=nan
NaN in beta_*: layer 9, bs_iter=38, k=5888, beta_mu=6.5043439168922455e+153, beta_phi=nan
NaN in beta_*: layer 9, bs_iter=38, k=5889, beta_mu=8.995934780238846e+153, beta_phi=nan
NaN in beta_*: layer 9, bs_iter=38, k=5890, beta_mu=4.6408416379894e+154, beta_phi=nan
NaN in beta_*: layer 9, bs_iter=38, k=5891, beta_mu=4.679298978162276e+154, beta_phi=nan
NaN in beta_*: layer 9, bs_iter=38, k=5892, beta_mu=3.5003622472302876e+154, beta_phi=nan
NaN in beta_*: layer 9, bs_iter=38, k=5893, beta_mu=4.628523258946529e+154, beta_phi=nan
NaN in beta_*: layer 9, bs_iter=38, k=5894, beta_mu=3.5281376000846976e+152, beta_phi=nan
NaN in beta_*: layer 9, bs_iter=38, k=5895, beta_mu=7.12426696797024e+153, beta_phi=nan
NaN in beta_*: layer 9, bs_iter=38, k=5896, beta_mu=6.516813875220103e+153, beta_phi=nan
NaN in beta_*: layer 9, bs_iter=38, k=5897, beta_mu=4.634269512584094e+154, beta_phi=nan
NaN in beta_*: layer 9, bs_iter=38, k=5898, beta_mu=9.103251192801472e+154, beta_phi=nan
NaN in beta_*: layer 9, bs_iter=38, k=5899, beta_mu=6.504345122477216e+153, beta_phi=nan
NaN in beta_*: layer 9, bs_iter=38, k=5900, beta_mu=6.504341718321811e+153, beta_phi=nan
NaN in beta_*: layer 9, bs_iter=38, k=5901, beta_mu=2.847295800574139e+153, beta_phi=nan
NaN in beta_*: layer 9, bs_iter=38, k=5902, beta_mu=4.662307894586712e+154, beta_phi=nan
NaN in beta_*: layer 9, bs_iter=38, k=5903, beta_mu=4.632622032342183e+154, beta_phi=nan
NaN in beta_*: layer 9, bs_iter=38, k=5905, beta_mu=6.516665176131435e+153, beta_phi=nan
NaN in beta_*: layer 9, bs_iter=38, k=5906, beta_mu=3.4466263077987254e+154, beta_phi=nan
NaN in beta_*: layer 9, bs_iter=38, k=5907, beta_mu=4.63231863241941e+154, beta_phi=nan
NaN in beta_*: layer 9, bs_iter=38, k=5909, beta_mu=3.501871423324371e+154, beta_phi=nan
NaN in beta_*: layer 9, bs_iter=38, k=5910, beta_mu=6.504343660219403e+153, beta_phi=nan
NaN in beta_*: layer 9, bs_iter=38, k=5911, beta_mu=2.6222608249341672e+154, beta_phi=nan
NaN in beta_*: layer 9, bs_iter=38, k=5912, beta_mu=2.322428702910209e+154, beta_phi=nan
NaN in beta_*: layer 9, bs_iter=38, k=5913, beta_mu=3.5582721495015075e+153, beta_phi=nan
NaN in beta_*: layer 9, bs_iter=38, k=5914, beta_mu=4.645340414370172e+154, beta_phi=nan
NaN in beta_*: layer 9, bs_iter=38, k=5915, beta_mu=4.6375638889368773e+154, beta_phi=nan
NaN in beta_*: layer 9, bs_iter=38, k=5916, beta_mu=6.5043439168922455e+153, beta_phi=nan
NaN in beta_*: layer 9, bs_iter=38, k=5917, beta_mu=4.63729694609907e+154, beta_phi=nan
NaN in beta_*: layer 9, bs_iter=38, k=5918, beta_mu=4.6380793268585674e+154, beta_phi=nan
NaN in beta_*: layer 9, bs_iter=38, k=5919, beta_mu=4.6404599867617486e+154, beta_phi=nan
NaN in beta_*: layer 9, bs_iter=38, k=5920, beta_mu=3.433435949125526e+154, beta_phi=nan
NaN in beta_*: layer 9, bs_iter=38, k=5921, beta_mu=4.631976446091108e+154, beta_phi=nan
NaN in beta_*: layer 9, bs_iter=38, k=5922, beta_mu=1.9180660763420552e+154, beta_phi=nan
NaN in beta_*: layer 9, bs_iter=38, k=5923, beta_mu=2.6035966939898464e+154, beta_phi=nan
NaN in beta_*: layer 9, bs_iter=38, k=5924, beta_mu=3.5079302385279854e+154, beta_phi=nan
NaN in beta_*: layer 9, bs_iter=38, k=5925, beta_mu=6.50434281765109e+153, beta_phi=nan
NaN in beta_*: layer 9, bs_iter=38, k=5926, beta_mu=7.150045782557026e+153, beta_phi=nan
NaN in beta_*: layer 9, bs_iter=38, k=5927, beta_mu=4.605318698737189e+154, beta_phi=nan
NaN in beta_*: layer 9, bs_iter=38, k=5928, beta_mu=1.2041800466265854e+153, beta_phi=nan
NaN in beta_*: layer 9, bs_iter=38, k=5929, beta_mu=4.6428909473219954e+154, beta_phi=nan
NaN in beta_*: layer 9, bs_iter=38, k=5930, beta_mu=5.880380475937859e+154, beta_phi=nan
NaN in beta_*: layer 9, bs_iter=38, k=5931, beta_mu=1.7417868062208493e+153, beta_phi=nan
NaN in beta_*: layer 9, bs_iter=38, k=5932, beta_mu=2.4960795333353667e+152, beta_phi=nan
NaN in beta_*: layer 9, bs_iter=38, k=5933, beta_mu=6.502471465507526e+153, beta_phi=nan
NaN in beta_*: layer 9, bs_iter=38, k=5934, beta_mu=2.4960828542183236e+152, beta_phi=nan
NaN in beta_*: layer 9, bs_iter=38, k=5935, beta_mu=1.2103756450303571e+154, beta_phi=nan
NaN in beta_*: layer 9, bs_iter=38, k=5936, beta_mu=4.607476123091069e+154, beta_phi=nan
NaN in beta_*: layer 9, bs_iter=38, k=5937, beta_mu=4.605722863467432e+154, beta_phi=nan
NaN in beta_*: layer 9, bs_iter=38, k=5938, beta_mu=6.499144849208639e+153, beta_phi=nan
NaN in beta_*: layer 9, bs_iter=38, k=5940, beta_mu=3.457311423763041e+154, beta_phi=nan
NaN in beta_*: layer 9, bs_iter=38, k=5941, beta_mu=3.4567558007312856e+154, beta_phi=nan
NaN in beta_*: layer 9, bs_iter=38, k=5942, beta_mu=2.3219798801122348e+152, beta_phi=nan
NaN in beta_*: layer 9, bs_iter=38, k=5943, beta_mu=3.4567534533429504e+154, beta_phi=nan
NaN in beta_*: layer 9, bs_iter=38, k=5944, beta_mu=3.4567534533429504e+154, beta_phi=nan
NaN in beta_*: layer 9, bs_iter=38, k=5946, beta_mu=1.6571709477921607e+153, beta_phi=nan
NaN in beta_*: layer 9, bs_iter=38, k=5947, beta_mu=6.4991418849352434e+153, beta_phi=nan
NaN in beta_*: layer 9, bs_iter=38, k=5948, beta_mu=2.5060658348453353e+154, beta_phi=nan
NaN in beta_*: layer 9, bs_iter=38, k=5949, beta_mu=6.4991445014228026e+153, beta_phi=nan
NaN in beta_*: layer 9, bs_iter=38, k=5951, beta_mu=3.4238457304097245e+154, beta_phi=nan
NaN in beta_*: layer 9, bs_iter=38, k=5952, beta_mu=1.8138001291207356e+153, beta_phi=nan
NaN in beta_*: layer 9, bs_iter=38, k=5953, beta_mu=3.4288900655283095e+154, beta_phi=nan
NaN in beta_*: layer 9, bs_iter=38, k=5954, beta_mu=4.612101244916004e+154, beta_phi=nan
NaN in beta_*: layer 9, bs_iter=38, k=5955, beta_mu=4.6341296149848655e+154, beta_phi=nan
NaN in beta_*: layer 9, bs_iter=38, k=5956, beta_mu=4.5731133596034945e+154, beta_phi=nan
NaN in beta_*: layer 9, bs_iter=38, k=5957, beta_mu=4.633135560340769e+154, beta_phi=nan
NaN in beta_*: layer 9, bs_iter=38, k=5958, beta_mu=2.2432134352411944e+153, beta_phi=nan
NaN in beta_*: layer 9, bs_iter=38, k=5959, beta_mu=4.632669996869524e+154, beta_phi=nan
NaN in beta_*: layer 9, bs_iter=38, k=5960, beta_mu=4.628602030179846e+154, beta_phi=nan
NaN in beta_*: layer 9, bs_iter=38, k=5961, beta_mu=2.2432199645226354e+153, beta_phi=nan
NaN in beta_*: layer 9, bs_iter=38, k=5962, beta_mu=6.0219410800995195e+153, beta_phi=nan
NaN in beta_*: layer 9, bs_iter=38, k=5963, beta_mu=2.496077896461651e+152, beta_phi=nan
NaN in beta_*: layer 9, bs_iter=38, k=5964, beta_mu=6.488895246496668e+153, beta_phi=nan
NaN in beta_*: layer 9, bs_iter=38, k=5965, beta_mu=3.5016416958428546e+154, beta_phi=nan
NaN in beta_*: layer 9, bs_iter=38, k=5966, beta_mu=9.714279829703696e+152, beta_phi=nan
NaN in beta_*: layer 9, bs_iter=38, k=5967, beta_mu=2.4960804144341846e+152, beta_phi=nan
NaN in beta_*: layer 9, bs_iter=38, k=5968, beta_mu=6.476967134308955e+153, beta_phi=nan
NaN in beta_*: layer 9, bs_iter=38, k=5969, beta_mu=2.4960811047798153e+152, beta_phi=nan
NaN in beta_*: layer 9, bs_iter=38, k=5970, beta_mu=3.4276191855027516e+154, beta_phi=nan
NaN in beta_*: layer 9, bs_iter=38, k=5971, beta_mu=5.065055565557875e+153, beta_phi=nan
NaN in beta_*: layer 9, bs_iter=38, k=5972, beta_mu=6.499145074589432e+153, beta_phi=nan
NaN in beta_*: layer 9, bs_iter=38, k=5973, beta_mu=2.496081003311611e+152, beta_phi=nan
NaN in beta_*: layer 9, bs_iter=38, k=5975, beta_mu=2.342269947950002e+154, beta_phi=nan
NaN in beta_*: layer 9, bs_iter=38, k=5976, beta_mu=8.939005779707116e+152, beta_phi=nan
NaN in beta_*: layer 9, bs_iter=38, k=5977, beta_mu=1.7530283425505506e+154, beta_phi=nan
NaN in beta_*: layer 9, bs_iter=38, k=5978, beta_mu=8.83850107360021e+152, beta_phi=nan
NaN in beta_*: layer 9, bs_iter=38, k=5979, beta_mu=6.4991429937038424e+153, beta_phi=nan
NaN in beta_*: layer 9, bs_iter=38, k=5980, beta_mu=4.681293704168248e+154, beta_phi=nan
NaN in beta_*: layer 9, bs_iter=38, k=5981, beta_mu=1.8784446526871733e+153, beta_phi=nan
NaN in beta_*: layer 9, bs_iter=38, k=5982, beta_mu=3.504639799963243e+154, beta_phi=nan
NaN in beta_*: layer 9, bs_iter=38, k=5983, beta_mu=6.511462809979673e+153, beta_phi=nan
NaN in beta_*: layer 9, bs_iter=38, k=5985, beta_mu=5.0650368031659265e+153, beta_phi=nan
NaN in beta_*: layer 9, bs_iter=38, k=5986, beta_mu=4.4252474493003056e+153, beta_phi=nan
NaN in beta_*: layer 9, bs_iter=38, k=5987, beta_mu=6.4886940194539315e+153, beta_phi=nan
NaN in beta_*: layer 9, bs_iter=38, k=5988, beta_mu=6.511461860678521e+153, beta_phi=nan
NaN in beta_*: layer 9, bs_iter=38, k=5989, beta_mu=6.511462138396109e+153, beta_phi=nan
NaN in beta_*: layer 9, bs_iter=38, k=5990, beta_mu=3.410629401884626e+154, beta_phi=nan
NaN in beta_*: layer 9, bs_iter=38, k=5991, beta_mu=6.511462138396109e+153, beta_phi=nan
NaN in beta_*: layer 9, bs_iter=38, k=5993, beta_mu=6.509594052237915e+153, beta_phi=nan
NaN in beta_*: layer 9, bs_iter=38, k=5995, beta_mu=5.146565195841518e+153, beta_phi=nan
NaN in beta_*: layer 9, bs_iter=38, k=5996, beta_mu=4.63248315667979e+154, beta_phi=nan
NaN in beta_*: layer 9, bs_iter=38, k=5997, beta_mu=4.636774911801495e+154, beta_phi=nan
NaN in beta_*: layer 9, bs_iter=38, k=5998, beta_mu=6.509592625127469e+153, beta_phi=nan
NaN in beta_*: layer 9, bs_iter=38, k=5999, beta_mu=4.636117812777835e+154, beta_phi=nan
NaN in beta_*: layer 9, bs_iter=38, k=6000, beta_mu=4.632528157834962e+154, beta_phi=nan
NaN in beta_*: layer 9, bs_iter=38, k=6001, beta_mu=6.497274226690349e+153, beta_phi=nan
NaN in beta_*: layer 9, bs_iter=38, k=6002, beta_mu=6.509593211540013e+153, beta_phi=nan
NaN in beta_*: layer 9, bs_iter=38, k=6003, beta_mu=6.526204256622472e+153, beta_phi=nan
NaN in beta_*: layer 9, bs_iter=38, k=6004, beta_mu=4.8577430459493825e+152, beta_phi=nan
NaN in beta_*: layer 9, bs_iter=38, k=6005, beta_mu=4.633365223505932e+154, beta_phi=nan
NaN in beta_*: layer 9, bs_iter=38, k=6007, beta_mu=4.5336484160976994e+153, beta_phi=nan
NaN in beta_*: layer 9, bs_iter=38, k=6009, beta_mu=7.139366035320482e+153, beta_phi=nan
NaN in beta_*: layer 9, bs_iter=38, k=6010, beta_mu=2.4969456761422915e+152, beta_phi=nan
NaN in beta_*: layer 9, bs_iter=38, k=6012, beta_mu=3.337175713494564e+154, beta_phi=nan
NaN in beta_*: layer 9, bs_iter=38, k=6013, beta_mu=5.695124800072539e+154, beta_phi=nan
NaN in beta_*: layer 9, bs_iter=38, k=6014, beta_mu=1.2763059487956267e+153, beta_phi=nan
NaN in beta_*: layer 9, bs_iter=38, k=6015, beta_mu=7.755600964084483e+153, beta_phi=nan
NaN in beta_*: layer 9, bs_iter=38, k=6016, beta_mu=4.065503036400254e+153, beta_phi=nan
NaN in beta_*: layer 9, bs_iter=38, k=6017, beta_mu=1.8931499680440517e+152, beta_phi=nan
NaN in beta_*: layer 9, bs_iter=38, k=6018, beta_mu=6.456829069805571e+153, beta_phi=nan
NaN in beta_*: layer 9, bs_iter=38, k=6019, beta_mu=6.834958885395135e+153, beta_phi=nan
NaN in beta_*: layer 9, bs_iter=38, k=6020, beta_mu=1.822702538871884e+154, beta_phi=nan
NaN in beta_*: layer 9, bs_iter=38, k=6021, beta_mu=1.7929836263287017e+154, beta_phi=nan
NaN in beta_*: layer 9, bs_iter=38, k=6022, beta_mu=5.834794206505064e+153, beta_phi=nan
NaN in beta_*: layer 9, bs_iter=38, k=6023, beta_mu=6.458647335312671e+153, beta_phi=nan
NaN in beta_*: layer 9, bs_iter=38, k=6024, beta_mu=2.4052988467209203e+152, beta_phi=nan
NaN in beta_*: layer 9, bs_iter=38, k=6025, beta_mu=3.3561303723169404e+154, beta_phi=nan
NaN in beta_*: layer 9, bs_iter=38, k=6026, beta_mu=6.028836171576399e+154, beta_phi=nan
NaN in beta_*: layer 9, bs_iter=38, k=6027, beta_mu=8.859517461623018e+154, beta_phi=nan
NaN in beta_*: layer 9, bs_iter=38, k=6028, beta_mu=5.73532046733335e+152, beta_phi=nan
NaN in beta_*: layer 9, bs_iter=38, k=6029, beta_mu=9.003751553022342e+152, beta_phi=nan
NaN in beta_*: layer 9, bs_iter=38, k=6030, beta_mu=1.700905262018489e+153, beta_phi=nan
NaN in beta_*: layer 9, bs_iter=38, k=6031, beta_mu=6.456826423220374e+153, beta_phi=nan
NaN in beta_*: layer 9, bs_iter=38, k=6032, beta_mu=3.651705933111225e+153, beta_phi=nan
NaN in beta_*: layer 9, bs_iter=38, k=6033, beta_mu=6.811988309640962e+153, beta_phi=nan
NaN in beta_*: layer 9, bs_iter=38, k=6035, beta_mu=1.8931496332299246e+152, beta_phi=nan
NaN in beta_*: layer 9, bs_iter=38, k=6036, beta_mu=1.5444505511947914e+153, beta_phi=nan
NaN in beta_*: layer 9, bs_iter=38, k=6037, beta_mu=2.606452595640095e+154, beta_phi=nan
NaN in beta_*: layer 9, bs_iter=38, k=6038, beta_mu=6.795983701830596e+153, beta_phi=nan
NaN in beta_*: layer 9, bs_iter=38, k=6039, beta_mu=2.5130388698654246e+152, beta_phi=nan
NaN in beta_*: layer 9, bs_iter=38, k=6040, beta_mu=2.5650267600961475e+152, beta_phi=nan
NaN in beta_*: layer 9, bs_iter=38, k=6041, beta_mu=3.311448120848899e+153, beta_phi=nan
NaN in beta_*: layer 9, bs_iter=38, k=6042, beta_mu=1.2469914793767672e+153, beta_phi=nan
NaN in beta_*: layer 9, bs_iter=38, k=6043, beta_mu=6.4713199805858696e+153, beta_phi=nan
NaN in beta_*: layer 9, bs_iter=38, k=6044, beta_mu=2.683976457356445e+152, beta_phi=nan
NaN in beta_*: layer 9, bs_iter=38, k=6045, beta_mu=6.725145852600913e+153, beta_phi=nan
NaN in beta_*: layer 9, bs_iter=38, k=6046, beta_mu=6.725145829192633e+153, beta_phi=nan
NaN in beta_*: layer 9, bs_iter=38, k=6047, beta_mu=1.893148901215117e+152, beta_phi=nan
NaN in beta_*: layer 9, bs_iter=38, k=6048, beta_mu=6.736051436720155e+153, beta_phi=nan
NaN in beta_*: layer 9, bs_iter=38, k=6049, beta_mu=7.485331854603726e+154, beta_phi=nan
NaN in beta_*: layer 9, bs_iter=38, k=6050, beta_mu=8.01855226049458e+152, beta_phi=nan
NaN in beta_*: layer 9, bs_iter=38, k=6051, beta_mu=6.4463333371550926e+153, beta_phi=nan
NaN in beta_*: layer 9, bs_iter=38, k=6052, beta_mu=6.734082293690904e+153, beta_phi=nan
NaN in beta_*: layer 9, bs_iter=38, k=6053, beta_mu=1.716139926280309e+154, beta_phi=nan
NaN in beta_*: layer 9, bs_iter=38, k=6054, beta_mu=6.456836506488409e+153, beta_phi=nan
NaN in beta_*: layer 9, bs_iter=38, k=6055, beta_mu=6.38791708614985e+153, beta_phi=nan
NaN in beta_*: layer 9, bs_iter=38, k=6056, beta_mu=1.965626090754582e+153, beta_phi=nan
NaN in beta_*: layer 9, bs_iter=38, k=6057, beta_mu=7.23520070554083e+153, beta_phi=nan
NaN in beta_*: layer 9, bs_iter=38, k=6058, beta_mu=6.560898960957909e+153, beta_phi=nan
NaN in beta_*: layer 9, bs_iter=38, k=6059, beta_mu=1.3259229080174277e+153, beta_phi=nan
NaN in beta_*: layer 9, bs_iter=38, k=6060, beta_mu=4.4602322621687004e+154, beta_phi=nan
NaN in beta_*: layer 9, bs_iter=38, k=6061, beta_mu=4.450577347102342e+154, beta_phi=nan
NaN in beta_*: layer 9, bs_iter=38, k=6062, beta_mu=3.288287528790745e+154, beta_phi=nan
NaN in beta_*: layer 9, bs_iter=38, k=6063, beta_mu=2.86817480643933e+152, beta_phi=nan
NaN in beta_*: layer 9, bs_iter=38, k=6064, beta_mu=2.6998215572269513e+154, beta_phi=nan
NaN in beta_*: layer 9, bs_iter=38, k=6065, beta_mu=1.7099510441153654e+154, beta_phi=nan
NaN in beta_*: layer 9, bs_iter=38, k=6067, beta_mu=2.8887087398346993e+153, beta_phi=nan
NaN in beta_*: layer 9, bs_iter=38, k=6068, beta_mu=6.5358565091239765e+153, beta_phi=nan
NaN in beta_*: layer 9, bs_iter=38, k=6069, beta_mu=9.787262859602864e+152, beta_phi=nan
NaN in beta_*: layer 9, bs_iter=38, k=6071, beta_mu=4.3094135059731163e+154, beta_phi=nan
NaN in beta_*: layer 9, bs_iter=38, k=6072, beta_mu=1.2404242652018985e+153, beta_phi=nan
NaN in beta_*: layer 9, bs_iter=38, k=6073, beta_mu=6.525201112086795e+153, beta_phi=nan
NaN in beta_*: layer 9, bs_iter=38, k=6074, beta_mu=1.68780299134659e+154, beta_phi=nan
NaN in beta_*: layer 9, bs_iter=38, k=6075, beta_mu=3.32620920129328e+154, beta_phi=nan
NaN in beta_*: layer 9, bs_iter=38, k=6076, beta_mu=2.702914343202033e+154, beta_phi=nan
NaN in beta_*: layer 9, bs_iter=38, k=6077, beta_mu=3.341937464413717e+154, beta_phi=nan
NaN in beta_*: layer 9, bs_iter=38, k=6078, beta_mu=1.2272810227902578e+153, beta_phi=nan
NaN in beta_*: layer 9, bs_iter=38, k=6079, beta_mu=4.3666661601156584e+153, beta_phi=nan
NaN in beta_*: layer 9, bs_iter=38, k=6080, beta_mu=9.414830490884431e+154, beta_phi=nan
NaN in beta_*: layer 9, bs_iter=38, k=6081, beta_mu=1.1642559000617763e+152, beta_phi=nan
NaN in beta_*: layer 9, bs_iter=38, k=6082, beta_mu=3.7810186586466006e+153, beta_phi=nan
NaN in beta_*: layer 9, bs_iter=38, k=6083, beta_mu=1.1586002988421106e+154, beta_phi=nan
NaN in beta_*: layer 9, bs_iter=38, k=6084, beta_mu=1.71787554796328e+153, beta_phi=nan
NaN in beta_*: layer 9, bs_iter=38, k=6085, beta_mu=5.98745579283418e+152, beta_phi=nan
NaN in beta_*: layer 9, bs_iter=38, k=6086, beta_mu=1.853360280465029e+154, beta_phi=nan
NaN in beta_*: layer 9, bs_iter=38, k=6087, beta_mu=5.90938456097133e+152, beta_phi=nan
NaN in beta_*: layer 9, bs_iter=38, k=6088, beta_mu=8.14168700571023e+153, beta_phi=nan
NaN in beta_*: layer 9, bs_iter=38, k=6089, beta_mu=1.8435105108000236e+154, beta_phi=nan
NaN in beta_*: layer 9, bs_iter=38, k=6090, beta_mu=9.548696708493893e+152, beta_phi=nan
NaN in beta_*: layer 9, bs_iter=38, k=6091, beta_mu=7.64461881772567e+152, beta_phi=nan
NaN in beta_*: layer 9, bs_iter=38, k=6092, beta_mu=1.8490441850107632e+154, beta_phi=nan
NaN in beta_*: layer 9, bs_iter=38, k=6094, beta_mu=2.9916048422307367e+154, beta_phi=nan
NaN in beta_*: layer 9, bs_iter=38, k=6095, beta_mu=5.968442053302493e+153, beta_phi=nan
NaN in beta_*: layer 9, bs_iter=38, k=6096, beta_mu=6.7255030247105e+153, beta_phi=nan
NaN in beta_*: layer 9, bs_iter=38, k=6097, beta_mu=3.518091494449793e+153, beta_phi=nan
NaN in beta_*: layer 9, bs_iter=38, k=6098, beta_mu=1.8744111384062698e+153, beta_phi=nan
NaN in beta_*: layer 9, bs_iter=38, k=6099, beta_mu=1.852093765648677e+153, beta_phi=nan
NaN in beta_*: layer 9, bs_iter=38, k=6100, beta_mu=1.48679785898849e+154, beta_phi=nan
NaN in beta_*: layer 9, bs_iter=38, k=6101, beta_mu=1.8751523628270642e+153, beta_phi=nan
NaN in beta_*: layer 9, bs_iter=38, k=6102, beta_mu=1.5551397013534783e+154, beta_phi=nan
NaN in beta_*: layer 9, bs_iter=38, k=6103, beta_mu=2.057437846601768e+154, beta_phi=nan
NaN in beta_*: layer 9, bs_iter=38, k=6104, beta_mu=8.714113606597014e+154, beta_phi=nan
NaN in beta_*: layer 9, bs_iter=38, k=6105, beta_mu=1.479663025895396e+154, beta_phi=nan
NaN in beta_*: layer 9, bs_iter=38, k=6106, beta_mu=1.2655618568373987e+153, beta_phi=nan
NaN in beta_*: layer 9, bs_iter=38, k=6107, beta_mu=4.743568407322385e+152, beta_phi=nan
NaN in beta_*: layer 9, bs_iter=38, k=6108, beta_mu=1.482519965657092e+154, beta_phi=nan
NaN in beta_*: layer 9, bs_iter=38, k=6111, beta_mu=1.4819013420603832e+154, beta_phi=nan
NaN in beta_*: layer 9, bs_iter=38, k=6112, beta_mu=5.895051484537741e+152, beta_phi=nan
NaN in beta_*: layer 9, bs_iter=38, k=6113, beta_mu=2.904373642946482e+154, beta_phi=nan
NaN in beta_*: layer 9, bs_iter=38, k=6114, beta_mu=5.933515791243126e+152, beta_phi=nan
NaN in beta_*: layer 9, bs_iter=38, k=6115, beta_mu=5.2389830143162575e+152, beta_phi=nan
NaN in beta_*: layer 9, bs_iter=38, k=6116, beta_mu=1.5108488670537917e+154, beta_phi=nan
NaN in beta_*: layer 9, bs_iter=38, k=6117, beta_mu=2.904374274861229e+154, beta_phi=nan
NaN in beta_*: layer 9, bs_iter=38, k=6118, beta_mu=2.899153500770996e+154, beta_phi=nan
NaN in beta_*: layer 9, bs_iter=38, k=6119, beta_mu=3.856456848469622e+153, beta_phi=nan
NaN in beta_*: layer 9, bs_iter=38, k=6120, beta_mu=6.0297554381387706e+153, beta_phi=nan
NaN in beta_*: layer 9, bs_iter=38, k=6121, beta_mu=6.88781037932712e+154, beta_phi=nan
NaN in beta_*: layer 9, bs_iter=38, k=6122, beta_mu=1.850880300471119e+153, beta_phi=nan
NaN in beta_*: layer 9, bs_iter=38, k=6123, beta_mu=2.9248446280594805e+154, beta_phi=nan
NaN in beta_*: layer 9, bs_iter=38, k=6124, beta_mu=3.7752300309182525e+153, beta_phi=nan
NaN in beta_*: layer 9, bs_iter=38, k=6125, beta_mu=1.4836700426908098e+154, beta_phi=nan
NaN in beta_*: layer 9, bs_iter=38, k=6126, beta_mu=1.5042257379368798e+154, beta_phi=nan
NaN in beta_*: layer 9, bs_iter=38, k=6128, beta_mu=1.4999423151356238e+154, beta_phi=nan
NaN in beta_*: layer 9, bs_iter=38, k=6130, beta_mu=6.31944285453481e+152, beta_phi=nan
NaN in beta_*: layer 9, bs_iter=38, k=6131, beta_mu=1.504075303452898e+154, beta_phi=nan
NaN in beta_*: layer 9, bs_iter=38, k=6132, beta_mu=1.4947561004735208e+154, beta_phi=nan
NaN in beta_*: layer 9, bs_iter=38, k=6133, beta_mu=8.823431986264144e+152, beta_phi=nan
NaN in beta_*: layer 9, bs_iter=38, k=6134, beta_mu=6.27005741083423e+152, beta_phi=nan
NaN in beta_*: layer 9, bs_iter=38, k=6135, beta_mu=1.5295646811798334e+154, beta_phi=nan
NaN in beta_*: layer 9, bs_iter=38, k=6136, beta_mu=6.04472036964285e+153, beta_phi=nan
NaN in beta_*: layer 9, bs_iter=38, k=6137, beta_mu=6.0447178884356044e+153, beta_phi=nan
NaN in beta_*: layer 9, bs_iter=38, k=6138, beta_mu=6.056262843963717e+153, beta_phi=nan
NaN in beta_*: layer 9, bs_iter=38, k=6139, beta_mu=1.833241560361936e+153, beta_phi=nan
NaN in beta_*: layer 9, bs_iter=38, k=6140, beta_mu=1.8043749135140253e+153, beta_phi=nan
NaN in beta_*: layer 9, bs_iter=38, k=6141, beta_mu=1.8387933737506624e+153, beta_phi=nan
NaN in beta_*: layer 9, bs_iter=38, k=6142, beta_mu=6.006620142542276e+153, beta_phi=nan
NaN in beta_*: layer 9, bs_iter=38, k=6143, beta_mu=8.2991493242668115e+152, beta_phi=nan
NaN in beta_*: layer 9, bs_iter=38, k=6144, beta_mu=1.8043746061485638e+153, beta_phi=nan
NaN in beta_*: layer 9, bs_iter=38, k=6145, beta_mu=6.575625098715843e+153, beta_phi=nan
NaN in beta_*: layer 9, bs_iter=38, k=6146, beta_mu=5.535119649485267e+152, beta_phi=nan
NaN in beta_*: layer 9, bs_iter=38, k=6147, beta_mu=8.308609155013219e+153, beta_phi=nan
NaN in beta_*: layer 9, bs_iter=38, k=6148, beta_mu=2.901447457716531e+154, beta_phi=nan
NaN in beta_*: layer 9, bs_iter=38, k=6149, beta_mu=2.3866002194393827e+152, beta_phi=nan
NaN in beta_*: layer 9, bs_iter=38, k=6150, beta_mu=1.842916137603307e+153, beta_phi=nan
NaN in beta_*: layer 9, bs_iter=38, k=6152, beta_mu=1.8648800346980725e+153, beta_phi=nan
NaN in beta_*: layer 9, bs_iter=38, k=6153, beta_mu=2.0435543275061746e+154, beta_phi=nan
NaN in beta_*: layer 9, bs_iter=38, k=6154, beta_mu=1.8507373830675693e+153, beta_phi=nan
NaN in beta_*: layer 9, bs_iter=38, k=6156, beta_mu=1.842912714373162e+153, beta_phi=nan
NaN in beta_*: layer 9, bs_iter=38, k=6157, beta_mu=5.179219034363668e+152, beta_phi=nan
NaN in beta_*: layer 9, bs_iter=38, k=6158, beta_mu=2.9018311650337573e+154, beta_phi=nan
NaN in beta_*: layer 9, bs_iter=38, k=6159, beta_mu=2.9025825506717333e+154, beta_phi=nan
NaN in beta_*: layer 9, bs_iter=38, k=6160, beta_mu=5.170788400663873e+152, beta_phi=nan
NaN in beta_*: layer 9, bs_iter=38, k=6161, beta_mu=1.8429139370446415e+153, beta_phi=nan
NaN in beta_*: layer 9, bs_iter=38, k=6162, beta_mu=2.9043712328266115e+154, beta_phi=nan
NaN in beta_*: layer 9, bs_iter=38, k=6164, beta_mu=5.219212114162191e+152, beta_phi=nan
NaN in beta_*: layer 9, bs_iter=38, k=6165, beta_mu=1.5022810760969423e+154, beta_phi=nan
NaN in beta_*: layer 9, bs_iter=38, k=6166, beta_mu=1.4969621022269733e+154, beta_phi=nan
NaN in beta_*: layer 9, bs_iter=38, k=6167, beta_mu=1.1085652448857664e+153, beta_phi=nan
NaN in beta_*: layer 9, bs_iter=38, k=6168, beta_mu=1.5020582915019194e+154, beta_phi=nan
NaN in beta_*: layer 9, bs_iter=38, k=6169, beta_mu=8.798438675840953e+154, beta_phi=nan
NaN in beta_*: layer 9, bs_iter=38, k=6170, beta_mu=1.5054897624072375e+154, beta_phi=nan
NaN in beta_*: layer 9, bs_iter=38, k=6171, beta_mu=1.5102832914000924e+154, beta_phi=nan
NaN in beta_*: layer 9, bs_iter=38, k=6172, beta_mu=2.1416410657384768e+154, beta_phi=nan
NaN in beta_*: layer 9, bs_iter=38, k=6173, beta_mu=6.112964082468563e+152, beta_phi=nan
NaN in beta_*: layer 9, bs_iter=38, k=6174, beta_mu=8.804042308301167e+154, beta_phi=nan
NaN in beta_*: layer 9, bs_iter=38, k=6175, beta_mu=3.773663264389367e+153, beta_phi=nan
NaN in beta_*: layer 9, bs_iter=38, k=6176, beta_mu=3.8058088886902724e+153, beta_phi=nan
NaN in beta_*: layer 9, bs_iter=38, k=6177, beta_mu=1.4990188179028332e+154, beta_phi=nan
NaN in beta_*: layer 9, bs_iter=38, k=6178, beta_mu=1.8701312388773516e+153, beta_phi=nan
NaN in beta_*: layer 9, bs_iter=38, k=6179, beta_mu=5.610245979725348e+152, beta_phi=nan
NaN in beta_*: layer 9, bs_iter=38, k=6180, beta_mu=1.1028633777746751e+154, beta_phi=nan
NaN in beta_*: layer 9, bs_iter=38, k=6181, beta_mu=6.451419439717115e+154, beta_phi=nan
NaN in beta_*: layer 9, bs_iter=38, k=6182, beta_mu=1.0946421964962863e+154, beta_phi=nan
NaN in beta_*: layer 9, bs_iter=38, k=6183, beta_mu=2.2828408506856926e+153, beta_phi=nan
NaN in beta_*: layer 9, bs_iter=38, k=6184, beta_mu=6.426475287261436e+152, beta_phi=nan
NaN in beta_*: layer 9, bs_iter=38, k=6185, beta_mu=8.240260549048578e+153, beta_phi=nan
NaN in beta_*: layer 9, bs_iter=38, k=6186, beta_mu=5.645247424021647e+153, beta_phi=nan
NaN in beta_*: layer 9, bs_iter=38, k=6187, beta_mu=2.900759605867167e+154, beta_phi=nan
NaN in beta_*: layer 9, bs_iter=38, k=6188, beta_mu=1.5969869510687996e+153, beta_phi=nan
NaN in beta_*: layer 9, bs_iter=38, k=6189, beta_mu=5.959303480097294e+153, beta_phi=nan
NaN in beta_*: layer 9, bs_iter=38, k=6190, beta_mu=1.5026263572115873e+154, beta_phi=nan
NaN in beta_*: layer 9, bs_iter=38, k=6191, beta_mu=5.804753354803013e+152, beta_phi=nan
NaN in beta_*: layer 9, bs_iter=38, k=6192, beta_mu=1.830051377311803e+154, beta_phi=nan
NaN in beta_*: layer 9, bs_iter=38, k=6193, beta_mu=3.5962271666531435e+153, beta_phi=nan
NaN in beta_*: layer 9, bs_iter=38, k=6194, beta_mu=3.0361403731502958e+153, beta_phi=nan
NaN in beta_*: layer 9, bs_iter=38, k=6195, beta_mu=1.5085238825957957e+154, beta_phi=nan
NaN in beta_*: layer 9, bs_iter=38, k=6196, beta_mu=2.9051334379876416e+154, beta_phi=nan
NaN in beta_*: layer 9, bs_iter=38, k=6197, beta_mu=2.902739804762971e+154, beta_phi=nan
NaN in beta_*: layer 9, bs_iter=38, k=6198, beta_mu=1.812261118674632e+153, beta_phi=nan
NaN in beta_*: layer 9, bs_iter=38, k=6199, beta_mu=6.5386244167594575e+153, beta_phi=nan
NaN in beta_*: layer 9, bs_iter=38, k=6200, beta_mu=2.9217293656017274e+154, beta_phi=nan
NaN in beta_*: layer 9, bs_iter=38, k=6201, beta_mu=1.5002306978518632e+154, beta_phi=nan
NaN in beta_*: layer 9, bs_iter=38, k=6202, beta_mu=6.715215685739637e+153, beta_phi=nan
NaN in beta_*: layer 9, bs_iter=38, k=6203, beta_mu=1.4983526521181212e+154, beta_phi=nan
NaN in beta_*: layer 9, bs_iter=38, k=6205, beta_mu=1.4938720087516857e+154, beta_phi=nan
NaN in beta_*: layer 9, bs_iter=38, k=6206, beta_mu=1.4960995861619433e+154, beta_phi=nan
NaN in beta_*: layer 9, bs_iter=38, k=6207, beta_mu=1.170840765791813e+154, beta_phi=nan
NaN in beta_*: layer 9, bs_iter=38, k=6208, beta_mu=3.651903341556593e+153, beta_phi=nan
NaN in beta_*: layer 9, bs_iter=38, k=6209, beta_mu=1.4945688025171085e+154, beta_phi=nan
NaN in beta_*: layer 9, bs_iter=38, k=6210, beta_mu=8.422938197629526e+152, beta_phi=nan
NaN in beta_*: layer 9, bs_iter=38, k=6211, beta_mu=5.962888758556441e+153, beta_phi=nan
NaN in beta_*: layer 9, bs_iter=38, k=6212, beta_mu=1.477719205952646e+154, beta_phi=nan
NaN in beta_*: layer 9, bs_iter=38, k=6213, beta_mu=2.9121571569474187e+153, beta_phi=nan
NaN in beta_*: layer 9, bs_iter=38, k=6214, beta_mu=5.120143168789582e+152, beta_phi=nan
NaN in beta_*: layer 9, bs_iter=38, k=6215, beta_mu=1.096260210580709e+154, beta_phi=nan
NaN in beta_*: layer 9, bs_iter=38, k=6216, beta_mu=1.4802356127545668e+154, beta_phi=nan
NaN in beta_*: layer 9, bs_iter=38, k=6217, beta_mu=1.1569896059563936e+154, beta_phi=nan
NaN in beta_*: layer 9, bs_iter=38, k=6218, beta_mu=1.1498204857150163e+154, beta_phi=nan
NaN in beta_*: layer 9, bs_iter=38, k=6219, beta_mu=1.9592810592840122e+153, beta_phi=nan
NaN in beta_*: layer 9, bs_iter=38, k=6220, beta_mu=4.9191597940469476e+153, beta_phi=nan
NaN in beta_*: layer 9, bs_iter=38, k=6221, beta_mu=1.1733509457610528e+153, beta_phi=nan
NaN in beta_*: layer 9, bs_iter=38, k=6222, beta_mu=5.495666915717349e+153, beta_phi=nan
NaN in beta_*: layer 9, bs_iter=38, k=6223, beta_mu=1.8386060541170527e+152, beta_phi=nan
NaN in beta_*: layer 9, bs_iter=38, k=6224, beta_mu=5.513348598574118e+153, beta_phi=nan
NaN in beta_*: layer 9, bs_iter=38, k=6225, beta_mu=1.596226648808346e+152, beta_phi=nan
NaN in beta_*: layer 9, bs_iter=38, k=6226, beta_mu=1.7147080203096615e+153, beta_phi=nan
NaN in beta_*: layer 9, bs_iter=38, k=6227, beta_mu=2.6133727152979298e+153, beta_phi=nan
NaN in beta_*: layer 9, bs_iter=38, k=6228, beta_mu=4.526678977328804e+153, beta_phi=nan
NaN in beta_*: layer 9, bs_iter=38, k=6229, beta_mu=2.58534892818664e+153, beta_phi=nan
NaN in beta_*: layer 9, bs_iter=38, k=6232, beta_mu=8.857293259713908e+153, beta_phi=nan
NaN in beta_*: layer 9, bs_iter=38, k=6234, beta_mu=2.6295317432364594e+153, beta_phi=nan
NaN in beta_*: layer 9, bs_iter=38, k=6235, beta_mu=2.7824724066202396e+153, beta_phi=nan
NaN in beta_*: layer 9, bs_iter=38, k=6236, beta_mu=4.9848647437281575e+154, beta_phi=nan
NaN in beta_*: layer 9, bs_iter=38, k=6237, beta_mu=2.7916037221698956e+153, beta_phi=nan
NaN in beta_*: layer 9, bs_iter=38, k=6238, beta_mu=2.599617310777505e+153, beta_phi=nan
NaN in beta_*: layer 9, bs_iter=38, k=6239, beta_mu=1.402815202899051e+154, beta_phi=nan
NaN in beta_*: layer 9, bs_iter=38, k=6240, beta_mu=1.4030492775710593e+154, beta_phi=nan
NaN in beta_*: layer 9, bs_iter=38, k=6241, beta_mu=4.9761689022183663e+154, beta_phi=nan
NaN in beta_*: layer 9, bs_iter=38, k=6242, beta_mu=1.5349898014050065e+153, beta_phi=nan
NaN in beta_*: layer 9, bs_iter=38, k=6243, beta_mu=1.723748791017894e+154, beta_phi=nan
NaN in beta_*: layer 9, bs_iter=38, k=6244, beta_mu=2.5860245537907826e+153, beta_phi=nan
NaN in beta_*: layer 9, bs_iter=38, k=6245, beta_mu=2.6028757158861044e+153, beta_phi=nan
NaN in beta_*: layer 9, bs_iter=38, k=6247, beta_mu=9.512533524235002e+152, beta_phi=nan
NaN in beta_*: layer 9, bs_iter=38, k=6248, beta_mu=1.5934517319166064e+154, beta_phi=nan
NaN in beta_*: layer 9, bs_iter=38, k=6249, beta_mu=9.664343528573531e+152, beta_phi=nan
NaN in beta_*: layer 9, bs_iter=38, k=6250, beta_mu=4.501071309173032e+154, beta_phi=nan
NaN in beta_*: layer 9, bs_iter=38, k=6251, beta_mu=2.8731623525625038e+153, beta_phi=nan
NaN in beta_*: layer 9, bs_iter=38, k=6252, beta_mu=1.079190879026619e+153, beta_phi=nan
NaN in beta_*: layer 9, bs_iter=38, k=6253, beta_mu=1.710139983742789e+154, beta_phi=nan
NaN in beta_*: layer 9, bs_iter=38, k=6254, beta_mu=8.598536981912275e+152, beta_phi=nan
NaN in beta_*: layer 9, bs_iter=38, k=6255, beta_mu=4.137831906202043e+153, beta_phi=nan
NaN in beta_*: layer 9, bs_iter=38, k=6256, beta_mu=1.4973075954395405e+153, beta_phi=nan
NaN in beta_*: layer 9, bs_iter=38, k=6257, beta_mu=2.4017402865091454e+153, beta_phi=nan
NaN in beta_*: layer 9, bs_iter=38, k=6258, beta_mu=6.608348671395141e+152, beta_phi=nan
NaN in beta_*: layer 9, bs_iter=38, k=6259, beta_mu=1.9189280633925792e+154, beta_phi=nan
NaN in beta_*: layer 9, bs_iter=38, k=6260, beta_mu=2.5804822832896507e+153, beta_phi=nan
NaN in beta_*: layer 9, bs_iter=38, k=6261, beta_mu=5.415118031190851e+154, beta_phi=nan
NaN in beta_*: layer 9, bs_iter=38, k=6262, beta_mu=1.3514122005299928e+154, beta_phi=nan
NaN in beta_*: layer 9, bs_iter=38, k=6263, beta_mu=9.73826113706308e+152, beta_phi=nan
NaN in beta_*: layer 9, bs_iter=38, k=6264, beta_mu=4.262243503549923e+153, beta_phi=nan
NaN in beta_*: layer 9, bs_iter=38, k=6265, beta_mu=2.350659316987892e+153, beta_phi=nan
NaN in beta_*: layer 9, bs_iter=38, k=6266, beta_mu=2.7355427923297707e+153, beta_phi=nan
NaN in beta_*: layer 9, bs_iter=38, k=6268, beta_mu=1.5771860813748951e+153, beta_phi=nan
NaN in beta_*: layer 9, bs_iter=38, k=6269, beta_mu=8.551233553318411e+152, beta_phi=nan
NaN in beta_*: layer 9, bs_iter=38, k=6270, beta_mu=5.664216956901537e+152, beta_phi=nan
NaN in beta_*: layer 9, bs_iter=38, k=6271, beta_mu=4.542987456061321e+153, beta_phi=nan
NaN in beta_*: layer 9, bs_iter=38, k=6272, beta_mu=1.7312172174129927e+154, beta_phi=nan
NaN in beta_*: layer 9, bs_iter=38, k=6274, beta_mu=2.4435802281924132e+153, beta_phi=nan
NaN in beta_*: layer 9, bs_iter=38, k=6276, beta_mu=1.731388909423476e+154, beta_phi=nan
NaN in beta_*: layer 9, bs_iter=38, k=6277, beta_mu=6.3916437636623224e+153, beta_phi=nan
NaN in beta_*: layer 9, bs_iter=38, k=6278, beta_mu=1.7112984276374497e+154, beta_phi=nan
NaN in beta_*: layer 9, bs_iter=38, k=6279, beta_mu=1.1281688717420284e+154, beta_phi=nan
NaN in beta_*: layer 9, bs_iter=38, k=6280, beta_mu=8.709627903316922e+153, beta_phi=nan
NaN in beta_*: layer 9, bs_iter=38, k=6281, beta_mu=9.360776533440204e+152, beta_phi=nan
NaN in beta_*: layer 9, bs_iter=38, k=6282, beta_mu=4.892883795817111e+153, beta_phi=nan
NaN in beta_*: layer 9, bs_iter=38, k=6283, beta_mu=2.9346619614268835e+153, beta_phi=nan
NaN in beta_*: layer 9, bs_iter=38, k=6284, beta_mu=2.003373111226433e+153, beta_phi=nan
NaN in beta_*: layer 9, bs_iter=38, k=6285, beta_mu=2.691573700418377e+154, beta_phi=nan
NaN in beta_*: layer 9, bs_iter=38, k=6286, beta_mu=3.136670010697765e+154, beta_phi=nan
NaN in beta_*: layer 9, bs_iter=38, k=6287, beta_mu=7.823548820984637e+152, beta_phi=nan
NaN in beta_*: layer 9, bs_iter=38, k=6288, beta_mu=4.331502136136542e+153, beta_phi=nan
NaN in beta_*: layer 9, bs_iter=38, k=6289, beta_mu=1.7145391155522123e+153, beta_phi=nan
NaN in beta_*: layer 9, bs_iter=38, k=6291, beta_mu=4.144902752274866e+153, beta_phi=nan
NaN in beta_*: layer 9, bs_iter=38, k=6293, beta_mu=3.0692435910609494e+154, beta_phi=nan
NaN in beta_*: layer 9, bs_iter=38, k=6294, beta_mu=6.241142885010731e+152, beta_phi=nan
NaN in beta_*: layer 9, bs_iter=38, k=6295, beta_mu=1.0631074164155382e+154, beta_phi=nan
NaN in beta_*: layer 9, bs_iter=38, k=6296, beta_mu=8.30411614086125e+152, beta_phi=nan
NaN in beta_*: layer 9, bs_iter=38, k=6297, beta_mu=7.429688535479349e+152, beta_phi=nan
NaN in beta_*: layer 9, bs_iter=38, k=6298, beta_mu=4.0270890434024825e+153, beta_phi=nan
NaN in beta_*: layer 9, bs_iter=38, k=6301, beta_mu=3.7883643636811275e+154, beta_phi=nan
NaN in beta_*: layer 9, bs_iter=38, k=6302, beta_mu=2.976107090812372e+153, beta_phi=nan
NaN in beta_*: layer 9, bs_iter=38, k=6303, beta_mu=2.9859450331222474e+153, beta_phi=nan
NaN in beta_*: layer 9, bs_iter=38, k=6304, beta_mu=3.053455645622084e+153, beta_phi=nan
NaN in beta_*: layer 9, bs_iter=38, k=6305, beta_mu=5.24774039679029e+152, beta_phi=nan
NaN in beta_*: layer 9, bs_iter=38, k=6306, beta_mu=1.6599661323280055e+153, beta_phi=nan
NaN in beta_*: layer 9, bs_iter=38, k=6307, beta_mu=6.631670365449927e+152, beta_phi=nan
NaN in beta_*: layer 9, bs_iter=38, k=6308, beta_mu=1.3245204260652037e+152, beta_phi=nan
NaN in beta_*: layer 9, bs_iter=38, k=6310, beta_mu=1.8877146696556707e+153, beta_phi=nan
NaN in beta_*: layer 9, bs_iter=38, k=6311, beta_mu=2.6658769138460447e+153, beta_phi=nan
NaN in beta_*: layer 9, bs_iter=38, k=6312, beta_mu=5.178157263621925e+152, beta_phi=nan
NaN in beta_*: layer 9, bs_iter=38, k=6313, beta_mu=2.8118299152942536e+153, beta_phi=nan
NaN in beta_*: layer 9, bs_iter=38, k=6314, beta_mu=6.5256898376228926e+153, beta_phi=nan
NaN in beta_*: layer 9, bs_iter=38, k=6315, beta_mu=2.863033791323327e+153, beta_phi=nan
NaN in beta_*: layer 9, bs_iter=38, k=6316, beta_mu=2.718746831222554e+153, beta_phi=nan
NaN in beta_*: layer 9, bs_iter=38, k=6318, beta_mu=8.509550790455336e+152, beta_phi=nan
NaN in beta_*: layer 9, bs_iter=38, k=6319, beta_mu=8.691478971986957e+153, beta_phi=nan
NaN in beta_*: layer 9, bs_iter=38, k=6320, beta_mu=8.194075033036089e+152, beta_phi=nan
NaN in beta_*: layer 9, bs_iter=38, k=6321, beta_mu=5.670875298073139e+152, beta_phi=nan
NaN in beta_*: layer 9, bs_iter=38, k=6322, beta_mu=7.130126281947766e+152, beta_phi=nan
NaN in beta_*: layer 9, bs_iter=38, k=6323, beta_mu=2.7074927473564984e+152, beta_phi=nan
NaN in beta_*: layer 9, bs_iter=38, k=6324, beta_mu=4.115869617021365e+153, beta_phi=nan
NaN in beta_*: layer 9, bs_iter=38, k=6328, beta_mu=6.517736202705264e+152, beta_phi=nan
NaN in beta_*: layer 9, bs_iter=38, k=6329, beta_mu=8.073121188098666e+153, beta_phi=nan
NaN in beta_*: layer 9, bs_iter=38, k=6332, beta_mu=4.895925141296617e+153, beta_phi=nan
NaN in beta_*: layer 9, bs_iter=38, k=6333, beta_mu=2.1062308608848224e+152, beta_phi=nan
NaN in beta_*: layer 9, bs_iter=38, k=6335, beta_mu=1.2119813449390626e+152, beta_phi=nan
NaN in beta_*: layer 9, bs_iter=38, k=6336, beta_mu=7.244331272769939e+153, beta_phi=nan
NaN in beta_*: layer 9, bs_iter=38, k=6337, beta_mu=7.247672815974578e+153, beta_phi=nan
NaN in beta_*: layer 9, bs_iter=38, k=6338, beta_mu=5.891813438929728e+153, beta_phi=nan
NaN in beta_*: layer 9, bs_iter=38, k=6339, beta_mu=5.177637336172002e+152, beta_phi=nan
NaN in beta_*: layer 9, bs_iter=38, k=6340, beta_mu=5.46308170886148e+152, beta_phi=nan
NaN in beta_*: layer 9, bs_iter=38, k=6341, beta_mu=6.089879160071822e+152, beta_phi=nan
NaN in beta_*: layer 9, bs_iter=38, k=6342, beta_mu=1.5323138325168369e+153, beta_phi=nan
NaN in beta_*: layer 9, bs_iter=38, k=6343, beta_mu=1.8961899445391216e+152, beta_phi=nan
NaN in beta_*: layer 9, bs_iter=38, k=6344, beta_mu=2.4943135549005113e+153, beta_phi=nan
NaN in beta_*: layer 9, bs_iter=38, k=6345, beta_mu=2.145557928045244e+153, beta_phi=nan
NaN in beta_*: layer 9, bs_iter=38, k=6346, beta_mu=2.827996232177754e+153, beta_phi=nan
NaN in beta_*: layer 9, bs_iter=38, k=6348, beta_mu=4.817099517716558e+153, beta_phi=nan
NaN in beta_*: layer 9, bs_iter=38, k=6349, beta_mu=7.279160961265621e+153, beta_phi=nan
NaN in beta_*: layer 9, bs_iter=38, k=6350, beta_mu=5.692409092993055e+153, beta_phi=nan
NaN in beta_*: layer 9, bs_iter=38, k=6351, beta_mu=1.0828538196820876e+154, beta_phi=nan
NaN in beta_*: layer 9, bs_iter=38, k=6352, beta_mu=4.239478134093447e+152, beta_phi=nan
NaN in beta_*: layer 9, bs_iter=38, k=6354, beta_mu=3.6098103869592235e+153, beta_phi=nan
NaN in beta_*: layer 9, bs_iter=38, k=6355, beta_mu=1.9739812513418986e+153, beta_phi=nan
NaN in beta_*: layer 9, bs_iter=38, k=6356, beta_mu=1.44753964442017e+154, beta_phi=nan
NaN in beta_*: layer 9, bs_iter=38, k=6357, beta_mu=3.0742992724192977e+152, beta_phi=nan
NaN in beta_*: layer 9, bs_iter=38, k=6358, beta_mu=5.1838742507362885e+152, beta_phi=nan
NaN in beta_*: layer 9, bs_iter=38, k=6359, beta_mu=7.782248477769842e+153, beta_phi=nan
NaN in beta_*: layer 9, bs_iter=38, k=6360, beta_mu=1.051358016593783e+154, beta_phi=nan
NaN in beta_*: layer 9, bs_iter=38, k=6361, beta_mu=8.127743226624045e+153, beta_phi=nan
NaN in beta_*: layer 9, bs_iter=38, k=6362, beta_mu=1.3985219976984898e+152, beta_phi=nan
NaN in beta_*: layer 9, bs_iter=38, k=6363, beta_mu=1.6005336805512298e+154, beta_phi=nan
NaN in beta_*: layer 9, bs_iter=38, k=6364, beta_mu=4.1461428235523093e+152, beta_phi=nan
NaN in beta_*: layer 9, bs_iter=38, k=6366, beta_mu=1.1040609166006883e+154, beta_phi=nan
NaN in beta_*: layer 9, bs_iter=38, k=6367, beta_mu=4.882739939204826e+153, beta_phi=nan
NaN in beta_*: layer 9, bs_iter=38, k=6368, beta_mu=1.6130859519557262e+154, beta_phi=nan
NaN in beta_*: layer 9, bs_iter=38, k=6369, beta_mu=1.4521011360308512e+153, beta_phi=nan
NaN in beta_*: layer 9, bs_iter=38, k=6370, beta_mu=1.2559738538881e+152, beta_phi=nan
NaN in beta_*: layer 9, bs_iter=38, k=6371, beta_mu=9.359615170756202e+153, beta_phi=nan
NaN in beta_*: layer 9, bs_iter=38, k=6372, beta_mu=1.5094444892174181e+153, beta_phi=nan
NaN in beta_*: layer 9, bs_iter=38, k=6373, beta_mu=2.9733316679727984e+152, beta_phi=nan
NaN in beta_*: layer 9, bs_iter=38, k=6374, beta_mu=1.9556391911319096e+153, beta_phi=nan
NaN in beta_*: layer 9, bs_iter=38, k=6375, beta_mu=3.6436205737238254e+153, beta_phi=nan
NaN in beta_*: layer 9, bs_iter=38, k=6376, beta_mu=1.5872592669575365e+154, beta_phi=nan
NaN in beta_*: layer 9, bs_iter=38, k=6377, beta_mu=1.0596715981064705e+153, beta_phi=nan
NaN in beta_*: layer 9, bs_iter=38, k=6378, beta_mu=3.658146749897662e+153, beta_phi=nan
NaN in beta_*: layer 9, bs_iter=38, k=6379, beta_mu=7.096791891718227e+152, beta_phi=nan
NaN in beta_*: layer 9, bs_iter=38, k=6380, beta_mu=3.059639357448891e+152, beta_phi=nan
NaN in beta_*: layer 9, bs_iter=38, k=6381, beta_mu=1.388827891453414e+152, beta_phi=nan
NaN in beta_*: layer 9, bs_iter=38, k=6382, beta_mu=4.456204336295991e+152, beta_phi=nan
NaN in beta_*: layer 9, bs_iter=38, k=6383, beta_mu=6.907465741677769e+152, beta_phi=nan
NaN in beta_*: layer 9, bs_iter=38, k=6384, beta_mu=2.5730079124166015e+152, beta_phi=nan
NaN in beta_*: layer 9, bs_iter=38, k=6385, beta_mu=5.959382829631761e+152, beta_phi=nan
NaN in beta_*: layer 9, bs_iter=38, k=6386, beta_mu=8.879068326765009e+153, beta_phi=nan
NaN in beta_*: layer 9, bs_iter=38, k=6387, beta_mu=5.081949632135021e+153, beta_phi=nan
NaN in beta_*: layer 9, bs_iter=38, k=6388, beta_mu=6.1552756043666635e+152, beta_phi=nan
NaN in beta_*: layer 9, bs_iter=38, k=6390, beta_mu=3.9106935749204356e+152, beta_phi=nan
NaN in beta_*: layer 9, bs_iter=38, k=6391, beta_mu=1.218965431560074e+153, beta_phi=nan
NaN in beta_*: layer 9, bs_iter=38, k=6392, beta_mu=3.0741934354262064e+152, beta_phi=nan
NaN in beta_*: layer 9, bs_iter=38, k=6393, beta_mu=1.4726084009429542e+154, beta_phi=nan
NaN in beta_*: layer 9, bs_iter=38, k=6394, beta_mu=1.1015359638327685e+153, beta_phi=nan
NaN in beta_*: layer 9, bs_iter=38, k=6395, beta_mu=6.833360685328029e+152, beta_phi=nan
NaN in beta_*: layer 9, bs_iter=38, k=6396, beta_mu=3.2526580027809642e+152, beta_phi=nan
NaN in beta_*: layer 9, bs_iter=38, k=6397, beta_mu=1.820540436391635e+153, beta_phi=nan
NaN in beta_*: layer 9, bs_iter=38, k=6398, beta_mu=1.9696170724634223e+153, beta_phi=nan
NaN in beta_*: layer 9, bs_iter=38, k=6399, beta_mu=3.924000653103234e+152, beta_phi=nan
NaN in beta_*: layer 9, bs_iter=38, k=6400, beta_mu=2.5160180206080287e+153, beta_phi=nan
NaN in beta_*: layer 9, bs_iter=38, k=6401, beta_mu=2.589546968149203e+153, beta_phi=nan
NaN in beta_*: layer 9, bs_iter=38, k=6402, beta_mu=3.4982045155483644e+152, beta_phi=nan
NaN in beta_*: layer 9, bs_iter=38, k=6403, beta_mu=3.2595897899789937e+152, beta_phi=nan
NaN in beta_*: layer 9, bs_iter=38, k=6404, beta_mu=1.7206047349752214e+153, beta_phi=nan
NaN in beta_*: layer 9, bs_iter=38, k=6405, beta_mu=2.65638659499706e+152, beta_phi=nan
NaN in beta_*: layer 9, bs_iter=38, k=6406, beta_mu=1.923662186793388e+153, beta_phi=nan
NaN in beta_*: layer 9, bs_iter=38, k=6407, beta_mu=1.310109251388547e+153, beta_phi=nan
NaN in beta_*: layer 9, bs_iter=38, k=6408, beta_mu=7.047717460663163e+152, beta_phi=nan
NaN in beta_*: layer 9, bs_iter=38, k=6409, beta_mu=1.1208559421882992e+152, beta_phi=nan
NaN in beta_*: layer 9, bs_iter=38, k=6410, beta_mu=2.606587828360162e+153, beta_phi=nan
NaN in beta_*: layer 9, bs_iter=38, k=6411, beta_mu=1.2234211019730598e+152, beta_phi=nan
NaN in beta_*: layer 9, bs_iter=38, k=6412, beta_mu=2.4596467845516944e+153, beta_phi=nan
NaN in beta_*: layer 9, bs_iter=38, k=6414, beta_mu=1.0840533277884471e+153, beta_phi=nan
NaN in beta_*: layer 9, bs_iter=38, k=6415, beta_mu=2.8675454910813168e+153, beta_phi=nan
NaN in beta_*: layer 9, bs_iter=38, k=6416, beta_mu=5.760500798100913e+152, beta_phi=nan
NaN in beta_*: layer 9, bs_iter=38, k=6417, beta_mu=3.092580225611014e+152, beta_phi=nan
NaN in beta_*: layer 9, bs_iter=38, k=6419, beta_mu=2.9426881362083777e+152, beta_phi=nan
NaN in beta_*: layer 9, bs_iter=38, k=6420, beta_mu=2.4669526010605445e+152, beta_phi=nan
NaN in beta_*: layer 9, bs_iter=38, k=6421, beta_mu=1.4609263957873124e+153, beta_phi=nan
NaN in beta_*: layer 9, bs_iter=38, k=6422, beta_mu=1.0538971116718375e+153, beta_phi=nan
NaN in beta_*: layer 9, bs_iter=38, k=6423, beta_mu=2.722516928684752e+152, beta_phi=nan
NaN in beta_*: layer 9, bs_iter=38, k=6424, beta_mu=1.0390438666102351e+153, beta_phi=nan
NaN in beta_*: layer 9, bs_iter=38, k=6425, beta_mu=2.942691935503853e+152, beta_phi=nan
NaN in beta_*: layer 9, bs_iter=38, k=6426, beta_mu=2.795641653953725e+152, beta_phi=nan
NaN in beta_*: layer 9, bs_iter=38, k=6427, beta_mu=2.441316705491591e+153, beta_phi=nan
NaN in beta_*: layer 9, bs_iter=38, k=6428, beta_mu=1.3282225641748124e+153, beta_phi=nan
NaN in beta_*: layer 9, bs_iter=38, k=6429, beta_mu=1.2124544242072019e+154, beta_phi=nan
NaN in beta_*: layer 9, bs_iter=38, k=6431, beta_mu=9.783664573185981e+152, beta_phi=nan
NaN in beta_*: layer 9, bs_iter=38, k=6432, beta_mu=9.709069584900964e+152, beta_phi=nan
NaN in beta_*: layer 9, bs_iter=38, k=6433, beta_mu=2.620539835071266e+152, beta_phi=nan
NaN in beta_*: layer 9, bs_iter=38, k=6435, beta_mu=3.159977459153772e+152, beta_phi=nan
NaN in beta_*: layer 9, bs_iter=38, k=6436, beta_mu=9.651837578903826e+152, beta_phi=nan
NaN in beta_*: layer 9, bs_iter=38, k=6437, beta_mu=1.3914090171962328e+152, beta_phi=nan
NaN in beta_*: layer 9, bs_iter=38, k=6438, beta_mu=9.695133933189481e+152, beta_phi=nan
NaN in beta_*: layer 9, bs_iter=38, k=6439, beta_mu=1.0028118905520767e+153, beta_phi=nan
NaN in beta_*: layer 9, bs_iter=38, k=6440, beta_mu=6.124403010196759e+152, beta_phi=nan
NaN in beta_*: layer 9, bs_iter=38, k=6441, beta_mu=9.74443926205447e+152, beta_phi=nan
NaN in beta_*: layer 9, bs_iter=38, k=6442, beta_mu=9.793845764870842e+152, beta_phi=nan
NaN in beta_*: layer 9, bs_iter=38, k=6443, beta_mu=3.3451438814943828e+152, beta_phi=nan
NaN in beta_*: layer 9, bs_iter=38, k=6444, beta_mu=1.0334300582619467e+153, beta_phi=nan
NaN in beta_*: layer 9, bs_iter=38, k=6445, beta_mu=1.510201114465104e+153, beta_phi=nan
NaN in beta_*: layer 9, bs_iter=38, k=6447, beta_mu=9.742943494568225e+152, beta_phi=nan
NaN in beta_*: layer 9, bs_iter=38, k=6448, beta_mu=9.78021645316068e+152, beta_phi=nan
NaN in beta_*: layer 9, bs_iter=38, k=6449, beta_mu=9.629813340362209e+152, beta_phi=nan
NaN in beta_*: layer 9, bs_iter=38, k=6450, beta_mu=9.720583437760998e+152, beta_phi=nan
NaN in beta_*: layer 9, bs_iter=38, k=6451, beta_mu=1.0977514362137968e+153, beta_phi=nan
NaN in beta_*: layer 9, bs_iter=38, k=6452, beta_mu=1.2702492844611976e+153, beta_phi=nan
NaN in beta_*: layer 9, bs_iter=38, k=6453, beta_mu=9.796514326809792e+152, beta_phi=nan
NaN in beta_*: layer 9, bs_iter=38, k=6454, beta_mu=1.3037517282335082e+153, beta_phi=nan
NaN in beta_*: layer 9, bs_iter=38, k=6455, beta_mu=6.60598614281298e+153, beta_phi=nan
NaN in beta_*: layer 9, bs_iter=38, k=6459, beta_mu=7.040004223182982e+152, beta_phi=nan
NaN in beta_*: layer 9, bs_iter=38, k=6462, beta_mu=2.1635603707135008e+153, beta_phi=nan
NaN in beta_*: layer 9, bs_iter=38, k=6463, beta_mu=4.378245094625389e+152, beta_phi=nan
NaN in beta_*: layer 9, bs_iter=38, k=6464, beta_mu=9.791853966844956e+152, beta_phi=nan
NaN in beta_*: layer 9, bs_iter=38, k=6466, beta_mu=3.190836421139348e+152, beta_phi=nan
NaN in beta_*: layer 9, bs_iter=38, k=6467, beta_mu=4.259419915170268e+152, beta_phi=nan
NaN in beta_*: layer 9, bs_iter=38, k=6468, beta_mu=7.118314371923429e+152, beta_phi=nan
NaN in beta_*: layer 9, bs_iter=38, k=6469, beta_mu=2.1720844332507493e+153, beta_phi=nan
NaN in beta_*: layer 9, bs_iter=38, k=6470, beta_mu=1.1416888401109627e+152, beta_phi=nan
NaN in beta_*: layer 9, bs_iter=38, k=6473, beta_mu=1.5889889136342198e+152, beta_phi=nan
NaN in beta_*: layer 9, bs_iter=38, k=6474, beta_mu=1.7718385753942503e+152, beta_phi=nan
NaN in beta_*: layer 9, bs_iter=38, k=6475, beta_mu=6.975124008109278e+152, beta_phi=nan
NaN in beta_*: layer 9, bs_iter=38, k=6476, beta_mu=4.2035736837727185e+152, beta_phi=nan
NaN in beta_*: layer 9, bs_iter=38, k=6477, beta_mu=4.961202855670396e+152, beta_phi=nan
NaN in beta_*: layer 9, bs_iter=38, k=6478, beta_mu=9.737821008449303e+152, beta_phi=nan
NaN in beta_*: layer 9, bs_iter=38, k=6479, beta_mu=5.503471745681415e+152, beta_phi=nan
NaN in beta_*: layer 9, bs_iter=38, k=6481, beta_mu=6.620478470824698e+153, beta_phi=nan
NaN in beta_*: layer 9, bs_iter=38, k=6483, beta_mu=7.154612755166751e+152, beta_phi=nan
NaN in beta_*: layer 9, bs_iter=38, k=6484, beta_mu=6.95704118623524e+152, beta_phi=nan
NaN in beta_*: layer 9, bs_iter=38, k=6485, beta_mu=4.402790585271171e+152, beta_phi=nan
NaN in beta_*: layer 9, bs_iter=38, k=6486, beta_mu=6.846733162333435e+152, beta_phi=nan
NaN in beta_*: layer 9, bs_iter=38, k=6487, beta_mu=7.046164133335653e+152, beta_phi=nan
NaN in beta_*: layer 9, bs_iter=38, k=6488, beta_mu=7.682842658040743e+153, beta_phi=nan
NaN in beta_*: layer 9, bs_iter=38, k=6489, beta_mu=5.026948136061894e+152, beta_phi=nan
NaN in beta_*: layer 9, bs_iter=38, k=6490, beta_mu=2.857054443969234e+152, beta_phi=nan
NaN in beta_*: layer 9, bs_iter=38, k=6491, beta_mu=6.996928202218776e+152, beta_phi=nan
NaN in beta_*: layer 9, bs_iter=38, k=6494, beta_mu=1.0157731488622807e+152, beta_phi=nan
NaN in beta_*: layer 9, bs_iter=38, k=6498, beta_mu=1.7204733361921755e+153, beta_phi=nan
NaN in beta_*: layer 9, bs_iter=38, k=6499, beta_mu=1.4616482600405598e+153, beta_phi=nan
NaN in beta_*: layer 9, bs_iter=38, k=6500, beta_mu=5.967887738524533e+152, beta_phi=nan
NaN in beta_*: layer 9, bs_iter=38, k=6501, beta_mu=4.945698567526169e+152, beta_phi=nan
NaN in beta_*: layer 9, bs_iter=38, k=6502, beta_mu=4.894260467713562e+152, beta_phi=nan
NaN in beta_*: layer 9, bs_iter=38, k=6503, beta_mu=6.818617912747164e+152, beta_phi=nan
NaN in beta_*: layer 9, bs_iter=38, k=6504, beta_mu=5.249154016224018e+152, beta_phi=nan
NaN in beta_*: layer 9, bs_iter=38, k=6506, beta_mu=1.4644208159658367e+153, beta_phi=nan
NaN in beta_*: layer 9, bs_iter=38, k=6508, beta_mu=1.5867472486445093e+154, beta_phi=nan
NaN in beta_*: layer 9, bs_iter=38, k=6509, beta_mu=9.472555760248374e+152, beta_phi=nan
NaN in beta_*: layer 9, bs_iter=38, k=6510, beta_mu=2.968807947386001e+152, beta_phi=nan
NaN in beta_*: layer 9, bs_iter=38, k=6511, beta_mu=2.3048814208282694e+152, beta_phi=nan
NaN in beta_*: layer 9, bs_iter=38, k=6512, beta_mu=2.342568800280293e+152, beta_phi=nan
NaN in beta_*: layer 9, bs_iter=38, k=6515, beta_mu=4.932645207697929e+152, beta_phi=nan
NaN in beta_*: layer 9, bs_iter=38, k=6516, beta_mu=8.193088156006045e+152, beta_phi=nan
NaN in beta_*: layer 9, bs_iter=38, k=6519, beta_mu=3.58257395005781e+152, beta_phi=nan
NaN in beta_*: layer 9, bs_iter=38, k=6520, beta_mu=1.0711583348512841e+153, beta_phi=nan
NaN in beta_*: layer 9, bs_iter=38, k=6521, beta_mu=1.2231083162617988e+152, beta_phi=nan
NaN in beta_*: layer 9, bs_iter=38, k=6522, beta_mu=4.2732048799414015e+152, beta_phi=nan
NaN in beta_*: layer 9, bs_iter=38, k=6523, beta_mu=9.888411439268e+153, beta_phi=nan
NaN in beta_*: layer 9, bs_iter=38, k=6524, beta_mu=3.27290770707467e+152, beta_phi=nan
NaN in beta_*: layer 9, bs_iter=38, k=6527, beta_mu=9.641873087587553e+152, beta_phi=nan
NaN in beta_*: layer 9, bs_iter=38, k=6528, beta_mu=2.3888864767472973e+153, beta_phi=nan
NaN in beta_*: layer 9, bs_iter=38, k=6529, beta_mu=4.3104173460052085e+152, beta_phi=nan
NaN in beta_*: layer 9, bs_iter=38, k=6530, beta_mu=4.423027116379108e+152, beta_phi=nan
NaN in beta_*: layer 9, bs_iter=38, k=6531, beta_mu=1.57682646395879e+152, beta_phi=nan
NaN in beta_*: layer 9, bs_iter=38, k=6535, beta_mu=4.1019994716050053e+152, beta_phi=nan
NaN in beta_*: layer 9, bs_iter=38, k=6542, beta_mu=1.6296091933459712e+152, beta_phi=nan
NaN in beta_*: layer 9, bs_iter=38, k=6543, beta_mu=3.5853177549593043e+152, beta_phi=nan
NaN in beta_*: layer 9, bs_iter=38, k=6544, beta_mu=4.978064985900343e+152, beta_phi=nan
NaN in beta_*: layer 9, bs_iter=38, k=6547, beta_mu=1.093995423507115e+153, beta_phi=nan
NaN in beta_*: layer 9, bs_iter=38, k=6549, beta_mu=4.2034007819404325e+152, beta_phi=nan
NaN in beta_*: layer 9, bs_iter=38, k=6551, beta_mu=9.737302631563437e+152, beta_phi=nan
NaN in beta_*: layer 9, bs_iter=38, k=6553, beta_mu=2.936637997286682e+152, beta_phi=nan
NaN in beta_*: layer 9, bs_iter=38, k=6554, beta_mu=4.290512707805111e+152, beta_phi=nan
NaN in beta_*: layer 9, bs_iter=38, k=6556, beta_mu=7.760491888602744e+152, beta_phi=nan
NaN in beta_*: layer 9, bs_iter=38, k=6557, beta_mu=4.144370869399819e+152, beta_phi=nan
NaN in beta_*: layer 9, bs_iter=38, k=6558, beta_mu=6.842895867675345e+152, beta_phi=nan
NaN in beta_*: layer 9, bs_iter=38, k=6559, beta_mu=6.659883755714951e+152, beta_phi=nan
NaN in beta_*: layer 9, bs_iter=38, k=6560, beta_mu=1.6956755706807341e+152, beta_phi=nan
NaN in beta_*: layer 9, bs_iter=38, k=6563, beta_mu=2.4019794506359917e+152, beta_phi=nan
NaN in beta_*: layer 9, bs_iter=38, k=6565, beta_mu=4.055322527119265e+152, beta_phi=nan
NaN in beta_*: layer 9, bs_iter=38, k=6566, beta_mu=5.103502660387979e+152, beta_phi=nan
NaN in beta_*: layer 9, bs_iter=38, k=6567, beta_mu=2.9651199702777455e+152, beta_phi=nan
NaN in beta_*: layer 9, bs_iter=38, k=6569, beta_mu=4.894329292129343e+152, beta_phi=nan
NaN in beta_*: layer 9, bs_iter=38, k=6570, beta_mu=2.7757517877299367e+152, beta_phi=nan
NaN in beta_*: layer 9, bs_iter=38, k=6572, beta_mu=1.2397275680904542e+153, beta_phi=nan
NaN in beta_*: layer 9, bs_iter=38, k=6574, beta_mu=2.0165190113055584e+152, beta_phi=nan
NaN in beta_*: layer 9, bs_iter=38, k=6575, beta_mu=1.6084836126062195e+153, beta_phi=nan
NaN in beta_*: layer 9, bs_iter=38, k=6576, beta_mu=1.8067277134278338e+152, beta_phi=nan
NaN in beta_*: layer 9, bs_iter=38, k=6577, beta_mu=1.214121691231892e+152, beta_phi=nan
NaN in beta_*: layer 9, bs_iter=38, k=6578, beta_mu=2.183831097278062e+153, beta_phi=nan
NaN in beta_*: layer 9, bs_iter=38, k=6580, beta_mu=1.0824742819135362e+152, beta_phi=nan
NaN in beta_*: layer 9, bs_iter=38, k=6581, beta_mu=1.1316601639186368e+152, beta_phi=nan
NaN in beta_*: layer 9, bs_iter=38, k=6583, beta_mu=2.6665982754154725e+152, beta_phi=nan
NaN in beta_*: layer 9, bs_iter=38, k=6584, beta_mu=2.547040937856761e+153, beta_phi=nan
NaN in beta_*: layer 9, bs_iter=38, k=6585, beta_mu=1.8920749819464623e+153, beta_phi=nan
NaN in beta_*: layer 9, bs_iter=38, k=6586, beta_mu=2.1807275690686623e+153, beta_phi=nan
NaN in beta_*: layer 9, bs_iter=38, k=6587, beta_mu=5.033277122860927e+152, beta_phi=nan
NaN in beta_*: layer 9, bs_iter=38, k=6588, beta_mu=4.951616878479264e+153, beta_phi=nan
NaN in beta_*: layer 9, bs_iter=38, k=6589, beta_mu=1.0825385381251906e+152, beta_phi=nan
NaN in beta_*: layer 9, bs_iter=38, k=6591, beta_mu=8.01137613966703e+152, beta_phi=nan
NaN in beta_*: layer 9, bs_iter=38, k=6592, beta_mu=1.6114858575101814e+152, beta_phi=nan
NaN in beta_*: layer 9, bs_iter=38, k=6593, beta_mu=2.1688029818808266e+153, beta_phi=nan
NaN in beta_*: layer 9, bs_iter=38, k=6594, beta_mu=2.0456606953595354e+152, beta_phi=nan
NaN in beta_*: layer 9, bs_iter=38, k=6595, beta_mu=2.0782066753587504e+153, beta_phi=nan
NaN in beta_*: layer 9, bs_iter=38, k=6597, beta_mu=1.0643175210414311e+152, beta_phi=nan
NaN in beta_*: layer 9, bs_iter=38, k=6598, beta_mu=2.774922281472895e+153, beta_phi=nan
NaN in beta_*: layer 9, bs_iter=38, k=6599, beta_mu=1.0022866557432526e+152, beta_phi=nan
NaN in beta_*: layer 9, bs_iter=38, k=6600, beta_mu=2.2239953946181323e+153, beta_phi=nan
NaN in beta_*: layer 9, bs_iter=38, k=6602, beta_mu=2.963069225102647e+152, beta_phi=nan
NaN in beta_*: layer 9, bs_iter=38, k=6603, beta_mu=2.170601848355905e+153, beta_phi=nan
NaN in beta_*: layer 9, bs_iter=38, k=6604, beta_mu=1.3704415282727214e+152, beta_phi=nan
NaN in beta_*: layer 9, bs_iter=38, k=6605, beta_mu=2.2121740946970204e+153, beta_phi=nan
NaN in beta_*: layer 9, bs_iter=38, k=6608, beta_mu=1.5958913946264567e+152, beta_phi=nan
NaN in beta_*: layer 9, bs_iter=38, k=6609, beta_mu=1.3890862813584678e+152, beta_phi=nan
NaN in beta_*: layer 9, bs_iter=38, k=6610, beta_mu=2.057824722449783e+152, beta_phi=nan
NaN in beta_*: layer 9, bs_iter=38, k=6611, beta_mu=2.0016276066292624e+152, beta_phi=nan
NaN in beta_*: layer 9, bs_iter=38, k=6612, beta_mu=5.6369124510212455e+152, beta_phi=nan
NaN in beta_*: layer 9, bs_iter=38, k=6613, beta_mu=7.362217098445316e+152, beta_phi=nan
NaN in beta_*: layer 9, bs_iter=38, k=6614, beta_mu=7.628690479044345e+152, beta_phi=nan
NaN in beta_*: layer 9, bs_iter=38, k=6615, beta_mu=1.7393316188424712e+152, beta_phi=nan
NaN in beta_*: layer 9, bs_iter=38, k=6616, beta_mu=3.428230600227308e+153, beta_phi=nan
NaN in beta_*: layer 9, bs_iter=38, k=6617, beta_mu=2.367064898112181e+153, beta_phi=nan
NaN in beta_*: layer 9, bs_iter=38, k=6618, beta_mu=2.3245927666460714e+153, beta_phi=nan
NaN in beta_*: layer 9, bs_iter=38, k=6619, beta_mu=3.693729567135372e+152, beta_phi=nan
NaN in beta_*: layer 9, bs_iter=38, k=6623, beta_mu=1.9654143092387828e+153, beta_phi=nan
NaN in beta_*: layer 9, bs_iter=38, k=6627, beta_mu=3.1741715256017728e+153, beta_phi=nan
NaN in beta_*: layer 9, bs_iter=38, k=6629, beta_mu=4.843607464584561e+152, beta_phi=nan
NaN in beta_*: layer 9, bs_iter=38, k=6631, beta_mu=1.113014718515476e+153, beta_phi=nan
NaN in beta_*: layer 9, bs_iter=38, k=6632, beta_mu=4.705757016525757e+153, beta_phi=nan
NaN in beta_*: layer 9, bs_iter=38, k=6633, beta_mu=5.107315371269677e+153, beta_phi=nan
NaN in beta_*: layer 9, bs_iter=38, k=6635, beta_mu=2.3770055514990773e+153, beta_phi=nan
NaN in beta_*: layer 9, bs_iter=38, k=6636, beta_mu=4.424374857656488e+153, beta_phi=nan
NaN in beta_*: layer 9, bs_iter=38, k=6638, beta_mu=8.924020011208172e+152, beta_phi=nan
NaN in beta_*: layer 9, bs_iter=38, k=6639, beta_mu=2.813482499835204e+153, beta_phi=nan
NaN in beta_*: layer 9, bs_iter=38, k=6641, beta_mu=5.926880130883153e+152, beta_phi=nan
NaN in beta_*: layer 9, bs_iter=38, k=6643, beta_mu=4.55526136979017e+152, beta_phi=nan
NaN in beta_*: layer 9, bs_iter=38, k=6644, beta_mu=1.2016378073242326e+154, beta_phi=nan
NaN in beta_*: layer 9, bs_iter=38, k=6645, beta_mu=1.2129305548728687e+153, beta_phi=nan
NaN in beta_*: layer 9, bs_iter=38, k=6649, beta_mu=6.15354032258991e+152, beta_phi=nan
NaN in beta_*: layer 9, bs_iter=38, k=6652, beta_mu=1.5443186771601989e+153, beta_phi=nan
NaN in beta_*: layer 9, bs_iter=38, k=6655, beta_mu=1.5517619299478759e+153, beta_phi=nan
NaN in beta_*: layer 9, bs_iter=38, k=6656, beta_mu=1.059590567883758e+153, beta_phi=nan
NaN in beta_*: layer 9, bs_iter=38, k=6657, beta_mu=1.3690181528129889e+153, beta_phi=nan
NaN in beta_*: layer 9, bs_iter=38, k=6659, beta_mu=1.079968435510636e+153, beta_phi=nan
NaN in beta_*: layer 9, bs_iter=38, k=6662, beta_mu=4.1413223795054505e+152, beta_phi=nan
NaN in beta_*: layer 9, bs_iter=38, k=6663, beta_mu=9.233510176556387e+152, beta_phi=nan
NaN in beta_*: layer 9, bs_iter=38, k=6664, beta_mu=1.1104790756958193e+153, beta_phi=nan
NaN in beta_*: layer 9, bs_iter=38, k=6665, beta_mu=4.292720164685818e+152, beta_phi=nan
NaN in beta_*: layer 9, bs_iter=38, k=6668, beta_mu=3.8432293952169126e+152, beta_phi=nan
NaN in beta_*: layer 9, bs_iter=38, k=6669, beta_mu=1.9834645421668123e+153, beta_phi=nan
NaN in beta_*: layer 9, bs_iter=38, k=6671, beta_mu=1.705047099256153e+153, beta_phi=nan
NaN in beta_*: layer 9, bs_iter=38, k=6672, beta_mu=1.9395483287915563e+153, beta_phi=nan
NaN in beta_*: layer 9, bs_iter=38, k=6673, beta_mu=1.3902125353242688e+153, beta_phi=nan
NaN in beta_*: layer 9, bs_iter=38, k=6674, beta_mu=4.5793916340321805e+153, beta_phi=nan
NaN in beta_*: layer 9, bs_iter=38, k=6675, beta_mu=1.70689345589745e+153, beta_phi=nan
NaN in beta_*: layer 9, bs_iter=38, k=6676, beta_mu=1.692485417753342e+153, beta_phi=nan
NaN in beta_*: layer 9, bs_iter=38, k=6677, beta_mu=1.0187254007530601e+153, beta_phi=nan
NaN in beta_*: layer 9, bs_iter=38, k=6678, beta_mu=1.9296932520556006e+153, beta_phi=nan
NaN in beta_*: layer 9, bs_iter=38, k=6679, beta_mu=2.4040531044053055e+153, beta_phi=nan
NaN in beta_*: layer 9, bs_iter=38, k=6681, beta_mu=1.772662800858371e+153, beta_phi=nan
NaN in beta_*: layer 9, bs_iter=38, k=6682, beta_mu=1.041332784944984e+153, beta_phi=nan
NaN in beta_*: layer 9, bs_iter=38, k=6683, beta_mu=2.446405491918059e+153, beta_phi=nan
NaN in beta_*: layer 9, bs_iter=38, k=6685, beta_mu=1.3817153805094427e+153, beta_phi=nan
NaN in beta_*: layer 9, bs_iter=38, k=6687, beta_mu=2.213886322364716e+153, beta_phi=nan
NaN in beta_*: layer 9, bs_iter=38, k=6688, beta_mu=1.3389647751076826e+153, beta_phi=nan
NaN in beta_*: layer 9, bs_iter=38, k=6690, beta_mu=1.3931792027769524e+153, beta_phi=nan
NaN in beta_*: layer 9, bs_iter=38, k=6691, beta_mu=1.4068200862220007e+153, beta_phi=nan
NaN in beta_*: layer 9, bs_iter=38, k=6692, beta_mu=1.0329438551148904e+153, beta_phi=nan
NaN in beta_*: layer 9, bs_iter=38, k=6694, beta_mu=1.4641525096637763e+153, beta_phi=nan
NaN in beta_*: layer 9, bs_iter=38, k=6700, beta_mu=1.6409483153409464e+153, beta_phi=nan
NaN in beta_*: layer 9, bs_iter=38, k=6701, beta_mu=1.4228199626100313e+153, beta_phi=nan
NaN in beta_*: layer 9, bs_iter=38, k=6704, beta_mu=7.813580949080237e+152, beta_phi=nan
NaN in beta_*: layer 9, bs_iter=38, k=6705, beta_mu=1.6354600208352669e+153, beta_phi=nan
NaN in beta_*: layer 9, bs_iter=38, k=6708, beta_mu=1.5001811586471409e+153, beta_phi=nan
NaN in beta_*: layer 9, bs_iter=38, k=6709, beta_mu=6.862276650552691e+152, beta_phi=nan
NaN in beta_*: layer 9, bs_iter=38, k=6710, beta_mu=1.4239119404103662e+153, beta_phi=nan
NaN in beta_*: layer 9, bs_iter=38, k=6711, beta_mu=6.5669998599027004e+153, beta_phi=nan
NaN in beta_*: layer 9, bs_iter=38, k=6712, beta_mu=6.690357630297497e+152, beta_phi=nan
NaN in beta_*: layer 9, bs_iter=38, k=6716, beta_mu=6.838700886000197e+152, beta_phi=nan
NaN in beta_*: layer 9, bs_iter=38, k=6718, beta_mu=8.287848410565276e+152, beta_phi=nan
NaN in beta_*: layer 9, bs_iter=38, k=6719, beta_mu=1.39587718125005e+153, beta_phi=nan
NaN in beta_*: layer 9, bs_iter=38, k=6721, beta_mu=8.867072363725829e+152, beta_phi=nan
NaN in beta_*: layer 9, bs_iter=38, k=6722, beta_mu=3.5182389631498774e+152, beta_phi=nan
NaN in beta_*: layer 9, bs_iter=38, k=6723, beta_mu=1.1495034300829565e+153, beta_phi=nan
NaN in beta_*: layer 9, bs_iter=38, k=6724, beta_mu=4.866700829535595e+153, beta_phi=nan
NaN in beta_*: layer 9, bs_iter=38, k=6726, beta_mu=8.001396474077148e+152, beta_phi=nan
NaN in beta_*: layer 9, bs_iter=38, k=6729, beta_mu=2.673225854362363e+153, beta_phi=nan
NaN in beta_*: layer 9, bs_iter=38, k=6730, beta_mu=1.5848927653248276e+153, beta_phi=nan
NaN in beta_*: layer 9, bs_iter=38, k=6731, beta_mu=2.2614065727125792e+153, beta_phi=nan
NaN in beta_*: layer 9, bs_iter=38, k=6732, beta_mu=2.5564495417539595e+153, beta_phi=nan
NaN in beta_*: layer 9, bs_iter=38, k=6733, beta_mu=1.2364702964063678e+152, beta_phi=nan
NaN in beta_*: layer 9, bs_iter=38, k=6734, beta_mu=1.8458779857700002e+152, beta_phi=nan
NaN in beta_*: layer 9, bs_iter=38, k=6735, beta_mu=1.8458807783005645e+152, beta_phi=nan
NaN in beta_*: layer 9, bs_iter=38, k=6736, beta_mu=3.1664206431134483e+153, beta_phi=nan
NaN in beta_*: layer 9, bs_iter=38, k=6737, beta_mu=1.1815898619184845e+153, beta_phi=nan
NaN in beta_*: layer 9, bs_iter=38, k=6738, beta_mu=5.133271590222973e+153, beta_phi=nan
NaN in beta_*: layer 9, bs_iter=38, k=6739, beta_mu=1.1703781778768307e+153, beta_phi=nan
NaN in beta_*: layer 9, bs_iter=38, k=6740, beta_mu=1.1638905977100601e+153, beta_phi=nan
NaN in beta_*: layer 9, bs_iter=38, k=6741, beta_mu=1.1000422871332546e+153, beta_phi=nan
NaN in beta_*: layer 9, bs_iter=38, k=6742, beta_mu=2.1193976186279783e+153, beta_phi=nan
NaN in beta_*: layer 9, bs_iter=38, k=6743, beta_mu=1.1578645654840007e+153, beta_phi=nan
NaN in beta_*: layer 9, bs_iter=38, k=6744, beta_mu=7.105233613681585e+152, beta_phi=nan
NaN in beta_*: layer 9, bs_iter=38, k=6745, beta_mu=5.295500338524657e+152, beta_phi=nan
NaN in beta_*: layer 9, bs_iter=38, k=6746, beta_mu=2.604355382539872e+152, beta_phi=nan
NaN in beta_*: layer 9, bs_iter=38, k=6747, beta_mu=7.630136550271171e+153, beta_phi=nan
NaN in beta_*: layer 9, bs_iter=38, k=6750, beta_mu=2.265297209010694e+152, beta_phi=nan
NaN in beta_*: layer 9, bs_iter=38, k=6751, beta_mu=1.173477084727999e+153, beta_phi=nan
NaN in beta_*: layer 9, bs_iter=38, k=6752, beta_mu=1.2471175613490677e+153, beta_phi=nan
NaN in beta_*: layer 9, bs_iter=38, k=6753, beta_mu=1.117609943451601e+152, beta_phi=nan
NaN in beta_*: layer 9, bs_iter=38, k=6754, beta_mu=3.177063537343032e+153, beta_phi=nan
NaN in beta_*: layer 9, bs_iter=38, k=6755, beta_mu=1.2523816749735437e+152, beta_phi=nan
NaN in beta_*: layer 9, bs_iter=38, k=6756, beta_mu=3.183087333779863e+153, beta_phi=nan
NaN in beta_*: layer 9, bs_iter=38, k=6758, beta_mu=7.141308189801478e+152, beta_phi=nan
NaN in beta_*: layer 9, bs_iter=38, k=6759, beta_mu=2.2294882593558594e+153, beta_phi=nan
NaN in beta_*: layer 9, bs_iter=38, k=6761, beta_mu=1.1485297979856512e+153, beta_phi=nan
NaN in beta_*: layer 9, bs_iter=38, k=6762, beta_mu=8.997639016448821e+152, beta_phi=nan
NaN in beta_*: layer 9, bs_iter=38, k=6763, beta_mu=2.2515411287744717e+153, beta_phi=nan
NaN in beta_*: layer 9, bs_iter=38, k=6764, beta_mu=1.1478532822257316e+153, beta_phi=nan
NaN in beta_*: layer 9, bs_iter=38, k=6765, beta_mu=1.1753806208881923e+153, beta_phi=nan
NaN in beta_*: layer 9, bs_iter=38, k=6766, beta_mu=1.0389794988028021e+152, beta_phi=nan
NaN in beta_*: layer 9, bs_iter=38, k=6767, beta_mu=1.1513269970861114e+153, beta_phi=nan
NaN in beta_*: layer 9, bs_iter=38, k=6768, beta_mu=1.1832668194921465e+153, beta_phi=nan
NaN in beta_*: layer 9, bs_iter=38, k=6769, beta_mu=2.2149554486548484e+153, beta_phi=nan
NaN in beta_*: layer 9, bs_iter=38, k=6770, beta_mu=5.230321863423399e+153, beta_phi=nan
NaN in beta_*: layer 9, bs_iter=38, k=6772, beta_mu=8.586724480935127e+152, beta_phi=nan
NaN in beta_*: layer 9, bs_iter=38, k=6773, beta_mu=9.448275465485704e+152, beta_phi=nan
NaN in beta_*: layer 9, bs_iter=38, k=6776, beta_mu=1.1054662410690118e+153, beta_phi=nan
NaN in beta_*: layer 9, bs_iter=38, k=6779, beta_mu=9.309888597412564e+152, beta_phi=nan
NaN in beta_*: layer 9, bs_iter=38, k=6783, beta_mu=6.572824938400009e+152, beta_phi=nan
NaN in beta_*: layer 9, bs_iter=38, k=6784, beta_mu=1.5557062115497493e+152, beta_phi=nan
NaN in beta_*: layer 9, bs_iter=38, k=6786, beta_mu=1.2783764704151023e+153, beta_phi=nan
NaN in beta_*: layer 9, bs_iter=38, k=6787, beta_mu=3.8959251816106764e+152, beta_phi=nan
NaN in beta_*: layer 9, bs_iter=38, k=6788, beta_mu=1.2962299648998685e+153, beta_phi=nan
NaN in beta_*: layer 9, bs_iter=38, k=6789, beta_mu=5.911239854615627e+152, beta_phi=nan
NaN in beta_*: layer 9, bs_iter=38, k=6790, beta_mu=1.4089902156048464e+152, beta_phi=nan
NaN in beta_*: layer 9, bs_iter=38, k=6791, beta_mu=1.2423810763562428e+153, beta_phi=nan
NaN in beta_*: layer 9, bs_iter=38, k=6792, beta_mu=4.764503368719766e+152, beta_phi=nan
NaN in beta_*: layer 9, bs_iter=38, k=6793, beta_mu=1.544692717455771e+153, beta_phi=nan
NaN in beta_*: layer 9, bs_iter=38, k=6794, beta_mu=1.4214229934656619e+153, beta_phi=nan
NaN in beta_*: layer 9, bs_iter=38, k=6795, beta_mu=1.328775690494333e+152, beta_phi=nan
NaN in beta_*: layer 9, bs_iter=38, k=6796, beta_mu=1.0059389944947151e+154, beta_phi=nan
NaN in beta_*: layer 9, bs_iter=38, k=6797, beta_mu=1.5389332645986617e+153, beta_phi=nan
NaN in beta_*: layer 9, bs_iter=38, k=6798, beta_mu=1.64941671826217e+153, beta_phi=nan
NaN in beta_*: layer 9, bs_iter=38, k=6799, beta_mu=1.7166399047812018e+153, beta_phi=nan
NaN in beta_*: layer 9, bs_iter=38, k=6801, beta_mu=1.7375985439902676e+153, beta_phi=nan
NaN in beta_*: layer 9, bs_iter=38, k=6802, beta_mu=1.9869664940820307e+152, beta_phi=nan
NaN in beta_*: layer 9, bs_iter=38, k=6803, beta_mu=6.592132227139582e+152, beta_phi=nan
NaN in beta_*: layer 9, bs_iter=38, k=6804, beta_mu=6.494233456254651e+152, beta_phi=nan
NaN in beta_*: layer 9, bs_iter=38, k=6805, beta_mu=1.7870735066722362e+153, beta_phi=nan
NaN in beta_*: layer 9, bs_iter=38, k=6807, beta_mu=6.394717496511922e+152, beta_phi=nan
NaN in beta_*: layer 9, bs_iter=38, k=6808, beta_mu=6.268079743032269e+152, beta_phi=nan
NaN in beta_*: layer 9, bs_iter=38, k=6809, beta_mu=2.0013274073481547e+153, beta_phi=nan
NaN in beta_*: layer 9, bs_iter=38, k=6810, beta_mu=3.0131224147455407e+153, beta_phi=nan
NaN in beta_*: layer 9, bs_iter=38, k=6811, beta_mu=6.3894567331384405e+152, beta_phi=nan
NaN in beta_*: layer 9, bs_iter=38, k=6812, beta_mu=1.079821470575502e+152, beta_phi=nan
NaN in beta_*: layer 9, bs_iter=38, k=6813, beta_mu=1.7562445899906187e+153, beta_phi=nan
NaN in beta_*: layer 9, bs_iter=38, k=6814, beta_mu=1.7513824503560037e+153, beta_phi=nan
NaN in beta_*: layer 9, bs_iter=38, k=6815, beta_mu=1.7513823447801712e+153, beta_phi=nan
NaN in beta_*: layer 9, bs_iter=38, k=6816, beta_mu=1.787932629335261e+153, beta_phi=nan
NaN in beta_*: layer 9, bs_iter=38, k=6817, beta_mu=2.480878505800178e+153, beta_phi=nan
NaN in beta_*: layer 9, bs_iter=38, k=6818, beta_mu=1.8054780655933364e+153, beta_phi=nan
NaN in beta_*: layer 9, bs_iter=38, k=6819, beta_mu=6.200237251665434e+152, beta_phi=nan
NaN in beta_*: layer 9, bs_iter=38, k=6820, beta_mu=6.202913165095275e+152, beta_phi=nan
NaN in beta_*: layer 9, bs_iter=38, k=6821, beta_mu=4.683542371108698e+153, beta_phi=nan
NaN in beta_*: layer 9, bs_iter=38, k=6823, beta_mu=6.234167582477842e+152, beta_phi=nan
NaN in beta_*: layer 9, bs_iter=38, k=6824, beta_mu=6.233960332600505e+152, beta_phi=nan
NaN in beta_*: layer 9, bs_iter=38, k=6825, beta_mu=6.305660271150842e+152, beta_phi=nan
NaN in beta_*: layer 9, bs_iter=38, k=6826, beta_mu=5.95817486138349e+152, beta_phi=nan
NaN in beta_*: layer 9, bs_iter=38, k=6827, beta_mu=9.45597717293133e+152, beta_phi=nan
NaN in beta_*: layer 9, bs_iter=38, k=6828, beta_mu=5.989379843713398e+152, beta_phi=nan
NaN in beta_*: layer 9, bs_iter=38, k=6829, beta_mu=2.3767769328257037e+153, beta_phi=nan
NaN in beta_*: layer 9, bs_iter=38, k=6830, beta_mu=2.4364402746824454e+153, beta_phi=nan
NaN in beta_*: layer 9, bs_iter=38, k=6831, beta_mu=8.899667170233333e+152, beta_phi=nan
NaN in beta_*: layer 9, bs_iter=38, k=6832, beta_mu=5.896590530146864e+152, beta_phi=nan
NaN in beta_*: layer 9, bs_iter=38, k=6833, beta_mu=2.4198508639608367e+153, beta_phi=nan
NaN in beta_*: layer 9, bs_iter=38, k=6834, beta_mu=2.4259136274319742e+153, beta_phi=nan
NaN in beta_*: layer 9, bs_iter=38, k=6835, beta_mu=2.5073010708378468e+153, beta_phi=nan
NaN in beta_*: layer 9, bs_iter=38, k=6836, beta_mu=1.0936920014528357e+153, beta_phi=nan
NaN in beta_*: layer 9, bs_iter=38, k=6837, beta_mu=1.6376652261111265e+152, beta_phi=nan
NaN in beta_*: layer 9, bs_iter=38, k=6838, beta_mu=6.335102737287927e+152, beta_phi=nan
NaN in beta_*: layer 9, bs_iter=38, k=6839, beta_mu=6.350937407960128e+152, beta_phi=nan
NaN in beta_*: layer 9, bs_iter=38, k=6840, beta_mu=6.287580832414127e+152, beta_phi=nan
NaN in beta_*: layer 9, bs_iter=38, k=6841, beta_mu=3.424312216813607e+152, beta_phi=nan
NaN in beta_*: layer 9, bs_iter=38, k=6844, beta_mu=5.357585497011386e+152, beta_phi=nan
NaN in beta_*: layer 9, bs_iter=38, k=6845, beta_mu=3.90985529628127e+152, beta_phi=nan
NaN in beta_*: layer 9, bs_iter=38, k=6846, beta_mu=3.5320752952389694e+152, beta_phi=nan
NaN in beta_*: layer 9, bs_iter=38, k=6847, beta_mu=3.572183411817571e+152, beta_phi=nan
NaN in beta_*: layer 9, bs_iter=38, k=6848, beta_mu=3.344634820012932e+152, beta_phi=nan
NaN in beta_*: layer 9, bs_iter=38, k=6849, beta_mu=7.330203357070387e+152, beta_phi=nan
NaN in beta_*: layer 9, bs_iter=38, k=6851, beta_mu=3.640004410084023e+152, beta_phi=nan
NaN in beta_*: layer 9, bs_iter=38, k=6852, beta_mu=3.586983306434813e+152, beta_phi=nan
NaN in beta_*: layer 9, bs_iter=38, k=6853, beta_mu=3.589087946380028e+152, beta_phi=nan
NaN in beta_*: layer 9, bs_iter=38, k=6854, beta_mu=2.997437168259235e+152, beta_phi=nan
NaN in beta_*: layer 9, bs_iter=38, k=6855, beta_mu=1.686089341004843e+153, beta_phi=nan
NaN in beta_*: layer 9, bs_iter=38, k=6856, beta_mu=3.4344954678996307e+152, beta_phi=nan
NaN in beta_*: layer 9, bs_iter=38, k=6857, beta_mu=1.1547783491862374e+152, beta_phi=nan
NaN in beta_*: layer 9, bs_iter=38, k=6858, beta_mu=5.857749449123159e+152, beta_phi=nan
NaN in beta_*: layer 9, bs_iter=38, k=6859, beta_mu=5.884918769580052e+152, beta_phi=nan
NaN in beta_*: layer 9, bs_iter=38, k=6860, beta_mu=1.677614672017809e+153, beta_phi=nan
NaN in beta_*: layer 9, bs_iter=38, k=6861, beta_mu=9.927661547868699e+151, beta_phi=nan
NaN in beta_*: layer 9, bs_iter=38, k=6862, beta_mu=7.436268226701532e+152, beta_phi=nan
NaN in beta_*: layer 9, bs_iter=38, k=6863, beta_mu=1.04620779939394e+152, beta_phi=nan
NaN in beta_*: layer 9, bs_iter=38, k=6864, beta_mu=5.8023499376357725e+152, beta_phi=nan
NaN in beta_*: layer 9, bs_iter=38, k=6865, beta_mu=3.023951666969379e+152, beta_phi=nan
NaN in beta_*: layer 9, bs_iter=38, k=6866, beta_mu=1.6168732784745258e+153, beta_phi=nan
NaN in beta_*: layer 9, bs_iter=38, k=6867, beta_mu=1.0681143626454334e+152, beta_phi=nan
NaN in beta_*: layer 9, bs_iter=38, k=6868, beta_mu=1.6056978914209603e+153, beta_phi=nan
NaN in beta_*: layer 9, bs_iter=38, k=6870, beta_mu=1.4806429280277173e+153, beta_phi=nan
NaN in beta_*: layer 9, bs_iter=38, k=6871, beta_mu=1.467191876028055e+153, beta_phi=nan
NaN in beta_*: layer 9, bs_iter=38, k=6873, beta_mu=1.8090627115765024e+152, beta_phi=nan
NaN in beta_*: layer 9, bs_iter=38, k=6874, beta_mu=1.456845532945773e+153, beta_phi=nan
NaN in beta_*: layer 9, bs_iter=38, k=6875, beta_mu=1.4841557086900461e+153, beta_phi=nan
NaN in beta_*: layer 9, bs_iter=38, k=6876, beta_mu=1.5768790865743553e+153, beta_phi=nan
NaN in beta_*: layer 9, bs_iter=38, k=6877, beta_mu=1.0362784391820399e+153, beta_phi=nan
NaN in beta_*: layer 9, bs_iter=38, k=6880, beta_mu=7.328090458290968e+152, beta_phi=nan
NaN in beta_*: layer 9, bs_iter=38, k=6881, beta_mu=5.302055714007165e+152, beta_phi=nan
NaN in beta_*: layer 9, bs_iter=38, k=6883, beta_mu=5.656817854367814e+153, beta_phi=nan
NaN in beta_*: layer 9, bs_iter=38, k=6884, beta_mu=1.8873585941211759e+152, beta_phi=nan
NaN in beta_*: layer 9, bs_iter=38, k=6885, beta_mu=1.2712938664196507e+152, beta_phi=nan
NaN in beta_*: layer 9, bs_iter=38, k=6886, beta_mu=5.774216876515663e+153, beta_phi=nan
NaN in beta_*: layer 9, bs_iter=38, k=6887, beta_mu=1.91569980409501e+153, beta_phi=nan
NaN in beta_*: layer 9, bs_iter=38, k=6888, beta_mu=5.801670354815175e+153, beta_phi=nan
NaN in beta_*: layer 9, bs_iter=38, k=6889, beta_mu=5.774977712421447e+153, beta_phi=nan
NaN in beta_*: layer 9, bs_iter=38, k=6890, beta_mu=2.824302990020341e+152, beta_phi=nan
NaN in beta_*: layer 9, bs_iter=38, k=6892, beta_mu=2.4870510475087582e+153, beta_phi=nan
NaN in beta_*: layer 9, bs_iter=38, k=6894, beta_mu=5.856621384443757e+153, beta_phi=nan
NaN in beta_*: layer 9, bs_iter=38, k=6895, beta_mu=2.4259666912514853e+153, beta_phi=nan
NaN in beta_*: layer 9, bs_iter=38, k=6896, beta_mu=7.682555590455113e+152, beta_phi=nan
NaN in beta_*: layer 9, bs_iter=38, k=6898, beta_mu=5.610910567732978e+153, beta_phi=nan
NaN in beta_*: layer 9, bs_iter=38, k=6899, beta_mu=2.472735415778682e+153, beta_phi=nan
NaN in beta_*: layer 9, bs_iter=38, k=6900, beta_mu=2.4865858442610168e+153, beta_phi=nan
NaN in beta_*: layer 9, bs_iter=38, k=6902, beta_mu=2.4891046261983143e+153, beta_phi=nan
NaN in beta_*: layer 9, bs_iter=38, k=6903, beta_mu=2.480500136828996e+153, beta_phi=nan
NaN in beta_*: layer 9, bs_iter=38, k=6904, beta_mu=5.730128355695816e+153, beta_phi=nan
NaN in beta_*: layer 9, bs_iter=38, k=6906, beta_mu=4.590625002896481e+152, beta_phi=nan
NaN in beta_*: layer 9, bs_iter=38, k=6907, beta_mu=5.734135458859736e+153, beta_phi=nan
NaN in beta_*: layer 9, bs_iter=38, k=6908, beta_mu=2.4373672168541615e+153, beta_phi=nan
NaN in beta_*: layer 9, bs_iter=38, k=6910, beta_mu=5.015292189401013e+153, beta_phi=nan
NaN in beta_*: layer 9, bs_iter=38, k=6914, beta_mu=4.890031356458359e+152, beta_phi=nan
NaN in beta_*: layer 9, bs_iter=38, k=6915, beta_mu=2.561716423507175e+152, beta_phi=nan
NaN in beta_*: layer 9, bs_iter=38, k=6918, beta_mu=2.9430476818829355e+152, beta_phi=nan
NaN in beta_*: layer 9, bs_iter=38, k=6921, beta_mu=1.1271735847279343e+152, beta_phi=nan
NaN in beta_*: layer 9, bs_iter=38, k=6923, beta_mu=1.2190868670489285e+153, beta_phi=nan
NaN in beta_*: layer 9, bs_iter=38, k=6924, beta_mu=4.960380127805482e+153, beta_phi=nan
NaN in beta_*: layer 9, bs_iter=38, k=6925, beta_mu=4.944632677609663e+153, beta_phi=nan
NaN in beta_*: layer 9, bs_iter=38, k=6926, beta_mu=2.939929033558373e+152, beta_phi=nan
NaN in beta_*: layer 9, bs_iter=38, k=6927, beta_mu=4.908198644381057e+153, beta_phi=nan
NaN in beta_*: layer 9, bs_iter=38, k=6928, beta_mu=5.015969233211721e+153, beta_phi=nan
NaN in beta_*: layer 9, bs_iter=38, k=6929, beta_mu=1.268055871211255e+153, beta_phi=nan
NaN in beta_*: layer 9, bs_iter=38, k=6932, beta_mu=7.833198202960198e+152, beta_phi=nan
NaN in beta_*: layer 9, bs_iter=38, k=6937, beta_mu=4.355952069558015e+152, beta_phi=nan
NaN in beta_*: layer 9, bs_iter=38, k=6938, beta_mu=2.3423283329913838e+153, beta_phi=nan
NaN in beta_*: layer 9, bs_iter=38, k=6940, beta_mu=8.71917071628001e+152, beta_phi=nan
NaN in beta_*: layer 9, bs_iter=38, k=6941, beta_mu=5.015939523321407e+153, beta_phi=nan
NaN in beta_*: layer 9, bs_iter=38, k=6942, beta_mu=4.95801787310698e+153, beta_phi=nan
NaN in beta_*: layer 9, bs_iter=38, k=6943, beta_mu=5.0159693384641464e+153, beta_phi=nan
NaN in beta_*: layer 9, bs_iter=38, k=6944, beta_mu=5.00227832526336e+153, beta_phi=nan
NaN in beta_*: layer 9, bs_iter=38, k=6945, beta_mu=1.523170746601548e+152, beta_phi=nan
NaN in beta_*: layer 9, bs_iter=38, k=6947, beta_mu=2.39306634598334e+153, beta_phi=nan
NaN in beta_*: layer 9, bs_iter=38, k=6948, beta_mu=2.3913448003935074e+153, beta_phi=nan
NaN in beta_*: layer 9, bs_iter=38, k=6949, beta_mu=2.208372210808362e+153, beta_phi=nan
NaN in beta_*: layer 9, bs_iter=38, k=6951, beta_mu=1.0990630721002846e+153, beta_phi=nan
NaN in beta_*: layer 9, bs_iter=38, k=6956, beta_mu=1.3353065662625216e+152, beta_phi=nan
NaN in beta_*: layer 9, bs_iter=38, k=6957, beta_mu=2.497675483771498e+152, beta_phi=nan
NaN in beta_*: layer 9, bs_iter=38, k=6958, beta_mu=3.9889773750186263e+152, beta_phi=nan
NaN in beta_*: layer 9, bs_iter=38, k=6960, beta_mu=3.360411849768715e+153, beta_phi=nan
NaN in beta_*: layer 9, bs_iter=38, k=6961, beta_mu=2.2933883535349553e+152, beta_phi=nan
NaN in beta_*: layer 9, bs_iter=38, k=6963, beta_mu=2.7678831739052265e+153, beta_phi=nan
NaN in beta_*: layer 9, bs_iter=38, k=6964, beta_mu=2.532634990964116e+152, beta_phi=nan
NaN in beta_*: layer 9, bs_iter=38, k=6965, beta_mu=2.9588006991141397e+153, beta_phi=nan
NaN in beta_*: layer 9, bs_iter=38, k=6966, beta_mu=2.6303549852677237e+153, beta_phi=nan
NaN in beta_*: layer 9, bs_iter=38, k=6967, beta_mu=2.4556479437596682e+153, beta_phi=nan
NaN in beta_*: layer 9, bs_iter=38, k=6968, beta_mu=2.454264577172848e+153, beta_phi=nan
NaN in beta_*: layer 9, bs_iter=38, k=6969, beta_mu=3.633189741040438e+152, beta_phi=nan
NaN in beta_*: layer 9, bs_iter=38, k=6970, beta_mu=7.757424888105131e+152, beta_phi=nan
NaN in beta_*: layer 9, bs_iter=38, k=6971, beta_mu=4.638404216630625e+152, beta_phi=nan
NaN in beta_*: layer 9, bs_iter=38, k=6972, beta_mu=4.493305308872796e+152, beta_phi=nan
NaN in beta_*: layer 9, bs_iter=38, k=6973, beta_mu=6.962554361225861e+152, beta_phi=nan
NaN in beta_*: layer 9, bs_iter=38, k=6976, beta_mu=8.922312833723339e+152, beta_phi=nan
NaN in beta_*: layer 9, bs_iter=38, k=6977, beta_mu=1.3425738884589397e+153, beta_phi=nan
NaN in beta_*: layer 9, bs_iter=38, k=6978, beta_mu=8.246611623310158e+152, beta_phi=nan
NaN in beta_*: layer 9, bs_iter=38, k=6980, beta_mu=7.820673235982253e+152, beta_phi=nan
NaN in beta_*: layer 9, bs_iter=38, k=6981, beta_mu=1.1404877044248707e+152, beta_phi=nan
NaN in beta_*: layer 9, bs_iter=38, k=6983, beta_mu=1.5831064781250155e+152, beta_phi=nan
NaN in beta_*: layer 9, bs_iter=38, k=6984, beta_mu=7.393134339893571e+152, beta_phi=nan
NaN in beta_*: layer 9, bs_iter=38, k=6985, beta_mu=8.894171434725587e+152, beta_phi=nan
NaN in beta_*: layer 9, bs_iter=38, k=6986, beta_mu=2.748905062157477e+152, beta_phi=nan
NaN in beta_*: layer 9, bs_iter=38, k=6987, beta_mu=1.1617241655822327e+153, beta_phi=nan
NaN in beta_*: layer 9, bs_iter=38, k=6988, beta_mu=2.608660374851948e+152, beta_phi=nan
NaN in beta_*: layer 9, bs_iter=38, k=6989, beta_mu=7.505275553827184e+152, beta_phi=nan
NaN in beta_*: layer 9, bs_iter=38, k=6991, beta_mu=1.4212396777120833e+153, beta_phi=nan
NaN in beta_*: layer 9, bs_iter=38, k=6994, beta_mu=3.248926394293154e+152, beta_phi=nan
NaN in beta_*: layer 9, bs_iter=38, k=6995, beta_mu=3.0077176897931516e+152, beta_phi=nan
NaN in beta_*: layer 9, bs_iter=38, k=6996, beta_mu=4.860792651700172e+152, beta_phi=nan
NaN in beta_*: layer 9, bs_iter=38, k=6998, beta_mu=7.527788489423965e+152, beta_phi=nan
NaN in beta_*: layer 9, bs_iter=38, k=6999, beta_mu=6.722829788584135e+152, beta_phi=nan
NaN in beta_*: layer 9, bs_iter=38, k=7000, beta_mu=6.934272145417487e+152, beta_phi=nan
NaN in beta_*: layer 9, bs_iter=38, k=7001, beta_mu=3.8070943675643353e+152, beta_phi=nan
NaN in beta_*: layer 9, bs_iter=38, k=7002, beta_mu=6.9884382092006345e+152, beta_phi=nan
NaN in beta_*: layer 9, bs_iter=38, k=7003, beta_mu=1.032956782108616e+153, beta_phi=nan
NaN in beta_*: layer 9, bs_iter=38, k=7005, beta_mu=2.2665881480079663e+152, beta_phi=nan
NaN in beta_*: layer 9, bs_iter=38, k=7006, beta_mu=7.117922251323302e+152, beta_phi=nan
NaN in beta_*: layer 9, bs_iter=38, k=7007, beta_mu=6.62263214530529e+152, beta_phi=nan
NaN in beta_*: layer 9, bs_iter=38, k=7008, beta_mu=4.595922162641293e+152, beta_phi=nan
NaN in beta_*: layer 9, bs_iter=38, k=7009, beta_mu=1.2191706626809375e+152, beta_phi=nan
NaN in beta_*: layer 9, bs_iter=38, k=7010, beta_mu=1.0413733017435406e+153, beta_phi=nan
NaN in beta_*: layer 9, bs_iter=38, k=7011, beta_mu=1.0154459789659268e+153, beta_phi=nan
NaN in beta_*: layer 9, bs_iter=38, k=7012, beta_mu=1.4794230737835957e+152, beta_phi=nan
NaN in beta_*: layer 9, bs_iter=38, k=7013, beta_mu=5.800380250920435e+152, beta_phi=nan
NaN in beta_*: layer 9, bs_iter=38, k=7014, beta_mu=6.4699677975037785e+152, beta_phi=nan
NaN in beta_*: layer 9, bs_iter=38, k=7015, beta_mu=9.996322122630878e+152, beta_phi=nan
NaN in beta_*: layer 9, bs_iter=38, k=7016, beta_mu=1.0304878845370993e+153, beta_phi=nan
NaN in beta_*: layer 9, bs_iter=38, k=7017, beta_mu=1.0304879121062078e+153, beta_phi=nan
NaN in beta_*: layer 9, bs_iter=38, k=7018, beta_mu=2.587980172830674e+152, beta_phi=nan
NaN in beta_*: layer 9, bs_iter=38, k=7019, beta_mu=2.682290510526044e+152, beta_phi=nan
NaN in beta_*: layer 9, bs_iter=38, k=7020, beta_mu=7.684824880050814e+152, beta_phi=nan
NaN in beta_*: layer 9, bs_iter=38, k=7021, beta_mu=1.1388643453477085e+152, beta_phi=nan
NaN in beta_*: layer 9, bs_iter=38, k=7022, beta_mu=1.3734781844047902e+152, beta_phi=nan
NaN in beta_*: layer 9, bs_iter=38, k=7023, beta_mu=1.191794365823779e+153, beta_phi=nan
NaN in beta_*: layer 9, bs_iter=38, k=7024, beta_mu=1.3246723710404287e+153, beta_phi=nan
NaN in beta_*: layer 9, bs_iter=38, k=7026, beta_mu=1.1986821117291282e+153, beta_phi=nan
NaN in beta_*: layer 9, bs_iter=38, k=7028, beta_mu=4.3925595113978e+152, beta_phi=nan
NaN in beta_*: layer 9, bs_iter=38, k=7029, beta_mu=1.0079168074249667e+153, beta_phi=nan
NaN in beta_*: layer 9, bs_iter=38, k=7030, beta_mu=4.340678939024458e+152, beta_phi=nan
NaN in beta_*: layer 9, bs_iter=38, k=7031, beta_mu=1.5384651287870785e+152, beta_phi=nan
NaN in beta_*: layer 9, bs_iter=38, k=7032, beta_mu=1.5519165470349788e+152, beta_phi=nan
NaN in beta_*: layer 9, bs_iter=38, k=7033, beta_mu=8.275552705176407e+152, beta_phi=nan
NaN in beta_*: layer 9, bs_iter=38, k=7034, beta_mu=4.355549286313631e+152, beta_phi=nan
NaN in beta_*: layer 9, bs_iter=38, k=7035, beta_mu=2.5105113532370033e+152, beta_phi=nan
NaN in beta_*: layer 9, bs_iter=38, k=7036, beta_mu=1.0040741653684199e+153, beta_phi=nan
NaN in beta_*: layer 9, bs_iter=38, k=7039, beta_mu=1.2034887395777693e+153, beta_phi=nan
NaN in beta_*: layer 9, bs_iter=38, k=7040, beta_mu=1.5353929414640542e+152, beta_phi=nan
NaN in beta_*: layer 9, bs_iter=38, k=7041, beta_mu=2.192261927557135e+152, beta_phi=nan
NaN in beta_*: layer 9, bs_iter=38, k=7045, beta_mu=8.595619973241036e+152, beta_phi=nan
NaN in beta_*: layer 9, bs_iter=38, k=7046, beta_mu=3.8800279032052677e+152, beta_phi=nan
NaN in beta_*: layer 9, bs_iter=38, k=7048, beta_mu=2.1821112231810064e+152, beta_phi=nan
NaN in beta_*: layer 9, bs_iter=38, k=7049, beta_mu=8.445966342772478e+152, beta_phi=nan
NaN in beta_*: layer 9, bs_iter=38, k=7050, beta_mu=8.625903516546323e+152, beta_phi=nan
NaN in beta_*: layer 9, bs_iter=38, k=7051, beta_mu=9.20018271478261e+152, beta_phi=nan
NaN in beta_*: layer 9, bs_iter=38, k=7052, beta_mu=1.771166190284869e+153, beta_phi=nan
NaN in beta_*: layer 9, bs_iter=38, k=7053, beta_mu=5.296254384521694e+152, beta_phi=nan
NaN in beta_*: layer 9, bs_iter=38, k=7055, beta_mu=1.825473360411588e+152, beta_phi=nan
NaN in beta_*: layer 9, bs_iter=38, k=7058, beta_mu=2.9429673667577803e+152, beta_phi=nan
NaN in beta_*: layer 9, bs_iter=38, k=7064, beta_mu=6.673989340703828e+152, beta_phi=nan
NaN in beta_*: layer 9, bs_iter=38, k=7065, beta_mu=7.947064144317983e+152, beta_phi=nan
NaN in beta_*: layer 9, bs_iter=38, k=7066, beta_mu=3.2320241915810883e+152, beta_phi=nan
NaN in beta_*: layer 9, bs_iter=38, k=7067, beta_mu=7.680983030046875e+152, beta_phi=nan
NaN in beta_*: layer 9, bs_iter=38, k=7068, beta_mu=1.3533952619844468e+152, beta_phi=nan
NaN in beta_*: layer 9, bs_iter=38, k=7069, beta_mu=6.774832897893347e+152, beta_phi=nan
NaN in beta_*: layer 9, bs_iter=38, k=7070, beta_mu=7.794081910333887e+152, beta_phi=nan
NaN in beta_*: layer 9, bs_iter=38, k=7071, beta_mu=7.890821818095114e+152, beta_phi=nan
NaN in beta_*: layer 9, bs_iter=38, k=7073, beta_mu=2.7948055072140345e+152, beta_phi=nan
NaN in beta_*: layer 9, bs_iter=38, k=7074, beta_mu=7.890821760218312e+152, beta_phi=nan
NaN in beta_*: layer 9, bs_iter=38, k=7075, beta_mu=7.941865508570053e+152, beta_phi=nan
NaN in beta_*: layer 9, bs_iter=38, k=7076, beta_mu=1.326773711086446e+152, beta_phi=nan
NaN in beta_*: layer 9, bs_iter=38, k=7077, beta_mu=1.3833530295102464e+152, beta_phi=nan
NaN in beta_*: layer 9, bs_iter=38, k=7078, beta_mu=3.8878693444909793e+152, beta_phi=nan
NaN in beta_*: layer 9, bs_iter=38, k=7081, beta_mu=3.4706568939850256e+152, beta_phi=nan
NaN in beta_*: layer 9, bs_iter=38, k=7082, beta_mu=6.773891554403797e+152, beta_phi=nan
NaN in beta_*: layer 9, bs_iter=38, k=7083, beta_mu=3.4793921539834223e+152, beta_phi=nan
NaN in beta_*: layer 9, bs_iter=38, k=7085, beta_mu=8.035123794167453e+152, beta_phi=nan
NaN in beta_*: layer 9, bs_iter=38, k=7087, beta_mu=3.4923649269873827e+152, beta_phi=nan
NaN in beta_*: layer 9, bs_iter=38, k=7088, beta_mu=3.4497791343826157e+152, beta_phi=nan
NaN in beta_*: layer 9, bs_iter=38, k=7090, beta_mu=7.802866290880071e+152, beta_phi=nan
NaN in beta_*: layer 9, bs_iter=38, k=7091, beta_mu=2.1074664374901967e+152, beta_phi=nan
NaN in beta_*: layer 9, bs_iter=38, k=7094, beta_mu=1.388316666968772e+152, beta_phi=nan
NaN in beta_*: layer 9, bs_iter=38, k=7095, beta_mu=1.0313659684840604e+152, beta_phi=nan
NaN in beta_*: layer 9, bs_iter=38, k=7096, beta_mu=8.0761088621612685e+152, beta_phi=nan
NaN in beta_*: layer 9, bs_iter=38, k=7098, beta_mu=2.2345597595426896e+152, beta_phi=nan
NaN in beta_*: layer 9, bs_iter=38, k=7099, beta_mu=8.372895824853595e+152, beta_phi=nan
NaN in beta_*: layer 9, bs_iter=38, k=7100, beta_mu=9.988655747060719e+151, beta_phi=nan
NaN in beta_*: layer 9, bs_iter=38, k=7101, beta_mu=2.5604259871003102e+152, beta_phi=nan
NaN in beta_*: layer 9, bs_iter=38, k=7102, beta_mu=7.442010106332824e+152, beta_phi=nan
NaN in beta_*: layer 9, bs_iter=38, k=7103, beta_mu=5.175639561027736e+152, beta_phi=nan
NaN in beta_*: layer 9, bs_iter=38, k=7104, beta_mu=8.082317341686737e+152, beta_phi=nan
NaN in beta_*: layer 9, bs_iter=38, k=7107, beta_mu=1.5124757139627333e+152, beta_phi=nan
NaN in beta_*: layer 9, bs_iter=38, k=7108, beta_mu=2.32996879905779e+152, beta_phi=nan
NaN in beta_*: layer 9, bs_iter=38, k=7110, beta_mu=8.327500163666826e+152, beta_phi=nan
NaN in beta_*: layer 9, bs_iter=38, k=7111, beta_mu=4.828047335851722e+152, beta_phi=nan
NaN in beta_*: layer 9, bs_iter=38, k=7112, beta_mu=1.22738476005558e+152, beta_phi=nan
NaN in beta_*: layer 9, bs_iter=38, k=7113, beta_mu=1.4173112471151971e+152, beta_phi=nan
NaN in beta_*: layer 9, bs_iter=38, k=7114, beta_mu=2.1615970738684605e+152, beta_phi=nan
NaN in beta_*: layer 9, bs_iter=38, k=7115, beta_mu=2.4969282561561966e+152, beta_phi=nan
NaN in beta_*: layer 9, bs_iter=38, k=7116, beta_mu=1.43545386948404e+152, beta_phi=nan
NaN in beta_*: layer 9, bs_iter=38, k=7118, beta_mu=2.2785442796670174e+152, beta_phi=nan
NaN in beta_*: layer 9, bs_iter=38, k=7119, beta_mu=2.2023941606099625e+152, beta_phi=nan
NaN in beta_*: layer 9, bs_iter=38, k=7120, beta_mu=4.543244704529226e+152, beta_phi=nan
NaN in beta_*: layer 9, bs_iter=38, k=7123, beta_mu=4.563567110539866e+152, beta_phi=nan
NaN in beta_*: layer 9, bs_iter=38, k=7124, beta_mu=4.620182445347247e+152, beta_phi=nan
NaN in beta_*: layer 9, bs_iter=38, k=7125, beta_mu=2.108753544032279e+152, beta_phi=nan
NaN in beta_*: layer 9, bs_iter=38, k=7126, beta_mu=2.2393929596713683e+152, beta_phi=nan
NaN in beta_*: layer 9, bs_iter=38, k=7127, beta_mu=4.440309769572544e+152, beta_phi=nan
NaN in beta_*: layer 9, bs_iter=38, k=7129, beta_mu=7.751215268022678e+152, beta_phi=nan
NaN in beta_*: layer 9, bs_iter=38, k=7130, beta_mu=2.248169356029213e+152, beta_phi=nan
NaN in beta_*: layer 9, bs_iter=38, k=7131, beta_mu=4.716503320270071e+152, beta_phi=nan
NaN in beta_*: layer 9, bs_iter=38, k=7132, beta_mu=4.63353152845944e+152, beta_phi=nan
NaN in beta_*: layer 9, bs_iter=38, k=7133, beta_mu=1.295083185275946e+152, beta_phi=nan
NaN in beta_*: layer 9, bs_iter=38, k=7134, beta_mu=4.615163742193746e+152, beta_phi=nan
NaN in beta_*: layer 9, bs_iter=38, k=7135, beta_mu=4.546087005040521e+152, beta_phi=nan
NaN in beta_*: layer 9, bs_iter=38, k=7136, beta_mu=2.54534163636595e+152, beta_phi=nan
NaN in beta_*: layer 9, bs_iter=38, k=7137, beta_mu=7.860376169492424e+152, beta_phi=nan
NaN in beta_*: layer 9, bs_iter=38, k=7139, beta_mu=4.63353152845944e+152, beta_phi=nan
NaN in beta_*: layer 9, bs_iter=38, k=7141, beta_mu=2.5453417397427446e+152, beta_phi=nan
NaN in beta_*: layer 9, bs_iter=38, k=7142, beta_mu=4.574820485571921e+152, beta_phi=nan
NaN in beta_*: layer 9, bs_iter=38, k=7143, beta_mu=1.1959854812441097e+152, beta_phi=nan
NaN in beta_*: layer 9, bs_iter=38, k=7144, beta_mu=1.1980405522240502e+152, beta_phi=nan
NaN in beta_*: layer 9, bs_iter=38, k=7146, beta_mu=3.123274656629131e+152, beta_phi=nan
NaN in beta_*: layer 9, bs_iter=38, k=7148, beta_mu=7.855124553960461e+152, beta_phi=nan
NaN in beta_*: layer 9, bs_iter=38, k=7149, beta_mu=4.473492194638748e+152, beta_phi=nan
NaN in beta_*: layer 9, bs_iter=38, k=7150, beta_mu=7.811197729060614e+152, beta_phi=nan
NaN in beta_*: layer 9, bs_iter=38, k=7151, beta_mu=4.407672570420515e+152, beta_phi=nan
NaN in beta_*: layer 9, bs_iter=38, k=7152, beta_mu=4.411308053891835e+152, beta_phi=nan
NaN in beta_*: layer 9, bs_iter=38, k=7154, beta_mu=4.415857223664077e+152, beta_phi=nan
NaN in beta_*: layer 9, bs_iter=38, k=7155, beta_mu=2.3224403479488206e+152, beta_phi=nan
NaN in beta_*: layer 9, bs_iter=38, k=7156, beta_mu=2.6998307814468815e+152, beta_phi=nan
NaN in beta_*: layer 9, bs_iter=38, k=7158, beta_mu=4.0141243618722435e+152, beta_phi=nan
NaN in beta_*: layer 9, bs_iter=38, k=7159, beta_mu=4.43470547683607e+152, beta_phi=nan
NaN in beta_*: layer 9, bs_iter=38, k=7160, beta_mu=1.4500288303487225e+152, beta_phi=nan
NaN in beta_*: layer 9, bs_iter=38, k=7162, beta_mu=1.7163301166178248e+152, beta_phi=nan
NaN in beta_*: layer 9, bs_iter=38, k=7165, beta_mu=8.064455002587819e+152, beta_phi=nan
NaN in beta_*: layer 9, bs_iter=38, k=7166, beta_mu=3.630491102907815e+152, beta_phi=nan
NaN in beta_*: layer 9, bs_iter=38, k=7168, beta_mu=3.956690128424318e+152, beta_phi=nan
NaN in beta_*: layer 9, bs_iter=38, k=7170, beta_mu=1.2529184981663743e+152, beta_phi=nan
NaN in beta_*: layer 9, bs_iter=38, k=7171, beta_mu=3.4391518128767246e+152, beta_phi=nan
NaN in beta_*: layer 9, bs_iter=38, k=7172, beta_mu=1.4099130384114718e+152, beta_phi=nan
NaN in beta_*: layer 9, bs_iter=38, k=7173, beta_mu=1.2798099559096934e+152, beta_phi=nan
NaN in beta_*: layer 9, bs_iter=38, k=7175, beta_mu=1.871034769407301e+152, beta_phi=nan
NaN in beta_*: layer 9, bs_iter=38, k=7176, beta_mu=1.7897283471468743e+152, beta_phi=nan
NaN in beta_*: layer 9, bs_iter=38, k=7178, beta_mu=5.337612687218792e+152, beta_phi=nan
NaN in beta_*: layer 9, bs_iter=38, k=7181, beta_mu=2.335810491273133e+152, beta_phi=nan
NaN in beta_*: layer 9, bs_iter=38, k=7183, beta_mu=1.692125412382481e+152, beta_phi=nan
NaN in beta_*: layer 9, bs_iter=38, k=7185, beta_mu=1.0969980314657464e+152, beta_phi=nan
NaN in beta_*: layer 9, bs_iter=38, k=7186, beta_mu=1.324701494950955e+152, beta_phi=nan
NaN in beta_*: layer 9, bs_iter=38, k=7187, beta_mu=1.598330065952542e+152, beta_phi=nan
NaN in beta_*: layer 9, bs_iter=38, k=7189, beta_mu=1.7209694706069496e+152, beta_phi=nan
NaN in beta_*: layer 9, bs_iter=38, k=7190, beta_mu=2.0938327989842613e+152, beta_phi=nan
NaN in beta_*: layer 9, bs_iter=38, k=7192, beta_mu=1.1358370931296725e+152, beta_phi=nan
NaN in beta_*: layer 9, bs_iter=38, k=7193, beta_mu=1.1799071087894163e+152, beta_phi=nan
NaN in beta_*: layer 9, bs_iter=38, k=7194, beta_mu=2.157736971972567e+152, beta_phi=nan
NaN in beta_*: layer 9, bs_iter=38, k=7195, beta_mu=2.798421923969124e+152, beta_phi=nan
NaN in beta_*: layer 9, bs_iter=38, k=7198, beta_mu=2.277908418476935e+152, beta_phi=nan
NaN in beta_*: layer 9, bs_iter=38, k=7199, beta_mu=1.6134246178447636e+152, beta_phi=nan
NaN in beta_*: layer 9, bs_iter=38, k=7201, beta_mu=1.487894053342405e+152, beta_phi=nan
NaN in beta_*: layer 9, bs_iter=38, k=7202, beta_mu=2.3870429687593114e+152, beta_phi=nan
NaN in beta_*: layer 9, bs_iter=38, k=7203, beta_mu=2.3153924270780762e+152, beta_phi=nan
NaN in beta_*: layer 9, bs_iter=38, k=7204, beta_mu=1.2161314087887885e+153, beta_phi=nan
NaN in beta_*: layer 9, bs_iter=38, k=7205, beta_mu=1.6217811528287444e+152, beta_phi=nan
NaN in beta_*: layer 9, bs_iter=38, k=7206, beta_mu=1.5759465120266363e+152, beta_phi=nan
NaN in beta_*: layer 9, bs_iter=38, k=7209, beta_mu=2.3624035497478616e+152, beta_phi=nan
NaN in beta_*: layer 9, bs_iter=38, k=7210, beta_mu=1.7594446429232186e+152, beta_phi=nan
NaN in beta_*: layer 9, bs_iter=38, k=7211, beta_mu=1.1724368881435395e+153, beta_phi=nan
NaN in beta_*: layer 9, bs_iter=38, k=7212, beta_mu=2.0117247578688926e+152, beta_phi=nan
NaN in beta_*: layer 9, bs_iter=38, k=7213, beta_mu=2.099517836166418e+152, beta_phi=nan
NaN in beta_*: layer 9, bs_iter=38, k=7220, beta_mu=2.5333054289021817e+152, beta_phi=nan
NaN in beta_*: layer 9, bs_iter=38, k=7221, beta_mu=2.0510521820658487e+152, beta_phi=nan
NaN in beta_*: layer 9, bs_iter=38, k=7222, beta_mu=7.725482424781776e+152, beta_phi=nan
NaN in beta_*: layer 9, bs_iter=38, k=7223, beta_mu=5.309966992643538e+152, beta_phi=nan
NaN in beta_*: layer 9, bs_iter=38, k=7226, beta_mu=2.6261778957597008e+152, beta_phi=nan
NaN in beta_*: layer 9, bs_iter=38, k=7230, beta_mu=2.402969748792265e+152, beta_phi=nan
NaN in beta_*: layer 9, bs_iter=38, k=7236, beta_mu=2.4400966448444202e+152, beta_phi=nan
NaN in beta_*: layer 9, bs_iter=38, k=7241, beta_mu=1.957088042308416e+152, beta_phi=nan
NaN in beta_*: layer 9, bs_iter=38, k=7244, beta_mu=1.9432530697559594e+152, beta_phi=nan
NaN in beta_*: layer 9, bs_iter=38, k=7245, beta_mu=1.815816947704598e+152, beta_phi=nan
NaN in beta_*: layer 9, bs_iter=38, k=7246, beta_mu=1.9480704459738508e+152, beta_phi=nan
NaN in beta_*: layer 9, bs_iter=38, k=7247, beta_mu=1.9017534564784602e+152, beta_phi=nan
NaN in beta_*: layer 9, bs_iter=38, k=7249, beta_mu=1.977592722454865e+152, beta_phi=nan
NaN in beta_*: layer 9, bs_iter=38, k=7251, beta_mu=1.9492416501778325e+152, beta_phi=nan
NaN in beta_*: layer 9, bs_iter=38, k=7253, beta_mu=5.34462175835605e+152, beta_phi=nan
NaN in beta_*: layer 9, bs_iter=38, k=7255, beta_mu=2.0055284163242396e+152, beta_phi=nan
NaN in beta_*: layer 9, bs_iter=38, k=7261, beta_mu=1.2165064541042658e+152, beta_phi=nan
NaN in beta_*: layer 9, bs_iter=38, k=7262, beta_mu=2.005528592511645e+152, beta_phi=nan
NaN in beta_*: layer 9, bs_iter=38, k=7276, beta_mu=2.816982745249837e+152, beta_phi=nan
NaN in beta_*: layer 9, bs_iter=38, k=7280, beta_mu=3.6655930161391733e+152, beta_phi=nan
NaN in beta_*: layer 9, bs_iter=38, k=7282, beta_mu=1.6725037433170015e+152, beta_phi=nan
NaN in beta_*: layer 9, bs_iter=38, k=7290, beta_mu=4.739591815164584e+152, beta_phi=nan
NaN in beta_*: layer 9, bs_iter=38, k=7291, beta_mu=1.9346799651272558e+152, beta_phi=nan
NaN in beta_*: layer 9, bs_iter=38, k=7294, beta_mu=2.900991779779616e+152, beta_phi=nan
NaN in beta_*: layer 9, bs_iter=38, k=7297, beta_mu=1.9124747365676163e+152, beta_phi=nan
NaN in beta_*: layer 9, bs_iter=38, k=7299, beta_mu=5.6657140160414765e+152, beta_phi=nan
NaN in beta_*: layer 9, bs_iter=38, k=7302, beta_mu=1.8712572028555925e+152, beta_phi=nan
NaN in beta_*: layer 9, bs_iter=38, k=7303, beta_mu=1.8712564699800717e+152, beta_phi=nan
NaN in beta_*: layer 9, bs_iter=38, k=7304, beta_mu=1.111627525732016e+153, beta_phi=nan
NaN in beta_*: layer 9, bs_iter=38, k=7305, beta_mu=3.215083916269091e+152, beta_phi=nan
NaN in beta_*: layer 9, bs_iter=38, k=7308, beta_mu=1.91242780125517e+152, beta_phi=nan
NaN in beta_*: layer 9, bs_iter=38, k=7309, beta_mu=1.8626963576681476e+152, beta_phi=nan
NaN in beta_*: layer 9, bs_iter=38, k=7311, beta_mu=1.0507025948268928e+152, beta_phi=nan
NaN in beta_*: layer 9, bs_iter=38, k=7312, beta_mu=1.682543158157729e+152, beta_phi=nan
NaN in beta_*: layer 9, bs_iter=38, k=7313, beta_mu=1.9027899429594858e+152, beta_phi=nan
NaN in beta_*: layer 9, bs_iter=38, k=7315, beta_mu=1.911262333457446e+152, beta_phi=nan
NaN in beta_*: layer 9, bs_iter=38, k=7317, beta_mu=1.9124743192287737e+152, beta_phi=nan
NaN in beta_*: layer 9, bs_iter=38, k=7318, beta_mu=1.89331239146452e+152, beta_phi=nan
NaN in beta_*: layer 9, bs_iter=38, k=7319, beta_mu=1.8927067180116381e+152, beta_phi=nan
NaN in beta_*: layer 9, bs_iter=38, k=7320, beta_mu=3.776997349944164e+152, beta_phi=nan
NaN in beta_*: layer 9, bs_iter=38, k=7321, beta_mu=1.9546948881653978e+152, beta_phi=nan
NaN in beta_*: layer 9, bs_iter=38, k=7322, beta_mu=1.8933132023186807e+152, beta_phi=nan
NaN in beta_*: layer 9, bs_iter=38, k=7323, beta_mu=3.864968325315518e+152, beta_phi=nan
NaN in beta_*: layer 9, bs_iter=38, k=7324, beta_mu=1.7849061428543635e+152, beta_phi=nan
NaN in beta_*: layer 9, bs_iter=38, k=7325, beta_mu=1.7701363441604014e+152, beta_phi=nan
NaN in beta_*: layer 9, bs_iter=38, k=7326, beta_mu=1.7839461477821583e+152, beta_phi=nan
NaN in beta_*: layer 9, bs_iter=38, k=7327, beta_mu=4.692578544045812e+152, beta_phi=nan
NaN in beta_*: layer 9, bs_iter=38, k=7328, beta_mu=1.7654500189121108e+152, beta_phi=nan
NaN in beta_*: layer 9, bs_iter=38, k=7329, beta_mu=1.0847744874721e+152, beta_phi=nan
NaN in beta_*: layer 9, bs_iter=38, k=7331, beta_mu=1.3269223175418072e+152, beta_phi=nan
NaN in beta_*: layer 9, bs_iter=38, k=7332, beta_mu=1.8602623408255431e+152, beta_phi=nan
NaN in beta_*: layer 9, bs_iter=38, k=7333, beta_mu=1.7849041775107602e+152, beta_phi=nan
NaN in beta_*: layer 9, bs_iter=38, k=7334, beta_mu=1.7703225097697607e+152, beta_phi=nan
NaN in beta_*: layer 9, bs_iter=38, k=7335, beta_mu=1.7438474606432967e+152, beta_phi=nan
NaN in beta_*: layer 9, bs_iter=38, k=7337, beta_mu=4.035858423293655e+152, beta_phi=nan
NaN in beta_*: layer 9, bs_iter=38, k=7339, beta_mu=1.6368491985430219e+152, beta_phi=nan
NaN in beta_*: layer 9, bs_iter=38, k=7340, beta_mu=1.7225142521919673e+152, beta_phi=nan
NaN in beta_*: layer 9, bs_iter=38, k=7341, beta_mu=4.707153017644416e+152, beta_phi=nan
NaN in beta_*: layer 9, bs_iter=38, k=7344, beta_mu=1.9733992265529843e+152, beta_phi=nan
NaN in beta_*: layer 9, bs_iter=38, k=7345, beta_mu=1.6556544438887561e+152, beta_phi=nan
NaN in beta_*: layer 9, bs_iter=38, k=7346, beta_mu=1.9734015688673793e+152, beta_phi=nan
NaN in beta_*: layer 9, bs_iter=38, k=7347, beta_mu=2.0876460238685541e+152, beta_phi=nan
NaN in beta_*: layer 9, bs_iter=38, k=7348, beta_mu=1.7005384160710645e+153, beta_phi=nan
NaN in beta_*: layer 9, bs_iter=38, k=7349, beta_mu=9.59477402445655e+152, beta_phi=nan
NaN in beta_*: layer 9, bs_iter=38, k=7350, beta_mu=2.457646751165776e+152, beta_phi=nan
NaN in beta_*: layer 9, bs_iter=38, k=7351, beta_mu=3.4557229002988484e+152, beta_phi=nan
NaN in beta_*: layer 9, bs_iter=38, k=7352, beta_mu=2.241100264498288e+152, beta_phi=nan
NaN in beta_*: layer 9, bs_iter=38, k=7353, beta_mu=1.6229373489998614e+152, beta_phi=nan
NaN in beta_*: layer 9, bs_iter=38, k=7354, beta_mu=5.942360777029175e+152, beta_phi=nan
NaN in beta_*: layer 9, bs_iter=38, k=7355, beta_mu=1.5765419434218005e+152, beta_phi=nan
NaN in beta_*: layer 9, bs_iter=38, k=7358, beta_mu=1.7438485807870757e+152, beta_phi=nan
NaN in beta_*: layer 9, bs_iter=38, k=7359, beta_mu=1.7064743962083226e+152, beta_phi=nan
NaN in beta_*: layer 9, bs_iter=38, k=7360, beta_mu=1.8377310092784308e+152, beta_phi=nan
NaN in beta_*: layer 9, bs_iter=38, k=7362, beta_mu=4.0490919712233276e+152, beta_phi=nan
NaN in beta_*: layer 9, bs_iter=38, k=7364, beta_mu=1.6629851409431049e+152, beta_phi=nan
NaN in beta_*: layer 9, bs_iter=38, k=7367, beta_mu=1.6106930615803535e+152, beta_phi=nan
NaN in beta_*: layer 9, bs_iter=38, k=7368, beta_mu=1.6438558859013323e+152, beta_phi=nan
NaN in beta_*: layer 9, bs_iter=38, k=7369, beta_mu=1.821118805646245e+152, beta_phi=nan
NaN in beta_*: layer 9, bs_iter=38, k=7370, beta_mu=1.721246029699384e+152, beta_phi=nan
NaN in beta_*: layer 9, bs_iter=38, k=7371, beta_mu=1.671144596003465e+152, beta_phi=nan
NaN in beta_*: layer 9, bs_iter=38, k=7372, beta_mu=4.909109971608314e+152, beta_phi=nan
NaN in beta_*: layer 9, bs_iter=38, k=7374, beta_mu=1.6976428551326221e+152, beta_phi=nan
NaN in beta_*: layer 9, bs_iter=38, k=7376, beta_mu=1.6810906417698032e+152, beta_phi=nan
NaN in beta_*: layer 9, bs_iter=38, k=7377, beta_mu=1.6358618452885112e+152, beta_phi=nan
NaN in beta_*: layer 9, bs_iter=38, k=7381, beta_mu=6.223142980892807e+152, beta_phi=nan
NaN in beta_*: layer 9, bs_iter=38, k=7382, beta_mu=1.4862530107725567e+152, beta_phi=nan
NaN in beta_*: layer 9, bs_iter=38, k=7383, beta_mu=5.136155861210066e+152, beta_phi=nan
NaN in beta_*: layer 9, bs_iter=38, k=7384, beta_mu=1.6822241963251985e+152, beta_phi=nan
NaN in beta_*: layer 9, bs_iter=38, k=7385, beta_mu=1.690777847540433e+152, beta_phi=nan
NaN in beta_*: layer 9, bs_iter=38, k=7386, beta_mu=1.6907785040099345e+152, beta_phi=nan
NaN in beta_*: layer 9, bs_iter=38, k=7387, beta_mu=1.6907756921052579e+152, beta_phi=nan
NaN in beta_*: layer 9, bs_iter=38, k=7388, beta_mu=1.6778379554922127e+152, beta_phi=nan
NaN in beta_*: layer 9, bs_iter=38, k=7390, beta_mu=3.726577174218472e+152, beta_phi=nan
NaN in beta_*: layer 9, bs_iter=38, k=7392, beta_mu=1.613167169343408e+152, beta_phi=nan
NaN in beta_*: layer 9, bs_iter=38, k=7393, beta_mu=1.6397187464715898e+152, beta_phi=nan
NaN in beta_*: layer 9, bs_iter=38, k=7394, beta_mu=1.634149896654071e+152, beta_phi=nan
NaN in beta_*: layer 9, bs_iter=38, k=7395, beta_mu=1.6468729789171227e+152, beta_phi=nan
NaN in beta_*: layer 9, bs_iter=38, k=7396, beta_mu=1.811069461495193e+152, beta_phi=nan
NaN in beta_*: layer 9, bs_iter=38, k=7397, beta_mu=1.7570051739932264e+152, beta_phi=nan
NaN in beta_*: layer 9, bs_iter=38, k=7399, beta_mu=1.622143860930071e+152, beta_phi=nan
NaN in beta_*: layer 9, bs_iter=38, k=7402, beta_mu=1.6295559262075058e+152, beta_phi=nan
NaN in beta_*: layer 9, bs_iter=38, k=7404, beta_mu=1.7521573485687567e+152, beta_phi=nan
NaN in beta_*: layer 9, bs_iter=38, k=7405, beta_mu=1.5913090781374262e+152, beta_phi=nan
NaN in beta_*: layer 9, bs_iter=38, k=7406, beta_mu=1.601296237149569e+152, beta_phi=nan
NaN in beta_*: layer 9, bs_iter=38, k=7407, beta_mu=1.6343762283239416e+152, beta_phi=nan
NaN in beta_*: layer 9, bs_iter=38, k=7408, beta_mu=1.6777166756819527e+153, beta_phi=nan
NaN in beta_*: layer 9, bs_iter=38, k=7409, beta_mu=1.689665922512544e+153, beta_phi=nan
NaN in beta_*: layer 9, bs_iter=38, k=7411, beta_mu=1.846506634367181e+152, beta_phi=nan
NaN in beta_*: layer 9, bs_iter=38, k=7412, beta_mu=1.7438475676814303e+152, beta_phi=nan
NaN in beta_*: layer 9, bs_iter=38, k=7414, beta_mu=2.681869675429897e+152, beta_phi=nan
NaN in beta_*: layer 9, bs_iter=38, k=7415, beta_mu=1.743848934959825e+152, beta_phi=nan
NaN in beta_*: layer 9, bs_iter=38, k=7416, beta_mu=1.6315505710117691e+152, beta_phi=nan
NaN in beta_*: layer 9, bs_iter=38, k=7417, beta_mu=5.076324510641563e+152, beta_phi=nan
NaN in beta_*: layer 9, bs_iter=38, k=7421, beta_mu=1.6503404234890233e+152, beta_phi=nan
NaN in beta_*: layer 9, bs_iter=38, k=7422, beta_mu=1.6240730279829292e+152, beta_phi=nan
NaN in beta_*: layer 9, bs_iter=38, k=7423, beta_mu=4.201650617077835e+152, beta_phi=nan
NaN in beta_*: layer 9, bs_iter=38, k=7426, beta_mu=1.6661320628988995e+152, beta_phi=nan
NaN in beta_*: layer 9, bs_iter=38, k=7427, beta_mu=4.917149245522209e+152, beta_phi=nan
NaN in beta_*: layer 9, bs_iter=38, k=7428, beta_mu=1.6661310003008896e+152, beta_phi=nan
NaN in beta_*: layer 9, bs_iter=38, k=7430, beta_mu=1.9478708573094354e+152, beta_phi=nan
NaN in beta_*: layer 9, bs_iter=38, k=7431, beta_mu=1.843281534096438e+152, beta_phi=nan
NaN in beta_*: layer 9, bs_iter=38, k=7432, beta_mu=1.743848646885718e+152, beta_phi=nan
NaN in beta_*: layer 9, bs_iter=38, k=7434, beta_mu=3.359510554118087e+152, beta_phi=nan
NaN in beta_*: layer 9, bs_iter=38, k=7435, beta_mu=1.7438482452626262e+152, beta_phi=nan
NaN in beta_*: layer 9, bs_iter=38, k=7436, beta_mu=2.8274755623336887e+152, beta_phi=nan
NaN in beta_*: layer 9, bs_iter=38, k=7438, beta_mu=1.7438475033517678e+152, beta_phi=nan
NaN in beta_*: layer 9, bs_iter=38, k=7439, beta_mu=1.6369944561977179e+152, beta_phi=nan
NaN in beta_*: layer 9, bs_iter=38, k=7440, beta_mu=1.6360757785241186e+152, beta_phi=nan
NaN in beta_*: layer 9, bs_iter=38, k=7441, beta_mu=1.700533576849807e+153, beta_phi=nan
NaN in beta_*: layer 9, bs_iter=38, k=7443, beta_mu=2.041660555018644e+152, beta_phi=nan
NaN in beta_*: layer 9, bs_iter=38, k=7446, beta_mu=5.80433322118177e+152, beta_phi=nan
NaN in beta_*: layer 9, bs_iter=38, k=7447, beta_mu=2.0892726479327076e+152, beta_phi=nan
NaN in beta_*: layer 9, bs_iter=38, k=7448, beta_mu=1.8461214585083424e+152, beta_phi=nan
NaN in beta_*: layer 9, bs_iter=38, k=7449, beta_mu=3.4243019583972367e+152, beta_phi=nan
NaN in beta_*: layer 9, bs_iter=38, k=7450, beta_mu=1.5140853490943015e+152, beta_phi=nan
NaN in beta_*: layer 9, bs_iter=38, k=7452, beta_mu=1.9433454082396607e+152, beta_phi=nan
NaN in beta_*: layer 9, bs_iter=38, k=7453, beta_mu=1.9433468394293655e+152, beta_phi=nan
NaN in beta_*: layer 9, bs_iter=38, k=7455, beta_mu=1.7479945544379853e+152, beta_phi=nan
NaN in beta_*: layer 9, bs_iter=38, k=7457, beta_mu=1.797126202543259e+152, beta_phi=nan
NaN in beta_*: layer 9, bs_iter=38, k=7458, beta_mu=1.749948231347154e+152, beta_phi=nan
NaN in beta_*: layer 9, bs_iter=38, k=7459, beta_mu=2.0708949043536454e+152, beta_phi=nan
NaN in beta_*: layer 9, bs_iter=38, k=7460, beta_mu=6.405734551998322e+152, beta_phi=nan
NaN in beta_*: layer 9, bs_iter=38, k=7461, beta_mu=2.1235990338576345e+152, beta_phi=nan
NaN in beta_*: layer 9, bs_iter=38, k=7463, beta_mu=2.11165831798051e+152, beta_phi=nan
NaN in beta_*: layer 9, bs_iter=38, k=7466, beta_mu=2.57785112195876e+152, beta_phi=nan
NaN in beta_*: layer 9, bs_iter=38, k=7467, beta_mu=1.8982626099955694e+152, beta_phi=nan
NaN in beta_*: layer 9, bs_iter=38, k=7468, beta_mu=1.9990386263590696e+152, beta_phi=nan
NaN in beta_*: layer 9, bs_iter=38, k=7469, beta_mu=1.945785930769953e+152, beta_phi=nan
NaN in beta_*: layer 9, bs_iter=38, k=7471, beta_mu=3.3881726827308773e+152, beta_phi=nan
NaN in beta_*: layer 9, bs_iter=38, k=7473, beta_mu=1.7429043967886778e+152, beta_phi=nan
NaN in beta_*: layer 9, bs_iter=38, k=7474, beta_mu=3.1987660067408555e+152, beta_phi=nan
NaN in beta_*: layer 9, bs_iter=38, k=7475, beta_mu=1.9457851023776898e+152, beta_phi=nan
NaN in beta_*: layer 9, bs_iter=38, k=7476, beta_mu=1.9457861647546812e+152, beta_phi=nan
NaN in beta_*: layer 9, bs_iter=38, k=7477, beta_mu=1.9457859732856994e+152, beta_phi=nan
NaN in beta_*: layer 9, bs_iter=38, k=7478, beta_mu=9.864297032895902e+151, beta_phi=nan
NaN in beta_*: layer 9, bs_iter=38, k=7480, beta_mu=3.246602225523035e+152, beta_phi=nan
NaN in beta_*: layer 9, bs_iter=38, k=7482, beta_mu=9.435806909913512e+152, beta_phi=nan
NaN in beta_*: layer 9, bs_iter=38, k=7483, beta_mu=2.5426836622833763e+152, beta_phi=nan
NaN in beta_*: layer 9, bs_iter=38, k=7484, beta_mu=2.591082379516687e+152, beta_phi=nan
NaN in beta_*: layer 9, bs_iter=38, k=7485, beta_mu=2.049012517187071e+152, beta_phi=nan
NaN in beta_*: layer 9, bs_iter=38, k=7487, beta_mu=2.0490134460607182e+152, beta_phi=nan
NaN in beta_*: layer 9, bs_iter=38, k=7488, beta_mu=2.0490137135513936e+152, beta_phi=nan
NaN in beta_*: layer 9, bs_iter=38, k=7492, beta_mu=2.2750650872316316e+153, beta_phi=nan
NaN in beta_*: layer 9, bs_iter=38, k=7495, beta_mu=2.0490111845189642e+152, beta_phi=nan
NaN in beta_*: layer 9, bs_iter=38, k=7497, beta_mu=4.704312017757578e+152, beta_phi=nan
NaN in beta_*: layer 9, bs_iter=38, k=7498, beta_mu=2.0490121254418997e+152, beta_phi=nan
NaN in beta_*: layer 9, bs_iter=38, k=7500, beta_mu=1.9725767676969056e+152, beta_phi=nan
NaN in beta_*: layer 9, bs_iter=38, k=7504, beta_mu=2.0419449404285267e+152, beta_phi=nan
NaN in beta_*: layer 9, bs_iter=38, k=7505, beta_mu=3.3673651987339894e+152, beta_phi=nan
NaN in beta_*: layer 9, bs_iter=38, k=7508, beta_mu=5.400964549979812e+152, beta_phi=nan
NaN in beta_*: layer 9, bs_iter=38, k=7510, beta_mu=1.6052057276051025e+152, beta_phi=nan
NaN in beta_*: layer 9, bs_iter=38, k=7511, beta_mu=7.053842493247436e+152, beta_phi=nan
NaN in beta_*: layer 9, bs_iter=38, k=7513, beta_mu=1.555425113322721e+152, beta_phi=nan
NaN in beta_*: layer 9, bs_iter=38, k=7514, beta_mu=2.3087298706545993e+152, beta_phi=nan
NaN in beta_*: layer 9, bs_iter=38, k=7515, beta_mu=1.952216088140488e+152, beta_phi=nan
NaN in beta_*: layer 9, bs_iter=38, k=7518, beta_mu=4.761419989836697e+152, beta_phi=nan
NaN in beta_*: layer 9, bs_iter=38, k=7523, beta_mu=2.306009387022658e+152, beta_phi=nan
NaN in beta_*: layer 9, bs_iter=38, k=7526, beta_mu=1.0270060512597381e+152, beta_phi=nan
NaN in beta_*: layer 9, bs_iter=38, k=7528, beta_mu=3.701101871539065e+152, beta_phi=nan
NaN in beta_*: layer 9, bs_iter=38, k=7532, beta_mu=2.3346950223083417e+153, beta_phi=nan
NaN in beta_*: layer 9, bs_iter=38, k=7533, beta_mu=2.7915259891386194e+152, beta_phi=nan
NaN in beta_*: layer 9, bs_iter=38, k=7534, beta_mu=2.770727812276854e+152, beta_phi=nan
NaN in beta_*: layer 9, bs_iter=38, k=7536, beta_mu=1.2107115275340568e+152, beta_phi=nan
NaN in beta_*: layer 9, bs_iter=38, k=7541, beta_mu=2.304246587321222e+152, beta_phi=nan
NaN in beta_*: layer 9, bs_iter=38, k=7543, beta_mu=5.075039982058428e+152, beta_phi=nan
NaN in beta_*: layer 9, bs_iter=38, k=7544, beta_mu=2.8400917002692217e+152, beta_phi=nan
NaN in beta_*: layer 9, bs_iter=38, k=7545, beta_mu=2.826287934697771e+152, beta_phi=nan
NaN in beta_*: layer 9, bs_iter=38, k=7547, beta_mu=5.0889559911746995e+152, beta_phi=nan
NaN in beta_*: layer 9, bs_iter=38, k=7548, beta_mu=4.856345937512567e+152, beta_phi=nan
NaN in beta_*: layer 9, bs_iter=38, k=7552, beta_mu=5.023624656700095e+152, beta_phi=nan
NaN in beta_*: layer 9, bs_iter=38, k=7554, beta_mu=1.1984005962616425e+153, beta_phi=nan
NaN in beta_*: layer 9, bs_iter=38, k=7555, beta_mu=1.2825183676808675e+152, beta_phi=nan
NaN in beta_*: layer 9, bs_iter=38, k=7556, beta_mu=3.859692342790593e+152, beta_phi=nan
NaN in beta_*: layer 9, bs_iter=38, k=7557, beta_mu=2.9125747904693774e+152, beta_phi=nan
NaN in beta_*: layer 9, bs_iter=38, k=7559, beta_mu=3.75226272687267e+152, beta_phi=nan
NaN in beta_*: layer 9, bs_iter=38, k=7561, beta_mu=3.509953958856055e+152, beta_phi=nan
NaN in beta_*: layer 9, bs_iter=38, k=7562, beta_mu=1.9863020256374958e+152, beta_phi=nan
NaN in beta_*: layer 9, bs_iter=38, k=7563, beta_mu=1.5878656537161502e+152, beta_phi=nan
NaN in beta_*: layer 9, bs_iter=38, k=7568, beta_mu=1.9307447183409366e+152, beta_phi=nan
NaN in beta_*: layer 9, bs_iter=38, k=7572, beta_mu=3.9554564988454596e+152, beta_phi=nan
NaN in beta_*: layer 9, bs_iter=38, k=7574, beta_mu=2.5315832836504406e+152, beta_phi=nan
NaN in beta_*: layer 9, bs_iter=38, k=7575, beta_mu=4.178205185333798e+152, beta_phi=nan
NaN in beta_*: layer 9, bs_iter=38, k=7576, beta_mu=3.711849096345887e+152, beta_phi=nan
NaN in beta_*: layer 9, bs_iter=38, k=7577, beta_mu=1.8400328693903371e+152, beta_phi=nan
NaN in beta_*: layer 9, bs_iter=38, k=7579, beta_mu=2.0589598976934841e+152, beta_phi=nan
NaN in beta_*: layer 9, bs_iter=38, k=7581, beta_mu=2.7699847359767274e+152, beta_phi=nan
NaN in beta_*: layer 9, bs_iter=38, k=7583, beta_mu=1.5571985275780026e+152, beta_phi=nan
NaN in beta_*: layer 9, bs_iter=38, k=7585, beta_mu=4.026779211309833e+152, beta_phi=nan
NaN in beta_*: layer 9, bs_iter=38, k=7586, beta_mu=1.8512831463162941e+152, beta_phi=nan
NaN in beta_*: layer 9, bs_iter=38, k=7587, beta_mu=1.9720466769087577e+152, beta_phi=nan
NaN in beta_*: layer 9, bs_iter=38, k=7589, beta_mu=3.7983975009355066e+152, beta_phi=nan
NaN in beta_*: layer 9, bs_iter=38, k=7591, beta_mu=1.972045865240056e+152, beta_phi=nan
NaN in beta_*: layer 9, bs_iter=38, k=7592, beta_mu=1.9720455514404776e+152, beta_phi=nan
NaN in beta_*: layer 9, bs_iter=38, k=7593, beta_mu=1.9720455514404776e+152, beta_phi=nan
NaN in beta_*: layer 9, bs_iter=38, k=7594, beta_mu=1.9720455993606002e+152, beta_phi=nan
NaN in beta_*: layer 9, bs_iter=38, k=7597, beta_mu=1.9598721767676161e+152, beta_phi=nan
NaN in beta_*: layer 9, bs_iter=38, k=7598, beta_mu=2.1345904238626056e+152, beta_phi=nan
NaN in beta_*: layer 9, bs_iter=38, k=7599, beta_mu=1.5123855454285766e+152, beta_phi=nan
NaN in beta_*: layer 9, bs_iter=38, k=7600, beta_mu=2.1367822104839153e+152, beta_phi=nan
NaN in beta_*: layer 9, bs_iter=38, k=7601, beta_mu=2.136781990337691e+152, beta_phi=nan
NaN in beta_*: layer 9, bs_iter=38, k=7604, beta_mu=3.172287959256691e+152, beta_phi=nan
NaN in beta_*: layer 9, bs_iter=38, k=7606, beta_mu=2.8786377789884363e+152, beta_phi=nan
NaN in beta_*: layer 9, bs_iter=38, k=7608, beta_mu=2.4671618821689657e+152, beta_phi=nan
NaN in beta_*: layer 9, bs_iter=38, k=7609, beta_mu=3.185807018485841e+152, beta_phi=nan
NaN in beta_*: layer 9, bs_iter=38, k=7610, beta_mu=3.1967259093235924e+152, beta_phi=nan
NaN in beta_*: layer 9, bs_iter=38, k=7611, beta_mu=3.757549810252751e+152, beta_phi=nan
NaN in beta_*: layer 9, bs_iter=38, k=7612, beta_mu=2.7123237009141717e+152, beta_phi=nan
NaN in beta_*: layer 9, bs_iter=38, k=7613, beta_mu=2.974522806662511e+152, beta_phi=nan
NaN in beta_*: layer 9, bs_iter=38, k=7614, beta_mu=1.3679687035605504e+152, beta_phi=nan
NaN in beta_*: layer 9, bs_iter=38, k=7615, beta_mu=2.961434497156959e+152, beta_phi=nan
NaN in beta_*: layer 9, bs_iter=38, k=7616, beta_mu=2.8417514887169946e+152, beta_phi=nan
NaN in beta_*: layer 9, bs_iter=38, k=7618, beta_mu=2.9155776131587407e+152, beta_phi=nan
NaN in beta_*: layer 9, bs_iter=38, k=7619, beta_mu=2.8072870943501213e+152, beta_phi=nan
NaN in beta_*: layer 9, bs_iter=38, k=7620, beta_mu=9.512124656343172e+151, beta_phi=nan
NaN in beta_*: layer 9, bs_iter=38, k=7621, beta_mu=2.805085442933198e+152, beta_phi=nan
NaN in beta_*: layer 9, bs_iter=38, k=7622, beta_mu=4.439911861738153e+152, beta_phi=nan
NaN in beta_*: layer 9, bs_iter=38, k=7623, beta_mu=2.9769248133289095e+152, beta_phi=nan
NaN in beta_*: layer 9, bs_iter=38, k=7624, beta_mu=2.87192575356882e+152, beta_phi=nan
NaN in beta_*: layer 9, bs_iter=38, k=7625, beta_mu=2.926221284822477e+152, beta_phi=nan
NaN in beta_*: layer 9, bs_iter=38, k=7626, beta_mu=2.9686710854177385e+152, beta_phi=nan
NaN in beta_*: layer 9, bs_iter=38, k=7628, beta_mu=2.875722171678054e+152, beta_phi=nan
NaN in beta_*: layer 9, bs_iter=38, k=7630, beta_mu=2.8280277154376716e+152, beta_phi=nan
NaN in beta_*: layer 9, bs_iter=38, k=7631, beta_mu=7.240855321358917e+152, beta_phi=nan
NaN in beta_*: layer 9, bs_iter=38, k=7633, beta_mu=2.873788354786573e+152, beta_phi=nan
NaN in beta_*: layer 9, bs_iter=38, k=7634, beta_mu=1.5838806068094603e+152, beta_phi=nan
NaN in beta_*: layer 9, bs_iter=38, k=7635, beta_mu=2.8201722248081573e+152, beta_phi=nan
NaN in beta_*: layer 9, bs_iter=38, k=7636, beta_mu=2.857183326670539e+152, beta_phi=nan
NaN in beta_*: layer 9, bs_iter=38, k=7637, beta_mu=2.9198203456206528e+152, beta_phi=nan
NaN in beta_*: layer 9, bs_iter=38, k=7639, beta_mu=1.796486892304241e+152, beta_phi=nan
NaN in beta_*: layer 9, bs_iter=38, k=7640, beta_mu=1.6585917257670057e+152, beta_phi=nan
NaN in beta_*: layer 9, bs_iter=38, k=7641, beta_mu=1.0468381030719625e+152, beta_phi=nan
NaN in beta_*: layer 9, bs_iter=38, k=7642, beta_mu=3.279129386978834e+152, beta_phi=nan
NaN in beta_*: layer 9, bs_iter=38, k=7644, beta_mu=1.5345782832706445e+152, beta_phi=nan
NaN in beta_*: layer 9, bs_iter=38, k=7645, beta_mu=1.0689364070498e+152, beta_phi=nan
NaN in beta_*: layer 9, bs_iter=38, k=7646, beta_mu=3.7586142643920637e+152, beta_phi=nan
NaN in beta_*: layer 9, bs_iter=38, k=7648, beta_mu=1.0124877108076124e+152, beta_phi=nan
NaN in beta_*: layer 9, bs_iter=38, k=7649, beta_mu=3.5875851867096827e+152, beta_phi=nan
NaN in beta_*: layer 9, bs_iter=38, k=7653, beta_mu=1.2435728168879846e+152, beta_phi=nan
NaN in beta_*: layer 9, bs_iter=38, k=7657, beta_mu=3.5800164926394367e+152, beta_phi=nan
NaN in beta_*: layer 9, bs_iter=38, k=7661, beta_mu=1.2185905784482876e+152, beta_phi=nan
NaN in beta_*: layer 9, bs_iter=38, k=7667, beta_mu=1.1942901481097062e+152, beta_phi=nan
NaN in beta_*: layer 9, bs_iter=38, k=7677, beta_mu=1.8665662939659087e+152, beta_phi=nan
NaN in beta_*: layer 9, bs_iter=38, k=7681, beta_mu=1.234894236356859e+152, beta_phi=nan
NaN in beta_*: layer 9, bs_iter=38, k=7684, beta_mu=3.096886131233307e+152, beta_phi=nan
NaN in beta_*: layer 9, bs_iter=38, k=7687, beta_mu=1.465276720969546e+152, beta_phi=nan
NaN in beta_*: layer 9, bs_iter=38, k=7697, beta_mu=2.066052602736888e+152, beta_phi=nan
NaN in beta_*: layer 9, bs_iter=38, k=7699, beta_mu=1.1897748553174e+152, beta_phi=nan
NaN in beta_*: layer 9, bs_iter=38, k=7702, beta_mu=2.8550709865802005e+152, beta_phi=nan
NaN in beta_*: layer 9, bs_iter=38, k=7705, beta_mu=1.2110523123554708e+152, beta_phi=nan
NaN in beta_*: layer 9, bs_iter=38, k=7707, beta_mu=1.5597499849455748e+152, beta_phi=nan
NaN in beta_*: layer 9, bs_iter=38, k=7712, beta_mu=2.210139652574202e+152, beta_phi=nan
NaN in beta_*: layer 9, bs_iter=38, k=7713, beta_mu=1.2884844855831295e+152, beta_phi=nan
NaN in beta_*: layer 9, bs_iter=38, k=7717, beta_mu=3.751546733576133e+152, beta_phi=nan
NaN in beta_*: layer 9, bs_iter=38, k=7718, beta_mu=2.099643800446399e+152, beta_phi=nan
NaN in beta_*: layer 9, bs_iter=38, k=7722, beta_mu=3.782536829280808e+152, beta_phi=nan
NaN in beta_*: layer 9, bs_iter=38, k=7732, beta_mu=5.129981249849128e+152, beta_phi=nan
NaN in beta_*: layer 9, bs_iter=38, k=7734, beta_mu=2.940835811318354e+152, beta_phi=nan
NaN in beta_*: layer 9, bs_iter=38, k=7736, beta_mu=3.934342479142281e+152, beta_phi=nan
NaN in beta_*: layer 9, bs_iter=38, k=7739, beta_mu=3.942761144946553e+152, beta_phi=nan
NaN in beta_*: layer 9, bs_iter=38, k=7741, beta_mu=2.9258049084391893e+152, beta_phi=nan
NaN in beta_*: layer 9, bs_iter=38, k=7746, beta_mu=2.9257807496351755e+152, beta_phi=nan
NaN in beta_*: layer 9, bs_iter=38, k=7747, beta_mu=2.922864094330927e+152, beta_phi=nan
NaN in beta_*: layer 9, bs_iter=38, k=7748, beta_mu=2.91298742168129e+152, beta_phi=nan
NaN in beta_*: layer 9, bs_iter=38, k=7750, beta_mu=3.7754260190674927e+152, beta_phi=nan
NaN in beta_*: layer 9, bs_iter=38, k=7754, beta_mu=2.558749832193113e+152, beta_phi=nan
NaN in beta_*: layer 9, bs_iter=38, k=7760, beta_mu=9.794032769531044e+152, beta_phi=nan
NaN in beta_*: layer 9, bs_iter=38, k=7761, beta_mu=9.736931168169848e+152, beta_phi=nan
NaN in beta_*: layer 9, bs_iter=38, k=7762, beta_mu=9.667443673358926e+152, beta_phi=nan
NaN in beta_*: layer 9, bs_iter=38, k=7763, beta_mu=4.403186225216161e+152, beta_phi=nan
NaN in beta_*: layer 9, bs_iter=38, k=7764, beta_mu=8.867226051333356e+152, beta_phi=nan
NaN in beta_*: layer 9, bs_iter=38, k=7766, beta_mu=3.9677639031130483e+152, beta_phi=nan
NaN in beta_*: layer 9, bs_iter=38, k=7769, beta_mu=2.1272525528579e+152, beta_phi=nan
NaN in beta_*: layer 9, bs_iter=38, k=7775, beta_mu=2.3968906612604633e+152, beta_phi=nan
NaN in beta_*: layer 9, bs_iter=38, k=7786, beta_mu=1.6544906019548136e+152, beta_phi=nan
NaN in beta_*: layer 9, bs_iter=38, k=7790, beta_mu=2.541097477073111e+152, beta_phi=nan
NaN in beta_*: layer 9, bs_iter=38, k=7796, beta_mu=1.665602323409307e+152, beta_phi=nan
NaN in beta_*: layer 9, bs_iter=38, k=7798, beta_mu=2.4974412618082475e+152, beta_phi=nan
NaN in beta_*: layer 9, bs_iter=38, k=7802, beta_mu=1.3656393411523324e+152, beta_phi=nan
NaN in beta_*: layer 9, bs_iter=38, k=7807, beta_mu=2.608344755594213e+152, beta_phi=nan
NaN in beta_*: layer 9, bs_iter=38, k=7812, beta_mu=1.1869524010537287e+152, beta_phi=nan
NaN in beta_*: layer 9, bs_iter=38, k=7815, beta_mu=1.7340933181175255e+152, beta_phi=nan
NaN in beta_*: layer 9, bs_iter=38, k=7816, beta_mu=1.6248519907529192e+152, beta_phi=nan
NaN in beta_*: layer 9, bs_iter=38, k=7817, beta_mu=1.8235632442678906e+152, beta_phi=nan
NaN in beta_*: layer 9, bs_iter=38, k=7818, beta_mu=1.8885060948606331e+152, beta_phi=nan
NaN in beta_*: layer 9, bs_iter=38, k=7820, beta_mu=1.7991607449061626e+152, beta_phi=nan
NaN in beta_*: layer 9, bs_iter=38, k=7823, beta_mu=1.8468482569814505e+152, beta_phi=nan
NaN in beta_*: layer 9, bs_iter=38, k=7824, beta_mu=1.813070917736524e+152, beta_phi=nan
NaN in beta_*: layer 9, bs_iter=38, k=7826, beta_mu=1.8787130420780008e+152, beta_phi=nan
NaN in beta_*: layer 9, bs_iter=38, k=7827, beta_mu=1.822164907481617e+152, beta_phi=nan
NaN in beta_*: layer 9, bs_iter=38, k=7831, beta_mu=1.836161772235836e+152, beta_phi=nan
NaN in beta_*: layer 9, bs_iter=38, k=7833, beta_mu=1.8226689522508764e+152, beta_phi=nan
NaN in beta_*: layer 9, bs_iter=38, k=7834, beta_mu=1.8345271085730357e+152, beta_phi=nan
NaN in beta_*: layer 9, bs_iter=38, k=7835, beta_mu=1.8102839355276973e+152, beta_phi=nan
NaN in beta_*: layer 9, bs_iter=38, k=7837, beta_mu=1.7754172975231037e+152, beta_phi=nan
NaN in beta_*: layer 9, bs_iter=38, k=7838, beta_mu=1.834526945409118e+152, beta_phi=nan
NaN in beta_*: layer 9, bs_iter=38, k=7839, beta_mu=1.8227911030035852e+152, beta_phi=nan
NaN in beta_*: layer 9, bs_iter=38, k=7840, beta_mu=1.8347372703750188e+152, beta_phi=nan
NaN in beta_*: layer 9, bs_iter=38, k=7841, beta_mu=1.5011733159271703e+152, beta_phi=nan
NaN in beta_*: layer 9, bs_iter=38, k=7842, beta_mu=1.9785561919315728e+152, beta_phi=nan
NaN in beta_*: layer 9, bs_iter=38, k=7843, beta_mu=3.433038759183963e+152, beta_phi=nan
NaN in beta_*: layer 9, bs_iter=38, k=7844, beta_mu=5.1480470717580845e+152, beta_phi=nan
NaN in beta_*: layer 9, bs_iter=38, k=7845, beta_mu=3.487494620696597e+152, beta_phi=nan
NaN in beta_*: layer 9, bs_iter=38, k=7846, beta_mu=3.7473208055054805e+152, beta_phi=nan
NaN in beta_*: layer 9, bs_iter=38, k=7848, beta_mu=5.432988102581703e+152, beta_phi=nan
NaN in beta_*: layer 9, bs_iter=38, k=7849, beta_mu=1.252528958677325e+152, beta_phi=nan
NaN in beta_*: layer 9, bs_iter=38, k=7850, beta_mu=3.4339362052031524e+152, beta_phi=nan
NaN in beta_*: layer 9, bs_iter=38, k=7852, beta_mu=4.2612488401571995e+152, beta_phi=nan
NaN in beta_*: layer 9, bs_iter=38, k=7853, beta_mu=1.308028278705999e+152, beta_phi=nan
NaN in beta_*: layer 9, bs_iter=38, k=7854, beta_mu=2.353121038483839e+152, beta_phi=nan
NaN in beta_*: layer 9, bs_iter=38, k=7856, beta_mu=3.767738083679466e+152, beta_phi=nan
NaN in beta_*: layer 9, bs_iter=38, k=7857, beta_mu=1.7605549389839171e+152, beta_phi=nan
NaN in beta_*: layer 9, bs_iter=38, k=7859, beta_mu=1.1046143136270512e+152, beta_phi=nan
NaN in beta_*: layer 9, bs_iter=38, k=7861, beta_mu=5.442979691637476e+152, beta_phi=nan
NaN in beta_*: layer 9, bs_iter=38, k=7862, beta_mu=2.0393590461070838e+152, beta_phi=nan
NaN in beta_*: layer 9, bs_iter=38, k=7863, beta_mu=4.11509017818075e+152, beta_phi=nan
NaN in beta_*: layer 9, bs_iter=38, k=7867, beta_mu=2.031145549119151e+152, beta_phi=nan
NaN in beta_*: layer 9, bs_iter=38, k=7868, beta_mu=5.5100350744403215e+152, beta_phi=nan
NaN in beta_*: layer 9, bs_iter=38, k=7871, beta_mu=2.0448135831673877e+152, beta_phi=nan
NaN in beta_*: layer 9, bs_iter=38, k=7873, beta_mu=7.768836112755722e+152, beta_phi=nan
NaN in beta_*: layer 9, bs_iter=38, k=7875, beta_mu=3.5664237763660817e+152, beta_phi=nan
NaN in beta_*: layer 9, bs_iter=38, k=7876, beta_mu=1.0857512144171933e+152, beta_phi=nan
NaN in beta_*: layer 9, bs_iter=38, k=7879, beta_mu=1.6911665678796658e+152, beta_phi=nan
NaN in beta_*: layer 9, bs_iter=38, k=7880, beta_mu=1.8898580079925436e+152, beta_phi=nan
NaN in beta_*: layer 9, bs_iter=38, k=7882, beta_mu=5.702672967619644e+152, beta_phi=nan
NaN in beta_*: layer 9, bs_iter=38, k=7883, beta_mu=4.488360028601872e+152, beta_phi=nan
NaN in beta_*: layer 9, bs_iter=38, k=7884, beta_mu=1.8813824321220944e+152, beta_phi=nan
NaN in beta_*: layer 9, bs_iter=38, k=7887, beta_mu=2.9114085475082953e+152, beta_phi=nan
NaN in beta_*: layer 9, bs_iter=38, k=7889, beta_mu=1.2288348780035674e+153, beta_phi=nan
NaN in beta_*: layer 9, bs_iter=38, k=7890, beta_mu=9.532326595434859e+151, beta_phi=nan
NaN in beta_*: layer 9, bs_iter=38, k=7891, beta_mu=1.7951452493695164e+152, beta_phi=nan
NaN in beta_*: layer 9, bs_iter=38, k=7892, beta_mu=1.8744798282913932e+152, beta_phi=nan
NaN in beta_*: layer 9, bs_iter=38, k=7893, beta_mu=2.9743286409391277e+152, beta_phi=nan
NaN in beta_*: layer 9, bs_iter=38, k=7894, beta_mu=1.830891106228644e+152, beta_phi=nan
NaN in beta_*: layer 9, bs_iter=38, k=7895, beta_mu=1.8637697060082662e+152, beta_phi=nan
NaN in beta_*: layer 9, bs_iter=38, k=7897, beta_mu=1.9472228971176044e+152, beta_phi=nan
NaN in beta_*: layer 9, bs_iter=38, k=7898, beta_mu=1.9268762828742529e+152, beta_phi=nan
NaN in beta_*: layer 9, bs_iter=38, k=7901, beta_mu=2.4102268157347914e+152, beta_phi=nan
NaN in beta_*: layer 9, bs_iter=38, k=7902, beta_mu=1.8142447334287372e+152, beta_phi=nan
NaN in beta_*: layer 9, bs_iter=38, k=7903, beta_mu=2.4017457917234992e+152, beta_phi=nan
NaN in beta_*: layer 9, bs_iter=38, k=7905, beta_mu=6.44315739865926e+152, beta_phi=nan
NaN in beta_*: layer 9, bs_iter=38, k=7908, beta_mu=1.859093670184305e+152, beta_phi=nan
NaN in beta_*: layer 9, bs_iter=38, k=7909, beta_mu=1.859093670184305e+152, beta_phi=nan
NaN in beta_*: layer 9, bs_iter=38, k=7910, beta_mu=2.3889403206198406e+152, beta_phi=nan
NaN in beta_*: layer 9, bs_iter=38, k=7911, beta_mu=2.387168944998952e+152, beta_phi=nan
NaN in beta_*: layer 9, bs_iter=38, k=7913, beta_mu=7.219646268810523e+152, beta_phi=nan
NaN in beta_*: layer 9, bs_iter=38, k=7914, beta_mu=1.8522796016410792e+152, beta_phi=nan
NaN in beta_*: layer 9, bs_iter=38, k=7915, beta_mu=1.7875813423608978e+152, beta_phi=nan
NaN in beta_*: layer 9, bs_iter=38, k=7917, beta_mu=1.8306930978664394e+152, beta_phi=nan
NaN in beta_*: layer 9, bs_iter=38, k=7918, beta_mu=1.8178315301671724e+152, beta_phi=nan
NaN in beta_*: layer 9, bs_iter=38, k=7920, beta_mu=6.423526050792199e+152, beta_phi=nan
NaN in beta_*: layer 9, bs_iter=38, k=7922, beta_mu=3.731596936327208e+152, beta_phi=nan
NaN in beta_*: layer 9, bs_iter=38, k=7923, beta_mu=1.786858872395425e+152, beta_phi=nan
NaN in beta_*: layer 9, bs_iter=38, k=7925, beta_mu=1.7344533072225057e+152, beta_phi=nan
NaN in beta_*: layer 9, bs_iter=38, k=7926, beta_mu=2.234166780436652e+152, beta_phi=nan
NaN in beta_*: layer 9, bs_iter=38, k=7927, beta_mu=5.015891104825959e+152, beta_phi=nan
NaN in beta_*: layer 9, bs_iter=38, k=7929, beta_mu=1.9065526680552848e+152, beta_phi=nan
NaN in beta_*: layer 9, bs_iter=38, k=7931, beta_mu=1.257104456040431e+153, beta_phi=nan
NaN in beta_*: layer 9, bs_iter=38, k=7932, beta_mu=1.0208886976648441e+153, beta_phi=nan
NaN in beta_*: layer 9, bs_iter=38, k=7933, beta_mu=1.2541464043627995e+153, beta_phi=nan
NaN in beta_*: layer 9, bs_iter=38, k=7935, beta_mu=1.3390723713818495e+153, beta_phi=nan
NaN in beta_*: layer 9, bs_iter=38, k=7938, beta_mu=1.3397234580810245e+153, beta_phi=nan
NaN in beta_*: layer 9, bs_iter=38, k=7942, beta_mu=1.3716805094527883e+153, beta_phi=nan
NaN in beta_*: layer 9, bs_iter=38, k=7943, beta_mu=1.0110317811772663e+152, beta_phi=nan
NaN in beta_*: layer 9, bs_iter=38, k=7944, beta_mu=1.3459098138278253e+153, beta_phi=nan
NaN in beta_*: layer 9, bs_iter=38, k=7945, beta_mu=1.3458511035655981e+153, beta_phi=nan
NaN in beta_*: layer 9, bs_iter=38, k=7946, beta_mu=1.3440512899476296e+153, beta_phi=nan
NaN in beta_*: layer 9, bs_iter=38, k=7947, beta_mu=1.3405586151199213e+153, beta_phi=nan
NaN in beta_*: layer 9, bs_iter=38, k=7949, beta_mu=9.55767318283494e+152, beta_phi=nan
NaN in beta_*: layer 9, bs_iter=38, k=7950, beta_mu=1.3404221608042351e+153, beta_phi=nan
NaN in beta_*: layer 9, bs_iter=38, k=7957, beta_mu=1.4682130289498453e+152, beta_phi=nan
NaN in beta_*: layer 9, bs_iter=38, k=7958, beta_mu=1.847292874739396e+153, beta_phi=nan
NaN in beta_*: layer 9, bs_iter=38, k=7959, beta_mu=3.00127074558963e+152, beta_phi=nan
NaN in beta_*: layer 9, bs_iter=38, k=7961, beta_mu=1.3532954914489851e+153, beta_phi=nan
NaN in beta_*: layer 9, bs_iter=38, k=7965, beta_mu=1.0335036568021839e+153, beta_phi=nan
NaN in beta_*: layer 9, bs_iter=38, k=7966, beta_mu=1.0374585317040734e+153, beta_phi=nan
NaN in beta_*: layer 9, bs_iter=38, k=7967, beta_mu=1.0387059978874855e+153, beta_phi=nan
NaN in beta_*: layer 9, bs_iter=38, k=7968, beta_mu=1.035277258431476e+153, beta_phi=nan
NaN in beta_*: layer 9, bs_iter=38, k=7969, beta_mu=1.035280462631962e+153, beta_phi=nan
NaN in beta_*: layer 9, bs_iter=38, k=7970, beta_mu=1.025854132160077e+153, beta_phi=nan
NaN in beta_*: layer 9, bs_iter=38, k=7971, beta_mu=9.948463027462562e+151, beta_phi=nan
NaN in beta_*: layer 9, bs_iter=38, k=7972, beta_mu=1.0398494711723065e+153, beta_phi=nan
NaN in beta_*: layer 9, bs_iter=38, k=7973, beta_mu=1.3462286395122034e+153, beta_phi=nan
NaN in beta_*: layer 9, bs_iter=38, k=7976, beta_mu=9.409122994589584e+152, beta_phi=nan
NaN in beta_*: layer 9, bs_iter=38, k=7978, beta_mu=1.0359663021897678e+153, beta_phi=nan
NaN in beta_*: layer 9, bs_iter=38, k=7981, beta_mu=1.0473517073503745e+153, beta_phi=nan
NaN in beta_*: layer 9, bs_iter=38, k=7982, beta_mu=1.71454068611479e+152, beta_phi=nan
NaN in beta_*: layer 9, bs_iter=38, k=7983, beta_mu=1.0466094393257284e+153, beta_phi=nan
NaN in beta_*: layer 9, bs_iter=38, k=7984, beta_mu=1.0531517029704057e+153, beta_phi=nan
NaN in beta_*: layer 9, bs_iter=38, k=7985, beta_mu=1.0673210322636398e+153, beta_phi=nan
NaN in beta_*: layer 9, bs_iter=38, k=7987, beta_mu=1.06317108854901e+153, beta_phi=nan
NaN in beta_*: layer 9, bs_iter=38, k=7988, beta_mu=9.984103211517135e+152, beta_phi=nan
NaN in beta_*: layer 9, bs_iter=38, k=7989, beta_mu=1.3540345236356874e+153, beta_phi=nan
NaN in beta_*: layer 9, bs_iter=38, k=7993, beta_mu=1.0223941927217365e+152, beta_phi=nan
NaN in beta_*: layer 9, bs_iter=38, k=7994, beta_mu=1.0490325218367285e+153, beta_phi=nan
NaN in beta_*: layer 9, bs_iter=38, k=7995, beta_mu=1.0442304305523627e+153, beta_phi=nan
NaN in beta_*: layer 9, bs_iter=38, k=7996, beta_mu=1.044753799371552e+153, beta_phi=nan
NaN in beta_*: layer 9, bs_iter=38, k=7998, beta_mu=1.0479623689003628e+153, beta_phi=nan
NaN in beta_*: layer 9, bs_iter=38, k=7999, beta_mu=1.047962229756514e+153, beta_phi=nan
NaN in beta_*: layer 9, bs_iter=38, k=8000, beta_mu=1.0479620899873565e+153, beta_phi=nan
NaN in beta_*: layer 9, bs_iter=38, k=8001, beta_mu=9.99866110388607e+152, beta_phi=nan
NaN in beta_*: layer 9, bs_iter=38, k=8002, beta_mu=1.0050007706500336e+153, beta_phi=nan
NaN in beta_*: layer 9, bs_iter=38, k=8003, beta_mu=1.0005727394063047e+153, beta_phi=nan
NaN in beta_*: layer 9, bs_iter=38, k=8011, beta_mu=1.5355825168851518e+152, beta_phi=nan
NaN in beta_*: layer 9, bs_iter=38, k=8016, beta_mu=4.368974354481482e+152, beta_phi=nan
NaN in beta_*: layer 9, bs_iter=38, k=8017, beta_mu=1.2371790779632627e+152, beta_phi=nan
NaN in beta_*: layer 9, bs_iter=38, k=8018, beta_mu=1.914714500059003e+152, beta_phi=nan
NaN in beta_*: layer 9, bs_iter=38, k=8019, beta_mu=1.1356118893216955e+152, beta_phi=nan
NaN in beta_*: layer 9, bs_iter=38, k=8021, beta_mu=1.943022527514979e+152, beta_phi=nan
NaN in beta_*: layer 9, bs_iter=38, k=8022, beta_mu=3.4778595461705067e+152, beta_phi=nan
NaN in beta_*: layer 9, bs_iter=38, k=8023, beta_mu=5.151023785838088e+152, beta_phi=nan
NaN in beta_*: layer 9, bs_iter=38, k=8024, beta_mu=1.8053595458259603e+152, beta_phi=nan
NaN in beta_*: layer 9, bs_iter=38, k=8025, beta_mu=1.811157643314439e+152, beta_phi=nan
NaN in beta_*: layer 9, bs_iter=38, k=8027, beta_mu=1.796647001582801e+152, beta_phi=nan
NaN in beta_*: layer 9, bs_iter=38, k=8030, beta_mu=1.7656661277843195e+152, beta_phi=nan
NaN in beta_*: layer 9, bs_iter=38, k=8031, beta_mu=3.3506700108073175e+152, beta_phi=nan
NaN in beta_*: layer 9, bs_iter=38, k=8033, beta_mu=2.88351481734485e+152, beta_phi=nan
NaN in beta_*: layer 9, bs_iter=38, k=8035, beta_mu=2.7127462805845686e+152, beta_phi=nan
NaN in beta_*: layer 9, bs_iter=38, k=8038, beta_mu=1.7582718623356564e+152, beta_phi=nan
NaN in beta_*: layer 9, bs_iter=38, k=8039, beta_mu=1.8235273329864447e+152, beta_phi=nan
NaN in beta_*: layer 9, bs_iter=38, k=8043, beta_mu=6.924731621082469e+152, beta_phi=nan
NaN in beta_*: layer 9, bs_iter=38, k=8044, beta_mu=1.7063475328220681e+152, beta_phi=nan
NaN in beta_*: layer 9, bs_iter=38, k=8046, beta_mu=2.043639882890122e+152, beta_phi=nan
NaN in beta_*: layer 9, bs_iter=38, k=8049, beta_mu=3.609897818235334e+152, beta_phi=nan
NaN in beta_*: layer 9, bs_iter=38, k=8055, beta_mu=4.545397410312595e+152, beta_phi=nan
NaN in beta_*: layer 9, bs_iter=38, k=8064, beta_mu=5.070402572057074e+152, beta_phi=nan
NaN in beta_*: layer 9, bs_iter=38, k=8067, beta_mu=1.1404137483057046e+152, beta_phi=nan
NaN in beta_*: layer 9, bs_iter=38, k=8079, beta_mu=1.111180769238771e+152, beta_phi=nan
NaN in beta_*: layer 9, bs_iter=38, k=8081, beta_mu=1.0381668829817806e+152, beta_phi=nan
NaN in beta_*: layer 9, bs_iter=38, k=8083, beta_mu=2.3212727017331255e+152, beta_phi=nan
NaN in beta_*: layer 9, bs_iter=38, k=8085, beta_mu=1.8117658329209128e+152, beta_phi=nan
NaN in beta_*: layer 9, bs_iter=38, k=8092, beta_mu=1.5137598187335263e+152, beta_phi=nan
NaN in beta_*: layer 9, bs_iter=38, k=8100, beta_mu=3.2591530591867206e+152, beta_phi=nan
NaN in beta_*: layer 9, bs_iter=38, k=8102, beta_mu=4.704055724340674e+152, beta_phi=nan
NaN in beta_*: layer 9, bs_iter=38, k=8104, beta_mu=3.678090333874749e+152, beta_phi=nan
NaN in beta_*: layer 9, bs_iter=38, k=8108, beta_mu=1.683043370955085e+152, beta_phi=nan
NaN in beta_*: layer 9, bs_iter=38, k=8109, beta_mu=1.8200223439627009e+152, beta_phi=nan
NaN in beta_*: layer 9, bs_iter=38, k=8112, beta_mu=2.2495744116006683e+152, beta_phi=nan
NaN in beta_*: layer 9, bs_iter=38, k=8115, beta_mu=1.4940699068471197e+152, beta_phi=nan
NaN in beta_*: layer 9, bs_iter=38, k=8119, beta_mu=3.3211984868721994e+152, beta_phi=nan
NaN in beta_*: layer 9, bs_iter=38, k=8120, beta_mu=4.562968597885037e+152, beta_phi=nan
NaN in beta_*: layer 9, bs_iter=38, k=8123, beta_mu=1.1155680694701732e+152, beta_phi=nan
NaN in beta_*: layer 9, bs_iter=38, k=8125, beta_mu=1.306918464914247e+152, beta_phi=nan
NaN in beta_*: layer 9, bs_iter=38, k=8129, beta_mu=3.7475130902101626e+152, beta_phi=nan
NaN in beta_*: layer 9, bs_iter=38, k=8130, beta_mu=4.408323716078551e+152, beta_phi=nan
NaN in beta_*: layer 9, bs_iter=38, k=8155, beta_mu=2.5894904553239842e+152, beta_phi=nan
NaN in beta_*: layer 9, bs_iter=38, k=8167, beta_mu=7.318154038145081e+152, beta_phi=nan
NaN in beta_*: layer 9, bs_iter=38, k=8170, beta_mu=2.4765077574649183e+152, beta_phi=nan
NaN in beta_*: layer 9, bs_iter=38, k=8171, beta_mu=1.546032410371219e+152, beta_phi=nan
NaN in beta_*: layer 9, bs_iter=38, k=8177, beta_mu=2.41037986054224e+152, beta_phi=nan
NaN in beta_*: layer 9, bs_iter=38, k=8178, beta_mu=1.9112845357289325e+152, beta_phi=nan
NaN in beta_*: layer 9, bs_iter=38, k=8182, beta_mu=1.8545185643581593e+152, beta_phi=nan
NaN in beta_*: layer 9, bs_iter=38, k=8183, beta_mu=2.0333158366007822e+152, beta_phi=nan
NaN in beta_*: layer 9, bs_iter=38, k=8187, beta_mu=1.2265881204176626e+152, beta_phi=nan
NaN in beta_*: layer 9, bs_iter=38, k=8189, beta_mu=9.905960817871405e+151, beta_phi=nan
NaN in beta_*: layer 9, bs_iter=38, k=8190, beta_mu=2.204555016413372e+152, beta_phi=nan
NaN in beta_*: layer 9, bs_iter=38, k=8192, beta_mu=2.5920945925762594e+152, beta_phi=nan
NaN in beta_*: layer 9, bs_iter=38, k=8194, beta_mu=2.405474739416476e+152, beta_phi=nan
NaN in beta_*: layer 9, bs_iter=38, k=8205, beta_mu=1.5880275343046506e+152, beta_phi=nan
NaN in beta_*: layer 9, bs_iter=38, k=8207, beta_mu=4.198811271079557e+152, beta_phi=nan
NaN in beta_*: layer 9, bs_iter=38, k=8223, beta_mu=4.0302205499184227e+152, beta_phi=nan
NaN in beta_*: layer 9, bs_iter=38, k=8224, beta_mu=9.817378249724415e+151, beta_phi=nan
NaN in beta_*: layer 9, bs_iter=38, k=8236, beta_mu=2.566512345961879e+152, beta_phi=nan
NaN in beta_*: layer 9, bs_iter=38, k=8242, beta_mu=4.132333210488208e+152, beta_phi=nan
NaN in beta_*: layer 9, bs_iter=38, k=8250, beta_mu=1.3648659333857708e+152, beta_phi=nan
NaN in beta_*: layer 9, bs_iter=38, k=8252, beta_mu=1.169087165393096e+152, beta_phi=nan
NaN in beta_*: layer 9, bs_iter=38, k=8267, beta_mu=1.2325915895009175e+152, beta_phi=nan
NaN in beta_*: layer 9, bs_iter=38, k=8279, beta_mu=1.1216082325429718e+152, beta_phi=nan
NaN in beta_*: layer 9, bs_iter=38, k=8300, beta_mu=1.2237728284759832e+152, beta_phi=nan
NaN in beta_*: layer 9, bs_iter=38, k=8301, beta_mu=1.2190286796745861e+152, beta_phi=nan
NaN in beta_*: layer 9, bs_iter=38, k=8302, beta_mu=1.2016125898388825e+152, beta_phi=nan
NaN in beta_*: layer 9, bs_iter=38, k=8304, beta_mu=1.4101711053178724e+152, beta_phi=nan
NaN in beta_*: layer 9, bs_iter=38, k=8305, beta_mu=1.3964791931778089e+152, beta_phi=nan
NaN in beta_*: layer 9, bs_iter=38, k=8306, beta_mu=4.095224696522943e+152, beta_phi=nan
NaN in beta_*: layer 9, bs_iter=38, k=8316, beta_mu=1.2703563322496094e+152, beta_phi=nan
NaN in beta_*: layer 9, bs_iter=38, k=8319, beta_mu=2.822495901735718e+152, beta_phi=nan
NaN in beta_*: layer 9, bs_iter=38, k=8323, beta_mu=1.9799137593905444e+152, beta_phi=nan
NaN in beta_*: layer 9, bs_iter=38, k=8325, beta_mu=1.184705778627233e+152, beta_phi=nan
NaN in beta_*: layer 9, bs_iter=38, k=8328, beta_mu=1.621832528187544e+152, beta_phi=nan
NaN in beta_*: layer 9, bs_iter=38, k=8339, beta_mu=1.7691820703415002e+152, beta_phi=nan
NaN in beta_*: layer 9, bs_iter=38, k=8351, beta_mu=1.4720976848216153e+152, beta_phi=nan
NaN in beta_*: layer 9, bs_iter=38, k=8357, beta_mu=1.7491775706823593e+152, beta_phi=nan
NaN in beta_*: layer 9, bs_iter=38, k=8358, beta_mu=1.5378155605146081e+152, beta_phi=nan
NaN in beta_*: layer 9, bs_iter=38, k=8363, beta_mu=1.0613032651502928e+152, beta_phi=nan
NaN in beta_*: layer 9, bs_iter=38, k=8364, beta_mu=2.235910403428654e+152, beta_phi=nan
NaN in beta_*: layer 9, bs_iter=38, k=8365, beta_mu=2.0377904566165203e+152, beta_phi=nan
NaN in beta_*: layer 9, bs_iter=38, k=8366, beta_mu=1.0857246791668317e+152, beta_phi=nan
NaN in beta_*: layer 9, bs_iter=38, k=8384, beta_mu=9.966910866217427e+151, beta_phi=nan
NaN in beta_*: layer 9, bs_iter=38, k=8385, beta_mu=1.090914444602156e+152, beta_phi=nan
NaN in beta_*: layer 9, bs_iter=38, k=8403, beta_mu=1.134198846068286e+152, beta_phi=nan
NaN in beta_*: layer 9, bs_iter=38, k=8404, beta_mu=9.792586952949663e+151, beta_phi=nan
NaN in beta_*: layer 9, bs_iter=38, k=8405, beta_mu=1.3455988393417412e+152, beta_phi=nan
NaN in beta_*: layer 9, bs_iter=38, k=8410, beta_mu=1.3859460530352359e+152, beta_phi=nan
NaN in beta_*: layer 9, bs_iter=38, k=8411, beta_mu=2.222510446259334e+152, beta_phi=nan
NaN in beta_*: layer 9, bs_iter=38, k=8412, beta_mu=1.113930720049039e+152, beta_phi=nan
NaN in beta_*: layer 9, bs_iter=38, k=8413, beta_mu=1.3924405939792727e+152, beta_phi=nan
NaN in beta_*: layer 9, bs_iter=38, k=8422, beta_mu=1.0108355575667246e+152, beta_phi=nan
NaN in beta_*: layer 9, bs_iter=38, k=8427, beta_mu=9.98131748234201e+151, beta_phi=nan
NaN in beta_*: layer 9, bs_iter=38, k=8428, beta_mu=1.0815814037082702e+152, beta_phi=nan
NaN in beta_*: layer 9, bs_iter=38, k=8436, beta_mu=1.0908067935782937e+152, beta_phi=nan
NaN in beta_*: layer 9, bs_iter=38, k=8449, beta_mu=9.526482525558307e+151, beta_phi=nan
NaN in beta_*: layer 9, bs_iter=38, k=8451, beta_mu=1.1006352084960252e+152, beta_phi=nan
NaN in beta_*: layer 9, bs_iter=38, k=8452, beta_mu=1.0188334735967298e+152, beta_phi=nan
NaN in beta_*: layer 9, bs_iter=38, k=8454, beta_mu=1.3988667886966731e+152, beta_phi=nan
NaN in beta_*: layer 9, bs_iter=38, k=8459, beta_mu=1.065766979845917e+152, beta_phi=nan
NaN in beta_*: layer 9, bs_iter=38, k=8466, beta_mu=4.257602254787926e+152, beta_phi=nan
NaN in beta_*: layer 9, bs_iter=38, k=8472, beta_mu=1.134897658576491e+152, beta_phi=nan
NaN in beta_*: layer 9, bs_iter=38, k=8473, beta_mu=1.0422664082224565e+152, beta_phi=nan
NaN in beta_*: layer 9, bs_iter=38, k=8476, beta_mu=1.0205857663180099e+152, beta_phi=nan
NaN in beta_*: layer 9, bs_iter=38, k=8479, beta_mu=9.594718237773857e+151, beta_phi=nan
NaN in beta_*: layer 9, bs_iter=38, k=8492, beta_mu=1.0821609921724253e+152, beta_phi=nan
NaN in beta_*: layer 9, bs_iter=38, k=8493, beta_mu=1.0244001857854883e+152, beta_phi=nan
NaN in beta_*: layer 9, bs_iter=38, k=8496, beta_mu=1.6716629889147404e+152, beta_phi=nan
NaN in beta_*: layer 9, bs_iter=38, k=8507, beta_mu=1.1502741836853373e+152, beta_phi=nan
NaN in beta_*: layer 9, bs_iter=38, k=8513, beta_mu=1.0264100962531234e+152, beta_phi=nan
NaN in beta_*: layer 9, bs_iter=38, k=8514, beta_mu=1.0380346697143296e+152, beta_phi=nan
NaN in beta_*: layer 9, bs_iter=38, k=8520, beta_mu=1.6195372584176133e+152, beta_phi=nan
NaN in beta_*: layer 9, bs_iter=38, k=8523, beta_mu=1.2177622685559715e+152, beta_phi=nan
NaN in beta_*: layer 9, bs_iter=38, k=8524, beta_mu=1.269575391443554e+152, beta_phi=nan
NaN in beta_*: layer 9, bs_iter=38, k=8528, beta_mu=9.951391420315578e+151, beta_phi=nan
NaN in beta_*: layer 9, bs_iter=38, k=8531, beta_mu=1.4588227789918248e+152, beta_phi=nan
NaN in beta_*: layer 9, bs_iter=38, k=8536, beta_mu=1.0195699433088543e+152, beta_phi=nan
NaN in beta_*: layer 9, bs_iter=38, k=8537, beta_mu=6.003109187282341e+152, beta_phi=nan
NaN in beta_*: layer 9, bs_iter=38, k=8540, beta_mu=2.0127434072061395e+152, beta_phi=nan
NaN in beta_*: layer 9, bs_iter=38, k=8541, beta_mu=1.992488598975936e+152, beta_phi=nan
NaN in beta_*: layer 9, bs_iter=38, k=8552, beta_mu=9.903232260570658e+151, beta_phi=nan
NaN in beta_*: layer 9, bs_iter=38, k=8554, beta_mu=1.2914857709890389e+152, beta_phi=nan
NaN in beta_*: layer 9, bs_iter=38, k=8555, beta_mu=9.494147350411556e+151, beta_phi=nan
NaN in beta_*: layer 9, bs_iter=38, k=8560, beta_mu=4.624126239129085e+152, beta_phi=nan
NaN in beta_*: layer 9, bs_iter=38, k=8562, beta_mu=4.284881510914909e+152, beta_phi=nan
NaN in beta_*: layer 9, bs_iter=38, k=8565, beta_mu=1.6148617381568511e+152, beta_phi=nan
NaN in beta_*: layer 9, bs_iter=38, k=8567, beta_mu=3.775054311779318e+152, beta_phi=nan
NaN in beta_*: layer 9, bs_iter=38, k=8568, beta_mu=1.83717816080991e+152, beta_phi=nan
NaN in beta_*: layer 9, bs_iter=38, k=8569, beta_mu=6.209378949396885e+152, beta_phi=nan
NaN in beta_*: layer 9, bs_iter=38, k=8570, beta_mu=3.8323805553956153e+152, beta_phi=nan
NaN in beta_*: layer 9, bs_iter=38, k=8574, beta_mu=2.4173252904536205e+152, beta_phi=nan
NaN in beta_*: layer 9, bs_iter=38, k=8575, beta_mu=3.1355530049605585e+152, beta_phi=nan
NaN in beta_*: layer 9, bs_iter=38, k=8576, beta_mu=4.1776467669620864e+152, beta_phi=nan
NaN in beta_*: layer 9, bs_iter=38, k=8580, beta_mu=4.63207351367722e+152, beta_phi=nan
NaN in beta_*: layer 9, bs_iter=38, k=8582, beta_mu=1.5928474914221595e+152, beta_phi=nan
NaN in beta_*: layer 9, bs_iter=38, k=8583, beta_mu=3.91367502902646e+152, beta_phi=nan
NaN in beta_*: layer 9, bs_iter=38, k=8585, beta_mu=3.7313331639735086e+152, beta_phi=nan
NaN in beta_*: layer 9, bs_iter=38, k=8586, beta_mu=3.751537541520071e+152, beta_phi=nan
NaN in beta_*: layer 9, bs_iter=38, k=8587, beta_mu=9.1259623708298e+152, beta_phi=nan
NaN in beta_*: layer 9, bs_iter=38, k=8588, beta_mu=2.380238829578831e+152, beta_phi=nan
NaN in beta_*: layer 9, bs_iter=38, k=8590, beta_mu=4.51538235822915e+152, beta_phi=nan
NaN in beta_*: layer 9, bs_iter=38, k=8593, beta_mu=3.3924297987119933e+152, beta_phi=nan
NaN in beta_*: layer 9, bs_iter=38, k=8594, beta_mu=4.204994081903162e+152, beta_phi=nan
NaN in beta_*: layer 9, bs_iter=38, k=8599, beta_mu=3.7889755904850373e+152, beta_phi=nan
NaN in beta_*: layer 9, bs_iter=38, k=8600, beta_mu=3.315957385918293e+152, beta_phi=nan
NaN in beta_*: layer 9, bs_iter=38, k=8601, beta_mu=3.647710062409287e+152, beta_phi=nan
NaN in beta_*: layer 9, bs_iter=38, k=8602, beta_mu=3.236552145568162e+152, beta_phi=nan
NaN in beta_*: layer 9, bs_iter=38, k=8604, beta_mu=1.3189102180392806e+153, beta_phi=nan
NaN in beta_*: layer 9, bs_iter=38, k=8608, beta_mu=9.675932714196592e+151, beta_phi=nan
NaN in beta_*: layer 9, bs_iter=38, k=8611, beta_mu=3.2658293141421143e+152, beta_phi=nan
NaN in beta_*: layer 9, bs_iter=38, k=8612, beta_mu=3.6170072652418277e+152, beta_phi=nan
NaN in beta_*: layer 9, bs_iter=38, k=8613, beta_mu=1.1252996080018675e+153, beta_phi=nan
NaN in beta_*: layer 9, bs_iter=38, k=8615, beta_mu=3.8812091277187675e+152, beta_phi=nan
NaN in beta_*: layer 9, bs_iter=38, k=8617, beta_mu=2.492154467319986e+152, beta_phi=nan
NaN in beta_*: layer 9, bs_iter=38, k=8618, beta_mu=5.9154509140220665e+152, beta_phi=nan
NaN in beta_*: layer 9, bs_iter=38, k=8619, beta_mu=4.59831873426625e+152, beta_phi=nan
NaN in beta_*: layer 9, bs_iter=38, k=8620, beta_mu=1.2082782234608606e+152, beta_phi=nan
NaN in beta_*: layer 9, bs_iter=38, k=8622, beta_mu=2.0389491486631255e+152, beta_phi=nan
NaN in beta_*: layer 9, bs_iter=38, k=8623, beta_mu=1.9969102870820843e+152, beta_phi=nan
NaN in beta_*: layer 9, bs_iter=38, k=8624, beta_mu=3.879669277923354e+152, beta_phi=nan
NaN in beta_*: layer 9, bs_iter=38, k=8626, beta_mu=1.9283337348500703e+152, beta_phi=nan
NaN in beta_*: layer 9, bs_iter=38, k=8627, beta_mu=1.2353224627831684e+152, beta_phi=nan
NaN in beta_*: layer 9, bs_iter=38, k=8628, beta_mu=3.956048070719467e+152, beta_phi=nan
NaN in beta_*: layer 9, bs_iter=38, k=8630, beta_mu=2.1986035323471195e+152, beta_phi=nan
NaN in beta_*: layer 9, bs_iter=38, k=8631, beta_mu=1.390115340761464e+152, beta_phi=nan
NaN in beta_*: layer 9, bs_iter=38, k=8632, beta_mu=1.9377902331913487e+152, beta_phi=nan
NaN in beta_*: layer 9, bs_iter=38, k=8633, beta_mu=7.077166186222482e+152, beta_phi=nan
NaN in beta_*: layer 9, bs_iter=38, k=8634, beta_mu=1.9538097190767674e+152, beta_phi=nan
NaN in beta_*: layer 9, bs_iter=38, k=8635, beta_mu=1.9401263620823002e+152, beta_phi=nan
NaN in beta_*: layer 9, bs_iter=38, k=8636, beta_mu=3.8625778548633356e+152, beta_phi=nan
NaN in beta_*: layer 9, bs_iter=38, k=8637, beta_mu=1.2576041459798478e+152, beta_phi=nan
NaN in beta_*: layer 9, bs_iter=38, k=8638, beta_mu=1.26360239720073e+152, beta_phi=nan
NaN in beta_*: layer 9, bs_iter=38, k=8640, beta_mu=3.6631121184505327e+152, beta_phi=nan
NaN in beta_*: layer 9, bs_iter=38, k=8642, beta_mu=6.7137227148648945e+152, beta_phi=nan
NaN in beta_*: layer 9, bs_iter=38, k=8644, beta_mu=2.07773019771605e+152, beta_phi=nan
NaN in beta_*: layer 9, bs_iter=38, k=8645, beta_mu=1.2399711814675507e+152, beta_phi=nan
NaN in beta_*: layer 9, bs_iter=38, k=8647, beta_mu=2.059509872065688e+152, beta_phi=nan
NaN in beta_*: layer 9, bs_iter=38, k=8648, beta_mu=3.571717626176743e+152, beta_phi=nan
NaN in beta_*: layer 9, bs_iter=38, k=8649, beta_mu=3.364304522973065e+152, beta_phi=nan
NaN in beta_*: layer 9, bs_iter=38, k=8652, beta_mu=1.218534123923802e+152, beta_phi=nan
NaN in beta_*: layer 9, bs_iter=38, k=8654, beta_mu=1.1025094935052243e+152, beta_phi=nan
NaN in beta_*: layer 9, bs_iter=38, k=8657, beta_mu=9.972980231550481e+151, beta_phi=nan
NaN in beta_*: layer 9, bs_iter=38, k=8658, beta_mu=1.3728837769427832e+152, beta_phi=nan
NaN in beta_*: layer 9, bs_iter=38, k=8659, beta_mu=1.0234612854678496e+152, beta_phi=nan
NaN in beta_*: layer 9, bs_iter=38, k=8660, beta_mu=1.1122756384844047e+152, beta_phi=nan
NaN in beta_*: layer 9, bs_iter=38, k=8661, beta_mu=1.1338857737874454e+152, beta_phi=nan
NaN in beta_*: layer 9, bs_iter=38, k=8662, beta_mu=1.1338857737874454e+152, beta_phi=nan
NaN in beta_*: layer 9, bs_iter=38, k=8663, beta_mu=1.0389487481931724e+152, beta_phi=nan
NaN in beta_*: layer 9, bs_iter=38, k=8665, beta_mu=1.1503769588165875e+152, beta_phi=nan
NaN in beta_*: layer 9, bs_iter=38, k=8666, beta_mu=1.0888636508509715e+152, beta_phi=nan
NaN in beta_*: layer 9, bs_iter=38, k=8668, beta_mu=9.595564172072806e+151, beta_phi=nan
NaN in beta_*: layer 9, bs_iter=38, k=8670, beta_mu=2.5566995852010907e+152, beta_phi=nan
NaN in beta_*: layer 9, bs_iter=38, k=8672, beta_mu=1.158727794669161e+152, beta_phi=nan
NaN in beta_*: layer 9, bs_iter=38, k=8692, beta_mu=1.1535822757383584e+152, beta_phi=nan
NaN in beta_*: layer 9, bs_iter=38, k=8701, beta_mu=1.340644317040311e+152, beta_phi=nan
NaN in beta_*: layer 9, bs_iter=38, k=8706, beta_mu=1.1409506740993533e+152, beta_phi=nan
NaN in beta_*: layer 9, bs_iter=38, k=8715, beta_mu=9.641986205140341e+151, beta_phi=nan
NaN in beta_*: layer 9, bs_iter=38, k=8742, beta_mu=1.4144483083438616e+152, beta_phi=nan
NaN in beta_*: layer 9, bs_iter=38, k=8744, beta_mu=1.0019763974465406e+152, beta_phi=nan
NaN in beta_*: layer 9, bs_iter=38, k=8757, beta_mu=1.0823719951292978e+152, beta_phi=nan
NaN in beta_*: layer 9, bs_iter=38, k=8771, beta_mu=1.1914837661780074e+152, beta_phi=nan
NaN in beta_*: layer 9, bs_iter=38, k=8777, beta_mu=1.2366618078737536e+152, beta_phi=nan
NaN in beta_*: layer 9, bs_iter=38, k=8779, beta_mu=1.2366648582357158e+152, beta_phi=nan
NaN in beta_*: layer 9, bs_iter=38, k=8781, beta_mu=2.455715192910367e+152, beta_phi=nan
NaN in beta_*: layer 9, bs_iter=38, k=8787, beta_mu=1.2087837065527454e+152, beta_phi=nan
NaN in beta_*: layer 9, bs_iter=38, k=8795, beta_mu=2.336249286895503e+152, beta_phi=nan
NaN in beta_*: layer 9, bs_iter=38, k=8819, beta_mu=1.1632506476552287e+152, beta_phi=nan
NaN in beta_*: layer 9, bs_iter=38, k=8822, beta_mu=4.009704858618216e+152, beta_phi=nan
NaN in beta_*: layer 9, bs_iter=38, k=8826, beta_mu=5.716528396231907e+152, beta_phi=nan
NaN in beta_*: layer 9, bs_iter=38, k=8833, beta_mu=3.1516104768276613e+152, beta_phi=nan
NaN in beta_*: layer 9, bs_iter=38, k=8835, beta_mu=3.312161769587901e+152, beta_phi=nan
NaN in beta_*: layer 9, bs_iter=38, k=8838, beta_mu=3.708516106860458e+152, beta_phi=nan
NaN in beta_*: layer 9, bs_iter=38, k=8842, beta_mu=1.0526054697339255e+152, beta_phi=nan
NaN in beta_*: layer 9, bs_iter=38, k=8843, beta_mu=1.0427681483632463e+152, beta_phi=nan
NaN in beta_*: layer 9, bs_iter=38, k=8845, beta_mu=9.693712705280215e+151, beta_phi=nan
NaN in beta_*: layer 9, bs_iter=38, k=8849, beta_mu=9.608621284645627e+151, beta_phi=nan
NaN in beta_*: layer 9, bs_iter=38, k=8853, beta_mu=5.144907777245539e+152, beta_phi=nan
NaN in beta_*: layer 9, bs_iter=38, k=8857, beta_mu=3.3329817019619085e+152, beta_phi=nan
NaN in beta_*: layer 9, bs_iter=38, k=8860, beta_mu=3.462725283755015e+152, beta_phi=nan
NaN in beta_*: layer 9, bs_iter=38, k=8862, beta_mu=1.7408614846347e+152, beta_phi=nan
NaN in beta_*: layer 9, bs_iter=38, k=8863, beta_mu=2.694828396218913e+152, beta_phi=nan
NaN in beta_*: layer 9, bs_iter=38, k=8865, beta_mu=9.608607740894191e+151, beta_phi=nan
NaN in beta_*: layer 9, bs_iter=38, k=8866, beta_mu=2.8738636773626837e+152, beta_phi=nan
NaN in beta_*: layer 9, bs_iter=38, k=8867, beta_mu=2.772725217938704e+152, beta_phi=nan
NaN in beta_*: layer 9, bs_iter=38, k=8869, beta_mu=2.6225800414836884e+152, beta_phi=nan
NaN in beta_*: layer 9, bs_iter=38, k=8871, beta_mu=2.6572090988783085e+152, beta_phi=nan
NaN in beta_*: layer 9, bs_iter=38, k=8873, beta_mu=2.6160091595464057e+152, beta_phi=nan
NaN in beta_*: layer 9, bs_iter=38, k=8874, beta_mu=2.5377495392019267e+152, beta_phi=nan
NaN in beta_*: layer 9, bs_iter=38, k=8875, beta_mu=3.2386291972303585e+152, beta_phi=nan
NaN in beta_*: layer 9, bs_iter=38, k=8877, beta_mu=2.6688143818746436e+152, beta_phi=nan
NaN in beta_*: layer 9, bs_iter=38, k=8879, beta_mu=1.0972021773562972e+152, beta_phi=nan
NaN in beta_*: layer 9, bs_iter=38, k=8881, beta_mu=3.081976955779693e+152, beta_phi=nan
NaN in beta_*: layer 9, bs_iter=38, k=8882, beta_mu=2.508410130582968e+152, beta_phi=nan
NaN in beta_*: layer 9, bs_iter=38, k=8885, beta_mu=1.1867196303174895e+152, beta_phi=nan
NaN in beta_*: layer 9, bs_iter=38, k=8886, beta_mu=2.5514298167425106e+152, beta_phi=nan
NaN in beta_*: layer 9, bs_iter=38, k=8890, beta_mu=4.296486623913158e+152, beta_phi=nan
NaN in beta_*: layer 9, bs_iter=38, k=8892, beta_mu=4.589482371409629e+152, beta_phi=nan
NaN in beta_*: layer 9, bs_iter=38, k=8893, beta_mu=1.3082569539360779e+152, beta_phi=nan
NaN in beta_*: layer 9, bs_iter=38, k=8895, beta_mu=2.1972649129781437e+152, beta_phi=nan
NaN in beta_*: layer 9, bs_iter=38, k=8896, beta_mu=2.186197083272656e+152, beta_phi=nan
NaN in beta_*: layer 9, bs_iter=38, k=8899, beta_mu=1.2046977497478686e+152, beta_phi=nan
NaN in beta_*: layer 9, bs_iter=38, k=8901, beta_mu=2.535959150971975e+152, beta_phi=nan
NaN in beta_*: layer 9, bs_iter=38, k=8902, beta_mu=1.3149120589915513e+152, beta_phi=nan
NaN in beta_*: layer 9, bs_iter=38, k=8904, beta_mu=1.6730080037859334e+152, beta_phi=nan
NaN in beta_*: layer 9, bs_iter=38, k=8905, beta_mu=2.3496206031047116e+152, beta_phi=nan
NaN in beta_*: layer 9, bs_iter=38, k=8908, beta_mu=2.5597904944390154e+152, beta_phi=nan
NaN in beta_*: layer 9, bs_iter=38, k=8910, beta_mu=1.0418717027136e+152, beta_phi=nan
NaN in beta_*: layer 9, bs_iter=38, k=8914, beta_mu=1.435816283590397e+152, beta_phi=nan
NaN in beta_*: layer 9, bs_iter=38, k=8915, beta_mu=1.2047203523627055e+152, beta_phi=nan
NaN in beta_*: layer 9, bs_iter=38, k=8921, beta_mu=1.7906205894125992e+152, beta_phi=nan
NaN in beta_*: layer 9, bs_iter=38, k=8922, beta_mu=1.9951865633709362e+152, beta_phi=nan
NaN in beta_*: layer 9, bs_iter=38, k=8923, beta_mu=2.674420650795997e+152, beta_phi=nan
NaN in beta_*: layer 9, bs_iter=38, k=8924, beta_mu=1.9808081050302322e+152, beta_phi=nan
NaN in beta_*: layer 9, bs_iter=38, k=8925, beta_mu=1.7479662445341707e+152, beta_phi=nan
NaN in beta_*: layer 9, bs_iter=38, k=8927, beta_mu=1.0949676278046608e+152, beta_phi=nan
NaN in beta_*: layer 9, bs_iter=38, k=8930, beta_mu=1.180560434584601e+152, beta_phi=nan
NaN in beta_*: layer 9, bs_iter=38, k=8933, beta_mu=2.000557381650472e+152, beta_phi=nan
NaN in beta_*: layer 9, bs_iter=38, k=8934, beta_mu=1.0382470955620103e+152, beta_phi=nan
NaN in beta_*: layer 9, bs_iter=38, k=8941, beta_mu=1.743113421912512e+152, beta_phi=nan
NaN in beta_*: layer 9, bs_iter=38, k=8950, beta_mu=2.0522402546732623e+152, beta_phi=nan
NaN in beta_*: layer 9, bs_iter=38, k=8953, beta_mu=1.357657502780647e+152, beta_phi=nan
NaN in beta_*: layer 9, bs_iter=38, k=8956, beta_mu=1.7431274874094918e+152, beta_phi=nan
NaN in beta_*: layer 9, bs_iter=38, k=8957, beta_mu=1.3523807128625532e+152, beta_phi=nan
NaN in beta_*: layer 9, bs_iter=38, k=8960, beta_mu=1.3557379898477548e+152, beta_phi=nan
NaN in beta_*: layer 9, bs_iter=38, k=8965, beta_mu=2.1896572517090307e+152, beta_phi=nan
NaN in beta_*: layer 9, bs_iter=38, k=8974, beta_mu=9.663418239153623e+151, beta_phi=nan
NaN in beta_*: layer 9, bs_iter=38, k=8975, beta_mu=1.2391172703235584e+152, beta_phi=nan
NaN in beta_*: layer 9, bs_iter=38, k=8976, beta_mu=1.2585361084793505e+152, beta_phi=nan
NaN in beta_*: layer 9, bs_iter=38, k=8978, beta_mu=1.5360950730742993e+152, beta_phi=nan
NaN in beta_*: layer 9, bs_iter=38, k=8980, beta_mu=1.6013086386826677e+152, beta_phi=nan
NaN in beta_*: layer 9, bs_iter=38, k=8984, beta_mu=1.5539817514931153e+152, beta_phi=nan
NaN in beta_*: layer 9, bs_iter=38, k=8986, beta_mu=1.453760180189311e+152, beta_phi=nan
NaN in beta_*: layer 9, bs_iter=38, k=8988, beta_mu=2.2913258349401155e+152, beta_phi=nan
NaN in beta_*: layer 9, bs_iter=38, k=8989, beta_mu=1.4756063985617562e+152, beta_phi=nan
NaN in beta_*: layer 9, bs_iter=38, k=8991, beta_mu=1.2409762093927438e+152, beta_phi=nan
NaN in beta_*: layer 9, bs_iter=38, k=8992, beta_mu=1.2102639548168838e+152, beta_phi=nan
NaN in beta_*: layer 9, bs_iter=38, k=9000, beta_mu=1.2586459014440057e+152, beta_phi=nan
NaN in beta_*: layer 9, bs_iter=38, k=9003, beta_mu=1.9844286947533186e+152, beta_phi=nan
NaN in beta_*: layer 9, bs_iter=38, k=9008, beta_mu=1.2464560678007397e+152, beta_phi=nan
NaN in beta_*: layer 9, bs_iter=38, k=9012, beta_mu=1.5428613753151772e+152, beta_phi=nan
NaN in beta_*: layer 9, bs_iter=38, k=9013, beta_mu=2.5080742863546613e+152, beta_phi=nan
NaN in beta_*: layer 9, bs_iter=38, k=9015, beta_mu=2.5207595130017234e+152, beta_phi=nan
NaN in beta_*: layer 9, bs_iter=38, k=9016, beta_mu=3.3302266253740675e+152, beta_phi=nan
NaN in beta_*: layer 9, bs_iter=38, k=9021, beta_mu=1.555551091817699e+152, beta_phi=nan
NaN in beta_*: layer 9, bs_iter=38, k=9023, beta_mu=1.4853908165305131e+152, beta_phi=nan
NaN in beta_*: layer 9, bs_iter=38, k=9024, beta_mu=3.3922911840921996e+152, beta_phi=nan
NaN in beta_*: layer 9, bs_iter=38, k=9026, beta_mu=1.4861582833097282e+152, beta_phi=nan
NaN in beta_*: layer 9, bs_iter=38, k=9027, beta_mu=3.378257615170389e+152, beta_phi=nan
NaN in beta_*: layer 9, bs_iter=38, k=9028, beta_mu=3.3782565466819014e+152, beta_phi=nan
NaN in beta_*: layer 9, bs_iter=38, k=9030, beta_mu=1.4861575843702139e+152, beta_phi=nan
NaN in beta_*: layer 9, bs_iter=38, k=9031, beta_mu=1.683869647932333e+152, beta_phi=nan
NaN in beta_*: layer 9, bs_iter=38, k=9033, beta_mu=2.603690164142289e+152, beta_phi=nan
NaN in beta_*: layer 9, bs_iter=38, k=9038, beta_mu=2.3555418632735268e+152, beta_phi=nan
NaN in beta_*: layer 9, bs_iter=38, k=9050, beta_mu=2.357958848845054e+152, beta_phi=nan
NaN in beta_*: layer 9, bs_iter=38, k=9051, beta_mu=2.1660006819287725e+152, beta_phi=nan
NaN in beta_*: layer 9, bs_iter=38, k=9052, beta_mu=2.807100347817789e+152, beta_phi=nan
NaN in beta_*: layer 9, bs_iter=38, k=9057, beta_mu=2.8267037517318184e+152, beta_phi=nan
NaN in beta_*: layer 9, bs_iter=38, k=9058, beta_mu=2.689712753837072e+152, beta_phi=nan
NaN in beta_*: layer 9, bs_iter=38, k=9059, beta_mu=2.1462724479164056e+152, beta_phi=nan
NaN in beta_*: layer 9, bs_iter=38, k=9061, beta_mu=1.1648574834230047e+152, beta_phi=nan
NaN in beta_*: layer 9, bs_iter=38, k=9063, beta_mu=9.762054711613569e+151, beta_phi=nan
NaN in beta_*: layer 9, bs_iter=38, k=9064, beta_mu=1.0068046722150201e+152, beta_phi=nan
NaN in beta_*: layer 9, bs_iter=38, k=9065, beta_mu=2.0276221968291464e+152, beta_phi=nan
NaN in beta_*: layer 9, bs_iter=38, k=9066, beta_mu=1.3379600365065168e+152, beta_phi=nan
NaN in beta_*: layer 9, bs_iter=38, k=9067, beta_mu=2.280976359278299e+152, beta_phi=nan
NaN in beta_*: layer 9, bs_iter=38, k=9073, beta_mu=3.454844832710107e+152, beta_phi=nan
NaN in beta_*: layer 9, bs_iter=38, k=9077, beta_mu=1.062574241616758e+152, beta_phi=nan
NaN in beta_*: layer 9, bs_iter=38, k=9078, beta_mu=2.1879628430456554e+152, beta_phi=nan
NaN in beta_*: layer 9, bs_iter=38, k=9086, beta_mu=2.0396058115107209e+152, beta_phi=nan
NaN in beta_*: layer 9, bs_iter=38, k=9087, beta_mu=2.0652532999265776e+152, beta_phi=nan
NaN in beta_*: layer 9, bs_iter=38, k=9091, beta_mu=1.1199941239649508e+152, beta_phi=nan
NaN in beta_*: layer 9, bs_iter=38, k=9093, beta_mu=2.030980480749599e+152, beta_phi=nan
NaN in beta_*: layer 9, bs_iter=38, k=9094, beta_mu=2.1144707032269247e+152, beta_phi=nan
NaN in beta_*: layer 9, bs_iter=38, k=9095, beta_mu=1.437304632117718e+152, beta_phi=nan
NaN in beta_*: layer 9, bs_iter=38, k=9096, beta_mu=1.1326974385771238e+152, beta_phi=nan
NaN in beta_*: layer 9, bs_iter=38, k=9098, beta_mu=2.0309786832009005e+152, beta_phi=nan
NaN in beta_*: layer 9, bs_iter=38, k=9103, beta_mu=2.161814841109087e+152, beta_phi=nan
NaN in beta_*: layer 9, bs_iter=38, k=9104, beta_mu=9.884214923716443e+151, beta_phi=nan
NaN in beta_*: layer 9, bs_iter=38, k=9108, beta_mu=2.1882772889550267e+152, beta_phi=nan
NaN in beta_*: layer 9, bs_iter=38, k=9109, beta_mu=2.27166146182872e+152, beta_phi=nan
NaN in beta_*: layer 9, bs_iter=38, k=9110, beta_mu=1.1585103393122908e+152, beta_phi=nan
NaN in beta_*: layer 9, bs_iter=38, k=9111, beta_mu=2.1529308312796487e+152, beta_phi=nan
NaN in beta_*: layer 9, bs_iter=38, k=9113, beta_mu=9.915065798390302e+151, beta_phi=nan
NaN in beta_*: layer 9, bs_iter=38, k=9115, beta_mu=1.9917653577183725e+152, beta_phi=nan
NaN in beta_*: layer 9, bs_iter=38, k=9116, beta_mu=9.742442544550074e+151, beta_phi=nan
NaN in beta_*: layer 9, bs_iter=38, k=9117, beta_mu=1.0450340936120794e+152, beta_phi=nan
NaN in beta_*: layer 9, bs_iter=38, k=9121, beta_mu=2.021897359264454e+152, beta_phi=nan
NaN in beta_*: layer 9, bs_iter=38, k=9127, beta_mu=1.9421002911130245e+152, beta_phi=nan
NaN in beta_*: layer 9, bs_iter=38, k=9129, beta_mu=1.9746181332993281e+152, beta_phi=nan
NaN in beta_*: layer 9, bs_iter=38, k=9131, beta_mu=1.1144760050041253e+152, beta_phi=nan
NaN in beta_*: layer 9, bs_iter=38, k=9132, beta_mu=1.1341720556420816e+152, beta_phi=nan
NaN in beta_*: layer 9, bs_iter=38, k=9135, beta_mu=1.8652011199073415e+152, beta_phi=nan
NaN in beta_*: layer 9, bs_iter=38, k=9137, beta_mu=9.712281860577526e+151, beta_phi=nan
NaN in beta_*: layer 9, bs_iter=38, k=9138, beta_mu=4.562171895650344e+152, beta_phi=nan
NaN in beta_*: layer 9, bs_iter=38, k=9140, beta_mu=9.720605597475705e+151, beta_phi=nan
NaN in beta_*: layer 9, bs_iter=38, k=9142, beta_mu=1.9324775306922938e+152, beta_phi=nan
NaN in beta_*: layer 9, bs_iter=38, k=9145, beta_mu=1.4134255934978689e+152, beta_phi=nan
NaN in beta_*: layer 9, bs_iter=38, k=9146, beta_mu=2.777851407148803e+152, beta_phi=nan
NaN in beta_*: layer 9, bs_iter=38, k=9147, beta_mu=1.4244083187511527e+152, beta_phi=nan
NaN in beta_*: layer 9, bs_iter=38, k=9148, beta_mu=1.9592111617604486e+152, beta_phi=nan
NaN in beta_*: layer 9, bs_iter=38, k=9149, beta_mu=1.247185667300545e+152, beta_phi=nan
NaN in beta_*: layer 9, bs_iter=38, k=9151, beta_mu=2.541753054750225e+152, beta_phi=nan
NaN in beta_*: layer 9, bs_iter=38, k=9154, beta_mu=1.1134377939677956e+152, beta_phi=nan
NaN in beta_*: layer 9, bs_iter=38, k=9162, beta_mu=1.4324663092272595e+152, beta_phi=nan
NaN in beta_*: layer 9, bs_iter=38, k=9168, beta_mu=9.822230080031652e+151, beta_phi=nan
NaN in beta_*: layer 9, bs_iter=38, k=9170, beta_mu=1.1052391155795186e+152, beta_phi=nan
NaN in beta_*: layer 9, bs_iter=38, k=9185, beta_mu=2.1707100725849997e+152, beta_phi=nan
NaN in beta_*: layer 9, bs_iter=38, k=9187, beta_mu=2.0762653530785976e+152, beta_phi=nan
NaN in beta_*: layer 9, bs_iter=38, k=9192, beta_mu=2.2143507744074484e+152, beta_phi=nan
NaN in beta_*: layer 9, bs_iter=38, k=9202, beta_mu=2.0116371636340675e+152, beta_phi=nan
NaN in beta_*: layer 9, bs_iter=38, k=9207, beta_mu=2.114529654036558e+152, beta_phi=nan
NaN in beta_*: layer 9, bs_iter=38, k=9217, beta_mu=1.864701692465973e+152, beta_phi=nan
NaN in beta_*: layer 9, bs_iter=38, k=9221, beta_mu=1.800359936630499e+152, beta_phi=nan
NaN in beta_*: layer 9, bs_iter=38, k=9224, beta_mu=1.2263201529612287e+152, beta_phi=nan
NaN in beta_*: layer 9, bs_iter=38, k=9229, beta_mu=2.137760104754689e+152, beta_phi=nan
NaN in beta_*: layer 9, bs_iter=38, k=9231, beta_mu=1.0450821522201888e+152, beta_phi=nan
NaN in beta_*: layer 9, bs_iter=38, k=9239, beta_mu=2.3248485402300432e+152, beta_phi=nan
NaN in beta_*: layer 9, bs_iter=38, k=9240, beta_mu=2.300767877639725e+152, beta_phi=nan
NaN in beta_*: layer 9, bs_iter=38, k=9241, beta_mu=2.470391227612488e+152, beta_phi=nan
NaN in beta_*: layer 9, bs_iter=38, k=9248, beta_mu=2.3093619201904044e+152, beta_phi=nan
NaN in beta_*: layer 9, bs_iter=38, k=9249, beta_mu=2.7658203431503994e+152, beta_phi=nan
NaN in beta_*: layer 9, bs_iter=38, k=9250, beta_mu=1.6665308046696842e+152, beta_phi=nan
NaN in beta_*: layer 9, bs_iter=38, k=9261, beta_mu=1.5394515907452874e+152, beta_phi=nan
NaN in beta_*: layer 9, bs_iter=38, k=9264, beta_mu=1.4320342652130772e+152, beta_phi=nan
NaN in beta_*: layer 9, bs_iter=38, k=9265, beta_mu=2.8783461038881456e+152, beta_phi=nan
NaN in beta_*: layer 9, bs_iter=38, k=9292, beta_mu=2.65616192830365e+152, beta_phi=nan
NaN in beta_*: layer 9, bs_iter=38, k=9303, beta_mu=1.3682297260435882e+152, beta_phi=nan
NaN in beta_*: layer 9, bs_iter=38, k=9320, beta_mu=1.3705204907279898e+152, beta_phi=nan
NaN in beta_*: layer 9, bs_iter=38, k=9340, beta_mu=1.740205175129474e+152, beta_phi=nan
NaN in beta_*: layer 9, bs_iter=38, k=9381, beta_mu=9.906557900418349e+151, beta_phi=nan
NaN in beta_*: layer 9, bs_iter=38, k=9382, beta_mu=1.0714157035395045e+152, beta_phi=nan
NaN in beta_*: layer 9, bs_iter=38, k=9386, beta_mu=9.480722589206058e+151, beta_phi=nan
NaN in beta_*: layer 9, bs_iter=38, k=9391, beta_mu=1.0384596399628261e+152, beta_phi=nan
NaN in beta_*: layer 9, bs_iter=38, k=9392, beta_mu=1.565014633146387e+152, beta_phi=nan
NaN in beta_*: layer 9, bs_iter=38, k=9393, beta_mu=1.0222998680345762e+152, beta_phi=nan
NaN in beta_*: layer 9, bs_iter=38, k=9402, beta_mu=9.495447914687475e+151, beta_phi=nan
NaN in beta_*: layer 9, bs_iter=38, k=9410, beta_mu=1.3395086971130827e+152, beta_phi=nan
NaN in beta_*: layer 9, bs_iter=38, k=9423, beta_mu=1.4783684099014196e+152, beta_phi=nan
NaN in beta_*: layer 9, bs_iter=38, k=9434, beta_mu=5.482412863090889e+152, beta_phi=nan
NaN in beta_*: layer 9, bs_iter=38, k=9436, beta_mu=1.0697165711457555e+152, beta_phi=nan
NaN in beta_*: layer 9, bs_iter=38, k=9438, beta_mu=1.372655510173136e+152, beta_phi=nan
NaN in beta_*: layer 9, bs_iter=38, k=9444, beta_mu=1.5404518753298773e+152, beta_phi=nan
NaN in beta_*: layer 9, bs_iter=38, k=9446, beta_mu=1.8747614754309775e+152, beta_phi=nan
NaN in beta_*: layer 9, bs_iter=38, k=9447, beta_mu=9.879776379256515e+151, beta_phi=nan
NaN in beta_*: layer 9, bs_iter=38, k=9449, beta_mu=1.8579129049966752e+152, beta_phi=nan
NaN in beta_*: layer 9, bs_iter=38, k=9458, beta_mu=5.6670273471932085e+152, beta_phi=nan
NaN in beta_*: layer 9, bs_iter=38, k=9467, beta_mu=1.3533066526268363e+152, beta_phi=nan
NaN in beta_*: layer 9, bs_iter=38, k=9468, beta_mu=1.9243980033910592e+152, beta_phi=nan
NaN in beta_*: layer 9, bs_iter=38, k=9469, beta_mu=1.9566355174729724e+152, beta_phi=nan
NaN in beta_*: layer 9, bs_iter=38, k=9477, beta_mu=2.612269922746243e+152, beta_phi=nan
NaN in beta_*: layer 9, bs_iter=38, k=9482, beta_mu=1.3941380413065977e+152, beta_phi=nan
NaN in beta_*: layer 9, bs_iter=38, k=9483, beta_mu=1.3983503229833612e+152, beta_phi=nan
NaN in beta_*: layer 9, bs_iter=38, k=9485, beta_mu=1.1451664704198956e+152, beta_phi=nan
NaN in beta_*: layer 9, bs_iter=38, k=9491, beta_mu=1.3244999277656705e+152, beta_phi=nan
NaN in beta_*: layer 9, bs_iter=38, k=9493, beta_mu=1.1915227722360137e+152, beta_phi=nan
NaN in beta_*: layer 9, bs_iter=38, k=9496, beta_mu=1.1581839060807811e+152, beta_phi=nan
NaN in beta_*: layer 9, bs_iter=38, k=9498, beta_mu=1.0742765046599333e+152, beta_phi=nan
NaN in beta_*: layer 9, bs_iter=38, k=9499, beta_mu=1.0971605657538462e+152, beta_phi=nan
NaN in beta_*: layer 9, bs_iter=38, k=9502, beta_mu=1.0122744164250079e+152, beta_phi=nan
NaN in beta_*: layer 9, bs_iter=38, k=9504, beta_mu=1.2495191152086227e+152, beta_phi=nan
NaN in beta_*: layer 9, bs_iter=38, k=9507, beta_mu=1.1307905181093931e+152, beta_phi=nan
NaN in beta_*: layer 9, bs_iter=38, k=9509, beta_mu=9.540274739273396e+151, beta_phi=nan
NaN in beta_*: layer 9, bs_iter=38, k=9511, beta_mu=1.1468925927632541e+152, beta_phi=nan
NaN in beta_*: layer 9, bs_iter=38, k=9515, beta_mu=1.2027193019527236e+152, beta_phi=nan
NaN in beta_*: layer 9, bs_iter=38, k=9530, beta_mu=1.059887899665593e+152, beta_phi=nan
NaN in beta_*: layer 9, bs_iter=38, k=9537, beta_mu=1.9911024969951776e+152, beta_phi=nan
NaN in beta_*: layer 9, bs_iter=38, k=9538, beta_mu=2.467604986281971e+152, beta_phi=nan
NaN in beta_*: layer 9, bs_iter=38, k=9544, beta_mu=1.9206837762915888e+152, beta_phi=nan
NaN in beta_*: layer 9, bs_iter=38, k=9547, beta_mu=1.2576694091944664e+152, beta_phi=nan
NaN in beta_*: layer 9, bs_iter=38, k=9582, beta_mu=9.753654626540404e+151, beta_phi=nan
NaN in beta_*: layer 9, bs_iter=38, k=9583, beta_mu=1.0251949970015402e+152, beta_phi=nan
NaN in beta_*: layer 9, bs_iter=38, k=9584, beta_mu=1.5582806048112533e+152, beta_phi=nan
NaN in beta_*: layer 9, bs_iter=38, k=9585, beta_mu=1.2779651968282145e+152, beta_phi=nan
NaN in beta_*: layer 9, bs_iter=38, k=9586, beta_mu=1.6850591925298298e+152, beta_phi=nan
NaN in beta_*: layer 9, bs_iter=38, k=9594, beta_mu=1.323691782741257e+152, beta_phi=nan
NaN in beta_*: layer 9, bs_iter=38, k=9596, beta_mu=1.219422383306152e+152, beta_phi=nan
NaN in beta_*: layer 9, bs_iter=38, k=9597, beta_mu=1.7432381633693706e+152, beta_phi=nan
NaN in beta_*: layer 9, bs_iter=38, k=9619, beta_mu=1.74323429601379e+152, beta_phi=nan
NaN in beta_*: layer 9, bs_iter=38, k=9627, beta_mu=1.7972683937541388e+152, beta_phi=nan
NaN in beta_*: layer 9, bs_iter=38, k=9640, beta_mu=1.2443724217144663e+152, beta_phi=nan
NaN in beta_*: layer 9, bs_iter=38, k=9651, beta_mu=4.348799321162524e+152, beta_phi=nan
NaN in beta_*: layer 9, bs_iter=38, k=9656, beta_mu=1.133140259821e+152, beta_phi=nan
NaN in beta_*: layer 9, bs_iter=38, k=9657, beta_mu=2.9043438693777864e+152, beta_phi=nan
NaN in beta_*: layer 9, bs_iter=38, k=9663, beta_mu=2.719923351545783e+152, beta_phi=nan
NaN in beta_*: layer 9, bs_iter=38, k=9664, beta_mu=2.2020632057878203e+152, beta_phi=nan
NaN in beta_*: layer 9, bs_iter=38, k=9665, beta_mu=6.584272606624646e+152, beta_phi=nan
NaN in beta_*: layer 9, bs_iter=38, k=9666, beta_mu=1.6650668372999419e+152, beta_phi=nan
NaN in beta_*: layer 9, bs_iter=38, k=9672, beta_mu=9.521840952765239e+151, beta_phi=nan
NaN in beta_*: layer 9, bs_iter=38, k=9675, beta_mu=2.5661345795871524e+152, beta_phi=nan
NaN in beta_*: layer 9, bs_iter=38, k=9681, beta_mu=2.781165323218139e+152, beta_phi=nan
NaN in beta_*: layer 9, bs_iter=38, k=9692, beta_mu=1.7902664789317835e+152, beta_phi=nan
NaN in beta_*: layer 9, bs_iter=38, k=9698, beta_mu=6.790080369481596e+152, beta_phi=nan
NaN in beta_*: layer 9, bs_iter=38, k=9700, beta_mu=1.052809708559172e+152, beta_phi=nan
NaN in beta_*: layer 9, bs_iter=38, k=9702, beta_mu=1.411459358121814e+152, beta_phi=nan
NaN in beta_*: layer 9, bs_iter=38, k=9707, beta_mu=1.114448366478017e+152, beta_phi=nan
NaN in beta_*: layer 9, bs_iter=38, k=9716, beta_mu=2.263397665638749e+152, beta_phi=nan
NaN in beta_*: layer 9, bs_iter=38, k=9733, beta_mu=1.4150220322413842e+152, beta_phi=nan
NaN in beta_*: layer 9, bs_iter=38, k=9758, beta_mu=1.2349378891606618e+152, beta_phi=nan
NaN in beta_*: layer 9, bs_iter=38, k=9764, beta_mu=6.138427155121372e+152, beta_phi=nan
NaN in beta_*: layer 9, bs_iter=38, k=9821, beta_mu=1.4114336452920464e+152, beta_phi=nan
NaN in beta_*: layer 9, bs_iter=38, k=9831, beta_mu=2.0790462462671232e+152, beta_phi=nan
NaN in beta_*: layer 9, bs_iter=38, k=9839, beta_mu=1.2559762636242491e+152, beta_phi=nan
NaN in beta_*: layer 9, bs_iter=38, k=9872, beta_mu=1.0599815910337444e+152, beta_phi=nan
NaN in beta_*: layer 9, bs_iter=38, k=9875, beta_mu=1.176728693873277e+152, beta_phi=nan
NaN in beta_*: layer 9, bs_iter=38, k=9935, beta_mu=1.2096418170986689e+152, beta_phi=nan
NaN in beta_*: layer 9, bs_iter=38, k=9980, beta_mu=1.4343721762638786e+152, beta_phi=nan
NaN in beta_*: layer 9, bs_iter=38, k=9998, beta_mu=1.3589937189046095e+152, beta_phi=nan
NaN in beta_*: layer 9, bs_iter=38, k=10005, beta_mu=1.1175523353479903e+152, beta_phi=nan
NaN in beta_*: layer 9, bs_iter=38, k=10008, beta_mu=9.821543316542676e+151, beta_phi=nan
NaN in beta_*: layer 9, bs_iter=38, k=10077, beta_mu=1.239682964818839e+152, beta_phi=nan
NaN in beta_*: layer 9, bs_iter=38, k=10118, beta_mu=1.5646168007178907e+152, beta_phi=nan
NaN in beta_*: layer 9, bs_iter=38, k=10136, beta_mu=9.476680185084337e+151, beta_phi=nan
NaN in beta_*: layer 9, bs_iter=38, k=10146, beta_mu=1.3823012551746192e+152, beta_phi=nan
NaN in beta_*: layer 9, bs_iter=38, k=10149, beta_mu=1.1009097144486012e+152, beta_phi=nan
NaN in beta_*: layer 9, bs_iter=38, k=10157, beta_mu=1.881172957784117e+152, beta_phi=nan
NaN in beta_*: layer 9, bs_iter=38, k=10160, beta_mu=1.1400372180969308e+152, beta_phi=nan
NaN in beta_*: layer 9, bs_iter=38, k=10162, beta_mu=2.9472766109267518e+152, beta_phi=nan
NaN in beta_*: layer 9, bs_iter=38, k=10164, beta_mu=1.1462851341448559e+152, beta_phi=nan
NaN in beta_*: layer 9, bs_iter=38, k=10165, beta_mu=2.864603707768349e+152, beta_phi=nan
NaN in beta_*: layer 9, bs_iter=38, k=10170, beta_mu=2.8215004370472466e+152, beta_phi=nan
NaN in beta_*: layer 9, bs_iter=38, k=10180, beta_mu=1.961730628297806e+152, beta_phi=nan
NaN in beta_*: layer 9, bs_iter=38, k=10183, beta_mu=1.872102200870635e+152, beta_phi=nan
NaN in beta_*: layer 9, bs_iter=38, k=10184, beta_mu=1.8876565749496894e+152, beta_phi=nan
NaN in beta_*: layer 9, bs_iter=38, k=10189, beta_mu=1.6870769114537867e+152, beta_phi=nan
NaN in beta_*: layer 9, bs_iter=38, k=10191, beta_mu=1.4033507763764565e+152, beta_phi=nan
NaN in beta_*: layer 9, bs_iter=38, k=10192, beta_mu=1.5538697791391235e+152, beta_phi=nan
NaN in beta_*: layer 9, bs_iter=38, k=10194, beta_mu=1.5468438255060352e+152, beta_phi=nan
NaN in beta_*: layer 9, bs_iter=38, k=10201, beta_mu=1.6272160580249992e+152, beta_phi=nan
NaN in beta_*: layer 9, bs_iter=38, k=10209, beta_mu=1.9486269060973236e+152, beta_phi=nan
NaN in beta_*: layer 9, bs_iter=38, k=10212, beta_mu=1.2154540467785365e+152, beta_phi=nan
NaN in beta_*: layer 9, bs_iter=38, k=10214, beta_mu=1.1475048503307872e+152, beta_phi=nan
NaN in beta_*: layer 9, bs_iter=38, k=10220, beta_mu=2.257142942256702e+152, beta_phi=nan
NaN in beta_*: layer 9, bs_iter=38, k=10229, beta_mu=2.1196144503636083e+152, beta_phi=nan
NaN in beta_*: layer 9, bs_iter=38, k=10235, beta_mu=2.295917585452252e+152, beta_phi=nan
NaN in beta_*: layer 9, bs_iter=38, k=10237, beta_mu=1.559725977873923e+152, beta_phi=nan
NaN in beta_*: layer 9, bs_iter=38, k=10238, beta_mu=1.764641153673532e+152, beta_phi=nan
NaN in beta_*: layer 9, bs_iter=38, k=10240, beta_mu=1.666948205730166e+152, beta_phi=nan
NaN in beta_*: layer 9, bs_iter=38, k=10242, beta_mu=1.1520513444797017e+152, beta_phi=nan
NaN in beta_*: layer 9, bs_iter=38, k=10247, beta_mu=1.4370083786682304e+152, beta_phi=nan
NaN in beta_*: layer 9, bs_iter=38, k=10248, beta_mu=1.163623141990598e+152, beta_phi=nan
NaN in beta_*: layer 9, bs_iter=38, k=10249, beta_mu=1.7010528578862379e+152, beta_phi=nan
NaN in beta_*: layer 9, bs_iter=38, k=10253, beta_mu=2.104372423773429e+152, beta_phi=nan
NaN in beta_*: layer 9, bs_iter=38, k=10258, beta_mu=1.7116179200346477e+152, beta_phi=nan
NaN in beta_*: layer 9, bs_iter=38, k=10259, beta_mu=1.0410114253621634e+152, beta_phi=nan
NaN in beta_*: layer 9, bs_iter=38, k=10263, beta_mu=1.4065701025546012e+152, beta_phi=nan
NaN in beta_*: layer 9, bs_iter=38, k=10358, beta_mu=1.9306165029895745e+152, beta_phi=nan
NaN in beta_*: layer 9, bs_iter=38, k=10365, beta_mu=1.6983960045408924e+152, beta_phi=nan
NaN in beta_*: layer 9, bs_iter=38, k=10383, beta_mu=1.0509064181210863e+152, beta_phi=nan
NaN in beta_*: layer 9, bs_iter=38, k=10389, beta_mu=1.5361244288900456e+152, beta_phi=nan
NaN in beta_*: layer 9, bs_iter=38, k=10390, beta_mu=2.9713825784687896e+152, beta_phi=nan
NaN in beta_*: layer 9, bs_iter=38, k=10396, beta_mu=1.8191428369657958e+152, beta_phi=nan
NaN in beta_*: layer 9, bs_iter=38, k=10399, beta_mu=1.735798512627056e+152, beta_phi=nan
NaN in beta_*: layer 9, bs_iter=38, k=10405, beta_mu=1.9963115942537656e+152, beta_phi=nan
NaN in beta_*: layer 9, bs_iter=38, k=10407, beta_mu=1.944003151413516e+152, beta_phi=nan
NaN in beta_*: layer 9, bs_iter=38, k=10410, beta_mu=1.9558862554592995e+152, beta_phi=nan
NaN in beta_*: layer 9, bs_iter=38, k=10419, beta_mu=3.3211996299270934e+152, beta_phi=nan
NaN in beta_*: layer 9, bs_iter=38, k=10423, beta_mu=9.600866667503545e+151, beta_phi=nan
NaN in beta_*: layer 9, bs_iter=38, k=10427, beta_mu=2.9627214849144995e+152, beta_phi=nan
NaN in beta_*: layer 9, bs_iter=38, k=10432, beta_mu=1.9655960528784968e+152, beta_phi=nan
NaN in beta_*: layer 9, bs_iter=38, k=10438, beta_mu=3.11469132266913e+152, beta_phi=nan
NaN in beta_*: layer 9, bs_iter=38, k=10451, beta_mu=3.8030172790667155e+152, beta_phi=nan
NaN in beta_*: layer 9, bs_iter=38, k=10454, beta_mu=1.1481020994534663e+152, beta_phi=nan
NaN in beta_*: layer 9, bs_iter=38, k=10459, beta_mu=1.2243157085839813e+152, beta_phi=nan
NaN in beta_*: layer 9, bs_iter=38, k=10462, beta_mu=1.2738520810830033e+152, beta_phi=nan
NaN in beta_*: layer 9, bs_iter=38, k=10465, beta_mu=1.6949726383550789e+152, beta_phi=nan
NaN in beta_*: layer 9, bs_iter=38, k=10472, beta_mu=2.0174844292490134e+152, beta_phi=nan
NaN in beta_*: layer 9, bs_iter=38, k=10475, beta_mu=1.5132126521996245e+152, beta_phi=nan
NaN in beta_*: layer 9, bs_iter=38, k=10476, beta_mu=1.5434620960099108e+152, beta_phi=nan
NaN in beta_*: layer 9, bs_iter=38, k=10479, beta_mu=1.562453845879522e+152, beta_phi=nan
NaN in beta_*: layer 9, bs_iter=38, k=10480, beta_mu=1.5612717446788645e+152, beta_phi=nan
NaN in beta_*: layer 9, bs_iter=38, k=10481, beta_mu=1.4424236647828767e+152, beta_phi=nan
NaN in beta_*: layer 9, bs_iter=38, k=10483, beta_mu=1.6274831034863204e+152, beta_phi=nan
NaN in beta_*: layer 9, bs_iter=38, k=10484, beta_mu=1.5309555575579428e+152, beta_phi=nan
NaN in beta_*: layer 9, bs_iter=38, k=10485, beta_mu=1.4849920223013234e+152, beta_phi=nan
NaN in beta_*: layer 9, bs_iter=38, k=10487, beta_mu=1.7924668756965562e+152, beta_phi=nan
NaN in beta_*: layer 9, bs_iter=38, k=10490, beta_mu=1.12864857125575e+152, beta_phi=nan
NaN in beta_*: layer 9, bs_iter=38, k=10491, beta_mu=6.378547489920612e+152, beta_phi=nan
NaN in beta_*: layer 9, bs_iter=38, k=10492, beta_mu=6.106927296581853e+152, beta_phi=nan
NaN in beta_*: layer 9, bs_iter=38, k=10493, beta_mu=6.281815275581277e+152, beta_phi=nan
NaN in beta_*: layer 9, bs_iter=38, k=10494, beta_mu=9.939831310084919e+151, beta_phi=nan
NaN in beta_*: layer 9, bs_iter=38, k=10495, beta_mu=6.914783542794743e+152, beta_phi=nan
NaN in beta_*: layer 9, bs_iter=38, k=10496, beta_mu=2.611163211336055e+152, beta_phi=nan
NaN in beta_*: layer 9, bs_iter=38, k=10499, beta_mu=2.524833728454135e+152, beta_phi=nan
NaN in beta_*: layer 9, bs_iter=38, k=10501, beta_mu=6.830495046864173e+152, beta_phi=nan
NaN in beta_*: layer 9, bs_iter=38, k=10502, beta_mu=2.4025870945438164e+152, beta_phi=nan
NaN in beta_*: layer 9, bs_iter=38, k=10503, beta_mu=2.5066615796229966e+152, beta_phi=nan
NaN in beta_*: layer 9, bs_iter=38, k=10504, beta_mu=2.6005088563614403e+152, beta_phi=nan
NaN in beta_*: layer 9, bs_iter=38, k=10507, beta_mu=2.595220247733251e+152, beta_phi=nan
NaN in beta_*: layer 9, bs_iter=38, k=10508, beta_mu=2.59520350399435e+152, beta_phi=nan
NaN in beta_*: layer 9, bs_iter=38, k=10509, beta_mu=1.9935395357493755e+152, beta_phi=nan
NaN in beta_*: layer 9, bs_iter=38, k=10510, beta_mu=1.6372389639982194e+152, beta_phi=nan
NaN in beta_*: layer 9, bs_iter=38, k=10511, beta_mu=9.511946127009124e+151, beta_phi=nan
NaN in beta_*: layer 9, bs_iter=38, k=10512, beta_mu=2.4915565546823755e+152, beta_phi=nan
NaN in beta_*: layer 9, bs_iter=38, k=10513, beta_mu=1.3927974701893849e+152, beta_phi=nan
NaN in beta_*: layer 9, bs_iter=38, k=10515, beta_mu=3.6889403713751427e+152, beta_phi=nan
NaN in beta_*: layer 9, bs_iter=38, k=10516, beta_mu=1.847502004342769e+152, beta_phi=nan
NaN in beta_*: layer 9, bs_iter=38, k=10517, beta_mu=6.106101199938878e+152, beta_phi=nan
NaN in beta_*: layer 9, bs_iter=38, k=10518, beta_mu=1.8646244273892376e+152, beta_phi=nan
NaN in beta_*: layer 9, bs_iter=38, k=10520, beta_mu=1.886386652455013e+152, beta_phi=nan
NaN in beta_*: layer 9, bs_iter=38, k=10522, beta_mu=1.8659551047586664e+152, beta_phi=nan
NaN in beta_*: layer 9, bs_iter=38, k=10523, beta_mu=1.4587033017042896e+152, beta_phi=nan
NaN in beta_*: layer 9, bs_iter=38, k=10524, beta_mu=2.2805980161362616e+152, beta_phi=nan
NaN in beta_*: layer 9, bs_iter=38, k=10527, beta_mu=1.5357324493929136e+152, beta_phi=nan
NaN in beta_*: layer 9, bs_iter=38, k=10528, beta_mu=2.483003894718107e+152, beta_phi=nan
NaN in beta_*: layer 9, bs_iter=38, k=10529, beta_mu=1.2118613993309114e+152, beta_phi=nan
NaN in beta_*: layer 9, bs_iter=38, k=10530, beta_mu=2.43837958774559e+152, beta_phi=nan
NaN in beta_*: layer 9, bs_iter=38, k=10531, beta_mu=1.3007120135496812e+152, beta_phi=nan
NaN in beta_*: layer 9, bs_iter=38, k=10535, beta_mu=4.849764653039676e+152, beta_phi=nan
NaN in beta_*: layer 9, bs_iter=38, k=10538, beta_mu=1.9382662598257573e+152, beta_phi=nan
NaN in beta_*: layer 9, bs_iter=38, k=10539, beta_mu=1.24100068413184e+152, beta_phi=nan
NaN in beta_*: layer 9, bs_iter=38, k=10544, beta_mu=2.0368019205080431e+152, beta_phi=nan
NaN in beta_*: layer 9, bs_iter=38, k=10547, beta_mu=1.4105707687917568e+152, beta_phi=nan
NaN in beta_*: layer 9, bs_iter=38, k=10553, beta_mu=2.011655673637043e+152, beta_phi=nan
NaN in beta_*: layer 9, bs_iter=38, k=10554, beta_mu=1.9801715569198752e+152, beta_phi=nan
NaN in beta_*: layer 9, bs_iter=38, k=10555, beta_mu=2.0641373474103369e+152, beta_phi=nan
NaN in beta_*: layer 9, bs_iter=38, k=10556, beta_mu=1.9843959907291115e+152, beta_phi=nan
NaN in beta_*: layer 9, bs_iter=38, k=10559, beta_mu=1.9844010841054711e+152, beta_phi=nan
NaN in beta_*: layer 9, bs_iter=38, k=10560, beta_mu=1.9816597051926071e+152, beta_phi=nan
NaN in beta_*: layer 9, bs_iter=38, k=10561, beta_mu=2.194307635495611e+152, beta_phi=nan
NaN in beta_*: layer 9, bs_iter=38, k=10562, beta_mu=1.9242360811152592e+152, beta_phi=nan
NaN in beta_*: layer 9, bs_iter=38, k=10564, beta_mu=2.3119186459121233e+152, beta_phi=nan
NaN in beta_*: layer 9, bs_iter=38, k=10567, beta_mu=1.493012470938092e+152, beta_phi=nan
NaN in beta_*: layer 9, bs_iter=38, k=10570, beta_mu=9.781229786837804e+151, beta_phi=nan
NaN in beta_*: layer 9, bs_iter=38, k=10571, beta_mu=9.578259153874356e+151, beta_phi=nan
NaN in beta_*: layer 9, bs_iter=38, k=10577, beta_mu=2.4624256330774065e+152, beta_phi=nan
NaN in beta_*: layer 9, bs_iter=38, k=10578, beta_mu=2.2564879553212355e+152, beta_phi=nan
NaN in beta_*: layer 9, bs_iter=38, k=10583, beta_mu=2.1914447221655265e+152, beta_phi=nan
NaN in beta_*: layer 9, bs_iter=38, k=10586, beta_mu=1.5190070006109488e+152, beta_phi=nan
NaN in beta_*: layer 9, bs_iter=38, k=10587, beta_mu=2.223993993960999e+152, beta_phi=nan
NaN in beta_*: layer 9, bs_iter=38, k=10595, beta_mu=2.5036981547285077e+152, beta_phi=nan
NaN in beta_*: layer 9, bs_iter=38, k=10612, beta_mu=2.400983673133019e+152, beta_phi=nan
NaN in beta_*: layer 9, bs_iter=38, k=10626, beta_mu=3.676378274141481e+152, beta_phi=nan
NaN in beta_*: layer 9, bs_iter=38, k=10631, beta_mu=1.3287859057235582e+152, beta_phi=nan
NaN in beta_*: layer 9, bs_iter=38, k=10632, beta_mu=1.269816362472825e+152, beta_phi=nan
NaN in beta_*: layer 9, bs_iter=38, k=10634, beta_mu=2.937540080016546e+152, beta_phi=nan
NaN in beta_*: layer 9, bs_iter=38, k=10635, beta_mu=3.026661275397981e+152, beta_phi=nan
NaN in beta_*: layer 9, bs_iter=38, k=10636, beta_mu=2.6919165710975616e+152, beta_phi=nan
NaN in beta_*: layer 9, bs_iter=38, k=10637, beta_mu=3.075640590740796e+152, beta_phi=nan
NaN in beta_*: layer 9, bs_iter=38, k=10638, beta_mu=3.1631428842173037e+152, beta_phi=nan
NaN in beta_*: layer 9, bs_iter=38, k=10642, beta_mu=3.0630635754886333e+152, beta_phi=nan
NaN in beta_*: layer 9, bs_iter=38, k=10643, beta_mu=3.0795758838853038e+152, beta_phi=nan
NaN in beta_*: layer 9, bs_iter=38, k=10646, beta_mu=3.1061652151551343e+152, beta_phi=nan
NaN in beta_*: layer 9, bs_iter=38, k=10647, beta_mu=2.4430013412520013e+152, beta_phi=nan
NaN in beta_*: layer 9, bs_iter=38, k=10648, beta_mu=2.3531555170533206e+152, beta_phi=nan
NaN in beta_*: layer 9, bs_iter=38, k=10654, beta_mu=3.478719927448263e+152, beta_phi=nan
NaN in beta_*: layer 9, bs_iter=38, k=10656, beta_mu=2.796009136889455e+152, beta_phi=nan
NaN in beta_*: layer 9, bs_iter=38, k=10663, beta_mu=2.365146077939746e+152, beta_phi=nan
NaN in beta_*: layer 9, bs_iter=38, k=10665, beta_mu=2.974288889241795e+152, beta_phi=nan
NaN in beta_*: layer 9, bs_iter=38, k=10666, beta_mu=2.6528488021030204e+152, beta_phi=nan
NaN in beta_*: layer 9, bs_iter=38, k=10667, beta_mu=2.758322454381075e+152, beta_phi=nan
NaN in beta_*: layer 9, bs_iter=38, k=10668, beta_mu=2.795035004278538e+152, beta_phi=nan
NaN in beta_*: layer 9, bs_iter=38, k=10669, beta_mu=2.787767734519478e+152, beta_phi=nan
NaN in beta_*: layer 9, bs_iter=38, k=10670, beta_mu=2.777808316580894e+152, beta_phi=nan
NaN in beta_*: layer 9, bs_iter=38, k=10672, beta_mu=2.799002020795247e+152, beta_phi=nan
NaN in beta_*: layer 9, bs_iter=38, k=10682, beta_mu=3.453948316495839e+152, beta_phi=nan
NaN in beta_*: layer 9, bs_iter=38, k=10686, beta_mu=3.4243028512458675e+152, beta_phi=nan
NaN in beta_*: layer 9, bs_iter=38, k=10687, beta_mu=3.1054306982588434e+152, beta_phi=nan
NaN in beta_*: layer 9, bs_iter=38, k=10690, beta_mu=1.2230698332998052e+152, beta_phi=nan
NaN in beta_*: layer 9, bs_iter=38, k=10691, beta_mu=3.427376655584753e+152, beta_phi=nan
NaN in beta_*: layer 9, bs_iter=38, k=10695, beta_mu=3.487085463116596e+152, beta_phi=nan
NaN in beta_*: layer 9, bs_iter=38, k=10698, beta_mu=3.3850573759227063e+152, beta_phi=nan
NaN in beta_*: layer 9, bs_iter=38, k=10699, beta_mu=3.456676818732687e+152, beta_phi=nan
NaN in beta_*: layer 9, bs_iter=38, k=10701, beta_mu=3.4126263578389065e+152, beta_phi=nan
NaN in beta_*: layer 9, bs_iter=38, k=10702, beta_mu=3.1719482680901983e+152, beta_phi=nan
NaN in beta_*: layer 9, bs_iter=38, k=10703, beta_mu=3.317242442331061e+152, beta_phi=nan
NaN in beta_*: layer 9, bs_iter=38, k=10715, beta_mu=1.4294513929663948e+152, beta_phi=nan
NaN in beta_*: layer 9, bs_iter=38, k=10717, beta_mu=1.3748730736431063e+152, beta_phi=nan
NaN in beta_*: layer 9, bs_iter=38, k=10720, beta_mu=1.4796269420331278e+152, beta_phi=nan
NaN in beta_*: layer 9, bs_iter=38, k=10757, beta_mu=1.604020184652989e+152, beta_phi=nan
NaN in beta_*: layer 9, bs_iter=38, k=10890, beta_mu=1.0388777802810435e+152, beta_phi=nan
NaN in beta_*: layer 9, bs_iter=38, k=10949, beta_mu=1.1724345089553696e+152, beta_phi=nan
NaN in beta_*: layer 9, bs_iter=38, k=10978, beta_mu=1.2705055557705945e+152, beta_phi=nan
NaN in beta_*: layer 9, bs_iter=38, k=10994, beta_mu=9.600126097990912e+151, beta_phi=nan
NaN in beta_*: layer 9, bs_iter=38, k=11005, beta_mu=1.711019511858434e+152, beta_phi=nan
NaN in beta_*: layer 9, bs_iter=38, k=11006, beta_mu=1.5891050104952404e+152, beta_phi=nan
NaN in beta_*: layer 9, bs_iter=38, k=11009, beta_mu=1.0281043323038943e+152, beta_phi=nan
NaN in beta_*: layer 9, bs_iter=38, k=11013, beta_mu=1.0971967292896999e+152, beta_phi=nan
NaN in beta_*: layer 9, bs_iter=38, k=11017, beta_mu=1.0720620786115721e+152, beta_phi=nan
NaN in beta_*: layer 9, bs_iter=38, k=11026, beta_mu=1.1069409184949164e+152, beta_phi=nan
NaN in beta_*: layer 9, bs_iter=38, k=11036, beta_mu=1.0068124087200498e+152, beta_phi=nan
NaN in beta_*: layer 9, bs_iter=38, k=11043, beta_mu=1.7320992522779662e+152, beta_phi=nan
NaN in beta_*: layer 9, bs_iter=38, k=11044, beta_mu=1.0805423845578863e+152, beta_phi=nan
NaN in beta_*: layer 9, bs_iter=38, k=11045, beta_mu=1.7074047392474056e+152, beta_phi=nan
NaN in beta_*: layer 9, bs_iter=38, k=11047, beta_mu=1.342597550461549e+152, beta_phi=nan
NaN in beta_*: layer 9, bs_iter=38, k=11048, beta_mu=1.3054782197239407e+152, beta_phi=nan
NaN in beta_*: layer 9, bs_iter=38, k=11051, beta_mu=1.6961957578498545e+152, beta_phi=nan
NaN in beta_*: layer 9, bs_iter=38, k=11053, beta_mu=1.708056260597052e+152, beta_phi=nan
NaN in beta_*: layer 9, bs_iter=38, k=11054, beta_mu=1.0922014663545615e+152, beta_phi=nan
NaN in beta_*: layer 9, bs_iter=38, k=11055, beta_mu=1.7091314742873224e+152, beta_phi=nan
NaN in beta_*: layer 9, bs_iter=38, k=11056, beta_mu=1.3570747452241448e+152, beta_phi=nan
NaN in beta_*: layer 9, bs_iter=38, k=11057, beta_mu=1.0926907158332904e+152, beta_phi=nan
NaN in beta_*: layer 9, bs_iter=38, k=11058, beta_mu=1.1012964933842424e+152, beta_phi=nan
NaN in beta_*: layer 9, bs_iter=38, k=11059, beta_mu=1.0658246982038793e+152, beta_phi=nan
NaN in beta_*: layer 9, bs_iter=38, k=11060, beta_mu=1.098737953929195e+152, beta_phi=nan
NaN in beta_*: layer 9, bs_iter=38, k=11065, beta_mu=1.8026254617136347e+152, beta_phi=nan
NaN in beta_*: layer 9, bs_iter=38, k=11066, beta_mu=1.783302597206362e+152, beta_phi=nan
NaN in beta_*: layer 9, bs_iter=38, k=11068, beta_mu=1.3366778958704454e+152, beta_phi=nan
NaN in beta_*: layer 9, bs_iter=38, k=11073, beta_mu=1.3659706091580136e+152, beta_phi=nan
NaN in beta_*: layer 9, bs_iter=38, k=11075, beta_mu=1.0501466397624234e+152, beta_phi=nan
NaN in beta_*: layer 9, bs_iter=38, k=11076, beta_mu=1.0113634891352813e+152, beta_phi=nan
NaN in beta_*: layer 9, bs_iter=38, k=11082, beta_mu=1.5548534203857894e+152, beta_phi=nan
NaN in beta_*: layer 9, bs_iter=38, k=11086, beta_mu=1.314716093265315e+152, beta_phi=nan
NaN in beta_*: layer 9, bs_iter=38, k=11142, beta_mu=1.060144026817342e+152, beta_phi=nan
NaN in beta_*: layer 9, bs_iter=38, k=11305, beta_mu=1.638291257063417e+152, beta_phi=nan
NaN in beta_*: layer 9, bs_iter=38, k=11315, beta_mu=1.8762292609922096e+152, beta_phi=nan
NaN in beta_*: layer 9, bs_iter=38, k=11326, beta_mu=1.8502379123671551e+152, beta_phi=nan
NaN in beta_*: layer 9, bs_iter=38, k=11360, beta_mu=1.903639177103469e+152, beta_phi=nan
NaN in beta_*: layer 9, bs_iter=38, k=11361, beta_mu=1.8951867224781918e+152, beta_phi=nan
NaN in beta_*: layer 9, bs_iter=38, k=11362, beta_mu=1.905678544673154e+152, beta_phi=nan
NaN in beta_*: layer 9, bs_iter=38, k=11374, beta_mu=4.9866441668422185e+152, beta_phi=nan
NaN in beta_*: layer 9, bs_iter=38, k=11375, beta_mu=5.254416825555149e+152, beta_phi=nan
NaN in beta_*: layer 9, bs_iter=38, k=11377, beta_mu=5.363596495510161e+152, beta_phi=nan
NaN in beta_*: layer 9, bs_iter=38, k=11378, beta_mu=4.736796977207295e+152, beta_phi=nan
NaN in beta_*: layer 9, bs_iter=38, k=11396, beta_mu=6.180207468242528e+152, beta_phi=nan
NaN in beta_*: layer 9, bs_iter=38, k=11401, beta_mu=2.815703929093783e+152, beta_phi=nan
NaN in beta_*: layer 9, bs_iter=38, k=11403, beta_mu=1.0911125565342582e+152, beta_phi=nan
NaN in beta_*: layer 9, bs_iter=38, k=11404, beta_mu=1.1022678482641093e+152, beta_phi=nan
NaN in beta_*: layer 9, bs_iter=38, k=11405, beta_mu=1.2029677119296258e+152, beta_phi=nan
NaN in beta_*: layer 9, bs_iter=38, k=11412, beta_mu=1.5131303153966808e+152, beta_phi=nan
NaN in beta_*: layer 9, bs_iter=38, k=11414, beta_mu=1.5166603697452876e+152, beta_phi=nan
NaN in beta_*: layer 9, bs_iter=38, k=11416, beta_mu=1.1890734289203463e+152, beta_phi=nan
NaN in beta_*: layer 9, bs_iter=38, k=11418, beta_mu=1.186553639813873e+152, beta_phi=nan
NaN in beta_*: layer 9, bs_iter=38, k=11419, beta_mu=1.3322496676036468e+152, beta_phi=nan
NaN in beta_*: layer 9, bs_iter=38, k=11423, beta_mu=1.1670287381917326e+152, beta_phi=nan
NaN in beta_*: layer 9, bs_iter=38, k=11426, beta_mu=1.1558819899094084e+152, beta_phi=nan
NaN in beta_*: layer 9, bs_iter=38, k=11451, beta_mu=2.806921941053634e+152, beta_phi=nan
NaN in beta_*: layer 9, bs_iter=38, k=11453, beta_mu=3.569088203638866e+152, beta_phi=nan
NaN in beta_*: layer 9, bs_iter=38, k=11471, beta_mu=9.88338100673168e+151, beta_phi=nan
NaN in beta_*: layer 9, bs_iter=38, k=11476, beta_mu=3.4269215386889805e+152, beta_phi=nan
NaN in beta_*: layer 9, bs_iter=38, k=11500, beta_mu=1.4052536495914822e+152, beta_phi=nan
NaN in beta_*: layer 9, bs_iter=38, k=11505, beta_mu=1.501377225965702e+152, beta_phi=nan
NaN in beta_*: layer 9, bs_iter=38, k=11516, beta_mu=1.442160634589429e+152, beta_phi=nan
NaN in beta_*: layer 9, bs_iter=38, k=11519, beta_mu=1.2412043690996008e+152, beta_phi=nan
NaN in beta_*: layer 9, bs_iter=38, k=11526, beta_mu=1.0309623878793914e+152, beta_phi=nan
NaN in beta_*: layer 9, bs_iter=38, k=11535, beta_mu=1.0414226044933924e+152, beta_phi=nan
NaN in beta_*: layer 9, bs_iter=38, k=11538, beta_mu=1.3404424449469207e+152, beta_phi=nan
NaN in beta_*: layer 9, bs_iter=38, k=11547, beta_mu=1.517729003851328e+152, beta_phi=nan
NaN in beta_*: layer 9, bs_iter=38, k=11551, beta_mu=1.085782117696973e+152, beta_phi=nan
NaN in beta_*: layer 9, bs_iter=38, k=11579, beta_mu=1.861088494352322e+152, beta_phi=nan
NaN in beta_*: layer 9, bs_iter=38, k=11580, beta_mu=1.93854859163133e+152, beta_phi=nan
NaN in beta_*: layer 9, bs_iter=38, k=11586, beta_mu=1.6832049155639998e+152, beta_phi=nan
NaN in beta_*: layer 9, bs_iter=38, k=11611, beta_mu=2.068440153183884e+152, beta_phi=nan
NaN in beta_*: layer 9, bs_iter=38, k=11627, beta_mu=1.2192833439525933e+152, beta_phi=nan
NaN in beta_*: layer 9, bs_iter=38, k=11654, beta_mu=2.114667006753128e+152, beta_phi=nan
NaN in beta_*: layer 9, bs_iter=38, k=11656, beta_mu=1.0952386428641953e+152, beta_phi=nan
NaN in beta_*: layer 9, bs_iter=38, k=11660, beta_mu=2.0704577934408407e+152, beta_phi=nan
NaN in beta_*: layer 9, bs_iter=38, k=11661, beta_mu=1.8240885084628844e+152, beta_phi=nan
NaN in beta_*: layer 9, bs_iter=38, k=11668, beta_mu=1.4636384343474438e+152, beta_phi=nan
NaN in beta_*: layer 9, bs_iter=38, k=11674, beta_mu=1.048571611966915e+152, beta_phi=nan
NaN in beta_*: layer 9, bs_iter=38, k=11678, beta_mu=1.36637992506021e+152, beta_phi=nan
NaN in beta_*: layer 9, bs_iter=38, k=11679, beta_mu=1.471729405356492e+152, beta_phi=nan
NaN in beta_*: layer 9, bs_iter=38, k=11680, beta_mu=1.4717310938119895e+152, beta_phi=nan
NaN in beta_*: layer 9, bs_iter=38, k=11681, beta_mu=1.185946296573544e+152, beta_phi=nan
NaN in beta_*: layer 9, bs_iter=38, k=11691, beta_mu=1.3832562000780569e+152, beta_phi=nan
NaN in beta_*: layer 9, bs_iter=38, k=11694, beta_mu=1.0833346966853844e+152, beta_phi=nan
NaN in beta_*: layer 9, bs_iter=38, k=11698, beta_mu=2.5861373301482686e+152, beta_phi=nan
NaN in beta_*: layer 9, bs_iter=38, k=11711, beta_mu=1.0144893437869779e+152, beta_phi=nan
NaN in beta_*: layer 9, bs_iter=38, k=11713, beta_mu=1.1285063302040256e+152, beta_phi=nan
NaN in beta_*: layer 9, bs_iter=38, k=11715, beta_mu=1.1773079850630253e+152, beta_phi=nan
NaN in beta_*: layer 9, bs_iter=38, k=11719, beta_mu=1.165562403613162e+152, beta_phi=nan
NaN in beta_*: layer 9, bs_iter=38, k=11742, beta_mu=1.1270374475114617e+152, beta_phi=nan
NaN in beta_*: layer 9, bs_iter=38, k=11751, beta_mu=1.2378442887400666e+152, beta_phi=nan
NaN in beta_*: layer 9, bs_iter=38, k=11762, beta_mu=1.1341949959735424e+152, beta_phi=nan
NaN in beta_*: layer 9, bs_iter=38, k=11769, beta_mu=1.1729961922277827e+152, beta_phi=nan
NaN in beta_*: layer 9, bs_iter=38, k=11780, beta_mu=1.1234962626920147e+152, beta_phi=nan
NaN in beta_*: layer 9, bs_iter=38, k=11792, beta_mu=9.802785084295755e+151, beta_phi=nan
NaN in beta_*: layer 9, bs_iter=38, k=11820, beta_mu=1.6682615131635052e+152, beta_phi=nan
NaN in beta_*: layer 9, bs_iter=38, k=11832, beta_mu=1.037993176912557e+152, beta_phi=nan
NaN in beta_*: layer 9, bs_iter=38, k=11833, beta_mu=9.713724702483088e+151, beta_phi=nan
NaN in beta_*: layer 9, bs_iter=38, k=11834, beta_mu=1.0788945959553314e+152, beta_phi=nan
NaN in beta_*: layer 9, bs_iter=38, k=11836, beta_mu=2.601838409186965e+152, beta_phi=nan
NaN in beta_*: layer 9, bs_iter=38, k=11838, beta_mu=9.663181325230749e+151, beta_phi=nan
NaN in beta_*: layer 9, bs_iter=38, k=11840, beta_mu=9.604389884244073e+151, beta_phi=nan
NaN in beta_*: layer 9, bs_iter=38, k=11843, beta_mu=9.758215508355247e+151, beta_phi=nan
NaN in beta_*: layer 9, bs_iter=38, k=11844, beta_mu=9.765334009893874e+151, beta_phi=nan
NaN in beta_*: layer 9, bs_iter=38, k=11845, beta_mu=9.57539063792446e+151, beta_phi=nan
NaN in beta_*: layer 9, bs_iter=38, k=11846, beta_mu=9.716435873422755e+151, beta_phi=nan
NaN in beta_*: layer 9, bs_iter=38, k=11847, beta_mu=9.620860880780848e+151, beta_phi=nan
NaN in beta_*: layer 9, bs_iter=38, k=11848, beta_mu=1.1476878490808241e+152, beta_phi=nan
NaN in beta_*: layer 9, bs_iter=38, k=11852, beta_mu=2.521371226049148e+152, beta_phi=nan
NaN in beta_*: layer 9, bs_iter=38, k=11854, beta_mu=2.414419920333156e+152, beta_phi=nan
NaN in beta_*: layer 9, bs_iter=38, k=11855, beta_mu=9.908184628042482e+151, beta_phi=nan
NaN in beta_*: layer 9, bs_iter=38, k=11856, beta_mu=9.461232022045047e+151, beta_phi=nan
NaN in beta_*: layer 9, bs_iter=38, k=11857, beta_mu=2.307008235991463e+152, beta_phi=nan
NaN in beta_*: layer 9, bs_iter=38, k=11860, beta_mu=9.489191798531984e+151, beta_phi=nan
NaN in beta_*: layer 9, bs_iter=38, k=11864, beta_mu=1.273334904430643e+152, beta_phi=nan
NaN in beta_*: layer 9, bs_iter=38, k=11865, beta_mu=9.810957135244902e+151, beta_phi=nan
NaN in beta_*: layer 9, bs_iter=38, k=11869, beta_mu=1.0808867169042371e+152, beta_phi=nan
NaN in beta_*: layer 9, bs_iter=38, k=11870, beta_mu=2.1362344609683626e+152, beta_phi=nan
NaN in beta_*: layer 9, bs_iter=38, k=11871, beta_mu=1.1920811951681456e+152, beta_phi=nan
NaN in beta_*: layer 9, bs_iter=38, k=11872, beta_mu=1.2020781920935943e+152, beta_phi=nan
NaN in beta_*: layer 9, bs_iter=38, k=11874, beta_mu=1.0110336493686552e+152, beta_phi=nan
NaN in beta_*: layer 9, bs_iter=38, k=11875, beta_mu=1.0738135419223802e+152, beta_phi=nan
NaN in beta_*: layer 9, bs_iter=38, k=11878, beta_mu=1.1280163636361245e+152, beta_phi=nan
NaN in beta_*: layer 9, bs_iter=38, k=11879, beta_mu=1.1000282944137556e+152, beta_phi=nan
NaN in beta_*: layer 9, bs_iter=38, k=11880, beta_mu=1.0309529562366129e+152, beta_phi=nan
NaN in beta_*: layer 9, bs_iter=38, k=11881, beta_mu=1.0329161107397873e+152, beta_phi=nan
NaN in beta_*: layer 9, bs_iter=38, k=11882, beta_mu=1.4649026287147565e+152, beta_phi=nan
NaN in beta_*: layer 9, bs_iter=38, k=11884, beta_mu=1.2592167114859845e+152, beta_phi=nan
NaN in beta_*: layer 9, bs_iter=38, k=11890, beta_mu=2.37121536374933e+152, beta_phi=nan
NaN in beta_*: layer 9, bs_iter=38, k=11891, beta_mu=1.1286895953431522e+152, beta_phi=nan
NaN in beta_*: layer 9, bs_iter=38, k=11894, beta_mu=1.9486046794391494e+152, beta_phi=nan
NaN in beta_*: layer 9, bs_iter=38, k=11897, beta_mu=2.109777817748798e+152, beta_phi=nan
NaN in beta_*: layer 9, bs_iter=38, k=11898, beta_mu=2.676772408156521e+152, beta_phi=nan
NaN in beta_*: layer 9, bs_iter=38, k=11902, beta_mu=2.195088629904685e+152, beta_phi=nan
NaN in beta_*: layer 9, bs_iter=38, k=11904, beta_mu=1.6017348345284497e+152, beta_phi=nan
NaN in beta_*: layer 9, bs_iter=38, k=11905, beta_mu=2.579297308842924e+152, beta_phi=nan
NaN in beta_*: layer 9, bs_iter=38, k=11912, beta_mu=1.6737892824274227e+152, beta_phi=nan
NaN in beta_*: layer 9, bs_iter=38, k=11916, beta_mu=2.261977880141619e+152, beta_phi=nan
NaN in beta_*: layer 9, bs_iter=38, k=11931, beta_mu=1.1602418583499155e+152, beta_phi=nan
NaN in beta_*: layer 9, bs_iter=38, k=11935, beta_mu=1.6640029726490876e+152, beta_phi=nan
NaN in beta_*: layer 9, bs_iter=38, k=11940, beta_mu=9.729779671581135e+151, beta_phi=nan
NaN in beta_*: layer 9, bs_iter=38, k=11941, beta_mu=2.4864260342671524e+152, beta_phi=nan
NaN in beta_*: layer 9, bs_iter=38, k=11942, beta_mu=2.486445033012766e+152, beta_phi=nan
NaNs in component_non_med_pred at component 9

Residual before update:
[-0.00284827  0.00666492 -0.00203383 ...  0.00056348  0.01207088
 -0.00092522]
NaNs in residual_incl_alpha[38, :]
NaNs in gene_weights for bs_iter=38
NaN in mixture_alpha_var: a_terms=[nan nan nan nan nan nan nan nan nan nan nan nan nan nan nan nan nan nan
 nan nan nan nan nan]
NaN in mixture_alpha_mu: b_terms=[nan nan nan nan nan nan nan nan nan nan nan nan nan nan nan nan nan nan
 nan nan nan nan nan]
NaNs in self.residual at bs_iter=38
NaNs in un_normalized_lv_alpha_weights
NaN in normalizing_term
NaNs in residual_incl_alpha[83, :]
NaNs in gene_weights for bs_iter=83
NaN in mixture_alpha_mu: b_terms=[nan nan nan nan nan nan nan nan nan nan nan nan nan nan nan nan nan nan
 nan nan nan nan nan]
NaNs in self.residual at bs_iter=83
NaNs in un_normalized_lv_alpha_weights
NaN in normalizing_term
Compute pips
NaNs found in gene-tissue pair PIPs at indices: [ 0  1  2  3  4  5  6  7  8  9 10 11 12 13 14 15 16 17 18 19 20 21 22]
NaNs found in variant PIPs at indices: [    0     1     2 ... 11948 11949 11950]
NaNs found in gene PIPs at indices: [0 1 2 3 4 5 6 7]
###############################
TGFM
###############################
Initialize variables
Warning: 465 variants have NaN gwas_beta. Setting to 0 with large SE.
Iterative optimization

Residual before update:
[ 0.00750567  0.00711063  0.00046644 ...  0.00581411 -0.00187121
 -0.00356149]

Residual before update:
[ 0.00750562  0.00711059  0.00046642 ...  0.00581409 -0.00187121
 -0.00356139]

Residual before update:
[ 0.00750557  0.00711054  0.0004664  ...  0.00581408 -0.00187121
 -0.0035613 ]

Residual before update:
[ 0.00750553  0.00711049  0.00046638 ...  0.00581406 -0.00187121
 -0.0035612 ]

Residual before update:
[ 0.00750548  0.00711045  0.00046637 ...  0.00581405 -0.00187121
 -0.00356111]

Residual before update:
[ 0.00750544  0.0071104   0.00046635 ...  0.00581403 -0.00187121
 -0.00356101]

Residual before update:
[ 0.00750539  0.00711036  0.00046633 ...  0.00581402 -0.00187121
 -0.00356092]

Residual before update:
[ 0.00750535  0.00711031  0.00046631 ...  0.005814   -0.00187121
 -0.00356083]

Residual before update:
[ 0.0075053   0.00711027  0.00046629 ...  0.00581399 -0.00187121
 -0.00356073]

Residual before update:
[ 0.00750526  0.00711022  0.00046628 ...  0.00581398 -0.00187121
 -0.00356064]

Residual before update:
[ 0.00750526  0.00711022  0.00046628 ...  0.00581398 -0.00187121
 -0.00356064]

Residual before update:
[ 0.00750526  0.00711022  0.00046628 ...  0.00581398 -0.00187121
 -0.00356064]

Residual before update:
[ 0.00750526  0.00711022  0.00046628 ...  0.00581398 -0.00187121
 -0.00356063]

Residual before update:
[ 0.00750526  0.00711022  0.00046628 ...  0.00581398 -0.00187121
 -0.00356063]

Residual before update:
[ 0.00750526  0.00711022  0.00046628 ...  0.00581399 -0.00187121
 -0.00356063]

Residual before update:
[ 0.00750526  0.00711022  0.00046628 ...  0.00581399 -0.00187121
 -0.00356063]

Residual before update:
[ 0.00750526  0.00711022  0.00046628 ...  0.00581399 -0.00187121
 -0.00356063]

Residual before update:
[ 0.00750526  0.00711022  0.00046628 ...  0.00581399 -0.00187121
 -0.00356063]

Residual before update:
[ 0.00750526  0.00711022  0.00046628 ...  0.00581399 -0.00187121
 -0.00356063]

Residual before update:
[ 0.00750526  0.00711022  0.00046628 ...  0.00581399 -0.00187121
 -0.00356063]

Residual before update:
[ 0.00750526  0.00711022  0.00046628 ...  0.00581399 -0.00187121
 -0.00356063]

Residual before update:
[ 0.00750526  0.00711022  0.00046628 ...  0.00581399 -0.00187121
 -0.00356063]

Residual before update:
[ 0.00750526  0.00711022  0.00046628 ...  0.00581399 -0.00187121
 -0.00356063]

Residual before update:
[ 0.00750526  0.00711022  0.00046628 ...  0.00581399 -0.00187121
 -0.00356063]

Residual before update:
[ 0.00750526  0.00711022  0.00046628 ...  0.00581399 -0.00187121
 -0.00356063]

Residual before update:
[ 0.00750526  0.00711022  0.00046628 ...  0.00581399 -0.00187121
 -0.00356063]

Residual before update:
[ 0.00750526  0.00711022  0.00046628 ...  0.00581399 -0.00187121
 -0.00356063]

Residual before update:
[ 0.00750526  0.00711022  0.00046628 ...  0.00581399 -0.00187121
 -0.00356063]

Residual before update:
[ 0.00750526  0.00711022  0.00046628 ...  0.00581399 -0.00187121
 -0.00356063]

Residual before update:
[ 0.00750526  0.00711022  0.00046628 ...  0.00581399 -0.00187121
 -0.00356063]

Residual before update:
[ 0.00750526  0.00711022  0.00046628 ...  0.00581399 -0.00187121
 -0.00356063]

Residual before update:
[ 0.00750526  0.00711022  0.00046628 ...  0.00581399 -0.00187121
 -0.00356063]

Residual before update:
[ 0.00750526  0.00711022  0.00046628 ...  0.00581399 -0.00187121
 -0.00356063]

Residual before update:
[ 0.00750526  0.00711022  0.00046628 ...  0.00581399 -0.00187121
 -0.00356063]

Residual before update:
[ 0.00750526  0.00711022  0.00046628 ...  0.00581399 -0.00187121
 -0.00356063]

Residual before update:
[ 0.00750526  0.00711022  0.00046628 ...  0.00581399 -0.00187121
 -0.00356063]

Residual before update:
[ 0.00750526  0.00711022  0.00046628 ...  0.00581399 -0.00187121
 -0.00356063]

Residual before update:
[ 0.00750526  0.00711022  0.00046628 ...  0.00581399 -0.00187121
 -0.00356063]

Residual before update:
[ 0.00750525  0.00711022  0.00046628 ...  0.00581398 -0.00187121
 -0.00356063]

Residual before update:
[ 0.00750525  0.00711022  0.00046628 ...  0.00581398 -0.00187121
 -0.00356063]

Residual before update:
[ 0.00750526  0.00711022  0.00046628 ...  0.00581398 -0.00187121
 -0.00356063]

Residual before update:
[ 0.00750525  0.00711022  0.00046628 ...  0.00581398 -0.00187121
 -0.00356063]

Residual before update:
[ 0.00750525  0.00711022  0.00046628 ...  0.00581398 -0.00187121
 -0.00356063]

Residual before update:
[ 0.00750525  0.00711022  0.00046628 ...  0.00581398 -0.00187121
 -0.00356062]

Residual before update:
[ 0.00750525  0.00711022  0.00046628 ...  0.00581398 -0.00187121
 -0.00356062]

Residual before update:
[ 0.00750525  0.00711022  0.00046628 ...  0.00581398 -0.00187121
 -0.00356062]

Residual before update:
[ 0.00750525  0.00711022  0.00046628 ...  0.00581398 -0.00187121
 -0.00356062]

Residual before update:
[ 0.00750525  0.00711022  0.00046628 ...  0.00581398 -0.00187121
 -0.00356062]

Residual before update:
[ 0.00750525  0.00711022  0.00046628 ...  0.00581398 -0.00187121
 -0.00356062]

Residual before update:
[ 0.00750525  0.00711022  0.00046628 ...  0.00581398 -0.00187121
 -0.00356062]
Compute pips
###############################
TGFM
###############################
Initialize variables
Warning: 443 variants have NaN gwas_beta. Setting to 0 with large SE.
Iterative optimization

Residual before update:
[-0.00142764  0.00103141  0.00175031 ... -0.00352524 -0.00136698
 -0.00773945]

Residual before update:
[-0.00142797  0.00103126  0.00174931 ... -0.00352532 -0.001367
 -0.00773952]

Residual before update:
[-0.00142799  0.00103124  0.00174925 ... -0.00352533 -0.00136701
 -0.00773954]

Residual before update:
[-0.00142801  0.00103123  0.00174918 ... -0.00352534 -0.00136702
 -0.00773956]

Residual before update:
[-0.00142803  0.00103121  0.00174912 ... -0.00352535 -0.00136703
 -0.00773958]

Residual before update:
[-0.00142804  0.0010312   0.00174906 ... -0.00352535 -0.00136703
 -0.0077396 ]

Residual before update:
[-0.00142787  0.00103122  0.00174896 ... -0.00352517 -0.0013622
 -0.00773396]

Residual before update:
[-0.00142807  0.00103117  0.00174894 ... -0.00352537 -0.00136705
 -0.00773964]

Residual before update:
[-0.00142809  0.00103115  0.00174888 ... -0.00352538 -0.00136705
 -0.00773966]

Residual before update:
[-0.0014281   0.00103114  0.00174883 ... -0.00352538 -0.00136706
 -0.00773967]

Residual before update:
[-0.00142748  0.00102363  0.00174936 ... -0.00352609 -0.00136695
 -0.00773935]

Residual before update:
[-0.00142795  0.00103121  0.00174927 ... -0.00352535 -0.00136705
 -0.00773965]

Residual before update:
[-0.00142797  0.0010312   0.00174923 ... -0.00352535 -0.00136705
 -0.00773965]

Residual before update:
[-0.00142798  0.0010312   0.00174919 ... -0.00352536 -0.00136705
 -0.00773965]

Residual before update:
[-0.001428    0.00103119  0.00174916 ... -0.00352536 -0.00136705
 -0.00773966]

Residual before update:
[-0.00142801  0.00103119  0.00174913 ... -0.00352536 -0.00136706
 -0.00773966]

Residual before update:
[-0.00142779  0.0010312   0.00174904 ... -0.00352516 -0.0013626
 -0.00773348]

Residual before update:
[-0.00142802  0.00103118  0.00174908 ... -0.00352537 -0.00136706
 -0.00773966]

Residual before update:
[-0.00142803  0.00103118  0.00174906 ... -0.00352537 -0.00136706
 -0.00773966]

Residual before update:
[-0.00142804  0.00103118  0.00174904 ... -0.00352537 -0.00136706
 -0.00773966]

Residual before update:
[-0.00142635  0.00101652  0.00174897 ... -0.00352648 -0.00136591
 -0.00773901]

Residual before update:
[-0.00142793  0.00103123  0.00174937 ... -0.00352534 -0.00136705
 -0.00773964]

Residual before update:
[-0.00142794  0.00103122  0.00174932 ... -0.00352535 -0.00136705
 -0.00773965]

Residual before update:
[-0.00142796  0.00103121  0.00174928 ... -0.00352535 -0.00136705
 -0.00773965]

Residual before update:
[-0.00142797  0.00103121  0.00174925 ... -0.00352535 -0.00136706
 -0.00773965]

Residual before update:
[-0.00142798  0.0010312   0.00174923 ... -0.00352536 -0.00136706
 -0.00773965]

Residual before update:
[-0.00142776  0.00103121  0.00174911 ... -0.00352514 -0.00136259
 -0.00773341]

Residual before update:
[-0.001428    0.0010312   0.00174918 ... -0.00352536 -0.00136706
 -0.00773966]

Residual before update:
[-0.001428    0.00103119  0.00174916 ... -0.00352536 -0.00136706
 -0.00773966]

Residual before update:
[-0.00142801  0.00103119  0.00174914 ... -0.00352536 -0.00136706
 -0.00773966]

Residual before update:
[-0.00142853  0.00100687  0.00174863 ... -0.00352803 -0.00136714
 -0.00773978]

Residual before update:
[-0.00142795  0.00103122  0.00174932 ... -0.00352535 -0.00136705
 -0.00773965]

Residual before update:
[-0.00142795  0.00103122  0.00174932 ... -0.00352535 -0.00136705
 -0.00773965]

Residual before update:
[-0.00142795  0.00103122  0.0017493  ... -0.00352535 -0.00136706
 -0.00773965]

Residual before update:
[-0.00142796  0.00103121  0.00174929 ... -0.00352535 -0.00136706
 -0.00773965]

Residual before update:
[-0.00142797  0.00103121  0.00174927 ... -0.00352535 -0.00136706
 -0.00773965]

Residual before update:
[-0.00142775  0.00103122  0.00174914 ... -0.00352513 -0.00136253
 -0.00773331]

Residual before update:
[-0.00142798  0.0010312   0.00174923 ... -0.00352536 -0.00136706
 -0.00773966]

Residual before update:
[-0.00142798  0.0010312   0.00174921 ... -0.00352536 -0.00136706
 -0.00773966]

Residual before update:
[-0.00142799  0.0010312   0.0017492  ... -0.00352536 -0.00136706
 -0.00773966]

Residual before update:
[-0.00142825  0.00100473  0.00174824 ... -0.00352856 -0.00136708
 -0.00773987]

Residual before update:
[-0.00142797  0.00103121  0.00174926 ... -0.00352535 -0.00136706
 -0.00773966]

Residual before update:
[-0.00142796  0.00103121  0.00174927 ... -0.00352535 -0.00136706
 -0.00773965]

Residual before update:
[-0.00142796  0.00103121  0.00174928 ... -0.00352535 -0.00136706
 -0.00773965]

Residual before update:
[-0.00142796  0.00103121  0.00174928 ... -0.00352535 -0.00136706
 -0.00773966]

Residual before update:
[-0.00142796  0.00103121  0.00174927 ... -0.00352535 -0.00136706
 -0.00773966]

Residual before update:
[-0.00142774  0.00103122  0.00174915 ... -0.00352513 -0.00136257
 -0.00773329]

Residual before update:
[-0.00142797  0.00103121  0.00174925 ... -0.00352535 -0.00136706
 -0.00773966]

Residual before update:
[-0.00142797  0.0010312   0.00174924 ... -0.00352536 -0.00136706
 -0.00773966]

Residual before update:
[-0.00142798  0.0010312   0.00174923 ... -0.00352536 -0.00136706
 -0.00773966]
Compute pips
###############################
TGFM
###############################
Initialize variables
Warning: 434 variants have NaN gwas_beta. Setting to 0 with large SE.
Iterative optimization

Residual before update:
[ 0.00044496  0.0053287   0.00097891 ... -0.00422332 -0.00316772
 -0.00329214]

Residual before update:
[ 0.00044491  0.00532851  0.00097886 ... -0.00422341 -0.00316797
 -0.00329284]

Residual before update:
[ 0.00044488  0.0053285   0.00097882 ... -0.00422342 -0.00316797
 -0.00329287]

Residual before update:
[ 0.00044484  0.00532849  0.00097879 ... -0.00422343 -0.00316797
 -0.00329289]

Residual before update:
[ 0.00044481  0.00532849  0.00097876 ... -0.00422343 -0.00316797
 -0.00329291]

Residual before update:
[ 0.00044478  0.00532848  0.00097873 ... -0.00422344 -0.00316797
 -0.00329293]

Residual before update:
[ 0.00044475  0.00532848  0.0009787  ... -0.00422345 -0.00316797
 -0.00329295]

Residual before update:
[ 0.00044472  0.00532847  0.00097866 ... -0.00422345 -0.00316796
 -0.00329297]

Residual before update:
[ 0.00044468  0.00532847  0.00097863 ... -0.00422346 -0.00316796
 -0.00329299]

Residual before update:
[ 0.00044465  0.00532846  0.0009786  ... -0.00422347 -0.00316796
 -0.00329301]

Residual before update:
[ 0.00044467  0.00532865  0.00097862 ... -0.00422338 -0.0031677
 -0.00329232]

Residual before update:
[ 0.00044466  0.00532855  0.00097861 ... -0.00422343 -0.00316784
 -0.00329269]

Residual before update:
[ 0.00044466  0.00532854  0.00097861 ... -0.00422343 -0.00316785
 -0.00329272]

Residual before update:
[ 0.00044466  0.00532853  0.0009786  ... -0.00422343 -0.00316786
 -0.00329274]

Residual before update:
[ 0.00044465  0.00532853  0.0009786  ... -0.00422344 -0.00316787
 -0.00329276]

Residual before update:
[ 0.00044465  0.00532852  0.0009786  ... -0.00422344 -0.00316788
 -0.00329278]

Residual before update:
[ 0.00044465  0.00532852  0.0009786  ... -0.00422344 -0.00316788
 -0.0032928 ]

Residual before update:
[ 0.00044465  0.00532851  0.0009786  ... -0.00422344 -0.00316789
 -0.00329282]

Residual before update:
[ 0.00044465  0.00532851  0.0009786  ... -0.00422344 -0.00316789
 -0.00329283]

Residual before update:
[ 0.00044465  0.0053285   0.0009786  ... -0.00422345 -0.0031679
 -0.00329285]

Residual before update:
[ 0.00044466  0.00532861  0.00097861 ... -0.0042234  -0.00316776
 -0.00329248]

Residual before update:
[ 0.00044466  0.00532857  0.00097861 ... -0.00422342 -0.00316781
 -0.00329261]

Residual before update:
[ 0.00044465  0.00532856  0.0009786  ... -0.00422343 -0.00316782
 -0.00329265]

Residual before update:
[ 0.00044465  0.00532855  0.0009786  ... -0.00422343 -0.00316783
 -0.00329268]

Residual before update:
[ 0.00044465  0.00532855  0.0009786  ... -0.00422343 -0.00316784
 -0.0032927 ]

Residual before update:
[ 0.00044465  0.00532854  0.0009786  ... -0.00422343 -0.00316784
 -0.00329272]

Residual before update:
[ 0.00044465  0.00532854  0.0009786  ... -0.00422344 -0.00316785
 -0.00329274]

Residual before update:
[ 0.00044465  0.00532853  0.0009786  ... -0.00422344 -0.00316786
 -0.00329275]

Residual before update:
[ 0.00044465  0.00532853  0.0009786  ... -0.00422344 -0.00316786
 -0.00329277]

Residual before update:
[ 0.00044465  0.00532852  0.00097859 ... -0.00422345 -0.00316787
 -0.00329279]

Residual before update:
[ 0.00044466  0.00532856  0.00097861 ... -0.00422342 -0.00316781
 -0.00329263]

Residual before update:
[ 0.00044465  0.00532856  0.0009786  ... -0.00422342 -0.00316781
 -0.00329264]

Residual before update:
[ 0.00044465  0.00532856  0.0009786  ... -0.00422343 -0.00316782
 -0.00329265]

Residual before update:
[ 0.00044465  0.00532856  0.0009786  ... -0.00422343 -0.00316782
 -0.00329266]

Residual before update:
[ 0.00044465  0.00532855  0.0009786  ... -0.00422343 -0.00316782
 -0.00329267]

Residual before update:
[ 0.00044465  0.00532855  0.0009786  ... -0.00422343 -0.00316783
 -0.00329269]

Residual before update:
[ 0.00044465  0.00532855  0.0009786  ... -0.00422343 -0.00316783
 -0.0032927 ]

Residual before update:
[ 0.00044465  0.00532854  0.0009786  ... -0.00422343 -0.00316784
 -0.00329271]

Residual before update:
[ 0.00044465  0.00532854  0.0009786  ... -0.00422344 -0.00316784
 -0.00329272]

Residual before update:
[ 0.00044464  0.00532854  0.00097859 ... -0.00422344 -0.00316785
 -0.00329274]

Residual before update:
[ 0.00044465  0.00532855  0.0009786  ... -0.00422343 -0.00316783
 -0.00329269]

Residual before update:
[ 0.00044465  0.00532855  0.0009786  ... -0.00422343 -0.00316783
 -0.00329269]

Residual before update:
[ 0.00044465  0.00532855  0.00097859 ... -0.00422343 -0.00316783
 -0.00329268]

Residual before update:
[ 0.00044465  0.00532855  0.0009786  ... -0.00422343 -0.00316782
 -0.00329267]

Residual before update:
[ 0.00044465  0.00532855  0.00097859 ... -0.00422343 -0.00316782
 -0.00329267]

Residual before update:
[ 0.00044464  0.00532855  0.00097859 ... -0.00422343 -0.00316783
 -0.00329268]

Residual before update:
[ 0.00044464  0.00532855  0.00097859 ... -0.00422343 -0.00316783
 -0.00329269]

Residual before update:
[ 0.00044464  0.00532855  0.00097859 ... -0.00422343 -0.00316783
 -0.00329269]

Residual before update:
[ 0.00044464  0.00532855  0.00097859 ... -0.00422343 -0.00316783
 -0.0032927 ]

Residual before update:
[ 0.00044464  0.00532854  0.00097859 ... -0.00422344 -0.00316784
 -0.00329272]
Compute pips
###############################
TGFM
###############################
Initialize variables
Warning: 399 variants have NaN gwas_beta. Setting to 0 with large SE.
Iterative optimization

Residual before update:
[-0.00411367 -0.00690352 -0.00418616 ...  0.005132    0.00429717
 -0.00310329]

Residual before update:
[-0.00411366 -0.00690349 -0.00418615 ...  0.00513198  0.00429707
 -0.0031033 ]

Residual before update:
[-0.00411365 -0.00690347 -0.00418614 ...  0.00513195  0.00429697
 -0.0031033 ]

Residual before update:
[-0.00411364 -0.00690345 -0.00418613 ...  0.00513192  0.00429688
 -0.0031033 ]

Residual before update:
[-0.00411363 -0.00690343 -0.00418611 ...  0.00513189  0.00429678
 -0.00310331]

Residual before update:
[-0.00411362 -0.00690341 -0.0041861  ...  0.00513186  0.00429669
 -0.00310331]

Residual before update:
[-0.00411361 -0.00690339 -0.00418609 ...  0.00513184  0.0042966
 -0.00310332]

Residual before update:
[-0.0041136  -0.00690337 -0.00418608 ...  0.00513181  0.00429651
 -0.00310332]

Residual before update:
[-0.00411368 -0.00690335 -0.00418616 ...  0.00513129  0.00429642
 -0.0031035 ]

Residual before update:
[-0.00411357 -0.00690332 -0.00418606 ...  0.00513175  0.00429633
 -0.00310333]

Residual before update:
[-0.00411358 -0.00690332 -0.00418606 ...  0.00513175  0.00429634
 -0.00310333]

Residual before update:
[-0.00411358 -0.00690332 -0.00418606 ...  0.00513175  0.00429635
 -0.00310333]

Residual before update:
[-0.00411358 -0.00690332 -0.00418606 ...  0.00513175  0.00429635
 -0.00310333]

Residual before update:
[-0.00411357 -0.00690332 -0.00418606 ...  0.00513175  0.00429636
 -0.00310333]

Residual before update:
[-0.00411357 -0.00690332 -0.00418606 ...  0.00513176  0.00429636
 -0.00310333]

Residual before update:
[-0.00411357 -0.00690332 -0.00418606 ...  0.00513176  0.00429637
 -0.00310333]

Residual before update:
[-0.00411357 -0.00690332 -0.00418606 ...  0.00513176  0.00429637
 -0.00310333]

Residual before update:
[-0.00411357 -0.00690332 -0.00418606 ...  0.00513176  0.00429637
 -0.00310333]

Residual before update:
[-0.00411368 -0.00690332 -0.00418616 ...  0.0051312   0.00429637
 -0.00310352]

Residual before update:
[-0.00411357 -0.00690332 -0.00418606 ...  0.00513176  0.00429637
 -0.00310333]

Residual before update:
[-0.00411357 -0.00690332 -0.00418606 ...  0.00513175  0.00429637
 -0.00310333]

Residual before update:
[-0.00411357 -0.00690332 -0.00418606 ...  0.00513175  0.00429637
 -0.00310333]

Residual before update:
[-0.00411357 -0.00690332 -0.00418606 ...  0.00513175  0.00429637
 -0.00310333]

Residual before update:
[-0.00411357 -0.00690332 -0.00418606 ...  0.00513175  0.00429637
 -0.00310333]

Residual before update:
[-0.00411357 -0.00690332 -0.00418606 ...  0.00513175  0.00429637
 -0.00310333]

Residual before update:
[-0.00411357 -0.00690332 -0.00418606 ...  0.00513175  0.00429637
 -0.00310333]

Residual before update:
[-0.00411357 -0.00690332 -0.00418606 ...  0.00513175  0.00429637
 -0.00310333]

Residual before update:
[-0.00411357 -0.00690332 -0.00418606 ...  0.00513175  0.00429637
 -0.00310333]

Residual before update:
[-0.00411368 -0.00690332 -0.00418616 ...  0.0051312   0.00429637
 -0.00310352]

Residual before update:
[-0.00411357 -0.00690332 -0.00418606 ...  0.00513175  0.00429637
 -0.00310333]

Residual before update:
[-0.00411357 -0.00690332 -0.00418606 ...  0.00513175  0.00429637
 -0.00310333]

Residual before update:
[-0.00411357 -0.00690332 -0.00418606 ...  0.00513175  0.00429637
 -0.00310333]

Residual before update:
[-0.00411357 -0.00690332 -0.00418606 ...  0.00513175  0.00429637
 -0.00310333]

Residual before update:
[-0.00411357 -0.00690332 -0.00418606 ...  0.00513175  0.00429637
 -0.00310333]

Residual before update:
[-0.00411357 -0.00690332 -0.00418606 ...  0.00513175  0.00429637
 -0.00310333]

Residual before update:
[-0.00411357 -0.00690332 -0.00418606 ...  0.00513175  0.00429636
 -0.00310333]

Residual before update:
[-0.00411357 -0.00690332 -0.00418606 ...  0.00513175  0.00429636
 -0.00310333]

Residual before update:
[-0.00411357 -0.00690332 -0.00418606 ...  0.00513175  0.00429636
 -0.00310333]

Residual before update:
[-0.00411368 -0.00690332 -0.00418616 ...  0.00513119  0.00429636
 -0.00310352]

Residual before update:
[-0.00411357 -0.00690332 -0.00418606 ...  0.00513175  0.00429636
 -0.00310333]

Residual before update:
[-0.00411357 -0.00690332 -0.00418606 ...  0.00513175  0.00429636
 -0.00310333]

Residual before update:
[-0.00411357 -0.00690332 -0.00418606 ...  0.00513175  0.00429636
 -0.00310333]

Residual before update:
[-0.00411357 -0.00690332 -0.00418606 ...  0.00513175  0.00429636
 -0.00310333]

Residual before update:
[-0.00411357 -0.00690332 -0.00418606 ...  0.00513175  0.00429636
 -0.00310333]

Residual before update:
[-0.00411357 -0.00690332 -0.00418606 ...  0.00513175  0.00429636
 -0.00310333]

Residual before update:
[-0.00411357 -0.00690332 -0.00418606 ...  0.00513175  0.00429636
 -0.00310333]

Residual before update:
[-0.00411357 -0.00690332 -0.00418606 ...  0.00513175  0.00429636
 -0.00310333]

Residual before update:
[-0.00411357 -0.00690332 -0.00418606 ...  0.00513175  0.00429636
 -0.00310333]

Residual before update:
[-0.00411368 -0.00690332 -0.00418616 ...  0.00513119  0.00429636
 -0.00310352]

Residual before update:
[-0.00411357 -0.00690332 -0.00418606 ...  0.00513175  0.00429636
 -0.00310333]
Compute pips
###############################
TGFM
###############################
Initialize variables
Warning: 404 variants have NaN gwas_beta. Setting to 0 with large SE.
Iterative optimization

Residual before update:
[ 3.00700483e-03  1.08899124e-03  6.57890328e-05 ... -4.64244187e-03
  7.87908179e-04 -4.79403181e-03]

Residual before update:
[ 3.00699921e-03  1.08897506e-03  6.57700262e-05 ... -4.64231072e-03
  7.87837705e-04 -4.79389676e-03]

Residual before update:
[ 3.00699358e-03  1.08895883e-03  6.57510025e-05 ... -4.64218272e-03
  7.87767748e-04 -4.79376493e-03]

Residual before update:
[ 3.01134964e-03  1.09034676e-03  6.62988022e-05 ... -4.63606613e-03
  9.57915566e-04 -4.78855079e-03]

Residual before update:
[ 3.00698229e-03  1.08892620e-03  6.57129290e-05 ... -4.64193580e-03
  7.87629246e-04 -4.79351062e-03]

Residual before update:
[ 3.00697661e-03  1.08890980e-03  6.56938479e-05 ... -4.64181659e-03
  7.87560679e-04 -4.79338783e-03]

Residual before update:
[ 3.00697095e-03  1.08889336e-03  6.56747933e-05 ... -4.64169995e-03
  7.87492583e-04 -4.79326768e-03]

Residual before update:
[ 3.00696526e-03  1.08887687e-03  6.56556984e-05 ... -4.64158570e-03
  7.87424969e-04 -4.79315000e-03]

Residual before update:
[ 3.00695957e-03  1.08886035e-03  6.56366396e-05 ... -4.64147420e-03
  7.87357661e-04 -4.79303514e-03]

Residual before update:
[ 3.00695388e-03  1.08884376e-03  6.56175370e-05 ... -4.64136487e-03
  7.87290850e-04 -4.79292250e-03]

Residual before update:
[   66.31300756   -22.20174285   -89.21826198 ...  -312.37953072
 -3855.18728397  -325.15139377]

Residual before update:
[ 3.00695364e-03  1.08884286e-03  6.56172820e-05 ... -4.64140884e-03
  7.87298015e-04 -4.79296767e-03]

Residual before update:
[ 3.00695357e-03  1.08884246e-03  6.56171027e-05 ... -4.64142506e-03
  7.87300764e-04 -4.79298434e-03]

Residual before update:
[ 3.01272980e-03  1.09026376e-03  6.64529278e-05 ... -4.63194807e-03
  8.65844201e-04 -4.78443679e-03]

Residual before update:
[ 3.00695342e-03  1.08884185e-03  6.56168359e-05 ... -4.64144863e-03
  7.87304561e-04 -4.79300856e-03]

Residual before update:
[ 3.00695334e-03  1.08884161e-03  6.56166688e-05 ... -4.64145609e-03
  7.87305739e-04 -4.79301622e-03]

Residual before update:
[ 3.00695332e-03  1.08884144e-03  6.56165847e-05 ... -4.64146072e-03
  7.87306510e-04 -4.79302098e-03]

Residual before update:
[ 3.00695327e-03  1.08884130e-03  6.56164667e-05 ... -4.64146269e-03
  7.87306906e-04 -4.79302301e-03]

Residual before update:
[ 3.00695325e-03  1.08884124e-03  6.56164177e-05 ... -4.64146273e-03
  7.87306736e-04 -4.79302305e-03]

Residual before update:
[ 3.00695325e-03  1.08884118e-03  6.56163361e-05 ... -4.64146035e-03
  7.87306263e-04 -4.79302060e-03]

Residual before update:
[ 7.47715457e+13 -2.50360376e+13 -1.00603091e+14 ... -3.52235468e+14
 -4.34713213e+15 -3.66636916e+14]

Residual before update:
[ 3.00695321e-03  1.08884115e-03  6.56162829e-05 ... -4.64145754e-03
  7.87305662e-04 -4.79301771e-03]

Residual before update:
[ 3.00695321e-03  1.08884109e-03  6.56161813e-05 ... -4.64145620e-03
  7.87305385e-04 -4.79301634e-03]

Residual before update:
[ 3.00762289e-03  1.08888166e-03  6.60419144e-05 ... -4.61952471e-03
  9.01705756e-04 -4.77065889e-03]

Residual before update:
[ 3.00695316e-03  1.08884096e-03  6.56160287e-05 ... -4.64145490e-03
  7.87304712e-04 -4.79301499e-03]

Residual before update:
[ 3.00695311e-03  1.08884087e-03  6.56159001e-05 ... -4.64145454e-03
  7.87304399e-04 -4.79301463e-03]

Residual before update:
[ 3.00695311e-03  1.08884081e-03  6.56158421e-05 ... -4.64145414e-03
  7.87304140e-04 -4.79301421e-03]

Residual before update:
[ 3.00695307e-03  1.08884073e-03  6.56157390e-05 ... -4.64145364e-03
  7.87303947e-04 -4.79301370e-03]

Residual before update:
[ 3.00695306e-03  1.08884067e-03  6.56156952e-05 ... -4.64145357e-03
  7.87303609e-04 -4.79301362e-03]

Residual before update:
[ 3.00695304e-03  1.08884059e-03  6.56156069e-05 ... -4.64145325e-03
  7.87303361e-04 -4.79301329e-03]

Residual before update:
[ 8.43886291e+25 -2.82561618e+25 -1.13542617e+26 ... -3.97539839e+26
 -4.90625836e+27 -4.13793595e+26]

Residual before update:
[ 3.00695299e-03  1.08884052e-03  6.56155473e-05 ... -4.64145306e-03
  7.87303065e-04 -4.79301309e-03]

Residual before update:
[ 3.00695299e-03  1.08884044e-03  6.56154435e-05 ... -4.64145242e-03
  7.87302876e-04 -4.79301244e-03]

Residual before update:
[ 3.00883381e-03  1.08958017e-03  6.62221069e-05 ... -4.62712807e-03
  9.02770977e-04 -4.77891016e-03]

Residual before update:
[ 3.00695294e-03  1.08884030e-03  6.56152884e-05 ... -4.64145173e-03
  7.87302287e-04 -4.79301173e-03]

Residual before update:
[ 3.00695289e-03  1.08884021e-03  6.56151599e-05 ... -4.64145141e-03
  7.87301988e-04 -4.79301140e-03]

Residual before update:
[ 3.00695289e-03  1.08884015e-03  6.56151013e-05 ... -4.64145094e-03
  7.87301726e-04 -4.79301091e-03]

Residual before update:
[ 3.00695285e-03  1.08884007e-03  6.56149980e-05 ... -4.64145032e-03
  7.87301524e-04 -4.79301027e-03]

Residual before update:
[ 3.00695283e-03  1.08884002e-03  6.56149548e-05 ... -4.64145014e-03
  7.87301176e-04 -4.79301008e-03]

Residual before update:
[ 3.00695282e-03  1.08883993e-03  6.56148654e-05 ... -4.64144973e-03
  7.87300918e-04 -4.79300967e-03]

Residual before update:
[ 9.52426575e+37 -3.18904569e+37 -1.28146418e+38 ... -4.48671239e+38
 -5.53729916e+39 -4.67015546e+38]

Residual before update:
[ 3.00695277e-03  1.08883986e-03  6.56148056e-05 ... -4.64144948e-03
  7.87300615e-04 -4.79300941e-03]

Residual before update:
[ 3.00695277e-03  1.08883979e-03  6.56147011e-05 ... -4.64144884e-03
  7.87300423e-04 -4.79300875e-03]

Residual before update:
[ 3.09206865e-03  1.10649122e-03  7.55874437e-05 ... -4.76305283e-03
 -4.18395275e-05 -4.94223982e-03]

Residual before update:
[ 3.00695271e-03  1.08883965e-03  6.56145441e-05 ... -4.64144815e-03
  7.87299829e-04 -4.79300804e-03]

Residual before update:
[ 3.00695266e-03  1.08883956e-03  6.56144153e-05 ... -4.64144784e-03
  7.87299529e-04 -4.79300772e-03]

Residual before update:
[ 3.00695266e-03  1.08883950e-03  6.56143557e-05 ... -4.64144737e-03
  7.87299264e-04 -4.79300723e-03]

Residual before update:
[ 3.00695262e-03  1.08883941e-03  6.56142514e-05 ... -4.64144675e-03
  7.87299060e-04 -4.79300660e-03]

Residual before update:
[ 3.00695261e-03  1.08883936e-03  6.56142085e-05 ... -4.64144657e-03
  7.87298712e-04 -4.79300641e-03]

Residual before update:
[ 3.00695260e-03  1.08883927e-03  6.56141177e-05 ... -4.64144616e-03
  7.87298450e-04 -4.79300599e-03]
Compute pips
###############################
TGFM
###############################
Initialize variables
Warning: 435 variants have NaN gwas_beta. Setting to 0 with large SE.
Iterative optimization

Residual before update:
[-0.00564635 -0.00444449  0.00346853 ... -0.00594189 -0.00616053
 -0.00590022]

Residual before update:
[-0.00564633 -0.00444446  0.00346852 ... -0.00594186 -0.0061605
 -0.00590019]

Residual before update:
[-0.00564584 -0.00444548  0.00346902 ... -0.00595621 -0.00618124
 -0.00592093]

Residual before update:
[-0.0056463  -0.00444442  0.00346851 ... -0.0059418  -0.00616044
 -0.00590013]

Residual before update:
[-0.00571076 -0.00443159  0.00343354 ... -0.00591543 -0.00613306
 -0.00587275]

Residual before update:
[-0.00564626 -0.00444438  0.0034685  ... -0.00594173 -0.00616037
 -0.00590006]

Residual before update:
[-0.00564624 -0.00444435  0.0034685  ... -0.0059417  -0.00616034
 -0.00590003]

Residual before update:
[-0.00564818 -0.00444757  0.00346578 ... -0.00592994 -0.00615124
 -0.00589093]

Residual before update:
[ 23624.32359046  46524.32939156 155126.39021989 ...  33136.8933912
  34496.56461113  34496.61902   ]

Residual before update:
[-0.00564618 -0.00444429  0.00346848 ... -0.00594161 -0.00616025
 -0.00589993]

Residual before update:
[-0.00564618 -0.00444429  0.00346848 ... -0.00594161 -0.00616024
 -0.00589993]

Residual before update:
[-0.00564618 -0.00444429  0.00346848 ... -0.00594161 -0.00616024
 -0.00589993]

Residual before update:
[-0.00564499 -0.00445251  0.00347011 ... -0.00647738 -0.00671697
 -0.00645666]

Residual before update:
[-0.00564618 -0.00444429  0.00346848 ... -0.0059416  -0.00616024
 -0.00589993]

Residual before update:
[-0.01914188 -0.00039338 -0.00466582 ...  0.01395602  0.01538026
  0.01564061]

Residual before update:
[-0.00564618 -0.00444429  0.00346848 ... -0.0059416  -0.00616024
 -0.00589993]

Residual before update:
[-0.00564618 -0.00444429  0.00346848 ... -0.0059416  -0.00616024
 -0.00589993]

Residual before update:
[-0.00565524 -0.00445095  0.00346333 ... -0.00593662 -0.00615852
 -0.00589821]

Residual before update:
[-5.89819162e+21  1.16347921e+21 -3.18093221e+21 ...  2.42068582e+21
  2.51347234e+21  2.51347628e+21]

Residual before update:
[-0.00564618 -0.00444429  0.00346848 ... -0.0059416  -0.00616024
 -0.00589993]

Residual before update:
[-0.00564618 -0.00444429  0.00346848 ... -0.0059416  -0.00616024
 -0.00589993]

Residual before update:
[-0.00564618 -0.00444429  0.00346848 ... -0.0059416  -0.00616024
 -0.00589993]

Residual before update:
[-0.00564448 -0.00445352  0.00347055 ... -0.00654601 -0.00679317
 -0.00653286]

Residual before update:
[-0.00564618 -0.00444429  0.00346848 ... -0.0059416  -0.00616024
 -0.00589993]

Residual before update:
[-0.00488549 -0.00360114  0.00448659 ...  0.00794228  0.00920428
  0.00946462]

Residual before update:
[-0.00564618 -0.00444429  0.00346848 ... -0.0059416  -0.00616024
 -0.00589993]

Residual before update:
[-0.00564618 -0.00444429  0.00346848 ... -0.0059416  -0.00616024
 -0.00589993]

Residual before update:
[-0.00564838 -0.0044488   0.00346826 ... -0.00594841 -0.00616618
 -0.00590587]

Residual before update:
[-6.88867643e+38  1.16648547e+38 -5.74070276e+38 ...  2.25225884e+38
  2.33318149e+38  2.33318515e+38]

Residual before update:
[-0.00564618 -0.00444429  0.00346848 ... -0.0059416  -0.00616024
 -0.00589993]

Residual before update:
[-0.00564618 -0.00444429  0.00346848 ... -0.0059416  -0.00616024
 -0.00589993]

Residual before update:
[-0.00564618 -0.00444429  0.00346848 ... -0.0059416  -0.00616024
 -0.00589993]

Residual before update:
[-0.00566808 -0.00449912  0.00344663 ... -0.00556699 -0.00599637
 -0.00573606]

Residual before update:
[-0.00564618 -0.00444429  0.00346848 ... -0.0059416  -0.00616024
 -0.00589993]

Residual before update:
[-0.00489824 -0.00360637  0.00445647 ...  0.00794808  0.00921086
  0.00947119]

Residual before update:
[-0.00564618 -0.00444429  0.00346848 ... -0.0059416  -0.00616024
 -0.00589993]

Residual before update:
[-0.00564618 -0.00444429  0.00346848 ... -0.0059416  -0.00616024
 -0.00589993]

Residual before update:
[-0.0056479  -0.00444896  0.00346802 ... -0.00594832 -0.00616641
 -0.0059061 ]

Residual before update:
[1.11744715e+61 2.20063325e+61 7.33758566e+61 ... 1.56739832e+61
 1.63171172e+61 1.63171428e+61]

Residual before update:
[-0.00564618 -0.00444429  0.00346848 ... -0.0059416  -0.00616024
 -0.00589993]

Residual before update:
[-0.00564618 -0.00444429  0.00346848 ... -0.0059416  -0.00616024
 -0.00589993]

Residual before update:
[-0.00564618 -0.00444429  0.00346848 ... -0.0059416  -0.00616024
 -0.00589993]

Residual before update:
[-0.00567564 -0.00446968  0.00344619 ... -0.00654086 -0.00673903
 -0.00647872]

Residual before update:
[-0.00564618 -0.00444429  0.00346848 ... -0.0059416  -0.00616024
 -0.00589993]

Residual before update:
[-0.00489831 -0.0036064   0.00445631 ...  0.00794808  0.00921086
  0.0094712 ]

Residual before update:
[-0.00564618 -0.00444429  0.00346848 ... -0.0059416  -0.00616024
 -0.00589993]

Residual before update:
[-0.00564618 -0.00444429  0.00346848 ... -0.0059416  -0.00616024
 -0.00589993]

Residual before update:
[-0.00564804 -0.00444945  0.00346802 ... -0.00594809 -0.00616643
 -0.00590612]
NaNs in component_non_med_pred at component 8

Residual before update:
[-2.79204787e+78  5.50760277e+77 -1.50576916e+78 ...  1.14588863e+78
  1.18981131e+78  1.18981318e+78]
NaNs in residual_incl_alpha[72, :]
NaN in mixture_alpha_mu: b_terms=[nan nan nan nan nan nan nan nan nan]
NaNs in self.residual at bs_iter=72
NaNs in un_normalized_lv_alpha_weights
NaN in normalizing_term
NaNs in component_non_med_pred at component 9

Residual before update:
[-0.00564618 -0.00444429  0.00346848 ... -0.0059416  -0.00616024
 -0.00589993]
NaNs in residual_incl_alpha[72, :]
NaNs in gene_weights for bs_iter=72
NaN in mixture_alpha_mu: b_terms=[nan nan nan nan nan nan nan nan nan]
NaNs in self.residual at bs_iter=72
NaNs in un_normalized_lv_alpha_weights
NaN in normalizing_term
Compute pips
NaNs found in gene-tissue pair PIPs at indices: [0 1 2 3 4 5 6 7 8]
NaNs found in variant PIPs at indices: [    0     1     2 ... 11318 11319 11320]
NaNs found in gene PIPs at indices: [0 1 2 3]
###############################
TGFM
###############################
Initialize variables
Warning: 387 variants have NaN gwas_beta. Setting to 0 with large SE.
Iterative optimization

Residual before update:
[ 0.00407492  0.00960818  0.00871435 ... -0.00566309 -0.00136228
 -0.00435835]

Residual before update:
[ 0.00407495  0.00960822  0.00871439 ... -0.00566303 -0.00136225
 -0.00435832]

Residual before update:
[ 0.00407498  0.00960826  0.00871443 ... -0.00566297 -0.00136221
 -0.00435828]

Residual before update:
[ 0.00407502  0.00960829  0.00871446 ... -0.00566291 -0.00136218
 -0.00435825]

Residual before update:
[ 0.00407505  0.00960833  0.0087145  ... -0.00566285 -0.00136215
 -0.00435822]

Residual before update:
[ 0.00407508  0.00960836  0.00871454 ... -0.00566279 -0.00136212
 -0.00435819]

Residual before update:
[ 0.00407511  0.0096084   0.00871457 ... -0.00566273 -0.00136209
 -0.00435816]

Residual before update:
[ 0.00407514  0.00960843  0.0087146  ... -0.00566267 -0.00136205
 -0.00435813]

Residual before update:
[ 0.00407517  0.00960846  0.00871463 ... -0.00566261 -0.00136202
 -0.0043581 ]

Residual before update:
[ 0.0040752   0.00960849  0.00871467 ... -0.00566255 -0.00136199
 -0.00435807]

Residual before update:
[ 0.0040752   0.00960849  0.00871466 ... -0.00566255 -0.00136199
 -0.00435806]

Residual before update:
[ 0.0040752   0.00960848  0.00871465 ... -0.00566255 -0.00136199
 -0.00435806]

Residual before update:
[ 0.0040752   0.00960847  0.00871464 ... -0.00566255 -0.00136199
 -0.00435806]

Residual before update:
[ 0.00407519  0.00960847  0.00871464 ... -0.00566256 -0.00136199
 -0.00435806]

Residual before update:
[ 0.00407519  0.00960846  0.00871464 ... -0.00566256 -0.00136199
 -0.00435806]

Residual before update:
[ 0.00407519  0.00960846  0.00871463 ... -0.00566256 -0.00136199
 -0.00435806]

Residual before update:
[ 0.00407519  0.00960846  0.00871463 ... -0.00566256 -0.00136199
 -0.00435806]

Residual before update:
[ 0.00407519  0.00960846  0.00871463 ... -0.00566256 -0.00136199
 -0.00435806]

Residual before update:
[ 0.00407519  0.00960846  0.00871463 ... -0.00566256 -0.00136199
 -0.00435806]

Residual before update:
[ 0.00407519  0.00960846  0.00871463 ... -0.00566256 -0.00136199
 -0.00435806]

Residual before update:
[ 0.00407519  0.00960846  0.00871463 ... -0.00566256 -0.00136199
 -0.00435806]

Residual before update:
[ 0.00407519  0.00960846  0.00871463 ... -0.00566256 -0.00136199
 -0.00435806]

Residual before update:
[ 0.00407519  0.00960846  0.00871463 ... -0.00566255 -0.00136199
 -0.00435806]

Residual before update:
[ 0.00407519  0.00960846  0.00871463 ... -0.00566255 -0.00136199
 -0.00435806]

Residual before update:
[ 0.00407519  0.00960846  0.00871463 ... -0.00566255 -0.00136199
 -0.00435806]

Residual before update:
[ 0.00407519  0.00960846  0.00871463 ... -0.00566255 -0.00136199
 -0.00435806]

Residual before update:
[ 0.00407519  0.00960846  0.00871463 ... -0.00566255 -0.00136199
 -0.00435806]

Residual before update:
[ 0.00407519  0.00960846  0.00871463 ... -0.00566255 -0.00136199
 -0.00435806]

Residual before update:
[ 0.00407519  0.00960846  0.00871463 ... -0.00566255 -0.00136199
 -0.00435806]

Residual before update:
[ 0.00407519  0.00960846  0.00871463 ... -0.00566255 -0.00136199
 -0.00435806]

Residual before update:
[ 0.00407519  0.00960846  0.00871463 ... -0.00566255 -0.00136199
 -0.00435806]

Residual before update:
[ 0.00407519  0.00960846  0.00871463 ... -0.00566255 -0.00136199
 -0.00435806]

Residual before update:
[ 0.00407519  0.00960846  0.00871463 ... -0.00566255 -0.00136199
 -0.00435806]

Residual before update:
[ 0.00407519  0.00960846  0.00871463 ... -0.00566255 -0.00136199
 -0.00435806]

Residual before update:
[ 0.00407519  0.00960846  0.00871463 ... -0.00566255 -0.00136199
 -0.00435806]

Residual before update:
[ 0.00407519  0.00960846  0.00871463 ... -0.00566255 -0.00136199
 -0.00435806]

Residual before update:
[ 0.00407519  0.00960846  0.00871463 ... -0.00566255 -0.00136199
 -0.00435806]

Residual before update:
[ 0.0040752   0.00960846  0.00871463 ... -0.00566255 -0.00136199
 -0.00435806]

Residual before update:
[ 0.0040752   0.00960846  0.00871463 ... -0.00566255 -0.00136199
 -0.00435806]

Residual before update:
[ 0.0040752   0.00960846  0.00871463 ... -0.00566255 -0.00136199
 -0.00435806]

Residual before update:
[ 0.0040752   0.00960846  0.00871463 ... -0.00566255 -0.00136199
 -0.00435806]

Residual before update:
[ 0.0040752   0.00960846  0.00871463 ... -0.00566255 -0.00136199
 -0.00435806]

Residual before update:
[ 0.0040752   0.00960846  0.00871463 ... -0.00566255 -0.00136199
 -0.00435806]

Residual before update:
[ 0.0040752   0.00960846  0.00871463 ... -0.00566255 -0.00136199
 -0.00435806]

Residual before update:
[ 0.0040752   0.00960846  0.00871463 ... -0.00566255 -0.00136199
 -0.00435806]

Residual before update:
[ 0.0040752   0.00960846  0.00871463 ... -0.00566255 -0.00136199
 -0.00435806]

Residual before update:
[ 0.0040752   0.00960846  0.00871463 ... -0.00566255 -0.00136199
 -0.00435806]

Residual before update:
[ 0.0040752   0.00960846  0.00871463 ... -0.00566255 -0.00136199
 -0.00435806]

Residual before update:
[ 0.0040752   0.00960846  0.00871463 ... -0.00566255 -0.00136199
 -0.00435806]

Residual before update:
[ 0.0040752   0.00960846  0.00871463 ... -0.00566255 -0.00136199
 -0.00435806]
Compute pips
###############################
TGFM
###############################
Initialize variables
Warning: 341 variants have NaN gwas_beta. Setting to 0 with large SE.
Iterative optimization

Residual before update:
[-0.00604189 -0.00166117 -0.00093066 ...  0.00578412 -0.00526245
  0.00607015]

Residual before update:
[-0.00604069 -0.00166111 -0.00093065 ...  0.00577642 -0.00524653
  0.00605673]

Residual before update:
[-0.00604571 -0.00166115 -0.00093198 ...  0.00560802 -0.00530097
  0.00586204]

Residual before update:
[-0.00603992 -0.00166109 -0.0009296  ...  0.00597223 -0.00521942
  0.00627361]

Residual before update:
[-0.00604528 -0.00166113 -0.00093178 ...  0.00560328 -0.0053032
  0.00585416]

Residual before update:
[-0.0060393  -0.00166107 -0.00092931 ...  0.00597892 -0.00521892
  0.00627994]

Residual before update:
[-0.00604466 -0.00166111 -0.00093149 ...  0.0056097  -0.00530277
  0.00586018]

Residual before update:
[-0.00603869 -0.00166105 -0.00092902 ...  0.00598487 -0.00521857
  0.00628565]

Residual before update:
[-0.00604404 -0.00166109 -0.0009312  ...  0.00561584 -0.0053024
  0.0058661 ]

Residual before update:
[-0.00603809 -0.00166103 -0.00092874 ...  0.00599058 -0.00521829
  0.00629123]

Residual before update:
[-0.00604463 -0.00166114 -0.00093091 ...  0.00562945 -0.005318
  0.00588533]

Residual before update:
[-0.00603295 -0.00166102 -0.00092695 ...  0.00621367 -0.00516889
  0.00654755]

Residual before update:
[-0.00604729 -0.00166111 -0.00093278 ...  0.00525786 -0.00538507
  0.00546329]

Residual before update:
[-0.00603052 -0.00166097 -0.00092586 ...  0.00635868 -0.00513699
  0.0067149 ]

Residual before update:
[-0.00604701 -0.00166105 -0.00093259 ...  0.00525627 -0.0053867
  0.00546272]

Residual before update:
[-0.00603017 -0.00166091 -0.00092564 ...  0.0063637  -0.00513715
  0.00672183]

Residual before update:
[-0.00604665 -0.001661   -0.00093237 ...  0.00526146 -0.00538683
  0.00546962]

Residual before update:
[-0.00602985 -0.00166085 -0.00092544 ...  0.0063679  -0.00513751
  0.00672763]

Residual before update:
[-0.0060463  -0.00166094 -0.00093216 ...  0.0052667  -0.00538696
  0.00547645]

Residual before update:
[-0.00602955 -0.00166079 -0.00092525 ...  0.00637211 -0.00513787
  0.00673328]

Residual before update:
[-0.00604672 -0.00166089 -0.00093215 ...  0.00523042 -0.00539773
  0.00544039]

Residual before update:
[-0.00602611 -0.00166075 -0.00092369 ...  0.00660382 -0.00508774
  0.00700201]

Residual before update:
[-0.00605132 -0.00166089 -0.00093402 ...  0.00491717 -0.00546938
  0.00508417]

Residual before update:
[-0.00602411 -0.00166071 -0.00092289 ...  0.00674569 -0.00505713
  0.00716333]

Residual before update:
[-0.00605141 -0.00166084 -0.00093406 ...  0.00491301 -0.00547197
  0.00507944]

Residual before update:
[-0.00602409 -0.00166066 -0.00092288 ...  0.00674909 -0.00505804
  0.00716719]

Residual before update:
[-0.00605136 -0.0016608  -0.00093404 ...  0.00491722 -0.00547268
  0.00508422]

Residual before update:
[-0.00602407 -0.00166061 -0.00092288 ...  0.0067517  -0.00505912
  0.00717015]

Residual before update:
[-0.00605129 -0.00166075 -0.00093401 ...  0.00492165 -0.00547332
  0.00508925]

Residual before update:
[-0.00602402 -0.00166057 -0.00092285 ...  0.00675447 -0.00506017
  0.00717328]

Residual before update:
[-0.00605187 -0.00166071 -0.00093425 ...  0.00488022 -0.00548421
  0.00504212]

Residual before update:
[-0.00602067 -0.00166052 -0.0009215  ...  0.00698709 -0.00500883
  0.0074378 ]

Residual before update:
[-0.00605648 -0.00166071 -0.00093612 ...  0.00456265 -0.00555676
  0.004681  ]

Residual before update:
[-0.00601872 -0.00166048 -0.00092073 ...  0.00713046 -0.00497795
  0.00760085]

Residual before update:
[-0.00605667 -0.00166067 -0.00093622 ...  0.00455782 -0.00555958
  0.00467552]

Residual before update:
[-0.00601878 -0.00166044 -0.00092078 ...  0.00713303 -0.00497912
  0.00760378]

Residual before update:
[-0.00605671 -0.00166063 -0.00093626 ...  0.00456165 -0.00556046
  0.00467989]

Residual before update:
[-0.00601885 -0.0016604  -0.00092082 ...  0.00713469 -0.00498048
  0.00760567]

Residual before update:
[-0.00605674 -0.00166059 -0.00093629 ...  0.00456563 -0.00556129
  0.00468443]

Residual before update:
[-0.0060189  -0.00166036 -0.00092086 ...  0.0071364  -0.00498182
  0.00760762]

Residual before update:
[-0.00605741 -0.00166056 -0.00093658 ...  0.0045235  -0.00557239
  0.00463652]

Residual before update:
[-0.00601562 -0.00166031 -0.00091955 ...  0.00736949 -0.00493047
  0.00787268]

Residual before update:
[-0.00606201 -0.00166056 -0.00093844 ...  0.00420481 -0.00564516
  0.00427414]

Residual before update:
[-0.00601364 -0.00166027 -0.00091877 ...  0.00751359 -0.00489941
  0.00803656]

Residual before update:
[-0.00606218 -0.00166052 -0.00093853 ...  0.00420009 -0.00564795
  0.00426878]

Residual before update:
[-0.00601371 -0.00166023 -0.00091882 ...  0.00751592 -0.00490062
  0.00803922]

Residual before update:
[-0.00606223 -0.00166048 -0.00093858 ...  0.00420413 -0.00564879
  0.00427339]

Residual before update:
[-0.00601379 -0.00166019 -0.00091887 ...  0.00751724 -0.00490207
  0.00804073]

Residual before update:
[-0.00606228 -0.00166045 -0.00093862 ...  0.00420824 -0.0056496
  0.00427807]

Residual before update:
[-0.00601387 -0.00166015 -0.00091893 ...  0.00751854 -0.00490351
  0.00804222]
Compute pips
###############################
TGFM
###############################
Initialize variables
Warning: 409 variants have NaN gwas_beta. Setting to 0 with large SE.
Iterative optimization

Residual before update:
[ 0.00422101  0.00423182  0.00204535 ...  0.00181519 -0.00510811
  0.00103418]

Residual before update:
[ 0.00422156  0.00423203  0.00204795 ...  0.00181548 -0.00510798
  0.00103499]

Residual before update:
[ 0.00422115  0.00423154  0.00204198 ...  0.00181499 -0.00510941
  0.00103367]

Residual before update:
[ 0.00422141  0.00423253  0.00205089 ...  0.00181599 -0.00510775
  0.00103372]

Residual before update:
[ 0.00422134  0.00423191  0.00204227 ...  0.00181531 -0.0051098
  0.00103359]

Residual before update:
[ 0.00422135  0.00423265  0.00205142 ...  0.0018163  -0.00510808
  0.00103362]

Residual before update:
[ 0.00422135  0.00423209  0.00204283 ...  0.00181561 -0.00511015
  0.00103351]

Residual before update:
[ 0.00422135  0.00423282  0.00205197 ...  0.00181659 -0.00510842
  0.00103355]

Residual before update:
[ 0.00422091  0.0042318   0.00204338 ...  0.00181591 -0.0051106
  0.00103348]

Residual before update:
[ 0.00422135  0.00423299  0.00205253 ...  0.00181689 -0.00510874
  0.00103348]

Residual before update:
[ 0.00422079  0.00423221  0.00204138 ...  0.00181592 -0.00511093
  0.00103259]

Residual before update:
[ 0.00422103  0.00423333  0.00205747 ...  0.00181752 -0.00510761
  0.00103405]

Residual before update:
[ 0.00422101  0.00423179  0.0020348  ...  0.00181545 -0.00511263
  0.00103387]

Residual before update:
[ 0.00422102  0.00423375  0.00206127 ...  0.001818   -0.00510699
  0.00103405]

Residual before update:
[ 0.00422099  0.00423204  0.00203512 ...  0.00181567 -0.00511289
  0.00103386]

Residual before update:
[ 0.004221    0.00423401  0.00206174 ...  0.00181824 -0.0051072
  0.00103406]

Residual before update:
[ 0.00422098  0.00423231  0.00203558 ...  0.00181591 -0.00511312
  0.00103385]

Residual before update:
[ 0.00422099  0.00423427  0.00206218 ...  0.00181847 -0.00510742
  0.00103404]

Residual before update:
[ 0.00422097  0.00423257  0.00203603 ...  0.00181614 -0.00511334
  0.00103382]

Residual before update:
[ 0.00422098  0.00423453  0.00206261 ...  0.00181871 -0.00510763
  0.00103403]

Residual before update:
[ 0.00422094  0.00423273  0.00203546 ...  0.00181621 -0.00511374
  0.00103371]

Residual before update:
[ 0.00422095  0.00423501  0.00206834 ...  0.00181929 -0.00510645
  0.00103396]

Residual before update:
[ 0.00422092  0.00423237  0.0020281  ...  0.00181566 -0.00511555
  0.00103365]

Residual before update:
[ 0.00422095  0.00423539  0.00207197 ...  0.00181979 -0.00510569
  0.00103399]

Residual before update:
[ 0.00422092  0.00423256  0.00202831 ...  0.00181588 -0.00511564
  0.00103365]

Residual before update:
[ 0.00422094  0.00423561  0.00207235 ...  0.00182003 -0.00510574
  0.00103398]

Residual before update:
[ 0.00422091  0.00423278  0.00202871 ...  0.00181612 -0.0051157
  0.00103365]

Residual before update:
[ 0.00422093  0.00423582  0.00207271 ...  0.00182026 -0.00510581
  0.00103398]

Residual before update:
[ 0.0042209   0.004233    0.00202912 ...  0.00181636 -0.00511577
  0.00103364]

Residual before update:
[ 0.00422092  0.00423604  0.00207308 ...  0.0018205  -0.00510589
  0.00103398]

Residual before update:
[ 0.00422089  0.00423314  0.00202845 ...  0.0018165  -0.00511609
  0.00103363]

Residual before update:
[ 0.00422092  0.00423653  0.00207883 ...  0.00182117 -0.00510462
  0.00103402]

Residual before update:
[ 0.00422088  0.00423275  0.002021   ...  0.00181594 -0.00511794
  0.00103356]

Residual before update:
[ 0.00422091  0.00423691  0.00208249 ...  0.00182166 -0.0051038
  0.00103406]

Residual before update:
[ 0.00422087  0.00423293  0.0020212  ...  0.00181615 -0.00511798
  0.00103356]

Residual before update:
[ 0.0042209   0.0042371   0.00208285 ...  0.00182189 -0.00510381
  0.00103405]

Residual before update:
[ 0.00422086  0.00423312  0.00202159 ...  0.00181639 -0.00511798
  0.00103356]

Residual before update:
[ 0.00422089  0.00423729  0.0020832  ...  0.00182212 -0.00510383
  0.00103405]

Residual before update:
[ 0.00422085  0.00423332  0.00202198 ...  0.00181662 -0.00511798
  0.00103356]

Residual before update:
[ 0.00422088  0.00423748  0.00208354 ...  0.00182236 -0.00510385
  0.00103405]

Residual before update:
[ 0.00422084  0.00423344  0.0020213  ...  0.00181675 -0.00511825
  0.00103354]

Residual before update:
[ 0.00422088  0.00423797  0.00208929 ...  0.00182302 -0.00510254
  0.0010341 ]

Residual before update:
[ 0.00422083  0.00423305  0.00201383 ...  0.00181619 -0.00512012
  0.00103347]

Residual before update:
[ 0.00422087  0.00423835  0.00209298 ...  0.00182351 -0.00510172
  0.00103413]

Residual before update:
[ 0.00422082  0.00423322  0.00201403 ...  0.0018164  -0.00512016
  0.00103347]

Residual before update:
[ 0.00422087  0.00423854  0.00209334 ...  0.00182374 -0.00510173
  0.00103413]

Residual before update:
[ 0.00422081  0.00423341  0.00201443 ...  0.00181664 -0.00512016
  0.00103347]

Residual before update:
[ 0.00422086  0.00423872  0.00209367 ...  0.00182397 -0.00510174
  0.00103413]

Residual before update:
[ 0.0042208   0.00423361  0.00201483 ...  0.00181687 -0.00512015
  0.00103347]

Residual before update:
[ 0.00422085  0.00423891  0.00209401 ...  0.0018242  -0.00510176
  0.00103412]
Compute pips
###############################
TGFM
###############################
Initialize variables
Warning: 413 variants have NaN gwas_beta. Setting to 0 with large SE.
Iterative optimization

Residual before update:
[ 0.00664177  0.00224189  0.00996153 ... -0.00437258 -0.00166117
  0.00303214]

Residual before update:
[ 0.00664177  0.0022419   0.00996153 ... -0.00437256 -0.00166116
  0.00303215]

Residual before update:
[ 0.00664178  0.0022419   0.00996153 ... -0.00437255 -0.00166115
  0.00303215]

Residual before update:
[ 0.00664178  0.00224191  0.00996152 ... -0.00437253 -0.00166115
  0.00303215]

Residual before update:
[ 0.00664179  0.00224192  0.00996152 ... -0.00437251 -0.00166114
  0.00303216]

Residual before update:
[ 0.0066418   0.00224192  0.00996152 ... -0.0043725  -0.00166113
  0.00303216]

Residual before update:
[ 0.0066418   0.00224193  0.00996152 ... -0.00437248 -0.00166112
  0.00303217]

Residual before update:
[ 0.00664181  0.00224194  0.00996151 ... -0.00437246 -0.00166111
  0.00303217]

Residual before update:
[ 0.00664181  0.00224194  0.00996151 ... -0.00437245 -0.0016611
  0.00303218]

Residual before update:
[ 0.00664182  0.00224195  0.00996151 ... -0.00437243 -0.00166109
  0.00303218]

Residual before update:
[ 0.00664182  0.00224195  0.00996151 ... -0.00437243 -0.00166109
  0.00303218]

Residual before update:
[ 0.00664182  0.00224195  0.00996151 ... -0.00437243 -0.00166109
  0.00303218]

Residual before update:
[ 0.00664182  0.00224195  0.00996151 ... -0.00437243 -0.00166109
  0.00303218]

Residual before update:
[ 0.00664182  0.00224195  0.00996151 ... -0.00437243 -0.00166109
  0.00303218]

Residual before update:
[ 0.00664182  0.00224195  0.00996151 ... -0.00437243 -0.00166109
  0.00303218]

Residual before update:
[ 0.00664182  0.00224195  0.00996151 ... -0.00437243 -0.00166109
  0.00303218]

Residual before update:
[ 0.00664182  0.00224195  0.00996151 ... -0.00437243 -0.00166109
  0.00303218]

Residual before update:
[ 0.00664182  0.00224195  0.00996151 ... -0.00437243 -0.00166109
  0.00303218]

Residual before update:
[ 0.00664182  0.00224195  0.00996151 ... -0.00437243 -0.00166109
  0.00303218]

Residual before update:
[ 0.00664182  0.00224195  0.00996151 ... -0.00437243 -0.00166109
  0.00303218]

Residual before update:
[ 0.00664182  0.00224195  0.00996151 ... -0.00437243 -0.00166109
  0.00303218]

Residual before update:
[ 0.00664182  0.00224195  0.00996151 ... -0.00437243 -0.00166109
  0.00303218]

Residual before update:
[ 0.00664182  0.00224195  0.00996151 ... -0.00437243 -0.00166109
  0.00303218]

Residual before update:
[ 0.00664182  0.00224195  0.00996151 ... -0.00437243 -0.00166109
  0.00303218]

Residual before update:
[ 0.00664182  0.00224195  0.00996151 ... -0.00437243 -0.00166109
  0.00303218]

Residual before update:
[ 0.00664182  0.00224195  0.00996151 ... -0.00437243 -0.00166109
  0.00303218]

Residual before update:
[ 0.00664182  0.00224195  0.00996151 ... -0.00437243 -0.00166109
  0.00303218]

Residual before update:
[ 0.00664182  0.00224195  0.00996151 ... -0.00437243 -0.00166109
  0.00303218]

Residual before update:
[ 0.00664182  0.00224195  0.00996151 ... -0.00437243 -0.00166109
  0.00303218]

Residual before update:
[ 0.00664182  0.00224195  0.00996151 ... -0.00437243 -0.00166109
  0.00303218]

Residual before update:
[ 0.00664182  0.00224195  0.00996151 ... -0.00437243 -0.00166109
  0.00303218]

Residual before update:
[ 0.00664182  0.00224195  0.00996151 ... -0.00437243 -0.00166109
  0.00303218]

Residual before update:
[ 0.00664182  0.00224195  0.00996151 ... -0.00437243 -0.00166109
  0.00303218]

Residual before update:
[ 0.00664182  0.00224195  0.00996151 ... -0.00437243 -0.00166109
  0.00303218]

Residual before update:
[ 0.00664182  0.00224195  0.00996151 ... -0.00437243 -0.00166109
  0.00303218]

Residual before update:
[ 0.00664182  0.00224195  0.00996151 ... -0.00437243 -0.00166109
  0.00303218]

Residual before update:
[ 0.00664182  0.00224195  0.00996151 ... -0.00437243 -0.00166109
  0.00303218]

Residual before update:
[ 0.00664182  0.00224195  0.00996151 ... -0.00437243 -0.00166109
  0.00303218]

Residual before update:
[ 0.00664182  0.00224195  0.00996151 ... -0.00437243 -0.00166109
  0.00303218]

Residual before update:
[ 0.00664182  0.00224195  0.00996151 ... -0.00437243 -0.00166109
  0.00303218]

Residual before update:
[ 0.00664182  0.00224195  0.00996151 ... -0.00437243 -0.00166109
  0.00303218]

Residual before update:
[ 0.00664182  0.00224195  0.00996151 ... -0.00437243 -0.00166109
  0.00303218]

Residual before update:
[ 0.00664182  0.00224195  0.00996151 ... -0.00437243 -0.00166109
  0.00303218]

Residual before update:
[ 0.00664182  0.00224195  0.00996151 ... -0.00437243 -0.00166109
  0.00303218]

Residual before update:
[ 0.00664182  0.00224195  0.00996151 ... -0.00437243 -0.00166109
  0.00303218]

Residual before update:
[ 0.00664182  0.00224195  0.00996151 ... -0.00437243 -0.00166109
  0.00303218]

Residual before update:
[ 0.00664182  0.00224195  0.00996151 ... -0.00437243 -0.00166109
  0.00303218]

Residual before update:
[ 0.00664182  0.00224195  0.00996151 ... -0.00437243 -0.00166109
  0.00303218]

Residual before update:
[ 0.00664182  0.00224195  0.00996151 ... -0.00437243 -0.00166109
  0.00303218]

Residual before update:
[ 0.00664182  0.00224195  0.00996151 ... -0.00437243 -0.00166109
  0.00303218]
Compute pips
###############################
TGFM
###############################
Initialize variables
Warning: 373 variants have NaN gwas_beta. Setting to 0 with large SE.
Iterative optimization

Residual before update:
[ 0.01166995  0.01143944  0.00428922 ... -0.00048384  0.00365842
 -0.00356619]

Residual before update:
[ 0.01166986  0.01143938  0.00428923 ... -0.00048384  0.00365841
 -0.00356618]

Residual before update:
[ 0.01166978  0.01143931  0.00428923 ... -0.00048385  0.0036584
 -0.00356618]

Residual before update:
[ 0.01166969  0.01143925  0.00428924 ... -0.00048385  0.00365839
 -0.00356618]

Residual before update:
[ 0.0116696   0.01143918  0.00428924 ... -0.00048385  0.00365838
 -0.00356617]

Residual before update:
[ 0.01166952  0.01143912  0.00428925 ... -0.00048386  0.00365837
 -0.00356617]

Residual before update:
[ 0.01166943  0.01143905  0.00428925 ... -0.00048386  0.00365836
 -0.00356616]

Residual before update:
[ 0.01166935  0.01143899  0.00428926 ... -0.00048387  0.00365835
 -0.00356616]

Residual before update:
[ 0.01166926  0.01143892  0.00428926 ... -0.00048387  0.00365834
 -0.00356615]

Residual before update:
[ 0.01166917  0.01143885  0.00428927 ... -0.00048388  0.00365833
 -0.00356615]

Residual before update:
[ 0.01166917  0.01143885  0.00428927 ... -0.00048388  0.00365833
 -0.00356615]

Residual before update:
[ 0.01166917  0.01143885  0.00428927 ... -0.00048388  0.00365833
 -0.00356615]

Residual before update:
[ 0.01166917  0.01143885  0.00428927 ... -0.00048388  0.00365833
 -0.00356615]

Residual before update:
[ 0.01166917  0.01143885  0.00428927 ... -0.00048388  0.00365833
 -0.00356615]

Residual before update:
[ 0.01166917  0.01143885  0.00428927 ... -0.00048388  0.00365833
 -0.00356615]

Residual before update:
[ 0.01166917  0.01143885  0.00428927 ... -0.00048388  0.00365833
 -0.00356615]

Residual before update:
[ 0.01166917  0.01143885  0.00428927 ... -0.00048388  0.00365833
 -0.00356615]

Residual before update:
[ 0.01166917  0.01143885  0.00428927 ... -0.00048388  0.00365833
 -0.00356615]

Residual before update:
[ 0.01166917  0.01143885  0.00428927 ... -0.00048388  0.00365833
 -0.00356615]

Residual before update:
[ 0.01166917  0.01143885  0.00428927 ... -0.00048388  0.00365833
 -0.00356615]

Residual before update:
[ 0.01166917  0.01143885  0.00428927 ... -0.00048388  0.00365833
 -0.00356615]

Residual before update:
[ 0.01166917  0.01143885  0.00428927 ... -0.00048388  0.00365833
 -0.00356615]

Residual before update:
[ 0.01166917  0.01143885  0.00428927 ... -0.00048388  0.00365833
 -0.00356615]

Residual before update:
[ 0.01166917  0.01143885  0.00428927 ... -0.00048388  0.00365833
 -0.00356615]

Residual before update:
[ 0.01166917  0.01143885  0.00428927 ... -0.00048388  0.00365833
 -0.00356615]

Residual before update:
[ 0.01166917  0.01143885  0.00428927 ... -0.00048388  0.00365833
 -0.00356615]

Residual before update:
[ 0.01166917  0.01143885  0.00428927 ... -0.00048388  0.00365833
 -0.00356615]

Residual before update:
[ 0.01166917  0.01143885  0.00428927 ... -0.00048388  0.00365833
 -0.00356615]

Residual before update:
[ 0.01166917  0.01143885  0.00428927 ... -0.00048388  0.00365833
 -0.00356615]

Residual before update:
[ 0.01166917  0.01143885  0.00428927 ... -0.00048388  0.00365833
 -0.00356615]

Residual before update:
[ 0.01166917  0.01143885  0.00428927 ... -0.00048388  0.00365833
 -0.00356615]

Residual before update:
[ 0.01166917  0.01143885  0.00428927 ... -0.00048388  0.00365833
 -0.00356615]

Residual before update:
[ 0.01166917  0.01143885  0.00428927 ... -0.00048388  0.00365833
 -0.00356615]

Residual before update:
[ 0.01166917  0.01143885  0.00428927 ... -0.00048388  0.00365833
 -0.00356615]

Residual before update:
[ 0.01166917  0.01143885  0.00428927 ... -0.00048388  0.00365833
 -0.00356615]

Residual before update:
[ 0.01166917  0.01143885  0.00428927 ... -0.00048388  0.00365833
 -0.00356615]

Residual before update:
[ 0.01166917  0.01143885  0.00428927 ... -0.00048388  0.00365833
 -0.00356615]

Residual before update:
[ 0.01166917  0.01143885  0.00428927 ... -0.00048388  0.00365833
 -0.00356615]

Residual before update:
[ 0.01166917  0.01143885  0.00428927 ... -0.00048388  0.00365833
 -0.00356615]

Residual before update:
[ 0.01166917  0.01143885  0.00428927 ... -0.00048388  0.00365833
 -0.00356615]

Residual before update:
[ 0.01166917  0.01143885  0.00428927 ... -0.00048388  0.00365833
 -0.00356615]

Residual before update:
[ 0.01166917  0.01143885  0.00428927 ... -0.00048388  0.00365833
 -0.00356615]

Residual before update:
[ 0.01166917  0.01143885  0.00428927 ... -0.00048388  0.00365833
 -0.00356615]

Residual before update:
[ 0.01166917  0.01143885  0.00428927 ... -0.00048388  0.00365833
 -0.00356615]

Residual before update:
[ 0.01166917  0.01143885  0.00428927 ... -0.00048388  0.00365833
 -0.00356615]

Residual before update:
[ 0.01166917  0.01143885  0.00428927 ... -0.00048388  0.00365833
 -0.00356615]

Residual before update:
[ 0.01166917  0.01143885  0.00428927 ... -0.00048388  0.00365833
 -0.00356615]

Residual before update:
[ 0.01166916  0.01143885  0.00428927 ... -0.00048388  0.00365833
 -0.00356615]

Residual before update:
[ 0.01166916  0.01143885  0.00428927 ... -0.00048388  0.00365833
 -0.00356615]

Residual before update:
[ 0.01166916  0.01143885  0.00428927 ... -0.00048388  0.00365833
 -0.00356615]
Compute pips
###############################
TGFM
###############################
Initialize variables
Warning: 371 variants have NaN gwas_beta. Setting to 0 with large SE.
Iterative optimization

Residual before update:
[-0.00599356 -0.00107946 -0.00338995 ... -0.00231468 -0.00509102
  0.0088318 ]

Residual before update:
[-0.00599354 -0.00107947 -0.00338993 ... -0.00231468 -0.00509102
  0.00883178]

Residual before update:
[-0.00599352 -0.00107947 -0.0033899  ... -0.00231467 -0.00509102
  0.00883176]

Residual before update:
[-0.00599222 -0.00107685 -0.00338989 ... -0.00231408 -0.00509004
  0.00883389]

Residual before update:
[-0.00600312 -0.00107845 -0.0034285  ... -0.00231653 -0.00509105
  0.00881558]

Residual before update:
[-0.00599345 -0.00107949 -0.00338982 ... -0.00231465 -0.00509102
  0.00883171]

Residual before update:
[-0.00599342 -0.00107949 -0.0033898  ... -0.00231465 -0.00509102
  0.0088317 ]

Residual before update:
[-0.0059934  -0.0010795  -0.00338977 ... -0.00231464 -0.00509102
  0.00883168]

Residual before update:
[-0.00599337 -0.0010795  -0.00338975 ... -0.00231464 -0.00509101
  0.00883166]

Residual before update:
[-0.00599335 -0.00107951 -0.00338972 ... -0.00231463 -0.00509101
  0.00883165]

Residual before update:
[-0.00599335 -0.00107951 -0.00338972 ... -0.00231463 -0.00509101
  0.00883165]

Residual before update:
[-0.00599335 -0.00107951 -0.00338972 ... -0.00231463 -0.00509101
  0.00883165]

Residual before update:
[-0.00599335 -0.00107951 -0.00338972 ... -0.00231463 -0.00509101
  0.00883165]

Residual before update:
[-0.0059919  -0.00107779 -0.00338976 ... -0.00231431 -0.00508975
  0.00883419]

Residual before update:
[-0.00596868 -0.00107873 -0.00341516 ... -0.00231597 -0.00509267
  0.00880565]

Residual before update:
[-0.00599335 -0.00107951 -0.00338972 ... -0.00231463 -0.00509101
  0.00883165]

Residual before update:
[-0.00599335 -0.00107951 -0.00338972 ... -0.00231463 -0.00509101
  0.00883165]

Residual before update:
[-0.00599335 -0.00107951 -0.00338972 ... -0.00231463 -0.00509101
  0.00883165]

Residual before update:
[-0.00599335 -0.00107951 -0.00338972 ... -0.00231463 -0.00509101
  0.00883165]

Residual before update:
[-0.00599335 -0.00107951 -0.00338972 ... -0.00231463 -0.00509101
  0.00883165]

Residual before update:
[-0.00599335 -0.00107951 -0.00338972 ... -0.00231463 -0.00509101
  0.00883165]

Residual before update:
[-0.00599335 -0.00107951 -0.00338972 ... -0.00231463 -0.00509101
  0.00883165]

Residual before update:
[-0.00599335 -0.00107951 -0.00338972 ... -0.00231463 -0.00509101
  0.00883165]

Residual before update:
[-0.00599198 -0.00107813 -0.00338952 ... -0.00231421 -0.00509007
  0.00883493]

Residual before update:
[-0.00612704 -0.00108191 -0.00393326 ... -0.00234212 -0.00511753
  0.0085377 ]

Residual before update:
[-0.00599335 -0.00107951 -0.00338972 ... -0.00231463 -0.00509101
  0.00883165]

Residual before update:
[-0.00599335 -0.00107951 -0.00338972 ... -0.00231463 -0.00509101
  0.00883165]

Residual before update:
[-0.00599335 -0.00107951 -0.00338972 ... -0.00231463 -0.00509101
  0.00883165]

Residual before update:
[-0.00599335 -0.00107951 -0.00338972 ... -0.00231463 -0.00509101
  0.00883165]

Residual before update:
[-0.00599335 -0.00107951 -0.00338972 ... -0.00231463 -0.00509101
  0.00883165]

Residual before update:
[-0.00599335 -0.00107951 -0.00338972 ... -0.00231463 -0.00509101
  0.00883165]

Residual before update:
[-0.00599335 -0.00107951 -0.00338972 ... -0.00231463 -0.00509101
  0.00883165]

Residual before update:
[-0.00599335 -0.00107951 -0.00338972 ... -0.00231463 -0.00509101
  0.00883165]

Residual before update:
[-0.00599206 -0.00107822 -0.00338951 ... -0.00231421 -0.00509009
  0.00883484]

Residual before update:
[-0.0060041  -0.00110948 -0.00345122 ... -0.00231989 -0.00514052
  0.0087013 ]

Residual before update:
[-0.00599335 -0.00107951 -0.00338972 ... -0.00231463 -0.00509101
  0.00883165]

Residual before update:
[-0.00599335 -0.00107951 -0.00338972 ... -0.00231463 -0.00509101
  0.00883165]

Residual before update:
[-0.00599335 -0.00107951 -0.00338972 ... -0.00231463 -0.00509101
  0.00883165]

Residual before update:
[-0.00599335 -0.00107951 -0.00338972 ... -0.00231463 -0.00509101
  0.00883165]

Residual before update:
[-0.00599335 -0.00107951 -0.00338972 ... -0.00231463 -0.00509101
  0.00883165]

Residual before update:
[-0.00599335 -0.00107951 -0.00338972 ... -0.00231463 -0.00509101
  0.00883165]

Residual before update:
[-0.00599335 -0.00107951 -0.00338972 ... -0.00231463 -0.00509101
  0.00883165]
NaNs in component_non_med_pred at component 2

Residual before update:
[-0.00599335 -0.00107951 -0.00338972 ... -0.00231463 -0.00509101
  0.00883165]
NaNs in residual_incl_alpha[62, :]
NaN in mixture_alpha_mu: b_terms=[nan nan nan nan nan nan nan nan nan nan nan nan]
NaNs in self.residual at bs_iter=62
NaNs in un_normalized_lv_alpha_weights
NaN in normalizing_term
NaNs in component_non_med_pred at component 3

Residual before update:
[-0.00599212 -0.00107832 -0.00338955 ... -0.00231426 -0.00509011
  0.00883467]
NaNs in residual_incl_alpha[62, :]
NaNs in gene_weights for bs_iter=62
NaN in mixture_alpha_mu: b_terms=[nan nan nan nan nan nan nan nan nan nan nan nan]
NaNs in self.residual at bs_iter=62
NaNs in un_normalized_lv_alpha_weights
NaN in normalizing_term
NaNs in component_non_med_pred at component 4

Residual before update:
[-0.00599491 -0.00111109 -0.00344366 ... -0.00231996 -0.00514307
  0.00870025]
NaNs in residual_incl_alpha[62, :]
NaNs in gene_weights for bs_iter=62
NaN in mixture_alpha_mu: b_terms=[nan nan nan nan nan nan nan nan nan nan nan nan]
NaNs in self.residual at bs_iter=62
NaNs in un_normalized_lv_alpha_weights
NaN in normalizing_term
NaNs in component_non_med_pred at component 5

Residual before update:
[-0.00599335 -0.00107951 -0.00338972 ... -0.00231463 -0.00509101
  0.00883165]
NaNs in residual_incl_alpha[62, :]
NaNs in gene_weights for bs_iter=62
NaN in mixture_alpha_mu: b_terms=[nan nan nan nan nan nan nan nan nan nan nan nan]
NaNs in self.residual at bs_iter=62
NaNs in un_normalized_lv_alpha_weights
NaN in normalizing_term
NaNs in component_non_med_pred at component 6

Residual before update:
[-0.00599335 -0.00107951 -0.00338972 ... -0.00231463 -0.00509101
  0.00883165]
NaNs in residual_incl_alpha[62, :]
NaNs in gene_weights for bs_iter=62
NaN in mixture_alpha_mu: b_terms=[nan nan nan nan nan nan nan nan nan nan nan nan]
NaNs in self.residual at bs_iter=62
NaNs in un_normalized_lv_alpha_weights
NaN in normalizing_term
NaNs in component_non_med_pred at component 7

Residual before update:
[-0.00599335 -0.00107951 -0.00338972 ... -0.00231463 -0.00509101
  0.00883165]
NaNs in residual_incl_alpha[62, :]
NaNs in gene_weights for bs_iter=62
NaN in mixture_alpha_mu: b_terms=[nan nan nan nan nan nan nan nan nan nan nan nan]
NaNs in self.residual at bs_iter=62
NaNs in un_normalized_lv_alpha_weights
NaN in normalizing_term
NaNs in component_non_med_pred at component 8

Residual before update:
[-0.00599335 -0.00107951 -0.00338972 ... -0.00231463 -0.00509101
  0.00883165]
NaNs in residual_incl_alpha[62, :]
NaNs in gene_weights for bs_iter=62
NaN in mixture_alpha_mu: b_terms=[nan nan nan nan nan nan nan nan nan nan nan nan]
NaNs in self.residual at bs_iter=62
NaNs in un_normalized_lv_alpha_weights
NaN in normalizing_term
NaNs in component_non_med_pred at component 9

Residual before update:
[-0.00599335 -0.00107951 -0.00338972 ... -0.00231463 -0.00509101
  0.00883165]
NaNs in residual_incl_alpha[62, :]
NaNs in gene_weights for bs_iter=62
NaN in mixture_alpha_mu: b_terms=[nan nan nan nan nan nan nan nan nan nan nan nan]
NaNs in self.residual at bs_iter=62
NaNs in un_normalized_lv_alpha_weights
NaN in normalizing_term
Compute pips
NaNs found in gene-tissue pair PIPs at indices: [ 0  1  2  3  4  5  6  7  8  9 10 11]
NaNs found in variant PIPs at indices: [    0     1     2 ... 12411 12412 12413]
NaNs found in gene PIPs at indices: [0 1 2 3 4]
###############################
TGFM
###############################
Initialize variables
Warning: 332 variants have NaN gwas_beta. Setting to 0 with large SE.
Iterative optimization

Residual before update:
[-1.63301760e-03  1.17483815e-02 -6.34266084e-04 ...  0.00000000e+00
 -8.21459214e-05 -8.25997663e-05]

Residual before update:
[-1.63302822e-03  1.17481151e-02 -6.34287628e-04 ...  7.01006924e-17
 -8.21250848e-05 -8.25791704e-05]

Residual before update:
[-1.63303875e-03  1.17478488e-02 -6.34309132e-04 ...  1.40195843e-16
 -8.21042451e-05 -8.25585717e-05]

Residual before update:
[-1.63304919e-03  1.17475825e-02 -6.34330603e-04 ...  2.10290166e-16
 -8.20834040e-05 -8.25379728e-05]

Residual before update:
[-1.63305954e-03  1.17473162e-02 -6.34352041e-04 ...  2.80468735e-16
 -8.20625418e-05 -8.25173551e-05]

Residual before update:
[-1.54127473e-03  1.18100257e-02 -5.25837317e-04 ...  2.54183972e-14
 -7.76671455e-05 -7.79537019e-05]

Residual before update:
[-1.63308001e-03  1.17467839e-02 -6.34394790e-04 ...  4.20625149e-16
 -8.20208833e-05 -8.24761844e-05]

Residual before update:
[-1.63309013e-03  1.17465178e-02 -6.34416122e-04 ...  4.90701914e-16
 -8.20000540e-05 -8.24556003e-05]

Residual before update:
[-1.63310018e-03  1.17462517e-02 -6.34437356e-04 ...  5.61029672e-16
 -8.19791763e-05 -8.24349694e-05]

Residual before update:
[-1.63311011e-03  1.17459857e-02 -6.34458672e-04 ...  6.30888415e-16
 -8.19583637e-05 -8.24144040e-05]

Residual before update:
[-1.63310939e-03  1.17459862e-02 -6.34458411e-04 ...  6.30694953e-16
 -8.19584979e-05 -8.24145446e-05]

Residual before update:
[-1.63310871e-03  1.17459859e-02 -6.34458114e-04 ...  6.31101264e-16
 -8.19583093e-05 -8.24143642e-05]

Residual before update:
[-1.63310819e-03  1.17459856e-02 -6.34457914e-04 ...  6.31252708e-16
 -8.19582441e-05 -8.24143027e-05]

Residual before update:
[-1.63310776e-03  1.17459852e-02 -6.34457771e-04 ...  6.31417415e-16
 -8.19581847e-05 -8.24142488e-05]

Residual before update:
[-1.63310737e-03  1.17459848e-02 -6.34457670e-04 ...  6.31777888e-16
 -8.19580825e-05 -8.24141543e-05]

Residual before update:
[-1.55798270e-03  1.18076331e-02 -4.99660804e-04 ...  2.40990129e-14
 -7.48270835e-05 -7.51905976e-05]

Residual before update:
[-1.63310692e-03  1.17459838e-02 -6.34457537e-04 ...  6.32009737e-16
 -8.19580309e-05 -8.24141068e-05]

Residual before update:
[-1.63310682e-03  1.17459832e-02 -6.34457539e-04 ...  6.32148254e-16
 -8.19579955e-05 -8.24140728e-05]

Residual before update:
[-1.63310681e-03  1.17459826e-02 -6.34457504e-04 ...  6.32578122e-16
 -8.19579023e-05 -8.24139813e-05]

Residual before update:
[-1.63310684e-03  1.17459819e-02 -6.34457632e-04 ...  6.32479879e-16
 -8.19578846e-05 -8.24139641e-05]

Residual before update:
[-1.63310688e-03  1.17459819e-02 -6.34457700e-04 ...  6.32282356e-16
 -8.19580249e-05 -8.24141033e-05]

Residual before update:
[-1.63310687e-03  1.17459813e-02 -6.34457689e-04 ...  6.32683787e-16
 -8.19578410e-05 -8.24139212e-05]

Residual before update:
[-1.63310691e-03  1.17459806e-02 -6.34457735e-04 ...  6.32832012e-16
 -8.19577792e-05 -8.24138576e-05]

Residual before update:
[-1.63310696e-03  1.17459799e-02 -6.34457798e-04 ...  6.32993716e-16
 -8.19577221e-05 -8.24138014e-05]

Residual before update:
[-1.63310696e-03  1.17459793e-02 -6.34457867e-04 ...  6.33356005e-16
 -8.19576202e-05 -8.24137033e-05]

Residual before update:
[-1.55356399e-03  1.18128825e-02 -5.04020753e-04 ...  2.51950247e-14
 -7.67570656e-05 -7.70959201e-05]

Residual before update:
[-1.63310703e-03  1.17459780e-02 -6.34457959e-04 ...  6.33586644e-16
 -8.19575686e-05 -8.24136510e-05]

Residual before update:
[-1.63310706e-03  1.17459773e-02 -6.34458020e-04 ...  6.33725725e-16
 -8.19575321e-05 -8.24136147e-05]

Residual before update:
[-1.63310711e-03  1.17459766e-02 -6.34458008e-04 ...  6.34157562e-16
 -8.19574373e-05 -8.24135211e-05]

Residual before update:
[-1.63310711e-03  1.17459759e-02 -6.34458127e-04 ...  6.34059279e-16
 -8.19574181e-05 -8.24135027e-05]

Residual before update:
[-1.63310713e-03  1.17459759e-02 -6.34458188e-04 ...  6.33863931e-16
 -8.19575569e-05 -8.24136406e-05]

Residual before update:
[-1.63310710e-03  1.17459753e-02 -6.34458171e-04 ...  6.34265585e-16
 -8.19573720e-05 -8.24134577e-05]

Residual before update:
[-1.63310713e-03  1.17459746e-02 -6.34458213e-04 ...  6.34414624e-16
 -8.19573094e-05 -8.24133933e-05]

Residual before update:
[-1.63310717e-03  1.17459739e-02 -6.34458273e-04 ...  6.34576358e-16
 -8.19572519e-05 -8.24133368e-05]

Residual before update:
[-1.63310718e-03  1.17459733e-02 -6.34458341e-04 ...  6.34942701e-16
 -8.19571485e-05 -8.24132374e-05]

Residual before update:
[-1.55358968e-03  1.18098993e-02 -4.90666184e-04 ...  2.62266720e-14
 -7.51011170e-05 -7.56076776e-05]

Residual before update:
[-1.63310724e-03  1.17459720e-02 -6.34458433e-04 ...  6.35174251e-16
 -8.19570965e-05 -8.24131847e-05]

Residual before update:
[-1.63310727e-03  1.17459713e-02 -6.34458494e-04 ...  6.35314033e-16
 -8.19570598e-05 -8.24131482e-05]

Residual before update:
[-1.63310731e-03  1.17459706e-02 -6.34458483e-04 ...  6.35747476e-16
 -8.19569647e-05 -8.24130543e-05]

Residual before update:
[-1.63310732e-03  1.17459699e-02 -6.34458602e-04 ...  6.35648349e-16
 -8.19569457e-05 -8.24130360e-05]

Residual before update:
[-1.63310734e-03  1.17459699e-02 -6.34458663e-04 ...  6.35454574e-16
 -8.19570842e-05 -8.24131737e-05]

Residual before update:
[-1.63310731e-03  1.17459693e-02 -6.34458646e-04 ...  6.35855979e-16
 -8.19568993e-05 -8.24129907e-05]

Residual before update:
[-1.63310734e-03  1.17459686e-02 -6.34458688e-04 ...  6.36005502e-16
 -8.19568364e-05 -8.24129261e-05]

Residual before update:
[-1.63310738e-03  1.17459679e-02 -6.34458749e-04 ...  6.36167037e-16
 -8.19567790e-05 -8.24128697e-05]

Residual before update:
[-1.63310739e-03  1.17459673e-02 -6.34458818e-04 ...  6.36537332e-16
 -8.19566744e-05 -8.24127691e-05]

Residual before update:
[-1.55432975e-03  1.18068671e-02 -4.79092063e-04 ...  2.69909414e-14
 -7.35877712e-05 -7.42462811e-05]

Residual before update:
[-1.63310745e-03  1.17459659e-02 -6.34458909e-04 ...  6.36769710e-16
 -8.19566223e-05 -8.24127162e-05]

Residual before update:
[-1.63310748e-03  1.17459652e-02 -6.34458971e-04 ...  6.36910208e-16
 -8.19565854e-05 -8.24126795e-05]

Residual before update:
[-1.63310752e-03  1.17459645e-02 -6.34458960e-04 ...  6.37345288e-16
 -8.19564898e-05 -8.24125852e-05]

Residual before update:
[-1.63310753e-03  1.17459639e-02 -6.34459079e-04 ...  6.37245323e-16
 -8.19564709e-05 -8.24125670e-05]
Compute pips
###############################
TGFM
###############################
Initialize variables
Warning: 340 variants have NaN gwas_beta. Setting to 0 with large SE.
Iterative optimization

Residual before update:
[ 0.          0.00117021  0.00421142 ... -0.00361609  0.00885809
  0.00338503]

Residual before update:
[ 5.86720628e-18  1.17018749e-03  4.21142472e-03 ... -3.61527593e-03
  8.85810988e-03  3.38502046e-03]

Residual before update:
[ 1.17397758e-17  1.17016854e-03  4.21142479e-03 ... -3.61446583e-03
  8.85813236e-03  3.38500874e-03]

Residual before update:
[ 1.75750673e-17  1.17014957e-03  4.21142476e-03 ... -3.61365985e-03
  8.85815445e-03  3.38499678e-03]

Residual before update:
[ 2.33942269e-17  1.17013064e-03  4.21142477e-03 ... -3.61285797e-03
  8.85817625e-03  3.38498458e-03]

Residual before update:
[ 2.91918271e-17  1.17011168e-03  4.21142476e-03 ... -3.61206012e-03
  8.85819761e-03  3.38497212e-03]

Residual before update:
[ 3.50019971e-17  1.17009282e-03  4.21142484e-03 ... -3.61126629e-03
  8.85821894e-03  3.38495945e-03]

Residual before update:
[ 4.07733292e-17  1.17007390e-03  4.21142476e-03 ... -3.61047642e-03
  8.85823979e-03  3.38494653e-03]

Residual before update:
[ 4.65255204e-17  1.17005499e-03  4.21142476e-03 ... -3.60969048e-03
  8.85826040e-03  3.38493337e-03]

Residual before update:
[ 5.23430659e-17  1.17003610e-03  4.21142483e-03 ... -3.60890847e-03
  8.85828066e-03  3.38491996e-03]

Residual before update:
[ 5.23000683e-17  1.17003631e-03  4.21142507e-03 ... -3.60894468e-03
  8.85827794e-03  3.38491771e-03]

Residual before update:
[ 5.20787887e-17  1.17003631e-03  4.21142477e-03 ... -3.60897486e-03
  8.85827559e-03  3.38491596e-03]

Residual before update:
[ 5.20830759e-17  1.17003640e-03  4.21142501e-03 ... -3.60900091e-03
  8.85827364e-03  3.38491429e-03]

Residual before update:
[ 5.19735746e-17  1.17003637e-03  4.21142481e-03 ... -3.60902278e-03
  8.85827170e-03  3.38491289e-03]

Residual before update:
[ 5.18934912e-17  1.17003641e-03  4.21142477e-03 ... -3.60904053e-03
  8.85827024e-03  3.38491175e-03]

Residual before update:
[ 5.18235759e-17  1.17003636e-03  4.21142473e-03 ... -3.60905418e-03
  8.85826886e-03  3.38491080e-03]

Residual before update:
[ 5.18165400e-17  1.17003644e-03  4.21142483e-03 ... -3.60906379e-03
  8.85826830e-03  3.38491014e-03]

Residual before update:
[ 5.17850722e-17  1.17003641e-03  4.21142472e-03 ... -3.60906940e-03
  8.85826775e-03  3.38490970e-03]

Residual before update:
[ 5.17651690e-17  1.17003636e-03  4.21142471e-03 ... -3.60907111e-03
  8.85826760e-03  3.38490948e-03]

Residual before update:
[ 5.18420779e-17  1.17003631e-03  4.21142478e-03 ... -3.60906892e-03
  8.85826767e-03  3.38490947e-03]

Residual before update:
[ 5.19252122e-17  1.17003641e-03  4.21142503e-03 ... -3.60906848e-03
  8.85826777e-03  3.38490940e-03]

Residual before update:
[ 5.18141667e-17  1.17003632e-03  4.21142474e-03 ... -3.60906651e-03
  8.85826790e-03  3.38490955e-03]

Residual before update:
[ 5.19144437e-17  1.17003633e-03  4.21142499e-03 ... -3.60906471e-03
  8.85826809e-03  3.38490953e-03]

Residual before update:
[ 5.18857520e-17  1.17003623e-03  4.21142480e-03 ... -3.60906309e-03
  8.85826797e-03  3.38490953e-03]

Residual before update:
[ 5.18722048e-17  1.17003621e-03  4.21142476e-03 ... -3.60906153e-03
  8.85826798e-03  3.38490952e-03]

Residual before update:
[ 5.18543718e-17  1.17003611e-03  4.21142472e-03 ... -3.60906006e-03
  8.85826776e-03  3.38490947e-03]

Residual before update:
[ 5.18856003e-17  1.17003616e-03  4.21142483e-03 ... -3.60905861e-03
  8.85826805e-03  3.38490946e-03]

Residual before update:
[ 5.18784831e-17  1.17003610e-03  4.21142472e-03 ... -3.60905719e-03
  8.85826804e-03  3.38490943e-03]

Residual before update:
[ 5.18692410e-17  1.17003604e-03  4.21142471e-03 ... -3.60905581e-03
  8.85826812e-03  3.38490939e-03]

Residual before update:
[ 5.19438319e-17  1.17003599e-03  4.21142478e-03 ... -3.60905438e-03
  8.85826812e-03  3.38490934e-03]

Residual before update:
[ 5.20252413e-17  1.17003610e-03  4.21142503e-03 ... -3.60905454e-03
  8.85826818e-03  3.38490922e-03]

Residual before update:
[ 5.19122171e-17  1.17003600e-03  4.21142474e-03 ... -3.60905306e-03
  8.85826827e-03  3.38490934e-03]

Residual before update:
[ 5.20117250e-17  1.17003601e-03  4.21142499e-03 ... -3.60905158e-03
  8.85826843e-03  3.38490930e-03]

Residual before update:
[ 5.19820923e-17  1.17003591e-03  4.21142480e-03 ... -3.60905021e-03
  8.85826828e-03  3.38490928e-03]

Residual before update:
[ 5.19681563e-17  1.17003589e-03  4.21142476e-03 ... -3.60904879e-03
  8.85826829e-03  3.38490926e-03]

Residual before update:
[ 5.19499507e-17  1.17003579e-03  4.21142472e-03 ... -3.60904740e-03
  8.85826806e-03  3.38490921e-03]

Residual before update:
[ 5.19812016e-17  1.17003584e-03  4.21142483e-03 ... -3.60904597e-03
  8.85826835e-03  3.38490920e-03]

Residual before update:
[ 5.19740837e-17  1.17003578e-03  4.21142471e-03 ... -3.60904454e-03
  8.85826833e-03  3.38490917e-03]

Residual before update:
[ 5.19647699e-17  1.17003572e-03  4.21142471e-03 ... -3.60904317e-03
  8.85826841e-03  3.38490912e-03]

Residual before update:
[ 5.20396495e-17  1.17003568e-03  4.21142478e-03 ... -3.60904171e-03
  8.85826842e-03  3.38490907e-03]

Residual before update:
[ 5.21213852e-17  1.17003578e-03  4.21142503e-03 ... -3.60904184e-03
  8.85826847e-03  3.38490895e-03]

Residual before update:
[ 5.20079389e-17  1.17003568e-03  4.21142474e-03 ... -3.60904039e-03
  8.85826856e-03  3.38490908e-03]

Residual before update:
[ 5.21078177e-17  1.17003569e-03  4.21142499e-03 ... -3.60903888e-03
  8.85826873e-03  3.38490904e-03]

Residual before update:
[ 5.20780268e-17  1.17003559e-03  4.21142480e-03 ... -3.60903752e-03
  8.85826858e-03  3.38490901e-03]

Residual before update:
[ 5.20641975e-17  1.17003557e-03  4.21142476e-03 ... -3.60903608e-03
  8.85826858e-03  3.38490900e-03]

Residual before update:
[ 5.20458879e-17  1.17003547e-03  4.21142472e-03 ... -3.60903470e-03
  8.85826835e-03  3.38490894e-03]

Residual before update:
[ 5.20772678e-17  1.17003552e-03  4.21142483e-03 ... -3.60903326e-03
  8.85826864e-03  3.38490893e-03]

Residual before update:
[ 5.20701518e-17  1.17003546e-03  4.21142471e-03 ... -3.60903183e-03
  8.85826863e-03  3.38490890e-03]

Residual before update:
[ 5.20607235e-17  1.17003540e-03  4.21142471e-03 ... -3.60903046e-03
  8.85826871e-03  3.38490886e-03]

Residual before update:
[ 5.21358634e-17  1.17003536e-03  4.21142478e-03 ... -3.60902899e-03
  8.85826872e-03  3.38490880e-03]
Compute pips
###############################
TGFM
###############################
Initialize variables
Warning: 471 variants have NaN gwas_beta. Setting to 0 with large SE.
Iterative optimization

Residual before update:
[-0.00900748  0.         -0.00889035 ...  0.00168101 -0.00061907
  0.00543829]

Residual before update:
[-9.00713913e-03  1.44241039e-17 -8.89001451e-03 ...  1.68101035e-03
 -6.19004618e-04  5.43809149e-03]

Residual before update:
[-9.00679955e-03  2.88350252e-17 -8.88967695e-03 ...  1.68101271e-03
 -6.18938510e-04  5.43789393e-03]

Residual before update:
[-9.00646012e-03  4.32273874e-17 -8.88933954e-03 ...  1.68101508e-03
 -6.18872462e-04  5.43769637e-03]

Residual before update:
[-9.00612084e-03  5.76238313e-17 -8.88900228e-03 ...  1.68101743e-03
 -6.18806428e-04  5.43749880e-03]

Residual before update:
[-9.00578172e-03  7.19997241e-17 -8.88866518e-03 ...  1.68101980e-03
 -6.18740389e-04  5.43730123e-03]

Residual before update:
[-9.00544277e-03  8.63459435e-17 -8.88832824e-03 ...  1.68102213e-03
 -6.18674270e-04  5.43710386e-03]

Residual before update:
[-9.00510392e-03  1.00728525e-16 -8.88799141e-03 ...  1.68102453e-03
 -6.18608219e-04  5.43690605e-03]

Residual before update:
[-9.00476527e-03  1.15065317e-16 -8.88765478e-03 ...  1.68102688e-03
 -6.18542259e-04  5.43670853e-03]

Residual before update:
[-9.00442677e-03  1.29359434e-16 -8.88731830e-03 ...  1.68102923e-03
 -6.18476442e-04  5.43651094e-03]

Residual before update:
[-9.00442812e-03  1.29261325e-16 -8.88731964e-03 ...  1.68102922e-03
 -6.18476593e-04  5.43651093e-03]

Residual before update:
[-9.00442871e-03  1.29207732e-16 -8.88732023e-03 ...  1.68102921e-03
 -6.18476428e-04  5.43651053e-03]

Residual before update:
[-9.00442913e-03  1.29148295e-16 -8.88732064e-03 ...  1.68102921e-03
 -6.18476270e-04  5.43651012e-03]

Residual before update:
[-9.00442937e-03  1.29084811e-16 -8.88732089e-03 ...  1.68102921e-03
 -6.18476319e-04  5.43650974e-03]

Residual before update:
[-9.00442947e-03  1.29080329e-16 -8.88732098e-03 ...  1.68102920e-03
 -6.18476309e-04  5.43650935e-03]

Residual before update:
[-9.00442943e-03  1.29062046e-16 -8.88732094e-03 ...  1.68102921e-03
 -6.18476230e-04  5.43650896e-03]

Residual before update:
[-9.00442925e-03  1.29029183e-16 -8.88732077e-03 ...  1.68102917e-03
 -6.18476000e-04  5.43650886e-03]

Residual before update:
[-9.00442886e-03  1.29077880e-16 -8.88732038e-03 ...  1.68102923e-03
 -6.18475866e-04  5.43650812e-03]

Residual before update:
[-9.00442838e-03  1.29089170e-16 -8.88731991e-03 ...  1.68102923e-03
 -6.18475817e-04  5.43650781e-03]

Residual before update:
[-9.00442774e-03  1.29082687e-16 -8.88731926e-03 ...  1.68102923e-03
 -6.18475869e-04  5.43650741e-03]

Residual before update:
[-9.00442771e-03  1.29093053e-16 -8.88731924e-03 ...  1.68102922e-03
 -6.18475903e-04  5.43650743e-03]

Residual before update:
[-9.00442709e-03  1.29135432e-16 -8.88731862e-03 ...  1.68102922e-03
 -6.18475633e-04  5.43650703e-03]

Residual before update:
[-9.00442643e-03  1.29159301e-16 -8.88731797e-03 ...  1.68102922e-03
 -6.18475383e-04  5.43650663e-03]

Residual before update:
[-9.00442576e-03  1.29166698e-16 -8.88731730e-03 ...  1.68102924e-03
 -6.18475354e-04  5.43650627e-03]

Residual before update:
[-9.00442509e-03  1.29221018e-16 -8.88731663e-03 ...  1.68102923e-03
 -6.18475278e-04  5.43650588e-03]

Residual before update:
[-9.00442443e-03  1.29249107e-16 -8.88731598e-03 ...  1.68102925e-03
 -6.18475148e-04  5.43650549e-03]

Residual before update:
[-9.00442379e-03  1.29250781e-16 -8.88731535e-03 ...  1.68102921e-03
 -6.18474877e-04  5.43650539e-03]

Residual before update:
[-9.00442309e-03  1.29322075e-16 -8.88731464e-03 ...  1.68102927e-03
 -6.18474717e-04  5.43650465e-03]

Residual before update:
[-9.00442246e-03  1.29343735e-16 -8.88731402e-03 ...  1.68102927e-03
 -6.18474656e-04  5.43650434e-03]

Residual before update:
[-9.00442181e-03  1.29336001e-16 -8.88731337e-03 ...  1.68102927e-03
 -6.18474709e-04  5.43650394e-03]

Residual before update:
[-9.00442178e-03  1.29345505e-16 -8.88731334e-03 ...  1.68102926e-03
 -6.18474743e-04  5.43650395e-03]

Residual before update:
[-9.00442115e-03  1.29387333e-16 -8.88731272e-03 ...  1.68102926e-03
 -6.18474471e-04  5.43650355e-03]

Residual before update:
[-9.00442049e-03  1.29410744e-16 -8.88731206e-03 ...  1.68102927e-03
 -6.18474221e-04  5.43650315e-03]

Residual before update:
[-9.00441981e-03  1.29417801e-16 -8.88731139e-03 ...  1.68102928e-03
 -6.18474192e-04  5.43650278e-03]

Residual before update:
[-9.00441914e-03  1.29472121e-16 -8.88731072e-03 ...  1.68102928e-03
 -6.18474116e-04  5.43650239e-03]

Residual before update:
[-9.00441848e-03  1.29500067e-16 -8.88731007e-03 ...  1.68102929e-03
 -6.18473985e-04  5.43650200e-03]

Residual before update:
[-9.00441783e-03  1.29501912e-16 -8.88730943e-03 ...  1.68102925e-03
 -6.18473713e-04  5.43650190e-03]

Residual before update:
[-9.00441713e-03  1.29573435e-16 -8.88730872e-03 ...  1.68102931e-03
 -6.18473552e-04  5.43650116e-03]

Residual before update:
[-9.00441650e-03  1.29594960e-16 -8.88730810e-03 ...  1.68102931e-03
 -6.18473492e-04  5.43650085e-03]

Residual before update:
[-9.00441585e-03  1.29587207e-16 -8.88730745e-03 ...  1.68102931e-03
 -6.18473545e-04  5.43650044e-03]

Residual before update:
[-9.00441582e-03  1.29596824e-16 -8.88730742e-03 ...  1.68102930e-03
 -6.18473578e-04  5.43650045e-03]

Residual before update:
[-9.00441519e-03  1.29638849e-16 -8.88730679e-03 ...  1.68102930e-03
 -6.18473306e-04  5.43650006e-03]

Residual before update:
[-9.00441452e-03  1.29662353e-16 -8.88730613e-03 ...  1.68102931e-03
 -6.18473055e-04  5.43649965e-03]

Residual before update:
[-9.00441385e-03  1.29669456e-16 -8.88730546e-03 ...  1.68102932e-03
 -6.18473026e-04  5.43649928e-03]

Residual before update:
[-9.00441316e-03  1.29724025e-16 -8.88730478e-03 ...  1.68102932e-03
 -6.18472948e-04  5.43649889e-03]

Residual before update:
[-9.00441251e-03  1.29751967e-16 -8.88730413e-03 ...  1.68102933e-03
 -6.18472818e-04  5.43649850e-03]

Residual before update:
[-9.00441186e-03  1.29754044e-16 -8.88730348e-03 ...  1.68102929e-03
 -6.18472544e-04  5.43649839e-03]

Residual before update:
[-9.00441115e-03  1.29825808e-16 -8.88730277e-03 ...  1.68102935e-03
 -6.18472383e-04  5.43649765e-03]

Residual before update:
[-9.00441052e-03  1.29847185e-16 -8.88730215e-03 ...  1.68102935e-03
 -6.18472323e-04  5.43649734e-03]

Residual before update:
[-9.00440987e-03  1.29839403e-16 -8.88730151e-03 ...  1.68102935e-03
 -6.18472376e-04  5.43649694e-03]
Compute pips
###############################
TGFM
###############################
Initialize variables
Warning: 470 variants have NaN gwas_beta. Setting to 0 with large SE.
Iterative optimization

Residual before update:
[ 0.00124588  0.00896142  0.00273743 ... -0.00019855 -0.00041695
 -0.00511158]

Residual before update:
[ 0.00124588  0.00896135  0.00273743 ... -0.00019867 -0.00041707
 -0.0051115 ]

Residual before update:
[ 0.00124589  0.00896129  0.00273744 ... -0.0001988  -0.0004172
 -0.00511143]

Residual before update:
[ 0.00124589  0.00896123  0.00273745 ... -0.00019892 -0.00041732
 -0.00511136]

Residual before update:
[ 0.00124589  0.00896116  0.00273746 ... -0.00019904 -0.00041744
 -0.00511128]

Residual before update:
[ 0.0012459   0.0089611   0.00273747 ... -0.00019917 -0.00041758
 -0.00511121]

Residual before update:
[ 0.0012459   0.00896104  0.00273748 ... -0.00019929 -0.0004177
 -0.00511113]

Residual before update:
[ 0.001287    0.0089664   0.00274145 ...  0.01796003  0.01761247
 -0.00437735]

Residual before update:
[-14507234.36986971    279908.11943187    517298.62616587 ...
   -827079.28713536   -820462.54852974  -8739775.97908783]

Residual before update:
[ 0.00124591  0.00896085  0.00273751 ... -0.00019966 -0.00041807
 -0.00511091]

Residual before update:
[ 0.00124591  0.00896085  0.00273751 ... -0.00019965 -0.00041806
 -0.00511091]

Residual before update:
[ 0.00124591  0.00896085  0.00273751 ... -0.00019965 -0.00041806
 -0.00511091]

Residual before update:
[ 0.00124591  0.00896085  0.00273751 ... -0.00019965 -0.00041806
 -0.00511091]

Residual before update:
[ 0.00124591  0.00896085  0.00273751 ... -0.00019964 -0.00041805
 -0.00511091]

Residual before update:
[ 0.00124591  0.00896085  0.00273751 ... -0.00019963 -0.00041804
 -0.00511091]

Residual before update:
[ 0.00124591  0.00896085  0.00273751 ... -0.00019965 -0.00041806
 -0.00511091]

Residual before update:
[ 0.00124591  0.00896085  0.00273751 ... -0.00019964 -0.00041805
 -0.00511091]

Residual before update:
[ 0.00127652  0.00896248  0.0027365  ...  0.01769283  0.01734716
 -0.00471894]

Residual before update:
[ 1.30832665e+40 -2.52433504e+38 -4.66522771e+38 ...  7.45898787e+38
  7.39931505e+38  7.88191949e+39]

Residual before update:
[ 0.00124591  0.00896085  0.00273751 ... -0.00019964 -0.00041805
 -0.00511091]

Residual before update:
[ 0.00124591  0.00896085  0.00273751 ... -0.00019964 -0.00041805
 -0.00511091]

Residual before update:
[ 0.00124591  0.00896085  0.00273751 ... -0.00019964 -0.00041805
 -0.00511091]

Residual before update:
[ 0.00124591  0.00896085  0.00273751 ... -0.00019964 -0.00041805
 -0.00511091]

Residual before update:
[ 0.00124591  0.00896085  0.00273751 ... -0.00019964 -0.00041805
 -0.00511091]

Residual before update:
[ 0.00124591  0.00896085  0.00273751 ... -0.00019963 -0.00041804
 -0.00511091]

Residual before update:
[ 0.00124591  0.00896085  0.00273751 ... -0.00019965 -0.00041806
 -0.00511091]

Residual before update:
[ 0.00124591  0.00896085  0.00273751 ... -0.00019964 -0.00041805
 -0.00511091]

Residual before update:
[ 0.00128621  0.00896726  0.00274084 ...  0.01779302  0.01744679
 -0.004412  ]

Residual before update:
[-1.18672101e+73  2.28970450e+71  4.23160662e+71 ... -6.76569387e+71
 -6.71156748e+71 -7.14931506e+72]

Residual before update:
[ 0.00124591  0.00896084  0.00273751 ... -0.00019965 -0.00041805
 -0.00511091]

Residual before update:
[ 0.00124591  0.00896084  0.00273751 ... -0.00019964 -0.00041805
 -0.00511091]

Residual before update:
[ 0.00124591  0.00896084  0.00273751 ... -0.00019965 -0.00041806
 -0.00511091]

Residual before update:
[ 0.00124591  0.00896084  0.00273751 ... -0.00019965 -0.00041806
 -0.00511091]

Residual before update:
[ 0.00124591  0.00896084  0.00273751 ... -0.00019964 -0.00041805
 -0.00511091]

Residual before update:
[ 0.00124591  0.00896084  0.00273751 ... -0.00019963 -0.00041804
 -0.00511091]

Residual before update:
[ 0.00124591  0.00896084  0.00273751 ... -0.00019965 -0.00041806
 -0.00511091]

Residual before update:
[ 0.00124591  0.00896084  0.00273751 ... -0.00019964 -0.00041805
 -0.0051109 ]

Residual before update:
[ 0.00128294  0.00896669  0.00273893 ...  0.01759503  0.01724974
 -0.00454897]

Residual before update:
[ 1.07641830e+106 -2.07688227e+104 -3.83828952e+104 ...  6.13683978e+104
  6.08774431e+104  6.48480436e+105]

Residual before update:
[ 0.00124591  0.00896084  0.00273751 ... -0.00019965 -0.00041806
 -0.00511091]

Residual before update:
[ 0.00124591  0.00896084  0.00273751 ... -0.00019965 -0.00041806
 -0.00511091]

Residual before update:
[ 0.00124591  0.00896084  0.00273751 ... -0.00019965 -0.00041806
 -0.00511091]

Residual before update:
[ 0.00124591  0.00896084  0.00273751 ... -0.00019965 -0.00041806
 -0.00511091]

Residual before update:
[ 0.00124591  0.00896084  0.00273751 ... -0.00019965 -0.00041806
 -0.0051109 ]

Residual before update:
[ 0.00124591  0.00896084  0.00273751 ... -0.00019964 -0.00041805
 -0.0051109 ]

Residual before update:
[ 0.00124591  0.00896084  0.00273751 ... -0.00019966 -0.00041807
 -0.0051109 ]

Residual before update:
[ 0.00124591  0.00896084  0.00273751 ... -0.00019965 -0.00041806
 -0.0051109 ]

Residual before update:
[ 0.001283    0.00896598  0.00273888 ...  0.01753004  0.01718519
 -0.00455035]

Residual before update:
[-9.76367947e+138  1.88384133e+137  3.48153024e+137 ... -5.56643609e+137
 -5.52190391e+137 -5.88205824e+138]

Residual before update:
[ 0.00124591  0.00896084  0.00273751 ... -0.00019965 -0.00041806
 -0.0051109 ]
Compute pips
NaNs found in variant PIPs at indices: [    0     1     5 ... 11620 11621 11622]
###############################
TGFM
###############################
Initialize variables
Warning: 318 variants have NaN gwas_beta. Setting to 0 with large SE.
Iterative optimization

Residual before update:
[ 0.00497527 -0.00605142 -0.00493889 ... -0.00284651 -0.00359277
  0.00660243]

Residual before update:
[ 0.00497527 -0.00605129 -0.00493875 ... -0.00284628 -0.0035927
  0.00660233]

Residual before update:
[ 0.00497528 -0.00605117 -0.00493862 ... -0.00284605 -0.00359264
  0.00660222]

Residual before update:
[ 0.00497408 -0.00605415 -0.00494025 ... -0.00285743 -0.00362198
  0.00659074]

Residual before update:
[ 0.00497529 -0.00605092 -0.00493835 ... -0.0028456  -0.00359249
  0.00660204]

Residual before update:
[ 0.00497529 -0.00605079 -0.00493821 ... -0.00284538 -0.00359246
  0.00660193]

Residual before update:
[ 0.0049753  -0.00605067 -0.00493807 ... -0.00284513 -0.00359235
  0.00660182]

Residual before update:
[ 0.0049753  -0.00605055 -0.00493794 ... -0.0028449  -0.00359226
  0.00660173]

Residual before update:
[ 0.00525062 -0.00702205 -0.00539801 ... -0.02125958  0.13034266
  0.00561495]

Residual before update:
[ 0.00497531 -0.0060503  -0.00493767 ... -0.00284446 -0.00359221
  0.00660153]

Residual before update:
[ 0.00497531 -0.0060503  -0.00493767 ... -0.00284449 -0.00359229
  0.00660153]

Residual before update:
[ 0.00497531 -0.00605029 -0.00493766 ... -0.00284446 -0.00359217
  0.00660155]

Residual before update:
[ 0.00497531 -0.0060503  -0.00493767 ... -0.00284446 -0.00359218
  0.0066015 ]

Residual before update:
[ 0.00496942 -0.00599599 -0.00489107 ... -0.00288682 -0.00382659
  0.00661571]

Residual before update:
[ 0.00497531 -0.00605029 -0.00493766 ... -0.00284445 -0.00359214
  0.00660156]

Residual before update:
[ 0.00497531 -0.0060503  -0.00493766 ... -0.00284447 -0.0035922
  0.00660153]

Residual before update:
[ 0.00497531 -0.00605029 -0.00493766 ... -0.00284444 -0.00359213
  0.00660152]

Residual before update:
[ 0.00497531 -0.00605029 -0.00493766 ... -0.00284444 -0.0035921
  0.00660153]

Residual before update:
[0.06535431 0.02298589 0.00355806 ... 0.69389875 2.36429621 0.04940733]

Residual before update:
[ 0.00497531 -0.00605029 -0.00493766 ... -0.00284446 -0.0035922
  0.00660154]

Residual before update:
[ 0.00497531 -0.00605029 -0.00493766 ... -0.00284449 -0.00359228
  0.00660153]

Residual before update:
[ 0.00497531 -0.00605029 -0.00493766 ... -0.00284445 -0.00359216
  0.00660155]

Residual before update:
[ 0.00497531 -0.0060503  -0.00493766 ... -0.00284446 -0.00359218
  0.0066015 ]

Residual before update:
[ 0.00497478 -0.00599397 -0.00489072 ... -0.00282751 -0.00364637
  0.00661202]

Residual before update:
[ 0.00497531 -0.00605029 -0.00493766 ... -0.00284445 -0.00359214
  0.00660156]

Residual before update:
[ 0.00497531 -0.00605029 -0.00493766 ... -0.00284446 -0.0035922
  0.00660153]

Residual before update:
[ 0.00497531 -0.00605029 -0.00493766 ... -0.00284444 -0.00359213
  0.00660152]

Residual before update:
[ 0.00497531 -0.00605029 -0.00493766 ... -0.00284443 -0.0035921
  0.00660152]

Residual before update:
[0.06535452 0.02299013 0.0035601  ... 0.69390184 2.36432136 0.04940755]

Residual before update:
[ 0.00497531 -0.00605029 -0.00493766 ... -0.00284446 -0.0035922
  0.00660153]

Residual before update:
[ 0.00497531 -0.00605029 -0.00493766 ... -0.00284448 -0.00359228
  0.00660153]

Residual before update:
[ 0.00497531 -0.00605029 -0.00493766 ... -0.00284445 -0.00359216
  0.00660155]

Residual before update:
[ 0.00497531 -0.00605029 -0.00493766 ... -0.00284445 -0.00359217
  0.0066015 ]

Residual before update:
[ 0.00497762 -0.00599547 -0.00489258 ... -0.00279474 -0.00353317
  0.00661141]

Residual before update:
[ 0.00497531 -0.00605029 -0.00493766 ... -0.00284444 -0.00359213
  0.00660156]

Residual before update:
[ 0.00497531 -0.00605029 -0.00493766 ... -0.00284446 -0.0035922
  0.00660152]

Residual before update:
[ 0.00497531 -0.00605029 -0.00493766 ... -0.00284443 -0.00359213
  0.00660151]

Residual before update:
[ 0.00497531 -0.00605029 -0.00493766 ... -0.00284443 -0.0035921
  0.00660152]

Residual before update:
[0.06535472 0.02299422 0.00356206 ... 0.69390481 2.36434556 0.04940777]

Residual before update:
[ 0.00497531 -0.00605029 -0.00493766 ... -0.00284445 -0.0035922
  0.00660153]

Residual before update:
[ 0.00497531 -0.00605029 -0.00493766 ... -0.00284448 -0.00359228
  0.00660153]

Residual before update:
[ 0.00497531 -0.00605029 -0.00493766 ... -0.00284444 -0.00359216
  0.00660155]

Residual before update:
[ 0.00497531 -0.00605029 -0.00493766 ... -0.00284445 -0.00359217
  0.0066015 ]

Residual before update:
[ 0.00497752 -0.00599658 -0.00489346 ... -0.00279623 -0.00353689
  0.00661036]

Residual before update:
[ 0.00497531 -0.00605028 -0.00493765 ... -0.00284444 -0.00359213
  0.00660155]

Residual before update:
[ 0.00497531 -0.00605029 -0.00493766 ... -0.00284445 -0.0035922
  0.00660152]

Residual before update:
[ 0.00497531 -0.00605029 -0.00493766 ... -0.00284443 -0.00359213
  0.00660151]

Residual before update:
[ 0.00497531 -0.00605029 -0.00493766 ... -0.00284442 -0.0035921
  0.00660152]

Residual before update:
[0.06535491 0.02299817 0.00356396 ... 0.6939077  2.36436897 0.04940798]

Residual before update:
[ 0.00497531 -0.00605028 -0.00493765 ... -0.00284445 -0.0035922
  0.00660153]
Compute pips
###############################
TGFM
###############################
Initialize variables
Warning: 66 variants have NaN gwas_beta. Setting to 0 with large SE.
Iterative optimization

Residual before update:
[-0.00996704 -0.00633164 -0.00416891 ...  0.01125588  0.01235163
  0.        ]

Residual before update:
[-9.96502403e-03 -6.32963863e-03 -4.16877780e-03 ...  1.12402579e-02
  1.23408156e-02 -3.44588152e-15]

Residual before update:
[-9.96374962e-03 -6.32836301e-03 -4.16885754e-03 ...  1.12257129e-02
  1.23306682e-02 -6.74619818e-15]

Residual before update:
[-9.96301529e-03 -6.32764685e-03 -4.16904177e-03 ...  1.12120909e-02
  1.23209720e-02 -9.81358281e-15]

Residual before update:
[-9.95744317e-03 -6.32207715e-03 -4.16766911e-03 ...  1.11992667e-02
  1.23118007e-02 -1.26910739e-14]

Residual before update:
[-9.96000616e-03 -6.32464655e-03 -4.16888567e-03 ...  1.11871369e-02
  1.23030243e-02 -1.54165122e-14]

Residual before update:
[-9.96020006e-03 -6.32485771e-03 -4.16922848e-03 ...  1.11756014e-02
  1.22946185e-02 -1.80885534e-14]

Residual before update:
[-9.95693311e-03 -6.32159478e-03 -4.16852515e-03 ...  1.11646095e-02
  1.22865455e-02 -2.06767435e-14]

Residual before update:
[-9.95731116e-03 -6.32198145e-03 -4.16893997e-03 ...  1.11541155e-02
  1.22788005e-02 -2.30570397e-14]

Residual before update:
[-9.95631720e-03 -6.32099375e-03 -4.16890460e-03 ...  1.11440487e-02
  1.22712944e-02 -2.54236620e-14]

Residual before update:
[-9.95543131e-03 -6.32010156e-03 -4.16839017e-03 ...  1.11500164e-02
  1.22749102e-02 -2.42706593e-14]

Residual before update:
[-9.94800285e-03 -6.31265206e-03 -4.16593447e-03 ...  1.11545185e-02
  1.22775083e-02 -2.33957073e-14]

Residual before update:
[-9.95124422e-03 -6.31585175e-03 -4.16688527e-03 ...  1.11578843e-02
  1.22798866e-02 -2.30158901e-14]

Residual before update:
[-9.95392333e-03 -6.31857424e-03 -4.16756130e-03 ...  1.11603805e-02
  1.22813375e-02 -2.24798081e-14]

Residual before update:
[-9.94465764e-03 -6.30929710e-03 -4.16453638e-03 ...  1.11620430e-02
  1.22824866e-02 -2.20506856e-14]

Residual before update:
[-9.95345064e-03 -6.31809078e-03 -4.16733703e-03 ...  1.11630258e-02
  1.22831594e-02 -2.17745072e-14]

Residual before update:
[-9.95592710e-03 -6.32058551e-03 -4.16799350e-03 ...  1.11633918e-02
  1.22834608e-02 -2.17431634e-14]

Residual before update:
[-9.95328792e-03 -6.31794321e-03 -4.16717361e-03 ...  1.11632543e-02
  1.22834331e-02 -2.18312631e-14]

Residual before update:
[-9.95542221e-03 -6.32008124e-03 -4.16786060e-03 ...  1.11627073e-02
  1.22831559e-02 -2.18635293e-14]

Residual before update:
[-9.95573825e-03 -6.32039865e-03 -4.16799173e-03 ...  1.11617728e-02
  1.22825846e-02 -2.20607811e-14]

Residual before update:
[-9.95503895e-03 -6.31969875e-03 -4.16779193e-03 ...  1.11612512e-02
  1.22823163e-02 -2.21755941e-14]

Residual before update:
[-9.94781245e-03 -6.31245574e-03 -4.16559566e-03 ...  1.11608398e-02
  1.22819040e-02 -2.22561065e-14]

Residual before update:
[-9.95112052e-03 -6.31572558e-03 -4.16671330e-03 ...  1.11605877e-02
  1.22820054e-02 -2.25726880e-14]

Residual before update:
[-9.95384673e-03 -6.31849707e-03 -4.16750852e-03 ...  1.11605688e-02
  1.22818266e-02 -2.25211139e-14]

Residual before update:
[-9.94460867e-03 -6.30924905e-03 -4.16456153e-03 ...  1.11605903e-02
  1.22818642e-02 -2.24008345e-14]

Residual before update:
[-9.95343588e-03 -6.31807775e-03 -4.16741288e-03 ...  1.11606701e-02
  1.22818774e-02 -2.22892988e-14]

Residual before update:
[-9.95592887e-03 -6.32058941e-03 -4.16808964e-03 ...  1.11607311e-02
  1.22818938e-02 -2.23062494e-14]

Residual before update:
[-9.95326638e-03 -6.31792366e-03 -4.16725786e-03 ...  1.11607777e-02
  1.22818960e-02 -2.23478598e-14]

Residual before update:
[-9.95539341e-03 -6.32005396e-03 -4.16792129e-03 ...  1.11608166e-02
  1.22819156e-02 -2.22549490e-14]

Residual before update:
[-9.95568267e-03 -6.32034380e-03 -4.16800917e-03 ...  1.11607858e-02
  1.22818584e-02 -2.22665517e-14]

Residual before update:
[-9.95496142e-03 -6.31962145e-03 -4.16778017e-03 ...  1.11608336e-02
  1.22819241e-02 -2.22664468e-14]

Residual before update:
[-9.94768300e-03 -6.31232614e-03 -4.16555548e-03 ...  1.11607286e-02
  1.22816997e-02 -2.22871430e-14]

Residual before update:
[-9.95100307e-03 -6.31560763e-03 -4.16667216e-03 ...  1.11605892e-02
  1.22818818e-02 -2.25859446e-14]

Residual before update:
[-9.95374866e-03 -6.31839877e-03 -4.16747221e-03 ...  1.11605807e-02
  1.22817269e-02 -2.25343759e-14]

Residual before update:
[-9.94445741e-03 -6.30909757e-03 -4.16451086e-03 ...  1.11605184e-02
  1.22817307e-02 -2.24332805e-14]

Residual before update:
[-9.95334173e-03 -6.31798347e-03 -4.16738464e-03 ...  1.11604841e-02
  1.22816909e-02 -2.23462868e-14]

Residual before update:
[-9.95585397e-03 -6.32051459e-03 -4.16807132e-03 ...  1.11604208e-02
  1.22816441e-02 -2.23900900e-14]

Residual before update:
[-9.95317879e-03 -6.31783623e-03 -4.16723962e-03 ...  1.11603588e-02
  1.22815881e-02 -2.24548946e-14]

Residual before update:
[-9.95532129e-03 -6.31998208e-03 -4.16791057e-03 ...  1.11603282e-02
  1.22815693e-02 -2.23756390e-14]

Residual before update:
[-9.95561275e-03 -6.32027415e-03 -4.16800012e-03 ...  1.11602729e-02
  1.22814958e-02 -2.23919424e-14]

Residual before update:
[-9.95488691e-03 -6.31954720e-03 -4.16776954e-03 ...  1.11603273e-02
  1.22815624e-02 -2.23899585e-14]

Residual before update:
[-9.94756447e-03 -6.31220775e-03 -4.16553078e-03 ...  1.11602394e-02
  1.22813427e-02 -2.24067332e-14]

Residual before update:
[-9.95090064e-03 -6.31550510e-03 -4.16665233e-03 ...  1.11601141e-02
  1.22815294e-02 -2.27041907e-14]

Residual before update:
[-9.95366409e-03 -6.31831433e-03 -4.16745648e-03 ...  1.11601419e-02
  1.22813944e-02 -2.26440122e-14]

Residual before update:
[-9.94431620e-03 -6.30895642e-03 -4.16447653e-03 ...  1.11600938e-02
  1.22814045e-02 -2.25392437e-14]

Residual before update:
[-9.95325352e-03 -6.31789532e-03 -4.16736693e-03 ...  1.11600748e-02
  1.22813734e-02 -2.24483368e-14]

Residual before update:
[-9.95578089e-03 -6.32044169e-03 -4.16805755e-03 ...  1.11600164e-02
  1.22813295e-02 -2.24913275e-14]

Residual before update:
[-9.95308948e-03 -6.31774708e-03 -4.16722084e-03 ...  1.11599520e-02
  1.22812725e-02 -2.25570757e-14]

Residual before update:
[-9.95524550e-03 -6.31990647e-03 -4.16789611e-03 ...  1.11599192e-02
  1.22812536e-02 -2.24777747e-14]

Residual before update:
[-9.95553869e-03 -6.32020027e-03 -4.16798640e-03 ...  1.11598570e-02
  1.22811764e-02 -2.24956989e-14]
Compute pips
###############################
TGFM
###############################
Initialize variables
Warning: 201 variants have NaN gwas_beta. Setting to 0 with large SE.
Iterative optimization

Residual before update:
[-0.00996704 -0.00633164 -0.00416891 ... -0.00834518 -0.00787337
  0.00284773]

Residual before update:
[-0.00996892 -0.00633348 -0.00417211 ... -0.00834736 -0.00787551
  0.00284583]

Residual before update:
[-0.00996987 -0.0063344  -0.0041741  ... -0.00834797 -0.00787613
  0.00284455]

Residual before update:
[-0.00997081 -0.00633531 -0.00417575 ... -0.00834808 -0.00787626
  0.00284359]

Residual before update:
[-0.00997156 -0.00633604 -0.00417701 ... -0.00834769 -0.0078759
  0.00284289]

Residual before update:
[-0.00997216 -0.00633661 -0.004178   ... -0.00834698 -0.00787523
  0.00284232]

Residual before update:
[-0.00997267 -0.00633711 -0.00417878 ... -0.00834603 -0.00787432
  0.0028419 ]

Residual before update:
[-0.00997331 -0.00633774 -0.00417961 ... -0.00834502 -0.00787335
  0.00284151]

Residual before update:
[-0.00997342 -0.00633783 -0.00417994 ... -0.00834373 -0.00787211
  0.00284129]

Residual before update:
[-0.00997389 -0.00633828 -0.00418055 ... -0.00834263 -0.00787105
  0.00284103]

Residual before update:
[-0.00997233 -0.00633675 -0.00417774 ... -0.00833919 -0.0078677
  0.00284277]

Residual before update:
[-0.00997267 -0.00633712 -0.00417737 ... -0.00833871 -0.00786716
  0.00284358]

Residual before update:
[-0.00997113 -0.00633558 -0.00417613 ... -0.00833768 -0.00786619
  0.00284406]

Residual before update:
[-0.00997095 -0.0063354  -0.00417619 ... -0.00833808 -0.00786656
  0.00284417]

Residual before update:
[-0.00997092 -0.00633537 -0.0041765  ... -0.00833874 -0.00786718
  0.00284416]

Residual before update:
[-0.00997096 -0.00633542 -0.00417693 ... -0.00833952 -0.00786793
  0.00284397]

Residual before update:
[-0.0099711  -0.00633555 -0.0041774  ... -0.00834028 -0.00786865
  0.00284377]

Residual before update:
[-0.00997149 -0.00633595 -0.00417806 ... -0.00834104 -0.00786939
  0.00284348]

Residual before update:
[-0.00997143 -0.00633588 -0.00417832 ... -0.00834156 -0.00786989
  0.00284328]

Residual before update:
[-0.00997178 -0.00633622 -0.00417886 ... -0.00834216 -0.00787048
  0.00284301]

Residual before update:
[-0.00997163 -0.00633607 -0.00417843 ... -0.00834153 -0.00786988
  0.00284308]

Residual before update:
[-0.00997259 -0.00633705 -0.00417874 ... -0.00834152 -0.00786984
  0.00284315]

Residual before update:
[-0.00997145 -0.00633589 -0.00417752 ... -0.00834004 -0.00786845
  0.00284337]

Residual before update:
[-0.00997137 -0.00633581 -0.00417721 ... -0.00833954 -0.00786798
  0.00284349]

Residual before update:
[-0.00997132 -0.00633576 -0.00417707 ... -0.00833928 -0.00786773
  0.00284361]

Residual before update:
[-0.00997128 -0.00633572 -0.00417705 ... -0.00833926 -0.00786771
  0.00284361]

Residual before update:
[-0.0099713  -0.00633575 -0.00417716 ... -0.0083394  -0.00786784
  0.0028436 ]

Residual before update:
[-0.00997157 -0.00633602 -0.00417756 ... -0.00833977 -0.00786818
  0.00284349]

Residual before update:
[-0.00997137 -0.00633581 -0.00417762 ... -0.00834006 -0.00786846
  0.00284347]

Residual before update:
[-0.00997158 -0.00633602 -0.00417805 ... -0.00834059 -0.00786897
  0.00284334]

Residual before update:
[-0.00997146 -0.0063359  -0.00417803 ... -0.00834067 -0.00786905
  0.00284333]

Residual before update:
[-0.00997251 -0.00633696 -0.00417881 ... -0.00834136 -0.00786967
  0.00284326]

Residual before update:
[-0.00997146 -0.0063359  -0.00417793 ... -0.00834044 -0.00786883
  0.00284334]

Residual before update:
[-0.00997143 -0.00633587 -0.00417777 ... -0.00834017 -0.00786857
  0.00284338]

Residual before update:
[-0.00997141 -0.00633585 -0.00417762 ... -0.00833989 -0.00786831
  0.00284346]

Residual before update:
[-0.00997137 -0.00633581 -0.0041775  ... -0.00833969 -0.00786812
  0.00284347]

Residual before update:
[-0.00997137 -0.00633581 -0.00417744 ... -0.00833956 -0.00786799
  0.0028435 ]

Residual before update:
[-0.00997162 -0.00633607 -0.00417764 ... -0.00833962 -0.00786804
  0.00284344]

Residual before update:
[-0.00997137 -0.00633581 -0.00417751 ... -0.00833961 -0.00786804
  0.00284347]

Residual before update:
[-0.00997154 -0.00633599 -0.00417777 ... -0.00833989 -0.0078683
  0.00284341]

Residual before update:
[-0.00997141 -0.00633585 -0.00417772 ... -0.00833993 -0.00786834
  0.00284341]

Residual before update:
[-0.00997248 -0.00633694 -0.00417861 ... -0.00834076 -0.00786909
  0.00284332]

Residual before update:
[-0.00997145 -0.00633588 -0.00417787 ... -0.00834008 -0.00786848
  0.00284337]

Residual before update:
[-0.00997145 -0.00633589 -0.00417787 ... -0.00834004 -0.00786845
  0.00284336]

Residual before update:
[-0.00997145 -0.00633589 -0.00417783 ... -0.00833993 -0.00786834
  0.00284341]

Residual before update:
[-0.00997142 -0.00633586 -0.00417776 ... -0.00833982 -0.00786823
  0.0028434 ]

Residual before update:
[-0.00997143 -0.00633587 -0.0041777  ... -0.00833969 -0.0078681
  0.00284342]

Residual before update:
[-0.00997167 -0.00633611 -0.00417787 ... -0.00833967 -0.00786809
  0.00284338]

Residual before update:
[-0.0099714  -0.00633584 -0.00417765 ... -0.00833955 -0.00786797
  0.00284343]

Residual before update:
[-0.00997155 -0.006336   -0.00417781 ... -0.00833967 -0.00786808
  0.0028434 ]
Compute pips
###############################
TGFM
###############################
Initialize variables
Warning: 297 variants have NaN gwas_beta. Setting to 0 with large SE.
Iterative optimization

Residual before update:
[ 0.00180949  0.01153985  0.00774169 ... -0.00462755 -0.00092767
 -0.00451604]

Residual before update:
[ 0.00180476  0.01153516  0.00773478 ... -0.00462718 -0.00092686
 -0.00451599]

Residual before update:
[ 0.00175586  0.01141486  0.00766286 ... -0.00479513 -0.00210598
 -0.00454739]

Residual before update:
[ 0.00179772  0.01152911  0.00772406 ... -0.00462637 -0.00092501
 -0.00451586]

Residual before update:
[ 0.00179269  0.01152255  0.00771744 ... -0.004626   -0.00092433
 -0.00451586]

Residual before update:
[ 0.00179167  0.01152759  0.00771566 ... -0.00462555 -0.00092289
 -0.00451572]

Residual before update:
[ 0.00178911  0.01152694  0.00771195 ... -0.00462512 -0.00092183
 -0.00451564]

Residual before update:
[ 0.00178683  0.01152665  0.00770864 ... -0.0046247  -0.00092076
 -0.00451556]

Residual before update:
[ 0.00178541  0.01152651  0.00770596 ... -0.00462428 -0.00091969
 -0.00451548]

Residual before update:
[ 0.00178221  0.01152648  0.00770219 ... -0.00462385 -0.00091856
 -0.00451541]

Residual before update:
[ 0.00178311  0.01152828  0.00770496 ... -0.00462315 -0.00091746
 -0.00451484]

Residual before update:
[ 0.00178674  0.01153323  0.0077089  ... -0.00462378 -0.0009182
 -0.00451534]

Residual before update:
[ 0.00175124  0.0113144   0.0076005  ... -0.0049105  -0.00281619
 -0.00457177]

Residual before update:
[ 0.00178935  0.01153419  0.0077119  ... -0.00462374 -0.00091821
 -0.0045153 ]

Residual before update:
[ 0.0017873   0.01153017  0.00771    ... -0.0046238  -0.00091844
 -0.0045154 ]

Residual before update:
[ 0.00178806  0.01153289  0.00771133 ... -0.00462383 -0.00091844
 -0.00451534]

Residual before update:
[ 0.00178768  0.01153173  0.00771086 ... -0.00462385 -0.00091855
 -0.00451535]

Residual before update:
[ 0.00178728  0.01153052  0.00771032 ... -0.00462386 -0.00091866
 -0.00451535]

Residual before update:
[ 0.00178758  0.01152931  0.00771009 ... -0.00462388 -0.00091875
 -0.00451536]

Residual before update:
[ 0.00178585  0.01152807  0.00770848 ... -0.00462388 -0.00091879
 -0.00451538]

Residual before update:
[ 0.00178396  0.01152516  0.00770698 ... -0.00462328 -0.00091803
 -0.00451488]

Residual before update:
[ 0.00178597  0.01152819  0.00770845 ... -0.00462387 -0.00091875
 -0.00451536]

Residual before update:
[ 0.0017495   0.01125395  0.00756083 ... -0.00494787 -0.00296706
 -0.00457842]

Residual before update:
[ 0.00178781  0.01152982  0.00770986 ... -0.00462379 -0.00091854
 -0.00451532]

Residual before update:
[ 0.00178582  0.01152694  0.00770795 ... -0.00462381 -0.00091861
 -0.00451541]

Residual before update:
[ 0.00178698  0.01153135  0.00770972 ... -0.00462381 -0.00091844
 -0.00451534]

Residual before update:
[ 0.001787    0.01153149  0.00770973 ... -0.0046238  -0.00091842
 -0.00451534]

Residual before update:
[ 0.00178701  0.0115314   0.00770975 ... -0.0046238  -0.00091842
 -0.00451533]

Residual before update:
[ 0.00178772  0.01153111  0.0077101  ... -0.0046238  -0.00091845
 -0.00451534]

Residual before update:
[ 0.00178638  0.01153053  0.00770907 ... -0.00462379 -0.00091844
 -0.00451535]

Residual before update:
[ 0.00178447  0.01152734  0.00770761 ... -0.00462319 -0.0009177
 -0.00451485]

Residual before update:
[ 0.00178621  0.01152932  0.00770877 ... -0.0046238  -0.00091852
 -0.00451534]

Residual before update:
[ 0.00171943  0.01116948  0.00749423 ... -0.00508728 -0.00381444
 -0.00457646]

Residual before update:
[ 0.00178751  0.01152922  0.00770951 ... -0.00462374 -0.00091846
 -0.00451531]

Residual before update:
[ 0.00178512  0.01152527  0.0077071  ... -0.00462378 -0.00091861
 -0.00451541]

Residual before update:
[ 0.00178647  0.01153031  0.00770909 ... -0.00462377 -0.00091841
 -0.00451533]

Residual before update:
[ 0.00178648  0.0115305   0.00770907 ... -0.00462376 -0.00091838
 -0.00451534]

Residual before update:
[ 0.00178655  0.01153065  0.00770915 ... -0.00462376 -0.00091836
 -0.00451533]

Residual before update:
[ 0.00178738  0.01153074  0.00770964 ... -0.00462375 -0.00091835
 -0.00451533]

Residual before update:
[ 0.00178616  0.0115306   0.00770876 ... -0.00462374 -0.0009183
 -0.00451534]

Residual before update:
[ 0.00178437  0.01152782  0.00770746 ... -0.00462312 -0.0009175
 -0.00451483]

Residual before update:
[ 0.00178618  0.0115299   0.00770869 ... -0.00462374 -0.00091834
 -0.00451533]

Residual before update:
[ 0.00170058  0.01105665  0.007425   ... -0.00521122 -0.00456299
 -0.00459236]

Residual before update:
[ 0.00178742  0.01152959  0.00770937 ... -0.00462368 -0.0009183
 -0.00451529]

Residual before update:
[ 0.00178488  0.01152522  0.00770677 ... -0.00462372 -0.00091847
 -0.0045154 ]

Residual before update:
[ 0.00178624  0.01153027  0.00770879 ... -0.00462372 -0.00091828
 -0.00451532]

Residual before update:
[ 0.0017862   0.0115303   0.00770871 ... -0.00462371 -0.00091827
 -0.00451533]

Residual before update:
[ 0.00178625  0.01153037  0.00770875 ... -0.00462371 -0.00091825
 -0.00451532]

Residual before update:
[ 0.00178708  0.01153043  0.00770923 ... -0.0046237  -0.00091824
 -0.00451532]

Residual before update:
[ 0.00178586  0.01153035  0.00770837 ... -0.00462369 -0.00091819
 -0.00451533]
Compute pips
###############################
TGFM
###############################
Initialize variables
Warning: 314 variants have NaN gwas_beta. Setting to 0 with large SE.
Iterative optimization

Residual before update:
[ 1.14563661e-02 -4.21682397e-03  1.08146752e-03 ...  6.43462716e-03
  4.71078933e-04  5.30161621e-05]

Residual before update:
[ 1.14554346e-02 -4.21703492e-03  1.07940939e-03 ...  6.43464970e-03
  4.71058287e-04  5.29486877e-05]

Residual before update:
[ 0.01145467 -0.00421406  0.00108062 ...  0.00667894  0.00719127
  0.000146  ]

Residual before update:
[ 1.14539870e-02 -4.21736795e-03  1.07612029e-03 ...  6.43471990e-03
  4.71052367e-04  5.28508578e-05]

Residual before update:
[ 1.14533994e-02 -4.21750356e-03  1.07476121e-03 ...  6.43476416e-03
  4.71066577e-04  5.28169293e-05]

Residual before update:
[ 1.14528737e-02 -4.21762427e-03  1.07353848e-03 ...  6.43481063e-03
  4.71077310e-04  5.27848180e-05]

Residual before update:
[ 1.14523923e-02 -4.21773282e-03  1.07242733e-03 ...  6.43486461e-03
  4.71093296e-04  5.27595102e-05]

Residual before update:
[ 1.14519435e-02 -4.21783149e-03  1.07140571e-03 ...  6.43491014e-03
  4.71120166e-04  5.27182619e-05]

Residual before update:
[ 1.14515183e-02 -4.21792174e-03  1.07046037e-03 ...  6.43496836e-03
  4.71163112e-04  5.27299923e-05]

Residual before update:
[ 1.14511089e-02 -4.21800514e-03  1.06957779e-03 ...  6.43501617e-03
  4.71162306e-04  5.27046414e-05]

Residual before update:
[ 1.14516398e-02 -4.21787188e-03  1.07080581e-03 ...  6.43505458e-03
  4.71224379e-04  5.27719338e-05]

Residual before update:
[ 1.14519202e-02 -4.21778619e-03  1.07160537e-03 ...  6.43505859e-03
  4.71270395e-04  5.27975865e-05]

Residual before update:
[-1.21879300e+12  7.86755274e+12 -1.75000114e+14 ...  1.88761811e+15
  8.77657821e+16 -1.16769057e+14]

Residual before update:
[ 1.14520298e-02 -4.21770672e-03  1.07237666e-03 ...  6.43505876e-03
  4.71297615e-04  5.28281775e-05]

Residual before update:
[ 1.14519553e-02 -4.21769666e-03  1.07249195e-03 ...  6.43505250e-03
  4.71310415e-04  5.28365993e-05]

Residual before update:
[ 1.14518410e-02 -4.21769934e-03  1.07248855e-03 ...  6.43504058e-03
  4.71296994e-04  5.28302691e-05]

Residual before update:
[ 1.14517030e-02 -4.21771102e-03  1.07240125e-03 ...  6.43503598e-03
  4.71284509e-04  5.28250357e-05]

Residual before update:
[ 1.14515582e-02 -4.21772917e-03  1.07225110e-03 ...  6.43501597e-03
  4.71280621e-04  5.27912130e-05]

Residual before update:
[ 1.14514171e-02 -4.21775157e-03  1.07205822e-03 ...  6.43501258e-03
  4.71289165e-04  5.28190996e-05]

Residual before update:
[ 1.14512869e-02 -4.21777704e-03  1.07183442e-03 ...  6.43499794e-03
  4.71245650e-04  5.27973363e-05]

Residual before update:
[ 1.14512789e-02 -4.21778371e-03  1.07176613e-03 ...  6.43500649e-03
  4.71252031e-04  5.28070296e-05]

Residual before update:
[ 1.14513264e-02 -4.21778145e-03  1.07176891e-03 ...  6.43500253e-03
  4.71266749e-04  5.27983914e-05]

Residual before update:
[-2.22060342e+44  1.43344368e+45 -3.18844831e+46 ...  3.43918199e+47
  1.59906552e+49 -2.12749708e+46]

Residual before update:
[ 1.14514661e-02 -4.21776615e-03  1.07187395e-03 ...  6.43501982e-03
  4.71274018e-04  5.28030433e-05]

Residual before update:
[ 1.14515219e-02 -4.21775849e-03  1.07193249e-03 ...  6.43502845e-03
  4.71288840e-04  5.28109028e-05]

Residual before update:
[ 1.14515607e-02 -4.21775292e-03  1.07197611e-03 ...  6.43503160e-03
  4.71281082e-04  5.28083133e-05]

Residual before update:
[ 1.14515748e-02 -4.21775002e-03  1.07200111e-03 ...  6.43504068e-03
  4.71276338e-04  5.28094508e-05]

Residual before update:
[ 1.14515662e-02 -4.21775016e-03  1.07200192e-03 ...  6.43503179e-03
  4.71281145e-04  5.27831033e-05]

Residual before update:
[ 1.14515367e-02 -4.21775309e-03  1.07198043e-03 ...  6.43503671e-03
  4.71298538e-04  5.28197103e-05]

Residual before update:
[ 1.14514889e-02 -4.21775886e-03  1.07193626e-03 ...  6.43502711e-03
  4.71262786e-04  5.28060675e-05]

Residual before update:
[ 1.14514515e-02 -4.21776301e-03  1.07190760e-03 ...  6.43503135e-03
  4.71269425e-04  5.28172950e-05]

Residual before update:
[ 1.14514211e-02 -4.21776703e-03  1.07187409e-03 ...  6.43501918e-03
  4.71280587e-04  5.28063358e-05]

Residual before update:
[-4.05138081e+76  2.61524689e+77 -5.81716580e+78 ...  6.27461696e+79
  2.91741573e+81 -3.88151290e+78]

Residual before update:
[ 1.14514001e-02 -4.21777029e-03  1.07184159e-03 ...  6.43502152e-03
  4.71278450e-04  5.28038091e-05]

Residual before update:
[ 1.14514042e-02 -4.21776984e-03  1.07184130e-03 ...  6.43502583e-03
  4.71290014e-04  5.28088151e-05]

Residual before update:
[ 1.14514164e-02 -4.21776877e-03  1.07184532e-03 ...  6.43502703e-03
  4.71280158e-04  5.28042746e-05]

Residual before update:
[ 1.14514274e-02 -4.21776748e-03  1.07185219e-03 ...  6.43503644e-03
  4.71274802e-04  5.28046224e-05]

Residual before update:
[ 1.14514356e-02 -4.21776661e-03  1.07185565e-03 ...  6.43502946e-03
  4.71280402e-04  5.27782078e-05]

Residual before update:
[ 1.14514379e-02 -4.21776629e-03  1.07185515e-03 ...  6.43503774e-03
  4.71299799e-04  5.28164263e-05]

Residual before update:
[ 1.14514322e-02 -4.21776705e-03  1.07184712e-03 ...  6.43503213e-03
  4.71266203e-04  5.28045258e-05]

Residual before update:
[ 1.14514282e-02 -4.21776697e-03  1.07185037e-03 ...  6.43503957e-03
  4.71275042e-04  5.28175336e-05]

Residual before update:
[ 1.14514148e-02 -4.21776865e-03  1.07183543e-03 ...  6.43502878e-03
  4.71287486e-04  5.28073930e-05]

Residual before update:
[-7.39154334e+108  4.77138824e+109 -1.06131305e+111 ...  1.14477274e+112
  5.32268031e+113 -7.08162776e+110]

Residual before update:
[ 1.14513856e-02 -4.21777242e-03  1.07180209e-03 ...  6.43503014e-03
  4.71284982e-04  5.28047586e-05]

Residual before update:
[ 1.14513735e-02 -4.21777379e-03  1.07178948e-03 ...  6.43503289e-03
  4.71295746e-04  5.28091769e-05]

Residual before update:
[ 1.14513681e-02 -4.21777478e-03  1.07177884e-03 ...  6.43503238e-03
  4.71284704e-04  5.28038159e-05]

Residual before update:
[ 1.14513639e-02 -4.21777537e-03  1.07177215e-03 ...  6.43504044e-03
  4.71278343e-04  5.28034701e-05]

Residual before update:
[ 1.14513617e-02 -4.21777580e-03  1.07176584e-03 ...  6.43503239e-03
  4.71283365e-04  5.27762301e-05]

Residual before update:
[ 1.14513601e-02 -4.21777600e-03  1.07176104e-03 ...  6.43504045e-03
  4.71302758e-04  5.28147097e-05]

Residual before update:
[ 1.14513577e-02 -4.21777642e-03  1.07175510e-03 ...  6.43503514e-03
  4.71268948e-04  5.28027834e-05]
Compute pips
###############################
TGFM
###############################
Initialize variables
Warning: 290 variants have NaN gwas_beta. Setting to 0 with large SE.
Iterative optimization

Residual before update:
[ 0.01204663 -0.00885672 -0.00810928 ...  0.0044905  -0.00116282
  0.00415958]

Residual before update:
[ 0.01204654 -0.00885672 -0.00810918 ...  0.0044903  -0.0011628
  0.00415938]

Residual before update:
[ 0.01204645 -0.00885671 -0.00810907 ...  0.0044901  -0.00116278
  0.00415918]

Residual before update:
[ 0.01203687 -0.00886377 -0.00821425 ...  0.00446561 -0.00116081
  0.00413498]

Residual before update:
[ 0.01204627 -0.0088567  -0.00810887 ...  0.0044897  -0.00116273
  0.00415879]

Residual before update:
[ 0.01204618 -0.00885669 -0.00810877 ...  0.0044895  -0.00116271
  0.00415859]

Residual before update:
[ 0.0120461  -0.00885669 -0.00810867 ...  0.0044893  -0.00116269
  0.00415838]

Residual before update:
[ 0.0114332  -0.0088669  -0.01122032 ... -0.00307319 -0.00210671
 -0.00326311]

Residual before update:
[ 0.01204592 -0.00885668 -0.00810847 ...  0.00448891 -0.00116264
  0.00415799]

Residual before update:
[ 0.01201816 -0.00885799 -0.00796687 ...  0.00396284 -0.00114559
  0.00363581]

Residual before update:
[ 0.01204583 -0.00885667 -0.00810837 ...  0.0044887  -0.00116262
  0.00415779]

Residual before update:
[ 0.01204583 -0.00885667 -0.00810836 ...  0.00448871 -0.00116262
  0.0041578 ]

Residual before update:
[ 0.01204583 -0.00885667 -0.00810837 ...  0.0044887  -0.00116262
  0.00415778]

Residual before update:
[ 0.00642601 -0.01248785 -0.06517064 ... -0.0155328  -0.002525
 -0.01570047]

Residual before update:
[ 0.01204583 -0.00885667 -0.00810837 ...  0.00448871 -0.00116262
  0.0041578 ]

Residual before update:
[ 0.01204583 -0.00885667 -0.00810837 ...  0.00448871 -0.00116262
  0.0041578 ]

Residual before update:
[ 0.01204583 -0.00885667 -0.00810837 ...  0.0044887  -0.00116262
  0.00415779]

Residual before update:
[ 0.0114054  -0.00886794 -0.01130816 ... -0.00282038 -0.00210142
 -0.00301146]

Residual before update:
[ 0.01204583 -0.00885667 -0.00810837 ...  0.00448871 -0.00116262
  0.0041578 ]

Residual before update:
[ 0.01285614 -0.00884006 -0.00338733 ...  0.01557967  0.00021006
  0.01504009]

Residual before update:
[ 0.01204583 -0.00885667 -0.00810837 ...  0.0044887  -0.00116262
  0.00415779]

Residual before update:
[ 0.01204583 -0.00885667 -0.00810837 ...  0.00448871 -0.00116262
  0.00415779]

Residual before update:
[ 0.01204583 -0.00885667 -0.00810837 ...  0.00448869 -0.00116262
  0.00415778]

Residual before update:
[ 0.00635241 -0.01249525 -0.06520254 ... -0.01544946 -0.00248229
 -0.01561926]

Residual before update:
[ 0.01204583 -0.00885667 -0.00810836 ...  0.00448871 -0.00116262
  0.0041578 ]

Residual before update:
[ 0.01204583 -0.00885667 -0.00810837 ...  0.00448871 -0.00116262
  0.0041578 ]

Residual before update:
[ 0.01204583 -0.00885667 -0.00810837 ...  0.0044887  -0.00116262
  0.00415779]

Residual before update:
[ 0.01139696 -0.00886818 -0.01135371 ... -0.00281616 -0.0020999
 -0.0030067 ]

Residual before update:
[ 0.01204583 -0.00885667 -0.00810837 ...  0.00448871 -0.00116262
  0.00415779]

Residual before update:
[ 0.01285746 -0.00883991 -0.00338753 ...  0.01557948  0.00021145
  0.0150399 ]

Residual before update:
[ 0.01204583 -0.00885667 -0.00810837 ...  0.0044887  -0.00116262
  0.00415779]

Residual before update:
[ 0.01204583 -0.00885667 -0.00810836 ...  0.0044887  -0.00116262
  0.00415779]

Residual before update:
[ 0.01204583 -0.00885667 -0.00810837 ...  0.00448869 -0.00116262
  0.00415778]

Residual before update:
[ 0.00634245 -0.01249519 -0.06520462 ... -0.01544933 -0.00248186
 -0.01561917]

Residual before update:
[ 0.01204583 -0.00885667 -0.00810836 ...  0.00448871 -0.00116262
  0.00415779]

Residual before update:
[ 0.01204583 -0.00885667 -0.00810837 ...  0.00448871 -0.00116262
  0.00415779]

Residual before update:
[ 0.01204583 -0.00885667 -0.00810837 ...  0.0044887  -0.00116262
  0.00415778]

Residual before update:
[ 0.01139257 -0.00886829 -0.01137566 ... -0.00286601 -0.00210646
 -0.00305559]

Residual before update:
[ 0.01204583 -0.00885667 -0.00810837 ...  0.0044887  -0.00116262
  0.00415779]

Residual before update:
[ 0.0128576  -0.00883987 -0.00338831 ...  0.01558075  0.00021224
  0.01504116]

Residual before update:
[ 0.01204583 -0.00885667 -0.00810837 ...  0.0044887  -0.00116262
  0.00415779]

Residual before update:
[ 0.01204583 -0.00885667 -0.00810836 ...  0.0044887  -0.00116262
  0.00415779]

Residual before update:
[ 0.01204583 -0.00885667 -0.00810837 ...  0.00448869 -0.00116262
  0.00415778]

Residual before update:
[ 0.00634112 -0.01249513 -0.06520542 ... -0.01544932 -0.0024816
 -0.01561916]

Residual before update:
[ 0.01204583 -0.00885667 -0.00810836 ...  0.0044887  -0.00116262
  0.00415779]

Residual before update:
[ 0.01204583 -0.00885667 -0.00810836 ...  0.0044887  -0.00116262
  0.00415779]

Residual before update:
[ 0.01204583 -0.00885667 -0.00810837 ...  0.00448869 -0.00116262
  0.00415778]

Residual before update:
[ 0.01138815 -0.0088684  -0.01139765 ... -0.00291583 -0.00211304
 -0.00310446]

Residual before update:
[ 0.01204582 -0.00885667 -0.00810837 ...  0.0044887  -0.00116262
  0.00415779]

Residual before update:
[ 0.01285765 -0.00883986 -0.00338877 ...  0.01558042  0.0002127
  0.01504084]
Compute pips
Finished processing final TGFM

------------------------------------------------------------
Sender: LSF System <lsfadmin@node-13-17>
Subject: Job 740119[48]: <run_final_TGFM_CD[1-50]> in cluster <farm22> Done

Job <run_final_TGFM_CD[1-50]> was submitted from host <farm22-head2> by user <bh18> in cluster <farm22> at Thu Apr 30 14:08:18 2026
Job was executed on host(s) <node-13-17>, in queue <long>, as user <bh18> in cluster <farm22> at Thu Apr 30 14:10:09 2026
</nfs/users/nfs_b/bh18> was used as the home directory.
</lustre/scratch127/humgen/projects_v2/sc-eqtl-ibd/analysis/bradley_analysis/IBDverse/TGFM> was used as the working directory.
Started at Thu Apr 30 14:10:09 2026
Terminated at Thu Apr 30 15:43:02 2026
Results reported at Thu Apr 30 15:43:02 2026

Your job looked like:

------------------------------------------------------------
# LSBATCH: User input
bash execution_scripts_BH/run_TGFM-BH-MCP.sh -t CD
------------------------------------------------------------

Successfully completed.

Resource usage summary:

    CPU time :                                   5551.89 sec.
    Max Memory :                                 16065 MB
    Average Memory :                             11220.04 MB
    Total Requested Memory :                     30000.00 MB
    Delta Memory :                               13935.00 MB
    Max Swap :                                   2 MB
    Max Processes :                              6
    Max Threads :                                18
    Run time :                                   5573 sec.
    Turnaround time :                            5684 sec.

The output (if any) is above this job summary.



PS:

Read file <logs/run_final_TGFM-CD-48-740119-error.log> for stderr output of this job.

