Processing chunk 21...
###############################
TGFM
###############################
Initialize variables
Warning: 482 variants have NaN gwas_beta. Setting to 0 with large SE.
Iterative optimization

Residual before update:
[-0.00169208 -0.00019409  0.01484415 ...  0.01114953  0.00336777
  0.00125745]

Residual before update:
[-0.00169208 -0.00019409  0.01484316 ...  0.01114952  0.00336777
  0.00125745]

Residual before update:
[-0.00169208 -0.00019409  0.01484218 ...  0.0111495   0.00336776
  0.00125745]

Residual before update:
[-0.00169207 -0.00019409  0.01484119 ...  0.01114949  0.00336776
  0.00125746]

Residual before update:
[-0.00169207 -0.00019409  0.01484021 ...  0.01114948  0.00336776
  0.00125746]

Residual before update:
[-0.00169207 -0.0001941   0.01483923 ...  0.01114946  0.00336776
  0.00125746]

Residual before update:
[-0.00169207 -0.0001941   0.01483824 ...  0.01114945  0.00336775
  0.00125746]

Residual before update:
[-0.00169207 -0.0001941   0.01483726 ...  0.01114943  0.00336775
  0.00125746]

Residual before update:
[-0.00169206 -0.0001941   0.01483628 ...  0.01114942  0.00336775
  0.00125746]

Residual before update:
[-0.00169206 -0.0001941   0.0148353  ...  0.01114941  0.00336775
  0.00125746]

Residual before update:
[-0.00169206 -0.0001941   0.0148353  ...  0.01114941  0.00336775
  0.00125746]

Residual before update:
[-0.00169206 -0.0001941   0.01483531 ...  0.01114941  0.00336775
  0.00125746]

Residual before update:
[-0.00169206 -0.0001941   0.01483531 ...  0.01114941  0.00336775
  0.00125746]

Residual before update:
[-0.00169206 -0.0001941   0.01483531 ...  0.01114941  0.00336775
  0.00125746]

Residual before update:
[-0.00169206 -0.0001941   0.01483531 ...  0.01114941  0.00336775
  0.00125746]

Residual before update:
[-0.00169206 -0.0001941   0.01483531 ...  0.01114941  0.00336775
  0.00125746]

Residual before update:
[-0.00169206 -0.0001941   0.01483531 ...  0.01114941  0.00336775
  0.00125746]

Residual before update:
[-0.00169206 -0.0001941   0.01483531 ...  0.01114941  0.00336775
  0.00125746]

Residual before update:
[-0.00169206 -0.0001941   0.01483531 ...  0.01114941  0.00336775
  0.00125746]

Residual before update:
[-0.00169206 -0.0001941   0.01483531 ...  0.01114941  0.00336775
  0.00125746]

Residual before update:
[-0.00169206 -0.0001941   0.01483531 ...  0.01114941  0.00336775
  0.00125746]

Residual before update:
[-0.00169206 -0.0001941   0.01483531 ...  0.01114941  0.00336775
  0.00125746]

Residual before update:
[-0.00169206 -0.0001941   0.01483531 ...  0.01114941  0.00336775
  0.00125746]

Residual before update:
[-0.00169206 -0.0001941   0.01483531 ...  0.01114941  0.00336775
  0.00125746]

Residual before update:
[-0.00169206 -0.0001941   0.01483531 ...  0.01114941  0.00336775
  0.00125746]

Residual before update:
[-0.00169206 -0.0001941   0.01483531 ...  0.01114941  0.00336775
  0.00125746]

Residual before update:
[-0.00169206 -0.0001941   0.01483531 ...  0.01114941  0.00336775
  0.00125746]

Residual before update:
[-0.00169206 -0.0001941   0.0148353  ...  0.01114941  0.00336775
  0.00125746]

Residual before update:
[-0.00169206 -0.0001941   0.0148353  ...  0.01114941  0.00336775
  0.00125746]

Residual before update:
[-0.00169206 -0.0001941   0.0148353  ...  0.0111494   0.00336775
  0.00125746]

Residual before update:
[-0.00169206 -0.0001941   0.0148353  ...  0.01114941  0.00336775
  0.00125746]

Residual before update:
[-0.00169206 -0.0001941   0.0148353  ...  0.0111494   0.00336775
  0.00125746]

Residual before update:
[-0.00169206 -0.0001941   0.0148353  ...  0.0111494   0.00336775
  0.00125746]

Residual before update:
[-0.00169206 -0.0001941   0.0148353  ...  0.0111494   0.00336775
  0.00125746]

Residual before update:
[-0.00169206 -0.0001941   0.0148353  ...  0.0111494   0.00336775
  0.00125746]

Residual before update:
[-0.00169206 -0.0001941   0.0148353  ...  0.0111494   0.00336775
  0.00125746]

Residual before update:
[-0.00169206 -0.0001941   0.0148353  ...  0.0111494   0.00336775
  0.00125746]

Residual before update:
[-0.00169206 -0.0001941   0.01483529 ...  0.0111494   0.00336775
  0.00125746]

Residual before update:
[-0.00169206 -0.0001941   0.01483529 ...  0.0111494   0.00336775
  0.00125746]

Residual before update:
[-0.00169206 -0.0001941   0.01483529 ...  0.0111494   0.00336775
  0.00125746]

Residual before update:
[-0.00169206 -0.0001941   0.01483529 ...  0.0111494   0.00336775
  0.00125746]

Residual before update:
[-0.00169206 -0.0001941   0.01483529 ...  0.0111494   0.00336775
  0.00125746]

Residual before update:
[-0.00169206 -0.0001941   0.01483529 ...  0.0111494   0.00336775
  0.00125746]

Residual before update:
[-0.00169206 -0.0001941   0.01483529 ...  0.0111494   0.00336775
  0.00125746]

Residual before update:
[-0.00169206 -0.0001941   0.01483529 ...  0.0111494   0.00336775
  0.00125746]

Residual before update:
[-0.00169206 -0.0001941   0.01483529 ...  0.0111494   0.00336775
  0.00125746]

Residual before update:
[-0.00169206 -0.0001941   0.01483528 ...  0.0111494   0.00336775
  0.00125746]

Residual before update:
[-0.00169206 -0.0001941   0.01483528 ...  0.0111494   0.00336775
  0.00125746]

Residual before update:
[-0.00169206 -0.0001941   0.01483528 ...  0.0111494   0.00336775
  0.00125746]

Residual before update:
[-0.00169206 -0.0001941   0.01483528 ...  0.0111494   0.00336775
  0.00125746]
Compute pips
###############################
TGFM
###############################
Initialize variables
Warning: 422 variants have NaN gwas_beta. Setting to 0 with large SE.
Iterative optimization

Residual before update:
[ 0.00560209  0.00184619 -0.00279938 ...  0.0044042   0.00608255
 -0.00435694]

Residual before update:
[ 0.00560123  0.00184619 -0.00279977 ...  0.00418992  0.00447727
 -0.00531315]

Residual before update:
[ 0.00560208  0.00184755 -0.00279465 ...  0.00424973  0.00515015
 -0.00476722]

Residual before update:
[ 0.00560199  0.0018469  -0.00279471 ...  0.00422602  0.00493063
 -0.00499184]

Residual before update:
[ 0.005602    0.00184689 -0.00279475 ...  0.00422603  0.00493073
 -0.00499175]

Residual before update:
[ 0.00560201  0.00184689 -0.00279479 ...  0.00422604  0.00493082
 -0.00499166]

Residual before update:
[ 0.00560202  0.00184688 -0.00279483 ...  0.00422605  0.00493092
 -0.00499157]

Residual before update:
[ 0.00560203  0.00184688 -0.00279487 ...  0.00422606  0.00493101
 -0.00499148]

Residual before update:
[ 0.00560204  0.00184687 -0.00279491 ...  0.00422607  0.00493111
 -0.00499139]

Residual before update:
[ 0.00560205  0.00184687 -0.00279495 ...  0.00422608  0.0049312
 -0.00499129]

Residual before update:
[ 0.00560293  0.00184687 -0.0027946  ...  0.00444037  0.00653657
 -0.00403499]

Residual before update:
[ 0.0056011   0.0018455  -0.00280015 ...  0.00414029  0.00406471
 -0.00565326]

Residual before update:
[ 0.00560239  0.00184805 -0.00279295 ...  0.00424743  0.00522271
 -0.00466719]

Residual before update:
[ 0.00560223  0.00184702 -0.00279299 ...  0.00420975  0.00487393
 -0.00502406]

Residual before update:
[ 0.00560223  0.00184702 -0.00279298 ...  0.00420982  0.00487441
 -0.00502354]

Residual before update:
[ 0.00560223  0.00184702 -0.00279297 ...  0.00420989  0.00487486
 -0.00502303]

Residual before update:
[ 0.00560223  0.00184702 -0.00279296 ...  0.00420996  0.00487529
 -0.00502255]

Residual before update:
[ 0.00560223  0.00184703 -0.00279295 ...  0.00421002  0.00487571
 -0.00502209]

Residual before update:
[ 0.00560223  0.00184702 -0.00279295 ...  0.00421008  0.0048761
 -0.00502166]

Residual before update:
[ 0.00560223  0.00184703 -0.00279294 ...  0.00421014  0.00487648
 -0.00502124]

Residual before update:
[ 0.00560321  0.00184703 -0.00279255 ...  0.00445047  0.00667592
 -0.00394842]

Residual before update:
[ 0.00560105  0.00184512 -0.00280011 ...  0.0041275   0.00394405
 -0.00577897]

Residual before update:
[ 0.00560255  0.0018483  -0.00279194 ...  0.00425969  0.00535597
 -0.00455953]

Residual before update:
[ 0.00560237  0.00184717 -0.002792   ...  0.00421815  0.00497172
 -0.00495274]

Residual before update:
[ 0.00560237  0.00184717 -0.002792   ...  0.00421812  0.00497149
 -0.00495299]

Residual before update:
[ 0.00560237  0.00184717 -0.00279201 ...  0.00421809  0.00497129
 -0.0049532 ]

Residual before update:
[ 0.00560237  0.00184717 -0.00279201 ...  0.00421806  0.00497111
 -0.00495339]

Residual before update:
[ 0.00560237  0.00184717 -0.00279201 ...  0.00421804  0.00497096
 -0.00495356]

Residual before update:
[ 0.00560237  0.00184717 -0.00279201 ...  0.00421802  0.00497083
 -0.0049537 ]

Residual before update:
[ 0.00560237  0.00184717 -0.00279202 ...  0.004218    0.00497072
 -0.00495381]

Residual before update:
[ 0.00560335  0.00184717 -0.00279163 ...  0.00445759  0.00676445
 -0.00388432]

Residual before update:
[ 0.00560101  0.00184502 -0.00280015 ...  0.00411799  0.00386648
 -0.0058409 ]

Residual before update:
[ 0.00560259  0.00184839 -0.00279161 ...  0.00425813  0.00536032
 -0.00454758]

Residual before update:
[ 0.00560241  0.00184726 -0.00279167 ...  0.00421633  0.00497354
 -0.00494337]

Residual before update:
[ 0.00560241  0.00184726 -0.00279167 ...  0.00421631  0.00497345
 -0.00494347]

Residual before update:
[ 0.00560241  0.00184726 -0.00279167 ...  0.0042163   0.00497335
 -0.00494358]

Residual before update:
[ 0.00560241  0.00184726 -0.00279167 ...  0.00421628  0.00497325
 -0.00494369]

Residual before update:
[ 0.00560241  0.00184726 -0.00279168 ...  0.00421627  0.00497315
 -0.0049438 ]

Residual before update:
[ 0.00560241  0.00184726 -0.00279168 ...  0.00421625  0.00497304
 -0.00494391]

Residual before update:
[ 0.00560241  0.00184726 -0.00279168 ...  0.00421624  0.00497294
 -0.00494403]

Residual before update:
[ 0.00560341  0.00184726 -0.00279129 ...  0.00446136  0.00680791
 -0.00384984]

Residual before update:
[ 0.00560099  0.00184501 -0.00280017 ...  0.00411354  0.00383285
 -0.00586258]

Residual before update:
[ 0.00560258  0.00184841 -0.00279157 ...  0.00425473  0.005338
 -0.0045595 ]

Residual before update:
[ 0.00560241  0.00184728 -0.00279162 ...  0.00421294  0.00495123
 -0.00495526]

Residual before update:
[ 0.00560241  0.00184728 -0.00279162 ...  0.00421294  0.00495124
 -0.00495525]

Residual before update:
[ 0.00560241  0.00184728 -0.00279162 ...  0.00421294  0.00495125
 -0.00495524]

Residual before update:
[ 0.00560241  0.00184728 -0.00279162 ...  0.00421294  0.00495125
 -0.00495524]

Residual before update:
[ 0.00560241  0.00184728 -0.00279162 ...  0.00421294  0.00495125
 -0.00495524]

Residual before update:
[ 0.00560241  0.00184728 -0.00279162 ...  0.00421294  0.00495125
 -0.00495524]

Residual before update:
[ 0.00560241  0.00184728 -0.00279162 ...  0.00421294  0.00495125
 -0.00495524]
Compute pips
###############################
TGFM
###############################
Initialize variables
Warning: 429 variants have NaN gwas_beta. Setting to 0 with large SE.
Iterative optimization

Residual before update:
[-0.00570927 -0.00364726 -0.00970967 ... -0.00579716  0.00345349
  0.00257671]

Residual before update:
[-0.00571299 -0.00365609 -0.00971063 ... -0.00579914  0.00344622
  0.00256943]

Residual before update:
[-0.00571244 -0.00363085 -0.00970735 ... -0.00579744  0.00347481
  0.00259802]

Residual before update:
[-0.00571551 -0.00363761 -0.00970853 ... -0.00580499  0.00346938
  0.0025926 ]

Residual before update:
[-0.00571529 -0.00363456 -0.00970762 ... -0.00580161  0.00347847
  0.00260168]

Residual before update:
[-0.00571714 -0.00364458 -0.00970886 ... -0.00580263  0.00347642
  0.00259963]

Residual before update:
[-0.00571672 -0.00364288 -0.00969999 ... -0.00579506  0.00347896
  0.00260217]

Residual before update:
[-0.00571682 -0.0036396  -0.00969994 ... -0.00579449  0.00348779
  0.00261101]

Residual before update:
[-0.00571682 -0.0036396  -0.00969847 ... -0.0057945   0.0034878
  0.00261101]

Residual before update:
[-0.00571682 -0.0036396  -0.00969701 ... -0.0057945   0.0034878
  0.00261102]

Residual before update:
[-0.0057131  -0.00363076 -0.00969459 ... -0.00579252  0.00349508
  0.0026183 ]

Residual before update:
[-0.00571758 -0.00366511 -0.00969899 ... -0.00579763  0.003459
  0.00258222]

Residual before update:
[-0.00571378 -0.00362486 -0.00969347 ... -0.00578784  0.00350217
  0.00262538]

Residual before update:
[-0.00571835 -0.00363738 -0.00969593 ... -0.00580136  0.00348565
  0.00260887]

Residual before update:
[-0.00571615 -0.00362299 -0.00969348 ... -0.00579536  0.00350137
  0.00262459]

Residual before update:
[-0.00571894 -0.00363746 -0.00970394 ... -0.00580422  0.00349622
  0.00261944]

Residual before update:
[-0.00571829 -0.00363925 -0.00969209 ... -0.00579479  0.00348862
  0.00261183]

Residual before update:
[-0.00571858 -0.00364008 -0.00969416 ... -0.00579507  0.00348535
  0.00260856]

Residual before update:
[-0.00571857 -0.00363978 -0.0096942  ... -0.005795    0.0034862
  0.00260941]

Residual before update:
[-0.00571857 -0.00363965 -0.0096942  ... -0.00579496  0.00348659
  0.00260981]

Residual before update:
[-0.00571463 -0.00363045 -0.00969161 ... -0.00579153  0.00349437
  0.00261758]

Residual before update:
[-0.00571856 -0.00367107 -0.00969705 ... -0.00579916  0.00345082
  0.00257403]

Residual before update:
[-0.00571336 -0.00362201 -0.0096904  ... -0.00578637  0.00350269
  0.00262591]

Residual before update:
[-0.00571885 -0.00363767 -0.0096934  ... -0.00580321  0.00348015
  0.00260336]

Residual before update:
[-0.0057161  -0.00362008 -0.00969049 ... -0.00579643  0.00349779
  0.002621  ]

Residual before update:
[-0.00571901 -0.00363424 -0.00970396 ... -0.00580772  0.00349396
  0.00261718]

Residual before update:
[-0.00571805 -0.0036316  -0.00968891 ... -0.00579529  0.00349872
  0.00262194]

Residual before update:
[-0.00571839 -0.00363286 -0.00969106 ... -0.00579569  0.00349404
  0.00261725]

Residual before update:
[-0.00571839 -0.003633   -0.00969102 ... -0.00579572  0.00349365
  0.00261687]

Residual before update:
[-0.00571839 -0.0036331  -0.009691   ... -0.00579574  0.00349338
  0.0026166 ]

Residual before update:
[-0.00571519 -0.00362597 -0.00968841 ... -0.00579035  0.00349921
  0.00262242]

Residual before update:
[-0.00571916 -0.00367239 -0.00969463 ... -0.00579895  0.00344921
  0.00257243]

Residual before update:
[-0.00571309 -0.00361864 -0.00968737 ... -0.00578428  0.0035057
  0.00262891]

Residual before update:
[-0.00571905 -0.00363572 -0.00969063 ... -0.00580255  0.003481
  0.00260422]

Residual before update:
[-0.00571633 -0.00361822 -0.00968773 ... -0.00579576  0.00349869
  0.0026219 ]

Residual before update:
[-0.00571937 -0.00363278 -0.00970375 ... -0.0058092   0.00349459
  0.0026178 ]

Residual before update:
[-0.0057183  -0.00362986 -0.00968759 ... -0.00579587  0.00350002
  0.00262324]

Residual before update:
[-0.00571866 -0.00363086 -0.00968983 ... -0.00579622  0.00349607
  0.00261928]

Residual before update:
[-0.00571866 -0.00363086 -0.00968981 ... -0.00579622  0.00349608
  0.00261929]

Residual before update:
[-0.00571866 -0.00363086 -0.00968981 ... -0.00579622  0.00349608
  0.0026193 ]

Residual before update:
[-0.00571555 -0.00362402 -0.0096872  ... -0.00579026  0.00350166
  0.00262487]

Residual before update:
[-0.00571944 -0.00367304 -0.00969374 ... -0.00579883  0.00344873
  0.00257194]

Residual before update:
[-0.00571291 -0.00361721 -0.0096862  ... -0.00578314  0.00350722
  0.00263043]

Residual before update:
[-0.00571915 -0.00363492 -0.00968956 ... -0.00580203  0.00348197
  0.00260518]

Residual before update:
[-0.00571641 -0.00361734 -0.00968664 ... -0.00579521  0.00349972
  0.00262293]

Residual before update:
[-0.00571951 -0.00363212 -0.00970367 ... -0.00580949  0.00349549
  0.00261871]

Residual before update:
[-0.00571843 -0.00362914 -0.00968723 ... -0.00579594  0.00350106
  0.00262427]

Residual before update:
[-0.00571878 -0.00363014 -0.00968947 ... -0.00579629  0.00349707
  0.00262029]

Residual before update:
[-0.00571878 -0.00363014 -0.00968946 ... -0.00579629  0.00349708
  0.00262029]

Residual before update:
[-0.00571878 -0.00363015 -0.00968945 ... -0.00579629  0.00349709
  0.0026203 ]
Compute pips
###############################
TGFM
###############################
Initialize variables
Warning: 417 variants have NaN gwas_beta. Setting to 0 with large SE.
Iterative optimization

Residual before update:
[ 0.00112875 -0.0002368   0.00913768 ...  0.          0.00381778
  0.00180765]

Residual before update:
[ 1.12728394e-03 -2.38228200e-04  9.13734258e-03 ... -5.70900781e-17
  3.81751114e-03  1.80594694e-03]

Residual before update:
[ 1.12828617e-03 -2.30422731e-04  9.14985218e-03 ...  1.06883619e-14
  3.81767086e-03  1.80655610e-03]

Residual before update:
[ 1.12547801e-03 -2.31623771e-04  9.14941583e-03 ...  1.04070310e-14
  3.81725478e-03  1.80478174e-03]

Residual before update:
[ 1.12662258e-03 -2.28439724e-04  9.14943303e-03 ...  4.43641321e-14
  3.81726512e-03  1.81229104e-03]

Residual before update:
[ 1.12438912e-03 -2.30178662e-04  9.14851397e-03 ...  2.62091212e-14
  3.81452667e-03  1.80879183e-03]

Residual before update:
[ 1.12468535e-03 -2.24985842e-04  9.15057818e-03 ...  3.96591333e-14
  3.81472400e-03  1.80941322e-03]

Residual before update:
[ 1.12298043e-03 -2.25695664e-04  9.15168600e-03 ... -5.62473940e-14
  3.81402417e-03  1.79845198e-03]

Residual before update:
[ 1.12763405e-03 -2.12840110e-04  9.17882145e-03 ...  5.42414029e-14
  3.82811553e-03  1.81203689e-03]

Residual before update:
[ 1.14401887e-03 -2.15015047e-04  9.15336935e-03 ...  9.07354233e-13
  3.82378743e-03  1.90185985e-03]

Residual before update:
[ 1.12625032e-03 -2.23411460e-04  9.15216987e-03 ...  2.65005156e-14
  3.81504774e-03  1.80969078e-03]

Residual before update:
[ 1.12339046e-03 -2.32719632e-04  9.13924004e-03 ...  1.56536379e-14
  3.81454231e-03  1.80723136e-03]

Residual before update:
[ 1.12752091e-03 -2.21215297e-04  9.15618811e-03 ...  3.01247747e-14
  3.81516888e-03  1.80981013e-03]

Residual before update:
[ 1.12276100e-03 -2.26034816e-04  9.15551477e-03 ... -4.20948847e-15
  3.81453474e-03  1.79997026e-03]

Residual before update:
[ 1.15345937e-03 -2.44346934e-04  9.15157563e-03 ... -1.45656859e-15
  3.83120998e-03  1.78354392e-03]

Residual before update:
[ 1.12349238e-03 -2.25396846e-04  9.15333696e-03 ...  2.55992168e-14
  3.81400383e-03  1.80930871e-03]

Residual before update:
[ 1.12374889e-03 -2.20524138e-04  9.15418658e-03 ...  5.62599927e-14
  3.81350582e-03  1.81136409e-03]

Residual before update:
[-3.54644192e+13 -2.89835926e+13 -1.26042332e+13 ...  3.24488620e+05
 -7.44431152e+13  5.72024831e+13]

Residual before update:
[-2.18491926e+00 -2.21772721e+01 -3.13542167e+01 ... -1.24090653e-07
 -1.38692134e+01 -1.21605456e+01]

Residual before update:
[ 1.14123686e-03 -2.13048996e-04  9.15545261e-03 ...  9.51458137e-13
  3.81913719e-03  1.91558338e-03]

Residual before update:
[ 1.12529891e-03 -2.22678937e-04  9.15236174e-03 ...  1.82257842e-14
  3.81217387e-03  1.80890545e-03]

Residual before update:
[ 1.12175508e-03 -2.34211640e-04  9.13542931e-03 ...  3.83092375e-15
  3.81159588e-03  1.80643469e-03]

Residual before update:
[ 1.12692759e-03 -2.20441467e-04  9.15553152e-03 ...  2.09193432e-14
  3.81246693e-03  1.80971208e-03]

Residual before update:
[ 1.12114865e-03 -2.27081358e-04  9.15471744e-03 ... -2.78576874e-14
  3.81168903e-03  1.79626661e-03]

Residual before update:
[ 1.13415211e-03 -2.49099757e-04  9.14285375e-03 ...  3.28110384e-15
  3.83515537e-03  1.80404415e-03]

Residual before update:
[ 1.12263907e-03 -2.26993677e-04  9.15255814e-03 ...  7.54183154e-15
  3.81203455e-03  1.80751279e-03]

Residual before update:
[ 1.12341857e-03 -2.16546884e-04  9.15782693e-03 ...  6.78196792e-14
  3.81360449e-03  1.81274096e-03]

Residual before update:
[-1.27041599e+43 -1.03825814e+43 -4.51512292e+42 ...  1.16239293e+35
 -2.66672166e+43  2.04912408e+43]

Residual before update:
[-2.22759028e+00 -2.22128854e+01 -3.15285700e+01 ... -1.25069577e-07
 -1.38657079e+01 -1.22063028e+01]

Residual before update:
[ 1.13967366e-03 -2.10904042e-04  9.15499861e-03 ...  9.28723717e-13
  3.81761235e-03  1.91541278e-03]

Residual before update:
[ 1.12518093e-03 -2.20195674e-04  9.15481680e-03 ...  2.22394392e-14
  3.81165005e-03  1.80919901e-03]

Residual before update:
[ 1.12125454e-03 -2.33526823e-04  9.13494060e-03 ...  5.16269840e-15
  3.81101851e-03  1.80656886e-03]

Residual before update:
[ 1.12704299e-03 -2.18593766e-04  9.15659047e-03 ...  2.34938200e-14
  3.81204697e-03  1.81020601e-03]

Residual before update:
[ 1.12082181e-03 -2.25860417e-04  9.15569004e-03 ... -3.00686467e-14
  3.81118960e-03  1.79553113e-03]

Residual before update:
[ 1.13095533e-03 -2.48822822e-04  9.13864085e-03 ... -3.91547997e-15
  3.82157665e-03  1.80437384e-03]

Residual before update:
[ 1.12220623e-03 -2.27151570e-04  9.15305354e-03 ...  1.42259162e-15
  3.81148469e-03  1.80659258e-03]

Residual before update:
[ 1.12307497e-03 -2.15508210e-04  9.15894085e-03 ...  6.99560246e-14
  3.81336667e-03  1.81266028e-03]

Residual before update:
[-4.55691685e+72 -3.72417857e+72 -1.61955138e+72 ...  4.16944367e+64
 -9.56539352e+72  7.35010274e+72]

Residual before update:
[-2.22690341e+00 -2.22115489e+01 -3.15249223e+01 ... -1.25051046e-07
 -1.38652374e+01 -1.22051980e+01]

Residual before update:
[ 1.13981490e-03 -2.10726705e-04  9.15657565e-03 ...  9.31180596e-13
  3.81747404e-03  1.91509407e-03]

Residual before update:
[ 1.12502695e-03 -2.19051459e-04  9.15622201e-03 ...  2.37877934e-14
  3.81153226e-03  1.80906574e-03]

Residual before update:
[ 1.12105559e-03 -2.33199263e-04  9.13495527e-03 ...  5.03937411e-15
  3.81087874e-03  1.80639713e-03]

Residual before update:
[ 1.12716512e-03 -2.17773787e-04  9.15722049e-03 ...  2.38448962e-14
  3.81199181e-03  1.81022266e-03]

Residual before update:
[ 1.12075979e-03 -2.25164265e-04  9.15626706e-03 ... -2.99850530e-14
  3.81108591e-03  1.79538098e-03]

Residual before update:
[ 1.13044419e-03 -2.48388325e-04  9.13864994e-03 ... -5.18035899e-15
  3.81950913e-03  1.80462885e-03]

Residual before update:
[ 1.12211439e-03 -2.26996475e-04  9.15344560e-03 ...  1.71366564e-16
  3.81136833e-03  1.80640033e-03]

Residual before update:
[ 1.12300180e-03 -2.15081738e-04  9.15945813e-03 ...  7.03106606e-14
  3.81330895e-03  1.81263173e-03]

Residual before update:
[-1.63454265e+102 -1.33584371e+102 -5.80924755e+101 ...  1.49555801e+094
 -3.43105748e+102  2.63644407e+102]

Residual before update:
[-2.22674993e+00 -2.22112502e+01 -3.15241071e+01 ... -1.25046905e-07
 -1.38651322e+01 -1.22049511e+01]

Residual before update:
[ 1.14058216e-03 -2.13113631e-04  9.15568251e-03 ...  9.21271718e-13
  3.81691092e-03  1.91282207e-03]
Compute pips
###############################
TGFM
###############################
Initialize variables
Warning: 395 variants have NaN gwas_beta. Setting to 0 with large SE.
Iterative optimization

Residual before update:
[ 0.00687093  0.00606104  0.0407716  ... -0.01104511 -0.01090272
  0.00306678]

Residual before update:
[ 0.00496715  0.0033485   0.00176297 ... -0.01104517 -0.01090278
  0.00306603]

Residual before update:
[ 0.00658181  0.01169051  0.03633036 ... -0.01104476 -0.01090234
  0.00306687]

Residual before update:
[ 0.0047703   0.0093907  -0.00013717 ... -0.01104478 -0.01090236
  0.00306666]

Residual before update:
[ 0.00503227  0.00992718  0.00527822 ... -0.01104476 -0.01090234
  0.00307246]

Residual before update:
[ 0.00489896  0.00982469 -0.00149771 ... -0.01104667 -0.01090426
  0.00306904]

Residual before update:
[ 0.00554093  0.01311953  0.0122296  ... -0.0110444  -0.010902
  0.00306986]

Residual before update:
[ 0.00554088  0.01311776  0.0122283  ... -0.01104288 -0.01090048
  0.00306988]

Residual before update:
[ 0.00554083  0.013116    0.01222701 ... -0.01104136 -0.01089897
  0.0030699 ]

Residual before update:
[ 0.00554767  0.01312779  0.01223622 ... -0.01102454 -0.01088218
  0.00309651]

Residual before update:
[ 0.00744452  0.01582501  0.05123306 ... -0.01103828 -0.01089588
  0.00307068]

Residual before update:
[ 0.0034762   0.00410815 -0.0315737  ... -0.01103876 -0.0108964
  0.00306887]

Residual before update:
[ 0.00715483  0.0160531   0.04486122 ... -0.01103826 -0.01089586
  0.00307006]

Residual before update:
[ 0.00465276  0.01267772 -0.00571749 ... -0.01103832 -0.01089592
  0.00306396]

Residual before update:
[ 0.00517038  0.01357416  0.00900116 ... -0.01103637 -0.01089396
  0.00307606]

Residual before update:
[ 0.00436518  0.01015424 -0.01301942 ... -0.01104099 -0.01089857
  0.00307106]

Residual before update:
[ 0.00508452  0.0138476   0.00236266 ... -0.01103999 -0.01089759
  0.00307196]

Residual before update:
[ 0.00508455  0.01384665  0.00236277 ... -0.01103999 -0.01089759
  0.00307196]

Residual before update:
[ 0.00508457  0.0138457   0.00236287 ... -0.01103998 -0.01089759
  0.00307196]

Residual before update:
[ 0.00425947  0.00298045 -0.00992361 ... -0.01158083 -0.01143633
  0.00282436]

Residual before update:
[ 0.00743823  0.0172169   0.05060118 ... -0.01103839 -0.01089598
  0.00307295]

Residual before update:
[ 0.00323277  0.0042183  -0.03728725 ... -0.01103894 -0.01089658
  0.00307101]

Residual before update:
[ 0.00741433  0.01708606  0.04943337 ... -0.01103842 -0.01089602
  0.00307232]

Residual before update:
[ 0.00457022  0.01317776 -0.00810738 ... -0.01103848 -0.01089608
  0.0030633 ]

Residual before update:
[ 0.00514354  0.01415005  0.00866146 ... -0.0110361  -0.01089369
  0.00307675]

Residual before update:
[ 0.00425756  0.01033075 -0.01518768 ... -0.01104101 -0.01089859
  0.00307156]

Residual before update:
[ 0.00497496  0.01401517  0.00015312 ... -0.01104002 -0.01089762
  0.00307246]

Residual before update:
[ 0.00497496  0.01401482  0.00015292 ... -0.01104001 -0.01089761
  0.00307246]

Residual before update:
[ 0.00497495  0.01401447  0.00015272 ... -0.01104001 -0.01089761
  0.00307246]

Residual before update:
[ 0.00441003  0.0100618   0.00086136 ... -0.01160768 -0.01146308
  0.00279489]

Residual before update:
[ 0.00731326  0.01736451  0.04807218 ... -0.0110384  -0.010896
  0.00307344]

Residual before update:
[ 0.00314469  0.00413804 -0.0391262  ... -0.01103897 -0.01089662
  0.00307151]

Residual before update:
[ 0.0075869   0.01749257  0.0529047  ... -0.01103844 -0.01089604
  0.00307288]

Residual before update:
[ 0.00454629  0.01331758 -0.00860876 ... -0.0110385  -0.0108961
  0.00306325]

Residual before update:
[ 0.00512753  0.01430173  0.00842748 ... -0.01103608 -0.01089367
  0.00307688]

Residual before update:
[ 0.00424263  0.01049166 -0.01542353 ... -0.01104099 -0.01089857
  0.00307168]

Residual before update:
[ 0.00493203  0.01403272 -0.00068134 ... -0.0110401  -0.0108977
  0.00307254]

Residual before update:
[ 0.00493203  0.01403267 -0.00068133 ... -0.01104009 -0.01089769
  0.00307254]

Residual before update:
[ 0.00493203  0.01403262 -0.00068132 ... -0.01104009 -0.01089769
  0.00307254]

Residual before update:
[ 0.00438757  0.01217496  0.00102796 ... -0.01160327 -0.01145866
  0.00279274]

Residual before update:
[ 0.00715911  0.01722708  0.04495839 ... -0.01103848 -0.01089608
  0.00307347]

Residual before update:
[ 0.00308966  0.00398619 -0.04024316 ... -0.01103906 -0.0108967
  0.00307159]

Residual before update:
[ 0.00774459  0.017771    0.0561258  ... -0.01103851 -0.01089611
  0.003073  ]

Residual before update:
[ 0.00454455  0.01339338 -0.00859984 ... -0.01103858 -0.01089618
  0.00306325]

Residual before update:
[ 0.00512773  0.01438046  0.00850218 ... -0.01103614 -0.01089373
  0.00307693]

Residual before update:
[ 0.00427057  0.0107139  -0.01476341 ... -0.01104096 -0.01089854
  0.00307175]

Residual before update:
[ 0.00493548  0.01412929 -0.00054505 ... -0.01104014 -0.01089774
  0.00307258]

Residual before update:
[ 0.00493548  0.01412909 -0.00054509 ... -0.01104014 -0.01089773
  0.00307258]
NaNs in component_non_med_pred at component 8

Residual before update:
[ 0.00493548  0.01412889 -0.00054514 ... -0.01104013 -0.01089773
  0.00307258]
NaNs in residual_incl_alpha[56, :]
NaN in mixture_alpha_mu: b_terms=[nan nan]
NaNs in self.residual at bs_iter=56
NaNs in un_normalized_lv_alpha_weights
NaN in normalizing_term
NaNs in component_non_med_pred at component 9

Residual before update:
[ 0.00436592  0.01307276  0.00091531 ... -0.01160374 -0.01145913
  0.0027938 ]
NaNs in residual_incl_alpha[56, :]
NaNs in gene_weights for bs_iter=56
NaN in mixture_alpha_mu: b_terms=[nan nan]
NaNs in self.residual at bs_iter=56
NaNs in un_normalized_lv_alpha_weights
NaN in normalizing_term
Compute pips
NaNs found in gene-tissue pair PIPs at indices: [0 1]
NaNs found in variant PIPs at indices: [   0    1    2 ... 9304 9305 9306]
NaNs found in gene PIPs at indices: [0 1]
###############################
TGFM
###############################
Initialize variables
Warning: 348 variants have NaN gwas_beta. Setting to 0 with large SE.
Iterative optimization

Residual before update:
[ 0.          0.00195628  0.00197056 ... -0.00612653  0.
  0.00610883]

Residual before update:
[ 2.84949301e-17  1.95626709e-03  1.97054668e-03 ... -6.12652038e-03
 -4.86507926e-17  6.10882445e-03]

Residual before update:
[ 5.71144757e-17  1.95625327e-03  1.97053301e-03 ... -6.12651249e-03
 -9.59900729e-17  6.10881902e-03]

Residual before update:
[ 8.58250210e-17  1.95623971e-03  1.97051960e-03 ... -6.12650457e-03
 -1.42104986e-16  6.10881364e-03]

Residual before update:
[ 1.14607727e-16  1.95622638e-03  1.97050643e-03 ... -6.12649663e-03
 -1.87068562e-16  6.10880828e-03]

Residual before update:
[-3.95674492e-16  1.95425779e-03  1.96854389e-03 ... -6.14121732e-03
 -1.15942001e-14  6.10767054e-03]

Residual before update:
[ 1.72525996e-16  1.95620041e-03  1.97048076e-03 ... -6.12648064e-03
 -2.73808818e-16  6.10879809e-03]

Residual before update:
[ 2.01558943e-16  1.95618773e-03  1.97046823e-03 ... -6.12647262e-03
 -3.15713157e-16  6.10879295e-03]

Residual before update:
[ 2.30682705e-16  1.95617524e-03  1.97045589e-03 ... -6.12646458e-03
 -3.56706169e-16  6.10878796e-03]

Residual before update:
[ 2.59867350e-16  1.95616293e-03  1.97044373e-03 ... -6.12645651e-03
 -3.96837272e-16  6.10878297e-03]

Residual before update:
[ 2.60773610e-16  1.95616490e-03  1.97044569e-03 ... -6.12645628e-03
 -3.87498633e-16  6.10878403e-03]

Residual before update:
[ 2.61369591e-16  1.95616648e-03  1.97044727e-03 ... -6.12645607e-03
 -3.79814449e-16  6.10878429e-03]

Residual before update:
[ 2.62044107e-16  1.95616780e-03  1.97044858e-03 ... -6.12645589e-03
 -3.73538548e-16  6.10878503e-03]

Residual before update:
[ 2.62528891e-16  1.95616882e-03  1.97044960e-03 ... -6.12645575e-03
 -3.68580279e-16  6.10878533e-03]

Residual before update:
[ 2.62864184e-16  1.95616959e-03  1.97045036e-03 ... -6.12645564e-03
 -3.64824949e-16  6.10878544e-03]

Residual before update:
[ 5.10643077e-17  1.95414000e-03  1.96838795e-03 ... -6.14198477e-03
 -1.06768628e-14  6.10833523e-03]

Residual before update:
[ 2.63452282e-16  1.95617046e-03  1.97045123e-03 ... -6.12645549e-03
 -3.60563556e-16  6.10878599e-03]

Residual before update:
[ 2.63545348e-16  1.95617059e-03  1.97045135e-03 ... -6.12645547e-03
 -3.59903848e-16  6.10878589e-03]

Residual before update:
[ 2.63592624e-16  1.95617053e-03  1.97045130e-03 ... -6.12645546e-03
 -3.60117358e-16  6.10878586e-03]

Residual before update:
[ 2.63564595e-16  1.95617030e-03  1.97045107e-03 ... -6.12645546e-03
 -3.61139091e-16  6.10878570e-03]

Residual before update:
[ 2.63632448e-16  1.95617018e-03  1.97045095e-03 ... -6.12645548e-03
 -3.61796438e-16  6.10878598e-03]

Residual before update:
[ 2.63536282e-16  1.95617004e-03  1.97045080e-03 ... -6.12645548e-03
 -3.62359037e-16  6.10878560e-03]

Residual before update:
[ 2.63653902e-16  1.95616996e-03  1.97045073e-03 ... -6.12645546e-03
 -3.62740966e-16  6.10878582e-03]

Residual before update:
[ 2.63702674e-16  1.95616989e-03  1.97045066e-03 ... -6.12645545e-03
 -3.62996649e-16  6.10878572e-03]

Residual before update:
[ 2.63711838e-16  1.95616984e-03  1.97045061e-03 ... -6.12645543e-03
 -3.63146829e-16  6.10878553e-03]

Residual before update:
[ 1.17874717e-15  1.95633520e-03  1.97051605e-03 ... -6.12563988e-03
  4.31229041e-15  6.11094329e-03]

Residual before update:
[ 2.63937781e-16  1.95616980e-03  1.97045057e-03 ... -6.12645538e-03
 -3.63256127e-16  6.10878573e-03]

Residual before update:
[ 2.63975382e-16  1.95616979e-03  1.97045056e-03 ... -6.12645537e-03
 -3.63278304e-16  6.10878559e-03]

Residual before update:
[ 2.64040469e-16  1.95616977e-03  1.97045054e-03 ... -6.12645535e-03
 -3.63301851e-16  6.10878557e-03]

Residual before update:
[ 2.64095788e-16  1.95616975e-03  1.97045052e-03 ... -6.12645533e-03
 -3.63348984e-16  6.10878549e-03]

Residual before update:
[ 2.64224401e-16  1.95616977e-03  1.97045055e-03 ... -6.12645532e-03
 -3.63302869e-16  6.10878582e-03]

Residual before update:
[ 2.64168640e-16  1.95616973e-03  1.97045051e-03 ... -6.12645531e-03
 -3.63385760e-16  6.10878548e-03]

Residual before update:
[ 2.64312695e-16  1.95616972e-03  1.97045049e-03 ... -6.12645528e-03
 -3.63468731e-16  6.10878572e-03]

Residual before update:
[ 2.64375341e-16  1.95616968e-03  1.97045046e-03 ... -6.12645526e-03
 -3.63564357e-16  6.10878564e-03]

Residual before update:
[ 2.64389407e-16  1.95616965e-03  1.97045042e-03 ... -6.12645525e-03
 -3.63657540e-16  6.10878545e-03]

Residual before update:
[ 1.49158462e-15  1.95690182e-03  1.97106023e-03 ... -6.12118626e-03
  8.37750604e-15  6.11205254e-03]

Residual before update:
[ 2.64610601e-16  1.95616960e-03  1.97045037e-03 ... -6.12645519e-03
 -3.63836455e-16  6.10878565e-03]

Residual before update:
[ 2.64642195e-16  1.95616957e-03  1.97045034e-03 ... -6.12645518e-03
 -3.63929943e-16  6.10878550e-03]

Residual before update:
[ 2.64702102e-16  1.95616954e-03  1.97045031e-03 ... -6.12645516e-03
 -3.64018372e-16  6.10878547e-03]

Residual before update:
[ 2.64754441e-16  1.95616950e-03  1.97045028e-03 ... -6.12645514e-03
 -3.64103874e-16  6.10878539e-03]

Residual before update:
[ 2.64882189e-16  1.95616953e-03  1.97045030e-03 ... -6.12645514e-03
 -3.64077393e-16  6.10878572e-03]

Residual before update:
[ 2.64825399e-16  1.95616948e-03  1.97045026e-03 ... -6.12645513e-03
 -3.64166580e-16  6.10878538e-03]

Residual before update:
[ 2.64970453e-16  1.95616947e-03  1.97045024e-03 ... -6.12645510e-03
 -3.64249023e-16  6.10878562e-03]

Residual before update:
[ 2.65033762e-16  1.95616943e-03  1.97045021e-03 ... -6.12645508e-03
 -3.64339537e-16  6.10878554e-03]

Residual before update:
[ 2.65048421e-16  1.95616940e-03  1.97045017e-03 ... -6.12645506e-03
 -3.64426207e-16  6.10878535e-03]

Residual before update:
[ 1.46952578e-15  1.95685461e-03  1.97101429e-03 ... -6.12153802e-03
  8.06170597e-15  6.11199564e-03]

Residual before update:
[ 2.65271635e-16  1.95616935e-03  1.97045013e-03 ... -6.12645501e-03
 -3.64595339e-16  6.10878555e-03]

Residual before update:
[ 2.65303513e-16  1.95616932e-03  1.97045010e-03 ... -6.12645500e-03
 -3.64686318e-16  6.10878540e-03]

Residual before update:
[ 2.65363823e-16  1.95616929e-03  1.97045007e-03 ... -6.12645498e-03
 -3.64774165e-16  6.10878537e-03]

Residual before update:
[ 2.65416425e-16  1.95616926e-03  1.97045004e-03 ... -6.12645496e-03
 -3.64860032e-16  6.10878529e-03]
Compute pips
###############################
TGFM
###############################
Initialize variables
Warning: 373 variants have NaN gwas_beta. Setting to 0 with large SE.
Iterative optimization

Residual before update:
[ 0.0019049  -0.00223048  0.         ... -0.01030507 -0.00686918
 -0.0001392 ]

Residual before update:
[ 1.90489211e-03 -2.23047263e-03 -2.55799385e-17 ... -1.03049752e-02
 -6.86934052e-03 -1.40075107e-04]

Residual before update:
[ 1.90488699e-03 -2.23046975e-03 -5.09224909e-17 ... -1.03048824e-02
 -6.86950548e-03 -1.40941346e-04]

Residual before update:
[ 1.90488180e-03 -2.23046688e-03 -7.63558093e-17 ... -1.03047898e-02
 -6.86966992e-03 -1.41802927e-04]

Residual before update:
[ 1.90487659e-03 -2.23046374e-03 -1.02109244e-16 ... -1.03046970e-02
 -6.86983412e-03 -1.42660196e-04]

Residual before update:
[ 1.90487186e-03 -2.23046071e-03 -1.25923039e-16 ... -1.03046039e-02
 -6.86999765e-03 -1.43513332e-04]

Residual before update:
[ 1.90486686e-03 -2.23045734e-03 -1.50542575e-16 ... -1.03045112e-02
 -6.87016082e-03 -1.44361512e-04]

Residual before update:
[ 1.90509859e-03 -2.12911719e-03  1.75780226e-14 ... -1.02922313e-02
 -6.86878614e-03 -1.41819258e-04]

Residual before update:
[ 1.90485701e-03 -2.23045061e-03 -1.99532855e-16 ... -1.03043253e-02
 -6.87048596e-03 -1.46045812e-04]

Residual before update:
[ 1.90497951e-03 -2.23001359e-03 -3.56514680e-15 ... -1.03019374e-02
 -6.86769450e-03 -1.40556935e-04]

Residual before update:
[ 1.90485289e-03 -2.23044588e-03 -2.20053700e-16 ... -1.03042319e-02
 -6.87064459e-03 -1.46844551e-04]

Residual before update:
[ 1.90485297e-03 -2.23044533e-03 -2.20542696e-16 ... -1.03042316e-02
 -6.87064136e-03 -1.46811371e-04]

Residual before update:
[ 1.90485336e-03 -2.23044460e-03 -2.19418040e-16 ... -1.03042307e-02
 -6.87063919e-03 -1.46784838e-04]

Residual before update:
[ 1.90485328e-03 -2.23044445e-03 -2.19437418e-16 ... -1.03042309e-02
 -6.87063704e-03 -1.46761841e-04]

Residual before update:
[ 1.90485310e-03 -2.23044386e-03 -2.20414369e-16 ... -1.03042304e-02
 -6.87063589e-03 -1.46743996e-04]

Residual before update:
[ 1.90485381e-03 -2.23044384e-03 -2.17766838e-16 ... -1.03042295e-02
 -6.87063457e-03 -1.46730784e-04]

Residual before update:
[ 1.90485380e-03 -2.23044346e-03 -2.17498334e-16 ... -1.03042294e-02
 -6.87063383e-03 -1.46720744e-04]

Residual before update:
[ 1.90592458e-03 -2.12438192e-03  1.87328057e-14 ... -1.02970935e-02
 -6.86890605e-03 -1.39598985e-04]

Residual before update:
[ 1.90485375e-03 -2.23044343e-03 -2.17725067e-16 ... -1.03042288e-02
 -6.87063370e-03 -1.46714759e-04]

Residual before update:
[ 1.90313553e-03 -2.22990947e-03 -1.00641882e-14 ... -1.03060782e-02
 -6.87051750e-03 -1.44853395e-04]

Residual before update:
[ 1.90485398e-03 -2.23044322e-03 -2.15943296e-16 ... -1.03042285e-02
 -6.87063474e-03 -1.46720359e-04]

Residual before update:
[ 1.90485370e-03 -2.23044345e-03 -2.17823037e-16 ... -1.03042284e-02
 -6.87063482e-03 -1.46721543e-04]

Residual before update:
[ 1.90485380e-03 -2.23044335e-03 -2.17839451e-16 ... -1.03042278e-02
 -6.87063553e-03 -1.46724782e-04]

Residual before update:
[ 1.90485349e-03 -2.23044369e-03 -2.18753266e-16 ... -1.03042282e-02
 -6.87063574e-03 -1.46726544e-04]

Residual before update:
[ 1.90485313e-03 -2.23044348e-03 -2.20430224e-16 ... -1.03042279e-02
 -6.87063659e-03 -1.46729354e-04]

Residual before update:
[ 1.90485371e-03 -2.23044373e-03 -2.18264054e-16 ... -1.03042271e-02
 -6.87063676e-03 -1.46731993e-04]

Residual before update:
[ 1.90485362e-03 -2.23044352e-03 -2.18301191e-16 ... -1.03042272e-02
 -6.87063711e-03 -1.46733396e-04]

Residual before update:
[ 1.90603612e-03 -2.12596540e-03  1.85287414e-14 ... -1.02977167e-02
 -6.86879797e-03 -1.38799128e-04]

Residual before update:
[ 1.90485354e-03 -2.23044355e-03 -2.18664380e-16 ... -1.03042266e-02
 -6.87063793e-03 -1.46737742e-04]

Residual before update:
[ 1.90262766e-03 -2.22988766e-03 -1.18489301e-14 ... -1.03071279e-02
 -6.87122668e-03 -1.45964476e-04]

Residual before update:
[ 1.90485383e-03 -2.23044319e-03 -2.16627712e-16 ... -1.03042262e-02
 -6.87063879e-03 -1.46741613e-04]

Residual before update:
[ 1.90485358e-03 -2.23044338e-03 -2.18434967e-16 ... -1.03042262e-02
 -6.87063877e-03 -1.46742042e-04]

Residual before update:
[ 1.90485369e-03 -2.23044325e-03 -2.18406410e-16 ... -1.03042255e-02
 -6.87063945e-03 -1.46744901e-04]

Residual before update:
[ 1.90485339e-03 -2.23044358e-03 -2.19290029e-16 ... -1.03042260e-02
 -6.87063959e-03 -1.46746125e-04]

Residual before update:
[ 1.90485302e-03 -2.23044336e-03 -2.20968236e-16 ... -1.03042256e-02
 -6.87064047e-03 -1.46748988e-04]

Residual before update:
[ 1.90485360e-03 -2.23044361e-03 -2.18794919e-16 ... -1.03042248e-02
 -6.87064062e-03 -1.46751466e-04]

Residual before update:
[ 1.90485352e-03 -2.23044341e-03 -2.18836953e-16 ... -1.03042249e-02
 -6.87064095e-03 -1.46752753e-04]

Residual before update:
[ 1.90604883e-03 -2.12780114e-03  1.82887640e-14 ... -1.02977846e-02
 -6.86878312e-03 -1.38790387e-04]

Residual before update:
[ 1.90485343e-03 -2.23044344e-03 -2.19221831e-16 ... -1.03042243e-02
 -6.87064179e-03 -1.46757189e-04]

Residual before update:
[ 1.90259351e-03 -2.22987954e-03 -1.20064475e-14 ... -1.03071703e-02
 -6.87124687e-03 -1.45983514e-04]

Residual before update:
[ 1.90485372e-03 -2.23044309e-03 -2.17192555e-16 ... -1.03042239e-02
 -6.87064269e-03 -1.46761248e-04]

Residual before update:
[ 1.90485347e-03 -2.23044328e-03 -2.19002217e-16 ... -1.03042239e-02
 -6.87064265e-03 -1.46761561e-04]

Residual before update:
[ 1.90485358e-03 -2.23044315e-03 -2.18975710e-16 ... -1.03042232e-02
 -6.87064334e-03 -1.46764505e-04]

Residual before update:
[ 1.90485327e-03 -2.23044348e-03 -2.19854514e-16 ... -1.03042237e-02
 -6.87064343e-03 -1.46765510e-04]

Residual before update:
[ 1.90485291e-03 -2.23044326e-03 -2.21543628e-16 ... -1.03042233e-02
 -6.87064437e-03 -1.46768628e-04]

Residual before update:
[ 1.90485349e-03 -2.23044351e-03 -2.19361840e-16 ... -1.03042226e-02
 -6.87064451e-03 -1.46771053e-04]

Residual before update:
[ 1.90485340e-03 -2.23044330e-03 -2.19401063e-16 ... -1.03042226e-02
 -6.87064482e-03 -1.46772264e-04]

Residual before update:
[ 1.90603070e-03 -2.12979526e-03  1.79510066e-14 ... -1.02977957e-02
 -6.86875424e-03 -1.38770940e-04]

Residual before update:
[ 1.90485331e-03 -2.23044334e-03 -2.19788125e-16 ... -1.03042220e-02
 -6.87064568e-03 -1.46776768e-04]

Residual before update:
[ 1.90258399e-03 -2.22987715e-03 -1.20502026e-14 ... -1.03071802e-02
 -6.87125484e-03 -1.46001915e-04]
Compute pips
###############################
TGFM
###############################
Initialize variables
Warning: 347 variants have NaN gwas_beta. Setting to 0 with large SE.
Iterative optimization

Residual before update:
[ 0.00778484  0.00367743 -0.00526561 ...  0.00487596  0.00048418
  0.00429467]

Residual before update:
[ 0.00778489  0.00367744 -0.005265   ...  0.00487593  0.00048419
  0.00429464]

Residual before update:
[ 0.00778494  0.00367744 -0.00526439 ...  0.00487591  0.0004842
  0.00429462]

Residual before update:
[ 0.00881604  0.01088307 -0.00234971 ...  0.03631846  0.01854668
  0.03777949]

Residual before update:
[ 0.00778505  0.00367745 -0.00526317 ...  0.00487585  0.00048421
  0.00429456]

Residual before update:
[ 0.0077851   0.00367746 -0.00526256 ...  0.00487583  0.00048422
  0.00429453]

Residual before update:
[ 0.00778515  0.00367746 -0.00526198 ...  0.0048758   0.00048418
  0.00429451]

Residual before update:
[ 0.00763237  0.00302197 -0.00527634 ...  0.00488336  0.00047558
  0.00430208]

Residual before update:
[ 0.00778526  0.00367748 -0.00526075 ...  0.00487575  0.00048425
  0.00429445]

Residual before update:
[ 0.00778532  0.00367748 -0.00526014 ...  0.00487572  0.00048426
  0.00429443]

Residual before update:
[ 0.00772102  0.05025128 -0.00090276 ...  0.00523989  0.00046464
  0.00481736]

Residual before update:
[ 0.00778532  0.00367748 -0.00526015 ...  0.00487572  0.00048426
  0.00429443]

Residual before update:
[ 0.00778532  0.00367748 -0.00526015 ...  0.00487572  0.00048426
  0.00429443]

Residual before update:
[ 0.00881651  0.01088304 -0.00235025 ...  0.03631964  0.01854731
  0.03778075]

Residual before update:
[ 0.00778532  0.00367748 -0.00526015 ...  0.00487572  0.00048426
  0.00429443]

Residual before update:
[ 0.00778532  0.00367748 -0.00526015 ...  0.00487572  0.00048427
  0.00429443]

Residual before update:
[ 0.00778531  0.00367748 -0.00526018 ...  0.00487573  0.00048419
  0.00429444]

Residual before update:
[ 0.00780876  0.00382032 -0.00525993 ...  0.00487643  0.00048137
  0.00429419]

Residual before update:
[ 0.00778532  0.00367748 -0.00526015 ...  0.00487572  0.00048427
  0.00429443]

Residual before update:
[ 0.00778532  0.00367748 -0.00526015 ...  0.00487572  0.00048426
  0.00429443]

Residual before update:
[ 0.00773125  0.05532227 -0.00124274 ...  0.00520894  0.00058118
  0.0047588 ]

Residual before update:
[ 0.00778532  0.00367748 -0.00526015 ...  0.00487572  0.00048427
  0.00429443]

Residual before update:
[ 0.00778532  0.00367748 -0.00526015 ...  0.00487572  0.00048427
  0.00429443]

Residual before update:
[ 0.00881655  0.01088329 -0.00235015 ...  0.03632074  0.01854794
  0.03778193]

Residual before update:
[ 0.00778532  0.00367748 -0.00526014 ...  0.00487572  0.00048426
  0.00429443]

Residual before update:
[ 0.00778532  0.00367748 -0.00526014 ...  0.00487572  0.00048427
  0.00429443]

Residual before update:
[ 0.00778531  0.00367748 -0.00526017 ...  0.00487573  0.00048419
  0.00429443]

Residual before update:
[ 0.00780668  0.00369618 -0.00527026 ...  0.00487566  0.00048117
  0.00429323]

Residual before update:
[ 0.00778532  0.00367748 -0.00526013 ...  0.00487572  0.00048427
  0.00429443]

Residual before update:
[ 0.00778532  0.00367748 -0.00526013 ...  0.00487572  0.00048426
  0.00429443]

Residual before update:
[ 0.00773059  0.05575859 -0.00123642 ...  0.00520926  0.00058586
  0.00475877]

Residual before update:
[ 0.00778532  0.00367748 -0.00526013 ...  0.00487572  0.00048427
  0.00429443]

Residual before update:
[ 0.00778532  0.00367748 -0.00526013 ...  0.00487572  0.00048427
  0.00429443]

Residual before update:
[ 0.00881658  0.01088355 -0.00235005 ...  0.03632185  0.01854858
  0.0377831 ]

Residual before update:
[ 0.00778532  0.00367748 -0.00526013 ...  0.00487572  0.00048426
  0.00429443]

Residual before update:
[ 0.00778532  0.00367749 -0.00526012 ...  0.00487572  0.00048427
  0.00429443]

Residual before update:
[ 0.00778531  0.00367748 -0.00526015 ...  0.00487573  0.00048419
  0.00429443]

Residual before update:
[ 0.00780668  0.00369184 -0.00527064 ...  0.00487563  0.00048117
  0.0042932 ]

Residual before update:
[ 0.00778532  0.00367748 -0.00526012 ...  0.00487572  0.00048427
  0.00429443]

Residual before update:
[ 0.00778532  0.00367748 -0.00526012 ...  0.00487572  0.00048427
  0.00429443]

Residual before update:
[ 0.00773058  0.05581411 -0.00123509 ...  0.00520933  0.00058646
  0.00475879]

Residual before update:
[ 0.00778532  0.00367748 -0.00526012 ...  0.00487572  0.00048427
  0.00429443]

Residual before update:
[ 0.00778532  0.00367748 -0.00526011 ...  0.00487572  0.00048427
  0.00429443]

Residual before update:
[ 0.00881662  0.0108838  -0.00234994 ...  0.03632295  0.01854921
  0.03778428]

Residual before update:
[ 0.00778532  0.00367748 -0.00526011 ...  0.00487572  0.00048426
  0.00429443]

Residual before update:
[ 0.00778532  0.00367749 -0.00526011 ...  0.00487572  0.00048427
  0.00429443]

Residual before update:
[ 0.00778531  0.00367748 -0.00526013 ...  0.00487573  0.00048419
  0.00429443]

Residual before update:
[ 0.0078067   0.00369186 -0.00527065 ...  0.00487563  0.00048118
  0.0042932 ]

Residual before update:
[ 0.00778532  0.00367748 -0.0052601  ...  0.00487572  0.00048427
  0.00429443]

Residual before update:
[ 0.00778532  0.00367748 -0.0052601  ...  0.00487572  0.00048427
  0.00429443]
Compute pips
###############################
TGFM
###############################
Initialize variables
Warning: 342 variants have NaN gwas_beta. Setting to 0 with large SE.
Iterative optimization

Residual before update:
[-0.00240484 -0.00280423 -0.013335   ...  0.          0.0008167
 -0.00277224]

Residual before update:
[-2.40490412e-03 -2.80421260e-03 -1.33349186e-02 ... -2.79242934e-17
  8.16684668e-04 -2.77224344e-03]

Residual before update:
[-2.40496924e-03 -2.80419423e-03 -1.33348402e-02 ... -5.67241054e-17
  8.16672115e-04 -2.77225217e-03]

Residual before update:
[-2.40503320e-03 -2.80417553e-03 -1.33347617e-02 ... -8.27535125e-17
  8.16659926e-04 -2.77225935e-03]

Residual before update:
[-2.40509596e-03 -2.80415697e-03 -1.33346835e-02 ... -1.08455886e-16
  8.16647637e-04 -2.77226649e-03]

Residual before update:
[-2.40515755e-03 -2.80413837e-03 -1.33346047e-02 ... -1.35823401e-16
  8.16635569e-04 -2.77227394e-03]

Residual before update:
[-2.40521784e-03 -2.80411930e-03 -1.33345261e-02 ... -1.62900664e-16
  8.16623192e-04 -2.77228086e-03]

Residual before update:
[-2.40527750e-03 -2.80410210e-03 -1.33344483e-02 ... -1.97132324e-16
  8.16608997e-04 -2.77229455e-03]

Residual before update:
[-2.40533596e-03 -2.80408277e-03 -1.33343692e-02 ... -2.15447731e-16
  8.16598983e-04 -2.77229417e-03]

Residual before update:
[-2.40539267e-03 -2.80406264e-03 -1.33342903e-02 ... -2.35884668e-16
  8.16586631e-04 -2.77230017e-03]

Residual before update:
[-2.40538262e-03 -2.80406478e-03 -1.33342901e-02 ... -2.39979022e-16
  8.16587298e-04 -2.77229640e-03]

Residual before update:
[-2.40537369e-03 -2.80406324e-03 -1.33342898e-02 ... -2.37236247e-16
  8.16586954e-04 -2.77229580e-03]

Residual before update:
[-2.40536638e-03 -2.80406356e-03 -1.33342892e-02 ... -2.39848732e-16
  8.16586739e-04 -2.77229632e-03]

Residual before update:
[-2.40536045e-03 -2.80406274e-03 -1.33342887e-02 ... -2.33811133e-16
  8.16587514e-04 -2.77229259e-03]

Residual before update:
[-2.40535560e-03 -2.80406259e-03 -1.33342891e-02 ... -2.29749873e-16
  8.16587713e-04 -2.77229066e-03]

Residual before update:
[-2.40535188e-03 -2.80406245e-03 -1.33342881e-02 ... -2.30670930e-16
  8.16588172e-04 -2.77229044e-03]

Residual before update:
[-2.40534906e-03 -2.80406165e-03 -1.33342877e-02 ... -2.31238228e-16
  8.16587948e-04 -2.77228990e-03]

Residual before update:
[-2.40534803e-03 -2.80406324e-03 -1.33342880e-02 ... -2.39199378e-16
  8.16585728e-04 -2.77229760e-03]

Residual before update:
[-2.40534779e-03 -2.80406252e-03 -1.33342874e-02 ... -2.31337286e-16
  8.16588079e-04 -2.77228987e-03]

Residual before update:
[-2.40534790e-03 -2.80406100e-03 -1.33342868e-02 ... -2.26192731e-16
  8.16587776e-04 -2.77228989e-03]

Residual before update:
[-2.40534838e-03 -2.80406339e-03 -1.33342868e-02 ... -2.32741320e-16
  8.16588093e-04 -2.77228872e-03]

Residual before update:
[-2.40534856e-03 -2.80406206e-03 -1.33342868e-02 ... -2.32077639e-16
  8.16587448e-04 -2.77229033e-03]

Residual before update:
[-2.40534900e-03 -2.80406252e-03 -1.33342863e-02 ... -2.36276555e-16
  8.16587006e-04 -2.77229257e-03]

Residual before update:
[-2.40534944e-03 -2.80406189e-03 -1.33342860e-02 ... -2.31877777e-16
  8.16587543e-04 -2.77229043e-03]

Residual before update:
[-2.40534974e-03 -2.80406185e-03 -1.33342866e-02 ... -2.28962295e-16
  8.16587573e-04 -2.77228964e-03]

Residual before update:
[-2.40534993e-03 -2.80406180e-03 -1.33342856e-02 ... -2.30760677e-16
  8.16587907e-04 -2.77229026e-03]

Residual before update:
[-2.40534987e-03 -2.80406106e-03 -1.33342853e-02 ... -2.31934196e-16
  8.16587593e-04 -2.77229027e-03]

Residual before update:
[-2.40535055e-03 -2.80406268e-03 -1.33342855e-02 ... -2.40427554e-16
  8.16585277e-04 -2.77229833e-03]

Residual before update:
[-2.40535079e-03 -2.80406198e-03 -1.33342850e-02 ... -2.32478192e-16
  8.16587658e-04 -2.77229055e-03]

Residual before update:
[-2.40535042e-03 -2.80406044e-03 -1.33342844e-02 ... -2.27181504e-16
  8.16587372e-04 -2.77229037e-03]

Residual before update:
[-2.40535053e-03 -2.80406283e-03 -1.33342844e-02 ... -2.33650656e-16
  8.16587704e-04 -2.77228906e-03]

Residual before update:
[-2.40535044e-03 -2.80406148e-03 -1.33342844e-02 ... -2.32910427e-16
  8.16587067e-04 -2.77229057e-03]

Residual before update:
[-2.40535071e-03 -2.80406193e-03 -1.33342838e-02 ... -2.37085412e-16
  8.16586623e-04 -2.77229275e-03]

Residual before update:
[-2.40535100e-03 -2.80406131e-03 -1.33342836e-02 ... -2.32622934e-16
  8.16587174e-04 -2.77229055e-03]

Residual before update:
[-2.40535123e-03 -2.80406126e-03 -1.33342841e-02 ... -2.29681173e-16
  8.16587206e-04 -2.77228974e-03]

Residual before update:
[-2.40535138e-03 -2.80406121e-03 -1.33342832e-02 ... -2.31476662e-16
  8.16587543e-04 -2.77229035e-03]

Residual before update:
[-2.40535132e-03 -2.80406047e-03 -1.33342828e-02 ... -2.32654933e-16
  8.16587228e-04 -2.77229037e-03]

Residual before update:
[-2.40535208e-03 -2.80406206e-03 -1.33342829e-02 ... -2.41206483e-16
  8.16584887e-04 -2.77229848e-03]

Residual before update:
[-2.40535227e-03 -2.80406140e-03 -1.33342825e-02 ... -2.33210518e-16
  8.16587292e-04 -2.77229068e-03]

Residual before update:
[-2.40535190e-03 -2.80405984e-03 -1.33342820e-02 ... -2.27899477e-16
  8.16587004e-04 -2.77229050e-03]

Residual before update:
[-2.40535202e-03 -2.80406225e-03 -1.33342820e-02 ... -2.34394237e-16
  8.16587337e-04 -2.77228919e-03]

Residual before update:
[-2.40535194e-03 -2.80406089e-03 -1.33342819e-02 ... -2.33653552e-16
  8.16586696e-04 -2.77229071e-03]

Residual before update:
[-2.40535225e-03 -2.80406133e-03 -1.33342813e-02 ... -2.37856484e-16
  8.16586243e-04 -2.77229289e-03]

Residual before update:
[-2.40535250e-03 -2.80406072e-03 -1.33342811e-02 ... -2.33364474e-16
  8.16586805e-04 -2.77229069e-03]

Residual before update:
[-2.40535273e-03 -2.80406067e-03 -1.33342816e-02 ... -2.30414695e-16
  8.16586836e-04 -2.77228987e-03]

Residual before update:
[-2.40535289e-03 -2.80406062e-03 -1.33342807e-02 ... -2.32214403e-16
  8.16587175e-04 -2.77229049e-03]

Residual before update:
[-2.40535282e-03 -2.80405987e-03 -1.33342803e-02 ... -2.33397053e-16
  8.16586858e-04 -2.77229050e-03]

Residual before update:
[-2.40535367e-03 -2.80406144e-03 -1.33342803e-02 ... -2.42008163e-16
  8.16584491e-04 -2.77229864e-03]

Residual before update:
[-2.40535377e-03 -2.80406081e-03 -1.33342801e-02 ... -2.33954170e-16
  8.16586922e-04 -2.77229081e-03]

Residual before update:
[-2.40535340e-03 -2.80405925e-03 -1.33342795e-02 ... -2.28625012e-16
  8.16586634e-04 -2.77229064e-03]
Compute pips
###############################
TGFM
###############################
Initialize variables
Warning: 334 variants have NaN gwas_beta. Setting to 0 with large SE.
Iterative optimization

Residual before update:
[-0.00164174  0.00052829 -0.00318371 ...  0.00074041  0.00056955
  0.00372751]

Residual before update:
[-0.00164174  0.00052829 -0.0031837  ...  0.00074036  0.0005695
  0.00372745]

Residual before update:
[-0.00164174  0.00052829 -0.0031837  ...  0.00074031  0.00056945
  0.00372738]

Residual before update:
[-0.00164174  0.00052828 -0.00318369 ...  0.00074026  0.00056939
  0.00372731]

Residual before update:
[-0.00164174  0.00052828 -0.00318369 ...  0.00074021  0.00056935
  0.00372725]

Residual before update:
[-0.00163265  0.00054935 -0.00317682 ...  0.00082195  0.00065122
  0.00375148]

Residual before update:
[-0.00164174  0.00052828 -0.00318368 ...  0.00074012  0.00056925
  0.00372712]

Residual before update:
[-0.00164174  0.00052828 -0.00318368 ...  0.00074011  0.00056925
  0.00372707]

Residual before update:
[-0.00164174  0.00052828 -0.00318368 ...  0.00074002  0.00056916
  0.00372699]

Residual before update:
[-0.00164174  0.00052827 -0.00318367 ...  0.00073997  0.0005691
  0.00372693]

Residual before update:
[-0.00164174  0.00052827 -0.00318367 ...  0.00073997  0.00056911
  0.00372693]

Residual before update:
[-0.00164174  0.00052827 -0.00318367 ...  0.00073997  0.00056911
  0.00372693]

Residual before update:
[-0.00164174  0.00052827 -0.00318367 ...  0.00073997  0.00056911
  0.00372693]

Residual before update:
[-0.00164174  0.00052827 -0.00318367 ...  0.00073996  0.00056909
  0.00372693]

Residual before update:
[-0.00164174  0.00052827 -0.00318367 ...  0.00073997  0.00056911
  0.00372693]

Residual before update:
[ 0.02470746 -0.04892359  0.01659329 ...  0.41417465  0.41081108
 -0.03992649]

Residual before update:
[-0.00164174  0.00052827 -0.00318367 ...  0.00073998  0.00056911
  0.00372694]

Residual before update:
[-0.00164174  0.00052827 -0.00318367 ...  0.00074003  0.00056916
  0.00372695]

Residual before update:
[-0.00164174  0.00052827 -0.00318367 ...  0.00073997  0.00056911
  0.00372693]

Residual before update:
[-0.00164174  0.00052827 -0.00318367 ...  0.00073997  0.00056911
  0.00372693]

Residual before update:
[-0.00164174  0.00052827 -0.00318367 ...  0.00073997  0.00056911
  0.00372693]

Residual before update:
[-0.00164174  0.00052827 -0.00318367 ...  0.00073997  0.00056911
  0.00372693]

Residual before update:
[-0.00164174  0.00052828 -0.00318367 ...  0.00073997  0.00056911
  0.00372693]

Residual before update:
[-0.00164174  0.00052827 -0.00318367 ...  0.00073996  0.00056909
  0.00372693]

Residual before update:
[-0.00164174  0.00052827 -0.00318367 ...  0.00073997  0.00056911
  0.00372693]

Residual before update:
[ 0.06942277 -0.04295432  0.12137844 ...  0.43562901  0.42917015
  0.05045772]

Residual before update:
[-0.00164174  0.00052827 -0.00318367 ...  0.00073997  0.00056911
  0.00372693]

Residual before update:
[-0.00164174  0.00052827 -0.00318367 ...  0.00074003  0.00056916
  0.00372695]

Residual before update:
[-0.00164174  0.00052827 -0.00318367 ...  0.00073997  0.00056911
  0.00372693]

Residual before update:
[-0.00164174  0.00052827 -0.00318367 ...  0.00073997  0.00056911
  0.00372693]

Residual before update:
[-0.00164174  0.00052827 -0.00318367 ...  0.00073997  0.00056911
  0.00372693]

Residual before update:
[-0.00164174  0.00052827 -0.00318367 ...  0.00073997  0.00056911
  0.00372693]

Residual before update:
[-0.00164174  0.00052827 -0.00318367 ...  0.00073997  0.00056911
  0.00372693]

Residual before update:
[-0.00164174  0.00052827 -0.00318367 ...  0.00073996  0.00056909
  0.00372693]

Residual before update:
[-0.00164174  0.00052827 -0.00318367 ...  0.00073997  0.00056911
  0.00372693]

Residual before update:
[0.1031028  0.03036887 0.11910384 ... 0.44000543 0.43466115 0.07519929]

Residual before update:
[-0.00164174  0.00052827 -0.00318367 ...  0.00073997  0.00056911
  0.00372693]

Residual before update:
[-0.00164174  0.00052827 -0.00318367 ...  0.00074003  0.00056916
  0.00372694]

Residual before update:
[-0.00164174  0.00052827 -0.00318367 ...  0.00073997  0.00056911
  0.00372693]

Residual before update:
[-0.00164174  0.00052827 -0.00318367 ...  0.00073997  0.0005691
  0.00372693]

Residual before update:
[-0.00164174  0.00052827 -0.00318367 ...  0.00073997  0.00056911
  0.00372693]

Residual before update:
[-0.00164174  0.00052827 -0.00318367 ...  0.00073997  0.00056911
  0.00372693]

Residual before update:
[-0.00164174  0.00052827 -0.00318367 ...  0.00073997  0.00056911
  0.00372693]

Residual before update:
[-0.00164174  0.00052827 -0.00318367 ...  0.00073995  0.00056909
  0.00372693]

Residual before update:
[-0.00164174  0.00052827 -0.00318367 ...  0.00073997  0.00056911
  0.00372693]

Residual before update:
[0.09464813 0.01158788 0.12647278 ... 0.48507459 0.47906374 0.04237732]

Residual before update:
[-0.00164174  0.00052827 -0.00318367 ...  0.00073997  0.00056911
  0.00372693]

Residual before update:
[-0.00164174  0.00052827 -0.00318367 ...  0.00074002  0.00056916
  0.00372694]

Residual before update:
[-0.00164174  0.00052827 -0.00318367 ...  0.00073997  0.00056911
  0.00372693]

Residual before update:
[-0.00164174  0.00052827 -0.00318367 ...  0.00073997  0.0005691
  0.00372693]
Compute pips
###############################
TGFM
###############################
Initialize variables
Warning: 349 variants have NaN gwas_beta. Setting to 0 with large SE.
Iterative optimization

Residual before update:
[ 0.00281047  0.         -0.00458408 ...  0.00856449 -0.00398682
  0.00976183]

Residual before update:
[ 2.81005410e-03 -1.16179017e-15 -4.58402554e-03 ...  8.55275232e-03
 -3.99316148e-03  9.74243193e-03]

Residual before update:
[ 2.80985446e-03 -1.73798065e-15 -4.58390804e-03 ...  8.54808012e-03
 -3.99565571e-03  9.73493762e-03]

Residual before update:
[ 2.80970309e-03 -2.10730919e-15 -4.58375292e-03 ...  8.54476615e-03
 -3.99742685e-03  9.72964870e-03]

Residual before update:
[ 2.80957814e-03 -2.35681380e-15 -4.58356676e-03 ...  8.54215052e-03
 -3.99882391e-03  9.72548589e-03]

Residual before update:
[ 2.80946592e-03 -2.52635257e-15 -4.58338542e-03 ...  8.53996842e-03
 -3.99998972e-03  9.72202052e-03]

Residual before update:
[ 2.80936713e-03 -2.64288207e-15 -4.58319804e-03 ...  8.53808446e-03
 -4.00099317e-03  9.71903443e-03]

Residual before update:
[ 2.80927354e-03 -2.71969526e-15 -4.58299818e-03 ...  8.53641783e-03
 -4.00187737e-03  9.71639858e-03]

Residual before update:
[ 2.80918927e-03 -2.77303325e-15 -4.58278725e-03 ...  8.53491717e-03
 -4.00266925e-03  9.71403033e-03]

Residual before update:
[ 2.80911392e-03 -2.78714347e-15 -4.58256317e-03 ...  8.53354724e-03
 -4.00338707e-03  9.71187379e-03]

Residual before update:
[ 2.80949402e-03 -1.54774554e-15 -4.58210325e-03 ...  8.54402330e-03
 -3.99767439e-03  9.72929278e-03]

Residual before update:
[ 2.80952290e-03 -1.34246873e-15 -4.58228926e-03 ...  8.54582911e-03
 -3.99671368e-03  9.73222202e-03]

Residual before update:
[ 2.80951997e-03 -1.33269998e-15 -4.58235814e-03 ...  8.54591336e-03
 -3.99664922e-03  9.73236655e-03]

Residual before update:
[ 2.80949759e-03 -1.44846907e-15 -4.58238542e-03 ...  8.54529048e-03
 -3.99695990e-03  9.73136803e-03]

Residual before update:
[ 2.80946869e-03 -1.60693052e-15 -4.58238486e-03 ...  8.54439017e-03
 -3.99742131e-03  9.72991687e-03]

Residual before update:
[ 2.80943012e-03 -1.77304102e-15 -4.58242575e-03 ...  8.54340084e-03
 -3.99794172e-03  9.72831645e-03]

Residual before update:
[ 2.80939692e-03 -1.93799048e-15 -4.58246241e-03 ...  8.54240727e-03
 -3.99847000e-03  9.72670231e-03]

Residual before update:
[ 2.80936115e-03 -2.09055531e-15 -4.58248321e-03 ...  8.54144587e-03
 -3.99898771e-03  9.72513402e-03]

Residual before update:
[ 2.80933177e-03 -2.23475759e-15 -4.58249247e-03 ...  8.54053257e-03
 -3.99948557e-03  9.72363692e-03]

Residual before update:
[ 2.80930834e-03 -2.34401105e-15 -4.58248963e-03 ...  8.53967171e-03
 -3.99996028e-03  9.72221912e-03]

Residual before update:
[ 2.80937981e-03 -2.07296799e-15 -4.58216957e-03 ...  8.54054905e-03
 -3.99948548e-03  9.72359957e-03]

Residual before update:
[ 2.80937913e-03 -1.95219023e-15 -4.58236635e-03 ...  8.54153097e-03
 -3.99899723e-03  9.72516308e-03]

Residual before update:
[ 2.80940228e-03 -1.79148654e-15 -4.58240752e-03 ...  8.54238667e-03
 -3.99855210e-03  9.72654156e-03]

Residual before update:
[ 2.80941951e-03 -1.71051475e-15 -4.58239904e-03 ...  8.54293340e-03
 -3.99825848e-03  9.72743881e-03]

Residual before update:
[ 2.80942854e-03 -1.69241256e-15 -4.58236647e-03 ...  8.54316936e-03
 -3.99812094e-03  9.72784448e-03]

Residual before update:
[ 2.80942161e-03 -1.71958787e-15 -4.58238317e-03 ...  8.54315015e-03
 -3.99812078e-03  9.72784240e-03]

Residual before update:
[ 2.80941350e-03 -1.78312311e-15 -4.58240253e-03 ...  8.54294232e-03
 -3.99821904e-03  9.72753451e-03]

Residual before update:
[ 2.80939701e-03 -1.86606174e-15 -4.58241166e-03 ...  8.54260340e-03
 -3.99838822e-03  9.72701156e-03]

Residual before update:
[ 2.80938240e-03 -1.96602203e-15 -4.58241376e-03 ...  8.54217982e-03
 -3.99860454e-03  9.72634606e-03]

Residual before update:
[ 2.80937033e-03 -2.04994230e-15 -4.58240723e-03 ...  8.54170425e-03
 -3.99885084e-03  9.72559055e-03]

Residual before update:
[ 2.80940619e-03 -1.97967201e-15 -4.58211417e-03 ...  8.54157799e-03
 -3.99889808e-03  9.72537086e-03]

Residual before update:
[ 2.80936724e-03 -2.04114885e-15 -4.58234460e-03 ...  8.54148431e-03
 -3.99898076e-03  9.72519255e-03]

Residual before update:
[ 2.80936589e-03 -1.97422025e-15 -4.58240215e-03 ...  8.54160352e-03
 -3.99893649e-03  9.72535330e-03]

Residual before update:
[ 2.80937315e-03 -1.90860865e-15 -4.58239587e-03 ...  8.54180730e-03
 -3.99883999e-03  9.72565833e-03]

Residual before update:
[ 2.80938328e-03 -1.85467598e-15 -4.58235651e-03 ...  8.54201653e-03
 -3.99873161e-03  9.72598484e-03]

Residual before update:
[ 2.80938411e-03 -1.82075103e-15 -4.58236320e-03 ...  8.54217847e-03
 -3.99864693e-03  9.72624879e-03]

Residual before update:
[ 2.80938719e-03 -1.81615366e-15 -4.58237156e-03 ...  8.54226505e-03
 -3.99859575e-03  9.72640156e-03]

Residual before update:
[ 2.80938281e-03 -1.83442064e-15 -4.58237020e-03 ...  8.54226631e-03
 -3.99858638e-03  9.72642410e-03]

Residual before update:
[ 2.80938001e-03 -1.87849088e-15 -4.58236323e-03 ...  8.54218637e-03
 -3.99861813e-03  9.72631864e-03]

Residual before update:
[ 2.80937870e-03 -1.91672175e-15 -4.58234924e-03 ...  8.54203407e-03
 -3.99868727e-03  9.72609704e-03]

Residual before update:
[ 2.80941760e-03 -1.85793071e-15 -4.58205327e-03 ...  8.54201756e-03
 -3.99866339e-03  9.72608297e-03]

Residual before update:
[ 2.80937218e-03 -1.97842005e-15 -4.58229755e-03 ...  8.54181161e-03
 -3.99879207e-03  9.72575612e-03]

Residual before update:
[ 2.80936172e-03 -1.97609862e-15 -4.58236698e-03 ...  8.54171256e-03
 -3.99885393e-03  9.72558760e-03]

Residual before update:
[ 2.80936009e-03 -1.96111915e-15 -4.58236906e-03 ...  8.54167764e-03
 -3.99888073e-03  9.72551524e-03]

Residual before update:
[ 2.80936366e-03 -1.93400908e-15 -4.58233334e-03 ...  8.54169022e-03
 -3.99887930e-03  9.72551794e-03]

Residual before update:
[ 2.80936099e-03 -1.90300853e-15 -4.58234049e-03 ...  8.54173042e-03
 -3.99886599e-03  9.72556939e-03]

Residual before update:
[ 2.80936378e-03 -1.88267997e-15 -4.58234616e-03 ...  8.54177743e-03
 -3.99884425e-03  9.72563833e-03]

Residual before update:
[ 2.80936158e-03 -1.87314154e-15 -4.58233989e-03 ...  8.54181271e-03
 -3.99882501e-03  9.72569660e-03]

Residual before update:
[ 2.80936287e-03 -1.88354003e-15 -4.58232698e-03 ...  8.54182424e-03
 -3.99881481e-03  9.72572339e-03]

Residual before update:
[ 2.80936682e-03 -1.88636954e-15 -4.58230672e-03 ...  8.54180267e-03
 -3.99881890e-03  9.72570268e-03]
Compute pips
###############################
TGFM
###############################
Initialize variables
Warning: 299 variants have NaN gwas_beta. Setting to 0 with large SE.
Iterative optimization

Residual before update:
[-0.00068494 -0.00310701  0.00061147 ... -0.00478003  0.00532829
  0.00402052]

Residual before update:
[-0.00080693 -0.00313545  0.00057119 ... -0.00642888  0.00531098
  0.00349485]

Residual before update:
[-0.0006891  -0.00311344  0.00060966 ... -0.00478076  0.00532589
  0.00401614]

Residual before update:
[-0.00068987 -0.00311476  0.00060933 ... -0.00478087  0.00532541
  0.0040154 ]

Residual before update:
[-0.00069047 -0.0031157   0.00060912 ... -0.00478095  0.00532504
  0.00401486]

Residual before update:
[-0.0006909  -0.00311638  0.000609   ... -0.004781    0.00532479
  0.00401445]

Residual before update:
[-0.0006913  -0.00311694  0.00060894 ... -0.00478105  0.00532452
  0.00401407]

Residual before update:
[-0.00069162 -0.00311737  0.00060893 ... -0.00478109  0.0053243
  0.00401378]

Residual before update:
[-0.00069187 -0.00311769  0.00060893 ... -0.0047811   0.00532423
  0.00401361]

Residual before update:
[-0.00069213 -0.00311801  0.00060896 ... -0.00478113  0.00532403
  0.00401337]

Residual before update:
[-0.0006893  -0.00311384  0.00061022 ... -0.00478057  0.00532564
  0.00401646]

Residual before update:
[-0.0008737  -0.00319402  0.00064741 ... -0.00646502  0.00551789
  0.00353512]

Residual before update:
[-0.000689   -0.00311334  0.00061037 ... -0.00478051  0.00532583
  0.00401678]

Residual before update:
[-0.00068924 -0.00311384  0.00061018 ... -0.00478056  0.00532567
  0.00401653]

Residual before update:
[-0.00068956 -0.00311442  0.00060997 ... -0.0047806   0.00532548
  0.00401625]

Residual before update:
[-0.0006898  -0.00311493  0.00060976 ... -0.00478064  0.00532535
  0.00401596]

Residual before update:
[-0.00069011 -0.00311547  0.00060958 ... -0.00478071  0.00532511
  0.0040156 ]

Residual before update:
[-0.00069038 -0.0031159   0.00060942 ... -0.00478076  0.00532493
  0.00401532]

Residual before update:
[-0.00069058 -0.00311625  0.0006093  ... -0.0047808   0.00532488
  0.00401514]

Residual before update:
[-0.00069082 -0.00311661  0.00060919 ... -0.00478086  0.00532469
  0.00401485]

Residual before update:
[-0.00069041 -0.00311577  0.00060951 ... -0.00478078  0.00532496
  0.00401524]

Residual before update:
[-0.00096659 -0.00337097  0.00081384 ... -0.00532949  0.00532533
  0.00415754]

Residual before update:
[-0.0006898  -0.00311455  0.00060997 ... -0.00478067  0.00532535
  0.00401588]

Residual before update:
[-0.00068969 -0.00311437  0.00061003 ... -0.00478065  0.00532541
  0.00401601]

Residual before update:
[-0.0006897  -0.00311444  0.00061    ... -0.00478063  0.00532539
  0.00401606]

Residual before update:
[-0.00068971 -0.00311458  0.00060992 ... -0.00478063  0.0053254
  0.00401604]

Residual before update:
[-0.00068985 -0.00311489  0.00060981 ... -0.00478067  0.00532526
  0.00401587]

Residual before update:
[-0.00068999 -0.00311519  0.0006097  ... -0.00478069  0.00532515
  0.00401573]

Residual before update:
[-0.00069011 -0.00311546  0.00060958 ... -0.0047807   0.00532515
  0.00401566]

Residual before update:
[-0.00069029 -0.0031158   0.00060947 ... -0.00478074  0.00532499
  0.00401545]

Residual before update:
[-0.00069026 -0.00311573  0.00060949 ... -0.00478073  0.00532502
  0.00401545]

Residual before update:
[-0.00073417 -0.00308356  0.00057115 ... -0.00605873  0.00511242
  0.00363245]

Residual before update:
[-0.00069012 -0.00311527  0.0006097  ... -0.00478071  0.00532514
  0.00401557]

Residual before update:
[-0.00069003 -0.00311503  0.00060981 ... -0.0047807   0.00532519
  0.00401566]

Residual before update:
[-0.00068999 -0.00311489  0.00060987 ... -0.00478068  0.00532522
  0.00401576]

Residual before update:
[-0.0006899  -0.0031148   0.00060988 ... -0.00478066  0.00532529
  0.00401582]

Residual before update:
[-0.00068994 -0.00311489  0.00060986 ... -0.00478069  0.00532522
  0.00401577]

Residual before update:
[-0.00068998 -0.00311501  0.00060981 ... -0.00478069  0.00532516
  0.00401573]

Residual before update:
[-0.00069001 -0.00311514  0.00060973 ... -0.00478068  0.00532522
  0.00401575]

Residual before update:
[-0.00069011 -0.00311538  0.00060965 ... -0.00478071  0.0053251
  0.00401563]

Residual before update:
[-0.00069011 -0.00311545  0.00060961 ... -0.0047807   0.00532512
  0.00401562]

Residual before update:
[-0.00071519 -0.0031158   0.00052195 ... -0.0060656   0.0047266
  0.00376929]

Residual before update:
[-0.00069015 -0.00311545  0.00060963 ... -0.00478071  0.0053251
  0.00401557]

Residual before update:
[-0.00069013 -0.00311534  0.00060969 ... -0.00478071  0.00532512
  0.00401559]

Residual before update:
[-0.00069013 -0.00311524  0.00060975 ... -0.0047807   0.00532512
  0.00401564]

Residual before update:
[-0.00069004 -0.00311509  0.00060979 ... -0.00478068  0.0053252
  0.00401569]

Residual before update:
[-0.00069006 -0.00311508  0.00060981 ... -0.0047807   0.00532514
  0.00401565]

Residual before update:
[-0.00069007 -0.00311509  0.00060981 ... -0.0047807   0.00532511
  0.00401564]

Residual before update:
[-0.00069005 -0.00311511  0.00060978 ... -0.00478069  0.0053252
  0.00401571]

Residual before update:
[-0.00069011 -0.00311525  0.00060974 ... -0.00478071  0.00532512
  0.00401563]
Compute pips
###############################
TGFM
###############################
Initialize variables
Warning: 312 variants have NaN gwas_beta. Setting to 0 with large SE.
Iterative optimization

Residual before update:
[ 0.0077638   0.00666368 -0.00659023 ...  0.00203032  0.00084826
  0.00198811]

Residual before update:
[ 0.00776327  0.00666346 -0.00659075 ...  0.00203025  0.00084768
  0.00198804]

Residual before update:
[ 0.007763    0.00666335 -0.00659054 ...  0.0020302   0.00084747
  0.00198799]

Residual before update:
[ 0.00776277  0.00666325 -0.00659021 ...  0.00203016  0.00084732
  0.00198794]

Residual before update:
[ 0.00776255  0.00666317 -0.00658981 ...  0.00203012  0.0008472
  0.0019879 ]

Residual before update:
[ 0.00776234  0.00666309 -0.00658936 ...  0.00203007  0.0008471
  0.00198786]

Residual before update:
[ 0.00776214  0.00666301 -0.00658889 ...  0.00203002  0.000847
  0.00198781]

Residual before update:
[ 0.00776195  0.00666294 -0.00658838 ...  0.00202999  0.00084692
  0.00198777]

Residual before update:
[ 0.00776176  0.00666287 -0.00658786 ...  0.00202995  0.00084684
  0.00198773]

Residual before update:
[ 0.00776158  0.0066628  -0.00658732 ...  0.00202991  0.00084677
  0.00198769]

Residual before update:
[ 0.00776192  0.00666295 -0.00658624 ...  0.00202994  0.00084728
  0.00198772]

Residual before update:
[ 0.00776196  0.00666297 -0.00658607 ...  0.00202994  0.00084734
  0.00198772]

Residual before update:
[ 0.00776195  0.00666296 -0.00658606 ...  0.00202994  0.00084733
  0.00198772]

Residual before update:
[ 0.00776193  0.00666295 -0.00658611 ...  0.00202994  0.0008473
  0.00198772]

Residual before update:
[ 0.0077619   0.00666294 -0.00658619 ...  0.00202994  0.00084725
  0.00198772]

Residual before update:
[ 0.00776187  0.00666292 -0.00658627 ...  0.00202993  0.00084721
  0.00198772]

Residual before update:
[ 0.00776183  0.00666291 -0.00658637 ...  0.00202992  0.00084716
  0.0019877 ]

Residual before update:
[ 0.00776181  0.0066629  -0.00658646 ...  0.00202992  0.00084712
  0.00198771]

Residual before update:
[ 0.00776178  0.00666288 -0.00658656 ...  0.00202992  0.00084708
  0.00198771]

Residual before update:
[ 0.00776175  0.00666287 -0.00658665 ...  0.00202992  0.00084705
  0.00198771]

Residual before update:
[ 0.00776179  0.00666289 -0.00658656 ...  0.00202992  0.00084709
  0.00198771]

Residual before update:
[ 0.00776181  0.0066629  -0.00658644 ...  0.00202993  0.00084714
  0.00198771]

Residual before update:
[ 0.00776184  0.00666291 -0.00658634 ...  0.00202993  0.00084718
  0.00198771]

Residual before update:
[ 0.00776185  0.00666292 -0.00658628 ...  0.00202993  0.0008472
  0.00198771]

Residual before update:
[ 0.00776186  0.00666292 -0.00658625 ...  0.00202993  0.00084721
  0.00198771]

Residual before update:
[ 0.00776185  0.00666292 -0.00658625 ...  0.00202993  0.00084721
  0.00198771]

Residual before update:
[ 0.00776185  0.00666292 -0.00658626 ...  0.00202991  0.0008472
  0.0019877 ]

Residual before update:
[ 0.00776183  0.00666291 -0.00658629 ...  0.00202992  0.00084718
  0.00198771]

Residual before update:
[ 0.00776182  0.0066629  -0.00658633 ...  0.00202992  0.00084716
  0.00198771]

Residual before update:
[ 0.0077618   0.0066629  -0.00658637 ...  0.00202992  0.00084714
  0.00198771]

Residual before update:
[ 0.0077618   0.0066629  -0.00658641 ...  0.00202992  0.00084714
  0.00198771]

Residual before update:
[ 0.0077618   0.00666289 -0.00658639 ...  0.00202992  0.00084713
  0.00198771]

Residual before update:
[ 0.0077618   0.00666289 -0.00658637 ...  0.00202992  0.00084714
  0.00198771]

Residual before update:
[ 0.00776181  0.0066629  -0.00658634 ...  0.00202992  0.00084715
  0.00198771]

Residual before update:
[ 0.00776181  0.0066629  -0.00658631 ...  0.00202992  0.00084716
  0.00198771]

Residual before update:
[ 0.00776182  0.0066629  -0.00658628 ...  0.00202992  0.00084717
  0.00198771]

Residual before update:
[ 0.00776182  0.0066629  -0.00658627 ...  0.00202991  0.00084717
  0.00198769]

Residual before update:
[ 0.00776182  0.0066629  -0.00658626 ...  0.00202992  0.00084717
  0.0019877 ]

Residual before update:
[ 0.00776181  0.0066629  -0.00658626 ...  0.00202992  0.00084717
  0.0019877 ]

Residual before update:
[ 0.00776181  0.0066629  -0.00658626 ...  0.00202992  0.00084716
  0.00198771]

Residual before update:
[ 0.00776181  0.0066629  -0.00658629 ...  0.00202992  0.00084716
  0.0019877 ]

Residual before update:
[ 0.0077618   0.0066629  -0.00658629 ...  0.00202992  0.00084715
  0.0019877 ]

Residual before update:
[ 0.00776179  0.00666289 -0.00658629 ...  0.00202992  0.00084715
  0.0019877 ]

Residual before update:
[ 0.00776179  0.00666289 -0.00658628 ...  0.00202992  0.00084715
  0.0019877 ]

Residual before update:
[ 0.00776179  0.00666289 -0.00658627 ...  0.00202992  0.00084715
  0.0019877 ]

Residual before update:
[ 0.00776179  0.00666289 -0.00658626 ...  0.00202992  0.00084715
  0.0019877 ]

Residual before update:
[ 0.00776179  0.00666289 -0.00658625 ...  0.0020299   0.00084715
  0.00198769]

Residual before update:
[ 0.00776179  0.00666289 -0.00658624 ...  0.00202992  0.00084716
  0.0019877 ]

Residual before update:
[ 0.00776179  0.00666289 -0.00658623 ...  0.00202992  0.00084716
  0.0019877 ]

Residual before update:
[ 0.00776179  0.00666289 -0.00658622 ...  0.00202992  0.00084716
  0.0019877 ]
Compute pips
###############################
TGFM
###############################
Initialize variables
Warning: 369 variants have NaN gwas_beta. Setting to 0 with large SE.
Iterative optimization

Residual before update:
[ 0.00239018  0.01016986 -0.00864611 ...  0.00477662 -0.0070487
 -0.00481167]

Residual before update:
[ 0.00239019  0.01016984 -0.00864611 ...  0.00477664 -0.00704723
 -0.00481171]

Residual before update:
[ 0.0023902   0.01016982 -0.00864612 ...  0.00477666 -0.00704577
 -0.00481174]

Residual before update:
[ 0.00239021  0.01016981 -0.00864612 ...  0.00477668 -0.0070443
 -0.00481177]

Residual before update:
[ 0.00239022  0.01016979 -0.00864613 ...  0.0047767  -0.00704284
 -0.00481181]

Residual before update:
[ 0.00239023  0.01016978 -0.00864613 ...  0.00477672 -0.00704139
 -0.00481184]

Residual before update:
[ 0.00239024  0.01016976 -0.00864614 ...  0.00477674 -0.00703993
 -0.00481187]

Residual before update:
[ 0.00239025  0.01016974 -0.00864614 ...  0.00477676 -0.00703847
 -0.00481191]

Residual before update:
[ 0.00239026  0.01016972 -0.00864615 ...  0.00477678 -0.00703702
 -0.00481194]

Residual before update:
[ 0.00239027  0.01016971 -0.00864615 ...  0.0047768  -0.00703557
 -0.00481197]

Residual before update:
[ 0.00239029  0.01016971 -0.00864615 ...  0.0047768  -0.00703559
 -0.00481197]

Residual before update:
[ 0.00239028  0.01016971 -0.00864615 ...  0.0047768  -0.00703561
 -0.00481197]

Residual before update:
[ 0.00239028  0.01016971 -0.00864615 ...  0.0047768  -0.00703562
 -0.00481197]

Residual before update:
[ 0.00239027  0.01016971 -0.00864615 ...  0.0047768  -0.00703563
 -0.00481196]

Residual before update:
[ 0.00239027  0.01016971 -0.00864615 ...  0.0047768  -0.00703564
 -0.00481196]

Residual before update:
[ 0.00239028  0.01016971 -0.00864615 ...  0.0047768  -0.00703564
 -0.00481196]

Residual before update:
[ 0.00239027  0.01016971 -0.00864615 ...  0.0047768  -0.00703565
 -0.00481196]

Residual before update:
[ 0.00239027  0.01016971 -0.00864615 ...  0.0047768  -0.00703565
 -0.00481196]

Residual before update:
[ 0.00239027  0.0101697  -0.00864615 ...  0.0047768  -0.00703565
 -0.00481196]

Residual before update:
[ 0.00239027  0.01016971 -0.00864615 ...  0.0047768  -0.00703564
 -0.00481196]

Residual before update:
[ 0.00239029  0.01016971 -0.00864615 ...  0.0047768  -0.00703564
 -0.00481196]

Residual before update:
[ 0.00239028  0.01016971 -0.00864615 ...  0.0047768  -0.00703564
 -0.00481196]

Residual before update:
[ 0.00239028  0.01016971 -0.00864615 ...  0.0047768  -0.00703564
 -0.00481196]

Residual before update:
[ 0.00239027  0.01016971 -0.00864615 ...  0.0047768  -0.00703563
 -0.00481196]

Residual before update:
[ 0.00239027  0.01016971 -0.00864615 ...  0.0047768  -0.00703563
 -0.00481196]

Residual before update:
[ 0.00239028  0.01016971 -0.00864615 ...  0.0047768  -0.00703563
 -0.00481196]

Residual before update:
[ 0.00239027  0.01016971 -0.00864615 ...  0.0047768  -0.00703562
 -0.00481196]

Residual before update:
[ 0.00239027  0.01016971 -0.00864615 ...  0.0047768  -0.00703562
 -0.00481196]

Residual before update:
[ 0.00239027  0.0101697  -0.00864615 ...  0.0047768  -0.00703562
 -0.00481196]

Residual before update:
[ 0.00239027  0.01016971 -0.00864615 ...  0.0047768  -0.00703562
 -0.00481196]

Residual before update:
[ 0.00239029  0.01016971 -0.00864615 ...  0.0047768  -0.00703562
 -0.00481196]

Residual before update:
[ 0.00239028  0.01016971 -0.00864615 ...  0.0047768  -0.00703561
 -0.00481196]

Residual before update:
[ 0.00239028  0.01016971 -0.00864615 ...  0.0047768  -0.00703561
 -0.00481196]

Residual before update:
[ 0.00239027  0.01016971 -0.00864615 ...  0.0047768  -0.00703561
 -0.00481196]

Residual before update:
[ 0.00239027  0.0101697  -0.00864615 ...  0.0047768  -0.0070356
 -0.00481196]

Residual before update:
[ 0.00239028  0.01016971 -0.00864615 ...  0.0047768  -0.0070356
 -0.00481196]

Residual before update:
[ 0.00239027  0.01016971 -0.00864615 ...  0.0047768  -0.0070356
 -0.00481196]

Residual before update:
[ 0.00239027  0.01016971 -0.00864615 ...  0.0047768  -0.00703559
 -0.00481196]

Residual before update:
[ 0.00239027  0.0101697  -0.00864615 ...  0.0047768  -0.00703559
 -0.00481197]

Residual before update:
[ 0.00239027  0.01016971 -0.00864615 ...  0.0047768  -0.00703559
 -0.00481196]

Residual before update:
[ 0.00239029  0.01016971 -0.00864615 ...  0.0047768  -0.00703559
 -0.00481197]

Residual before update:
[ 0.00239028  0.01016971 -0.00864615 ...  0.0047768  -0.00703558
 -0.00481196]

Residual before update:
[ 0.00239028  0.01016971 -0.00864615 ...  0.0047768  -0.00703558
 -0.00481196]

Residual before update:
[ 0.00239027  0.01016971 -0.00864615 ...  0.0047768  -0.00703558
 -0.00481196]

Residual before update:
[ 0.00239027  0.0101697  -0.00864615 ...  0.0047768  -0.00703558
 -0.00481196]

Residual before update:
[ 0.00239028  0.01016971 -0.00864615 ...  0.0047768  -0.00703557
 -0.00481196]

Residual before update:
[ 0.00239027  0.01016971 -0.00864615 ...  0.0047768  -0.00703557
 -0.00481196]

Residual before update:
[ 0.00239027  0.01016971 -0.00864615 ...  0.0047768  -0.00703557
 -0.00481196]

Residual before update:
[ 0.00239027  0.0101697  -0.00864615 ...  0.0047768  -0.00703556
 -0.00481197]

Residual before update:
[ 0.00239027  0.0101697  -0.00864615 ...  0.0047768  -0.00703556
 -0.00481196]
Compute pips
###############################
TGFM
###############################
Initialize variables
Warning: 350 variants have NaN gwas_beta. Setting to 0 with large SE.
Iterative optimization

Residual before update:
[ 0.00203032  0.00236085  0.00010846 ... -0.00097942 -0.00379697
  0.        ]

Residual before update:
[ 2.03388842e-03  2.36096788e-03  1.08621476e-04 ... -9.79095831e-04
 -3.79541461e-03  2.47791758e-16]

Residual before update:
[ 2.03484447e-03  2.36087810e-03  1.08601048e-04 ... -9.79036631e-04
 -3.79457428e-03  8.72733888e-17]

Residual before update:
[ 2.03597498e-03  2.36088628e-03  1.08639488e-04 ... -9.78923722e-04
 -3.79395824e-03  1.21765482e-16]

Residual before update:
[ 2.03686430e-03  2.36089297e-03  1.08670433e-04 ... -9.78827637e-04
 -3.79346447e-03  1.53980997e-16]

Residual before update:
[ 2.03759966e-03  2.36089864e-03  1.08696776e-04 ... -9.78742376e-04
 -3.79304849e-03  1.84810737e-16]

Residual before update:
[ 2.03822700e-03  2.36090348e-03  1.08719372e-04 ... -9.78664787e-04
 -3.79268693e-03  2.14477641e-16]

Residual before update:
[ 2.03877434e-03  2.36090813e-03  1.08740452e-04 ... -9.78592892e-04
 -3.79236572e-03  2.43529914e-16]

Residual before update:
[ 2.03874885e-03  2.35038615e-03  1.07162030e-04 ... -9.80004032e-04
 -3.79294310e-03  1.71693572e-16]

Residual before update:
[ 2.03969441e-03  2.36091592e-03  1.08775383e-04 ... -9.78461795e-04
 -3.79181099e-03  2.99315825e-16]

Residual before update:
[ 2.03714504e-03  2.36090024e-03  1.08697181e-04 ... -9.78640428e-04
 -3.79311536e-03  2.77312610e-16]

Residual before update:
[ 2.04186857e-03  2.36180519e-03  1.09323903e-04 ... -9.77935370e-04
 -3.79353409e-03  2.06871342e-15]

Residual before update:
[ 2.03593897e-03  2.36089246e-03  1.08660255e-04 ... -9.78724866e-04
 -3.79372686e-03  2.67089852e-16]

Residual before update:
[ 2.03591784e-03  2.36089245e-03  1.08659744e-04 ... -9.78726809e-04
 -3.79373747e-03  2.67005132e-16]

Residual before update:
[ 2.03605294e-03  2.36089341e-03  1.08663827e-04 ... -9.78717838e-04
 -3.79366929e-03  2.68158784e-16]

Residual before update:
[ 2.03627126e-03  2.36089473e-03  1.08670814e-04 ... -9.78702985e-04
 -3.79355927e-03  2.70370946e-16]

Residual before update:
[ 2.03653206e-03  2.36089611e-03  1.08678442e-04 ... -9.78685051e-04
 -3.79342793e-03  2.72912612e-16]

Residual before update:
[ 2.03681295e-03  2.36089810e-03  1.08688102e-04 ... -9.78665501e-04
 -3.79328665e-03  2.76036792e-16]

Residual before update:
[ 2.03652564e-03  2.34890540e-03  1.06878750e-04 ... -9.80328077e-04
 -3.79412828e-03  1.65737207e-16]

Residual before update:
[ 2.03738718e-03  2.36090165e-03  1.08705411e-04 ... -9.78625045e-04
 -3.79299779e-03  2.82083372e-16]

Residual before update:
[ 2.03734368e-03  2.36090146e-03  1.08703848e-04 ... -9.78628627e-04
 -3.79302047e-03  2.81060649e-16]

Residual before update:
[ 2.04256196e-03  2.36177206e-03  1.09324202e-04 ... -9.77904108e-04
 -3.79306395e-03  2.00220805e-15]

Residual before update:
[ 2.03700387e-03  2.36089911e-03  1.08693500e-04 ... -9.78651154e-04
 -3.79319050e-03  2.78655141e-16]

Residual before update:
[ 2.03683831e-03  2.36089823e-03  1.08688538e-04 ... -9.78662207e-04
 -3.79327346e-03  2.77419436e-16]

Residual before update:
[ 2.03672052e-03  2.36089764e-03  1.08684825e-04 ... -9.78669988e-04
 -3.79333240e-03  2.76399950e-16]

Residual before update:
[ 2.03665715e-03  2.36089723e-03  1.08683119e-04 ... -9.78674046e-04
 -3.79336392e-03  2.76108306e-16]

Residual before update:
[ 2.03664495e-03  2.36089691e-03  1.08682304e-04 ... -9.78674606e-04
 -3.79336960e-03  2.76145218e-16]

Residual before update:
[ 2.03667722e-03  2.36089736e-03  1.08684270e-04 ... -9.78672051e-04
 -3.79335298e-03  2.76910214e-16]

Residual before update:
[ 2.03616511e-03  2.34879095e-03  1.06851091e-04 ... -9.80365590e-04
 -3.79431380e-03  1.63386039e-16]

Residual before update:
[ 2.03684112e-03  2.36089832e-03  1.08688823e-04 ... -9.78660123e-04
 -3.79326960e-03  2.78817622e-16]

Residual before update:
[ 2.03689994e-03  2.36089877e-03  1.08690424e-04 ... -9.78656667e-04
 -3.79324087e-03  2.78777063e-16]

Residual before update:
[ 2.04237446e-03  2.36177893e-03  1.09323074e-04 ... -9.77911014e-04
 -3.79318073e-03  2.01822081e-15]

Residual before update:
[ 2.03696812e-03  2.36089897e-03  1.08692683e-04 ... -9.78651047e-04
 -3.79320535e-03  2.80210041e-16]

Residual before update:
[ 2.03695579e-03  2.36089905e-03  1.08692451e-04 ... -9.78651539e-04
 -3.79321103e-03  2.80389690e-16]

Residual before update:
[ 2.03692735e-03  2.36089901e-03  1.08691493e-04 ... -9.78653167e-04
 -3.79322491e-03  2.80188486e-16]

Residual before update:
[ 2.03689335e-03  2.36089878e-03  1.08690694e-04 ... -9.78655209e-04
 -3.79324162e-03  2.80162532e-16]

Residual before update:
[ 2.03686232e-03  2.36089835e-03  1.08689293e-04 ... -9.78657073e-04
 -3.79325680e-03  2.80019710e-16]

Residual before update:
[ 2.03684106e-03  2.36089846e-03  1.08689613e-04 ... -9.78658215e-04
 -3.79326716e-03  2.80284157e-16]

Residual before update:
[ 2.03624828e-03  2.34869072e-03  1.06838819e-04 ... -9.80371114e-04
 -3.79427449e-03  1.65105472e-16]

Residual before update:
[ 2.03684039e-03  2.36089840e-03  1.08689073e-04 ... -9.78657654e-04
 -3.79326661e-03  2.80635625e-16]

Residual before update:
[ 2.03683627e-03  2.36089846e-03  1.08688726e-04 ... -9.78658557e-04
 -3.79326955e-03  2.79987841e-16]

Residual before update:
[ 2.04233248e-03  2.36178589e-03  1.09325938e-04 ... -9.77908286e-04
 -3.79322117e-03  2.03389255e-15]

Residual before update:
[ 2.03688854e-03  2.36089855e-03  1.08690495e-04 ... -9.78654014e-04
 -3.79324201e-03  2.81285767e-16]

Residual before update:
[ 2.03690528e-03  2.36089881e-03  1.08691164e-04 ... -9.78652490e-04
 -3.79323304e-03  2.81745990e-16]

Residual before update:
[ 2.03691508e-03  2.36089902e-03  1.08691387e-04 ... -9.78651469e-04
 -3.79322766e-03  2.81908104e-16]

Residual before update:
[ 2.03691829e-03  2.36089902e-03  1.08691740e-04 ... -9.78650936e-04
 -3.79322562e-03  2.82235252e-16]

Residual before update:
[ 2.03691624e-03  2.36089876e-03  1.08691230e-04 ... -9.78650796e-04
 -3.79322620e-03  2.82366171e-16]

Residual before update:
[ 2.03691154e-03  2.36089898e-03  1.08692071e-04 ... -9.78650793e-04
 -3.79322822e-03  2.82789283e-16]

Residual before update:
[ 2.03631655e-03  2.34858801e-03  1.06825728e-04 ... -9.80377960e-04
 -3.79424266e-03  1.66674679e-16]

Residual before update:
[ 2.03690254e-03  2.36089887e-03  1.08691269e-04 ... -9.78650802e-04
 -3.79323185e-03  2.83064635e-16]
Compute pips
###############################
TGFM
###############################
Initialize variables
Warning: 304 variants have NaN gwas_beta. Setting to 0 with large SE.
Iterative optimization

Residual before update:
[ 7.90266804e-03 -4.81167374e-03 -7.31188478e-03 ... -9.11619372e-05
  1.00856937e-03  8.60250344e-04]

Residual before update:
[ 7.90248976e-03 -4.81019944e-03 -7.31168582e-03 ... -9.10649479e-05
  1.00862562e-03  8.60308256e-04]

Residual before update:
[ 7.90227313e-03 -4.80945656e-03 -7.31151112e-03 ... -9.10134069e-05
  1.00865654e-03  8.60340019e-04]

Residual before update:
[ 7.90202617e-03 -4.80894787e-03 -7.31137868e-03 ... -9.09772182e-05
  1.00867719e-03  8.60361245e-04]

Residual before update:
[ 7.90176257e-03 -4.80848324e-03 -7.31114279e-03 ... -9.09397600e-05
  1.00870720e-03  8.60391639e-04]

Residual before update:
[ 7.90156131e-03 -4.80817816e-03 -7.31110495e-03 ... -9.09188378e-05
  1.00871264e-03  8.60397529e-04]

Residual before update:
[ 7.90133577e-03 -4.80787093e-03 -7.31097766e-03 ... -9.08957516e-05
  1.00872663e-03  8.60411857e-04]

Residual before update:
[ 7.90109412e-03 -4.80758973e-03 -7.31084905e-03 ... -9.08746568e-05
  1.00874001e-03  8.60425533e-04]

Residual before update:
[ 7.90128630e-03 -4.80733401e-03 -7.31818783e-03 ... -9.24530871e-05
  1.00662770e-03  8.58298580e-04]

Residual before update:
[ 7.90060162e-03 -4.80715464e-03 -7.31064297e-03 ... -9.08381155e-05
  1.00876094e-03  8.60446916e-04]

Residual before update:
[ 7.90052541e-03 -4.80840208e-03 -7.31071287e-03 ... -9.09181449e-05
  1.00871618e-03  8.60400749e-04]

Residual before update:
[ 7.90049195e-03 -4.80879780e-03 -7.31076297e-03 ... -9.09444633e-05
  1.00870015e-03  8.60384291e-04]

Residual before update:
[ 7.90048101e-03 -4.80888884e-03 -7.31074844e-03 ... -9.09505658e-05
  1.00869787e-03  8.60381904e-04]

Residual before update:
[ 7.90041697e-03 -4.80889950e-03 -7.31078512e-03 ... -9.09529315e-05
  1.00869440e-03  8.60378442e-04]

Residual before update:
[ 7.90039573e-03 -4.80875517e-03 -7.31061642e-03 ... -9.09360767e-05
  1.00871775e-03  8.60401710e-04]

Residual before update:
[ 7.90046635e-03 -4.80870286e-03 -7.31076371e-03 ... -9.09368422e-05
  1.00870500e-03  8.60389229e-04]

Residual before update:
[ 7.90049950e-03 -4.80857306e-03 -7.31075058e-03 ... -9.09289726e-05
  1.00870955e-03  8.60393930e-04]

Residual before update:
[ 7.90050615e-03 -4.80843199e-03 -7.31073065e-03 ... -9.09204852e-05
  1.00871496e-03  8.60399499e-04]

Residual before update:
[ 7.90103906e-03 -4.80690971e-03 -7.29727944e-03 ... -8.78968481e-05
  1.01241050e-03  8.64108485e-04]

Residual before update:
[ 7.90052181e-03 -4.80819806e-03 -7.31072056e-03 ... -9.09029573e-05
  1.00872415e-03  8.60408951e-04]

Residual before update:
[ 7.90051898e-03 -4.80821456e-03 -7.31070574e-03 ... -9.09051097e-05
  1.00872402e-03  8.60408809e-04]

Residual before update:
[ 7.90050398e-03 -4.80831682e-03 -7.31072858e-03 ... -9.09125066e-05
  1.00871885e-03  8.60403550e-04]

Residual before update:
[ 7.90049449e-03 -4.80838824e-03 -7.31070362e-03 ... -9.09173196e-05
  1.00871744e-03  8.60402048e-04]

Residual before update:
[ 7.90042571e-03 -4.80849489e-03 -7.31074564e-03 ... -9.09258490e-05
  1.00871027e-03  8.60394777e-04]

Residual before update:
[ 7.90039247e-03 -4.80847637e-03 -7.31057694e-03 ... -9.09169962e-05
  1.00872943e-03  8.60413704e-04]

Residual before update:
[ 7.90045750e-03 -4.80856243e-03 -7.31073956e-03 ... -9.09270088e-05
  1.00871087e-03  8.60395256e-04]

Residual before update:
[ 7.90048242e-03 -4.80855603e-03 -7.31073616e-03 ... -9.09272726e-05
  1.00871068e-03  8.60395082e-04]

Residual before update:
[ 7.90048116e-03 -4.80852380e-03 -7.31072648e-03 ... -9.09260123e-05
  1.00871186e-03  8.60396287e-04]

Residual before update:
[ 7.90080679e-03 -4.80680489e-03 -7.29379336e-03 ... -8.71330748e-05
  1.01332486e-03  8.65027859e-04]

Residual before update:
[ 7.90048388e-03 -4.80846114e-03 -7.31073591e-03 ... -9.09199281e-05
  1.00871437e-03  8.60398865e-04]

Residual before update:
[ 7.90048535e-03 -4.80841287e-03 -7.31071572e-03 ... -9.09178230e-05
  1.00871667e-03  8.60401226e-04]

Residual before update:
[ 7.90047736e-03 -4.80840701e-03 -7.31072844e-03 ... -9.09181152e-05
  1.00871565e-03  8.60400243e-04]

Residual before update:
[ 7.90047417e-03 -4.80837985e-03 -7.31069466e-03 ... -9.09164639e-05
  1.00871800e-03  8.60402618e-04]

Residual before update:
[ 7.90040951e-03 -4.80841766e-03 -7.31073105e-03 ... -9.09205003e-05
  1.00871342e-03  8.60398017e-04]

Residual before update:
[ 7.90037703e-03 -4.80836362e-03 -7.31055631e-03 ... -9.09092114e-05
  1.00873422e-03  8.60418620e-04]

Residual before update:
[ 7.90044433e-03 -4.80844435e-03 -7.31072143e-03 ... -9.09189674e-05
  1.00871559e-03  8.60400113e-04]

Residual before update:
[ 7.90046850e-03 -4.80845387e-03 -7.31071945e-03 ... -9.09202818e-05
  1.00871480e-03  8.60399313e-04]

Residual before update:
[ 7.90046524e-03 -4.80845191e-03 -7.31071239e-03 ... -9.09210140e-05
  1.00871482e-03  8.60399337e-04]

Residual before update:
[ 7.90081596e-03 -4.80669483e-03 -7.29141139e-03 ... -8.69553688e-05
  1.01330370e-03  8.65007744e-04]

Residual before update:
[ 7.90046239e-03 -4.80847117e-03 -7.31072983e-03 ... -9.09203154e-05
  1.00871419e-03  8.60398670e-04]

Residual before update:
[ 7.90046192e-03 -4.80845052e-03 -7.31071234e-03 ... -9.09200442e-05
  1.00871542e-03  8.60399928e-04]

Residual before update:
[ 7.90045332e-03 -4.80845175e-03 -7.31072569e-03 ... -9.09208112e-05
  1.00871412e-03  8.60398660e-04]

Residual before update:
[ 7.90045049e-03 -4.80841620e-03 -7.31069111e-03 ... -9.09186017e-05
  1.00871679e-03  8.60401366e-04]

Residual before update:
[ 7.90038632e-03 -4.80843633e-03 -7.31072579e-03 ... -9.09214918e-05
  1.00871288e-03  8.60397450e-04]

Residual before update:
[ 7.90035468e-03 -4.80836141e-03 -7.31054792e-03 ... -9.09087655e-05
  1.00873460e-03  8.60419003e-04]

Residual before update:
[ 7.90042417e-03 -4.80842401e-03 -7.31071249e-03 ... -9.09173613e-05
  1.00871657e-03  8.60401112e-04]

Residual before update:
[ 7.90044949e-03 -4.80842046e-03 -7.31070929e-03 ... -9.09178239e-05
  1.00871627e-03  8.60400822e-04]

Residual before update:
[ 7.90044662e-03 -4.80841218e-03 -7.31070157e-03 ... -9.09181480e-05
  1.00871654e-03  8.60401097e-04]

Residual before update:
[ 7.90079629e-03 -4.80665834e-03 -7.29078572e-03 ... -8.68293199e-05
  1.01345040e-03  8.65155025e-04]

Residual before update:
[ 7.90044323e-03 -4.80844031e-03 -7.31072004e-03 ... -9.09180177e-05
  1.00871556e-03  8.60400077e-04]
Compute pips
###############################
TGFM
###############################
Initialize variables
Warning: 318 variants have NaN gwas_beta. Setting to 0 with large SE.
Iterative optimization

Residual before update:
[ 0.00031505 -0.00499853 -0.00176915 ... -0.00081057 -0.0036097
 -0.00078055]

Residual before update:
[ 0.00031507 -0.00499846 -0.00176914 ... -0.00081056 -0.00360967
 -0.00078054]

Residual before update:
[ 0.00031508 -0.0049984  -0.00176913 ... -0.00081055 -0.00360964
 -0.00078053]

Residual before update:
[ 0.0003151  -0.00499833 -0.00176912 ... -0.00081055 -0.00360961
 -0.00078052]

Residual before update:
[ 0.00031512 -0.00499826 -0.00176912 ... -0.00081054 -0.00360958
 -0.00078052]

Residual before update:
[ 0.00031513 -0.0049982  -0.00176911 ... -0.00081053 -0.00360955
 -0.00078051]

Residual before update:
[ 0.00031515 -0.00499813 -0.0017691  ... -0.00081052 -0.00360952
 -0.0007805 ]

Residual before update:
[ 0.00031517 -0.00499807 -0.00176909 ... -0.00081051 -0.00360949
 -0.00078049]

Residual before update:
[ 0.00031518 -0.004998   -0.00176908 ... -0.0008105  -0.00360946
 -0.00078048]

Residual before update:
[ 0.0003152  -0.00499793 -0.00176908 ... -0.00081049 -0.00360942
 -0.00078047]

Residual before update:
[ 0.0003152  -0.00499793 -0.00176908 ... -0.00081049 -0.00360942
 -0.00078047]

Residual before update:
[ 0.0003152  -0.00499793 -0.00176908 ... -0.00081049 -0.00360942
 -0.00078047]

Residual before update:
[ 0.0003152  -0.00499793 -0.00176908 ... -0.00081049 -0.00360942
 -0.00078047]

Residual before update:
[ 0.0003152  -0.00499793 -0.00176908 ... -0.00081049 -0.00360942
 -0.00078047]

Residual before update:
[ 0.0003152  -0.00499793 -0.00176908 ... -0.00081049 -0.00360942
 -0.00078047]

Residual before update:
[ 0.0003152  -0.00499793 -0.00176908 ... -0.00081049 -0.00360942
 -0.00078047]

Residual before update:
[ 0.0003152  -0.00499793 -0.00176908 ... -0.00081049 -0.00360942
 -0.00078047]

Residual before update:
[ 0.0003152  -0.00499793 -0.00176908 ... -0.00081049 -0.00360942
 -0.00078047]

Residual before update:
[ 0.0003152  -0.00499793 -0.00176908 ... -0.00081049 -0.00360942
 -0.00078047]

Residual before update:
[ 0.0003152  -0.00499793 -0.00176908 ... -0.00081049 -0.00360942
 -0.00078047]

Residual before update:
[ 0.0003152  -0.00499793 -0.00176908 ... -0.00081049 -0.00360942
 -0.00078047]

Residual before update:
[ 0.0003152  -0.00499793 -0.00176908 ... -0.00081049 -0.00360942
 -0.00078047]

Residual before update:
[ 0.0003152  -0.00499793 -0.00176908 ... -0.00081049 -0.00360942
 -0.00078047]

Residual before update:
[ 0.0003152  -0.00499793 -0.00176908 ... -0.00081049 -0.00360942
 -0.00078047]

Residual before update:
[ 0.0003152  -0.00499793 -0.00176908 ... -0.00081049 -0.00360942
 -0.00078047]

Residual before update:
[ 0.0003152  -0.00499793 -0.00176908 ... -0.00081049 -0.00360942
 -0.00078047]

Residual before update:
[ 0.0003152  -0.00499793 -0.00176908 ... -0.00081049 -0.00360942
 -0.00078047]

Residual before update:
[ 0.0003152  -0.00499793 -0.00176908 ... -0.00081049 -0.00360942
 -0.00078047]

Residual before update:
[ 0.0003152  -0.00499793 -0.00176908 ... -0.00081049 -0.00360942
 -0.00078047]

Residual before update:
[ 0.0003152  -0.00499793 -0.00176908 ... -0.00081049 -0.00360942
 -0.00078047]

Residual before update:
[ 0.0003152  -0.00499793 -0.00176908 ... -0.00081049 -0.00360942
 -0.00078047]

Residual before update:
[ 0.0003152  -0.00499793 -0.00176908 ... -0.00081049 -0.00360942
 -0.00078047]

Residual before update:
[ 0.0003152  -0.00499793 -0.00176908 ... -0.00081049 -0.00360942
 -0.00078047]

Residual before update:
[ 0.0003152  -0.00499793 -0.00176908 ... -0.00081049 -0.00360942
 -0.00078047]

Residual before update:
[ 0.0003152  -0.00499793 -0.00176908 ... -0.00081049 -0.00360942
 -0.00078047]

Residual before update:
[ 0.0003152  -0.00499793 -0.00176908 ... -0.00081049 -0.00360942
 -0.00078047]

Residual before update:
[ 0.0003152  -0.00499793 -0.00176908 ... -0.00081049 -0.00360942
 -0.00078047]

Residual before update:
[ 0.0003152  -0.00499793 -0.00176908 ... -0.00081049 -0.00360942
 -0.00078047]

Residual before update:
[ 0.0003152  -0.00499793 -0.00176908 ... -0.00081049 -0.00360942
 -0.00078047]

Residual before update:
[ 0.0003152  -0.00499793 -0.00176908 ... -0.00081049 -0.00360942
 -0.00078047]

Residual before update:
[ 0.0003152  -0.00499793 -0.00176908 ... -0.00081049 -0.00360942
 -0.00078047]

Residual before update:
[ 0.0003152  -0.00499793 -0.00176908 ... -0.00081049 -0.00360942
 -0.00078047]

Residual before update:
[ 0.0003152  -0.00499793 -0.00176908 ... -0.00081049 -0.00360942
 -0.00078047]

Residual before update:
[ 0.0003152  -0.00499793 -0.00176908 ... -0.00081049 -0.00360942
 -0.00078047]

Residual before update:
[ 0.0003152  -0.00499793 -0.00176908 ... -0.00081049 -0.00360942
 -0.00078047]

Residual before update:
[ 0.0003152  -0.00499793 -0.00176908 ... -0.00081049 -0.00360942
 -0.00078047]

Residual before update:
[ 0.0003152  -0.00499793 -0.00176908 ... -0.00081049 -0.00360942
 -0.00078047]

Residual before update:
[ 0.0003152  -0.00499793 -0.00176908 ... -0.00081049 -0.00360942
 -0.00078047]

Residual before update:
[ 0.0003152  -0.00499793 -0.00176908 ... -0.00081049 -0.00360942
 -0.00078047]

Residual before update:
[ 0.0003152  -0.00499793 -0.00176908 ... -0.00081049 -0.00360942
 -0.00078047]
Compute pips
###############################
TGFM
###############################
Initialize variables
Warning: 306 variants have NaN gwas_beta. Setting to 0 with large SE.
Iterative optimization

Residual before update:
[ 0.00030387 -0.00374861  0.00018232 ... -0.00931892  0.
  0.00560208]

Residual before update:
[ 3.03882825e-04 -3.74865193e-03  1.82334516e-04 ... -9.31829955e-03
 -4.65839029e-15  5.60277923e-03]

Residual before update:
[ 3.03891669e-04 -3.74869444e-03  1.82344235e-04 ... -9.31770720e-03
 -8.97040113e-15  5.60341516e-03]

Residual before update:
[ 3.03899742e-04 -3.74873698e-03  1.82353126e-04 ... -9.31714443e-03
 -1.30134414e-14  5.60399670e-03]

Residual before update:
[ 3.03905977e-04 -3.74878091e-03  1.82360099e-04 ... -9.31660831e-03
 -1.68564694e-14  5.60452642e-03]

Residual before update:
[ 3.03913873e-04 -3.74882226e-03  1.82368756e-04 ... -9.31609700e-03
 -2.04976756e-14  5.60501632e-03]

Residual before update:
[ 3.03920407e-04 -3.74886449e-03  1.82375981e-04 ... -9.31560548e-03
 -2.40055618e-14  5.60546871e-03]

Residual before update:
[ 3.03925424e-04 -3.74890810e-03  1.82381617e-04 ... -9.31513858e-03
 -2.74154757e-14  5.60587255e-03]

Residual before update:
[ 3.03930958e-04 -3.74895039e-03  1.82387810e-04 ... -9.31468806e-03
 -3.07054769e-14  5.60624934e-03]

Residual before update:
[ 3.03935643e-04 -3.74899264e-03  1.82393132e-04 ... -9.31425414e-03
 -3.39134770e-14  5.60658922e-03]

Residual before update:
[ 3.03931585e-04 -3.74899211e-03  1.82388721e-04 ... -9.31446076e-03
 -3.23861826e-14  5.60622202e-03]

Residual before update:
[ 3.03927594e-04 -3.74899262e-03  1.82384484e-04 ... -9.31462362e-03
 -3.14115023e-14  5.60591936e-03]

Residual before update:
[ 3.03924576e-04 -3.74899330e-03  1.82381292e-04 ... -9.31475052e-03
 -3.08070878e-14  5.60568421e-03]

Residual before update:
[ 3.03922333e-04 -3.74899401e-03  1.82378932e-04 ... -9.31484459e-03
 -3.04780586e-14  5.60551000e-03]

Residual before update:
[ 3.03918201e-04 -3.74899776e-03  1.82374664e-04 ... -9.31490855e-03
 -3.03823455e-14  5.60538381e-03]

Residual before update:
[ 3.03919808e-04 -3.74899555e-03  1.82376316e-04 ... -9.31494782e-03
 -3.03636827e-14  5.60531513e-03]

Residual before update:
[ 3.03919896e-04 -3.74899554e-03  1.82376408e-04 ... -9.31495950e-03
 -3.04741922e-14  5.60529199e-03]

Residual before update:
[ 3.03918995e-04 -3.74899745e-03  1.82375486e-04 ... -9.31495685e-03
 -3.06860574e-14  5.60528893e-03]

Residual before update:
[ 3.03919827e-04 -3.74899748e-03  1.82376408e-04 ... -9.31493287e-03
 -3.09167878e-14  5.60532805e-03]

Residual before update:
[ 3.03920478e-04 -3.74899755e-03  1.82377163e-04 ... -9.31489236e-03
 -3.11833797e-14  5.60538962e-03]

Residual before update:
[ 3.03922087e-04 -3.74899678e-03  1.82378800e-04 ... -9.31486433e-03
 -3.12065411e-14  5.60545102e-03]

Residual before update:
[ 3.03922508e-04 -3.74899698e-03  1.82379241e-04 ... -9.31483874e-03
 -3.11765461e-14  5.60549052e-03]

Residual before update:
[ 3.03922785e-04 -3.74899735e-03  1.82379517e-04 ... -9.31482114e-03
 -3.10970642e-14  5.60551650e-03]

Residual before update:
[ 3.03922857e-04 -3.74899780e-03  1.82379578e-04 ... -9.31481065e-03
 -3.10107693e-14  5.60553035e-03]

Residual before update:
[ 3.03920179e-04 -3.74900140e-03  1.82376817e-04 ... -9.31480537e-03
 -3.09753829e-14  5.60552777e-03]

Residual before update:
[ 3.03922575e-04 -3.74899903e-03  1.82379273e-04 ... -9.31480653e-03
 -3.08991228e-14  5.60552700e-03]

Residual before update:
[ 3.03922847e-04 -3.74899898e-03  1.82379534e-04 ... -9.31480620e-03
 -3.08874953e-14  5.60552457e-03]

Residual before update:
[ 3.03921636e-04 -3.74900093e-03  1.82378266e-04 ... -9.31481350e-03
 -3.09447358e-14  5.60550269e-03]

Residual before update:
[ 3.03921787e-04 -3.74900104e-03  1.82378457e-04 ... -9.31481762e-03
 -3.10069275e-14  5.60549088e-03]

Residual before update:
[ 3.03921455e-04 -3.74900121e-03  1.82378167e-04 ... -9.31481968e-03
 -3.11061882e-14  5.60547572e-03]

Residual before update:
[ 3.03922358e-04 -3.74900062e-03  1.82379073e-04 ... -9.31482534e-03
 -3.11490494e-14  5.60547743e-03]

Residual before update:
[ 3.03922331e-04 -3.74900101e-03  1.82379062e-04 ... -9.31482250e-03
 -3.12291186e-14  5.60547688e-03]

Residual before update:
[ 3.03922390e-04 -3.74900155e-03  1.82379130e-04 ... -9.31481736e-03
 -3.12830834e-14  5.60548128e-03]

Residual before update:
[ 3.03922427e-04 -3.74900211e-03  1.82379172e-04 ... -9.31481060e-03
 -3.13163037e-14  5.60548896e-03]

Residual before update:
[ 3.03919818e-04 -3.74900583e-03  1.82376495e-04 ... -9.31480233e-03
 -3.13689063e-14  5.60549177e-03]

Residual before update:
[ 3.03922412e-04 -3.74900341e-03  1.82379162e-04 ... -9.31479657e-03
 -3.13369281e-14  5.60550376e-03]

Residual before update:
[ 3.03922895e-04 -3.74900332e-03  1.82379643e-04 ... -9.31478690e-03
 -3.13319676e-14  5.60551794e-03]

Residual before update:
[ 3.03921872e-04 -3.74900524e-03  1.82378568e-04 ... -9.31478453e-03
 -3.13627205e-14  5.60551290e-03]

Residual before update:
[ 3.03922187e-04 -3.74900526e-03  1.82378922e-04 ... -9.31478037e-03
 -3.13698111e-14  5.60551554e-03]

Residual before update:
[ 3.03921950e-04 -3.74900536e-03  1.82378721e-04 ... -9.31477660e-03
 -3.13951256e-14  5.60551022e-03]

Residual before update:
[ 3.03922894e-04 -3.74900470e-03  1.82379661e-04 ... -9.31477984e-03
 -3.13773673e-14  5.60551610e-03]

Residual before update:
[ 3.03922843e-04 -3.74900509e-03  1.82379621e-04 ... -9.31477743e-03
 -3.14261517e-14  5.60551454e-03]

Residual before update:
[ 3.03922846e-04 -3.74900565e-03  1.82379630e-04 ... -9.31477475e-03
 -3.14763075e-14  5.60551444e-03]

Residual before update:
[ 3.03922811e-04 -3.74900625e-03  1.82379599e-04 ... -9.31477145e-03
 -3.15266918e-14  5.60551594e-03]

Residual before update:
[ 3.03920105e-04 -3.74901007e-03  1.82376826e-04 ... -9.31476658e-03
 -3.16102400e-14  5.60551242e-03]

Residual before update:
[ 3.03922668e-04 -3.74900764e-03  1.82379465e-04 ... -9.31476406e-03
 -3.16088862e-14  5.60551899e-03]

Residual before update:
[ 3.03923120e-04 -3.74900758e-03  1.82379917e-04 ... -9.31475641e-03
 -3.16329444e-14  5.60552962e-03]

Residual before update:
[ 3.03922073e-04 -3.74900956e-03  1.82378820e-04 ... -9.31475488e-03
 -3.16853041e-14  5.60552292e-03]

Residual before update:
[ 3.03922398e-04 -3.74900959e-03  1.82379185e-04 ... -9.31475054e-03
 -3.17006528e-14  5.60552590e-03]

Residual before update:
[ 3.03922181e-04 -3.74900968e-03  1.82379006e-04 ... -9.31474557e-03
 -3.17214870e-14  5.60552253e-03]
Compute pips
###############################
TGFM
###############################
Initialize variables
Warning: 278 variants have NaN gwas_beta. Setting to 0 with large SE.
Iterative optimization

Residual before update:
[0.00212148 0.00405217 0.00189042 ... 0.00331617 0.         0.00353548]

Residual before update:
[ 2.12128881e-03  4.05202819e-03  1.86720063e-03 ...  3.23588616e-03
 -7.37361398e-14  3.44857501e-03]

Residual before update:
[ 2.12131225e-03  4.05241475e-03  1.86792738e-03 ...  3.23335039e-03
 -4.98616212e-13  3.44626202e-03]

Residual before update:
[ 2.12132833e-03  4.05245940e-03  1.86793146e-03 ...  3.23095715e-03
 -7.03653250e-13  3.44394289e-03]

Residual before update:
[ 2.12133970e-03  4.05248907e-03  1.86793975e-03 ...  3.22946220e-03
 -8.38091274e-13  3.44251300e-03]

Residual before update:
[ 2.12135385e-03  4.05252415e-03  1.86793888e-03 ...  3.22882561e-03
 -9.37469836e-13  3.44202267e-03]

Residual before update:
[ 2.12135383e-03  4.05252186e-03  1.86795238e-03 ...  3.22748652e-03
 -1.02337217e-12  3.44064283e-03]

Residual before update:
[ 2.12135585e-03  4.05253000e-03  1.86795630e-03 ...  3.22676208e-03
 -1.09371350e-12  3.43995943e-03]

Residual before update:
[ 2.12135745e-03  4.05253395e-03  1.86795806e-03 ...  3.22615401e-03
 -1.15471246e-12  3.43938901e-03]

Residual before update:
[ 2.12136467e-03  4.05253198e-03  1.86795811e-03 ...  3.22563505e-03
 -1.20810338e-12  3.43891516e-03]

Residual before update:
[ 2.12154378e-03  4.05268064e-03  1.89117267e-03 ...  3.30544124e-03
 -1.18322914e-12  3.52534301e-03]

Residual before update:
[ 2.12133520e-03  4.05214517e-03  1.86579535e-03 ...  3.22421304e-03
 -8.22795906e-13  3.43694445e-03]

Residual before update:
[ 2.12131974e-03  4.05236921e-03  1.86636995e-03 ...  3.22765832e-03
 -7.21382138e-13  3.44048908e-03]

Residual before update:
[ 2.12132602e-03  4.05237524e-03  1.86640073e-03 ...  3.22778016e-03
 -7.15963020e-13  3.44061575e-03]

Residual before update:
[ 2.12132752e-03  4.05239201e-03  1.86642665e-03 ...  3.22747405e-03
 -7.43492993e-13  3.44030880e-03]

Residual before update:
[ 2.12133239e-03  4.05242671e-03  1.86641234e-03 ...  3.22732813e-03
 -7.81128335e-13  3.44022648e-03]

Residual before update:
[ 2.12133470e-03  4.05243480e-03  1.86647003e-03 ...  3.22654722e-03
 -8.25430757e-13  3.43939741e-03]

Residual before update:
[ 2.12133725e-03  4.05245739e-03  1.86648966e-03 ...  3.22606183e-03
 -8.68073987e-13  3.43892170e-03]

Residual before update:
[ 2.12134081e-03  4.05247915e-03  1.86650752e-03 ...  3.22559351e-03
 -9.09214007e-13  3.43846474e-03]

Residual before update:
[ 2.12135000e-03  4.05249808e-03  1.86652412e-03 ...  3.22514718e-03
 -9.47984774e-13  3.43803903e-03]

Residual before update:
[ 2.12153454e-03  4.05266433e-03  1.89118825e-03 ...  3.30811277e-03
 -9.64814476e-13  3.52799648e-03]

Residual before update:
[ 2.12133900e-03  4.05225002e-03  1.86603888e-03 ...  3.22345081e-03
 -9.25791220e-13  3.43621212e-03]

Residual before update:
[ 2.12133102e-03  4.05236379e-03  1.86631483e-03 ...  3.22502360e-03
 -8.92902232e-13  3.43784982e-03]

Residual before update:
[ 2.12133715e-03  4.05237217e-03  1.86636686e-03 ...  3.22570841e-03
 -8.56041155e-13  3.43855807e-03]

Residual before update:
[ 2.12133659e-03  4.05238027e-03  1.86640406e-03 ...  3.22613907e-03
 -8.33542391e-13  3.43899635e-03]

Residual before update:
[ 2.12133705e-03  4.05240103e-03  1.86639582e-03 ...  3.22662706e-03
 -8.24461448e-13  3.43954656e-03]

Residual before update:
[ 2.12133648e-03  4.05239891e-03  1.86645699e-03 ...  3.22640599e-03
 -8.27407964e-13  3.43927283e-03]

Residual before update:
[ 2.12133550e-03  4.05241077e-03  1.86647814e-03 ...  3.22634529e-03
 -8.37755715e-13  3.43921511e-03]

Residual before update:
[ 2.12133600e-03  4.05242344e-03  1.86649643e-03 ...  3.22621220e-03
 -8.53338435e-13  3.43908627e-03]

Residual before update:
[ 2.12134218e-03  4.05243484e-03  1.86651264e-03 ...  3.22602721e-03
 -8.72030354e-13  3.43891394e-03]

Residual before update:
[ 2.12152792e-03  4.05261284e-03  1.89111333e-03 ...  3.30866581e-03
 -9.03576791e-13  3.52852872e-03]

Residual before update:
[ 2.12133934e-03  4.05231020e-03  1.86696491e-03 ...  3.22732427e-03
 -8.71441406e-13  3.44034831e-03]

Residual before update:
[ 2.12133260e-03  4.05233613e-03  1.86700609e-03 ...  3.22720773e-03
 -8.96717267e-13  3.44024062e-03]

Residual before update:
[ 2.12134051e-03  4.05233711e-03  1.86702584e-03 ...  3.22732784e-03
 -8.92164789e-13  3.44037719e-03]

Residual before update:
[ 2.12134129e-03  4.05234283e-03  1.86704877e-03 ...  3.22753132e-03
 -8.83649489e-13  3.44058858e-03]

Residual before update:
[ 2.12134289e-03  4.05236248e-03  1.86703673e-03 ...  3.22804594e-03
 -8.74354096e-13  3.44117398e-03]

Residual before update:
[ 2.12134130e-03  4.05235439e-03  1.86709140e-03 ...  3.22790568e-03
 -8.68171945e-13  3.44097463e-03]

Residual before update:
[ 2.12133932e-03  4.05236111e-03  1.86711061e-03 ...  3.22802087e-03
 -8.64961999e-13  3.44109221e-03]

Residual before update:
[ 2.12133854e-03  4.05236810e-03  1.86712763e-03 ...  3.22808242e-03
 -8.65478664e-13  3.44115644e-03]

Residual before update:
[ 2.12134325e-03  4.05237343e-03  1.86714299e-03 ...  3.22808433e-03
 -8.69449720e-13  3.44116858e-03]

Residual before update:
[ 2.12152385e-03  4.05255734e-03  1.89101176e-03 ...  3.30825975e-03
 -9.04672863e-13  3.52809766e-03]

Residual before update:
[ 2.12133668e-03  4.05233583e-03  1.86718650e-03 ...  3.22831423e-03
 -8.50432995e-13  3.44139290e-03]

Residual before update:
[ 2.12133001e-03  4.05234364e-03  1.86717832e-03 ...  3.22789254e-03
 -8.84777583e-13  3.44096876e-03]

Residual before update:
[ 2.12133893e-03  4.05233467e-03  1.86716680e-03 ...  3.22776348e-03
 -8.90121571e-13  3.44085028e-03]

Residual before update:
[ 2.12134049e-03  4.05233465e-03  1.86716781e-03 ...  3.22774183e-03
 -8.92388377e-13  3.44083238e-03]

Residual before update:
[ 2.12134324e-03  4.05235263e-03  1.86714330e-03 ...  3.22811731e-03
 -8.91541280e-13  3.44128049e-03]

Residual before update:
[ 2.12134184e-03  4.05234125e-03  1.86718657e-03 ...  3.22785729e-03
 -8.90356809e-13  3.44095657e-03]

Residual before update:
[ 2.12134008e-03  4.05234635e-03  1.86719976e-03 ...  3.22794175e-03
 -8.88188031e-13  3.44104298e-03]

Residual before update:
[ 2.12133927e-03  4.05235156e-03  1.86721295e-03 ...  3.22802438e-03
 -8.86425635e-13  3.44112800e-03]

Residual before update:
[ 2.12134381e-03  4.05235472e-03  1.86722596e-03 ...  3.22808266e-03
 -8.85733631e-13  3.44119629e-03]
Compute pips
###############################
TGFM
###############################
Initialize variables
Warning: 319 variants have NaN gwas_beta. Setting to 0 with large SE.
Iterative optimization

Residual before update:
[-0.00093066  0.0028984  -0.00453362 ...  0.0077146  -0.00518752
  0.00705631]

Residual before update:
[-0.00096316  0.00280579 -0.00457555 ...  0.00770823 -0.00520034
  0.00705614]

Residual before update:
[-0.00094039  0.0028069  -0.00457506 ...  0.00770694 -0.00520183
  0.00705489]

Residual before update:
[-0.00092261  0.00280487 -0.00457486 ...  0.00770619 -0.00520265
  0.00705411]

Residual before update:
[-0.00090907  0.00280374 -0.00457472 ...  0.00770566 -0.00520321
  0.00705357]

Residual before update:
[-0.00089821  0.00280295 -0.0045746  ...  0.00770524 -0.00520366
  0.00705316]

Residual before update:
[-0.00088925  0.00280233 -0.0045745  ...  0.00770488 -0.00520404
  0.00705281]

Residual before update:
[-0.00088168  0.0028018  -0.00457442 ...  0.00770456 -0.00520437
  0.00705251]

Residual before update:
[-0.00087519  0.00280134 -0.00457435 ...  0.00770428 -0.00520466
  0.00705224]

Residual before update:
[-0.00086956  0.00280093 -0.0045743  ...  0.00770402 -0.00520493
  0.007052  ]

Residual before update:
[-0.00275937 -0.00181887 -0.00453635 ...  0.00760873 -0.00519043
  0.00672004]

Residual before update:
[-0.00089098  0.00279487 -0.00457644 ...  0.00770521 -0.00520359
  0.00705305]

Residual before update:
[-0.0008992   0.00280023 -0.00457635 ...  0.0077056  -0.00520318
  0.00705359]

Residual before update:
[-0.0009027   0.00280068 -0.00457636 ...  0.00770565 -0.00520312
  0.00705366]

Residual before update:
[-0.00090303  0.00280063 -0.00457634 ...  0.00770559 -0.0052032
  0.00705359]

Residual before update:
[-0.00090148  0.00280041 -0.00457631 ...  0.00770547 -0.00520332
  0.00705348]

Residual before update:
[-0.00089889  0.00280012 -0.00457626 ...  0.00770535 -0.00520347
  0.00705334]

Residual before update:
[-0.00089572  0.00279984 -0.00457622 ...  0.00770521 -0.00520362
  0.0070532 ]

Residual before update:
[-0.00089226  0.00279958 -0.00457617 ...  0.00770508 -0.00520377
  0.00705306]

Residual before update:
[-0.0008887   0.00279935 -0.00457612 ...  0.00770496 -0.00520391
  0.00705293]

Residual before update:
[-0.00276332 -0.00182869 -0.00453636 ...  0.00760848 -0.00519044
  0.00671933]

Residual before update:
[-0.00089011  0.00279568 -0.00457623 ...  0.00770495 -0.00520388
  0.00705284]

Residual before update:
[-0.00089031  0.00279739 -0.00457618 ...  0.00770504 -0.00520379
  0.00705297]

Residual before update:
[-0.00089204  0.00279834 -0.00457618 ...  0.00770516 -0.00520366
  0.00705311]

Residual before update:
[-0.00089358  0.00279899 -0.00457618 ...  0.00770523 -0.00520358
  0.00705321]

Residual before update:
[-0.00089458  0.00279942 -0.00457618 ...  0.00770527 -0.00520354
  0.00705326]

Residual before update:
[-0.00089499  0.00279964 -0.00457617 ...  0.00770527 -0.00520354
  0.00705326]

Residual before update:
[-0.00089481  0.00279973 -0.00457616 ...  0.00770524 -0.00520357
  0.00705324]

Residual before update:
[-0.00089411  0.00279974 -0.00457614 ...  0.0077052  -0.00520362
  0.0070532 ]

Residual before update:
[-0.00089297  0.00279969 -0.00457612 ...  0.00770514 -0.00520369
  0.00705314]

Residual before update:
[-0.00276708 -0.0018384  -0.00453637 ...  0.00760826 -0.00519044
  0.00671864]

Residual before update:
[-0.00089255  0.00280089 -0.00457482 ...  0.00770526 -0.00520341
  0.00705309]

Residual before update:
[-0.00089108  0.00280037 -0.00457482 ...  0.00770516 -0.0052035
  0.00705299]

Residual before update:
[-0.0008912   0.00280034 -0.00457482 ...  0.00770516 -0.0052035
  0.00705299]

Residual before update:
[-0.00089157  0.0028005  -0.00457483 ...  0.00770518 -0.00520348
  0.00705301]

Residual before update:
[-0.00089202  0.00280076 -0.00457483 ...  0.0077052  -0.00520346
  0.00705304]

Residual before update:
[-0.00089248  0.002801   -0.00457482 ...  0.00770522 -0.00520344
  0.00705307]

Residual before update:
[-0.00089283  0.0028012  -0.00457482 ...  0.00770523 -0.00520342
  0.00705308]

Residual before update:
[-0.00089301  0.00280136 -0.00457482 ...  0.00770523 -0.00520342
  0.00705309]

Residual before update:
[-0.00089297  0.00280146 -0.00457481 ...  0.00770522 -0.00520344
  0.00705308]

Residual before update:
[-0.00277084 -0.00184811 -0.00453637 ...  0.00760804 -0.00519045
  0.00671794]

Residual before update:
[-0.0008941   0.00280178 -0.00457468 ...  0.00770528 -0.00520336
  0.00705314]

Residual before update:
[-0.0008921   0.00280138 -0.00457466 ...  0.00770518 -0.00520347
  0.00705304]

Residual before update:
[-0.00089166  0.00280114 -0.00457467 ...  0.00770516 -0.0052035
  0.007053  ]

Residual before update:
[-0.0008914   0.002801   -0.00457467 ...  0.00770514 -0.00520351
  0.00705299]

Residual before update:
[-0.00089124  0.00280099 -0.00457467 ...  0.00770514 -0.00520352
  0.00705298]

Residual before update:
[-0.0008912   0.00280105 -0.00457466 ...  0.00770514 -0.00520352
  0.00705298]

Residual before update:
[-0.00089122  0.00280114 -0.00457466 ...  0.00770514 -0.00520351
  0.00705299]

Residual before update:
[-0.00089128  0.00280126 -0.00457466 ...  0.00770514 -0.00520351
  0.007053  ]

Residual before update:
[-0.00089131  0.00280137 -0.00457465 ...  0.00770514 -0.00520351
  0.007053  ]
Compute pips
###############################
TGFM
###############################
Initialize variables
Warning: 390 variants have NaN gwas_beta. Setting to 0 with large SE.
Iterative optimization

Residual before update:
[-7.22159292e-03 -4.68679061e-03 -5.44177388e-03 ...  3.02031469e-05
  4.17467580e-04  0.00000000e+00]

Residual before update:
[-7.22155268e-03 -4.68679309e-03 -5.44180532e-03 ...  3.00567772e-05
  4.17446690e-04 -5.19285016e-18]

Residual before update:
[-7.22151244e-03 -4.68679558e-03 -5.44183676e-03 ...  2.99104285e-05
  4.17425771e-04 -1.03875784e-17]

Residual before update:
[-7.22147229e-03 -4.68679813e-03 -5.44186779e-03 ...  2.97638483e-05
  4.17406237e-04 -1.76180135e-17]

Residual before update:
[-7.22143206e-03 -4.68680055e-03 -5.44189956e-03 ...  2.96177437e-05
  4.17383991e-04 -2.07900576e-17]

Residual before update:
[-7.22139190e-03 -4.68680306e-03 -5.44193097e-03 ...  2.94712398e-05
  4.17362785e-04 -2.77097592e-17]

Residual before update:
[-7.22135171e-03 -4.68680549e-03 -5.44196233e-03 ...  2.93251938e-05
  4.17342396e-04 -3.11996419e-17]

Residual before update:
[-7.22131147e-03 -4.68680799e-03 -5.44199364e-03 ...  2.91788411e-05
  4.17321235e-04 -3.65696524e-17]

Residual before update:
[-7.22127140e-03 -4.68681046e-03 -5.44202501e-03 ...  2.90325945e-05
  4.17300437e-04 -4.15272448e-17]

Residual before update:
[-7.22123127e-03 -4.68681294e-03 -5.44205633e-03 ...  2.88863226e-05
  4.17279497e-04 -4.66944364e-17]

Residual before update:
[-7.22123138e-03 -4.68681293e-03 -5.44205619e-03 ...  2.88864411e-05
  4.17279571e-04 -4.66994412e-17]

Residual before update:
[-7.22123141e-03 -4.68681292e-03 -5.44205609e-03 ...  2.88863142e-05
  4.17279658e-04 -4.66207693e-17]

Residual before update:
[-7.22123133e-03 -4.68681290e-03 -5.44205612e-03 ...  2.88861847e-05
  4.17279498e-04 -4.66324146e-17]

Residual before update:
[-7.22123154e-03 -4.68681312e-03 -5.44205490e-03 ...  2.88852775e-05
  4.17283569e-04 -5.27321881e-17]

Residual before update:
[-7.22123142e-03 -4.68681292e-03 -5.44205601e-03 ...  2.88857716e-05
  4.17279495e-04 -4.66805946e-17]

Residual before update:
[-7.22123145e-03 -4.68681298e-03 -5.44205605e-03 ...  2.88852264e-05
  4.17278902e-04 -4.97880111e-17]

Residual before update:
[-7.22123137e-03 -4.68681288e-03 -5.44205604e-03 ...  2.88854535e-05
  4.17279715e-04 -4.67259067e-17]

Residual before update:
[-7.22123122e-03 -4.68681292e-03 -5.44205602e-03 ...  2.88851232e-05
  4.17279290e-04 -4.69597476e-17]

Residual before update:
[-7.22123126e-03 -4.68681291e-03 -5.44205609e-03 ...  2.88849101e-05
  4.17279367e-04 -4.66772815e-17]

Residual before update:
[-7.22123119e-03 -4.68681292e-03 -5.44205615e-03 ...  2.88846341e-05
  4.17279272e-04 -4.66733352e-17]

Residual before update:
[-7.22123119e-03 -4.68681293e-03 -5.44205615e-03 ...  2.88846258e-05
  4.17279324e-04 -4.66994716e-17]

Residual before update:
[-7.22123112e-03 -4.68681292e-03 -5.44205618e-03 ...  2.88843857e-05
  4.17279392e-04 -4.66393541e-17]

Residual before update:
[-7.22123095e-03 -4.68681292e-03 -5.44205631e-03 ...  2.88841536e-05
  4.17279215e-04 -4.66672362e-17]

Residual before update:
[-7.22123108e-03 -4.68681315e-03 -5.44205519e-03 ...  2.88831355e-05
  4.17283273e-04 -5.27874696e-17]

Residual before update:
[-7.22123091e-03 -4.68681294e-03 -5.44205637e-03 ...  2.88835852e-05
  4.17279186e-04 -4.67409702e-17]

Residual before update:
[-7.22123088e-03 -4.68681301e-03 -5.44205646e-03 ...  2.88829735e-05
  4.17278581e-04 -4.98626806e-17]

Residual before update:
[-7.22123077e-03 -4.68681292e-03 -5.44205650e-03 ...  2.88831659e-05
  4.17279390e-04 -4.68023131e-17]

Residual before update:
[-7.22123059e-03 -4.68681296e-03 -5.44205651e-03 ...  2.88828045e-05
  4.17278959e-04 -4.70410861e-17]

Residual before update:
[-7.22123062e-03 -4.68681295e-03 -5.44205660e-03 ...  2.88825787e-05
  4.17279034e-04 -4.67601935e-17]

Residual before update:
[-7.22123055e-03 -4.68681296e-03 -5.44205665e-03 ...  2.88823007e-05
  4.17278939e-04 -4.67561186e-17]

Residual before update:
[-7.22123055e-03 -4.68681297e-03 -5.44205665e-03 ...  2.88822921e-05
  4.17278991e-04 -4.67821696e-17]

Residual before update:
[-7.22123048e-03 -4.68681296e-03 -5.44205667e-03 ...  2.88820515e-05
  4.17279059e-04 -4.67218432e-17]

Residual before update:
[-7.22123031e-03 -4.68681296e-03 -5.44205681e-03 ...  2.88818156e-05
  4.17278881e-04 -4.67498167e-17]

Residual before update:
[-7.22123044e-03 -4.68681319e-03 -5.44205569e-03 ...  2.88807705e-05
  4.17282943e-04 -5.28818094e-17]

Residual before update:
[-7.22123027e-03 -4.68681298e-03 -5.44205687e-03 ...  2.88812476e-05
  4.17278853e-04 -4.68235438e-17]

Residual before update:
[-7.22123024e-03 -4.68681305e-03 -5.44205696e-03 ...  2.88806258e-05
  4.17278245e-04 -4.99510937e-17]

Residual before update:
[-7.22123013e-03 -4.68681296e-03 -5.44205700e-03 ...  2.88808264e-05
  4.17279056e-04 -4.68850078e-17]

Residual before update:
[-7.22122995e-03 -4.68681300e-03 -5.44205701e-03 ...  2.88804623e-05
  4.17278624e-04 -4.71242724e-17]

Residual before update:
[-7.22122998e-03 -4.68681299e-03 -5.44205710e-03 ...  2.88802382e-05
  4.17278700e-04 -4.68428115e-17]

Residual before update:
[-7.22122991e-03 -4.68681300e-03 -5.44205715e-03 ...  2.88799584e-05
  4.17278604e-04 -4.68387750e-17]

Residual before update:
[-7.22122991e-03 -4.68681300e-03 -5.44205715e-03 ...  2.88799499e-05
  4.17278657e-04 -4.68648729e-17]

Residual before update:
[-7.22122984e-03 -4.68681300e-03 -5.44205717e-03 ...  2.88797089e-05
  4.17278725e-04 -4.68044384e-17]

Residual before update:
[-7.22122967e-03 -4.68681300e-03 -5.44205731e-03 ...  2.88794692e-05
  4.17278546e-04 -4.68325789e-17]

Residual before update:
[-7.22122979e-03 -4.68681323e-03 -5.44205619e-03 ...  2.88783970e-05
  4.17282612e-04 -5.29764253e-17]
NaNs in component_non_med_pred at component 4

Residual before update:
[-7.22122963e-03 -4.68681302e-03 -5.44205737e-03 ...  2.88789017e-05
  4.17278518e-04 -4.69063850e-17]
NaNs in residual_incl_alpha[68, :]
NaN in mixture_alpha_mu: b_terms=[nan nan]
NaNs in self.residual at bs_iter=68
NaNs in un_normalized_lv_alpha_weights
NaN in normalizing_term
NaNs in component_non_med_pred at component 5

Residual before update:
[-7.22122960e-03 -4.68681309e-03 -5.44205747e-03 ...  2.88782697e-05
  4.17277908e-04 -5.00398151e-17]
NaNs in residual_incl_alpha[68, :]
NaNs in gene_weights for bs_iter=68
NaN in mixture_alpha_mu: b_terms=[nan nan]
NaNs in self.residual at bs_iter=68
NaNs in un_normalized_lv_alpha_weights
NaN in normalizing_term
NaNs in component_non_med_pred at component 6

Residual before update:
[-7.22122948e-03 -4.68681300e-03 -5.44205750e-03 ...  2.88784785e-05
  4.17278721e-04 -4.69679980e-17]
NaNs in residual_incl_alpha[68, :]
NaNs in gene_weights for bs_iter=68
NaN in mixture_alpha_mu: b_terms=[nan nan]
NaNs in self.residual at bs_iter=68
NaNs in un_normalized_lv_alpha_weights
NaN in normalizing_term
NaNs in component_non_med_pred at component 7

Residual before update:
[-7.22122931e-03 -4.68681304e-03 -5.44205751e-03 ...  2.88781119e-05
  4.17278288e-04 -4.72077576e-17]
NaNs in residual_incl_alpha[68, :]
NaNs in gene_weights for bs_iter=68
NaN in mixture_alpha_mu: b_terms=[nan nan]
NaNs in self.residual at bs_iter=68
NaNs in un_normalized_lv_alpha_weights
NaN in normalizing_term
NaNs in component_non_med_pred at component 8

Residual before update:
[-7.22122934e-03 -4.68681303e-03 -5.44205760e-03 ...  2.88778894e-05
  4.17278364e-04 -4.69257244e-17]
NaNs in residual_incl_alpha[68, :]
NaNs in gene_weights for bs_iter=68
NaN in mixture_alpha_mu: b_terms=[nan nan]
NaNs in self.residual at bs_iter=68
NaNs in un_normalized_lv_alpha_weights
NaN in normalizing_term
NaNs in component_non_med_pred at component 9

Residual before update:
[-7.22122927e-03 -4.68681304e-03 -5.44205765e-03 ...  2.88776079e-05
  4.17278269e-04 -4.69217254e-17]
NaNs in residual_incl_alpha[68, :]
NaNs in gene_weights for bs_iter=68
NaN in mixture_alpha_mu: b_terms=[nan nan]
NaNs in self.residual at bs_iter=68
NaNs in un_normalized_lv_alpha_weights
NaN in normalizing_term
Compute pips
NaNs found in gene-tissue pair PIPs at indices: [0 1]
NaNs found in variant PIPs at indices: [    0     1     2 ... 10706 10707 10708]
NaNs found in gene PIPs at indices: [0 1]
###############################
TGFM
###############################
Initialize variables
Warning: 417 variants have NaN gwas_beta. Setting to 0 with large SE.
Iterative optimization

Residual before update:
[-0.00486695  0.00684178  0.         ...  0.00410304  0.01190507
  0.0122127 ]

Residual before update:
[-4.86695949e-03  6.84175130e-03 -1.01025118e-18 ...  4.10252912e-03
  1.19005096e-02  1.22081343e-02]

Residual before update:
[-4.86697324e-03  6.84172204e-03 -2.00507203e-18 ...  4.10202368e-03
  1.18960344e-02  1.22036591e-02]

Residual before update:
[-4.86698715e-03  6.84169263e-03 -2.93824751e-18 ...  4.10152229e-03
  1.18916451e-02  1.21992698e-02]

Residual before update:
[-4.86700053e-03  6.84166371e-03 -3.83438998e-18 ...  4.10102502e-03
  1.18873395e-02  1.21949642e-02]

Residual before update:
[-4.86701412e-03  6.84163464e-03 -4.65992107e-18 ...  4.10053151e-03
  1.18831141e-02  1.21907388e-02]

Residual before update:
[-4.86702763e-03  6.84160565e-03 -5.50095677e-18 ...  4.10004179e-03
  1.18789671e-02  1.21865918e-02]

Residual before update:
[-4.86704104e-03  6.84157674e-03 -6.29755227e-18 ...  4.09955575e-03
  1.18748964e-02  1.21825211e-02]

Residual before update:
[-4.86705460e-03  6.84154778e-03 -7.34918237e-18 ...  4.09907307e-03
  1.18708987e-02  1.21785235e-02]

Residual before update:
[-4.86706793e-03  6.84151897e-03 -7.96643132e-18 ...  4.09859414e-03
  1.18669735e-02  1.21745983e-02]

Residual before update:
[-4.86706717e-03  6.84151967e-03 -7.12544987e-18 ...  4.09862813e-03
  1.18676819e-02  1.21753067e-02]

Residual before update:
[-4.86706687e-03  6.84152004e-03 -7.10064011e-18 ...  4.09865582e-03
  1.18682758e-02  1.21759005e-02]

Residual before update:
[-4.86706652e-03  6.84152048e-03 -6.97075970e-18 ...  4.09867892e-03
  1.18687732e-02  1.21763979e-02]

Residual before update:
[-4.86706693e-03  6.84152012e-03 -6.74112561e-18 ...  4.09869753e-03
  1.18691781e-02  1.21768029e-02]

Residual before update:
[-4.86706597e-03  6.84152097e-03 -6.57092921e-18 ...  4.09871227e-03
  1.18694957e-02  1.21771205e-02]

Residual before update:
[-4.86706584e-03  6.84152110e-03 -6.38399871e-18 ...  4.09872280e-03
  1.18697287e-02  1.21773535e-02]

Residual before update:
[-4.86706573e-03  6.84152120e-03 -6.33576919e-18 ...  4.09872958e-03
  1.18698818e-02  1.21775066e-02]

Residual before update:
[-4.86706564e-03  6.84152124e-03 -6.30381740e-18 ...  4.09873270e-03
  1.18699588e-02  1.21775835e-02]

Residual before update:
[-4.86706582e-03  6.84152108e-03 -6.63063711e-18 ...  4.09873213e-03
  1.18699624e-02  1.21775872e-02]

Residual before update:
[-4.86706585e-03  6.84152096e-03 -6.51612418e-18 ...  4.09872850e-03
  1.18698971e-02  1.21775218e-02]

Residual before update:
[-4.86706564e-03  6.84152105e-03 -6.02144456e-18 ...  4.09872688e-03
  1.18698584e-02  1.21774831e-02]

Residual before update:
[-4.86706580e-03  6.84152089e-03 -6.29554804e-18 ...  4.09872421e-03
  1.18698179e-02  1.21774426e-02]

Residual before update:
[-4.86706585e-03  6.84152087e-03 -6.41684010e-18 ...  4.09872190e-03
  1.18697872e-02  1.21774119e-02]

Residual before update:
[-4.86706659e-03  6.84152012e-03 -6.39273857e-18 ...  4.09871978e-03
  1.18697641e-02  1.21773889e-02]

Residual before update:
[-4.86706591e-03  6.84152066e-03 -6.38545299e-18 ...  4.09871819e-03
  1.18697473e-02  1.21773721e-02]

Residual before update:
[-4.86706599e-03  6.84152055e-03 -6.32018404e-18 ...  4.09871663e-03
  1.18697347e-02  1.21773594e-02]

Residual before update:
[-4.86706603e-03  6.84152048e-03 -6.35513852e-18 ...  4.09871524e-03
  1.18697249e-02  1.21773497e-02]

Residual before update:
[-4.86706602e-03  6.84152040e-03 -6.36934889e-18 ...  4.09871389e-03
  1.18697168e-02  1.21773416e-02]

Residual before update:
[-4.86706624e-03  6.84152020e-03 -6.70809423e-18 ...  4.09871240e-03
  1.18697086e-02  1.21773334e-02]

Residual before update:
[-4.86706626e-03  6.84152011e-03 -6.57048790e-18 ...  4.09871112e-03
  1.18696995e-02  1.21773242e-02]

Residual before update:
[-4.86706603e-03  6.84152021e-03 -6.05720490e-18 ...  4.09871127e-03
  1.18697028e-02  1.21773276e-02]

Residual before update:
[-4.86706618e-03  6.84152006e-03 -6.32005310e-18 ...  4.09870986e-03
  1.18696921e-02  1.21773169e-02]

Residual before update:
[-4.86706623e-03  6.84152005e-03 -6.43362558e-18 ...  4.09870838e-03
  1.18696811e-02  1.21773059e-02]

Residual before update:
[-4.86706697e-03  6.84151930e-03 -6.40454299e-18 ...  4.09870677e-03
  1.18696698e-02  1.21772945e-02]

Residual before update:
[-4.86706628e-03  6.84151984e-03 -6.39485162e-18 ...  4.09870538e-03
  1.18696583e-02  1.21772831e-02]

Residual before update:
[-4.86706636e-03  6.84151973e-03 -6.32872464e-18 ...  4.09870389e-03
  1.18696470e-02  1.21772718e-02]

Residual before update:
[-4.86706640e-03  6.84151966e-03 -6.36432429e-18 ...  4.09870244e-03
  1.18696357e-02  1.21772605e-02]

Residual before update:
[-4.86706640e-03  6.84151958e-03 -6.37972337e-18 ...  4.09870095e-03
  1.18696243e-02  1.21772491e-02]

Residual before update:
[-4.86706662e-03  6.84151938e-03 -6.72071138e-18 ...  4.09869936e-03
  1.18696132e-02  1.21772380e-02]

Residual before update:
[-4.86706664e-03  6.84151928e-03 -6.58342387e-18 ...  4.09869797e-03
  1.18696019e-02  1.21772267e-02]

Residual before update:
[-4.86706640e-03  6.84151939e-03 -6.06890274e-18 ...  4.09869807e-03
  1.18696042e-02  1.21772290e-02]

Residual before update:
[-4.86706656e-03  6.84151923e-03 -6.33278873e-18 ...  4.09869663e-03
  1.18695929e-02  1.21772177e-02]

Residual before update:
[-4.86706660e-03  6.84151922e-03 -6.44677812e-18 ...  4.09869513e-03
  1.18695817e-02  1.21772065e-02]

Residual before update:
[-4.86706735e-03  6.84151847e-03 -6.41755329e-18 ...  4.09869352e-03
  1.18695705e-02  1.21771953e-02]

Residual before update:
[-4.86706666e-03  6.84151901e-03 -6.40778510e-18 ...  4.09869209e-03
  1.18695589e-02  1.21771837e-02]

Residual before update:
[-4.86706673e-03  6.84151890e-03 -6.34133187e-18 ...  4.09869063e-03
  1.18695480e-02  1.21771728e-02]

Residual before update:
[-4.86706677e-03  6.84151883e-03 -6.37696393e-18 ...  4.09868920e-03
  1.18695369e-02  1.21771617e-02]

Residual before update:
[-4.86706677e-03  6.84151875e-03 -6.39238057e-18 ...  4.09868769e-03
  1.18695255e-02  1.21771503e-02]

Residual before update:
[-4.86706699e-03  6.84151855e-03 -6.73442066e-18 ...  4.09868612e-03
  1.18695146e-02  1.21771394e-02]

Residual before update:
[-4.86706701e-03  6.84151845e-03 -6.59670532e-18 ...  4.09868470e-03
  1.18695031e-02  1.21771279e-02]
Compute pips
###############################
TGFM
###############################
Initialize variables
Warning: 480 variants have NaN gwas_beta. Setting to 0 with large SE.
Iterative optimization

Residual before update:
[-0.00058531  0.00263457 -0.00147557 ... -0.00336473  0.0034959
 -0.00073153]

Residual before update:
[-0.00062795  0.00263349 -0.00152435 ... -0.00337577  0.00347757
 -0.00075301]

Residual before update:
[-0.00058636  0.00263465 -0.00147175 ... -0.00336471  0.00349761
 -0.00073099]

Residual before update:
[-0.00058532  0.00263457 -0.00147558 ... -0.00336474  0.0034959
 -0.00073157]

Residual before update:
[-0.00058532  0.00263457 -0.00147558 ... -0.00336475  0.0034959
 -0.00073159]

Residual before update:
[-0.00058533  0.00263457 -0.00147558 ... -0.00336475  0.00349589
 -0.0007316 ]

Residual before update:
[-0.00058533  0.00263457 -0.00147559 ... -0.00336476  0.00349589
 -0.00073162]

Residual before update:
[-0.00058533  0.00263457 -0.0014756  ... -0.00336477  0.00349589
 -0.00073164]

Residual before update:
[-0.00058621  0.00263453 -0.0014757  ... -0.00336805  0.00348589
 -0.00073136]

Residual before update:
[-0.00059012  0.00263422 -0.00147701 ... -0.00336478  0.00349586
 -0.0007322 ]

Residual before update:
[-0.00058534  0.00263457 -0.0014756  ... -0.00336477  0.00349589
 -0.00073167]

Residual before update:
[-0.00058667  0.00287044 -0.00160832 ... -0.00337396  0.0034778
 -0.00076495]

Residual before update:
[-4.70870412e+20 -2.17141257e+19 -1.56243658e+20 ...  7.50615968e+19
 -5.37022688e+20 -4.68012147e+20]

Residual before update:
[-0.00058534  0.00263457 -0.0014756  ... -0.00336477  0.0034959
 -0.00073167]

Residual before update:
[-0.00058534  0.00263457 -0.0014756  ... -0.00336477  0.0034959
 -0.00073167]

Residual before update:
[-0.00058534  0.00263457 -0.00147559 ... -0.00336477  0.00349589
 -0.00073167]

Residual before update:
[-0.00058534  0.00263457 -0.00147559 ... -0.00336477  0.00349589
 -0.00073167]

Residual before update:
[-0.00058534  0.00263457 -0.0014756  ... -0.00336477  0.0034959
 -0.00073167]

Residual before update:
[-0.00058514  0.00263455 -0.00147557 ... -0.00335998  0.00352219
 -0.00073116]

Residual before update:
[-0.00058496  0.00263583 -0.00147584 ... -0.00336473  0.00349598
 -0.00073195]

Residual before update:
[-0.00058534  0.00263457 -0.00147559 ... -0.00336477  0.0034959
 -0.00073167]

Residual before update:
[-0.00039002  0.00556241 -0.00092352 ... -0.00344145  0.00323816
 -0.00104552]

Residual before update:
[ 1.21509110e+54  5.60337767e+52  4.03187934e+53 ... -1.93698410e+53
  1.38579904e+54  1.20771565e+54]

Residual before update:
[-0.00058534  0.00263457 -0.00147559 ... -0.00336477  0.0034959
 -0.00073167]

Residual before update:
[-0.00058534  0.00263457 -0.0014756  ... -0.00336477  0.0034959
 -0.00073167]

Residual before update:
[-0.00058534  0.00263457 -0.00147559 ... -0.00336477  0.00349589
 -0.00073167]

Residual before update:
[-0.00058534  0.00263457 -0.00147559 ... -0.00336477  0.00349589
 -0.00073167]

Residual before update:
[-0.00058534  0.00263457 -0.0014756  ... -0.00336477  0.0034959
 -0.00073167]

Residual before update:
[-0.00058516  0.00263455 -0.00147558 ... -0.00336041  0.00351983
 -0.00073122]

Residual before update:
[-0.00055004  0.00263807 -0.00146308 ... -0.00336499  0.00349659
 -0.00072669]

Residual before update:
[-0.00058534  0.00263457 -0.00147559 ... -0.00336477  0.0034959
 -0.00073167]

Residual before update:
[-0.00068798  0.00267109 -0.00237946 ... -0.00341628  0.00350272
 -0.00093717]

Residual before update:
[-3.13781317e+87 -1.44699869e+86 -1.04117989e+87 ...  5.00200703e+86
 -3.57864402e+87 -3.11876704e+87]

Residual before update:
[-0.00058534  0.00263457 -0.00147559 ... -0.00336477  0.0034959
 -0.00073167]

Residual before update:
[-0.00058534  0.00263457 -0.0014756  ... -0.00336477  0.0034959
 -0.00073167]

Residual before update:
[-0.00058534  0.00263457 -0.00147559 ... -0.00336477  0.00349589
 -0.00073167]

Residual before update:
[-0.00058534  0.00263457 -0.00147559 ... -0.00336477  0.00349589
 -0.00073167]

Residual before update:
[-0.00058534  0.00263457 -0.0014756  ... -0.00336477  0.0034959
 -0.00073167]

Residual before update:
[-0.00058513  0.00263455 -0.00147558 ... -0.00336036  0.0035199
 -0.00073123]

Residual before update:
[-0.00058892  0.00255438 -0.00148017 ... -0.00337024  0.00349403
 -0.00073513]

Residual before update:
[-0.00058534  0.00263457 -0.00147559 ... -0.00336477  0.0034959
 -0.00073167]

Residual before update:
[-0.00066064  0.00334961 -0.00189312 ... -0.00341771  0.00350212
 -0.00093498]

Residual before update:
[ 8.10299040e+120  3.73668407e+119  2.68871031e+120 ... -1.29170262e+120
  9.24137817e+120  8.05380627e+120]

Residual before update:
[-0.00058534  0.00263457 -0.00147559 ... -0.00336477  0.0034959
 -0.00073167]

Residual before update:
[-0.00058534  0.00263457 -0.0014756  ... -0.00336477  0.0034959
 -0.00073167]

Residual before update:
[-0.00058534  0.00263457 -0.00147559 ... -0.00336477  0.00349589
 -0.00073167]

Residual before update:
[-0.00058534  0.00263457 -0.00147559 ... -0.00336477  0.00349589
 -0.00073167]

Residual before update:
[-0.00058534  0.00263457 -0.0014756  ... -0.00336477  0.0034959
 -0.00073167]

Residual before update:
[-0.00058511  0.00263455 -0.00147558 ... -0.00336034  0.00351985
 -0.00073123]
NaNs in component_non_med_pred at component 9

Residual before update:
[-0.00058896  0.0025548  -0.0014802  ... -0.00337032  0.00349404
 -0.00073547]
NaNs in residual_incl_alpha[88, :]
NaN in mixture_alpha_mu: b_terms=[nan nan nan nan nan nan nan nan nan nan nan nan nan nan nan nan nan nan
 nan nan nan]
NaNs in self.residual at bs_iter=88
NaNs in un_normalized_lv_alpha_weights
NaN in normalizing_term
Compute pips
NaNs found in gene-tissue pair PIPs at indices: [ 0  1  2  3  4  5  6  7  8  9 10 11 12 13 14 15 16 17 18 19 20]
NaNs found in variant PIPs at indices: [    0     1     2 ... 11462 11463 11464]
NaNs found in gene PIPs at indices: [0 1 2 3 4 5]
###############################
TGFM
###############################
Initialize variables
Warning: 481 variants have NaN gwas_beta. Setting to 0 with large SE.
Iterative optimization

Residual before update:
[ 9.06094406e-05  4.63946874e-03 -1.22997496e-03 ...  2.44474528e-03
 -1.28441217e-04  6.24655992e-03]

Residual before update:
[ 9.77183889e-05  4.63960993e-03 -1.22890687e-03 ...  2.44539272e-03
 -1.28337503e-04  6.24702703e-03]

Residual before update:
[ 9.06219780e-05  4.63936426e-03 -1.22998157e-03 ...  2.44474788e-03
 -1.28460419e-04  6.24653701e-03]

Residual before update:
[ 0.00136782  0.00467503 -0.00104344 ...  0.00256017 -0.00010851
  0.00633197]

Residual before update:
[ 9.06381971e-05  4.63926110e-03 -1.22998747e-03 ...  2.44474769e-03
 -1.28480094e-04  6.24651397e-03]

Residual before update:
[ 9.80082790e-05  4.63927659e-03 -1.22999739e-03 ...  2.44539571e-03
 -1.28522036e-04  6.24720088e-03]

Residual before update:
[ 0.00010751  0.00462741 -0.00124649 ...  0.00244055 -0.00022399
  0.00603112]

Residual before update:
[ 9.06596463e-05  4.63910585e-03 -1.22999748e-03 ...  2.44475489e-03
 -1.28509678e-04  6.24648184e-03]

Residual before update:
[ 8.99954723e-05  4.64741687e-03 -1.22286074e-03 ...  2.46710248e-03
 -1.27546154e-04  6.24788489e-03]

Residual before update:
[ 9.06732710e-05  4.63900290e-03 -1.23000389e-03 ...  2.44475504e-03
 -1.28531380e-04  6.24645741e-03]

Residual before update:
[ 9.06786691e-05  4.63900470e-03 -1.23000289e-03 ...  2.44475759e-03
 -1.28532803e-04  6.24645801e-03]

Residual before update:
[ 0.00010243  0.00463941 -0.00122863 ...  0.00244551 -0.00012848
  0.00624728]

Residual before update:
[ 9.06768578e-05  4.63900808e-03 -1.23000334e-03 ...  2.44475716e-03
 -1.28526750e-04  6.24645780e-03]

Residual before update:
[ 0.00244004  0.00462864 -0.00107662 ...  0.0025812  -0.00013247
  0.00636551]

Residual before update:
[ 9.06850980e-05  4.63901073e-03 -1.23000178e-03 ...  2.44475093e-03
 -1.28527849e-04  6.24645747e-03]

Residual before update:
[ 9.26785024e-05  4.63947877e-03 -1.23000132e-03 ...  2.44495113e-03
 -1.20656361e-04  6.25086181e-03]

Residual before update:
[ 8.71720688e-05  4.63807393e-03 -1.23640101e-03 ...  2.42404851e-03
 -1.77330074e-04  6.28457822e-03]

Residual before update:
[ 9.06835947e-05  4.63900966e-03 -1.23000280e-03 ...  2.44475782e-03
 -1.28528568e-04  6.24646025e-03]

Residual before update:
[ 9.03220806e-05  4.64744323e-03 -1.22266085e-03 ...  2.46738880e-03
 -1.27415982e-04  6.24791343e-03]

Residual before update:
[ 9.06811302e-05  4.63900852e-03 -1.23000301e-03 ...  2.44475520e-03
 -1.28530905e-04  6.24645790e-03]

Residual before update:
[ 9.06846288e-05  4.63900863e-03 -1.23000226e-03 ...  2.44475770e-03
 -1.28532482e-04  6.24645832e-03]

Residual before update:
[ 8.52153624e-05  4.63896211e-03 -1.23140001e-03 ...  2.44379278e-03
 -1.28759256e-04  6.24605412e-03]

Residual before update:
[ 9.06799519e-05  4.63900946e-03 -1.23000306e-03 ...  2.44475723e-03
 -1.28526686e-04  6.24645784e-03]

Residual before update:
[ 1.30140406e-03  4.65691852e-03 -1.05775168e-03 ...  2.59615728e-03
 -9.76375635e-05  6.29451556e-03]

Residual before update:
[ 9.06862808e-05  4.63901037e-03 -1.23000174e-03 ...  2.44475094e-03
 -1.28527963e-04  6.24645731e-03]

Residual before update:
[ 1.04533815e-04  4.63945480e-03 -1.22969637e-03 ...  2.44640770e-03
 -4.06198427e-05  6.29695100e-03]

Residual before update:
[ 8.80868641e-05  4.63876849e-03 -1.23451941e-03 ...  2.43616513e-03
 -1.57064917e-04  6.28779991e-03]

Residual before update:
[ 9.06835049e-05  4.63900815e-03 -1.23000291e-03 ...  2.44475783e-03
 -1.28528814e-04  6.24645996e-03]

Residual before update:
[ 8.99843392e-05  4.64776041e-03 -1.22275025e-03 ...  2.46779692e-03
 -1.27432775e-04  6.24796651e-03]

Residual before update:
[ 9.06811237e-05  4.63900706e-03 -1.23000312e-03 ...  2.44475522e-03
 -1.28531162e-04  6.24645760e-03]

Residual before update:
[ 9.06847330e-05  4.63900725e-03 -1.23000235e-03 ...  2.44475773e-03
 -1.28532741e-04  6.24645803e-03]

Residual before update:
[ 8.21572532e-05  4.63888176e-03 -1.23193026e-03 ...  2.44348341e-03
 -1.28808146e-04  6.24582570e-03]

Residual before update:
[ 9.06801575e-05  4.63900819e-03 -1.23000313e-03 ...  2.44475726e-03
 -1.28526921e-04  6.24645756e-03]

Residual before update:
[ 1.31122120e-03  4.66346174e-03 -1.05073201e-03 ...  2.58680926e-03
 -9.99498579e-05  6.30538556e-03]

Residual before update:
[ 9.06865497e-05  4.63900913e-03 -1.23000181e-03 ...  2.44475096e-03
 -1.28528202e-04  6.24645703e-03]

Residual before update:
[ 1.06443707e-04  4.63947664e-03 -1.22970079e-03 ...  2.44655952e-03
 -4.29654528e-05  6.29581050e-03]

Residual before update:
[ 8.80970049e-05  4.63900354e-03 -1.23412715e-03 ...  2.43616996e-03
 -1.56916305e-04  6.29024539e-03]

Residual before update:
[ 9.06837599e-05  4.63900691e-03 -1.23000299e-03 ...  2.44475787e-03
 -1.28529054e-04  6.24645969e-03]

Residual before update:
[ 9.01672163e-05  4.64749987e-03 -1.22227530e-03 ...  2.46849240e-03
 -1.27428398e-04  6.24805149e-03]

Residual before update:
[ 9.06813624e-05  4.63900580e-03 -1.23000319e-03 ...  2.44475525e-03
 -1.28531411e-04  6.24645732e-03]

Residual before update:
[ 9.06849802e-05  4.63900598e-03 -1.23000242e-03 ...  2.44475777e-03
 -1.28532995e-04  6.24645775e-03]

Residual before update:
[ 8.12727383e-05  4.63885780e-03 -1.23208627e-03 ...  2.44339377e-03
 -1.28823178e-04  6.24575907e-03]

Residual before update:
[ 9.06803877e-05  4.63900694e-03 -1.23000321e-03 ...  2.44475729e-03
 -1.28527157e-04  6.24645728e-03]

Residual before update:
[ 1.31120076e-03  4.66346791e-03 -1.05072273e-03 ...  2.58680043e-03
 -9.99511482e-05  6.30539550e-03]

Residual before update:
[ 9.06868006e-05  4.63900787e-03 -1.23000188e-03 ...  2.44475098e-03
 -1.28528444e-04  6.24645674e-03]

Residual before update:
[ 1.07421850e-04  4.63948714e-03 -1.22970320e-03 ...  2.44663703e-03
 -4.42040096e-05  6.29520585e-03]
NaNs in component_non_med_pred at component 6

Residual before update:
[ 8.81117101e-05  4.63917155e-03 -1.23380855e-03 ...  2.43618579e-03
 -1.56897784e-04  6.29192372e-03]
NaNs in residual_incl_alpha[23, :]
NaN in mixture_alpha_mu: b_terms=[nan nan nan nan nan nan nan nan nan nan nan nan nan nan nan nan nan]
NaNs in self.residual at bs_iter=23
NaNs in un_normalized_lv_alpha_weights
NaN in normalizing_term
NaNs in component_non_med_pred at component 7

Residual before update:
[ 9.06840030e-05  4.63900564e-03 -1.23000306e-03 ...  2.44475791e-03
 -1.28529297e-04  6.24645941e-03]
NaNs in residual_incl_alpha[23, :]
NaNs in gene_weights for bs_iter=23
NaN in mixture_alpha_mu: b_terms=[nan nan nan nan nan nan nan nan nan nan nan nan nan nan nan nan nan]
NaNs in self.residual at bs_iter=23
NaNs in un_normalized_lv_alpha_weights
NaN in normalizing_term
NaNs in component_non_med_pred at component 8

Residual before update:
[ 9.06113738e-05  4.64656601e-03 -1.22093725e-03 ...  2.47048555e-03
 -1.27418456e-04  6.24835548e-03]
NaNs in residual_incl_alpha[23, :]
NaNs in gene_weights for bs_iter=23
NaN in mixture_alpha_mu: b_terms=[nan nan nan nan nan nan nan nan nan nan nan nan nan nan nan nan nan]
NaNs in self.residual at bs_iter=23
NaNs in un_normalized_lv_alpha_weights
NaN in normalizing_term
NaNs in component_non_med_pred at component 9

Residual before update:
[ 9.06816003e-05  4.63900453e-03 -1.23000327e-03 ...  2.44475527e-03
 -1.28531662e-04  6.24645703e-03]
NaNs in residual_incl_alpha[23, :]
NaNs in gene_weights for bs_iter=23
NaN in mixture_alpha_mu: b_terms=[nan nan nan nan nan nan nan nan nan nan nan nan nan nan nan nan nan]
NaNs in self.residual at bs_iter=23
NaNs in un_normalized_lv_alpha_weights
NaN in normalizing_term
Compute pips
NaNs found in gene-tissue pair PIPs at indices: [ 0  1  2  3  4  5  6  7  8  9 10 11 12 13 14 15 16]
NaNs found in variant PIPs at indices: [    0     1     2 ... 10432 10433 10434]
NaNs found in gene PIPs at indices: [0 1 2 3 4 5 6]
###############################
TGFM
###############################
Initialize variables
Warning: 451 variants have NaN gwas_beta. Setting to 0 with large SE.
Iterative optimization

Residual before update:
[ 0.00876588  0.0054114  -0.00575378 ...  0.00611186 -0.00356134
  0.01016311]

Residual before update:
[ 0.00876567  0.00541129 -0.00575377 ...  0.00611179 -0.00356135
  0.0101631 ]

Residual before update:
[ 0.00885769  0.00550711 -0.00564415 ...  0.00612812 -0.0034615
  0.01017343]

Residual before update:
[ 0.00876552  0.00541039 -0.00575511 ...  0.00608638 -0.00356135
  0.01015261]

Residual before update:
[ 0.00717407  0.00477963 -0.00575065 ...  0.00783791 -0.00402309
  0.01024908]

Residual before update:
[ 0.00876484  0.00541088 -0.00575372 ...  0.0061115  -0.00356136
  0.01016306]

Residual before update:
[ 0.00876438  0.00541106 -0.00575031 ...  0.00611959 -0.00356165
  0.01016307]

Residual before update:
[ 0.00876443  0.00541068 -0.00575369 ...  0.00611136 -0.00356137
  0.01016304]

Residual before update:
[ 0.00876422  0.00541058 -0.00575368 ...  0.00611128 -0.00356137
  0.01016303]

Residual before update:
[ 0.00876401  0.00541048 -0.00575366 ...  0.00611121 -0.00356138
  0.01016302]

Residual before update:
[ 0.00876401  0.00541048 -0.00575366 ...  0.00611121 -0.00356138
  0.01016302]

Residual before update:
[ 0.00876401  0.00541048 -0.00575366 ...  0.00611121 -0.00356138
  0.01016302]

Residual before update:
[ 0.00885744  0.00552566 -0.00565211 ...  0.00611887 -0.00346001
  0.01017264]

Residual before update:
[ 0.0087654   0.00540965 -0.00575542 ...  0.00608617 -0.00356122
  0.01015219]

Residual before update:
[ 2.27524570e+25  9.04164469e+24 -4.42058825e+22 ... -2.46546763e+25
  6.61124210e+24 -1.22814406e+24]

Residual before update:
[ 0.00876401  0.00541048 -0.00575366 ...  0.00611121 -0.00356138
  0.01016302]

Residual before update:
[ 0.00874771  0.00541125 -0.00576691 ...  0.00602551 -0.00356995
  0.01016308]

Residual before update:
[ 0.00876401  0.00541048 -0.00575366 ...  0.00611121 -0.00356138
  0.01016302]

Residual before update:
[ 0.00876401  0.00541048 -0.00575366 ...  0.00611121 -0.00356138
  0.01016302]

Residual before update:
[ 0.00876401  0.00541047 -0.00575366 ...  0.00611121 -0.00356138
  0.01016302]

Residual before update:
[ 0.00876401  0.00541047 -0.00575366 ...  0.00611121 -0.00356138
  0.01016302]

Residual before update:
[ 0.00876401  0.00541047 -0.00575366 ...  0.00611121 -0.00356138
  0.01016302]

Residual before update:
[ 0.00885744  0.00552566 -0.00565211 ...  0.00611887 -0.00346001
  0.01017264]

Residual before update:
[ 0.00876588  0.0054095  -0.00575539 ...  0.00608186 -0.0035613
  0.01015251]

Residual before update:
[-3.23450650e+53 -1.28536697e+53  6.28434334e+50 ...  3.50492760e+53
 -9.39859117e+52  1.74593897e+52]

Residual before update:
[ 0.00876401  0.00541047 -0.00575366 ...  0.00611121 -0.00356138
  0.01016302]

Residual before update:
[ 0.00874632  0.00541134 -0.00576802 ...  0.00602301 -0.00356994
  0.01016309]

Residual before update:
[ 0.00876401  0.00541047 -0.00575366 ...  0.00611121 -0.00356138
  0.01016302]

Residual before update:
[ 0.00876401  0.00541047 -0.00575366 ...  0.00611121 -0.00356138
  0.01016302]

Residual before update:
[ 0.00876401  0.00541047 -0.00575366 ...  0.00611121 -0.00356138
  0.01016302]

Residual before update:
[ 0.00876401  0.00541047 -0.00575366 ...  0.00611121 -0.00356138
  0.01016302]

Residual before update:
[ 0.00876401  0.00541047 -0.00575366 ...  0.00611121 -0.00356138
  0.01016302]

Residual before update:
[ 0.00885744  0.00552566 -0.00565211 ...  0.00611887 -0.00346001
  0.01017264]

Residual before update:
[ 0.00876589  0.00540947 -0.00575539 ...  0.00608215 -0.00356129
  0.01015263]

Residual before update:
[ 4.59822559e+81  1.82729801e+81 -8.93392186e+78 ... -4.98266049e+81
  1.33611858e+81 -2.48205444e+80]

Residual before update:
[ 0.008764    0.00541047 -0.00575366 ...  0.00611121 -0.00356138
  0.01016302]

Residual before update:
[ 0.00874585  0.00541133 -0.00576833 ...  0.00602186 -0.0035699
  0.01016309]

Residual before update:
[ 0.008764    0.00541047 -0.00575366 ...  0.00611121 -0.00356138
  0.01016302]

Residual before update:
[ 0.008764    0.00541047 -0.00575366 ...  0.00611121 -0.00356138
  0.01016302]

Residual before update:
[ 0.008764    0.00541047 -0.00575366 ...  0.00611121 -0.00356138
  0.01016302]

Residual before update:
[ 0.008764    0.00541047 -0.00575366 ...  0.00611121 -0.00356138
  0.01016302]

Residual before update:
[ 0.008764    0.00541047 -0.00575366 ...  0.00611121 -0.00356138
  0.01016302]

Residual before update:
[ 0.00885744  0.00552566 -0.00565211 ...  0.00611887 -0.00346001
  0.01017264]

Residual before update:
[ 0.00876589  0.00540948 -0.00575537 ...  0.00608253 -0.00356129
  0.01015276]

Residual before update:
[-6.53691020e+109 -2.59771575e+109  1.27006046e+107 ...  7.08342894e+109
 -1.89944730e+109  3.52852784e+108]

Residual before update:
[ 0.008764    0.00541047 -0.00575366 ...  0.00611121 -0.00356138
  0.01016302]

Residual before update:
[ 0.00874577  0.00541133 -0.00576841 ...  0.00602179 -0.00356987
  0.01016309]

Residual before update:
[ 0.008764    0.00541047 -0.00575366 ...  0.00611121 -0.00356138
  0.01016302]

Residual before update:
[ 0.008764    0.00541047 -0.00575366 ...  0.0061112  -0.00356138
  0.01016302]

Residual before update:
[ 0.008764    0.00541047 -0.00575366 ...  0.00611121 -0.00356138
  0.01016302]
Compute pips
###############################
TGFM
###############################
Initialize variables
Warning: 451 variants have NaN gwas_beta. Setting to 0 with large SE.
Iterative optimization

Residual before update:
[ 0.00110218 -0.00362045  0.00049835 ... -0.0002501  -0.00018344
 -0.00197592]

Residual before update:
[ 0.00110216 -0.00362045  0.00049833 ... -0.00025011 -0.00018344
 -0.00197593]

Residual before update:
[ 0.00110215 -0.00362045  0.00049831 ... -0.00025011 -0.00018345
 -0.00197593]

Residual before update:
[ 0.00110213 -0.00362045  0.0004983  ... -0.00025012 -0.00018345
 -0.00197594]

Residual before update:
[ 0.00110211 -0.00362046  0.00049828 ... -0.00025012 -0.00018345
 -0.00197594]

Residual before update:
[ 0.00110209 -0.00362046  0.00049826 ... -0.00025013 -0.00018345
 -0.00197595]

Residual before update:
[ 0.00110208 -0.00362046  0.00049824 ... -0.00025013 -0.00018345
 -0.00197595]

Residual before update:
[ 0.00110206 -0.00362046  0.00049822 ... -0.00025014 -0.00018346
 -0.00197596]

Residual before update:
[ 0.00110204 -0.00362046  0.0004982  ... -0.00025014 -0.00018346
 -0.00197596]

Residual before update:
[ 0.00110203 -0.00362047  0.00049819 ... -0.00025015 -0.00018346
 -0.00197597]

Residual before update:
[ 0.00110203 -0.00362047  0.00049819 ... -0.00025015 -0.00018346
 -0.00197597]

Residual before update:
[ 0.00110203 -0.00362047  0.00049819 ... -0.00025015 -0.00018346
 -0.00197597]

Residual before update:
[ 0.00110203 -0.00362046  0.00049819 ... -0.00025015 -0.00018346
 -0.00197597]

Residual before update:
[ 0.00110203 -0.00362046  0.00049819 ... -0.00025015 -0.00018346
 -0.00197597]

Residual before update:
[ 0.00110203 -0.00362046  0.00049819 ... -0.00025015 -0.00018346
 -0.00197597]

Residual before update:
[ 0.00110203 -0.00362046  0.00049819 ... -0.00025015 -0.00018346
 -0.00197597]

Residual before update:
[ 0.00110203 -0.00362046  0.00049819 ... -0.00025015 -0.00018346
 -0.00197597]

Residual before update:
[ 0.00110203 -0.00362046  0.00049819 ... -0.00025015 -0.00018346
 -0.00197597]

Residual before update:
[ 0.00110203 -0.00362046  0.00049819 ... -0.00025015 -0.00018346
 -0.00197597]

Residual before update:
[ 0.00110203 -0.00362046  0.00049819 ... -0.00025015 -0.00018346
 -0.00197597]

Residual before update:
[ 0.00110203 -0.00362046  0.00049819 ... -0.00025015 -0.00018346
 -0.00197597]

Residual before update:
[ 0.00110203 -0.00362046  0.00049819 ... -0.00025015 -0.00018346
 -0.00197597]

Residual before update:
[ 0.00110203 -0.00362046  0.00049819 ... -0.00025015 -0.00018346
 -0.00197597]

Residual before update:
[ 0.00110203 -0.00362046  0.00049819 ... -0.00025015 -0.00018346
 -0.00197597]

Residual before update:
[ 0.00110203 -0.00362046  0.00049819 ... -0.00025015 -0.00018346
 -0.00197597]

Residual before update:
[ 0.00110203 -0.00362046  0.00049819 ... -0.00025015 -0.00018346
 -0.00197597]

Residual before update:
[ 0.00110203 -0.00362046  0.00049819 ... -0.00025015 -0.00018346
 -0.00197597]

Residual before update:
[ 0.00110203 -0.00362046  0.00049819 ... -0.00025015 -0.00018346
 -0.00197597]

Residual before update:
[ 0.00110203 -0.00362046  0.00049819 ... -0.00025015 -0.00018346
 -0.00197597]

Residual before update:
[ 0.00110203 -0.00362046  0.00049819 ... -0.00025015 -0.00018346
 -0.00197597]

Residual before update:
[ 0.00110203 -0.00362046  0.00049819 ... -0.00025015 -0.00018346
 -0.00197597]

Residual before update:
[ 0.00110203 -0.00362046  0.00049819 ... -0.00025015 -0.00018346
 -0.00197597]

Residual before update:
[ 0.00110203 -0.00362046  0.00049819 ... -0.00025015 -0.00018346
 -0.00197597]

Residual before update:
[ 0.00110203 -0.00362046  0.00049819 ... -0.00025015 -0.00018346
 -0.00197597]

Residual before update:
[ 0.00110203 -0.00362046  0.00049819 ... -0.00025015 -0.00018346
 -0.00197597]

Residual before update:
[ 0.00110203 -0.00362046  0.00049819 ... -0.00025015 -0.00018346
 -0.00197597]

Residual before update:
[ 0.00110203 -0.00362046  0.00049819 ... -0.00025015 -0.00018346
 -0.00197597]

Residual before update:
[ 0.00110203 -0.00362046  0.00049819 ... -0.00025015 -0.00018346
 -0.00197597]

Residual before update:
[ 0.00110203 -0.00362046  0.00049819 ... -0.00025015 -0.00018346
 -0.00197597]

Residual before update:
[ 0.00110203 -0.00362046  0.00049819 ... -0.00025015 -0.00018346
 -0.00197597]

Residual before update:
[ 0.00110203 -0.00362046  0.00049819 ... -0.00025015 -0.00018346
 -0.00197597]

Residual before update:
[ 0.00110203 -0.00362046  0.00049819 ... -0.00025015 -0.00018346
 -0.00197597]
NaNs in component_non_med_pred at component 2

Residual before update:
[ 0.00110203 -0.00362046  0.00049819 ... -0.00025015 -0.00018346
 -0.00197597]
NaNs in residual_incl_alpha[99, :]
NaN in mixture_alpha_mu: b_terms=[nan nan nan nan nan nan nan]
NaNs in self.residual at bs_iter=99
NaNs in un_normalized_lv_alpha_weights
NaN in normalizing_term
NaNs in component_non_med_pred at component 3

Residual before update:
[ 0.00110203 -0.00362046  0.00049819 ... -0.00025015 -0.00018346
 -0.00197597]
NaNs in residual_incl_alpha[99, :]
NaNs in gene_weights for bs_iter=99
NaN in mixture_alpha_mu: b_terms=[nan nan nan nan nan nan nan]
NaNs in self.residual at bs_iter=99
NaNs in un_normalized_lv_alpha_weights
NaN in normalizing_term
NaNs in component_non_med_pred at component 4

Residual before update:
[ 0.00110203 -0.00362046  0.00049819 ... -0.00025015 -0.00018346
 -0.00197597]
NaNs in residual_incl_alpha[99, :]
NaNs in gene_weights for bs_iter=99
NaN in mixture_alpha_mu: b_terms=[nan nan nan nan nan nan nan]
NaNs in self.residual at bs_iter=99
NaNs in un_normalized_lv_alpha_weights
NaN in normalizing_term
NaNs in component_non_med_pred at component 5

Residual before update:
[ 0.00110203 -0.00362046  0.00049819 ... -0.00025015 -0.00018346
 -0.00197597]
NaNs in residual_incl_alpha[99, :]
NaNs in gene_weights for bs_iter=99
NaN in mixture_alpha_mu: b_terms=[nan nan nan nan nan nan nan]
NaNs in self.residual at bs_iter=99
NaNs in un_normalized_lv_alpha_weights
NaN in normalizing_term
NaNs in component_non_med_pred at component 6

Residual before update:
[ 0.00110203 -0.00362046  0.00049819 ... -0.00025015 -0.00018346
 -0.00197597]
NaNs in residual_incl_alpha[99, :]
NaNs in gene_weights for bs_iter=99
NaN in mixture_alpha_mu: b_terms=[nan nan nan nan nan nan nan]
NaNs in self.residual at bs_iter=99
NaNs in un_normalized_lv_alpha_weights
NaN in normalizing_term
NaNs in component_non_med_pred at component 7

Residual before update:
[ 0.00110203 -0.00362046  0.00049819 ... -0.00025015 -0.00018346
 -0.00197597]
NaNs in residual_incl_alpha[99, :]
NaNs in gene_weights for bs_iter=99
NaN in mixture_alpha_mu: b_terms=[nan nan nan nan nan nan nan]
NaNs in self.residual at bs_iter=99
NaNs in un_normalized_lv_alpha_weights
NaN in normalizing_term
NaNs in component_non_med_pred at component 8

Residual before update:
[ 0.00110203 -0.00362046  0.00049819 ... -0.00025015 -0.00018346
 -0.00197597]
NaNs in residual_incl_alpha[99, :]
NaNs in gene_weights for bs_iter=99
NaN in mixture_alpha_mu: b_terms=[nan nan nan nan nan nan nan]
NaNs in self.residual at bs_iter=99
NaNs in un_normalized_lv_alpha_weights
NaN in normalizing_term
NaNs in component_non_med_pred at component 9

Residual before update:
[ 0.00110203 -0.00362046  0.00049819 ... -0.00025015 -0.00018346
 -0.00197597]
NaNs in residual_incl_alpha[99, :]
NaNs in gene_weights for bs_iter=99
NaN in mixture_alpha_mu: b_terms=[nan nan nan nan nan nan nan]
NaNs in self.residual at bs_iter=99
NaNs in un_normalized_lv_alpha_weights
NaN in normalizing_term
Compute pips
NaNs found in gene-tissue pair PIPs at indices: [0 1 2 3 4 5 6]
NaNs found in variant PIPs at indices: [   0    1    2 ... 9652 9653 9654]
NaNs found in gene PIPs at indices: [0 1]
###############################
TGFM
###############################
Initialize variables
Warning: 439 variants have NaN gwas_beta. Setting to 0 with large SE.
Iterative optimization

Residual before update:
[ 0.00518286  0.00311308 -0.00027019 ...  0.00141989  0.00090214
 -0.01126201]

Residual before update:
[ 0.00518291  0.00311308 -0.00027018 ...  0.00142068  0.00090245
 -0.01126181]

Residual before update:
[ 0.00518296  0.00311309 -0.00027017 ...  0.00142137  0.00090272
 -0.01126162]

Residual before update:
[ 0.005183    0.00311309 -0.00027017 ...  0.001422    0.00090297
 -0.01126145]

Residual before update:
[ 0.00518304  0.00311309 -0.00027016 ...  0.00142256  0.0009032
 -0.01126129]

Residual before update:
[ 0.00518308  0.00311309 -0.00027016 ...  0.00142307  0.00090341
 -0.01126115]

Residual before update:
[ 0.00518311  0.00311309 -0.00027015 ...  0.00142354  0.00090361
 -0.01126101]

Residual before update:
[ 0.00518314  0.00311309 -0.00027015 ...  0.00142398  0.0009038
 -0.01126087]

Residual before update:
[ 0.00518316  0.00311309 -0.00027015 ...  0.00142438  0.00090397
 -0.01126074]

Residual before update:
[ 0.00518319  0.00311309 -0.00027014 ...  0.00142476  0.00090414
 -0.01126062]

Residual before update:
[ 0.00518316  0.00311309 -0.00027015 ...  0.00142432  0.00090399
 -0.0112607 ]

Residual before update:
[ 0.00518314  0.00311309 -0.00027015 ...  0.001424    0.00090388
 -0.01126076]

Residual before update:
[ 0.00518313  0.00311309 -0.00027016 ...  0.00142378  0.00090381
 -0.01126081]

Residual before update:
[ 0.00518312  0.00311308 -0.00027016 ...  0.00142363  0.00090375
 -0.01126083]

Residual before update:
[ 0.00518311  0.00311308 -0.00027016 ...  0.00142354  0.00090372
 -0.01126085]

Residual before update:
[ 0.00518311  0.00311308 -0.00027016 ...  0.0014235   0.00090371
 -0.01126086]

Residual before update:
[ 0.00518311  0.00311308 -0.00027016 ...  0.00142349  0.00090371
 -0.01126086]

Residual before update:
[ 0.00518311  0.00311308 -0.00027016 ...  0.00142352  0.00090372
 -0.01126086]

Residual before update:
[ 0.00518311  0.00311309 -0.00027016 ...  0.00142358  0.00090373
 -0.01126085]

Residual before update:
[ 0.00518312  0.00311309 -0.00027016 ...  0.00142366  0.00090376
 -0.01126083]

Residual before update:
[ 0.00518312  0.00311309 -0.00027016 ...  0.0014237   0.00090377
 -0.01126082]

Residual before update:
[ 0.00518312  0.00311309 -0.00027016 ...  0.00142372  0.00090378
 -0.01126082]

Residual before update:
[ 0.00518312  0.00311309 -0.00027016 ...  0.00142373  0.00090378
 -0.01126082]

Residual before update:
[ 0.00518312  0.00311309 -0.00027016 ...  0.00142372  0.00090378
 -0.01126082]

Residual before update:
[ 0.00518312  0.00311309 -0.00027016 ...  0.00142371  0.00090378
 -0.01126082]

Residual before update:
[ 0.00518312  0.00311309 -0.00027016 ...  0.0014237   0.00090378
 -0.01126082]

Residual before update:
[ 0.00518312  0.00311309 -0.00027016 ...  0.00142369  0.00090377
 -0.01126082]

Residual before update:
[ 0.00518312  0.00311309 -0.00027016 ...  0.00142368  0.00090377
 -0.01126082]

Residual before update:
[ 0.00518312  0.00311309 -0.00027016 ...  0.00142368  0.00090377
 -0.01126082]

Residual before update:
[ 0.00518312  0.00311309 -0.00027016 ...  0.00142368  0.00090377
 -0.01126082]

Residual before update:
[ 0.00518312  0.00311309 -0.00027016 ...  0.00142368  0.00090377
 -0.01126082]

Residual before update:
[ 0.00518312  0.00311309 -0.00027016 ...  0.00142368  0.00090377
 -0.01126082]

Residual before update:
[ 0.00518312  0.00311309 -0.00027016 ...  0.00142369  0.00090377
 -0.01126082]

Residual before update:
[ 0.00518312  0.00311309 -0.00027016 ...  0.00142369  0.00090377
 -0.01126082]

Residual before update:
[ 0.00518312  0.00311309 -0.00027016 ...  0.0014237   0.00090378
 -0.01126082]

Residual before update:
[ 0.00518312  0.00311309 -0.00027016 ...  0.0014237   0.00090378
 -0.01126082]

Residual before update:
[ 0.00518312  0.00311309 -0.00027016 ...  0.0014237   0.00090378
 -0.01126082]

Residual before update:
[ 0.00518312  0.00311309 -0.00027016 ...  0.0014237   0.00090378
 -0.01126082]

Residual before update:
[ 0.00518312  0.00311309 -0.00027016 ...  0.0014237   0.00090378
 -0.01126082]

Residual before update:
[ 0.00518312  0.00311309 -0.00027016 ...  0.0014237   0.00090378
 -0.01126082]

Residual before update:
[ 0.00518312  0.00311309 -0.00027016 ...  0.0014237   0.00090378
 -0.01126082]

Residual before update:
[ 0.00518312  0.00311309 -0.00027016 ...  0.0014237   0.00090378
 -0.01126082]

Residual before update:
[ 0.00518312  0.00311309 -0.00027016 ...  0.0014237   0.00090378
 -0.01126082]

Residual before update:
[ 0.00518312  0.00311309 -0.00027016 ...  0.00142371  0.00090378
 -0.01126082]

Residual before update:
[ 0.00518312  0.00311309 -0.00027016 ...  0.00142371  0.00090378
 -0.01126081]

Residual before update:
[ 0.00518312  0.00311309 -0.00027016 ...  0.00142371  0.00090378
 -0.01126081]

Residual before update:
[ 0.00518312  0.00311309 -0.00027016 ...  0.00142371  0.00090378
 -0.01126081]

Residual before update:
[ 0.00518312  0.00311309 -0.00027016 ...  0.00142371  0.00090378
 -0.01126081]

Residual before update:
[ 0.00518312  0.00311309 -0.00027016 ...  0.00142372  0.00090378
 -0.01126081]

Residual before update:
[ 0.00518312  0.00311309 -0.00027016 ...  0.00142372  0.00090379
 -0.01126081]
Compute pips
###############################
TGFM
###############################
Initialize variables
Warning: 460 variants have NaN gwas_beta. Setting to 0 with large SE.
Iterative optimization

Residual before update:
[-0.0016407   0.00677006  0.0094992  ... -0.00310853 -0.00020282
  0.00431064]

Residual before update:
[-0.00163866  0.00677013  0.00949926 ... -0.00310833 -0.00020275
  0.00431071]

Residual before update:
[-0.00163666  0.00677019  0.00949926 ... -0.00310815 -0.0002027
  0.00431075]

Residual before update:
[-0.00163461  0.00677026  0.00949941 ... -0.00310794 -0.00020262
  0.00431084]

Residual before update:
[-0.00160933  0.00685458  0.0094474  ... -0.00314393 -0.00037242
  0.0038868 ]

Residual before update:
[-0.00163074  0.00677037  0.00949926 ... -0.00310757 -0.00020253
  0.00431087]

Residual before update:
[-0.00164666  0.00667354  0.00901241 ... -0.00315432 -0.00065141
  0.00312896]

Residual before update:
[-0.00162686  0.00677048  0.0094993  ... -0.0031072  -0.00020243
  0.00431096]

Residual before update:
[-0.00162483  0.00677055  0.00949959 ... -0.00310703 -0.00020232
  0.00431111]

Residual before update:
[-0.00162307  0.00677059  0.00949929 ... -0.00310686 -0.00020231
  0.00431107]

Residual before update:
[-0.00162659  0.00677823  0.01008736 ... -0.00312282  0.00018706
  0.0051579 ]

Residual before update:
[-0.00162333  0.00677056  0.0094992  ... -0.00310691 -0.00020234
  0.00431102]

Residual before update:
[-0.00162346  0.00677054  0.00949909 ... -0.00310697 -0.0002024
  0.00431098]

Residual before update:
[-0.00162346  0.00677055  0.00949923 ... -0.00310694 -0.00020234
  0.00431101]

Residual before update:
[-0.00162083  0.00681431  0.009435   ... -0.00314218 -0.00036891
  0.00387464]

Residual before update:
[-0.00162365  0.00677053  0.00949903 ... -0.00310696 -0.00020237
  0.00431094]

Residual before update:
[-0.00164856  0.00665349  0.00901962 ... -0.00316381 -0.00059392
  0.00318687]

Residual before update:
[-0.00162366  0.00677052  0.00949908 ... -0.00310696 -0.00020237
  0.00431095]

Residual before update:
[-0.00162355  0.00677054  0.0094993  ... -0.00310697 -0.00020233
  0.00431103]

Residual before update:
[-0.00162364  0.00677052  0.00949911 ... -0.00310697 -0.00020236
  0.00431098]

Residual before update:
[-0.0016276   0.00678242  0.01009421 ... -0.00310832  0.00019013
  0.00520252]

Residual before update:
[-0.0016236   0.00677053  0.00949915 ... -0.00310696 -0.00020236
  0.00431099]

Residual before update:
[-0.00162362  0.00677052  0.00949908 ... -0.003107   -0.0002024
  0.00431097]

Residual before update:
[-0.00162351  0.00677054  0.00949926 ... -0.00310696 -0.00020234
  0.00431102]

Residual before update:
[-0.00164984  0.0067263   0.0093489  ... -0.00311885 -0.0003721
  0.00391372]

Residual before update:
[-0.00162358  0.00677053  0.00949905 ... -0.00310696 -0.00020237
  0.00431095]

Residual before update:
[-0.00164856  0.00665348  0.0090196  ... -0.00316382 -0.00059381
  0.00318698]

Residual before update:
[-0.00162353  0.00677053  0.00949909 ... -0.00310694 -0.00020237
  0.00431096]

Residual before update:
[-0.00162341  0.00677054  0.00949931 ... -0.00310695 -0.00020233
  0.00431104]

Residual before update:
[-0.00162351  0.00677053  0.0094991  ... -0.00310695 -0.00020236
  0.00431099]

Residual before update:
[-0.0016276   0.00678242  0.01009408 ... -0.00310826  0.00018996
  0.00520232]

Residual before update:
[-0.00162348  0.00677053  0.00949914 ... -0.00310695 -0.00020236
  0.00431099]

Residual before update:
[-0.00162349  0.00677052  0.00949907 ... -0.00310699 -0.0002024
  0.00431097]

Residual before update:
[-0.00162339  0.00677054  0.00949925 ... -0.00310695 -0.00020234
  0.00431102]

Residual before update:
[-0.00164965  0.00672691  0.00934948 ... -0.00311902 -0.00037191
  0.00391356]

Residual before update:
[-0.00162347  0.00677053  0.00949904 ... -0.00310695 -0.00020237
  0.00431095]

Residual before update:
[-0.00164855  0.00665347  0.00901957 ... -0.00316383 -0.00059371
  0.00318708]

Residual before update:
[-0.00162341  0.00677053  0.00949909 ... -0.00310693 -0.00020236
  0.00431096]

Residual before update:
[-0.00162327  0.00677054  0.00949931 ... -0.00310694 -0.00020232
  0.00431104]

Residual before update:
[-0.00162338  0.00677053  0.0094991  ... -0.00310694 -0.00020235
  0.00431099]

Residual before update:
[-0.0016276   0.00678242  0.01009401 ... -0.00310821  0.00018987
  0.00520228]

Residual before update:
[-0.00162336  0.00677054  0.00949914 ... -0.00310694 -0.00020235
  0.00431099]

Residual before update:
[-0.00162337  0.00677053  0.00949907 ... -0.00310698 -0.0002024
  0.00431097]

Residual before update:
[-0.00162327  0.00677054  0.00949925 ... -0.00310694 -0.00020234
  0.00431102]

Residual before update:
[-0.00164926  0.00672811  0.00935065 ... -0.00311935 -0.00037173
  0.00391311]

Residual before update:
[-0.00162336  0.00677053  0.00949904 ... -0.00310694 -0.00020236
  0.00431095]

Residual before update:
[-0.00164855  0.00665346  0.00901955 ... -0.00316384 -0.00059362
  0.00318718]

Residual before update:
[-0.00162329  0.00677053  0.00949909 ... -0.00310692 -0.00020236
  0.00431096]

Residual before update:
[-0.00162314  0.00677055  0.00949931 ... -0.00310693 -0.00020232
  0.00431105]

Residual before update:
[-0.00162326  0.00677053  0.0094991  ... -0.00310693 -0.00020235
  0.00431099]
Compute pips
###############################
TGFM
###############################
Initialize variables
Warning: 416 variants have NaN gwas_beta. Setting to 0 with large SE.
Iterative optimization

Residual before update:
[ 0.00998632 -0.00797172 -0.00093441 ... -0.00133944 -0.00860583
 -0.0004597 ]

Residual before update:
[ 0.00998817 -0.00797122 -0.00091344 ... -0.00094362 -0.00859641
 -0.00045729]

Residual before update:
[ 0.00998578 -0.00797184 -0.00093419 ... -0.00133957 -0.00860575
 -0.0004597 ]

Residual before update:
[ 0.0099854  -0.00797723 -0.00093537 ... -0.00133967 -0.00861178
 -0.00046007]

Residual before update:
[ 0.00998525 -0.00797196 -0.00093397 ... -0.0013397  -0.00860566
 -0.0004597 ]

Residual before update:
[ 0.00998445 -0.00797385 -0.00093462 ... -0.0013425  -0.008615
 -0.0004719 ]

Residual before update:
[ 0.00998472 -0.00797207 -0.00093375 ... -0.00133982 -0.00860558
 -0.0004597 ]

Residual before update:
[ 0.00998446 -0.00797212 -0.00093363 ... -0.00133988 -0.00860553
 -0.0004597 ]

Residual before update:
[ 0.0099842  -0.00797218 -0.00093352 ... -0.00133994 -0.00860549
 -0.0004597 ]

Residual before update:
[ 0.00998393 -0.00797223 -0.00093341 ... -0.00134    -0.00860545
 -0.0004597 ]

Residual before update:
[ 0.00998394 -0.00797222 -0.00093341 ... -0.00134    -0.00860545
 -0.0004597 ]

Residual before update:
[ 0.00998131 -0.00797082 -0.0009059  ... -0.0009461  -0.00859965
 -0.00045749]

Residual before update:
[ 0.00998394 -0.0079722  -0.00093341 ... -0.00133999 -0.00860544
 -0.0004597 ]

Residual before update:
[ 0.00998552 -0.00793855 -0.00092641 ... -0.0013396  -0.00856603
 -0.00045836]

Residual before update:
[ 0.00998394 -0.0079722  -0.00093341 ... -0.00133999 -0.00860544
 -0.00045969]

Residual before update:
[ 0.0099833  -0.00797301 -0.00093439 ... -0.00134329 -0.00861543
 -0.00046935]

Residual before update:
[ 0.00998394 -0.00797219 -0.00093341 ... -0.00133999 -0.00860544
 -0.0004597 ]

Residual before update:
[ 0.00998394 -0.00797219 -0.00093341 ... -0.00133999 -0.00860544
 -0.0004597 ]

Residual before update:
[ 0.00998394 -0.00797219 -0.00093341 ... -0.00133999 -0.00860544
 -0.0004597 ]

Residual before update:
[ 0.00998394 -0.00797219 -0.00093341 ... -0.00133999 -0.00860544
 -0.0004597 ]

Residual before update:
[ 0.00998394 -0.0079722  -0.00093341 ... -0.00133999 -0.00860544
 -0.0004597 ]

Residual before update:
[ 0.0099876  -0.00797146 -0.00091106 ... -0.00094495 -0.00859229
 -0.00045643]

Residual before update:
[ 0.00998393 -0.0079722  -0.00093341 ... -0.00133999 -0.00860544
 -0.0004597 ]

Residual before update:
[ 0.0099812  -0.00799651 -0.00094743 ... -0.00134342 -0.00858921
 -0.00051165]

Residual before update:
[ 0.00998393 -0.0079722  -0.0009334  ... -0.00134    -0.00860544
 -0.00045969]

Residual before update:
[ 0.00998312 -0.00797255 -0.00093454 ... -0.00134378 -0.00861583
 -0.00046725]

Residual before update:
[ 0.00998393 -0.0079722  -0.0009334  ... -0.00134    -0.00860544
 -0.0004597 ]

Residual before update:
[ 0.00998393 -0.0079722  -0.0009334  ... -0.00134    -0.00860544
 -0.0004597 ]

Residual before update:
[ 0.00998392 -0.0079722  -0.0009334  ... -0.00134    -0.00860544
 -0.0004597 ]

Residual before update:
[ 0.00998392 -0.0079722  -0.0009334  ... -0.00134    -0.00860544
 -0.0004597 ]

Residual before update:
[ 0.00998392 -0.0079722  -0.0009334  ... -0.00134    -0.00860544
 -0.0004597 ]

Residual before update:
[ 0.00998705 -0.0079715  -0.00091133 ... -0.00094689 -0.00859229
 -0.00045638]

Residual before update:
[ 0.00998392 -0.0079722  -0.0009334  ... -0.00134    -0.00860544
 -0.0004597 ]

Residual before update:
[ 0.00998443 -0.00793273 -0.00092531 ... -0.00136505 -0.00855096
 -0.00049011]

Residual before update:
[ 0.00998392 -0.0079722  -0.0009334  ... -0.00134    -0.00860544
 -0.00045969]

Residual before update:
[ 0.00998312 -0.00797254 -0.00093454 ... -0.00134377 -0.00861579
 -0.0004672 ]

Residual before update:
[ 0.00998391 -0.0079722  -0.0009334  ... -0.00134    -0.00860544
 -0.0004597 ]

Residual before update:
[ 0.00998391 -0.0079722  -0.00093339 ... -0.00134    -0.00860544
 -0.0004597 ]

Residual before update:
[ 0.00998391 -0.0079722  -0.00093339 ... -0.00134    -0.00860544
 -0.0004597 ]

Residual before update:
[ 0.00998391 -0.0079722  -0.00093339 ... -0.00134    -0.00860543
 -0.0004597 ]

Residual before update:
[ 0.00998391 -0.0079722  -0.00093339 ... -0.00134    -0.00860543
 -0.0004597 ]

Residual before update:
[ 0.00998699 -0.0079715  -0.00091132 ... -0.00094666 -0.00859232
 -0.00045639]

Residual before update:
[ 0.0099839  -0.0079722  -0.00093339 ... -0.00134    -0.00860543
 -0.0004597 ]

Residual before update:
[ 0.00998625 -0.00793484 -0.00092308 ... -0.00135826 -0.00855299
 -0.00048358]
NaNs in component_non_med_pred at component 4

Residual before update:
[ 0.0099839  -0.0079722  -0.00093339 ... -0.00134001 -0.00860543
 -0.00045969]
NaNs in residual_incl_alpha[71, :]
NaN in mixture_alpha_mu: b_terms=[nan nan nan nan nan nan nan nan nan nan nan nan nan nan nan nan nan nan
 nan nan nan nan nan]
NaNs in self.residual at bs_iter=71
NaNs in un_normalized_lv_alpha_weights
NaN in normalizing_term
NaNs in component_non_med_pred at component 5

Residual before update:
[ 0.00998312 -0.00797253 -0.00093453 ... -0.00134376 -0.00861575
 -0.00046714]
NaNs in residual_incl_alpha[71, :]
NaNs in gene_weights for bs_iter=71
NaN in mixture_alpha_mu: b_terms=[nan nan nan nan nan nan nan nan nan nan nan nan nan nan nan nan nan nan
 nan nan nan nan nan]
NaNs in self.residual at bs_iter=71
NaNs in un_normalized_lv_alpha_weights
NaN in normalizing_term
NaNs in component_non_med_pred at component 6

Residual before update:
[ 0.0099839  -0.0079722  -0.00093339 ... -0.00134    -0.00860543
 -0.0004597 ]
NaNs in residual_incl_alpha[71, :]
NaNs in gene_weights for bs_iter=71
NaN in mixture_alpha_mu: b_terms=[nan nan nan nan nan nan nan nan nan nan nan nan nan nan nan nan nan nan
 nan nan nan nan nan]
NaNs in self.residual at bs_iter=71
NaNs in un_normalized_lv_alpha_weights
NaN in normalizing_term
NaNs in component_non_med_pred at component 7

Residual before update:
[ 0.00998389 -0.0079722  -0.00093339 ... -0.00134    -0.00860543
 -0.0004597 ]
NaNs in residual_incl_alpha[71, :]
NaNs in gene_weights for bs_iter=71
NaN in mixture_alpha_mu: b_terms=[nan nan nan nan nan nan nan nan nan nan nan nan nan nan nan nan nan nan
 nan nan nan nan nan]
NaNs in self.residual at bs_iter=71
NaNs in un_normalized_lv_alpha_weights
NaN in normalizing_term
NaNs in component_non_med_pred at component 8

Residual before update:
[ 0.00998389 -0.0079722  -0.00093339 ... -0.00134    -0.00860543
 -0.0004597 ]
NaNs in residual_incl_alpha[71, :]
NaNs in gene_weights for bs_iter=71
NaN in mixture_alpha_mu: b_terms=[nan nan nan nan nan nan nan nan nan nan nan nan nan nan nan nan nan nan
 nan nan nan nan nan]
NaNs in self.residual at bs_iter=71
NaNs in un_normalized_lv_alpha_weights
NaN in normalizing_term
NaNs in component_non_med_pred at component 9

Residual before update:
[ 0.00998389 -0.0079722  -0.00093339 ... -0.00134    -0.00860543
 -0.0004597 ]
NaNs in residual_incl_alpha[71, :]
NaNs in gene_weights for bs_iter=71
NaN in mixture_alpha_mu: b_terms=[nan nan nan nan nan nan nan nan nan nan nan nan nan nan nan nan nan nan
 nan nan nan nan nan]
NaNs in self.residual at bs_iter=71
NaNs in un_normalized_lv_alpha_weights
NaN in normalizing_term
Compute pips
NaNs found in gene-tissue pair PIPs at indices: [ 0  1  2  3  4  5  6  7  8  9 10 11 12 13 14 15 16 17 18 19 20 21 22]
NaNs found in variant PIPs at indices: [    0     1     2 ... 10798 10799 10800]
NaNs found in gene PIPs at indices: [0 1 2 3 4 5 6]
###############################
TGFM
###############################
Initialize variables
Warning: 320 variants have NaN gwas_beta. Setting to 0 with large SE.
Iterative optimization

Residual before update:
[-0.00380962 -0.00851024 -0.00026806 ... -0.00898762 -0.00130433
  0.00289209]

Residual before update:
[-0.00380971 -0.00851024 -0.00026809 ... -0.00898676 -0.00130428
  0.0028921 ]

Residual before update:
[-0.00380978 -0.00851023 -0.00026812 ... -0.00898591 -0.00130423
  0.00289211]

Residual before update:
[-0.00380985 -0.00851022 -0.00026815 ... -0.00898505 -0.00130419
  0.00289212]

Residual before update:
[-0.00380992 -0.00851021 -0.00026818 ... -0.00898419 -0.00130414
  0.00289212]

Residual before update:
[-0.00380998 -0.00851021 -0.0002682  ... -0.00898334 -0.00130409
  0.00289213]

Residual before update:
[-0.00381004 -0.0085102  -0.00026822 ... -0.00898248 -0.00130404
  0.00289214]

Residual before update:
[-0.00381029 -0.00851076 -0.00026911 ... -0.00898171 -0.00130691
  0.00288907]

Residual before update:
[-0.00381015 -0.00851018 -0.00026827 ... -0.00898077 -0.00130394
  0.00289216]

Residual before update:
[-0.0038102  -0.00851017 -0.00026829 ... -0.00897991 -0.00130389
  0.00289217]

Residual before update:
[-0.00381017 -0.00851017 -0.00026828 ... -0.00897991 -0.00130389
  0.00289217]

Residual before update:
[-0.00381014 -0.00851016 -0.00026827 ... -0.00897991 -0.00130388
  0.00289217]

Residual before update:
[-0.00381012 -0.00851016 -0.00026826 ... -0.0089799  -0.00130388
  0.00289217]

Residual before update:
[-0.00381011 -0.00851016 -0.00026826 ... -0.0089799  -0.00130388
  0.00289217]

Residual before update:
[-0.0038101  -0.00851016 -0.00026825 ... -0.0089799  -0.00130388
  0.00289217]

Residual before update:
[-0.00381009 -0.00851016 -0.00026825 ... -0.00897989 -0.00130388
  0.00289217]

Residual before update:
[-0.00381009 -0.00851016 -0.00026825 ... -0.00897989 -0.00130388
  0.00289217]

Residual before update:
[-0.00381033 -0.00851089 -0.00026935 ... -0.00897999 -0.00130762
  0.00288822]

Residual before update:
[-0.00381009 -0.00851016 -0.00026825 ... -0.00897988 -0.00130388
  0.00289217]

Residual before update:
[-0.00381009 -0.00851016 -0.00026825 ... -0.00897988 -0.00130388
  0.00289217]

Residual before update:
[-0.0038101  -0.00851016 -0.00026825 ... -0.00897988 -0.00130388
  0.00289217]

Residual before update:
[-0.0038101  -0.00851016 -0.00026825 ... -0.00897988 -0.00130388
  0.00289217]

Residual before update:
[-0.0038101  -0.00851016 -0.00026825 ... -0.00897987 -0.00130388
  0.00289217]

Residual before update:
[-0.0038101  -0.00851016 -0.00026825 ... -0.00897987 -0.00130388
  0.00289217]

Residual before update:
[-0.0038101  -0.00851016 -0.00026825 ... -0.00897986 -0.00130388
  0.00289217]

Residual before update:
[-0.0038101  -0.00851016 -0.00026825 ... -0.00897986 -0.00130388
  0.00289217]

Residual before update:
[-0.0038101  -0.00851016 -0.00026825 ... -0.00897985 -0.00130388
  0.00289217]

Residual before update:
[-0.00381035 -0.00851089 -0.00026936 ... -0.00897995 -0.00130763
  0.0028882 ]

Residual before update:
[-0.0038101  -0.00851016 -0.00026825 ... -0.00897985 -0.00130388
  0.00289217]

Residual before update:
[-0.0038101  -0.00851016 -0.00026825 ... -0.00897984 -0.00130388
  0.00289217]

Residual before update:
[-0.0038101  -0.00851016 -0.00026825 ... -0.00897984 -0.00130388
  0.00289217]

Residual before update:
[-0.0038101  -0.00851016 -0.00026825 ... -0.00897984 -0.00130388
  0.00289217]

Residual before update:
[-0.0038101  -0.00851016 -0.00026825 ... -0.00897983 -0.00130387
  0.00289217]

Residual before update:
[-0.0038101  -0.00851016 -0.00026825 ... -0.00897983 -0.00130387
  0.00289217]

Residual before update:
[-0.0038101  -0.00851016 -0.00026825 ... -0.00897982 -0.00130387
  0.00289217]

Residual before update:
[-0.0038101  -0.00851016 -0.00026825 ... -0.00897982 -0.00130387
  0.00289217]

Residual before update:
[-0.0038101  -0.00851016 -0.00026826 ... -0.00897981 -0.00130387
  0.00289217]

Residual before update:
[-0.00381035 -0.00851089 -0.00026937 ... -0.00897991 -0.00130765
  0.00288818]

Residual before update:
[-0.0038101  -0.00851016 -0.00026826 ... -0.00897981 -0.00130387
  0.00289217]

Residual before update:
[-0.0038101  -0.00851016 -0.00026826 ... -0.0089798  -0.00130387
  0.00289217]

Residual before update:
[-0.0038101  -0.00851016 -0.00026826 ... -0.0089798  -0.00130387
  0.00289217]

Residual before update:
[-0.0038101  -0.00851016 -0.00026826 ... -0.0089798  -0.00130387
  0.00289217]

Residual before update:
[-0.0038101  -0.00851016 -0.00026826 ... -0.00897979 -0.00130387
  0.00289217]

Residual before update:
[-0.0038101  -0.00851016 -0.00026826 ... -0.00897979 -0.00130387
  0.00289217]

Residual before update:
[-0.0038101  -0.00851016 -0.00026826 ... -0.00897978 -0.00130387
  0.00289217]

Residual before update:
[-0.0038101  -0.00851016 -0.00026826 ... -0.00897978 -0.00130387
  0.00289217]

Residual before update:
[-0.0038101  -0.00851016 -0.00026826 ... -0.00897977 -0.00130387
  0.00289217]

Residual before update:
[-0.00381035 -0.0085109  -0.00026938 ... -0.00897986 -0.00130767
  0.00288816]

Residual before update:
[-0.0038101  -0.00851016 -0.00026826 ... -0.00897977 -0.00130387
  0.00289217]

Residual before update:
[-0.0038101  -0.00851016 -0.00026826 ... -0.00897976 -0.00130387
  0.00289217]
Compute pips
###############################
TGFM
###############################
Initialize variables
Warning: 272 variants have NaN gwas_beta. Setting to 0 with large SE.
Iterative optimization

Residual before update:
[-0.00126232 -0.00346826  0.00286883 ... -0.00294858 -0.00544036
  0.00240643]

Residual before update:
[-0.0012623  -0.00346827  0.00286883 ... -0.00294852 -0.00544029
  0.00240638]

Residual before update:
[-0.00126229 -0.00346828  0.00286883 ... -0.00294846 -0.00544022
  0.00240634]

Residual before update:
[-0.00126228 -0.00346829  0.00286882 ... -0.0029484  -0.00544015
  0.0024063 ]

Residual before update:
[-0.00126227 -0.0034683   0.00286882 ... -0.00294834 -0.00544008
  0.00240625]

Residual before update:
[-0.00126225 -0.00346831  0.00286882 ... -0.00294828 -0.00544001
  0.00240621]

Residual before update:
[-0.00126224 -0.00346832  0.00286881 ... -0.00294822 -0.00543993
  0.00240616]

Residual before update:
[-0.00126223 -0.00346833  0.00286881 ... -0.00294816 -0.00543986
  0.00240612]

Residual before update:
[-0.00126222 -0.00346834  0.00286881 ... -0.0029481  -0.00543979
  0.00240608]

Residual before update:
[-0.00126221 -0.00346836  0.0028688  ... -0.00294804 -0.00543972
  0.00240603]

Residual before update:
[-0.00126221 -0.00346836  0.0028688  ... -0.00294804 -0.00543972
  0.00240604]

Residual before update:
[-0.00126221 -0.00346836  0.0028688  ... -0.00294804 -0.00543972
  0.00240603]

Residual before update:
[-0.00126221 -0.00346836  0.0028688  ... -0.00294804 -0.00543972
  0.00240603]

Residual before update:
[-0.00126221 -0.00346836  0.0028688  ... -0.00294804 -0.00543972
  0.00240604]

Residual before update:
[-0.00126221 -0.00346836  0.0028688  ... -0.00294804 -0.00543972
  0.00240604]

Residual before update:
[-0.00126221 -0.00346836  0.0028688  ... -0.00294804 -0.00543972
  0.00240604]

Residual before update:
[-0.00126221 -0.00346836  0.0028688  ... -0.00294804 -0.00543972
  0.00240603]

Residual before update:
[-0.00126221 -0.00346836  0.0028688  ... -0.00294804 -0.00543972
  0.00240604]

Residual before update:
[-0.00126221 -0.00346836  0.0028688  ... -0.00294804 -0.00543972
  0.00240604]

Residual before update:
[-0.00126221 -0.00346836  0.0028688  ... -0.00294804 -0.00543972
  0.00240603]

Residual before update:
[-0.00126221 -0.00346836  0.0028688  ... -0.00294804 -0.00543972
  0.00240604]

Residual before update:
[-0.00126221 -0.00346836  0.0028688  ... -0.00294804 -0.00543972
  0.00240603]

Residual before update:
[-0.00126221 -0.00346836  0.0028688  ... -0.00294804 -0.00543972
  0.00240603]

Residual before update:
[-0.0012622  -0.00346836  0.0028688  ... -0.00294804 -0.00543972
  0.00240604]

Residual before update:
[-0.0012622  -0.00346836  0.0028688  ... -0.00294804 -0.00543972
  0.00240604]

Residual before update:
[-0.0012622  -0.00346836  0.0028688  ... -0.00294804 -0.00543972
  0.00240603]

Residual before update:
[-0.0012622  -0.00346836  0.0028688  ... -0.00294804 -0.00543972
  0.00240603]

Residual before update:
[-0.0012622  -0.00346836  0.0028688  ... -0.00294804 -0.00543972
  0.00240604]

Residual before update:
[-0.0012622  -0.00346836  0.0028688  ... -0.00294804 -0.00543972
  0.00240603]

Residual before update:
[-0.0012622  -0.00346836  0.0028688  ... -0.00294804 -0.00543972
  0.00240603]

Residual before update:
[-0.0012622  -0.00346836  0.0028688  ... -0.00294804 -0.00543972
  0.00240604]

Residual before update:
[-0.0012622  -0.00346836  0.0028688  ... -0.00294804 -0.00543972
  0.00240603]

Residual before update:
[-0.0012622  -0.00346836  0.0028688  ... -0.00294804 -0.00543972
  0.00240603]

Residual before update:
[-0.0012622  -0.00346836  0.0028688  ... -0.00294804 -0.00543972
  0.00240604]

Residual before update:
[-0.0012622  -0.00346836  0.0028688  ... -0.00294804 -0.00543972
  0.00240604]

Residual before update:
[-0.0012622  -0.00346836  0.0028688  ... -0.00294804 -0.00543971
  0.00240603]

Residual before update:
[-0.0012622  -0.00346836  0.0028688  ... -0.00294804 -0.00543971
  0.00240603]

Residual before update:
[-0.0012622  -0.00346836  0.0028688  ... -0.00294804 -0.00543971
  0.00240604]

Residual before update:
[-0.0012622  -0.00346836  0.0028688  ... -0.00294804 -0.00543971
  0.00240603]

Residual before update:
[-0.0012622  -0.00346836  0.0028688  ... -0.00294804 -0.00543971
  0.00240603]

Residual before update:
[-0.0012622  -0.00346836  0.0028688  ... -0.00294804 -0.00543971
  0.00240604]

Residual before update:
[-0.0012622  -0.00346836  0.0028688  ... -0.00294804 -0.00543971
  0.00240603]

Residual before update:
[-0.0012622  -0.00346836  0.0028688  ... -0.00294804 -0.00543971
  0.00240603]

Residual before update:
[-0.0012622  -0.00346836  0.0028688  ... -0.00294804 -0.00543971
  0.00240604]

Residual before update:
[-0.0012622  -0.00346836  0.0028688  ... -0.00294804 -0.00543971
  0.00240603]

Residual before update:
[-0.0012622  -0.00346836  0.0028688  ... -0.00294804 -0.00543971
  0.00240603]

Residual before update:
[-0.0012622  -0.00346836  0.0028688  ... -0.00294804 -0.00543971
  0.00240603]

Residual before update:
[-0.0012622  -0.00346836  0.0028688  ... -0.00294804 -0.00543971
  0.00240603]

Residual before update:
[-0.0012622  -0.00346836  0.0028688  ... -0.00294804 -0.00543971
  0.00240603]

Residual before update:
[-0.0012622  -0.00346836  0.0028688  ... -0.00294804 -0.00543971
  0.00240603]
Compute pips
###############################
TGFM
###############################
Initialize variables
Warning: 344 variants have NaN gwas_beta. Setting to 0 with large SE.
Iterative optimization

Residual before update:
[-0.00127657  0.00200594  0.00538189 ... -0.01360236 -0.00315623
  0.00120532]

Residual before update:
[-0.00127649  0.00200601  0.00538185 ... -0.01360223 -0.0031561
  0.00120535]

Residual before update:
[-0.00127642  0.00200607  0.0053818  ... -0.01360212 -0.00315599
  0.00120537]

Residual before update:
[-0.00127635  0.00200613  0.00538175 ... -0.01360202 -0.0031559
  0.00120538]

Residual before update:
[-0.00127628  0.00200618  0.0053817  ... -0.01360193 -0.00315583
  0.00120539]

Residual before update:
[-0.00127621  0.00200623  0.00538165 ... -0.01360185 -0.00315576
  0.0012054 ]

Residual before update:
[-0.00127614  0.00200629  0.0053816  ... -0.01360177 -0.0031557
  0.0012054 ]

Residual before update:
[-0.00127607  0.00200634  0.00538154 ... -0.0136017  -0.00315565
  0.00120539]

Residual before update:
[-0.001276    0.00200639  0.00538149 ... -0.01360164 -0.0031556
  0.00120539]

Residual before update:
[-0.00127593  0.00200643  0.00538143 ... -0.01360158 -0.00315556
  0.00120538]

Residual before update:
[-0.00127593  0.00200643  0.00538143 ... -0.01360165 -0.00315565
  0.00120534]

Residual before update:
[-0.00127593  0.0020064   0.00538143 ... -0.01360171 -0.00315571
  0.00120531]

Residual before update:
[-0.00127593  0.00200641  0.00538143 ... -0.01360174 -0.00315576
  0.00120529]

Residual before update:
[-0.00127593  0.00200639  0.00538142 ... -0.01360177 -0.00315578
  0.00120527]

Residual before update:
[-0.00127593  0.0020064   0.00538142 ... -0.01360178 -0.0031558
  0.00120527]

Residual before update:
[-0.00127593  0.00200639  0.00538142 ... -0.01360179 -0.00315581
  0.00120526]

Residual before update:
[-0.00127593  0.0020064   0.00538142 ... -0.01360179 -0.00315581
  0.00120526]

Residual before update:
[-0.00127593  0.00200639  0.00538142 ... -0.01360178 -0.0031558
  0.00120527]

Residual before update:
[-0.00127593  0.0020064   0.00538142 ... -0.01360178 -0.00315579
  0.00120527]

Residual before update:
[-0.00127593  0.00200639  0.00538142 ... -0.01360176 -0.00315577
  0.00120528]

Residual before update:
[-0.00127592  0.0020064   0.00538142 ... -0.01360176 -0.00315576
  0.00120528]

Residual before update:
[-0.00127593  0.00200639  0.00538142 ... -0.01360175 -0.00315576
  0.00120528]

Residual before update:
[-0.00127592  0.00200641  0.00538142 ... -0.01360175 -0.00315576
  0.00120529]

Residual before update:
[-0.00127593  0.0020064   0.00538142 ... -0.01360175 -0.00315576
  0.00120528]

Residual before update:
[-0.00127592  0.0020064   0.00538142 ... -0.01360175 -0.00315576
  0.00120528]

Residual before update:
[-0.00127592  0.0020064   0.00538142 ... -0.01360176 -0.00315577
  0.00120528]

Residual before update:
[-0.00127592  0.0020064   0.00538142 ... -0.01360176 -0.00315577
  0.00120528]

Residual before update:
[-0.00127592  0.0020064   0.00538142 ... -0.01360176 -0.00315577
  0.00120528]

Residual before update:
[-0.00127592  0.0020064   0.00538142 ... -0.01360176 -0.00315577
  0.00120528]

Residual before update:
[-0.00127592  0.00200639  0.00538142 ... -0.01360176 -0.00315577
  0.00120528]

Residual before update:
[-0.00127592  0.00200641  0.00538142 ... -0.01360176 -0.00315577
  0.00120528]

Residual before update:
[-0.00127592  0.00200639  0.00538142 ... -0.01360176 -0.00315577
  0.00120528]

Residual before update:
[-0.00127592  0.00200641  0.00538142 ... -0.01360176 -0.00315577
  0.00120528]

Residual before update:
[-0.00127592  0.0020064   0.00538142 ... -0.01360176 -0.00315577
  0.00120528]

Residual before update:
[-0.00127592  0.0020064   0.00538142 ... -0.01360176 -0.00315577
  0.00120528]

Residual before update:
[-0.00127592  0.0020064   0.00538142 ... -0.01360176 -0.00315577
  0.00120528]

Residual before update:
[-0.00127592  0.00200641  0.00538142 ... -0.01360176 -0.00315577
  0.00120528]

Residual before update:
[-0.00127592  0.0020064   0.00538141 ... -0.01360176 -0.00315577
  0.00120528]

Residual before update:
[-0.00127592  0.0020064   0.00538142 ... -0.01360176 -0.00315577
  0.00120528]

Residual before update:
[-0.00127592  0.0020064   0.00538141 ... -0.01360176 -0.00315577
  0.00120528]

Residual before update:
[-0.00127592  0.00200641  0.00538142 ... -0.01360176 -0.00315577
  0.00120528]

Residual before update:
[-0.00127592  0.0020064   0.00538141 ... -0.01360176 -0.00315577
  0.00120528]

Residual before update:
[-0.00127592  0.00200641  0.00538142 ... -0.01360176 -0.00315577
  0.00120528]

Residual before update:
[-0.00127592  0.0020064   0.00538141 ... -0.01360176 -0.00315577
  0.00120528]

Residual before update:
[-0.00127592  0.00200641  0.00538142 ... -0.01360176 -0.00315577
  0.00120528]

Residual before update:
[-0.00127592  0.0020064   0.00538141 ... -0.01360176 -0.00315577
  0.00120528]

Residual before update:
[-0.00127592  0.00200641  0.00538142 ... -0.01360175 -0.00315577
  0.00120528]

Residual before update:
[-0.00127592  0.0020064   0.00538141 ... -0.01360175 -0.00315577
  0.00120528]

Residual before update:
[-0.00127592  0.0020064   0.00538141 ... -0.01360175 -0.00315577
  0.00120528]

Residual before update:
[-0.00127592  0.0020064   0.00538141 ... -0.01360175 -0.00315577
  0.00120528]
Compute pips
###############################
TGFM
###############################
Initialize variables
Warning: 377 variants have NaN gwas_beta. Setting to 0 with large SE.
Iterative optimization

Residual before update:
[-0.00488014  0.00227915 -0.00504446 ...  0.00010088 -0.0056043
 -0.00597144]

Residual before update:
[-0.00488007  0.00227912 -0.00504439 ...  0.00010087 -0.00560432
 -0.00597143]

Residual before update:
[-0.00488     0.00227907 -0.00504432 ...  0.00010085 -0.00560435
 -0.00597143]

Residual before update:
[-0.00487994  0.00227904 -0.00504425 ...  0.00010084 -0.00560437
 -0.00597142]

Residual before update:
[-0.00488015  0.00227851 -0.00504447 ...  0.00010051 -0.00562112
 -0.00601663]

Residual before update:
[-0.0048798   0.00227896 -0.00504412 ...  0.00010082 -0.00560441
 -0.0059714 ]

Residual before update:
[-0.00487974  0.00227892 -0.00504405 ...  0.00010081 -0.00560443
 -0.00597139]

Residual before update:
[-0.00487967  0.00227888 -0.00504399 ...  0.0001008  -0.00560444
 -0.00597138]

Residual before update:
[-0.0048796   0.00227884 -0.00504392 ...  0.00010079 -0.00560446
 -0.00597138]

Residual before update:
[-0.00487729  0.00227856 -0.00504161 ...  0.00010053 -0.0056013
 -0.00596953]

Residual before update:
[-0.00487954  0.0022788  -0.00504386 ...  0.00010078 -0.00560447
 -0.00597137]

Residual before update:
[-0.00487954  0.0022788  -0.00504386 ...  0.00010079 -0.00560446
 -0.00597136]

Residual before update:
[-0.00487954  0.00227878 -0.00504386 ...  0.00010078 -0.00560447
 -0.00597137]

Residual before update:
[-0.00487954  0.00227879 -0.00504386 ...  0.00010079 -0.00560447
 -0.00597137]

Residual before update:
[-0.00487984  0.00227836 -0.00504415 ...  0.00010046 -0.00562175
 -0.00601483]

Residual before update:
[-0.00487954  0.00227879 -0.00504386 ...  0.00010079 -0.00560446
 -0.00597136]

Residual before update:
[-0.00487954  0.00227879 -0.00504386 ...  0.00010079 -0.00560446
 -0.00597136]

Residual before update:
[-0.00487954  0.00227879 -0.00504386 ...  0.00010079 -0.00560446
 -0.00597136]

Residual before update:
[-0.00487954  0.00227878 -0.00504386 ...  0.00010079 -0.00560446
 -0.00597136]

Residual before update:
[-0.00487775  0.00227843 -0.00504207 ...  0.00010055 -0.00560185
 -0.0059698 ]

Residual before update:
[-0.00487954  0.00227879 -0.00504386 ...  0.00010079 -0.00560446
 -0.00597136]

Residual before update:
[-0.00487954  0.00227879 -0.00504385 ...  0.00010079 -0.00560445
 -0.00597136]

Residual before update:
[-0.00487954  0.00227878 -0.00504386 ...  0.00010078 -0.00560446
 -0.00597137]

Residual before update:
[-0.00487954  0.00227879 -0.00504385 ...  0.00010079 -0.00560446
 -0.00597136]

Residual before update:
[-0.00487978  0.00227836 -0.0050441  ...  0.00010045 -0.00562002
 -0.00601058]

Residual before update:
[-0.00487954  0.00227879 -0.00504385 ...  0.00010079 -0.00560446
 -0.00597136]

Residual before update:
[-0.00487954  0.00227879 -0.00504385 ...  0.00010079 -0.00560446
 -0.00597136]

Residual before update:
[-0.00487954  0.00227879 -0.00504385 ...  0.00010079 -0.00560446
 -0.00597136]

Residual before update:
[-0.00487954  0.00227878 -0.00504385 ...  0.00010079 -0.00560446
 -0.00597136]

Residual before update:
[-0.00487568  0.00227874 -0.00504    ...  0.00010068 -0.0056009
 -0.00596907]

Residual before update:
[-0.00487953  0.00227879 -0.00504385 ...  0.00010079 -0.00560446
 -0.00597136]

Residual before update:
[-0.00487953  0.00227879 -0.00504385 ...  0.00010079 -0.00560445
 -0.00597136]

Residual before update:
[-0.00487954  0.00227877 -0.00504385 ...  0.00010078 -0.00560446
 -0.00597136]

Residual before update:
[-0.00487953  0.00227879 -0.00504385 ...  0.00010079 -0.00560446
 -0.00597136]

Residual before update:
[-0.0048793   0.00227911 -0.00504361 ...  0.00010075 -0.00559422
 -0.00594132]

Residual before update:
[-0.00487953  0.00227878 -0.00504385 ...  0.00010079 -0.00560446
 -0.00597136]

Residual before update:
[-0.00487953  0.00227878 -0.00504385 ...  0.00010079 -0.00560446
 -0.00597136]

Residual before update:
[-0.00487953  0.00227879 -0.00504385 ...  0.00010079 -0.00560446
 -0.00597136]

Residual before update:
[-0.00487953  0.00227878 -0.00504385 ...  0.00010079 -0.00560446
 -0.00597136]

Residual before update:
[-0.0048773   0.0022788  -0.00504162 ...  0.00010074 -0.00560242
 -0.00597004]

Residual before update:
[-0.00487953  0.00227879 -0.00504385 ...  0.00010079 -0.00560446
 -0.00597136]

Residual before update:
[-0.00487953  0.00227879 -0.00504385 ...  0.00010079 -0.00560445
 -0.00597136]

Residual before update:
[-0.00487953  0.00227877 -0.00504385 ...  0.00010078 -0.00560446
 -0.00597136]

Residual before update:
[-0.00487953  0.00227878 -0.00504385 ...  0.00010079 -0.00560446
 -0.00597136]

Residual before update:
[-0.00487933  0.00227905 -0.00504364 ...  0.00010073 -0.00559582
 -0.00594558]

Residual before update:
[-0.00487953  0.00227878 -0.00504385 ...  0.00010079 -0.00560446
 -0.00597136]

Residual before update:
[-0.00487953  0.00227878 -0.00504385 ...  0.00010079 -0.00560447
 -0.00597136]

Residual before update:
[-0.00487953  0.00227878 -0.00504385 ...  0.00010079 -0.00560446
 -0.00597136]

Residual before update:
[-0.00487953  0.00227878 -0.00504385 ...  0.00010079 -0.00560446
 -0.00597136]

Residual before update:
[ 2.91818893e+12 -5.54456103e+11  2.91818655e+12 ... -3.87110187e+11
  4.34314547e+12  2.59411175e+12]
Compute pips
###############################
TGFM
###############################
Initialize variables
Warning: 311 variants have NaN gwas_beta. Setting to 0 with large SE.
Iterative optimization

Residual before update:
[ 0.00373035 -0.00938884 -0.00939516 ...  0.01002882  0.0103567
 -0.00330158]

Residual before update:
[ 0.00373066 -0.0093888  -0.00939512 ...  0.0100283   0.01035618
 -0.00330146]

Residual before update:
[ 0.00373086 -0.00938889 -0.00939521 ...  0.01002782  0.0103557
 -0.00330133]

Residual before update:
[ 0.00373106 -0.00938892 -0.00939524 ...  0.01002731  0.01035519
 -0.00330121]

Residual before update:
[ 0.00373124 -0.00938895 -0.00939527 ...  0.01002681  0.01035469
 -0.0033011 ]

Residual before update:
[ 0.0037314  -0.00938899 -0.00939531 ...  0.01002632  0.01035419
 -0.00330097]

Residual before update:
[ 0.00373155 -0.00938901 -0.00939533 ...  0.0100258   0.01035368
 -0.00330086]

Residual before update:
[-1.40799448e+14 -3.16815516e+14 -5.79112070e+14 ... -7.57594688e+16
 -7.50952158e+16 -1.92393724e+17]

Residual before update:
[ 1.21720979e+15  1.17763622e+16  1.53883227e+16 ... -4.82992651e+17
 -4.86318538e+17 -2.61709707e+17]

Residual before update:
[ 0.00373191 -0.00938913 -0.00939544 ...  0.01002428  0.01035216
 -0.00330053]

Residual before update:
[ 0.00373175 -0.00938911 -0.00939543 ...  0.0100243   0.01035217
 -0.00330056]

Residual before update:
[ 0.00373191 -0.00938865 -0.00939499 ...  0.01002416  0.01035204
 -0.00330057]

Residual before update:
[ 0.00373156 -0.00938914 -0.00939545 ...  0.01002427  0.01035215
 -0.00330056]

Residual before update:
[ 0.00373151 -0.00938916 -0.00939546 ...  0.01002426  0.01035214
 -0.00330057]

Residual before update:
[ 0.00373148 -0.00938914 -0.00939545 ...  0.01002426  0.01035214
 -0.00330058]

Residual before update:
[ 0.00373147 -0.00938916 -0.00939546 ...  0.01002427  0.01035215
 -0.00330056]

Residual before update:
[ 0.00373148 -0.00938914 -0.00939545 ...  0.01002425  0.01035213
 -0.00330056]

Residual before update:
[-8.67032708e+41 -1.95092679e+42 -3.56612980e+42 ... -4.66521271e+44
 -4.62430849e+44 -1.18474649e+45]

Residual before update:
[ 1.30802902e+49  1.26550265e+50  1.65364847e+50 ... -5.19029854e+51
 -5.22603893e+51 -2.81236303e+51]

Residual before update:
[ 0.00373153 -0.00938915 -0.00939546 ...  0.01002424  0.01035212
 -0.00330056]

Residual before update:
[ 0.00373155 -0.00938913 -0.00939544 ...  0.01002426  0.01035214
 -0.00330057]

Residual before update:
[ 0.00373181 -0.00938869 -0.00939503 ...  0.01002413  0.01035202
 -0.00330057]

Residual before update:
[ 0.00373155 -0.00938914 -0.00939545 ...  0.01002424  0.01035212
 -0.00330055]

Residual before update:
[ 0.00373155 -0.00938915 -0.00939546 ...  0.01002424  0.01035212
 -0.00330056]

Residual before update:
[ 0.00373155 -0.00938914 -0.00939545 ...  0.01002424  0.01035212
 -0.00330057]

Residual before update:
[ 0.00373154 -0.00938916 -0.00939546 ...  0.01002425  0.01035212
 -0.00330055]

Residual before update:
[ 0.00373155 -0.00938914 -0.00939545 ...  0.01002422  0.0103521
 -0.00330055]

Residual before update:
[-5.33913470e+69 -1.20136885e+70 -2.19600105e+70 ... -2.87280962e+72
 -2.84762106e+72 -7.29559684e+72]

Residual before update:
[ 1.40562722e+83  1.35992776e+84  1.77703497e+84 ... -5.57757113e+85
 -5.61597828e+85 -3.02220667e+85]

Residual before update:
[ 0.00373153 -0.00938916 -0.00939546 ...  0.01002421  0.01035209
 -0.00330056]

Residual before update:
[ 0.00373153 -0.00938913 -0.00939544 ...  0.01002423  0.01035211
 -0.00330057]

Residual before update:
[ 0.0037318  -0.00938869 -0.00939503 ...  0.01002409  0.01035198
 -0.00330057]

Residual before update:
[ 0.00373154 -0.00938915 -0.00939546 ...  0.01002421  0.01035209
 -0.00330055]

Residual before update:
[ 0.00373154 -0.00938916 -0.00939547 ...  0.01002421  0.01035209
 -0.00330056]

Residual before update:
[ 0.00373154 -0.00938914 -0.00939545 ...  0.01002421  0.01035209
 -0.00330056]

Residual before update:
[ 0.00373154 -0.00938916 -0.00939547 ...  0.01002422  0.01035209
 -0.00330054]

Residual before update:
[ 0.00373156 -0.00938914 -0.00939545 ...  0.0100242   0.01035207
 -0.00330054]

Residual before update:
[-3.28780669e+097 -7.39795636e+097 -1.35228409e+098 ... -1.76905870e+100
 -1.75354773e+100 -4.49258418e+100]

Residual before update:
[ 1.51050768e+117  1.46139836e+118  1.90962791e+118 ... -5.99373996e+119
 -6.03501284e+119 -3.24770773e+119]

Residual before update:
[ 0.00373154 -0.00938916 -0.00939547 ...  0.01002418  0.01035206
 -0.00330055]

Residual before update:
[ 0.00373154 -0.00938913 -0.00939544 ...  0.0100242   0.01035208
 -0.00330056]

Residual before update:
[ 0.00373181 -0.00938869 -0.00939503 ...  0.01002406  0.01035195
 -0.00330056]

Residual before update:
[ 0.00373154 -0.00938915 -0.00939546 ...  0.01002418  0.01035206
 -0.00330054]

Residual before update:
[ 0.00373154 -0.00938916 -0.00939547 ...  0.01002418  0.01035206
 -0.00330055]

Residual before update:
[ 0.00373154 -0.00938914 -0.00939545 ...  0.01002418  0.01035206
 -0.00330056]

Residual before update:
[ 0.00373154 -0.00938916 -0.00939547 ...  0.01002419  0.01035206
 -0.00330054]

Residual before update:
[ 0.00373156 -0.00938914 -0.00939545 ...  0.01002417  0.01035204
 -0.00330053]

Residual before update:
[-2.02461137e+125 -4.55561655e+125 -8.32728323e+125 ... -1.08937559e+128
 -1.07982403e+128 -2.76650602e+128]
NaNs in component_non_med_pred at component 8

Residual before update:
[nan nan nan ... nan nan nan]
NaNs in residual_incl_alpha[8, :]
NaN in mixture_alpha_mu: b_terms=[nan nan nan nan nan nan nan]
NaNs in self.residual at bs_iter=8
NaNs in un_normalized_lv_alpha_weights
NaN in normalizing_term
NaNs in component_non_med_pred at component 9

Residual before update:
[ 0.00373154 -0.00938916 -0.00939547 ...  0.01002415  0.01035203
 -0.00330055]
NaNs in residual_incl_alpha[8, :]
NaNs in gene_weights for bs_iter=8
NaN in mixture_alpha_mu: b_terms=[nan nan nan nan nan nan nan]
NaNs in self.residual at bs_iter=8
NaNs in un_normalized_lv_alpha_weights
NaN in normalizing_term
Compute pips
NaNs found in gene-tissue pair PIPs at indices: [0 1 2 3 4 5 6]
NaNs found in variant PIPs at indices: [   0    1    2 ... 9355 9356 9357]
NaNs found in gene PIPs at indices: [0 1 2]
###############################
TGFM
###############################
Initialize variables
Warning: 270 variants have NaN gwas_beta. Setting to 0 with large SE.
Iterative optimization

Residual before update:
[-0.00504881  0.00308963  0.00144382 ... -0.00107497  0.0016994
  0.0025974 ]

Residual before update:
[-0.00504878  0.00308963  0.00144375 ... -0.00107497  0.0016994
  0.00259734]

Residual before update:
[-0.00504874  0.00308963  0.00144367 ... -0.00107497  0.00169941
  0.00259729]

Residual before update:
[-0.00504871  0.00308962  0.0014436  ... -0.00107497  0.00169941
  0.00259724]

Residual before update:
[-0.00504867  0.00308962  0.00144354 ... -0.00107497  0.00169941
  0.00259719]

Residual before update:
[-0.00505283  0.00308783  0.00144091 ... -0.00108429  0.00169173
  0.00259677]

Residual before update:
[-0.00504859  0.00308962  0.00144341 ... -0.00107497  0.00169941
  0.00259709]

Residual before update:
[-0.00504855  0.00308962  0.00144335 ... -0.00107497  0.00169941
  0.00259704]

Residual before update:
[-0.0050485   0.00308962  0.00144329 ... -0.00107497  0.00169942
  0.00259699]

Residual before update:
[-0.00504845  0.00308962  0.00144323 ... -0.00107497  0.00169942
  0.00259694]

Residual before update:
[-0.00504843  0.00308962  0.00144326 ... -0.00107498  0.00169942
  0.00259694]

Residual before update:
[-0.00504842  0.00308962  0.00144327 ... -0.00107497  0.00169942
  0.00259694]

Residual before update:
[-0.0050484   0.00308962  0.00144329 ... -0.00107497  0.00169942
  0.00259694]

Residual before update:
[-0.00504839  0.00308962  0.0014433  ... -0.00107497  0.00169942
  0.00259694]

Residual before update:
[-0.00504839  0.00308962  0.00144331 ... -0.00107497  0.00169942
  0.00259694]

Residual before update:
[-0.00506893  0.0030726   0.00140695 ... -0.00112368  0.00163364
  0.00259608]

Residual before update:
[-0.00504838  0.00308962  0.00144332 ... -0.00107498  0.00169942
  0.00259694]

Residual before update:
[-0.00504838  0.00308962  0.00144332 ... -0.00107498  0.00169942
  0.00259694]

Residual before update:
[-0.00504838  0.00308962  0.00144332 ... -0.00107498  0.00169942
  0.00259694]

Residual before update:
[-0.00504838  0.00308962  0.00144332 ... -0.00107498  0.00169942
  0.00259694]

Residual before update:
[-0.00504838  0.00308962  0.00144332 ... -0.00107498  0.00169942
  0.00259694]

Residual before update:
[-0.00504838  0.00308962  0.00144331 ... -0.00107497  0.00169942
  0.00259694]

Residual before update:
[-0.00504838  0.00308962  0.00144331 ... -0.00107498  0.00169942
  0.00259694]

Residual before update:
[-0.00504838  0.00308962  0.00144331 ... -0.00107498  0.00169942
  0.00259694]

Residual before update:
[-0.00504838  0.00308962  0.00144331 ... -0.00107497  0.00169942
  0.00259694]

Residual before update:
[-0.00506947  0.00307086  0.00140137 ... -0.00112977  0.00162791
  0.00259623]

Residual before update:
[-0.00504838  0.00308962  0.00144331 ... -0.00107498  0.00169942
  0.00259694]

Residual before update:
[-0.00504838  0.00308962  0.00144331 ... -0.00107498  0.00169942
  0.00259694]

Residual before update:
[-0.00504838  0.00308962  0.00144331 ... -0.00107498  0.00169942
  0.00259694]

Residual before update:
[-0.00504838  0.00308962  0.00144331 ... -0.00107498  0.00169942
  0.00259694]

Residual before update:
[-0.00504838  0.00308962  0.00144331 ... -0.00107498  0.00169942
  0.00259694]

Residual before update:
[-0.00504838  0.00308962  0.00144331 ... -0.00107497  0.00169942
  0.00259694]

Residual before update:
[-0.00504838  0.00308962  0.00144331 ... -0.00107498  0.00169942
  0.00259694]

Residual before update:
[-0.00504838  0.00308962  0.00144331 ... -0.00107498  0.00169942
  0.00259694]

Residual before update:
[-0.00504838  0.00308962  0.00144331 ... -0.00107497  0.00169942
  0.00259694]

Residual before update:
[-0.00507117  0.00306905  0.00139738 ... -0.00113352  0.00162214
  0.00259635]

Residual before update:
[-0.00504838  0.00308962  0.00144331 ... -0.00107498  0.00169942
  0.00259694]

Residual before update:
[-0.00504838  0.00308962  0.00144331 ... -0.00107498  0.00169942
  0.00259694]

Residual before update:
[-0.00504838  0.00308962  0.00144331 ... -0.00107498  0.00169942
  0.00259694]

Residual before update:
[-0.00504838  0.00308962  0.00144331 ... -0.00107498  0.00169942
  0.00259694]

Residual before update:
[-0.00504838  0.00308962  0.00144331 ... -0.00107498  0.00169942
  0.00259694]

Residual before update:
[-0.00504838  0.00308962  0.00144331 ... -0.00107497  0.00169942
  0.00259694]

Residual before update:
[-0.00504838  0.00308962  0.00144331 ... -0.00107498  0.00169942
  0.00259694]

Residual before update:
[-0.00504838  0.00308962  0.00144331 ... -0.00107498  0.00169942
  0.00259694]

Residual before update:
[-0.00504838  0.00308962  0.00144331 ... -0.00107497  0.00169942
  0.00259694]

Residual before update:
[-0.00507341  0.00306713  0.00139341 ... -0.00113785  0.00161522
  0.00259622]

Residual before update:
[-0.00504838  0.00308962  0.00144331 ... -0.00107498  0.00169942
  0.00259694]

Residual before update:
[-0.00504838  0.00308962  0.00144331 ... -0.00107498  0.00169942
  0.00259694]

Residual before update:
[-0.00504838  0.00308962  0.00144331 ... -0.00107498  0.00169942
  0.00259694]

Residual before update:
[-0.00504837  0.00308962  0.00144331 ... -0.00107498  0.00169942
  0.00259694]
Compute pips
###############################
TGFM
###############################
Initialize variables
Warning: 272 variants have NaN gwas_beta. Setting to 0 with large SE.
Iterative optimization

Residual before update:
[ 0.00237548 -0.00621264  0.00259747 ...  0.00453649  0.00661545
  0.00681955]

Residual before update:
[ 0.00237525 -0.00621273  0.00259733 ...  0.00453649  0.00661509
  0.0068192 ]

Residual before update:
[ 0.00237502 -0.00621283  0.00259718 ...  0.00453649  0.00661474
  0.00681884]

Residual before update:
[ 0.00237479 -0.00621292  0.00259703 ...  0.00453649  0.00661438
  0.00681849]

Residual before update:
[ 0.00237457 -0.00621301  0.00259689 ...  0.0045365   0.00661403
  0.00681814]

Residual before update:
[ 0.00237434 -0.00621311  0.00259674 ...  0.0045365   0.00661368
  0.00681778]

Residual before update:
[ 0.00237411 -0.0062132   0.0025966  ...  0.0045365   0.00661332
  0.00681743]

Residual before update:
[ 0.00237388 -0.00621329  0.00259645 ...  0.0045365   0.00661297
  0.00681708]

Residual before update:
[ 0.00237365 -0.00621339  0.0025963  ...  0.0045365   0.00661262
  0.00681672]

Residual before update:
[ 0.00237343 -0.00621348  0.00259616 ...  0.0045365   0.00661226
  0.00681637]

Residual before update:
[ 0.00237343 -0.00621348  0.00259616 ...  0.0045365   0.00661226
  0.00681637]

Residual before update:
[ 0.00237342 -0.00621348  0.00259616 ...  0.0045365   0.00661226
  0.00681637]

Residual before update:
[ 0.00237342 -0.00621348  0.00259616 ...  0.0045365   0.00661226
  0.00681637]

Residual before update:
[ 0.00237342 -0.00621348  0.00259616 ...  0.0045365   0.00661226
  0.00681637]

Residual before update:
[ 0.00237342 -0.00621348  0.00259616 ...  0.0045365   0.00661226
  0.00681637]

Residual before update:
[ 0.00237342 -0.00621348  0.00259615 ...  0.0045365   0.00661226
  0.00681637]

Residual before update:
[ 0.00237342 -0.00621348  0.00259615 ...  0.0045365   0.00661226
  0.00681637]

Residual before update:
[ 0.00237342 -0.00621348  0.00259615 ...  0.0045365   0.00661226
  0.00681637]

Residual before update:
[ 0.00237342 -0.00621349  0.00259615 ...  0.0045365   0.00661226
  0.00681637]

Residual before update:
[ 0.00237342 -0.00621348  0.00259615 ...  0.0045365   0.00661226
  0.00681636]

Residual before update:
[ 0.00237342 -0.00621348  0.00259615 ...  0.0045365   0.00661226
  0.00681636]

Residual before update:
[ 0.00237342 -0.00621349  0.00259615 ...  0.0045365   0.00661226
  0.00681636]

Residual before update:
[ 0.00237342 -0.00621349  0.00259615 ...  0.0045365   0.00661226
  0.00681636]

Residual before update:
[ 0.00237342 -0.00621349  0.00259615 ...  0.0045365   0.00661226
  0.00681636]

Residual before update:
[ 0.00237342 -0.00621349  0.00259615 ...  0.0045365   0.00661226
  0.00681636]

Residual before update:
[ 0.00237342 -0.00621349  0.00259615 ...  0.0045365   0.00661225
  0.00681636]

Residual before update:
[ 0.00237341 -0.00621349  0.00259615 ...  0.0045365   0.00661225
  0.00681636]

Residual before update:
[ 0.00237341 -0.00621349  0.00259615 ...  0.0045365   0.00661225
  0.00681636]

Residual before update:
[ 0.00237341 -0.00621349  0.00259615 ...  0.0045365   0.00661225
  0.00681636]

Residual before update:
[ 0.00237342 -0.00621349  0.00259615 ...  0.0045365   0.00661225
  0.00681636]

Residual before update:
[ 0.00237342 -0.00621349  0.00259615 ...  0.0045365   0.00661225
  0.00681636]

Residual before update:
[ 0.00237341 -0.00621349  0.00259615 ...  0.0045365   0.00661225
  0.00681636]

Residual before update:
[ 0.00237341 -0.00621349  0.00259615 ...  0.0045365   0.00661225
  0.00681636]

Residual before update:
[ 0.00237342 -0.00621349  0.00259615 ...  0.0045365   0.00661225
  0.00681635]

Residual before update:
[ 0.00237341 -0.00621349  0.00259615 ...  0.0045365   0.00661225
  0.00681635]

Residual before update:
[ 0.00237341 -0.00621349  0.00259615 ...  0.0045365   0.00661225
  0.00681635]

Residual before update:
[ 0.00237341 -0.00621349  0.00259615 ...  0.0045365   0.00661225
  0.00681635]

Residual before update:
[ 0.00237341 -0.00621349  0.00259615 ...  0.0045365   0.00661225
  0.00681635]

Residual before update:
[ 0.00237341 -0.00621349  0.00259615 ...  0.0045365   0.00661224
  0.00681635]

Residual before update:
[ 0.00237342 -0.00621349  0.00259615 ...  0.0045365   0.00661224
  0.00681635]

Residual before update:
[ 0.00237341 -0.00621349  0.00259615 ...  0.0045365   0.00661224
  0.00681635]

Residual before update:
[ 0.00237341 -0.00621349  0.00259615 ...  0.0045365   0.00661224
  0.00681635]

Residual before update:
[ 0.00237341 -0.00621349  0.00259615 ...  0.0045365   0.00661224
  0.00681635]

Residual before update:
[ 0.00237341 -0.00621349  0.00259615 ...  0.0045365   0.00661224
  0.00681635]

Residual before update:
[ 0.00237341 -0.00621349  0.00259615 ...  0.0045365   0.00661224
  0.00681635]

Residual before update:
[ 0.00237341 -0.00621349  0.00259614 ...  0.0045365   0.00661224
  0.00681635]

Residual before update:
[ 0.0023734  -0.00621349  0.00259614 ...  0.0045365   0.00661224
  0.00681634]

Residual before update:
[ 0.0023734  -0.00621349  0.00259614 ...  0.0045365   0.00661224
  0.00681634]

Residual before update:
[ 0.0023734  -0.00621349  0.00259614 ...  0.0045365   0.00661224
  0.00681634]

Residual before update:
[ 0.00237341 -0.00621349  0.00259614 ...  0.0045365   0.00661224
  0.00681634]
Compute pips
###############################
TGFM
###############################
Initialize variables
Warning: 367 variants have NaN gwas_beta. Setting to 0 with large SE.
Iterative optimization

Residual before update:
[-0.00342617  0.00671996 -0.00281677 ...  0.00012424 -0.00011013
  0.00597456]

Residual before update:
[-0.00342601  0.00671987 -0.00281661 ...  0.00012441 -0.00010997
  0.00597455]

Residual before update:
[-0.00342584  0.00671978 -0.00281645 ...  0.00012457 -0.0001098
  0.00597455]

Residual before update:
[-0.00342568  0.0067197  -0.00281628 ...  0.00012474 -0.00010964
  0.00597454]

Residual before update:
[-0.00342552  0.00671961 -0.00281612 ...  0.0001249  -0.00010948
  0.00597454]

Residual before update:
[-0.00342028  0.0067664  -0.0028107  ...  0.00012473 -0.00010952
  0.00597969]

Residual before update:
[-0.00342519  0.00671944 -0.0028158  ...  0.00012523 -0.00010915
  0.00597453]

Residual before update:
[-0.00342503  0.00671936 -0.00281564 ...  0.0001254  -0.00010898
  0.00597452]

Residual before update:
[-0.00342487  0.00671928 -0.00281547 ...  0.00012556 -0.00010882
  0.00597451]

Residual before update:
[-0.00342539  0.00671376 -0.00281602 ...  0.00012531 -0.0001091
  0.00597396]

Residual before update:
[-0.00342471  0.0067192  -0.00281531 ...  0.00012572 -0.00010865
  0.00597451]

Residual before update:
[-0.00342471  0.0067192  -0.00281531 ...  0.00012573 -0.00010865
  0.00597451]

Residual before update:
[-0.00342471  0.0067192  -0.00281531 ...  0.00012573 -0.00010865
  0.00597451]

Residual before update:
[-0.00342471  0.0067192  -0.00281532 ...  0.00012573 -0.00010865
  0.00597451]

Residual before update:
[-0.00342471  0.00671921 -0.00281532 ...  0.00012573 -0.00010865
  0.00597451]

Residual before update:
[-0.00342166  0.00675704 -0.00281199 ...  0.00013221 -0.00010186
  0.00597686]

Residual before update:
[-0.00342471  0.00671921 -0.00281532 ...  0.00012573 -0.00010865
  0.00597451]

Residual before update:
[-0.00342471  0.00671921 -0.00281532 ...  0.00012573 -0.00010865
  0.00597451]

Residual before update:
[-0.00342471  0.00671921 -0.00281532 ...  0.00012573 -0.00010865
  0.00597451]

Residual before update:
[-0.00342555  0.00670967 -0.0028162  ...  0.00012502 -0.00010942
  0.00597343]

Residual before update:
[-0.00342471  0.00671921 -0.00281532 ...  0.00012573 -0.00010865
  0.00597451]

Residual before update:
[-0.00342471  0.0067192  -0.00281532 ...  0.00012573 -0.00010865
  0.00597451]

Residual before update:
[-0.00342471  0.00671921 -0.00281531 ...  0.00012573 -0.00010865
  0.00597451]

Residual before update:
[-0.00342471  0.0067192  -0.00281531 ...  0.00012573 -0.00010865
  0.00597451]

Residual before update:
[-0.00342471  0.0067192  -0.00281531 ...  0.00012573 -0.00010865
  0.00597451]

Residual before update:
[-0.0034184   0.00677537 -0.00280952 ...  0.00013107 -0.00010301
  0.00597601]

Residual before update:
[-0.00342471  0.0067192  -0.00281531 ...  0.00012573 -0.00010865
  0.00597451]

Residual before update:
[-0.00342471  0.0067192  -0.00281531 ...  0.00012573 -0.00010865
  0.00597451]

Residual before update:
[-0.0034247   0.0067192  -0.00281531 ...  0.00012574 -0.00010864
  0.00597451]

Residual before update:
[-0.00342562  0.0067095  -0.00281627 ...  0.00012504 -0.0001094
  0.00597345]

Residual before update:
[-0.0034247   0.0067192  -0.00281531 ...  0.00012574 -0.00010864
  0.00597451]

Residual before update:
[-0.0034247   0.0067192  -0.00281531 ...  0.00012574 -0.00010864
  0.00597451]

Residual before update:
[-0.0034247   0.0067192  -0.00281531 ...  0.00012574 -0.00010864
  0.00597451]

Residual before update:
[-0.0034247   0.0067192  -0.00281531 ...  0.00012574 -0.00010864
  0.00597451]

Residual before update:
[-0.0034247   0.0067192  -0.00281531 ...  0.00012574 -0.00010864
  0.00597451]

Residual before update:
[-0.00341832  0.00676719 -0.00280921 ...  0.00013131 -0.00010278
  0.00597606]

Residual before update:
[-0.0034247   0.0067192  -0.00281531 ...  0.00012574 -0.00010864
  0.00597451]

Residual before update:
[-0.0034247   0.0067192  -0.0028153  ...  0.00012574 -0.00010864
  0.00597451]

Residual before update:
[-0.0034247   0.0067192  -0.0028153  ...  0.00012574 -0.00010864
  0.00597451]

Residual before update:
[-0.00342562  0.00670946 -0.00281627 ...  0.00012506 -0.00010938
  0.00597345]

Residual before update:
[-0.0034247   0.0067192  -0.0028153  ...  0.00012574 -0.00010864
  0.00597451]

Residual before update:
[-0.0034247   0.0067192  -0.0028153  ...  0.00012574 -0.00010864
  0.00597451]

Residual before update:
[-0.0034247   0.0067192  -0.0028153  ...  0.00012574 -0.00010864
  0.00597451]

Residual before update:
[-0.0034247   0.0067192  -0.0028153  ...  0.00012574 -0.00010863
  0.00597451]

Residual before update:
[-0.00342469  0.0067192  -0.0028153  ...  0.00012575 -0.00010863
  0.00597451]

Residual before update:
[-3.40587926e-03  6.75711472e-03 -2.79635327e-03 ...  1.45219243e-04
 -8.89237510e-05  5.97298251e-03]

Residual before update:
[-0.00342469  0.0067192  -0.0028153  ...  0.00012575 -0.00010863
  0.00597451]

Residual before update:
[-0.00342469  0.0067192  -0.0028153  ...  0.00012575 -0.00010863
  0.00597451]

Residual before update:
[-0.00342469  0.0067192  -0.0028153  ...  0.00012575 -0.00010863
  0.00597451]

Residual before update:
[-0.00342561  0.00670949 -0.00281626 ...  0.00012508 -0.00010936
  0.00597346]
Compute pips
###############################
TGFM
###############################
Initialize variables
Warning: 368 variants have NaN gwas_beta. Setting to 0 with large SE.
Iterative optimization

Residual before update:
[ 0.00161405  0.00180653 -0.00168174 ...  0.00062726  0.00659226
 -0.01011805]

Residual before update:
[ 0.00161411  0.0018065  -0.00168177 ...  0.00062721  0.00659225
 -0.01011775]

Residual before update:
[ 0.00161418  0.00180648 -0.0016818  ...  0.00062718  0.00659225
 -0.01011745]

Residual before update:
[ 0.00161425  0.00180645 -0.00168183 ...  0.00062714  0.00659224
 -0.01011715]

Residual before update:
[ 0.00161431  0.00180643 -0.00168185 ...  0.0006271   0.00659223
 -0.01011685]

Residual before update:
[ 0.00161438  0.00180641 -0.00168188 ...  0.00062706  0.00659222
 -0.01011656]

Residual before update:
[ 0.00161445  0.00180638 -0.00168191 ...  0.00062703  0.00659221
 -0.01011628]

Residual before update:
[ 0.00161451  0.00180636 -0.00168193 ...  0.00062699  0.00659221
 -0.01011599]

Residual before update:
[ 0.00161458  0.00180634 -0.00168196 ...  0.00062696  0.0065922
 -0.01011571]

Residual before update:
[ 0.00161465  0.00180632 -0.00168199 ...  0.00062692  0.00659219
 -0.01011543]

Residual before update:
[ 0.00161465  0.00180632 -0.00168198 ...  0.00062693  0.00659218
 -0.01011546]

Residual before update:
[ 0.00161466  0.00180632 -0.00168198 ...  0.00062694  0.00659218
 -0.01011548]

Residual before update:
[ 0.00161466  0.00180632 -0.00168198 ...  0.00062694  0.00659218
 -0.0101155 ]

Residual before update:
[ 0.00161466  0.00180632 -0.00168198 ...  0.00062695  0.00659218
 -0.01011551]

Residual before update:
[ 0.00161466  0.00180632 -0.00168198 ...  0.00062695  0.00659218
 -0.01011552]

Residual before update:
[ 0.00161466  0.00180632 -0.00168198 ...  0.00062695  0.00659218
 -0.01011552]

Residual before update:
[ 0.00161467  0.00180632 -0.00168198 ...  0.00062696  0.00659218
 -0.01011553]

Residual before update:
[ 0.00161467  0.00180632 -0.00168198 ...  0.00062696  0.00659218
 -0.01011553]

Residual before update:
[ 0.00161467  0.00180632 -0.00168198 ...  0.00062696  0.00659218
 -0.01011552]

Residual before update:
[ 0.00161467  0.00180632 -0.00168198 ...  0.00062695  0.00659218
 -0.01011552]

Residual before update:
[ 0.00161467  0.00180632 -0.00168198 ...  0.00062695  0.00659218
 -0.01011552]

Residual before update:
[ 0.00161467  0.00180632 -0.00168198 ...  0.00062695  0.00659218
 -0.01011551]

Residual before update:
[ 0.00161467  0.00180632 -0.00168198 ...  0.00062695  0.00659218
 -0.01011551]

Residual before update:
[ 0.00161467  0.00180632 -0.00168198 ...  0.00062695  0.00659218
 -0.01011551]

Residual before update:
[ 0.00161467  0.00180632 -0.00168199 ...  0.00062695  0.00659218
 -0.0101155 ]

Residual before update:
[ 0.00161467  0.00180632 -0.00168199 ...  0.00062695  0.00659218
 -0.0101155 ]

Residual before update:
[ 0.00161467  0.00180632 -0.00168199 ...  0.00062695  0.00659218
 -0.0101155 ]

Residual before update:
[ 0.00161467  0.00180632 -0.00168199 ...  0.00062695  0.00659218
 -0.0101155 ]

Residual before update:
[ 0.00161467  0.00180632 -0.00168199 ...  0.00062695  0.00659218
 -0.0101155 ]

Residual before update:
[ 0.00161467  0.00180632 -0.00168199 ...  0.00062695  0.00659218
 -0.0101155 ]

Residual before update:
[ 0.00161467  0.00180632 -0.00168199 ...  0.00062695  0.00659218
 -0.0101155 ]

Residual before update:
[ 0.00161467  0.00180632 -0.00168199 ...  0.00062695  0.00659218
 -0.01011549]

Residual before update:
[ 0.00161467  0.00180632 -0.00168199 ...  0.00062695  0.00659218
 -0.01011549]

Residual before update:
[ 0.00161467  0.00180632 -0.00168199 ...  0.00062695  0.00659218
 -0.01011549]

Residual before update:
[ 0.00161467  0.00180632 -0.00168199 ...  0.00062695  0.00659218
 -0.01011549]

Residual before update:
[ 0.00161467  0.00180632 -0.00168199 ...  0.00062695  0.00659218
 -0.01011549]

Residual before update:
[ 0.00161467  0.00180632 -0.00168199 ...  0.00062695  0.00659218
 -0.01011548]

Residual before update:
[ 0.00161467  0.00180632 -0.00168199 ...  0.00062695  0.00659218
 -0.01011548]

Residual before update:
[ 0.00161468  0.00180632 -0.00168199 ...  0.00062695  0.00659217
 -0.01011548]

Residual before update:
[ 0.00161468  0.00180632 -0.00168199 ...  0.00062695  0.00659218
 -0.01011548]

Residual before update:
[ 0.00161468  0.00180632 -0.00168199 ...  0.00062695  0.00659218
 -0.01011548]

Residual before update:
[ 0.00161468  0.00180632 -0.00168199 ...  0.00062695  0.00659217
 -0.01011548]

Residual before update:
[ 0.00161468  0.00180632 -0.00168199 ...  0.00062695  0.00659217
 -0.01011547]

Residual before update:
[ 0.00161468  0.00180632 -0.00168199 ...  0.00062695  0.00659217
 -0.01011547]

Residual before update:
[ 0.00161468  0.00180632 -0.00168199 ...  0.00062695  0.00659217
 -0.01011547]

Residual before update:
[ 0.00161468  0.00180632 -0.00168199 ...  0.00062695  0.00659217
 -0.01011547]

Residual before update:
[ 0.00161468  0.00180632 -0.00168199 ...  0.00062695  0.00659217
 -0.01011547]

Residual before update:
[ 0.00161468  0.00180632 -0.00168199 ...  0.00062695  0.00659217
 -0.01011546]

Residual before update:
[ 0.00161468  0.00180632 -0.00168199 ...  0.00062695  0.00659217
 -0.01011546]

Residual before update:
[ 0.00161468  0.00180632 -0.00168199 ...  0.00062695  0.00659217
 -0.01011546]
Compute pips
###############################
TGFM
###############################
Initialize variables
Warning: 370 variants have NaN gwas_beta. Setting to 0 with large SE.
Iterative optimization

Residual before update:
[-0.00180689  0.00658173  0.0075193  ... -0.00607616 -0.00309254
 -0.00187174]

Residual before update:
[-0.001807    0.00658161  0.00751911 ... -0.00607615 -0.00309255
 -0.00187174]

Residual before update:
[-0.0018071   0.0065815   0.00751892 ... -0.00607614 -0.00309256
 -0.00187174]

Residual before update:
[-0.0018072   0.00658138  0.00751873 ... -0.00607612 -0.00309256
 -0.00187174]

Residual before update:
[-0.00180456  0.00658179  0.00751899 ... -0.00605606 -0.00309145
 -0.00179862]

Residual before update:
[-0.00180739  0.00658116  0.00751836 ... -0.00607609 -0.00309258
 -0.00187174]

Residual before update:
[-0.00180747  0.00658105  0.00751818 ... -0.00607608 -0.00309259
 -0.00187174]

Residual before update:
[-0.00180756  0.00658094  0.007518   ... -0.00607606 -0.00309259
 -0.00187174]

Residual before update:
[-0.00180715  0.00658869  0.00751839 ... -0.006075   -0.00309068
 -0.00187251]

Residual before update:
[-0.00180773  0.00658073  0.00751765 ... -0.00607602 -0.00309261
 -0.00187174]

Residual before update:
[-0.0018077   0.00658074  0.00751767 ... -0.00607601 -0.0030926
 -0.00187174]

Residual before update:
[-0.00180768  0.00658075  0.00751769 ... -0.006076   -0.0030926
 -0.00187174]

Residual before update:
[-0.00180766  0.00658076  0.0075177  ... -0.00607599 -0.0030926
 -0.00187174]

Residual before update:
[-0.00180764  0.00658077  0.00751771 ... -0.00607599 -0.0030926
 -0.00187174]

Residual before update:
[-0.00180763  0.00658018  0.00751859 ... -0.00608796 -0.00309187
 -0.00193771]

Residual before update:
[-0.00180763  0.00658078  0.00751772 ... -0.00607598 -0.00309259
 -0.00187173]

Residual before update:
[-0.00180763  0.00658078  0.00751772 ... -0.00607598 -0.00309259
 -0.00187174]

Residual before update:
[-0.00180763  0.00658078  0.00751772 ... -0.00607598 -0.00309259
 -0.00187173]

Residual before update:
[-0.00180853  0.00658751  0.00751823 ... -0.00608304 -0.00309118
 -0.00187161]

Residual before update:
[-0.00180763  0.00658077  0.00751772 ... -0.00607598 -0.00309259
 -0.00187174]

Residual before update:
[-0.00180763  0.00658077  0.00751772 ... -0.00607598 -0.00309259
 -0.00187174]

Residual before update:
[-0.00180763  0.00658077  0.00751771 ... -0.00607598 -0.00309259
 -0.00187173]

Residual before update:
[-0.00180764  0.00658077  0.00751771 ... -0.00607598 -0.00309259
 -0.00187174]

Residual before update:
[-0.00180764  0.00658077  0.00751771 ... -0.00607598 -0.00309259
 -0.00187173]

Residual before update:
[-0.00180759  0.00658019  0.0075186  ... -0.00608836 -0.00309187
 -0.00193868]

Residual before update:
[-0.00180764  0.00658077  0.00751771 ... -0.00607598 -0.00309259
 -0.00187173]

Residual before update:
[-0.00180764  0.00658077  0.00751771 ... -0.00607598 -0.00309259
 -0.00187174]

Residual before update:
[-0.00180764  0.00658077  0.0075177  ... -0.00607598 -0.00309259
 -0.00187173]

Residual before update:
[-0.00180985  0.00658685  0.00751748 ... -0.00608291 -0.00309185
 -0.00187186]

Residual before update:
[-0.00180764  0.00658077  0.0075177  ... -0.00607598 -0.0030926
 -0.00187174]

Residual before update:
[-0.00180764  0.00658077  0.0075177  ... -0.00607598 -0.00309259
 -0.00187174]

Residual before update:
[-0.00180764  0.00658077  0.0075177  ... -0.00607598 -0.00309259
 -0.00187173]

Residual before update:
[-0.00180764  0.00658076  0.0075177  ... -0.00607598 -0.00309259
 -0.00187174]

Residual before update:
[-0.00180764  0.00658077  0.0075177  ... -0.00607598 -0.00309259
 -0.00187173]

Residual before update:
[-0.0018076   0.00658015  0.00751858 ... -0.00608862 -0.00309184
 -0.00194002]

Residual before update:
[-0.00180764  0.00658076  0.0075177  ... -0.00607598 -0.00309259
 -0.00187173]

Residual before update:
[-0.00180764  0.00658076  0.00751769 ... -0.00607598 -0.00309259
 -0.00187173]

Residual before update:
[-0.00180764  0.00658076  0.00751769 ... -0.00607598 -0.0030926
 -0.00187173]

Residual before update:
[-0.00180971  0.00658679  0.00751755 ... -0.00608268 -0.00309186
 -0.00187186]

Residual before update:
[-0.00180764  0.00658076  0.00751769 ... -0.00607598 -0.0030926
 -0.00187173]

Residual before update:
[-0.00180764  0.00658076  0.00751769 ... -0.00607598 -0.0030926
 -0.00187173]

Residual before update:
[-0.00180764  0.00658076  0.00751769 ... -0.00607598 -0.00309259
 -0.00187173]

Residual before update:
[-0.00180765  0.00658076  0.00751769 ... -0.00607598 -0.0030926
 -0.00187173]

Residual before update:
[-0.00180764  0.00658076  0.00751769 ... -0.00607598 -0.0030926
 -0.00187173]

Residual before update:
[-0.00180752  0.00658014  0.00751858 ... -0.00608883 -0.00309183
 -0.00194053]

Residual before update:
[-0.00180765  0.00658075  0.00751768 ... -0.00607598 -0.0030926
 -0.00187173]

Residual before update:
[-0.00180765  0.00658075  0.00751768 ... -0.00607598 -0.0030926
 -0.00187173]

Residual before update:
[-0.00180765  0.00658075  0.00751768 ... -0.00607598 -0.0030926
 -0.00187173]

Residual before update:
[-0.00181003  0.00658652  0.00751743 ... -0.00608224 -0.00309213
 -0.00187189]

Residual before update:
[-0.00180765  0.00658075  0.00751768 ... -0.00607598 -0.0030926
 -0.00187173]
Compute pips
###############################
TGFM
###############################
Initialize variables
Warning: 375 variants have NaN gwas_beta. Setting to 0 with large SE.
Iterative optimization

Residual before update:
[-4.15293270e-05 -8.16743430e-04 -1.75096622e-03 ...  8.85230390e-04
 -1.18142116e-03  8.37119242e-03]

Residual before update:
[-4.13713293e-05 -8.16585432e-04 -1.74910075e-03 ...  8.85193330e-04
 -1.18140760e-03  8.37120307e-03]

Residual before update:
[-4.12194153e-05 -8.16433519e-04 -1.74730083e-03 ...  8.85156283e-04
 -1.18139413e-03  8.37121346e-03]

Residual before update:
[-4.10731389e-05 -8.16287242e-04 -1.74556141e-03 ...  8.85119267e-04
 -1.18138074e-03  8.37122361e-03]

Residual before update:
[-4.09320222e-05 -8.16146125e-04 -1.74387812e-03 ...  8.85082317e-04
 -1.18136744e-03  8.37123355e-03]

Residual before update:
[-4.07958161e-05 -8.16009919e-04 -1.74224707e-03 ...  8.85045285e-04
 -1.18135422e-03  8.37124314e-03]

Residual before update:
[-4.06640795e-05 -8.15878183e-04 -1.74066462e-03 ...  8.85008327e-04
 -1.18134105e-03  8.37125256e-03]

Residual before update:
[-4.05364390e-05 -8.15750542e-04 -1.73912764e-03 ...  8.84971407e-04
 -1.18132798e-03  8.37126176e-03]

Residual before update:
[-4.04138787e-05 -8.15627982e-04 -1.73763335e-03 ...  8.84934455e-04
 -1.18131496e-03  8.37127066e-03]

Residual before update:
[-4.02930363e-05 -8.15507140e-04 -1.73617896e-03 ...  8.84897603e-04
 -1.18130197e-03  8.37127940e-03]

Residual before update:
[-4.03342085e-05 -8.15548312e-04 -1.73662772e-03 ...  8.84897695e-04
 -1.18130367e-03  8.37127695e-03]

Residual before update:
[-4.03677639e-05 -8.15581867e-04 -1.73698833e-03 ...  8.84897734e-04
 -1.18130305e-03  8.37127539e-03]

Residual before update:
[-4.03943200e-05 -8.15608423e-04 -1.73727792e-03 ...  8.84897619e-04
 -1.18130340e-03  8.37127385e-03]

Residual before update:
[-4.04149825e-05 -8.15629086e-04 -1.73750271e-03 ...  8.84897537e-04
 -1.18130364e-03  8.37127254e-03]

Residual before update:
[-4.04301072e-05 -8.15644211e-04 -1.73766871e-03 ...  8.84897522e-04
 -1.18130380e-03  8.37127159e-03]

Residual before update:
[-4.04404970e-05 -8.15654600e-04 -1.73778143e-03 ...  8.84897258e-04
 -1.18130391e-03  8.37127067e-03]

Residual before update:
[-4.04463443e-05 -8.15660448e-04 -1.73784527e-03 ...  8.84897093e-04
 -1.18130391e-03  8.37127010e-03]

Residual before update:
[-4.04479944e-05 -8.15662098e-04 -1.73786466e-03 ...  8.84896928e-04
 -1.18130390e-03  8.37126981e-03]

Residual before update:
[-4.04472919e-05 -8.15661395e-04 -1.73784368e-03 ...  8.84896677e-04
 -1.18130381e-03  8.37126964e-03]

Residual before update:
[-4.04409900e-05 -8.15655093e-04 -1.73778563e-03 ...  8.84896494e-04
 -1.18130364e-03  8.37126978e-03]

Residual before update:
[-4.04375687e-05 -8.15651672e-04 -1.73775208e-03 ...  8.84896413e-04
 -1.18130465e-03  8.37126953e-03]

Residual before update:
[-4.04349364e-05 -8.15649040e-04 -1.73772033e-03 ...  8.84896291e-04
 -1.18130348e-03  8.37126988e-03]

Residual before update:
[-4.04328228e-05 -8.15646926e-04 -1.73769824e-03 ...  8.84896031e-04
 -1.18130339e-03  8.37126998e-03]

Residual before update:
[-4.04315094e-05 -8.15645613e-04 -1.73768335e-03 ...  8.84895823e-04
 -1.18130330e-03  8.37127004e-03]

Residual before update:
[-4.04306032e-05 -8.15644707e-04 -1.73767379e-03 ...  8.84895699e-04
 -1.18130321e-03  8.37127020e-03]

Residual before update:
[-4.04302497e-05 -8.15644353e-04 -1.73766816e-03 ...  8.84895348e-04
 -1.18130315e-03  8.37127013e-03]

Residual before update:
[-4.04300290e-05 -8.15644132e-04 -1.73766440e-03 ...  8.84895116e-04
 -1.18130307e-03  8.37127017e-03]

Residual before update:
[-4.04297444e-05 -8.15643848e-04 -1.73766123e-03 ...  8.84894905e-04
 -1.18130302e-03  8.37127026e-03]

Residual before update:
[-4.04307628e-05 -8.15644866e-04 -1.73765759e-03 ...  8.84894629e-04
 -1.18130296e-03  8.37127023e-03]

Residual before update:
[-4.04293755e-05 -8.15643479e-04 -1.73765212e-03 ...  8.84894443e-04
 -1.18130287e-03  8.37127030e-03]

Residual before update:
[-4.04294245e-05 -8.15643528e-04 -1.73765569e-03 ...  8.84894362e-04
 -1.18130394e-03  8.37127000e-03]

Residual before update:
[-4.04290620e-05 -8.15643165e-04 -1.73764821e-03 ...  8.84894242e-04
 -1.18130279e-03  8.37127030e-03]

Residual before update:
[-4.04282769e-05 -8.15642380e-04 -1.73764038e-03 ...  8.84893983e-04
 -1.18130272e-03  8.37127037e-03]

Residual before update:
[-4.04275820e-05 -8.15641685e-04 -1.73763214e-03 ...  8.84893776e-04
 -1.18130263e-03  8.37127042e-03]

Residual before update:
[-4.04267827e-05 -8.15640886e-04 -1.73762378e-03 ...  8.84893653e-04
 -1.18130254e-03  8.37127056e-03]

Residual before update:
[-4.04262145e-05 -8.15640318e-04 -1.73761589e-03 ...  8.84893302e-04
 -1.18130247e-03  8.37127049e-03]

Residual before update:
[-4.04255998e-05 -8.15639703e-04 -1.73760795e-03 ...  8.84893070e-04
 -1.18130238e-03  8.37127054e-03]

Residual before update:
[-4.04248756e-05 -8.15638979e-04 -1.73760011e-03 ...  8.84892859e-04
 -1.18130233e-03  8.37127062e-03]

Residual before update:
[-4.04255327e-05 -8.15639636e-04 -1.73759254e-03 ...  8.84892580e-04
 -1.18130226e-03  8.37127060e-03]

Residual before update:
[-4.04239352e-05 -8.15638039e-04 -1.73758488e-03 ...  8.84892392e-04
 -1.18130216e-03  8.37127067e-03]

Residual before update:
[-4.04238994e-05 -8.15638003e-04 -1.73758756e-03 ...  8.84892310e-04
 -1.18130323e-03  8.37127037e-03]

Residual before update:
[-4.04235226e-05 -8.15637626e-04 -1.73757991e-03 ...  8.84892188e-04
 -1.18130208e-03  8.37127068e-03]
NaNs in component_non_med_pred at component 2

Residual before update:
[-4.04227626e-05 -8.15636866e-04 -1.73757234e-03 ...  8.84891927e-04
 -1.18130201e-03  8.37127074e-03]
NaNs in residual_incl_alpha[74, :]
NaN in mixture_alpha_mu: b_terms=[nan nan nan nan nan]
NaNs in self.residual at bs_iter=74
NaNs in un_normalized_lv_alpha_weights
NaN in normalizing_term
NaNs in component_non_med_pred at component 3

Residual before update:
[-4.04221106e-05 -8.15636214e-04 -1.73756454e-03 ...  8.84891716e-04
 -1.18130192e-03  8.37127079e-03]
NaNs in residual_incl_alpha[74, :]
NaNs in gene_weights for bs_iter=74
NaN in mixture_alpha_mu: b_terms=[nan nan nan nan nan]
NaNs in self.residual at bs_iter=74
NaNs in un_normalized_lv_alpha_weights
NaN in normalizing_term
NaNs in component_non_med_pred at component 4

Residual before update:
[-4.04213512e-05 -8.15635455e-04 -1.73755658e-03 ...  8.84891589e-04
 -1.18130183e-03  8.37127094e-03]
NaNs in residual_incl_alpha[74, :]
NaNs in gene_weights for bs_iter=74
NaN in mixture_alpha_mu: b_terms=[nan nan nan nan nan]
NaNs in self.residual at bs_iter=74
NaNs in un_normalized_lv_alpha_weights
NaN in normalizing_term
NaNs in component_non_med_pred at component 5

Residual before update:
[-4.04208228e-05 -8.15634926e-04 -1.73754911e-03 ...  8.84891236e-04
 -1.18130176e-03  8.37127086e-03]
NaNs in residual_incl_alpha[74, :]
NaNs in gene_weights for bs_iter=74
NaN in mixture_alpha_mu: b_terms=[nan nan nan nan nan]
NaNs in self.residual at bs_iter=74
NaNs in un_normalized_lv_alpha_weights
NaN in normalizing_term
NaNs in component_non_med_pred at component 6

Residual before update:
[-4.04202315e-05 -8.15634335e-04 -1.73754141e-03 ...  8.84891001e-04
 -1.18130167e-03  8.37127091e-03]
NaNs in residual_incl_alpha[74, :]
NaNs in gene_weights for bs_iter=74
NaN in mixture_alpha_mu: b_terms=[nan nan nan nan nan]
NaNs in self.residual at bs_iter=74
NaNs in un_normalized_lv_alpha_weights
NaN in normalizing_term
NaNs in component_non_med_pred at component 7

Residual before update:
[-4.04195145e-05 -8.15633618e-04 -1.73753363e-03 ...  8.84890787e-04
 -1.18130162e-03  8.37127100e-03]
NaNs in residual_incl_alpha[74, :]
NaNs in gene_weights for bs_iter=74
NaN in mixture_alpha_mu: b_terms=[nan nan nan nan nan]
NaNs in self.residual at bs_iter=74
NaNs in un_normalized_lv_alpha_weights
NaN in normalizing_term
NaNs in component_non_med_pred at component 8

Residual before update:
[-4.04201762e-05 -8.15634280e-04 -1.73752601e-03 ...  8.84890506e-04
 -1.18130155e-03  8.37127098e-03]
NaNs in residual_incl_alpha[74, :]
NaNs in gene_weights for bs_iter=74
NaN in mixture_alpha_mu: b_terms=[nan nan nan nan nan]
NaNs in self.residual at bs_iter=74
NaNs in un_normalized_lv_alpha_weights
NaN in normalizing_term
NaNs in component_non_med_pred at component 9

Residual before update:
[-4.04185626e-05 -8.15632666e-04 -1.73751823e-03 ...  8.84890315e-04
 -1.18130145e-03  8.37127105e-03]
NaNs in residual_incl_alpha[74, :]
NaNs in gene_weights for bs_iter=74
NaN in mixture_alpha_mu: b_terms=[nan nan nan nan nan]
NaNs in self.residual at bs_iter=74
NaNs in un_normalized_lv_alpha_weights
NaN in normalizing_term
Compute pips
NaNs found in gene-tissue pair PIPs at indices: [0 1 2 3 4]
NaNs found in variant PIPs at indices: [    0     1     2 ... 11820 11821 11822]
NaNs found in gene PIPs at indices: [0 1 2]
###############################
TGFM
###############################
Initialize variables
Warning: 410 variants have NaN gwas_beta. Setting to 0 with large SE.
Iterative optimization

Residual before update:
[-1.08482705e-02  4.07008117e-04  2.19551343e-03 ... -5.14558490e-03
  8.99464447e-04 -2.43098499e-05]

Residual before update:
[-1.08481797e-02  4.07003590e-04  2.19551220e-03 ... -5.14553980e-03
  8.99491398e-04 -2.42854005e-05]

Residual before update:
[-1.08480890e-02  4.06999063e-04  2.19551094e-03 ... -5.14549469e-03
  8.99517911e-04 -2.42614152e-05]

Residual before update:
[-1.08479984e-02  4.06994515e-04  2.19550973e-03 ... -5.14544961e-03
  8.99545266e-04 -2.42365315e-05]

Residual before update:
[-1.08479080e-02  4.06990049e-04  2.19550842e-03 ... -5.14540455e-03
  8.99572221e-04 -2.42120781e-05]

Residual before update:
[-1.08478176e-02  4.06985517e-04  2.19550720e-03 ... -5.14535948e-03
  8.99599146e-04 -2.41876493e-05]

Residual before update:
[-1.08477274e-02  4.06981007e-04  2.19550586e-03 ... -5.14531442e-03
  8.99626075e-04 -2.41632176e-05]

Residual before update:
[-1.08342373e-02  4.10521322e-04  2.22743422e-03 ... -5.14053451e-03
  9.03903688e-04 -2.01351082e-05]

Residual before update:
[-1.08475473e-02  4.06971992e-04  2.19550322e-03 ... -5.14522433e-03
  8.99679888e-04 -2.41143941e-05]

Residual before update:
[-1.08474576e-02  4.06967424e-04  2.19550238e-03 ... -5.14517942e-03
  8.99706353e-04 -2.40904096e-05]

Residual before update:
[-1.08474586e-02  4.06967463e-04  2.19550185e-03 ... -5.14517937e-03
  8.99706692e-04 -2.40900688e-05]

Residual before update:
[-1.08474593e-02  4.06967586e-04  2.19550166e-03 ... -5.14517928e-03
  8.99706777e-04 -2.40899874e-05]

Residual before update:
[-1.08474599e-02  4.06967587e-04  2.19550152e-03 ... -5.14517914e-03
  8.99704877e-04 -2.40920077e-05]

Residual before update:
[-1.08474603e-02  4.06967515e-04  2.19550158e-03 ... -5.14517907e-03
  8.99706815e-04 -2.40899463e-05]

Residual before update:
[-1.08474607e-02  4.06967655e-04  2.19550141e-03 ... -5.14517904e-03
  8.99706927e-04 -2.40898432e-05]

Residual before update:
[-1.08474608e-02  4.06967613e-04  2.19550148e-03 ... -5.14517891e-03
  8.99706977e-04 -2.40897922e-05]

Residual before update:
[-1.08474609e-02  4.06967609e-04  2.19550135e-03 ... -5.14517881e-03
  8.99707052e-04 -2.40897233e-05]

Residual before update:
[-1.08038024e-02  4.09726451e-04  2.22409066e-03 ... -5.14100834e-03
  9.03293937e-04 -2.06888835e-05]

Residual before update:
[-1.08474606e-02  4.06967580e-04  2.19550130e-03 ... -5.14517857e-03
  8.99707179e-04 -2.40896081e-05]

Residual before update:
[-1.08474605e-02  4.06967494e-04  2.19550179e-03 ... -5.14517855e-03
  8.99706823e-04 -2.40899589e-05]

Residual before update:
[-1.08474603e-02  4.06967494e-04  2.19550138e-03 ... -5.14517843e-03
  8.99707213e-04 -2.40895760e-05]

Residual before update:
[-1.08474600e-02  4.06967583e-04  2.19550129e-03 ... -5.14517828e-03
  8.99707344e-04 -2.40894571e-05]

Residual before update:
[-1.08474598e-02  4.06967554e-04  2.19550124e-03 ... -5.14517808e-03
  8.99705483e-04 -2.40914456e-05]

Residual before update:
[-1.08474595e-02  4.06967457e-04  2.19550138e-03 ... -5.14517796e-03
  8.99707458e-04 -2.40893532e-05]

Residual before update:
[-1.08474592e-02  4.06967576e-04  2.19550127e-03 ... -5.14517789e-03
  8.99707599e-04 -2.40892272e-05]

Residual before update:
[-1.08474589e-02  4.06967517e-04  2.19550139e-03 ... -5.14517774e-03
  8.99707672e-04 -2.40891583e-05]

Residual before update:
[-1.08474587e-02  4.06967500e-04  2.19550129e-03 ... -5.14517761e-03
  8.99707764e-04 -2.40890750e-05]

Residual before update:
[-1.07957632e-02  4.09931855e-04  2.22120928e-03 ... -5.15430054e-03
  9.02558649e-04 -2.14782106e-05]

Residual before update:
[-1.08474581e-02  4.06967458e-04  2.19550127e-03 ... -5.14517735e-03
  8.99707907e-04 -2.40889467e-05]

Residual before update:
[-1.08474580e-02  4.06967372e-04  2.19550176e-03 ... -5.14517733e-03
  8.99707552e-04 -2.40892971e-05]

Residual before update:
[-1.08474579e-02  4.06967372e-04  2.19550135e-03 ... -5.14517721e-03
  8.99707942e-04 -2.40889141e-05]

Residual before update:
[-1.08474576e-02  4.06967462e-04  2.19550126e-03 ... -5.14517706e-03
  8.99708073e-04 -2.40887957e-05]

Residual before update:
[-1.08474573e-02  4.06967433e-04  2.19550120e-03 ... -5.14517686e-03
  8.99706209e-04 -2.40907878e-05]

Residual before update:
[-1.08474570e-02  4.06967335e-04  2.19550134e-03 ... -5.14517674e-03
  8.99708189e-04 -2.40886899e-05]

Residual before update:
[-1.08474568e-02  4.06967455e-04  2.19550123e-03 ... -5.14517667e-03
  8.99708330e-04 -2.40885643e-05]

Residual before update:
[-1.08474565e-02  4.06967396e-04  2.19550135e-03 ... -5.14517652e-03
  8.99708402e-04 -2.40884957e-05]

Residual before update:
[-1.08474562e-02  4.06967378e-04  2.19550125e-03 ... -5.14517639e-03
  8.99708495e-04 -2.40884115e-05]

Residual before update:
[-1.07843746e-02  4.13588809e-04  2.18665928e-03 ... -5.19099938e-03
  9.08439348e-04 -1.50577049e-05]

Residual before update:
[-1.08474557e-02  4.06967337e-04  2.19550123e-03 ... -5.14517612e-03
  8.99708638e-04 -2.40882831e-05]

Residual before update:
[-1.08474556e-02  4.06967250e-04  2.19550172e-03 ... -5.14517610e-03
  8.99708285e-04 -2.40886326e-05]

Residual before update:
[-1.08474555e-02  4.06967250e-04  2.19550131e-03 ... -5.14517599e-03
  8.99708675e-04 -2.40882490e-05]

Residual before update:
[-1.08474552e-02  4.06967341e-04  2.19550122e-03 ... -5.14517583e-03
  8.99708806e-04 -2.40881309e-05]

Residual before update:
[-1.08474549e-02  4.06967311e-04  2.19550116e-03 ... -5.14517562e-03
  8.99706939e-04 -2.40901263e-05]

Residual before update:
[-1.08474546e-02  4.06967213e-04  2.19550130e-03 ... -5.14517551e-03
  8.99708924e-04 -2.40880229e-05]

Residual before update:
[-1.08474544e-02  4.06967333e-04  2.19550119e-03 ... -5.14517544e-03
  8.99709065e-04 -2.40878975e-05]

Residual before update:
[-1.08474541e-02  4.06967274e-04  2.19550131e-03 ... -5.14517529e-03
  8.99709136e-04 -2.40878291e-05]

Residual before update:
[-1.08474538e-02  4.06967256e-04  2.19550121e-03 ... -5.14517515e-03
  8.99709231e-04 -2.40877441e-05]

Residual before update:
[-0.0108251   0.00040212  0.00216789 ... -0.00512264  0.00071862
 -0.00021589]

Residual before update:
[-1.08474533e-02  4.06967215e-04  2.19550119e-03 ... -5.14517489e-03
  8.99709374e-04 -2.40876155e-05]

Residual before update:
[-1.08474531e-02  4.06967128e-04  2.19550168e-03 ... -5.14517486e-03
  8.99709021e-04 -2.40879640e-05]
Compute pips
NaNs found in variant PIPs at indices: [    0     3     4 ... 12673 12677 12678]
Finished processing final TGFM

------------------------------------------------------------
Sender: LSF System <lsfadmin@node-13-07>
Subject: Job 740119[21]: <run_final_TGFM_CD[1-50]> in cluster <farm22> Done

Job <run_final_TGFM_CD[1-50]> was submitted from host <farm22-head2> by user <bh18> in cluster <farm22> at Thu Apr 30 14:08:18 2026
Job was executed on host(s) <node-13-07>, in queue <long>, as user <bh18> in cluster <farm22> at Thu Apr 30 14:09:00 2026
</nfs/users/nfs_b/bh18> was used as the home directory.
</lustre/scratch127/humgen/projects_v2/sc-eqtl-ibd/analysis/bradley_analysis/IBDverse/TGFM> was used as the working directory.
Started at Thu Apr 30 14:09:00 2026
Terminated at Thu Apr 30 15:03:34 2026
Results reported at Thu Apr 30 15:03:34 2026

Your job looked like:

------------------------------------------------------------
# LSBATCH: User input
bash execution_scripts_BH/run_TGFM-BH-MCP.sh -t CD
------------------------------------------------------------

Successfully completed.

Resource usage summary:

    CPU time :                                   3255.49 sec.
    Max Memory :                                 7019 MB
    Average Memory :                             4746.46 MB
    Total Requested Memory :                     30000.00 MB
    Delta Memory :                               22981.00 MB
    Max Swap :                                   2 MB
    Max Processes :                              5
    Max Threads :                                14
    Run time :                                   3274 sec.
    Turnaround time :                            3316 sec.

The output (if any) is above this job summary.



PS:

Read file <logs/run_final_TGFM-CD-21-740119-error.log> for stderr output of this job.

