Processing chunk 40...
###############################
TGFM
###############################
Initialize variables
Warning: 340 variants have NaN gwas_beta. Setting to 0 with large SE.
Iterative optimization

Residual before update:
[ 0.0013915   0.00691341 -0.0157764  ...  0.00608761 -0.00468373
  0.0026202 ]

Residual before update:
[ 0.00161933  0.0071732  -0.01453785 ...  0.00608883 -0.00468289
  0.0026208 ]

Residual before update:
[ 0.00065878  0.00602212 -0.02000404 ...  0.00608398 -0.00468555
  0.00261952]

Residual before update:
[ 0.00065831  0.00602203 -0.02000379 ...  0.00608414 -0.00468368
  0.00262038]

Residual before update:
[ 0.00066246  0.00602835 -0.01996821 ...  0.00608443 -0.00468432
  0.00261982]

Residual before update:
[ 0.00217232  0.00784157 -0.01135505 ...  0.00609249 -0.00467889
  0.00262213]

Residual before update:
[ 0.00066691  0.00603495 -0.0199232  ...  0.00608489 -0.00468308
  0.00262013]

Residual before update:
[ 0.00217014  0.0078401  -0.01134509 ...  0.00609292 -0.00467768
  0.00262242]

Residual before update:
[ 0.00067069  0.00604024 -0.01987859 ...  0.00608534 -0.00468184
  0.00262043]

Residual before update:
[ 0.00216768  0.0078378  -0.01133407 ...  0.00609334 -0.00467647
  0.00262271]

Residual before update:
[ 0.00044605  0.00578456 -0.02107317 ...  0.00608456 -0.00468145
  0.00262012]

Residual before update:
[ 0.00310121  0.0089704  -0.00593179 ...  0.00609847 -0.0046727
  0.00262399]

Residual before update:
[-0.00085562  0.00421402 -0.02846832 ...  0.00607807 -0.00468494
  0.00261845]

Residual before update:
[-0.00085489  0.00421641 -0.02848471 ...  0.00607798 -0.00468512
  0.00261843]

Residual before update:
[-0.00083737  0.00422542 -0.02830924 ...  0.00607864 -0.0046837
  0.00261877]

Residual before update:
[ 0.00361756  0.00957274 -0.00288099 ...  0.00610204 -0.00466891
  0.00262522]

Residual before update:
[-0.00083071  0.00422389 -0.02821731 ...  0.00607913 -0.0046825
  0.00261907]

Residual before update:
[ 0.0036071   0.00955103 -0.00288752 ...  0.00610244 -0.00466777
  0.0026255 ]

Residual before update:
[-0.0008246   0.00422251 -0.02812924 ...  0.00607961 -0.0046813
  0.00261937]

Residual before update:
[ 0.00359686  0.00953039 -0.00289359 ...  0.00610284 -0.00466663
  0.00262577]

Residual before update:
[-0.00102243  0.00397693 -0.0292072  ...  0.00607898 -0.00468083
  0.00261936]

Residual before update:
[ 0.00454344  0.01066386  0.00254853 ...  0.00610804 -0.00466281
  0.00262729]

Residual before update:
[-0.00231214  0.00242021 -0.03653079 ...  0.00607248 -0.00468426
  0.00261773]

Residual before update:
[-0.00231311  0.00242051 -0.03654373 ...  0.00607241 -0.00468445
  0.00261768]

Residual before update:
[-0.00229266  0.00243544 -0.03636933 ...  0.00607298 -0.00468297
  0.00261808]

Residual before update:
[ 0.00504656  0.01125401  0.00550695 ...  0.0061114  -0.00465899
  0.00262859]

Residual before update:
[-0.00228111  0.00244077 -0.03625783 ...  0.00607346 -0.00468172
  0.00261842]

Residual before update:
[ 0.0050321   0.01122774  0.0054677  ...  0.00611175 -0.00465784
  0.00262889]

Residual before update:
[-0.00226988  0.0024457  -0.03614983 ...  0.00607394 -0.00468049
  0.00261875]

Residual before update:
[ 0.00501822  0.01120226  0.00543059 ...  0.00611211 -0.0046567
  0.00262918]

Residual before update:
[-0.00246602  0.00220183 -0.03722774 ...  0.00607331 -0.00468001
  0.00261877]

Residual before update:
[ 0.00597401  0.01234735  0.01090833 ...  0.00611737 -0.00465287
  0.00263073]

Residual before update:
[-0.00376459  0.00063625 -0.04459912 ...  0.00606674 -0.00468346
  0.00261712]

Residual before update:
[-0.00376617  0.0006356  -0.04461599 ...  0.00606667 -0.00468366
  0.00261707]

Residual before update:
[-0.00374219  0.00065705 -0.04441829 ...  0.00606724 -0.00468216
  0.00261747]

Residual before update:
[ 0.00647157  0.0129347   0.01384374 ...  0.00612064 -0.00464906
  0.00263201]

Residual before update:
[-0.0037261   0.0006694  -0.04427947 ...  0.00606773 -0.00468091
  0.00261781]

Residual before update:
[ 0.00645211  0.01290402  0.01377898 ...  0.00612095 -0.00464793
  0.00263229]

Residual before update:
[-0.00371067  0.0006806  -0.0441466  ...  0.00606822 -0.00467967
  0.00261814]

Residual before update:
[ 0.00643362  0.01287407  0.01371683 ...  0.00612127 -0.0046468
  0.00263258]

Residual before update:
[-0.00390344  0.00044175 -0.04520434 ...  0.0060676  -0.00467918
  0.00261816]

Residual before update:
[ 0.00738999  0.0140191   0.01919043 ...  0.00612657 -0.00464301
  0.00263412]

Residual before update:
[-0.00520284 -0.0011234  -0.0525795  ...  0.00606101 -0.00468265
  0.00261651]

Residual before update:
[-0.00520503 -0.00112512 -0.05260058 ...  0.00606094 -0.00468285
  0.00261645]

Residual before update:
[-0.00517674 -0.00109698 -0.05237702 ...  0.00606152 -0.00468135
  0.00261685]

Residual before update:
[ 0.00787913  0.0145992   0.02208386 ...  0.00612975 -0.00463923
  0.00263538]

Residual before update:
[-0.00515565 -0.00107741 -0.05220894 ...  0.00606203 -0.00468008
  0.00261719]

Residual before update:
[ 0.00785466  0.01456407  0.02199332 ...  0.00613002 -0.00463811
  0.00263565]

Residual before update:
[-0.00513568 -0.00105967 -0.05205068 ...  0.00606254 -0.00467884
  0.00261752]

Residual before update:
[ 0.00783183  0.01453012  0.02190632 ...  0.00613031 -0.00463702
  0.00263592]
Compute pips
###############################
TGFM
###############################
Initialize variables
Warning: 449 variants have NaN gwas_beta. Setting to 0 with large SE.
Iterative optimization

Residual before update:
[-0.0046121  -0.01465864  0.00561619 ...  0.00656652  0.00547251
  0.00700965]

Residual before update:
[-0.0046121  -0.01465812  0.00561619 ...  0.00656652  0.0054725
  0.00700963]

Residual before update:
[-0.0046121  -0.0146576   0.00561618 ...  0.00656651  0.0054725
  0.00700962]

Residual before update:
[-0.0046121  -0.01465708  0.00561618 ...  0.00656651  0.0054725
  0.00700961]

Residual before update:
[-0.0046121  -0.01465656  0.00561617 ...  0.00656651  0.00547249
  0.0070096 ]

Residual before update:
[-0.00461209 -0.01465605  0.00561617 ...  0.00656651  0.00547249
  0.00700959]

Residual before update:
[-0.00461209 -0.01465553  0.00561616 ...  0.00656651  0.00547249
  0.00700957]

Residual before update:
[-0.00461209 -0.01465501  0.00561616 ...  0.0065665   0.00547248
  0.00700956]

Residual before update:
[-0.00461193 -0.01465743  0.00560533 ...  0.00656481  0.00547225
  0.00701279]

Residual before update:
[-0.00461209 -0.01465398  0.00561615 ...  0.0065665   0.00547248
  0.00700954]

Residual before update:
[-0.00461209 -0.01465398  0.00561615 ...  0.0065665   0.00547248
  0.00700954]

Residual before update:
[-0.00461209 -0.01465398  0.00561615 ...  0.0065665   0.00547248
  0.00700954]

Residual before update:
[-0.00461209 -0.01465398  0.00561615 ...  0.0065665   0.00547248
  0.00700954]

Residual before update:
[-0.00461209 -0.01465398  0.00561615 ...  0.0065665   0.00547248
  0.00700954]

Residual before update:
[-0.00461209 -0.01465398  0.00561615 ...  0.0065665   0.00547248
  0.00700954]

Residual before update:
[-0.00461209 -0.01465398  0.00561615 ...  0.0065665   0.00547248
  0.00700954]

Residual before update:
[-0.00461209 -0.01465398  0.00561615 ...  0.0065665   0.00547248
  0.00700954]

Residual before update:
[-0.00461209 -0.01465398  0.00561615 ...  0.0065665   0.00547248
  0.00700954]

Residual before update:
[-0.00467091 -0.01469093  0.00546007 ...  0.00606792  0.00543173
  0.00660721]

Residual before update:
[-0.00461209 -0.01465398  0.00561615 ...  0.0065665   0.00547248
  0.00700954]

Residual before update:
[-0.00461209 -0.01465398  0.00561615 ...  0.0065665   0.00547248
  0.00700954]

Residual before update:
[-0.00461209 -0.01465397  0.00561615 ...  0.0065665   0.00547248
  0.00700954]

Residual before update:
[-0.00461209 -0.01465397  0.00561615 ...  0.0065665   0.00547248
  0.00700954]

Residual before update:
[-0.00461209 -0.01465397  0.00561615 ...  0.0065665   0.00547248
  0.00700954]

Residual before update:
[-0.00461209 -0.01465397  0.00561615 ...  0.0065665   0.00547248
  0.00700954]

Residual before update:
[-0.00461209 -0.01465397  0.00561615 ...  0.0065665   0.00547248
  0.00700954]

Residual before update:
[-0.00461209 -0.01465397  0.00561615 ...  0.0065665   0.00547248
  0.00700954]

Residual before update:
[-0.00461209 -0.01465397  0.00561615 ...  0.0065665   0.00547248
  0.00700954]

Residual before update:
[-0.00467091 -0.01469092  0.00546007 ...  0.0060679   0.00543171
  0.00660668]

Residual before update:
[-0.00461209 -0.01465397  0.00561615 ...  0.0065665   0.00547248
  0.00700954]

Residual before update:
[-0.00461209 -0.01465397  0.00561615 ...  0.0065665   0.00547248
  0.00700954]

Residual before update:
[-0.00461209 -0.01465397  0.00561615 ...  0.0065665   0.00547248
  0.00700954]

Residual before update:
[-0.00461209 -0.01465397  0.00561615 ...  0.0065665   0.00547248
  0.00700954]

Residual before update:
[-0.00461209 -0.01465396  0.00561615 ...  0.0065665   0.00547248
  0.00700954]

Residual before update:
[-0.00461209 -0.01465396  0.00561615 ...  0.0065665   0.00547248
  0.00700954]

Residual before update:
[-0.00461209 -0.01465396  0.00561615 ...  0.0065665   0.00547248
  0.00700954]

Residual before update:
[-0.00461209 -0.01465396  0.00561615 ...  0.0065665   0.00547248
  0.00700954]

Residual before update:
[-0.00461209 -0.01465396  0.00561615 ...  0.0065665   0.00547248
  0.00700954]

Residual before update:
[-0.00467092 -0.01469092  0.00546004 ...  0.00606782  0.0054317
  0.00660662]

Residual before update:
[-0.00461209 -0.01465396  0.00561615 ...  0.0065665   0.00547248
  0.00700954]

Residual before update:
[-0.00461209 -0.01465396  0.00561615 ...  0.0065665   0.00547248
  0.00700954]

Residual before update:
[-0.00461209 -0.01465396  0.00561615 ...  0.0065665   0.00547248
  0.00700954]

Residual before update:
[-0.00461209 -0.01465396  0.00561615 ...  0.0065665   0.00547248
  0.00700954]

Residual before update:
[-0.00461209 -0.01465396  0.00561615 ...  0.0065665   0.00547248
  0.00700954]

Residual before update:
[-0.00461209 -0.01465396  0.00561615 ...  0.0065665   0.00547248
  0.00700954]

Residual before update:
[-0.00461209 -0.01465395  0.00561615 ...  0.0065665   0.00547248
  0.00700954]

Residual before update:
[-0.00461209 -0.01465395  0.00561615 ...  0.0065665   0.00547248
  0.00700954]

Residual before update:
[-0.00461209 -0.01465395  0.00561615 ...  0.0065665   0.00547248
  0.00700954]

Residual before update:
[-0.00467093 -0.01469093  0.00546002 ...  0.00606774  0.0054317
  0.00660656]

Residual before update:
[-0.00461209 -0.01465395  0.00561615 ...  0.0065665   0.00547248
  0.00700954]
Compute pips
###############################
TGFM
###############################
Initialize variables
Warning: 465 variants have NaN gwas_beta. Setting to 0 with large SE.
Iterative optimization

Residual before update:
[ 0.00490685  0.00467893  0.00800723 ...  0.         -0.00442194
 -0.00505831]

Residual before update:
[ 4.90684171e-03  4.67892290e-03  8.00722466e-03 ...  5.83874385e-19
 -4.42193036e-03 -5.05828445e-03]

Residual before update:
[ 4.90683373e-03  4.67891093e-03  8.00722177e-03 ...  1.06514241e-18
 -4.42192014e-03 -5.05826297e-03]

Residual before update:
[ 4.90696061e-03  4.67876456e-03  8.00807592e-03 ...  7.90131363e-16
 -4.42238327e-03 -5.05996827e-03]

Residual before update:
[ 4.90681782e-03  4.67888728e-03  8.00721611e-03 ...  2.37437553e-18
 -4.42189961e-03 -5.05821973e-03]

Residual before update:
[ 4.90689137e-03  4.67915263e-03  8.00876010e-03 ...  3.34841686e-15
 -4.42169705e-03 -5.04607484e-03]

Residual before update:
[ 4.90680194e-03  4.67886332e-03  8.00721040e-03 ...  3.10701363e-18
 -4.42187918e-03 -5.05817703e-03]

Residual before update:
[ 4.90679402e-03  4.67885143e-03  8.00720747e-03 ...  3.63869300e-18
 -4.42186896e-03 -5.05815537e-03]

Residual before update:
[ 4.90695135e-03  4.67462076e-03  8.00542281e-03 ... -3.91571882e-14
 -4.42095737e-03 -5.06211443e-03]

Residual before update:
[ 4.90677825e-03  4.67882790e-03  8.00720184e-03 ...  4.84246880e-18
 -4.42184842e-03 -5.05811245e-03]

Residual before update:
[ 4.90914637e-03  4.68804798e-03  8.07144890e-03 ...  5.24390124e-15
 -4.41411097e-03 -5.05812431e-03]

Residual before update:
[ 4.90677844e-03  4.67882815e-03  8.00720193e-03 ...  5.18425825e-18
 -4.42184822e-03 -5.05811208e-03]

Residual before update:
[ 4.90677850e-03  4.67882804e-03  8.00720191e-03 ...  4.72047197e-18
 -4.42184840e-03 -5.05811247e-03]

Residual before update:
[ 4.95297145e-03  4.87322330e-03  8.21001530e-03 ...  8.07307020e-15
 -4.70475632e-03 -5.56826416e-03]

Residual before update:
[ 4.90677866e-03  4.67882861e-03  8.00720214e-03 ...  5.26945308e-18
 -4.42184828e-03 -5.05811195e-03]

Residual before update:
[ 4.90348219e-03  4.67526482e-03  8.00942591e-03 ... -4.56087162e-14
 -4.43036134e-03 -5.05855560e-03]

Residual before update:
[ 4.90677870e-03  4.67882827e-03  8.00720213e-03 ...  4.59249855e-18
 -4.42184836e-03 -5.05811255e-03]

Residual before update:
[ 4.90677872e-03  4.67882825e-03  8.00720201e-03 ...  4.61478835e-18
 -4.42184838e-03 -5.05811230e-03]

Residual before update:
[ 4.91479370e-03  4.71472517e-03  8.00675057e-03 ...  2.53662875e-14
 -4.41591511e-03 -5.05203043e-03]

Residual before update:
[ 4.90677872e-03  4.67882839e-03  8.00720206e-03 ...  4.79171923e-18
 -4.42184828e-03 -5.05811233e-03]

Residual before update:
[ 4.90887633e-03  4.68390090e-03  8.05740377e-03 ...  5.57258153e-15
 -4.41362885e-03 -5.05830440e-03]

Residual before update:
[ 4.90677869e-03  4.67882840e-03  8.00720205e-03 ...  5.15700143e-18
 -4.42184808e-03 -5.05811189e-03]

Residual before update:
[ 4.90677866e-03  4.67882818e-03  8.00720199e-03 ...  4.70183782e-18
 -4.42184826e-03 -5.05811225e-03]

Residual before update:
[ 4.91019304e-03  4.68001656e-03  8.43238768e-03 ...  7.77970893e-13
 -4.35693476e-03 -4.93771776e-03]

Residual before update:
[ 4.90677867e-03  4.67882859e-03  8.00720216e-03 ...  5.26596593e-18
 -4.42184814e-03 -5.05811169e-03]

Residual before update:
[ 4.88925893e-03  4.67382162e-03  7.94961900e-03 ... -1.57040645e-13
 -4.52283229e-03 -5.72539605e-03]

Residual before update:
[ 4.90677863e-03  4.67882815e-03  8.00720211e-03 ...  4.59677481e-18
 -4.42184822e-03 -5.05811226e-03]

Residual before update:
[ 4.90677862e-03  4.67882810e-03  8.00720198e-03 ...  4.62148244e-18
 -4.42184824e-03 -5.05811200e-03]

Residual before update:
[ 4.91166234e-03  4.70982028e-03  8.00723125e-03 ...  2.21718730e-14
 -4.41779358e-03 -5.05540394e-03]

Residual before update:
[ 4.90677861e-03  4.67882823e-03  8.00720202e-03 ...  4.79951964e-18
 -4.42184814e-03 -5.05811203e-03]

Residual before update:
[ 4.90826106e-03  4.68213308e-03  8.04206555e-03 ...  4.14905891e-15
 -4.41588114e-03 -5.05822017e-03]

Residual before update:
[ 4.90677858e-03  4.67882823e-03  8.00720201e-03 ...  5.16508286e-18
 -4.42184794e-03 -5.05811159e-03]

Residual before update:
[ 4.90677855e-03  4.67882802e-03  8.00720195e-03 ...  4.70907871e-18
 -4.42184812e-03 -5.05811195e-03]

Residual before update:
[ 4.91025652e-03  4.68220226e-03  8.43264836e-03 ...  7.77701404e-13
 -4.35686481e-03 -4.93591911e-03]

Residual before update:
[ 4.90677856e-03  4.67882843e-03  8.00720212e-03 ...  5.27401810e-18
 -4.42184799e-03 -5.05811139e-03]

Residual before update:
[ 4.75807283e-03  4.46733452e-03  7.77723572e-03 ... -5.38114205e-13
 -4.87637046e-03 -5.12289067e-03]

Residual before update:
[ 4.90677852e-03  4.67882799e-03  8.00720207e-03 ...  4.60371482e-18
 -4.42184807e-03 -5.05811196e-03]

Residual before update:
[ 4.90677851e-03  4.67882794e-03  8.00720194e-03 ...  4.62846288e-18
 -4.42184809e-03 -5.05811170e-03]

Residual before update:
[ 4.91153307e-03  4.70959671e-03  8.00713901e-03 ...  2.20110471e-14
 -4.41787518e-03 -5.05554625e-03]

Residual before update:
[ 4.90677850e-03  4.67882807e-03  8.00720198e-03 ...  4.80677713e-18
 -4.42184799e-03 -5.05811173e-03]

Residual before update:
[ 4.90771724e-03  4.68046564e-03  8.02829372e-03 ...  2.77185978e-15
 -4.41789745e-03 -5.05825348e-03]

Residual before update:
[ 4.90677847e-03  4.67882807e-03  8.00720197e-03 ...  5.17294405e-18
 -4.42184779e-03 -5.05811129e-03]

Residual before update:
[ 4.90677844e-03  4.67882785e-03  8.00720191e-03 ...  4.71619868e-18
 -4.42184798e-03 -5.05811165e-03]

Residual before update:
[ 4.91025819e-03  4.68226036e-03  8.43265285e-03 ...  7.77689786e-13
 -4.35686333e-03 -4.93587199e-03]

Residual before update:
[ 4.90677845e-03  4.67882826e-03  8.00720208e-03 ...  5.28206756e-18
 -4.42184785e-03 -5.05811109e-03]

Residual before update:
[ 4.75357071e-03  4.46680806e-03  7.79691024e-03 ... -3.97041676e-13
 -4.89599885e-03 -4.82640765e-03]

Residual before update:
[ 4.90677841e-03  4.67882782e-03  8.00720203e-03 ...  4.61068371e-18
 -4.42184793e-03 -5.05811166e-03]

Residual before update:
[ 4.90677840e-03  4.67882777e-03  8.00720190e-03 ...  4.63547325e-18
 -4.42184795e-03 -5.05811140e-03]

Residual before update:
[ 4.91151674e-03  4.70951238e-03  8.00710081e-03 ...  2.20345581e-14
 -4.41788346e-03 -5.05554725e-03]

Residual before update:
[ 4.90677840e-03  4.67882790e-03  8.00720194e-03 ...  4.81405993e-18
 -4.42184785e-03 -5.05811143e-03]
Compute pips
###############################
TGFM
###############################
Initialize variables
Warning: 455 variants have NaN gwas_beta. Setting to 0 with large SE.
Iterative optimization

Residual before update:
[ 0.00698848 -0.00316028  0.00506522 ...  0.00561328 -0.01015161
  0.01098325]

Residual before update:
[ 0.00698867 -0.00315915  0.00506467 ...  0.0056157  -0.01013897
  0.01098292]

Residual before update:
[ 0.00698835 -0.00315969  0.00506423 ...  0.00561551 -0.01014068
  0.01098076]

Residual before update:
[ 0.00698729 -0.00316884  0.00506254 ...  0.00561442 -0.01014112
  0.01097922]

Residual before update:
[ 0.00698818 -0.00315987  0.00506399 ...  0.00561536 -0.01014114
  0.01097834]

Residual before update:
[ 0.00698813 -0.00315993  0.0050639  ...  0.00561531 -0.01014114
  0.0109775 ]

Residual before update:
[ 0.00698808 -0.00315998  0.00506382 ...  0.00561527 -0.01014106
  0.01097679]

Residual before update:
[ 0.00698803 -0.00316002  0.00506376 ...  0.00561524 -0.01014092
  0.01097619]

Residual before update:
[ 0.00698799 -0.00316006  0.00506369 ...  0.00561522 -0.01014073
  0.01097565]

Residual before update:
[ 0.00698838 -0.00315825  0.0050649  ...  0.00561634 -0.01013855
  0.01097519]

Residual before update:
[ 0.00698773 -0.00316125  0.00506414 ...  0.00561275 -0.01015289
  0.01097507]

Residual before update:
[ 0.00698917 -0.00315558  0.00506471 ...  0.00561957 -0.01011597
  0.01098127]

Residual before update:
[ 0.00698525 -0.00315662  0.00506481 ...  0.00561781 -0.01014463
  0.01098033]

Residual before update:
[ 0.00698711 -0.00317877  0.00506103 ...  0.00561905 -0.01011307
  0.0109828 ]

Residual before update:
[ 0.00698515 -0.0031566   0.00506511 ...  0.0056196  -0.01014545
  0.01098147]

Residual before update:
[ 0.00698945 -0.00315543  0.00506532 ...  0.00562338 -0.01011409
  0.01098399]

Residual before update:
[ 0.00698506 -0.00315662  0.00506537 ...  0.00562135 -0.01014628
  0.01098207]

Residual before update:
[ 0.00698928 -0.00315547  0.00506555 ...  0.00562506 -0.01011551
  0.01098439]

Residual before update:
[ 0.00698497 -0.00315666  0.00506559 ...  0.00562306 -0.01014721
  0.01098238]

Residual before update:
[ 0.00698913 -0.00315551  0.00506578 ...  0.00562672 -0.01011699
  0.01098457]

Residual before update:
[ 0.00698374 -0.0031619   0.00506557 ...  0.00561809 -0.01018307
  0.01097808]

Residual before update:
[ 0.00699366 -0.00315919  0.00506579 ...  0.00562514 -0.01011037
  0.01098291]

Residual before update:
[ 0.00698112 -0.00316262  0.00506563 ...  0.00561753 -0.01020185
  0.01097636]

Residual before update:
[ 0.00699394 -0.00315915  0.00506589 ...  0.0056269  -0.01010779
  0.01098247]

Residual before update:
[ 0.00698106 -0.00316268  0.00506573 ...  0.00561915 -0.01020169
  0.01097573]

Residual before update:
[ 0.00699367 -0.00315926  0.00506599 ...  0.00562837 -0.01010918
  0.01098174]

Residual before update:
[ 0.00698098 -0.00316274  0.00506584 ...  0.00562073 -0.01020178
  0.01097509]

Residual before update:
[ 0.00699341 -0.00315937  0.0050661  ...  0.00562983 -0.01011053
  0.01098102]

Residual before update:
[ 0.00698091 -0.00316279  0.00506595 ...  0.00562231 -0.01020173
  0.01097447]

Residual before update:
[ 0.00699315 -0.00315945  0.00506623 ...  0.00563127 -0.01011196
  0.01098033]

Residual before update:
[ 0.00697899 -0.00316331  0.00506602 ...  0.00562226 -0.01021535
  0.0109731 ]

Residual before update:
[ 0.00699688 -0.00315845  0.00506634 ...  0.00563452 -0.01008442
  0.01098191]

Residual before update:
[ 0.00697653 -0.00316402  0.00506605 ...  0.00562165 -0.01023301
  0.0109715 ]

Residual before update:
[ 0.0069971  -0.00315843  0.00506644 ...  0.00563611 -0.01008228
  0.01098151]

Residual before update:
[ 0.00697653 -0.00316406  0.00506614 ...  0.00562319 -0.01023243
  0.01097095]

Residual before update:
[ 0.00699681 -0.00315855  0.00506653 ...  0.00563743 -0.01008389
  0.01098081]

Residual before update:
[ 0.00697651 -0.00316411  0.00506624 ...  0.00562468 -0.01023208
  0.01097039]

Residual before update:
[ 0.00699651 -0.00315867  0.00506662 ...  0.00563873 -0.01008556
  0.01098012]

Residual before update:
[ 0.00697651 -0.00316415  0.00506633 ...  0.00562617 -0.01023155
  0.01096986]

Residual before update:
[ 0.00699619 -0.0031588   0.00506671 ...  0.00564    -0.01008737
  0.01097943]

Residual before update:
[ 0.00697474 -0.00316466  0.00506637 ...  0.00562609 -0.01024411
  0.01096859]

Residual before update:
[ 0.00699983 -0.00315783  0.00506681 ...  0.00564309 -0.01006052
  0.01098101]

Residual before update:
[ 0.00697228 -0.00316536  0.00506639 ...  0.0056254  -0.0102617
  0.01096702]

Residual before update:
[ 0.00700001 -0.00315781  0.0050669  ...  0.00564457 -0.01005867
  0.01098062]

Residual before update:
[ 0.00697236 -0.00316538  0.00506649 ...  0.0056269  -0.01026066
  0.01096654]

Residual before update:
[ 0.00699967 -0.00315795  0.00506698 ...  0.00564578 -0.01006067
  0.01097994]

Residual before update:
[ 0.0069724  -0.00316541  0.00506658 ...  0.00562835 -0.01025984
  0.01096606]

Residual before update:
[ 0.00699932 -0.00315809  0.00506707 ...  0.00564696 -0.01006272
  0.01097926]

Residual before update:
[ 0.00697246 -0.00316543  0.00506667 ...  0.0056298  -0.01025885
  0.01096559]

Residual before update:
[ 0.00699895 -0.00315823  0.00506715 ...  0.00564811 -0.01006491
  0.01097858]
Compute pips
###############################
TGFM
###############################
Initialize variables
Warning: 428 variants have NaN gwas_beta. Setting to 0 with large SE.
Iterative optimization

Residual before update:
[-0.01044166  0.00345973 -0.00596461 ... -0.0002174   0.00436058
  0.0050106 ]

Residual before update:
[-0.01043177  0.00346054 -0.00596574 ... -0.00021717  0.00436054
  0.00501057]

Residual before update:
[-0.01043787  0.00346034 -0.00596721 ... -0.00021736  0.00436002
  0.00501006]

Residual before update:
[-0.01050442  0.00346004 -0.00597446 ... -0.00021866  0.00435406
  0.00500418]

Residual before update:
[-0.01043259  0.00346032 -0.00596677 ... -0.00021732  0.00436043
  0.00501046]

Residual before update:
[-0.01043242  0.00346031 -0.00596676 ... -0.00021734  0.00436043
  0.00501045]

Residual before update:
[-0.01043221  0.0034603  -0.00596674 ... -0.00021736  0.00436043
  0.00501046]

Residual before update:
[-0.01043199  0.0034603  -0.0059667  ... -0.00021738  0.00436044
  0.00501046]

Residual before update:
[-0.01043175  0.0034603  -0.00596666 ... -0.00021739  0.00436045
  0.00501047]

Residual before update:
[-0.01043151  0.0034603  -0.00596661 ... -0.0002174   0.00436046
  0.00501048]

Residual before update:
[-0.01044114  0.00345949 -0.00596543 ... -0.00021764  0.0043605
  0.00501053]

Residual before update:
[-0.01041296  0.00346217 -0.00596387 ... -0.00021666  0.00436071
  0.00501073]

Residual before update:
[-0.0103267   0.00346488 -0.0060314  ... -0.00023717  0.00436569
  0.00501562]

Residual before update:
[-0.01051206  0.00345997 -0.00597413 ... -0.00021754  0.00435454
  0.00500466]

Residual before update:
[-0.01042955  0.00346162 -0.00596341 ... -0.00021676  0.00435965
  0.00500967]

Residual before update:
[-0.010407    0.00346293 -0.00596229 ... -0.0002167   0.00435971
  0.00500973]

Residual before update:
[-0.01042742  0.00346195 -0.00596271 ... -0.0002168   0.00435911
  0.00500912]

Residual before update:
[-0.01040526  0.00346324 -0.00596162 ... -0.00021674  0.00435917
  0.00500918]

Residual before update:
[-0.01042534  0.00346226 -0.00596208 ... -0.00021684  0.00435858
  0.00500858]

Residual before update:
[-0.01040357  0.00346353 -0.00596102 ... -0.00021679  0.00435862
  0.00500863]

Residual before update:
[-0.01045017  0.00346005 -0.00596214 ... -0.0002178   0.00435794
  0.00500794]

Residual before update:
[-0.01039957  0.00346281 -0.00596012 ... -0.00021763  0.00435857
  0.00500858]

Residual before update:
[-0.01192614  0.00340092 -0.0062603  ... -0.00073647  0.00401744
  0.00466192]

Residual before update:
[-0.01051527  0.00345973 -0.00597323 ... -0.00021857  0.00435462
  0.00500474]

Residual before update:
[-0.01045757  0.00345994 -0.00596127 ... -0.00021795  0.0043569
  0.00500689]

Residual before update:
[-0.0103935   0.00346345 -0.00595865 ... -0.00021776  0.00435761
  0.00500761]

Residual before update:
[-0.01045477  0.00346024 -0.00596054 ... -0.00021801  0.00435641
  0.0050064 ]

Residual before update:
[-0.01039156  0.00346371 -0.00595793 ... -0.00021782  0.00435711
  0.0050071 ]

Residual before update:
[-0.01045188  0.00346056 -0.00595978 ... -0.00021808  0.00435593
  0.00500591]

Residual before update:
[-0.01038972  0.00346398 -0.00595712 ... -0.00021788  0.00435661
  0.0050066 ]

Residual before update:
[-0.01045928  0.0034603  -0.00595946 ... -0.00021815  0.00435543
  0.00500541]

Residual before update:
[-0.01036929  0.00346515 -0.0059561  ... -0.00021784  0.00435667
  0.00500666]

Residual before update:
[-0.01193195  0.00340103 -0.00626079 ... -0.00073549  0.00401745
  0.00466196]

Residual before update:
[-0.01051391  0.00345973 -0.00597313 ... -0.00021852  0.00435464
  0.00500476]

Residual before update:
[-0.01046618  0.00346018 -0.00595873 ... -0.00021829  0.0043545
  0.00500446]

Residual before update:
[-0.01036424  0.00346571 -0.00595478 ... -0.00021796  0.00435579
  0.00500577]

Residual before update:
[-0.01046335  0.00346048 -0.00595806 ... -0.00021835  0.00435406
  0.00500402]

Residual before update:
[-0.0103628   0.00346594 -0.00595416 ... -0.00021802  0.00435533
  0.00500531]

Residual before update:
[-0.01046043  0.00346078 -0.00595739 ... -0.00021841  0.00435362
  0.00500358]

Residual before update:
[-0.01036151  0.00346615 -0.00595355 ... -0.00021808  0.00435487
  0.00500485]

Residual before update:
[-0.01046737  0.00346051 -0.00595722 ... -0.00021848  0.00435317
  0.00500312]

Residual before update:
[-0.01034175  0.00346727 -0.0059526  ... -0.00021804  0.00435496
  0.00500494]

Residual before update:
[-0.01193287  0.00340105 -0.00626087 ... -0.00073532  0.00401745
  0.00466197]

Residual before update:
[-0.01051295  0.00345974 -0.00597301 ... -0.00021846  0.00435468
  0.00500481]

Residual before update:
[-0.01047423  0.00346038 -0.00595656 ... -0.00021861  0.00435229
  0.00500224]

Residual before update:
[-0.01033749  0.00346777 -0.00595138 ... -0.00021815  0.00435413
  0.00500409]

Residual before update:
[-0.01047126  0.00346068 -0.00595591 ... -0.00021867  0.00435188
  0.00500182]

Residual before update:
[-0.01033647  0.00346797 -0.00595081 ... -0.00021821  0.00435369
  0.00500365]

Residual before update:
[-0.01046819  0.00346099 -0.00595527 ... -0.00021872  0.00435148
  0.00500142]

Residual before update:
[-0.0103356   0.00346815 -0.00595024 ... -0.00021827  0.00435325
  0.00500321]
Compute pips
###############################
TGFM
###############################
Initialize variables
Warning: 429 variants have NaN gwas_beta. Setting to 0 with large SE.
Iterative optimization

Residual before update:
[ 1.19148589e-03 -7.26763222e-05 -3.37475294e-03 ... -6.18238471e-03
  2.59667581e-03  5.09264739e-04]

Residual before update:
[ 1.21739845e-03 -4.69657177e-05 -3.37546383e-03 ... -6.18618029e-03
  2.59668217e-03  4.89633432e-04]

Residual before update:
[ 1.20890059e-03 -5.55238789e-05 -3.37604792e-03 ... -6.18995854e-03
  2.59657746e-03  4.69882196e-04]

Residual before update:
[ 1.20614245e-03 -5.82516766e-05 -3.37518608e-03 ... -6.18993523e-03
  2.59717463e-03  4.70363799e-04]

Residual before update:
[ 1.20597484e-03 -5.84659130e-05 -3.37621626e-03 ... -6.19400961e-03
  2.59648262e-03  4.48338932e-04]

Residual before update:
[ 1.20512030e-03 -5.93266777e-05 -3.37626623e-03 ... -6.19527439e-03
  2.59646211e-03  4.41475450e-04]

Residual before update:
[ 1.20447138e-03 -5.99813114e-05 -3.37630420e-03 ... -6.19628717e-03
  2.59645219e-03  4.35889820e-04]

Residual before update:
[ 1.20396546e-03 -6.04925993e-05 -3.37633363e-03 ... -6.19712585e-03
  2.59644977e-03  4.31185538e-04]

Residual before update:
[ 1.20356405e-03 -6.08991338e-05 -3.37635670e-03 ... -6.19783786e-03
  2.59645355e-03  4.27123449e-04]

Residual before update:
[ 1.20324175e-03 -6.12263718e-05 -3.37637486e-03 ... -6.19845465e-03
  2.59646137e-03  4.23548051e-04]

Residual before update:
[ 1.17706906e-03 -8.72018918e-05 -3.37567839e-03 ... -6.19520264e-03
  2.59646603e-03  4.39983008e-04]

Residual before update:
[ 1.26225869e-03 -2.50880713e-06 -3.37475834e-03 ... -6.19153611e-03
  2.59677970e-03  4.59212960e-04]

Residual before update:
[ 0.00110872 -0.00015783 -0.00337616 ... -0.00618921  0.00259648
  0.00047034]

Residual before update:
[ 1.26719398e-03  2.76353496e-06 -3.37376143e-03 ... -6.18716860e-03
  2.59757253e-03  4.82707830e-04]

Residual before update:
[ 0.00109962 -0.00016692 -0.00337647 ... -0.00618633  0.00259626
  0.000485  ]

Residual before update:
[ 1.26167164e-03 -2.87203794e-06 -3.37522015e-03 ... -6.18530400e-03
  2.59639450e-03  4.91165860e-04]

Residual before update:
[ 0.00109136 -0.00017515 -0.00337681 ... -0.00618452  0.002596
  0.00049423]

Residual before update:
[ 1.25075423e-03 -1.37916090e-05 -3.37559496e-03 ... -6.18379970e-03
  2.59612090e-03  4.98857003e-04]

Residual before update:
[ 0.00108333 -0.00018314 -0.00337718 ... -0.00618324  0.00259572
  0.00050081]

Residual before update:
[ 1.23997474e-03 -2.45702827e-05 -3.37598961e-03 ... -6.18268748e-03
  2.59583513e-03  5.04564537e-04]

Residual before update:
[ 0.00099893 -0.00026695 -0.00337794 ... -0.00618264  0.00259524
  0.00050345]

Residual before update:
[ 0.00137939  0.00011806 -0.00337474 ... -0.00618257  0.00259578
  0.00050579]

Residual before update:
[ 0.00089712 -0.00036989 -0.00337899 ... -0.00618268  0.00259491
  0.00050214]

Residual before update:
[ 0.0013839   0.00012274 -0.00337499 ... -0.00618261  0.00259557
  0.00050495]

Residual before update:
[ 0.00089275 -0.00037418 -0.00337933 ... -0.00618272  0.00259466
  0.00050118]

Residual before update:
[ 0.00137431  0.00011316 -0.00337537 ... -0.00618265  0.0025953
  0.00050394]

Residual before update:
[ 0.00088689 -0.00038    -0.00337968 ... -0.00618276  0.00259441
  0.00050022]

Residual before update:
[ 0.00136193  0.00010075 -0.00337576 ... -0.00618269  0.00259505
  0.00050295]

Residual before update:
[ 0.00088186 -0.00038497 -0.00338001 ... -0.0061828   0.00259417
  0.00049929]

Residual before update:
[ 1.34911303e-03  8.78961581e-05 -3.37611555e-03 ... -6.18271196e-03
  2.59478836e-03  5.02012465e-04]

Residual before update:
[ 0.0008059  -0.00046175 -0.00338083 ... -0.00618283  0.00259387
  0.00049815]

Residual before update:
[ 0.00149177  0.0002323  -0.00337504 ... -0.0061827   0.0025949
  0.00050254]

Residual before update:
[ 0.00071056 -0.00055815 -0.00338183 ... -0.00618287  0.00259357
  0.00049693]

Residual before update:
[ 0.00149476  0.00023543 -0.00337525 ... -0.00618273  0.00259472
  0.00050184]

Residual before update:
[ 0.00070861 -0.00056001 -0.00338213 ... -0.00618291  0.00259334
  0.00049606]

Residual before update:
[ 0.00148384  0.00022449 -0.00337565 ... -0.00618277  0.00259446
  0.00050082]

Residual before update:
[ 0.00070539 -0.00056316 -0.00338243 ... -0.00618295  0.00259312
  0.00049519]

Residual before update:
[ 0.00147018  0.00021078 -0.00337604 ... -0.00618281  0.00259422
  0.00049989]

Residual before update:
[ 0.00070323 -0.00056524 -0.00338272 ... -0.00618298  0.0025929
  0.00049435]

Residual before update:
[ 0.00145577  0.00019631 -0.00337643 ... -0.00618285  0.00259398
  0.00049897]

Residual before update:
[ 0.0006332  -0.00063602 -0.00338352 ... -0.00618302  0.00259263
  0.00049327]

Residual before update:
[ 0.00159508  0.00033732 -0.00337536 ... -0.00618284  0.00259411
  0.00049953]

Residual before update:
[ 0.00053853 -0.00073175 -0.0033845  ... -0.00618307  0.00259235
  0.0004921 ]

Residual before update:
[ 0.001597    0.00033935 -0.00337556 ... -0.00618287  0.00259394
  0.00049887]

Residual before update:
[ 0.00053925 -0.00073091 -0.00338476 ... -0.0061831   0.00259214
  0.0004913 ]

Residual before update:
[ 0.0015841   0.00032641 -0.00337596 ... -0.00618291  0.00259369
  0.00049789]

Residual before update:
[ 0.0005387  -0.00073137 -0.00338502 ... -0.00618313  0.00259193
  0.0004905 ]

Residual before update:
[ 0.00156867  0.0003109  -0.00337635 ... -0.00618295  0.00259346
  0.000497  ]

Residual before update:
[ 0.00053919 -0.00073077 -0.00338527 ... -0.00618317  0.00259173
  0.00048972]

Residual before update:
[ 0.00155251  0.00029465 -0.00337675 ... -0.00618298  0.00259323
  0.00049611]
Compute pips
###############################
TGFM
###############################
Initialize variables
Warning: 358 variants have NaN gwas_beta. Setting to 0 with large SE.
Iterative optimization

Residual before update:
[ 0.00206658 -0.00216979 -0.01081983 ...  0.00498352  0.00798339
  0.00234519]

Residual before update:
[ 0.0020666  -0.00216982 -0.01081604 ...  0.0049833   0.00798302
  0.00234518]

Residual before update:
[ 0.0020667  -0.00216982 -0.0108121  ...  0.00498323  0.00798282
  0.00234518]

Residual before update:
[ 0.00206683 -0.00216982 -0.01080813 ...  0.00498323  0.00798269
  0.00234521]

Residual before update:
[ 0.00206681 -0.00217126 -0.0108071  ...  0.00498082  0.00798265
  0.00235035]

Residual before update:
[ 0.0020671  -0.00216982 -0.01080022 ...  0.00498328  0.00798247
  0.00234529]

Residual before update:
[ 0.00206725 -0.00216982 -0.01079622 ...  0.00498333  0.00798246
  0.00234536]

Residual before update:
[ 0.00206741 -0.00216981 -0.01079224 ...  0.00498337  0.00798246
  0.00234543]

Residual before update:
[ 0.00206757 -0.0021698  -0.01078827 ...  0.00498343  0.00798247
  0.00234551]

Residual before update:
[ 0.00206771 -0.0021698  -0.01078435 ...  0.00498347  0.00798242
  0.00234556]

Residual before update:
[-0.00547959 -0.00049924 -0.01035494 ...  0.02618475  0.07273134
  0.05347138]

Residual before update:
[ 0.00206784 -0.00216977 -0.01078426 ...  0.00498371  0.00798274
  0.00234561]

Residual before update:
[ 0.00206782 -0.00216977 -0.01078438 ...  0.00498366  0.00798264
  0.00234556]

Residual before update:
[ 0.0020678  -0.00216978 -0.01078447 ...  0.0049836   0.00798256
  0.00234553]

Residual before update:
[ 0.00206575 -0.00217058 -0.01082032 ...  0.00497178  0.00790877
  0.00233417]

Residual before update:
[ 0.00206776 -0.00216979 -0.0107846  ...  0.00498347  0.00798246
  0.00234547]

Residual before update:
[ 0.00206776 -0.00216979 -0.01078461 ...  0.00498344  0.00798248
  0.00234546]

Residual before update:
[ 0.00206776 -0.00216979 -0.01078461 ...  0.00498341  0.00798251
  0.00234545]

Residual before update:
[ 0.00206777 -0.00216979 -0.01078459 ...  0.0049834   0.00798255
  0.00234547]

Residual before update:
[ 0.00206776 -0.00216979 -0.01078456 ...  0.00498338  0.00798254
  0.00234547]

Residual before update:
[-0.03920676 -0.02001368 -0.03163949 ... -0.08260614 -0.1560069
 -0.05861542]

Residual before update:
[ 0.0020678  -0.00216978 -0.01078446 ...  0.0049835   0.00798263
  0.00234551]

Residual before update:
[ 0.00206781 -0.00216978 -0.01078438 ...  0.00498352  0.00798259
  0.00234549]

Residual before update:
[ 0.00206781 -0.00216978 -0.01078431 ...  0.00498353  0.00798255
  0.00234549]

Residual before update:
[ 0.00206559 -0.00217016 -0.01082028 ...  0.00496887  0.00790903
  0.00233027]

Residual before update:
[ 0.0020678  -0.00216978 -0.01078422 ...  0.0049835   0.0079825
  0.00234547]

Residual before update:
[ 0.0020678  -0.00216978 -0.01078419 ...  0.00498349  0.00798253
  0.00234548]

Residual before update:
[ 0.0020678  -0.00216978 -0.01078416 ...  0.00498347  0.00798256
  0.00234548]

Residual before update:
[ 0.0020678  -0.00216978 -0.01078414 ...  0.00498347  0.0079826
  0.0023455 ]

Residual before update:
[ 0.0020678  -0.00216978 -0.01078411 ...  0.00498344  0.00798259
  0.00234549]

Residual before update:
[-0.0374231  -0.01496095 -0.03058995 ... -0.08167127 -0.15746378
 -0.05703116]

Residual before update:
[ 0.0020678  -0.00216978 -0.0107841  ...  0.00498346  0.0079826
  0.0023455 ]

Residual before update:
[ 0.0020678  -0.00216978 -0.01078402 ...  0.00498346  0.00798253
  0.00234547]

Residual before update:
[ 0.00206781 -0.00216978 -0.01078395 ...  0.00498348  0.0079825
  0.00234547]

Residual before update:
[ 0.00206562 -0.00217012 -0.01082017 ...  0.00496951  0.00791344
  0.00233105]

Residual before update:
[ 0.00206781 -0.00216978 -0.01078381 ...  0.00498349  0.00798249
  0.00234547]

Residual before update:
[ 0.00206782 -0.00216978 -0.01078378 ...  0.00498349  0.00798253
  0.00234548]

Residual before update:
[ 0.00206782 -0.00216978 -0.01078375 ...  0.00498349  0.00798257
  0.00234549]

Residual before update:
[ 0.00206783 -0.00216978 -0.01078374 ...  0.00498349  0.00798262
  0.00234551]

Residual before update:
[ 0.00206783 -0.00216978 -0.0107837  ...  0.00498348  0.00798261
  0.00234551]

Residual before update:
[-0.03691783 -0.01381889 -0.03031355 ... -0.08146751 -0.15804009
 -0.05702683]

Residual before update:
[ 0.00206782 -0.00216978 -0.01078371 ...  0.00498347  0.0079826
  0.0023455 ]

Residual before update:
[ 0.00206782 -0.00216978 -0.01078361 ...  0.00498345  0.00798252
  0.00234547]

Residual before update:
[ 0.00206782 -0.00216978 -0.01078355 ...  0.00498346  0.00798248
  0.00234546]

Residual before update:
[ 0.00206577 -0.00217027 -0.0108196  ...  0.00497143  0.00791683
  0.00233348]

Residual before update:
[ 0.00206782 -0.00216978 -0.0107834  ...  0.00498347  0.00798247
  0.00234546]

Residual before update:
[ 0.00206783 -0.00216978 -0.01078337 ...  0.00498348  0.00798252
  0.00234548]

Residual before update:
[ 0.00206784 -0.00216978 -0.01078336 ...  0.00498348  0.00798256
  0.00234549]

Residual before update:
[ 0.00206784 -0.00216978 -0.01078335 ...  0.00498349  0.00798262
  0.00234551]

Residual before update:
[ 0.00206784 -0.00216978 -0.01078331 ...  0.00498349  0.00798261
  0.00234552]
Compute pips
###############################
TGFM
###############################
Initialize variables
Warning: 394 variants have NaN gwas_beta. Setting to 0 with large SE.
Iterative optimization

Residual before update:
[ 0.00410452  0.00440034  0.00697328 ... -0.0016232   0.00501685
  0.00144659]

Residual before update:
[ 0.00410451  0.00440032  0.00697318 ... -0.00162356  0.00501685
  0.0014465 ]

Residual before update:
[ 0.00408125  0.00440513  0.00704291 ... -0.00161811  0.00506859
  0.00148648]

Residual before update:
[ 0.00410448  0.00440029  0.00697302 ... -0.00162375  0.00501686
  0.00144651]

Residual before update:
[ 0.00410446  0.00440028  0.00697294 ... -0.00162381  0.00501688
  0.00144653]

Residual before update:
[ 0.00410445  0.00440027  0.00697285 ... -0.00162385  0.00501689
  0.00144656]

Residual before update:
[ 0.00410443  0.00440026  0.00697277 ... -0.00162389  0.0050169
  0.00144658]

Residual before update:
[ 0.00410475  0.0044003   0.00697366 ... -0.00162135  0.00501838
  0.00144913]

Residual before update:
[ 0.0041044   0.00440023  0.00697262 ... -0.00162395  0.00501693
  0.00144664]

Residual before update:
[ 0.00410439  0.00440022  0.00697254 ... -0.00162398  0.00501694
  0.00144667]

Residual before update:
[ 0.00410439  0.00440023  0.00697255 ... -0.00162364  0.00501697
  0.0014468 ]

Residual before update:
[ 0.00410439  0.00440023  0.00697255 ... -0.00162362  0.00501697
  0.0014468 ]

Residual before update:
[ 0.00410445  0.00445466  0.00699186 ... -0.00162355  0.00502306
  0.00145118]

Residual before update:
[ 0.00410439  0.00440022  0.00697254 ... -0.00162368  0.00501696
  0.00144678]

Residual before update:
[ 0.00410439  0.00440022  0.00697254 ... -0.00162372  0.00501696
  0.00144676]

Residual before update:
[ 0.00410439  0.00440022  0.00697254 ... -0.00162375  0.00501696
  0.00144675]

Residual before update:
[ 0.00410439  0.00440022  0.00697253 ... -0.00162378  0.00501695
  0.00144673]

Residual before update:
[ 0.00410469  0.00440025  0.00697351 ... -0.00162114  0.00501846
  0.00144936]

Residual before update:
[ 0.00410439  0.00440022  0.00697253 ... -0.00162383  0.00501695
  0.00144671]

Residual before update:
[ 0.00410439  0.00440022  0.00697253 ... -0.00162385  0.00501695
  0.0014467 ]

Residual before update:
[ 0.00410439  0.00440022  0.00697253 ... -0.0016238   0.00501695
  0.00144672]

Residual before update:
[ 0.00410439  0.00440022  0.00697253 ... -0.00162375  0.00501696
  0.00144674]

Residual before update:
[4.67955357e-03 4.89589561e-02 1.28921213e-02 ... 7.79497850e-05
 7.24244356e-03 2.37810295e-03]

Residual before update:
[ 0.00410439  0.00440022  0.00697253 ... -0.00162371  0.00501696
  0.00144676]

Residual before update:
[ 0.00410439  0.00440022  0.00697253 ... -0.00162372  0.00501696
  0.00144676]

Residual before update:
[ 0.00410439  0.00440022  0.00697253 ... -0.00162372  0.00501696
  0.00144676]

Residual before update:
[ 0.00410439  0.00440022  0.00697253 ... -0.00162374  0.00501696
  0.00144675]

Residual before update:
[ 0.00410469  0.00440026  0.00697353 ... -0.00162102  0.0050185
  0.00144945]

Residual before update:
[ 0.00410439  0.00440022  0.00697252 ... -0.00162377  0.00501696
  0.00144674]

Residual before update:
[ 0.00410439  0.00440022  0.00697252 ... -0.00162379  0.00501695
  0.00144673]

Residual before update:
[ 0.00410439  0.00440022  0.00697252 ... -0.00162379  0.00501695
  0.00144673]

Residual before update:
[ 0.00410439  0.00440022  0.00697252 ... -0.00162378  0.00501696
  0.00144674]

Residual before update:
[ 4.59003677e-03  4.60818105e-02  1.26854035e-02 ... -3.38215062e-05
  7.16025585e-03  2.37984736e-03]

Residual before update:
[ 0.00410439  0.00440022  0.00697252 ... -0.00162376  0.00501696
  0.00144675]

Residual before update:
[ 0.00410439  0.00440022  0.00697252 ... -0.00162375  0.00501696
  0.00144675]

Residual before update:
[ 0.00410439  0.00440022  0.00697252 ... -0.00162374  0.00501696
  0.00144675]

Residual before update:
[ 0.00410439  0.00440022  0.00697252 ... -0.00162374  0.00501696
  0.00144675]

Residual before update:
[ 0.00410469  0.00440025  0.00697352 ... -0.001621    0.00501851
  0.00144947]

Residual before update:
[ 0.00410439  0.00440022  0.00697252 ... -0.00162375  0.00501696
  0.00144675]

Residual before update:
[ 0.00410439  0.00440022  0.00697252 ... -0.00162376  0.00501696
  0.00144675]

Residual before update:
[ 0.00410439  0.00440022  0.00697252 ... -0.00162377  0.00501696
  0.00144674]

Residual before update:
[ 0.00410439  0.00440022  0.00697252 ... -0.00162377  0.00501696
  0.00144674]

Residual before update:
[ 4.58936542e-03  4.60675578e-02  1.26853864e-02 ... -3.39822457e-05
  7.15889665e-03  2.37970225e-03]

Residual before update:
[ 0.00410439  0.00440022  0.00697251 ... -0.00162377  0.00501696
  0.00144675]

Residual before update:
[ 0.00410439  0.00440022  0.00697251 ... -0.00162377  0.00501696
  0.00144675]

Residual before update:
[ 0.00410439  0.00440022  0.00697251 ... -0.00162376  0.00501696
  0.00144675]

Residual before update:
[ 0.00410439  0.00440022  0.00697251 ... -0.00162376  0.00501696
  0.00144675]

Residual before update:
[ 0.00410469  0.00440025  0.00697352 ... -0.00162098  0.00501853
  0.00144951]

Residual before update:
[ 0.00410438  0.00440022  0.00697251 ... -0.00162376  0.00501696
  0.00144675]

Residual before update:
[ 0.00410438  0.00440022  0.00697251 ... -0.00162376  0.00501696
  0.00144675]
Compute pips
###############################
TGFM
###############################
Initialize variables
Warning: 413 variants have NaN gwas_beta. Setting to 0 with large SE.
Iterative optimization

Residual before update:
[-7.08557237e-05  2.94877359e-03  5.92634720e-03 ... -1.27910327e-03
 -1.52827923e-03 -3.44449124e-03]

Residual before update:
[-7.08706685e-05  2.94875859e-03  5.92630915e-03 ... -1.27910660e-03
 -1.52828263e-03 -3.44450227e-03]

Residual before update:
[-6.86317310e-05  2.94569330e-03  5.90580157e-03 ... -1.27895438e-03
 -1.52814540e-03 -3.46582567e-03]

Residual before update:
[-7.09001787e-05  2.94872923e-03  5.92623377e-03 ... -1.27911311e-03
 -1.52828926e-03 -3.44452386e-03]

Residual before update:
[-7.09149767e-05  2.94871493e-03  5.92619630e-03 ... -1.27911597e-03
 -1.52829219e-03 -3.44453435e-03]

Residual before update:
[-7.09295131e-05  2.94870067e-03  5.92615901e-03 ... -1.27911924e-03
 -1.52829550e-03 -3.44454484e-03]

Residual before update:
[-7.09441721e-05  2.94868665e-03  5.92612165e-03 ... -1.27912241e-03
 -1.52829874e-03 -3.44455553e-03]

Residual before update:
[-0.00074659  0.00293969  0.00666235 ... -0.00127704 -0.0015263
 -0.00344829]

Residual before update:
[-7.09730193e-05  2.94865948e-03  5.92604716e-03 ... -1.27912815e-03
 -1.52830463e-03 -3.44457656e-03]

Residual before update:
[-7.09873367e-05  2.94864607e-03  5.92601106e-03 ... -1.27913081e-03
 -1.52830736e-03 -3.44458544e-03]

Residual before update:
[-7.18203217e-05  2.94753426e-03  4.41613534e-03 ... -1.28822043e-03
 -1.53749746e-03 -3.44207658e-03]

Residual before update:
[-7.09866163e-05  2.94864886e-03  5.92601206e-03 ... -1.27913046e-03
 -1.52830702e-03 -3.44458486e-03]

Residual before update:
[-1.38689337e-05  2.95112304e-03  5.93105949e-03 ... -1.27453390e-03
 -1.52335438e-03 -3.41930704e-03]

Residual before update:
[-7.09854258e-05  2.94865106e-03  5.92601428e-03 ... -1.27912988e-03
 -1.52830646e-03 -3.44458329e-03]

Residual before update:
[-7.09854586e-05  2.94865201e-03  5.92601490e-03 ... -1.27912899e-03
 -1.52830556e-03 -3.44458252e-03]

Residual before update:
[-7.09851032e-05  2.94865243e-03  5.92601538e-03 ... -1.27912923e-03
 -1.52830578e-03 -3.44458220e-03]

Residual before update:
[-7.09851633e-05  2.94865275e-03  5.92601537e-03 ... -1.27912935e-03
 -1.52830591e-03 -3.44458244e-03]

Residual before update:
[-0.00061005  0.00295875  0.0061734  ... -0.00127591 -0.00152524
 -0.00344674]

Residual before update:
[-7.09850481e-05  2.94865328e-03  5.92601489e-03 ... -1.27912905e-03
 -1.52830563e-03 -3.44458286e-03]

Residual before update:
[-7.09850913e-05  2.94865314e-03  5.92601549e-03 ... -1.27912888e-03
 -1.52830546e-03 -3.44458164e-03]

Residual before update:
[ 0.01185148  0.00297895 -0.0332852  ... -0.00149077 -0.00173809
 -0.00334383]

Residual before update:
[-7.09855506e-05  2.94865260e-03  5.92601409e-03 ... -1.27912946e-03
 -1.52830604e-03 -3.44458292e-03]

Residual before update:
[-0.00024277  0.00301253  0.00626538 ... -0.00129848 -0.00155268
 -0.0033236 ]

Residual before update:
[-7.09851989e-05  2.94865246e-03  5.92601459e-03 ... -1.27912952e-03
 -1.52830610e-03 -3.44458264e-03]

Residual before update:
[-7.09855363e-05  2.94865259e-03  5.92601458e-03 ... -1.27912885e-03
 -1.52830543e-03 -3.44458233e-03]

Residual before update:
[-7.09854081e-05  2.94865238e-03  5.92601457e-03 ... -1.27912926e-03
 -1.52830582e-03 -3.44458235e-03]

Residual before update:
[-7.09856273e-05  2.94865229e-03  5.92601422e-03 ... -1.27912948e-03
 -1.52830605e-03 -3.44458283e-03]

Residual before update:
[-0.0010108   0.00295561  0.00649289 ... -0.00127535 -0.00152476
 -0.00344769]

Residual before update:
[-7.09856300e-05  2.94865252e-03  5.92601348e-03 ... -1.27912925e-03
 -1.52830583e-03 -3.44458340e-03]

Residual before update:
[-7.09856385e-05  2.94865250e-03  5.92601413e-03 ... -1.27912904e-03
 -1.52830562e-03 -3.44458210e-03]

Residual before update:
[ 0.00093147  0.00293032  0.0069204  ... -0.00118453 -0.00142735
 -0.00349132]

Residual before update:
[-7.09860537e-05  2.94865211e-03  5.92601281e-03 ... -1.27912957e-03
 -1.52830615e-03 -3.44458328e-03]

Residual before update:
[-5.44644033e-05  3.01165822e-03  6.28389484e-03 ... -1.25335609e-03
 -1.50679230e-03 -3.33541770e-03]

Residual before update:
[-7.09856787e-05  2.94865204e-03  5.92601335e-03 ... -1.27912961e-03
 -1.52830619e-03 -3.44458296e-03]

Residual before update:
[-7.09860137e-05  2.94865218e-03  5.92601334e-03 ... -1.27912893e-03
 -1.52830551e-03 -3.44458264e-03]

Residual before update:
[-7.09858824e-05  2.94865198e-03  5.92601335e-03 ... -1.27912934e-03
 -1.52830590e-03 -3.44458266e-03]

Residual before update:
[-7.09861031e-05  2.94865188e-03  5.92601299e-03 ... -1.27912957e-03
 -1.52830613e-03 -3.44458314e-03]

Residual before update:
[-0.01229663  0.00267042  0.03524169 ... -0.00113304 -0.00138129
 -0.00356411]

Residual before update:
[-7.09861097e-05  2.94865211e-03  5.92601223e-03 ... -1.27912934e-03
 -1.52830591e-03 -3.44458372e-03]

Residual before update:
[-7.09861199e-05  2.94865208e-03  5.92601289e-03 ... -1.27912913e-03
 -1.52830571e-03 -3.44458242e-03]

Residual before update:
[ 0.00031543  0.00304454  0.00632628 ... -0.00117753 -0.00141906
 -0.00343573]

Residual before update:
[-7.09865382e-05  2.94865169e-03  5.92601156e-03 ... -1.27912966e-03
 -1.52830624e-03 -3.44458361e-03]
NaNs in component_non_med_pred at component 2

Residual before update:
[-5.36834713e-05  3.01164061e-03  6.28387044e-03 ... -1.25320104e-03
 -1.50663255e-03 -3.33536213e-03]
NaNs in residual_incl_alpha[73, :]
NaN in mixture_alpha_mu: b_terms=[nan nan nan nan nan nan nan nan nan nan nan nan nan]
NaNs in self.residual at bs_iter=73
NaNs in un_normalized_lv_alpha_weights
NaN in normalizing_term
NaNs in component_non_med_pred at component 3

Residual before update:
[-7.09861615e-05  2.94865162e-03  5.92601210e-03 ... -1.27912969e-03
 -1.52830628e-03 -3.44458329e-03]
NaNs in residual_incl_alpha[73, :]
NaNs in gene_weights for bs_iter=73
NaN in mixture_alpha_mu: b_terms=[nan nan nan nan nan nan nan nan nan nan nan nan nan]
NaNs in self.residual at bs_iter=73
NaNs in un_normalized_lv_alpha_weights
NaN in normalizing_term
NaNs in component_non_med_pred at component 4

Residual before update:
[-7.09864985e-05  2.94865176e-03  5.92601209e-03 ... -1.27912901e-03
 -1.52830560e-03 -3.44458297e-03]
NaNs in residual_incl_alpha[73, :]
NaNs in gene_weights for bs_iter=73
NaN in mixture_alpha_mu: b_terms=[nan nan nan nan nan nan nan nan nan nan nan nan nan]
NaNs in self.residual at bs_iter=73
NaNs in un_normalized_lv_alpha_weights
NaN in normalizing_term
NaNs in component_non_med_pred at component 5

Residual before update:
[-7.09863657e-05  2.94865156e-03  5.92601210e-03 ... -1.27912943e-03
 -1.52830599e-03 -3.44458299e-03]
NaNs in residual_incl_alpha[73, :]
NaNs in gene_weights for bs_iter=73
NaN in mixture_alpha_mu: b_terms=[nan nan nan nan nan nan nan nan nan nan nan nan nan]
NaNs in self.residual at bs_iter=73
NaNs in un_normalized_lv_alpha_weights
NaN in normalizing_term
NaNs in component_non_med_pred at component 6

Residual before update:
[-7.09865874e-05  2.94865146e-03  5.92601174e-03 ... -1.27912965e-03
 -1.52830622e-03 -3.44458347e-03]
NaNs in residual_incl_alpha[73, :]
NaNs in gene_weights for bs_iter=73
NaN in mixture_alpha_mu: b_terms=[nan nan nan nan nan nan nan nan nan nan nan nan nan]
NaNs in self.residual at bs_iter=73
NaNs in un_normalized_lv_alpha_weights
NaN in normalizing_term
NaNs in component_non_med_pred at component 7

Residual before update:
[-0.00216601  0.00337302  0.0089226  ... -0.00122824 -0.00147551
 -0.00349285]
NaNs in residual_incl_alpha[73, :]
NaNs in gene_weights for bs_iter=73
NaN in mixture_alpha_mu: b_terms=[nan nan nan nan nan nan nan nan nan nan nan nan nan]
NaNs in self.residual at bs_iter=73
NaNs in un_normalized_lv_alpha_weights
NaN in normalizing_term
NaNs in component_non_med_pred at component 8

Residual before update:
[-7.09865948e-05  2.94865169e-03  5.92601098e-03 ... -1.27912942e-03
 -1.52830601e-03 -3.44458405e-03]
NaNs in residual_incl_alpha[73, :]
NaNs in gene_weights for bs_iter=73
NaN in mixture_alpha_mu: b_terms=[nan nan nan nan nan nan nan nan nan nan nan nan nan]
NaNs in self.residual at bs_iter=73
NaNs in un_normalized_lv_alpha_weights
NaN in normalizing_term
NaNs in component_non_med_pred at component 9

Residual before update:
[-7.09866056e-05  2.94865166e-03  5.92601164e-03 ... -1.27912921e-03
 -1.52830580e-03 -3.44458275e-03]
NaNs in residual_incl_alpha[73, :]
NaNs in gene_weights for bs_iter=73
NaN in mixture_alpha_mu: b_terms=[nan nan nan nan nan nan nan nan nan nan nan nan nan]
NaNs in self.residual at bs_iter=73
NaNs in un_normalized_lv_alpha_weights
NaN in normalizing_term
Compute pips
NaNs found in gene-tissue pair PIPs at indices: [ 0  1  2  3  4  5  6  7  8  9 10 11 12]
NaNs found in variant PIPs at indices: [    0     1     2 ... 10669 10670 10671]
NaNs found in gene PIPs at indices: [0 1 2 3]
###############################
TGFM
###############################
Initialize variables
Warning: 354 variants have NaN gwas_beta. Setting to 0 with large SE.
Iterative optimization

Residual before update:
[ 0.00227167 -0.01041637  0.00237767 ...  0.00617443  0.00575713
  0.00428214]

Residual before update:
[ 0.00227167 -0.01041622  0.00237766 ...  0.00617446  0.00575716
  0.00428206]

Residual before update:
[ 0.00227167 -0.01041607  0.00237764 ...  0.00617448  0.00575718
  0.00428198]

Residual before update:
[ 0.00227167 -0.01041591  0.00237763 ...  0.00617451  0.00575721
  0.00428191]

Residual before update:
[ 0.00227167 -0.01041579  0.00237756 ...  0.00617417  0.00575676
  0.00428165]

Residual before update:
[ 0.00227168 -0.0104156   0.0023776  ...  0.00617456  0.00575726
  0.00428176]

Residual before update:
[ 0.00227168 -0.01041545  0.00237758 ...  0.00617458  0.00575728
  0.00428168]

Residual before update:
[ 0.00227168 -0.01041529  0.00237757 ...  0.00617461  0.00575731
  0.00428161]

Residual before update:
[ 0.00227168 -0.01041514  0.00237755 ...  0.00617463  0.00575733
  0.00428153]

Residual before update:
[ 0.00227167 -0.01041526  0.00237752 ...  0.00617466  0.00575736
  0.00428145]

Residual before update:
[ 0.00227169 -0.01041497  0.00237754 ...  0.00617466  0.00575736
  0.00428146]

Residual before update:
[ 0.00227169 -0.01041497  0.00237754 ...  0.00617466  0.00575736
  0.00428146]

Residual before update:
[ 0.00227169 -0.01041497  0.00237754 ...  0.00617466  0.00575736
  0.00428146]

Residual before update:
[ 0.0022717  -0.01041496  0.00237754 ...  0.00617466  0.00575736
  0.00428146]

Residual before update:
[ 0.00227169 -0.01041503  0.00237743 ...  0.00617383  0.0057563
  0.00428105]

Residual before update:
[ 0.0022717  -0.01041496  0.00237754 ...  0.00617466  0.00575736
  0.00428146]

Residual before update:
[ 0.0022717  -0.01041496  0.00237754 ...  0.00617466  0.00575736
  0.00428146]

Residual before update:
[ 0.0022717  -0.01041496  0.00237754 ...  0.00617466  0.00575736
  0.00428146]

Residual before update:
[ 0.0022717  -0.01041496  0.00237754 ...  0.00617466  0.00575736
  0.00428146]

Residual before update:
[ 0.00227168 -0.01041525  0.00237753 ...  0.00617466  0.00575736
  0.00428145]

Residual before update:
[ 0.0022717  -0.01041496  0.00237754 ...  0.00617466  0.00575736
  0.00428146]

Residual before update:
[ 0.0022717  -0.01041496  0.00237754 ...  0.00617466  0.00575736
  0.00428146]

Residual before update:
[ 0.0022717  -0.01041496  0.00237754 ...  0.00617466  0.00575736
  0.00428146]

Residual before update:
[ 0.0022717  -0.01041496  0.00237754 ...  0.00617466  0.00575736
  0.00428146]

Residual before update:
[ 0.00227169 -0.01041503  0.00237743 ...  0.00617383  0.0057563
  0.00428104]

Residual before update:
[ 0.0022717  -0.01041496  0.00237754 ...  0.00617466  0.00575736
  0.00428146]

Residual before update:
[ 0.0022717  -0.01041495  0.00237754 ...  0.00617466  0.00575736
  0.00428146]

Residual before update:
[ 0.0022717  -0.01041495  0.00237754 ...  0.00617466  0.00575736
  0.00428146]

Residual before update:
[ 0.0022717  -0.01041495  0.00237754 ...  0.00617466  0.00575736
  0.00428146]

Residual before update:
[ 0.00227168 -0.01041524  0.00237752 ...  0.00617466  0.00575736
  0.00428145]

Residual before update:
[ 0.0022717  -0.01041495  0.00237754 ...  0.00617466  0.00575736
  0.00428146]

Residual before update:
[ 0.0022717  -0.01041495  0.00237754 ...  0.00617466  0.00575736
  0.00428146]

Residual before update:
[ 0.0022717  -0.01041495  0.00237754 ...  0.00617466  0.00575736
  0.00428146]

Residual before update:
[ 0.0022717  -0.01041495  0.00237754 ...  0.00617466  0.00575736
  0.00428146]

Residual before update:
[ 0.00227169 -0.01041502  0.00237743 ...  0.00617383  0.00575629
  0.00428104]

Residual before update:
[ 0.0022717  -0.01041495  0.00237754 ...  0.00617466  0.00575736
  0.00428146]

Residual before update:
[ 0.0022717  -0.01041495  0.00237754 ...  0.00617466  0.00575736
  0.00428146]

Residual before update:
[ 0.0022717  -0.01041495  0.00237754 ...  0.00617466  0.00575736
  0.00428146]

Residual before update:
[ 0.0022717  -0.01041495  0.00237754 ...  0.00617466  0.00575736
  0.00428146]

Residual before update:
[ 0.00227168 -0.01041524  0.00237752 ...  0.00617466  0.00575736
  0.00428145]

Residual before update:
[ 0.0022717  -0.01041495  0.00237754 ...  0.00617466  0.00575736
  0.00428146]

Residual before update:
[ 0.0022717  -0.01041495  0.00237754 ...  0.00617466  0.00575736
  0.00428146]

Residual before update:
[ 0.0022717  -0.01041495  0.00237754 ...  0.00617466  0.00575736
  0.00428146]

Residual before update:
[ 0.0022717  -0.01041495  0.00237754 ...  0.00617466  0.00575736
  0.00428146]

Residual before update:
[ 0.00227169 -0.01041502  0.00237743 ...  0.00617383  0.00575629
  0.00428104]

Residual before update:
[ 0.0022717  -0.01041494  0.00237754 ...  0.00617466  0.00575736
  0.00428145]

Residual before update:
[ 0.0022717  -0.01041494  0.00237754 ...  0.00617466  0.00575736
  0.00428145]

Residual before update:
[ 0.0022717  -0.01041494  0.00237754 ...  0.00617466  0.00575736
  0.00428145]

Residual before update:
[ 0.0022717  -0.01041494  0.00237754 ...  0.00617466  0.00575736
  0.00428145]

Residual before update:
[ 0.00227168 -0.01041523  0.00237752 ...  0.00617466  0.00575736
  0.00428144]
Compute pips
###############################
TGFM
###############################
Initialize variables
Warning: 368 variants have NaN gwas_beta. Setting to 0 with large SE.
Iterative optimization

Residual before update:
[ 0.00225618  0.00166117  0.         ...  0.         -0.01084134
 -0.00359719]

Residual before update:
[ 2.25329526e-03  1.65879562e-03 -5.77623030e-16 ... -1.57898518e-15
 -1.08415981e-02 -3.59720959e-03]

Residual before update:
[ 2.26259756e-03  1.66293783e-03 -6.29822642e-16 ...  7.49029006e-15
 -1.08412281e-02 -3.59609611e-03]

Residual before update:
[ 2.28078317e-03  1.66817206e-03  1.76851008e-13 ...  2.40727028e-14
 -1.08395094e-02 -3.59586651e-03]

Residual before update:
[ 2.24505614e-03  1.65908761e-03 -1.66981181e-13 ...  1.16748946e-15
 -1.08434713e-02 -3.59586100e-03]

Residual before update:
[ 2.27973715e-03  1.66842691e-03  1.67021745e-13 ...  3.37964832e-14
 -1.08403658e-02 -3.59578384e-03]

Residual before update:
[ 2.24419186e-03  1.65988309e-03 -1.80747250e-13 ...  1.11482559e-14
 -1.08444138e-02 -3.59578504e-03]

Residual before update:
[ 2.27766678e-03  1.66909782e-03  1.38340858e-13 ...  4.27170780e-14
 -1.08413028e-02 -3.59570039e-03]

Residual before update:
[ 2.24294573e-03  1.66000428e-03 -1.96556556e-13 ...  2.04812067e-14
 -1.08452338e-02 -3.59570601e-03]

Residual before update:
[ 2.27541649e-03  1.66938592e-03  1.10573275e-13 ...  5.10177549e-14
 -1.08423358e-02 -3.59562836e-03]

Residual before update:
[ 2.24479948e-03  1.66271321e-03 -2.10985995e-13 ...  3.11509205e-14
 -1.08458394e-02 -3.59561807e-03]

Residual before update:
[ 2.22534343e-03  1.64762141e-03 -2.11253772e-13 ...  1.64819402e-14
 -1.08473825e-02 -3.59700193e-03]

Residual before update:
[ 2.22812053e-03  1.65437484e-03 -3.65653004e-13 ...  1.92797329e-14
 -1.08480293e-02 -3.59628885e-03]

Residual before update:
[ 2.30585118e-03  1.67245831e-03  4.29099524e-13 ...  8.24014477e-14
 -1.08397715e-02 -3.59496563e-03]

Residual before update:
[ 2.20285582e-03  1.64379705e-03 -5.56443774e-13 ...  6.39615334e-15
 -1.08507642e-02 -3.59505421e-03]

Residual before update:
[ 2.30332842e-03  1.67168589e-03  3.98619227e-13 ...  8.99259215e-14
 -1.08409135e-02 -3.59489480e-03]

Residual before update:
[ 2.20313841e-03  1.64388843e-03 -5.57746763e-13 ...  1.60267812e-14
 -1.08515102e-02 -3.59499004e-03]

Residual before update:
[ 2.29920567e-03  1.67040405e-03  3.58740369e-13 ...  9.60731801e-14
 -1.08420212e-02 -3.59482695e-03]

Residual before update:
[ 2.20332938e-03  1.64387866e-03 -5.56915439e-13 ...  2.52445271e-14
 -1.08522029e-02 -3.59491712e-03]

Residual before update:
[ 2.29546706e-03  1.66949448e-03  3.21280681e-13 ...  1.01887419e-13
 -1.08430585e-02 -3.59476999e-03]

Residual before update:
[ 2.24472474e-03  1.66335990e-03 -2.62108195e-13 ...  6.91641622e-14
 -1.08489836e-02 -3.59475056e-03]

Residual before update:
[ 2.21910098e-03  1.64887876e-03 -2.63396903e-13 ...  3.77222783e-14
 -1.08522973e-02 -3.59669312e-03]

Residual before update:
[ 2.19275528e-03  1.64315696e-03 -7.13737433e-13 ...  2.42996147e-14
 -1.08545557e-02 -3.59624178e-03]

Residual before update:
[ 2.32768441e-03  1.68220401e-03  6.29245932e-13 ...  1.20426663e-13
 -1.08412879e-02 -3.59433217e-03]

Residual before update:
[ 2.16886034e-03  1.63732690e-03 -8.94465967e-13 ...  4.06614378e-16
 -1.08583530e-02 -3.59449912e-03]

Residual before update:
[ 2.32419909e-03  1.68053665e-03  5.86060663e-13 ...  1.26739214e-13
 -1.08425999e-02 -3.59428278e-03]

Residual before update:
[ 2.17046525e-03  1.63763185e-03 -8.81905052e-13 ...  1.02142866e-14
 -1.08588966e-02 -3.59444035e-03]

Residual before update:
[ 2.31914462e-03  1.67918042e-03  5.34585529e-13 ...  1.30723493e-13
 -1.08439245e-02 -3.59421565e-03]

Residual before update:
[ 2.17202390e-03  1.63818320e-03 -8.67320307e-13 ...  1.93266110e-14
 -1.08593699e-02 -3.59437393e-03]

Residual before update:
[ 2.31442197e-03  1.67790945e-03  4.89702600e-13 ...  1.34858121e-13
 -1.08449947e-02 -3.59416587e-03]

Residual before update:
[ 2.24239270e-03  1.66279132e-03 -3.19743184e-13 ...  9.95131459e-14
 -1.08521082e-02 -3.59414826e-03]

Residual before update:
[ 2.21278347e-03  1.64800507e-03 -3.20736548e-13 ...  5.89480112e-14
 -1.08563604e-02 -3.59646968e-03]

Residual before update:
[ 2.16272562e-03  1.63419502e-03 -1.01037863e-12 ...  2.76202898e-14
 -1.08601389e-02 -3.59597462e-03]

Residual before update:
[ 2.34676151e-03  1.68935459e-03  8.04422013e-13 ...  1.56969238e-13
 -1.08421473e-02 -3.59385287e-03]

Residual before update:
[ 2.13996989e-03  1.63047720e-03 -1.18245737e-12 ... -7.06844960e-16
 -1.08644072e-02 -3.59408450e-03]

Residual before update:
[ 2.34247201e-03  1.68738860e-03  7.47759595e-13 ...  1.61384164e-13
 -1.08437018e-02 -3.59380676e-03]

Residual before update:
[ 2.14285954e-03  1.63113571e-03 -1.16001065e-12 ...  9.01188959e-15
 -1.08648203e-02 -3.59402855e-03]

Residual before update:
[ 2.33667851e-03  1.68543241e-03  6.84641854e-13 ...  1.64333748e-13
 -1.08451463e-02 -3.59375148e-03]

Residual before update:
[ 2.14563853e-03  1.63221505e-03 -1.12921452e-12 ...  1.80570407e-14
 -1.08649113e-02 -3.59397165e-03]

Residual before update:
[ 2.33123398e-03  1.68420313e-03  6.37756334e-13 ...  1.66760791e-13
 -1.08460554e-02 -3.59371043e-03]

Residual before update:
[ 2.24049367e-03  1.66232365e-03 -3.66335794e-13 ...  1.25209377e-13
 -1.08547696e-02 -3.59369520e-03]

Residual before update:
[ 2.20814853e-03  1.64621873e-03 -3.67413294e-13 ...  8.09654473e-14
 -1.08593631e-02 -3.59627873e-03]

Residual before update:
[ 2.13669601e-03  1.62682780e-03 -1.26437397e-12 ...  2.85299264e-14
 -1.08650519e-02 -3.59558304e-03]

Residual before update:
[ 2.36307355e-03  1.69405243e-03  9.55783588e-13 ...  1.91365303e-13
 -1.08424357e-02 -3.59352657e-03]

Residual before update:
[ 2.11554386e-03  1.62342350e-03 -1.42344849e-12 ...  1.56237244e-15
 -1.08690425e-02 -3.59381273e-03]

Residual before update:
[ 2.35810927e-03  1.69188624e-03  8.91473016e-13 ...  1.94334627e-13
 -1.08440251e-02 -3.59348476e-03]

Residual before update:
[ 2.11952941e-03  1.62417525e-03 -1.39553540e-12 ...  1.13915970e-14
 -1.08694317e-02 -3.59375901e-03]

Residual before update:
[ 2.35164050e-03  1.68906514e-03  8.07706548e-13 ...  1.96354082e-13
 -1.08459420e-02 -3.59343556e-03]

Residual before update:
[ 2.12342830e-03  1.62662883e-03 -1.33137410e-12 ...  1.97440064e-14
 -1.08685660e-02 -3.59371515e-03]

Residual before update:
[ 2.34561568e-03  1.68909699e-03  7.85526216e-13 ...  1.96502200e-13
 -1.08458179e-02 -3.59341033e-03]
Compute pips
###############################
TGFM
###############################
Initialize variables
Warning: 358 variants have NaN gwas_beta. Setting to 0 with large SE.
Iterative optimization

Residual before update:
[-0.00803136 -0.00682648  0.00816142 ...  0.00227633 -0.00928053
  0.00137476]

Residual before update:
[-0.00807539 -0.00706994  0.00814936 ...  0.00227142 -0.00928151
  0.00136748]

Residual before update:
[-0.00804417 -0.00679256  0.00817206 ...  0.002272   -0.00927752
  0.00137058]

Residual before update:
[-0.00794044 -0.00631206  0.00822782 ...  0.00227282 -0.00927736
  0.00137024]

Residual before update:
[-0.00812788 -0.00719737  0.00808055 ...  0.00227094 -0.00927796
  0.00137001]

Residual before update:
[-0.00793102 -0.00628016  0.00818611 ...  0.0022728  -0.00927751
  0.00137017]

Residual before update:
[-0.00811935 -0.00717196  0.00803789 ...  0.0022709  -0.0092781
  0.00136994]

Residual before update:
[-0.00793076 -0.0062933   0.00813901 ...  0.00227267 -0.00927767
  0.00137009]

Residual before update:
[-0.00811105 -0.00714874  0.00799693 ...  0.00227085 -0.00927823
  0.00136987]

Residual before update:
[-0.00793034 -0.00630679  0.00809383 ...  0.00227255 -0.00927783
  0.00137001]

Residual before update:
[-0.00805896 -0.00688377  0.00796968 ...  0.00227571 -0.00927737
  0.00137708]

Residual before update:
[-0.00814455 -0.00747833  0.00790876 ...  0.0022697  -0.00928469
  0.00136285]

Residual before update:
[-0.00820399 -0.00756704  0.00788318 ...  0.0022697  -0.00927912
  0.00136736]

Residual before update:
[-0.00773667 -0.00537779  0.00818053 ...  0.00227422 -0.00927789
  0.00136781]

Residual before update:
[-0.00828281 -0.00796078  0.00779899 ...  0.00226881 -0.00927942
  0.00136723]

Residual before update:
[-0.00773685 -0.00540277  0.00813898 ...  0.00227408 -0.00927801
  0.00136774]

Residual before update:
[-0.00826704 -0.0079074   0.00776831 ...  0.00226882 -0.00927951
  0.00136718]

Residual before update:
[-0.0077441  -0.00545546  0.00809414 ...  0.00227388 -0.00927816
  0.00136767]

Residual before update:
[-0.00825206 -0.00785442  0.00773907 ...  0.00226885 -0.0092796
  0.00136713]

Residual before update:
[-0.00775121 -0.00550487  0.00805126 ...  0.00227369 -0.00927831
  0.0013676 ]

Residual before update:
[-0.00801026 -0.00667924  0.00784217 ...  0.00227594 -0.00927596
  0.00137835]

Residual before update:
[-0.00811193 -0.00742732  0.007753   ...  0.0022695  -0.00928395
  0.0013593 ]

Residual before update:
[-0.00833913 -0.00826352  0.00763816 ...  0.00226785 -0.0092777
  0.00136402]

Residual before update:
[-0.00756803 -0.00463241  0.00814033 ...  0.00227538 -0.00927564
  0.00136478]

Residual before update:
[-0.00841176 -0.00863073  0.0075631  ...  0.00226702 -0.00927795
  0.00136391]

Residual before update:
[-0.00757333 -0.00469002  0.00809906 ...  0.00227517 -0.00927573
  0.00136472]

Residual before update:
[-0.00838999 -0.00854723  0.00754098 ...  0.00226711 -0.009278
  0.00136388]

Residual before update:
[-0.00758691 -0.00477329  0.0080543  ...  0.00227492 -0.00927588
  0.00136465]

Residual before update:
[-0.00836962 -0.00846508  0.00751994 ...  0.0022672  -0.00927807
  0.00136385]

Residual before update:
[-0.00760048 -0.00485025  0.00801163 ...  0.00227468 -0.00927604
  0.00136459]

Residual before update:
[-0.0079784  -0.00656595  0.00772727 ...  0.00227587 -0.00927515
  0.00137894]

Residual before update:
[-0.00809199 -0.00742139  0.00762121 ...  0.00226896 -0.00928388
  0.00135679]

Residual before update:
[-0.00845508 -0.008865    0.00743398 ...  0.00226608 -0.00927717
  0.00136194]

Residual before update:
[-0.00742443 -0.00399581  0.00811144 ...  0.00227621 -0.00927444
  0.00136295]

Residual before update:
[-0.00852395 -0.00921156  0.00736611 ...  0.0022653  -0.00927739
  0.00136184]

Residual before update:
[-0.00743457 -0.00408373  0.00807042 ...  0.00227594 -0.0092745
  0.00136289]

Residual before update:
[-0.00849656 -0.00910302  0.00735169 ...  0.00226545 -0.0092774
  0.00136182]

Residual before update:
[-0.00745295 -0.0041957   0.00802595 ...  0.00227562 -0.00927462
  0.00136283]

Residual before update:
[-0.00847215 -0.00899211  0.00733837 ...  0.00226562 -0.00927747
  0.0013618 ]

Residual before update:
[-0.00747279 -0.00429216  0.00798417 ...  0.00227537 -0.0092748
  0.00136277]

Residual before update:
[-0.00795037 -0.0064723   0.00762983 ...  0.0022758  -0.00927464
  0.00137933]

Residual before update:
[-0.00807418 -0.00740821  0.00751493 ...  0.00226837 -0.00928429
  0.00135542]

Residual before update:
[-0.0085567  -0.00939432  0.00726394 ...  0.0022644  -0.00927743
  0.00136076]

Residual before update:
[-0.0073039  -0.00346443  0.00809146 ...  0.00227675 -0.00927412
  0.00136199]

Residual before update:
[-0.00862112 -0.00971367  0.00720335 ...  0.00226369 -0.00927764
  0.00136067]

Residual before update:
[-0.00731909 -0.00357595  0.00805081 ...  0.00227643 -0.00927418
  0.00136193]

Residual before update:
[-0.00858839 -0.0095866   0.00719533 ...  0.00226388 -0.0092776
  0.00136065]

Residual before update:
[-0.00733979 -0.00372142  0.00800591 ...  0.00227604 -0.00927422
  0.00136187]

Residual before update:
[-0.00856352 -0.00943344  0.00719015 ...  0.00226418 -0.00927776
  0.00136064]

Residual before update:
[-0.00736965 -0.00381225  0.00796674 ...  0.00227584 -0.00927457
  0.0013618 ]
Compute pips
###############################
TGFM
###############################
Initialize variables
Warning: 398 variants have NaN gwas_beta. Setting to 0 with large SE.
Iterative optimization

Residual before update:
[-0.00682841  0.0024615  -0.00596927 ...  0.00415737 -0.00189848
 -0.00453408]

Residual before update:
[-0.00682837  0.0024615  -0.00596921 ...  0.00415733 -0.00189853
 -0.00453408]

Residual before update:
[-0.00682834  0.00246151 -0.00596915 ...  0.00415728 -0.00189857
 -0.00453409]

Residual before update:
[-0.00682831  0.00246152 -0.0059691  ...  0.00415723 -0.00189862
 -0.0045341 ]

Residual before update:
[-0.00682828  0.00246153 -0.00596904 ...  0.00415718 -0.00189866
 -0.0045341 ]

Residual before update:
[-0.00682824  0.00246154 -0.00596898 ...  0.00415713 -0.00189871
 -0.00453411]

Residual before update:
[-0.00682821  0.00246154 -0.00596892 ...  0.00415709 -0.00189875
 -0.00453411]

Residual before update:
[-0.00682818  0.00246155 -0.00596886 ...  0.00415704 -0.0018988
 -0.00453412]

Residual before update:
[-0.00682815  0.00246156 -0.00596881 ...  0.00415699 -0.00189884
 -0.00453413]

Residual before update:
[-0.00682811  0.00246157 -0.00596875 ...  0.00415694 -0.00189889
 -0.00453413]

Residual before update:
[-0.00682811  0.00246157 -0.00596875 ...  0.00415694 -0.00189889
 -0.00453413]

Residual before update:
[-0.00682811  0.00246157 -0.00596875 ...  0.00415694 -0.00189888
 -0.00453413]

Residual before update:
[-0.00682811  0.00246157 -0.00596875 ...  0.00415694 -0.00189888
 -0.00453413]

Residual before update:
[-0.00682811  0.00246157 -0.00596875 ...  0.00415694 -0.00189888
 -0.00453413]

Residual before update:
[-0.00682811  0.00246157 -0.00596875 ...  0.00415695 -0.00189888
 -0.00453413]

Residual before update:
[-0.00682811  0.00246157 -0.00596875 ...  0.00415695 -0.00189888
 -0.00453413]

Residual before update:
[-0.00682811  0.00246157 -0.00596875 ...  0.00415695 -0.00189888
 -0.00453413]

Residual before update:
[-0.00682811  0.00246157 -0.00596875 ...  0.00415695 -0.00189888
 -0.00453413]

Residual before update:
[-0.00682811  0.00246157 -0.00596875 ...  0.00415695 -0.00189888
 -0.00453413]

Residual before update:
[-0.00682811  0.00246157 -0.00596875 ...  0.00415695 -0.00189888
 -0.00453413]

Residual before update:
[-0.00682811  0.00246157 -0.00596875 ...  0.00415695 -0.00189888
 -0.00453413]

Residual before update:
[-0.00682811  0.00246157 -0.00596875 ...  0.00415695 -0.00189888
 -0.00453413]

Residual before update:
[-0.00682811  0.00246157 -0.00596875 ...  0.00415694 -0.00189888
 -0.00453413]

Residual before update:
[-0.00682811  0.00246157 -0.00596875 ...  0.00415694 -0.00189888
 -0.00453413]

Residual before update:
[-0.00682811  0.00246157 -0.00596875 ...  0.00415694 -0.00189888
 -0.00453413]

Residual before update:
[-0.00682811  0.00246157 -0.00596875 ...  0.00415694 -0.00189888
 -0.00453413]

Residual before update:
[-0.00682811  0.00246157 -0.00596875 ...  0.00415694 -0.00189888
 -0.00453413]

Residual before update:
[-0.00682811  0.00246157 -0.00596875 ...  0.00415694 -0.00189888
 -0.00453413]

Residual before update:
[-0.00682811  0.00246157 -0.00596875 ...  0.00415694 -0.00189888
 -0.00453413]

Residual before update:
[-0.00682811  0.00246157 -0.00596875 ...  0.00415694 -0.00189888
 -0.00453413]

Residual before update:
[-0.00682811  0.00246157 -0.00596875 ...  0.00415694 -0.00189888
 -0.00453413]

Residual before update:
[-0.00682811  0.00246157 -0.00596875 ...  0.00415694 -0.00189888
 -0.00453413]

Residual before update:
[-0.00682811  0.00246157 -0.00596875 ...  0.00415694 -0.00189888
 -0.00453413]

Residual before update:
[-0.00682811  0.00246157 -0.00596875 ...  0.00415694 -0.00189888
 -0.00453413]

Residual before update:
[-0.00682811  0.00246157 -0.00596874 ...  0.00415694 -0.00189888
 -0.00453413]

Residual before update:
[-0.00682811  0.00246157 -0.00596874 ...  0.00415694 -0.00189888
 -0.00453413]

Residual before update:
[-0.00682811  0.00246157 -0.00596874 ...  0.00415694 -0.00189888
 -0.00453413]

Residual before update:
[-0.00682811  0.00246157 -0.00596874 ...  0.00415694 -0.00189888
 -0.00453413]

Residual before update:
[-0.00682811  0.00246157 -0.00596874 ...  0.00415694 -0.00189888
 -0.00453413]

Residual before update:
[-0.00682811  0.00246157 -0.00596874 ...  0.00415694 -0.00189888
 -0.00453413]

Residual before update:
[-0.00682811  0.00246157 -0.00596874 ...  0.00415694 -0.00189888
 -0.00453413]

Residual before update:
[-0.00682811  0.00246157 -0.00596874 ...  0.00415694 -0.00189889
 -0.00453413]

Residual before update:
[-0.00682811  0.00246157 -0.00596874 ...  0.00415694 -0.00189889
 -0.00453413]

Residual before update:
[-0.00682811  0.00246157 -0.00596874 ...  0.00415694 -0.00189889
 -0.00453413]

Residual before update:
[-0.00682811  0.00246157 -0.00596874 ...  0.00415694 -0.00189889
 -0.00453413]

Residual before update:
[-0.00682811  0.00246157 -0.00596874 ...  0.00415694 -0.00189889
 -0.00453413]

Residual before update:
[-0.00682811  0.00246157 -0.00596874 ...  0.00415694 -0.00189889
 -0.00453413]

Residual before update:
[-0.00682811  0.00246157 -0.00596874 ...  0.00415694 -0.00189889
 -0.00453413]

Residual before update:
[-0.00682811  0.00246157 -0.00596874 ...  0.00415694 -0.00189889
 -0.00453413]

Residual before update:
[-0.00682811  0.00246157 -0.00596874 ...  0.00415694 -0.00189889
 -0.00453413]
Compute pips
###############################
TGFM
###############################
Initialize variables
Warning: 416 variants have NaN gwas_beta. Setting to 0 with large SE.
Iterative optimization

Residual before update:
[-0.01075391  0.          0.00476027 ...  0.00280509 -0.00150188
 -0.00951319]

Residual before update:
[-1.07537543e-02  1.37027535e-15  4.76065020e-03 ...  2.80664307e-03
 -1.50000170e-03 -9.51316741e-03]

Residual before update:
[-1.07539436e-02 -3.85601659e-18  4.76026242e-03 ...  2.80508468e-03
 -1.50187532e-03 -9.51317676e-03]

Residual before update:
[-1.07529801e-02  8.13736970e-15  4.76103219e-03 ...  2.81224259e-03
 -1.50155045e-03 -9.51324304e-03]

Residual before update:
[-1.07539773e-02 -8.63835320e-18  4.76025587e-03 ...  2.80507473e-03
 -1.50186815e-03 -9.51316374e-03]

Residual before update:
[-1.07534209e-02  5.82907040e-15  4.76070265e-03 ...  2.81061766e-03
 -1.50161040e-03 -9.51333715e-03]

Residual before update:
[-1.07545695e-02 -2.69177283e-15  4.75939630e-03 ...  2.80206843e-03
 -1.50196838e-03 -9.51393456e-03]

Residual before update:
[-5.21024297e-01 -3.37946107e-09 -8.25648535e-01 ... -1.22015924e+00
 -2.47515423e-02 -3.77528792e-01]

Residual before update:
[-1.07540446e-02 -1.47904017e-17  4.76024291e-03 ...  2.80505468e-03
 -1.50185386e-03 -9.51313678e-03]

Residual before update:
[-1.07545793e-02  1.23162437e-15  4.75909771e-03 ...  2.80624450e-03
 -1.50178323e-03 -9.51410371e-03]

Residual before update:
[-1.07540615e-02 -1.68513222e-17  4.76023978e-03 ...  2.80504996e-03
 -1.50185009e-03 -9.51313000e-03]

Residual before update:
[-1.07593869e-02 -3.30469020e-14  4.75110812e-03 ...  2.79498454e-03
 -1.50197248e-03 -9.51750037e-03]

Residual before update:
[-1.07540619e-02 -1.71446593e-17  4.76023912e-03 ...  2.80505029e-03
 -1.50185000e-03 -9.51312981e-03]

Residual before update:
[-1.07627410e-02 -5.87322689e-14  4.74561044e-03 ...  2.78980766e-03
 -1.50190320e-03 -9.51868562e-03]

Residual before update:
[-1.07540620e-02 -1.92230662e-17  4.76023938e-03 ...  2.80505033e-03
 -1.50185003e-03 -9.51313055e-03]

Residual before update:
[-1.07720551e-02 -5.23319862e-14  4.75218261e-03 ...  2.78292627e-03
 -1.50193575e-03 -9.51427661e-03]

Residual before update:
[-1.07481099e-02  3.63518787e-14  4.77168990e-03 ...  2.81946448e-03
 -1.50166509e-03 -9.51022908e-03]

Residual before update:
[-3.97367765e-01 -2.81492799e-09 -7.01960181e-01 ... -7.83211341e-01
 -7.79519969e-03 -3.17017372e-01]

Residual before update:
[-1.07540620e-02 -1.64857027e-17  4.76023964e-03 ...  2.80505007e-03
 -1.50185009e-03 -9.51312985e-03]

Residual before update:
[-1.07571077e-02 -2.54930427e-14  4.75427528e-03 ...  2.79863945e-03
 -1.50189984e-03 -9.51571055e-03]

Residual before update:
[-1.07540620e-02 -1.67571658e-17  4.76023975e-03 ...  2.80505020e-03
 -1.50184993e-03 -9.51312976e-03]

Residual before update:
[-1.07578171e-02 -2.96280135e-14  4.75303083e-03 ...  2.79723636e-03
 -1.50192183e-03 -9.51604163e-03]

Residual before update:
[-1.07540624e-02 -1.71096021e-17  4.76023907e-03 ...  2.80505037e-03
 -1.50184988e-03 -9.51312961e-03]

Residual before update:
[-1.07620101e-02 -5.89939355e-14  4.74549707e-03 ...  2.78890833e-03
 -1.50199095e-03 -9.51952075e-03]

Residual before update:
[-1.07540624e-02 -1.92341092e-17  4.76023931e-03 ...  2.80505031e-03
 -1.50184992e-03 -9.51313037e-03]

Residual before update:
[-1.07719486e-02 -5.18867937e-14  4.75241496e-03 ...  2.78315785e-03
 -1.50192860e-03 -9.51407566e-03]

Residual before update:
[-1.07483484e-02  3.13171485e-14  4.77141576e-03 ...  2.81683559e-03
 -1.50179003e-03 -9.50971550e-03]

Residual before update:
[-3.97336382e-01 -2.81467050e-09 -7.01899575e-01 ... -7.83145511e-01
 -7.79490089e-03 -3.16994520e-01]

Residual before update:
[-1.07540624e-02 -1.65288207e-17  4.76023956e-03 ...  2.80504996e-03
 -1.50185001e-03 -9.51312969e-03]

Residual before update:
[-1.07572534e-02 -2.54391064e-14  4.75408640e-03 ...  2.79833918e-03
 -1.50191273e-03 -9.51588384e-03]

Residual before update:
[-1.07540624e-02 -1.68003368e-17  4.76023968e-03 ...  2.80505008e-03
 -1.50184985e-03 -9.51312960e-03]

Residual before update:
[-1.07575307e-02 -2.89407382e-14  4.75344063e-03 ...  2.79774091e-03
 -1.50190939e-03 -9.51580050e-03]

Residual before update:
[-1.07540628e-02 -1.71533720e-17  4.76023899e-03 ...  2.80505026e-03
 -1.50184979e-03 -9.51312945e-03]

Residual before update:
[-1.07620523e-02 -5.90017533e-14  4.74545367e-03 ...  2.78885222e-03
 -1.50199307e-03 -9.51957414e-03]

Residual before update:
[-1.07540628e-02 -1.92834325e-17  4.76023924e-03 ...  2.80505019e-03
 -1.50184984e-03 -9.51313022e-03]

Residual before update:
[-1.07719424e-02 -5.17320280e-14  4.75247464e-03 ...  2.78319574e-03
 -1.50192772e-03 -9.51403712e-03]

Residual before update:
[-1.07483268e-02  3.21449570e-14  4.77145948e-03 ...  2.81672620e-03
 -1.50179684e-03 -9.50944048e-03]

Residual before update:
[-3.97358219e-01 -2.81478228e-09 -7.01934216e-01 ... -7.83186606e-01
 -7.79560156e-03 -3.17015322e-01]

Residual before update:
[-1.07540628e-02 -1.65708399e-17  4.76023949e-03 ...  2.80504984e-03
 -1.50184992e-03 -9.51312954e-03]

Residual before update:
[-1.07572525e-02 -2.51869034e-14  4.75407064e-03 ...  2.79828536e-03
 -1.50191694e-03 -9.51582328e-03]

Residual before update:
[-1.07540628e-02 -1.68430912e-17  4.76023960e-03 ...  2.80504997e-03
 -1.50184976e-03 -9.51312944e-03]

Residual before update:
[-1.07575839e-02 -2.89116800e-14  4.75338181e-03 ...  2.79766233e-03
 -1.50191250e-03 -9.51585525e-03]

Residual before update:
[-1.07540632e-02 -1.71971181e-17  4.76023891e-03 ...  2.80505015e-03
 -1.50184971e-03 -9.51312930e-03]

Residual before update:
[-1.07620371e-02 -5.88681692e-14  4.74549041e-03 ...  2.78889890e-03
 -1.50199202e-03 -9.51954988e-03]

Residual before update:
[-1.07540632e-02 -1.93329486e-17  4.76023916e-03 ...  2.80505008e-03
 -1.50184975e-03 -9.51313006e-03]

Residual before update:
[-1.07719352e-02 -5.16064513e-14  4.75251054e-03 ...  2.78322183e-03
 -1.50192755e-03 -9.51402080e-03]

Residual before update:
[-1.07483426e-02  3.24157880e-14  4.77138169e-03 ...  2.81674601e-03
 -1.50179086e-03 -9.50959297e-03]

Residual before update:
[-3.97378713e-01 -2.81494867e-09 -7.01973597e-01 ... -7.83229472e-01
 -7.79580961e-03 -3.17030374e-01]

Residual before update:
[-1.07540632e-02 -1.66130780e-17  4.76023941e-03 ...  2.80504973e-03
 -1.50184984e-03 -9.51312938e-03]

Residual before update:
[-1.07572192e-02 -2.48950690e-14  4.75411672e-03 ...  2.79832361e-03
 -1.50191792e-03 -9.51576853e-03]
Compute pips
NaNs found in variant PIPs at indices: [    0     2     3 ... 11209 11210 11211]
running alternative initialization
Initialize variables
Iterative optimization

Residual before update:
[ 6.86269856e-02 -2.86948594e-11  1.88772653e-02 ... -6.66381189e-02
  1.82384339e-03 -1.03684149e-02]

Residual before update:
[ 2.26183015e-02 -2.66341490e-11  1.55819299e-02 ... -6.18371473e-02
 -6.83992322e-02 -1.45825551e-02]

Residual before update:
[ 1.42752322e-02 -1.29459886e-11  1.69110971e-02 ... -5.37841898e-02
 -6.63742182e-02 -1.39957606e-02]

Residual before update:
[ 1.32614710e-02 -9.66416999e-12  1.57200656e-02 ... -4.54779064e-02
 -5.21829367e-02 -1.29718930e-02]

Residual before update:
[-1.24772286e-02 -1.64902062e-11  1.14717270e-02 ... -3.77524549e-02
 -5.25707683e-02 -1.33811642e-02]

Residual before update:
[-1.32217219e-02 -1.30734519e-11  1.03017437e-02 ... -2.96676169e-02
 -3.87172239e-02 -1.23407271e-02]

Residual before update:
[-1.79975576e-02 -9.70977972e-12  8.95041387e-03 ... -2.17864871e-02
 -3.19971217e-02 -1.17745289e-02]

Residual before update:
[-2.27707829e-02 -6.31687083e-12  7.60774804e-03 ... -1.39151615e-02
 -2.52893736e-02 -1.12091782e-02]

Residual before update:
[-3.19333732e-02 -1.07603057e-11  3.93346329e-03 ... -6.44858068e-03
 -2.74007522e-02 -1.14720414e-02]

Residual before update:
[-3.30205402e-02 -7.25423853e-12  2.77300904e-03 ...  1.58567724e-03
 -1.37545065e-02 -1.04074220e-02]

Residual before update:
[ 2.10075635e-02  3.69389312e-12  7.12023358e-03 ...  4.54878728e-03
  5.60821314e-02 -5.59601083e-03]

Residual before update:
[-1.18698556e-02 -7.74683183e-12  2.61583227e-03 ...  2.74237363e-03
 -3.35820004e-03 -9.87969548e-03]

Residual before update:
[-1.93234770e-02 -1.75954356e-13  4.35381674e-03 ...  2.39441798e-03
 -1.61706194e-02 -1.04499836e-02]

Residual before update:
[ 5.84613061e-03  1.00233258e-11  7.39765426e-03 ...  3.05402756e-03
 -6.14014795e-04 -8.98713743e-03]

Residual before update:
[-1.91266763e-02 -1.62184465e-13  4.33687318e-03 ...  2.67708196e-03
 -1.48451910e-02 -1.04363056e-02]

Residual before update:
[-1.49028640e-02 -4.75722720e-14  4.51492346e-03 ...  3.14699157e-03
 -6.42750224e-03 -9.95086409e-03]

Residual before update:
[-1.48070704e-02 -4.00917384e-14  4.50656277e-03 ...  3.28708444e-03
 -5.77533884e-03 -9.94440148e-03]

Residual before update:
[-1.03279866e-02  7.81223888e-12  6.83216141e-03 ...  3.82806571e-03
  3.67853731e-03 -9.11080039e-03]

Residual before update:
[-1.84091185e-02 -1.53535123e-13  4.31344771e-03 ...  3.26431229e-03
 -1.20823379e-02 -1.04385734e-02]

Residual before update:
[-2.69680672e-02 -9.92176812e-12  2.01982975e-03 ...  3.93057207e-03
  3.60404390e-03 -9.97402173e-03]

Residual before update:
[ 2.22808707e-02  8.61942132e-13  6.25368092e-03 ...  5.44229999e-03
  6.06389933e-02 -5.67956216e-03]

Residual before update:
[-8.55220353e-03 -7.75073947e-12  2.61807666e-03 ...  3.84564131e-03
  3.46890811e-03 -9.87265996e-03]

Residual before update:
[-1.64262478e-02 -2.23599183e-13  4.38447659e-03 ...  3.40048007e-03
 -1.03128544e-02 -1.04726284e-02]

Residual before update:
[ 8.74749010e-03  9.97718489e-12  7.42877969e-03 ...  4.06022189e-03
  5.24686826e-03 -9.00951625e-03]

Residual before update:
[-1.63983809e-02 -2.22762882e-13  4.38575780e-03 ...  3.40268842e-03
 -1.02608163e-02 -1.04694122e-02]

Residual before update:
[-1.22608005e-02 -1.15395030e-13  4.57263091e-03 ...  3.73295208e-03
 -2.47843346e-03 -9.98931261e-03]

Residual before update:
[-1.22510338e-02 -1.15141588e-13  4.57307202e-03 ...  3.73373166e-03
 -2.46006318e-03 -9.98817934e-03]

Residual before update:
[-7.77180118e-03  7.74014814e-12  6.89948850e-03 ...  4.27479489e-03
  6.99448584e-03 -9.15444109e-03]

Residual before update:
[-1.65087859e-02 -2.25745793e-13  4.38073900e-03 ...  3.39387304e-03
 -1.04684929e-02 -1.04822277e-02]

Residual before update:
[-2.50676310e-02 -9.99391931e-12  2.08713706e-03 ...  4.06013306e-03
  5.21789468e-03 -1.00176726e-02]

Residual before update:
[ 2.22820290e-02  8.48204763e-13  6.24994621e-03 ...  5.44204756e-03
  6.06389545e-02 -5.68000788e-03]

Residual before update:
[-8.55158245e-03 -7.75073259e-12  2.61808986e-03 ...  3.84571467e-03
  3.46976440e-03 -9.87262187e-03]

Residual before update:
[-1.64272786e-02 -2.23541100e-13  4.38444100e-03 ...  3.40042381e-03
 -1.03150926e-02 -1.04727781e-02]

Residual before update:
[ 8.74759126e-03  9.97715918e-12  7.42877262e-03 ...  4.06027198e-03
  5.24713596e-03 -9.00951739e-03]

Residual before update:
[-1.63982767e-02 -2.22786798e-13  4.38575121e-03 ...  3.40273851e-03
 -1.02605486e-02 -1.04694132e-02]

Residual before update:
[-1.22606961e-02 -1.15418940e-13  4.57262433e-03 ...  3.73300218e-03
 -2.47816531e-03 -9.98931363e-03]

Residual before update:
[-1.22509296e-02 -1.15165504e-13  4.57306544e-03 ...  3.73378175e-03
 -2.45979546e-03 -9.98818038e-03]

Residual before update:
[-7.77169103e-03  7.74024234e-12  6.89951456e-03 ...  4.27484825e-03
  6.99478042e-03 -9.15443666e-03]

Residual before update:
[-1.65086835e-02 -2.25746372e-13  4.38073875e-03 ...  3.39392354e-03
 -1.04682255e-02 -1.04822280e-02]

Residual before update:
[-2.50675232e-02 -9.99391802e-12  2.08713740e-03 ...  4.06018376e-03
  5.21816669e-03 -1.00176726e-02]

Residual before update:
[ 2.22833636e-02  8.48238879e-13  6.25000634e-03 ...  5.44215408e-03
  6.06414646e-02 -5.67985304e-03]

Residual before update:
[-8.55148236e-03 -7.75082729e-12  2.61806369e-03 ...  3.84576275e-03
  3.47001500e-03 -9.87262626e-03]

Residual before update:
[-1.64285061e-02 -2.23576151e-13  4.38438070e-03 ...  3.40036815e-03
 -1.03173266e-02 -1.04729328e-02]

Residual before update:
[ 8.74769304e-03  9.97715690e-12  7.42877201e-03 ...  4.06032267e-03
  5.24740798e-03 -9.00951750e-03]

Residual before update:
[-1.63981719e-02 -2.22787275e-13  4.38575108e-03 ...  3.40278920e-03
 -1.02602766e-02 -1.04694132e-02]

Residual before update:
[-1.22605910e-02 -1.15419410e-13  4.57262421e-03 ...  3.73305290e-03
 -2.47789286e-03 -9.98931362e-03]

Residual before update:
[-1.22508247e-02 -1.15165981e-13  4.57306530e-03 ...  3.73383245e-03
 -2.45952344e-03 -9.98818040e-03]

Residual before update:
[-7.77158144e-03  7.74033657e-12  6.89954060e-03 ...  4.27490157e-03
  6.99507397e-03 -9.15443229e-03]

Residual before update:
[-1.65085811e-02 -2.25746912e-13  4.38073851e-03 ...  3.39397404e-03
 -1.04679581e-02 -1.04822283e-02]

Residual before update:
[-2.50674153e-02 -9.99391670e-12  2.08713775e-03 ...  4.06023445e-03
  5.21843871e-03 -1.00176725e-02]
Compute pips
NaNs found in variant PIPs at indices: [    0     2     3 ... 11209 11210 11211]
###############################
TGFM
###############################
Initialize variables
Warning: 387 variants have NaN gwas_beta. Setting to 0 with large SE.
Iterative optimization

Residual before update:
[ 0.         -0.00086922  0.         ... -0.00212412 -0.00058318
  0.00696248]

Residual before update:
[-6.85836744e-17 -8.69258085e-04 -1.03974958e-17 ... -2.12419474e-03
 -5.83242918e-04  6.96248801e-03]

Residual before update:
[-1.38390669e-16 -8.69297467e-04 -1.60450935e-17 ... -2.12426324e-03
 -5.83305073e-04  6.96249661e-03]

Residual before update:
[-2.08527888e-16 -8.69336571e-04 -2.31425528e-17 ... -2.12432916e-03
 -5.83364976e-04  6.96250720e-03]

Residual before update:
[-2.76568203e-16 -8.69375967e-04 -3.04696925e-17 ... -2.12439212e-03
 -5.83422415e-04  6.96251969e-03]

Residual before update:
[-3.44712507e-16 -8.69415876e-04 -4.48024669e-17 ... -2.12445234e-03
 -5.83477743e-04  6.96253363e-03]

Residual before update:
[-4.14998704e-16 -8.69454568e-04 -4.81228041e-17 ... -2.12451058e-03
 -5.83531172e-04  6.96254929e-03]

Residual before update:
[-4.83918266e-16 -8.69493688e-04 -5.35534549e-17 ... -2.12456695e-03
 -5.83582983e-04  6.96256627e-03]

Residual before update:
[-5.51797379e-16 -8.69532936e-04 -6.12942757e-17 ... -2.12462084e-03
 -5.83633108e-04  6.96258445e-03]

Residual before update:
[-6.18407107e-16 -8.69571531e-04 -6.77979771e-17 ... -2.12467295e-03
 -5.83681742e-04  6.96260391e-03]

Residual before update:
[-6.15096885e-16 -8.69571345e-04 -7.00735285e-17 ... -2.12465164e-03
 -5.83663956e-04  6.96261798e-03]

Residual before update:
[-6.06709600e-16 -8.69572365e-04 -9.09003390e-17 ... -2.12463362e-03
 -5.83649919e-04  6.96262866e-03]

Residual before update:
[-6.12514669e-16 -8.69571504e-04 -6.98778292e-17 ... -2.12462001e-03
 -5.83638336e-04  6.96263819e-03]

Residual before update:
[-6.15872226e-16 -8.69570541e-04 -6.73560619e-17 ... -2.12461089e-03
 -5.83630776e-04  6.96264471e-03]

Residual before update:
[-6.13249947e-16 -8.69570872e-04 -6.67654512e-17 ... -2.12460349e-03
 -5.83624902e-04  6.96264940e-03]

Residual before update:
[-6.12302908e-16 -8.69572149e-04 -7.91736104e-17 ... -2.12459820e-03
 -5.83621117e-04  6.96265197e-03]

Residual before update:
[-6.15265141e-16 -8.69571289e-04 -7.10024648e-17 ... -2.12459576e-03
 -5.83619196e-04  6.96265351e-03]

Residual before update:
[-6.16036254e-16 -8.69571364e-04 -6.79628621e-17 ... -2.12459568e-03
 -5.83619128e-04  6.96265370e-03]

Residual before update:
[-6.15817830e-16 -8.69571688e-04 -6.83632768e-17 ... -2.12459675e-03
 -5.83620405e-04  6.96265269e-03]

Residual before update:
[-6.14759323e-16 -8.69571412e-04 -6.74917750e-17 ... -2.12459963e-03
 -5.83622999e-04  6.96265088e-03]

Residual before update:
[-6.13253202e-16 -8.69571682e-04 -7.02118758e-17 ... -2.12460155e-03
 -5.83624633e-04  6.96264936e-03]

Residual before update:
[-6.06357488e-16 -8.69573097e-04 -9.13631321e-17 ... -2.12460203e-03
 -5.83625907e-04  6.96264793e-03]

Residual before update:
[-6.13301894e-16 -8.69572522e-04 -7.04989106e-17 ... -2.12460273e-03
 -5.83626023e-04  6.96264831e-03]

Residual before update:
[-6.17573369e-16 -8.69571793e-04 -6.80630642e-17 ... -2.12460435e-03
 -5.83627108e-04  6.96264823e-03]

Residual before update:
[-6.15617209e-16 -8.69572315e-04 -6.75020813e-17 ... -2.12460455e-03
 -5.83627241e-04  6.96264848e-03]

Residual before update:
[-6.15144986e-16 -8.69573741e-04 -7.99474354e-17 ... -2.12460413e-03
 -5.83627194e-04  6.96264844e-03]

Residual before update:
[-6.18371709e-16 -8.69572949e-04 -7.16805243e-17 ... -2.12460418e-03
 -5.83627037e-04  6.96264889e-03]

Residual before update:
[-6.19253298e-16 -8.69573066e-04 -6.85443615e-17 ... -2.12460453e-03
 -5.83627077e-04  6.96264929e-03]

Residual before update:
[-6.18986420e-16 -8.69573389e-04 -6.88483166e-17 ... -2.12460425e-03
 -5.83627035e-04  6.96264958e-03]

Residual before update:
[-6.17757662e-16 -8.69573082e-04 -6.78698802e-17 ... -2.12460423e-03
 -5.83627110e-04  6.96264995e-03]

Residual before update:
[-6.16136214e-16 -8.69573336e-04 -7.05371813e-17 ... -2.12460421e-03
 -5.83627059e-04  6.96264988e-03]

Residual before update:
[-6.09167183e-16 -8.69574761e-04 -9.17541450e-17 ... -2.12460351e-03
 -5.83627322e-04  6.96264934e-03]

Residual before update:
[-6.16077315e-16 -8.69574159e-04 -7.07723047e-17 ... -2.12460357e-03
 -5.83626888e-04  6.96265016e-03]

Residual before update:
[-6.20350634e-16 -8.69573420e-04 -6.83232829e-17 ... -2.12460497e-03
 -5.83627805e-04  6.96265021e-03]

Residual before update:
[-6.18399030e-16 -8.69573952e-04 -6.77691986e-17 ... -2.12460526e-03
 -5.83628017e-04  6.96265038e-03]

Residual before update:
[-6.17957284e-16 -8.69575397e-04 -8.02890307e-17 ... -2.12460508e-03
 -5.83628197e-04  6.96265015e-03]

Residual before update:
[-6.21195957e-16 -8.69574593e-04 -7.19954508e-17 ... -2.12460542e-03
 -5.83628303e-04  6.96265035e-03]

Residual before update:
[-6.22099095e-16 -8.69574714e-04 -6.88579862e-17 ... -2.12460608e-03
 -5.83628611e-04  6.96265052e-03]

Residual before update:
[-6.21838317e-16 -8.69575037e-04 -6.91724323e-17 ... -2.12460602e-03
 -5.83628769e-04  6.96265062e-03]

Residual before update:
[-6.20619680e-16 -8.69574736e-04 -6.81948347e-17 ... -2.12460612e-03
 -5.83628945e-04  6.96265092e-03]

Residual before update:
[-6.19001256e-16 -8.69574996e-04 -7.08765562e-17 ... -2.12460612e-03
 -5.83628922e-04  6.96265083e-03]

Residual before update:
[-6.12029352e-16 -8.69576446e-04 -9.21959113e-17 ... -2.12460542e-03
 -5.83629187e-04  6.96265032e-03]

Residual before update:
[-6.18939238e-16 -8.69575823e-04 -7.11095798e-17 ... -2.12460542e-03
 -5.83628693e-04  6.96265116e-03]

Residual before update:
[-6.23223599e-16 -8.69575076e-04 -6.86459736e-17 ... -2.12460678e-03
 -5.83629566e-04  6.96265125e-03]

Residual before update:
[-6.21269444e-16 -8.69575615e-04 -6.80882606e-17 ... -2.12460702e-03
 -5.83629746e-04  6.96265146e-03]

Residual before update:
[-6.20842076e-16 -8.69577078e-04 -8.06679983e-17 ... -2.12460683e-03
 -5.83629908e-04  6.96265126e-03]

Residual before update:
[-6.24072646e-16 -8.69576257e-04 -7.23316662e-17 ... -2.12460713e-03
 -5.83629985e-04  6.96265147e-03]

Residual before update:
[-6.24978873e-16 -8.69576377e-04 -6.91790616e-17 ... -2.12460779e-03
 -5.83630288e-04  6.96265164e-03]

Residual before update:
[-6.24710483e-16 -8.69576699e-04 -6.94944222e-17 ... -2.12460773e-03
 -5.83630445e-04  6.96265174e-03]

Residual before update:
[-6.23496128e-16 -8.69576401e-04 -6.85136568e-17 ... -2.12460784e-03
 -5.83630634e-04  6.96265203e-03]
Compute pips
###############################
TGFM
###############################
Initialize variables
Warning: 386 variants have NaN gwas_beta. Setting to 0 with large SE.
Iterative optimization

Residual before update:
[-0.00261481 -0.00486486 -0.00375022 ...  0.00303928  0.00327043
  0.00351516]

Residual before update:
[-0.00261482 -0.00486485 -0.00375023 ...  0.00303927  0.00327043
  0.00351515]

Residual before update:
[-0.00261483 -0.00486484 -0.00375023 ...  0.00303926  0.00327042
  0.00351515]

Residual before update:
[-0.00261483 -0.00486483 -0.00375023 ...  0.00303926  0.00327041
  0.00351514]

Residual before update:
[-0.00261484 -0.00486481 -0.00375023 ...  0.00303925  0.00327041
  0.00351514]

Residual before update:
[-0.00261485 -0.0048648  -0.00375023 ...  0.00303925  0.0032704
  0.00351513]

Residual before update:
[-0.00261486 -0.00486479 -0.00375023 ...  0.00303924  0.0032704
  0.00351513]

Residual before update:
[-0.00261487 -0.00486477 -0.00375023 ...  0.00303924  0.00327039
  0.00351512]

Residual before update:
[-0.00261487 -0.00486476 -0.00375023 ...  0.00303923  0.00327039
  0.00351512]

Residual before update:
[-0.00261488 -0.00486475 -0.00375024 ...  0.00303923  0.00327039
  0.00351511]

Residual before update:
[-0.00261488 -0.00486475 -0.00375023 ...  0.00303923  0.00327039
  0.00351512]

Residual before update:
[-0.00261488 -0.00486475 -0.00375023 ...  0.00303923  0.00327039
  0.00351512]

Residual before update:
[-0.00261488 -0.00486475 -0.00375023 ...  0.00303924  0.00327039
  0.00351512]

Residual before update:
[-0.00261488 -0.00486475 -0.00375023 ...  0.00303924  0.00327039
  0.00351512]

Residual before update:
[-0.00261488 -0.00486475 -0.00375023 ...  0.00303924  0.0032704
  0.00351512]

Residual before update:
[-0.00261488 -0.00486475 -0.00375023 ...  0.00303924  0.0032704
  0.00351512]

Residual before update:
[-0.00261488 -0.00486475 -0.00375023 ...  0.00303924  0.0032704
  0.00351512]

Residual before update:
[-0.00261488 -0.00486475 -0.00375023 ...  0.00303924  0.0032704
  0.00351512]

Residual before update:
[-0.00261488 -0.00486475 -0.00375023 ...  0.00303924  0.0032704
  0.00351512]

Residual before update:
[-0.00261488 -0.00486475 -0.00375023 ...  0.00303924  0.0032704
  0.00351512]

Residual before update:
[-0.00261488 -0.00486475 -0.00375023 ...  0.00303924  0.0032704
  0.00351512]

Residual before update:
[-0.00261488 -0.00486475 -0.00375023 ...  0.00303924  0.0032704
  0.00351512]

Residual before update:
[-0.00261488 -0.00486475 -0.00375023 ...  0.00303924  0.0032704
  0.00351512]

Residual before update:
[-0.00261488 -0.00486475 -0.00375023 ...  0.00303924  0.0032704
  0.00351512]

Residual before update:
[-0.00261488 -0.00486475 -0.00375023 ...  0.00303924  0.0032704
  0.00351512]

Residual before update:
[-0.00261488 -0.00486475 -0.00375023 ...  0.00303924  0.0032704
  0.00351512]

Residual before update:
[-0.00261488 -0.00486475 -0.00375023 ...  0.00303924  0.0032704
  0.00351512]

Residual before update:
[-0.00261488 -0.00486475 -0.00375023 ...  0.00303924  0.0032704
  0.00351512]

Residual before update:
[-0.00261488 -0.00486475 -0.00375023 ...  0.00303924  0.0032704
  0.00351512]

Residual before update:
[-0.00261488 -0.00486475 -0.00375023 ...  0.00303924  0.0032704
  0.00351512]

Residual before update:
[-0.00261488 -0.00486475 -0.00375023 ...  0.00303924  0.0032704
  0.00351512]

Residual before update:
[-0.00261488 -0.00486475 -0.00375023 ...  0.00303924  0.0032704
  0.00351512]

Residual before update:
[-0.00261488 -0.00486475 -0.00375023 ...  0.00303924  0.0032704
  0.00351512]

Residual before update:
[-0.00261488 -0.00486475 -0.00375023 ...  0.00303924  0.0032704
  0.00351512]

Residual before update:
[-0.00261488 -0.00486475 -0.00375023 ...  0.00303924  0.0032704
  0.00351512]

Residual before update:
[-0.00261488 -0.00486475 -0.00375023 ...  0.00303924  0.0032704
  0.00351512]

Residual before update:
[-0.00261488 -0.00486475 -0.00375023 ...  0.00303924  0.0032704
  0.00351512]

Residual before update:
[-0.00261488 -0.00486474 -0.00375023 ...  0.00303924  0.0032704
  0.00351512]

Residual before update:
[-0.00261488 -0.00486475 -0.00375023 ...  0.00303924  0.0032704
  0.00351512]

Residual before update:
[-0.00261488 -0.00486475 -0.00375023 ...  0.00303924  0.0032704
  0.00351512]

Residual before update:
[-0.00261488 -0.00486475 -0.00375023 ...  0.00303924  0.0032704
  0.00351512]

Residual before update:
[-0.00261488 -0.00486475 -0.00375023 ...  0.00303924  0.0032704
  0.00351512]

Residual before update:
[-0.00261488 -0.00486475 -0.00375023 ...  0.00303924  0.0032704
  0.00351512]

Residual before update:
[-0.00261488 -0.00486475 -0.00375023 ...  0.00303924  0.0032704
  0.00351512]

Residual before update:
[-0.00261488 -0.00486475 -0.00375023 ...  0.00303924  0.0032704
  0.00351512]

Residual before update:
[-0.00261488 -0.00486475 -0.00375023 ...  0.00303924  0.0032704
  0.00351512]

Residual before update:
[-0.00261488 -0.00486475 -0.00375023 ...  0.00303924  0.0032704
  0.00351512]

Residual before update:
[-0.00261488 -0.00486474 -0.00375023 ...  0.00303924  0.0032704
  0.00351512]

Residual before update:
[-0.00261488 -0.00486475 -0.00375023 ...  0.00303924  0.0032704
  0.00351512]

Residual before update:
[-0.00261488 -0.00486475 -0.00375023 ...  0.00303924  0.0032704
  0.00351512]
Compute pips
###############################
TGFM
###############################
Initialize variables
Warning: 431 variants have NaN gwas_beta. Setting to 0 with large SE.
Iterative optimization

Residual before update:
[-0.0056982   0.0060622  -0.00123304 ... -0.00349137 -0.00182779
 -0.00474675]

Residual before update:
[-0.00569825  0.00606106 -0.00123384 ... -0.00349137 -0.00182779
 -0.00474674]

Residual before update:
[-0.00569831  0.00605998 -0.00123461 ... -0.00349136 -0.00182779
 -0.00474674]

Residual before update:
[-0.00569836  0.00605895 -0.00123534 ... -0.00349136 -0.00182779
 -0.00474673]

Residual before update:
[-0.00569841  0.00605796 -0.00123603 ... -0.00349135 -0.00182779
 -0.00474673]

Residual before update:
[-0.00569845  0.00605702 -0.0012367  ... -0.00349134 -0.00182779
 -0.00474672]

Residual before update:
[-0.00569849  0.00605612 -0.00123734 ... -0.00349133 -0.00182779
 -0.00474671]

Residual before update:
[-0.00569854  0.00605525 -0.00123795 ... -0.00349132 -0.00182778
 -0.00474671]

Residual before update:
[-0.00569857  0.00605442 -0.00123855 ... -0.00349132 -0.00182778
 -0.0047467 ]

Residual before update:
[-0.00569861  0.00605362 -0.00123912 ... -0.00349131 -0.00182778
 -0.00474669]

Residual before update:
[-0.00569859  0.00605399 -0.00123886 ... -0.0034913  -0.00182778
 -0.00474668]

Residual before update:
[-0.00569857  0.00605428 -0.00123866 ... -0.0034913  -0.00182778
 -0.00474668]

Residual before update:
[-0.00569856  0.00605451 -0.0012385  ... -0.00349129 -0.00182777
 -0.00474668]

Residual before update:
[-0.00569855  0.00605469 -0.00123838 ... -0.00349129 -0.00182777
 -0.00474667]

Residual before update:
[-0.00569854  0.00605481 -0.00123829 ... -0.00349129 -0.00182777
 -0.00474667]

Residual before update:
[-0.00569853  0.00605489 -0.00123824 ... -0.00349129 -0.00182777
 -0.00474667]

Residual before update:
[-0.00569853  0.00605493 -0.00123821 ... -0.00349129 -0.00182777
 -0.00474667]

Residual before update:
[-0.00569853  0.00605494 -0.0012382  ... -0.00349129 -0.00182777
 -0.00474667]

Residual before update:
[-0.00569853  0.00605492 -0.00123822 ... -0.00349129 -0.00182777
 -0.00474667]

Residual before update:
[-0.00569853  0.00605487 -0.00123825 ... -0.00349129 -0.00182777
 -0.00474667]

Residual before update:
[-0.00569854  0.00605484 -0.00123827 ... -0.00349129 -0.00182777
 -0.00474667]

Residual before update:
[-0.00569854  0.00605481 -0.00123829 ... -0.00349129 -0.00182777
 -0.00474667]

Residual before update:
[-0.00569854  0.0060548  -0.0012383  ... -0.00349129 -0.00182777
 -0.00474667]

Residual before update:
[-0.00569854  0.00605479 -0.00123831 ... -0.00349129 -0.00182777
 -0.00474667]

Residual before update:
[-0.00569854  0.00605479 -0.00123831 ... -0.00349129 -0.00182777
 -0.00474667]

Residual before update:
[-0.00569854  0.00605478 -0.00123831 ... -0.00349129 -0.00182777
 -0.00474667]

Residual before update:
[-0.00569854  0.00605479 -0.00123831 ... -0.00349129 -0.00182777
 -0.00474667]

Residual before update:
[-0.00569854  0.00605479 -0.00123831 ... -0.00349129 -0.00182777
 -0.00474667]

Residual before update:
[-0.00569854  0.00605479 -0.00123831 ... -0.00349129 -0.00182777
 -0.00474667]

Residual before update:
[-0.00569854  0.00605479 -0.00123831 ... -0.00349129 -0.00182777
 -0.00474667]

Residual before update:
[-0.00569854  0.00605479 -0.00123831 ... -0.00349129 -0.00182777
 -0.00474667]

Residual before update:
[-0.00569854  0.00605479 -0.00123831 ... -0.00349129 -0.00182777
 -0.00474667]

Residual before update:
[-0.00569854  0.00605478 -0.00123831 ... -0.00349129 -0.00182777
 -0.00474667]

Residual before update:
[-0.00569854  0.00605478 -0.00123832 ... -0.00349129 -0.00182777
 -0.00474667]

Residual before update:
[-0.00569854  0.00605478 -0.00123832 ... -0.00349129 -0.00182777
 -0.00474667]

Residual before update:
[-0.00569854  0.00605477 -0.00123832 ... -0.00349129 -0.00182777
 -0.00474667]

Residual before update:
[-0.00569854  0.00605477 -0.00123832 ... -0.00349129 -0.00182777
 -0.00474667]

Residual before update:
[-0.00569854  0.00605476 -0.00123833 ... -0.00349129 -0.00182777
 -0.00474667]

Residual before update:
[-0.00569854  0.00605476 -0.00123833 ... -0.00349129 -0.00182777
 -0.00474667]

Residual before update:
[-0.00569854  0.00605476 -0.00123833 ... -0.00349129 -0.00182777
 -0.00474667]

Residual before update:
[-0.00569854  0.00605476 -0.00123833 ... -0.00349129 -0.00182777
 -0.00474667]

Residual before update:
[-0.00569854  0.00605476 -0.00123833 ... -0.00349129 -0.00182777
 -0.00474667]

Residual before update:
[-0.00569854  0.00605475 -0.00123833 ... -0.00349129 -0.00182777
 -0.00474667]

Residual before update:
[-0.00569854  0.00605475 -0.00123834 ... -0.00349129 -0.00182777
 -0.00474667]

Residual before update:
[-0.00569854  0.00605475 -0.00123834 ... -0.00349129 -0.00182777
 -0.00474667]

Residual before update:
[-0.00569854  0.00605474 -0.00123834 ... -0.00349129 -0.00182777
 -0.00474667]

Residual before update:
[-0.00569854  0.00605474 -0.00123834 ... -0.00349129 -0.00182777
 -0.00474667]

Residual before update:
[-0.00569854  0.00605474 -0.00123835 ... -0.00349129 -0.00182777
 -0.00474667]

Residual before update:
[-0.00569854  0.00605473 -0.00123835 ... -0.00349129 -0.00182777
 -0.00474667]

Residual before update:
[-0.00569854  0.00605473 -0.00123835 ... -0.00349129 -0.00182777
 -0.00474667]
Compute pips
###############################
TGFM
###############################
Initialize variables
Warning: 493 variants have NaN gwas_beta. Setting to 0 with large SE.
Iterative optimization

Residual before update:
[-0.00733548 -0.00388355 -0.00129107 ... -0.00254193  0.00978148
 -0.00313345]

Residual before update:
[-0.00733547 -0.00388356 -0.00129107 ... -0.00254195  0.00978126
 -0.00313347]

Residual before update:
[-0.00733547 -0.00388356 -0.00129107 ... -0.00254196  0.00978104
 -0.00313348]

Residual before update:
[-0.00733547 -0.00388355 -0.00129107 ... -0.00254196  0.00978082
 -0.00313349]

Residual before update:
[-0.00733547 -0.00388358 -0.00129107 ... -0.00254199  0.00978059
 -0.00313351]

Residual before update:
[-0.00733546 -0.00388355 -0.00129107 ... -0.00254199  0.00978038
 -0.00313351]

Residual before update:
[-0.00733546 -0.00388357 -0.00129107 ... -0.00254201  0.00978015
 -0.00313353]

Residual before update:
[-0.00733546 -0.00388358 -0.00129107 ... -0.00254202  0.00977993
 -0.00313354]

Residual before update:
[-0.00733545 -0.00388356 -0.00129107 ... -0.00254202  0.00977971
 -0.00313354]

Residual before update:
[-0.00733545 -0.00388356 -0.00129107 ... -0.00254203  0.00977949
 -0.00313356]

Residual before update:
[-0.00733238 -0.00386655 -0.00129235 ... -0.00253972  0.00977577
 -0.00313128]

Residual before update:
[-0.00733545 -0.00388362 -0.00129107 ... -0.00254208  0.00977947
 -0.0031336 ]

Residual before update:
[-0.00733545 -0.00388358 -0.00129107 ... -0.00254205  0.00977949
 -0.00313357]

Residual before update:
[-0.00733545 -0.00388356 -0.00129107 ... -0.00254203  0.00977949
 -0.00313356]

Residual before update:
[-0.00733545 -0.0038836  -0.00129107 ... -0.00254205  0.00977948
 -0.00313358]

Residual before update:
[-0.00733545 -0.00388355 -0.00129107 ... -0.00254203  0.00977949
 -0.00313355]

Residual before update:
[-0.00733545 -0.00388358 -0.00129107 ... -0.00254204  0.00977949
 -0.00313357]

Residual before update:
[-0.00733545 -0.00388358 -0.00129107 ... -0.00254205  0.00977948
 -0.00313357]

Residual before update:
[-0.00733545 -0.00388356 -0.00129107 ... -0.00254204  0.00977949
 -0.00313356]

Residual before update:
[-0.00733545 -0.00388355 -0.00129107 ... -0.00254203  0.00977949
 -0.00313355]

Residual before update:
[-0.00732398 -0.00378265 -0.00135159 ... -0.0025571   0.00968231
 -0.00314861]

Residual before update:
[-0.00733545 -0.00388361 -0.00129107 ... -0.00254207  0.00977947
 -0.00313359]

Residual before update:
[-0.00733545 -0.00388358 -0.00129107 ... -0.00254205  0.00977948
 -0.00313357]

Residual before update:
[-0.00733545 -0.00388355 -0.00129107 ... -0.00254203  0.00977949
 -0.00313356]

Residual before update:
[-0.00733545 -0.0038836  -0.00129107 ... -0.00254206  0.00977948
 -0.00313358]

Residual before update:
[-0.00733545 -0.00388355 -0.00129107 ... -0.00254203  0.00977949
 -0.00313355]

Residual before update:
[-0.00733545 -0.00388358 -0.00129107 ... -0.00254205  0.00977948
 -0.00313357]

Residual before update:
[-0.00733545 -0.00388358 -0.00129107 ... -0.00254205  0.00977948
 -0.00313357]

Residual before update:
[-0.00733545 -0.00388356 -0.00129107 ... -0.00254204  0.00977948
 -0.00313356]

Residual before update:
[-0.00733545 -0.00388355 -0.00129107 ... -0.00254203  0.00977948
 -0.00313356]

Residual before update:
[-0.00720077 -0.00363413 -0.00129914 ... -0.00250172  0.00957358
 -0.00309475]

Residual before update:
[-0.00733545 -0.00388362 -0.00129107 ... -0.00254207  0.00977946
 -0.0031336 ]

Residual before update:
[-0.00733545 -0.00388358 -0.00129107 ... -0.00254205  0.00977947
 -0.00313357]

Residual before update:
[-0.00733545 -0.00388355 -0.00129107 ... -0.00254204  0.00977948
 -0.00313356]

Residual before update:
[-0.00733545 -0.0038836  -0.00129107 ... -0.00254206  0.00977947
 -0.00313358]

Residual before update:
[-0.00733545 -0.00388355 -0.00129107 ... -0.00254203  0.00977948
 -0.00313355]

Residual before update:
[-0.00733545 -0.00388358 -0.00129107 ... -0.00254205  0.00977947
 -0.00313357]

Residual before update:
[-0.00733545 -0.00388358 -0.00129107 ... -0.00254205  0.00977947
 -0.00313357]

Residual before update:
[-0.00733545 -0.00388356 -0.00129107 ... -0.00254204  0.00977948
 -0.00313356]

Residual before update:
[-0.00733545 -0.00388355 -0.00129107 ... -0.00254204  0.00977948
 -0.00313356]

Residual before update:
[-0.00734462 -0.0040858  -0.00128554 ... -0.00252652  0.00970158
 -0.0031172 ]

Residual before update:
[-0.00733545 -0.00388362 -0.00129107 ... -0.00254208  0.00977945
 -0.0031336 ]

Residual before update:
[-0.00733545 -0.00388358 -0.00129107 ... -0.00254205  0.00977947
 -0.00313357]

Residual before update:
[-0.00733545 -0.00388355 -0.00129107 ... -0.00254204  0.00977947
 -0.00313356]

Residual before update:
[-0.00733545 -0.0038836  -0.00129107 ... -0.00254206  0.00977946
 -0.00313358]

Residual before update:
[-0.00733545 -0.00388355 -0.00129107 ... -0.00254203  0.00977947
 -0.00313355]

Residual before update:
[-0.00733545 -0.00388358 -0.00129107 ... -0.00254205  0.00977947
 -0.00313357]

Residual before update:
[-0.00733545 -0.00388358 -0.00129107 ... -0.00254205  0.00977946
 -0.00313357]

Residual before update:
[-0.00733545 -0.00388356 -0.00129107 ... -0.00254204  0.00977947
 -0.00313356]

Residual before update:
[-0.00733545 -0.00388355 -0.00129107 ... -0.00254204  0.00977947
 -0.00313356]
Compute pips
###############################
TGFM
###############################
Initialize variables
Warning: 460 variants have NaN gwas_beta. Setting to 0 with large SE.
Iterative optimization

Residual before update:
[-0.00420542  0.00640159  0.00318766 ... -0.00380321  0.00436921
  0.00395352]

Residual before update:
[-0.00420546  0.00640142  0.00318761 ... -0.00380322  0.00436918
  0.00395349]

Residual before update:
[-0.0042055   0.00640125  0.00318756 ... -0.00380322  0.00436915
  0.00395347]

Residual before update:
[-0.00420554  0.00640108  0.00318752 ... -0.00380322  0.00436912
  0.00395344]

Residual before update:
[-0.0042051   0.00640164  0.00318565 ... -0.00380662  0.00436625
  0.00395159]

Residual before update:
[-0.00420562  0.00640073  0.00318743 ... -0.00380323  0.00436908
  0.0039534 ]

Residual before update:
[-0.00420566  0.00640056  0.00318738 ... -0.00380323  0.00436906
  0.00395338]

Residual before update:
[-0.0042057   0.00640039  0.00318734 ... -0.00380323  0.00436904
  0.00395336]

Residual before update:
[-0.00420574  0.00640021  0.00318729 ... -0.00380324  0.00436902
  0.00395334]

Residual before update:
[-0.00420403  0.00640258  0.00319221 ... -0.00380201  0.00437013
  0.00395474]

Residual before update:
[-0.00420577  0.00640004  0.00318725 ... -0.00380323  0.00436902
  0.00395334]

Residual before update:
[-0.00420577  0.00640004  0.00318725 ... -0.00380323  0.00436903
  0.00395334]

Residual before update:
[-0.00420577  0.00640004  0.00318726 ... -0.00380323  0.00436904
  0.00395335]

Residual before update:
[-0.00420577  0.00640004  0.00318726 ... -0.00380323  0.00436904
  0.00395335]

Residual before update:
[-0.00420524  0.00640215  0.00318375 ... -0.003808    0.00436459
  0.00395046]

Residual before update:
[-0.00420577  0.00640004  0.00318726 ... -0.00380322  0.00436905
  0.00395336]

Residual before update:
[-0.00420577  0.00640004  0.00318726 ... -0.00380322  0.00436905
  0.00395336]

Residual before update:
[-0.00420577  0.00640004  0.00318726 ... -0.00380322  0.00436905
  0.00395336]

Residual before update:
[-0.00420577  0.00640004  0.00318726 ... -0.00380322  0.00436905
  0.00395336]

Residual before update:
[-0.00420371  0.00640343  0.0031928  ... -0.00380216  0.00437031
  0.00395481]

Residual before update:
[-0.00420577  0.00640003  0.00318726 ... -0.00380322  0.00436904
  0.00395335]

Residual before update:
[-0.00420577  0.00640003  0.00318726 ... -0.00380322  0.00436904
  0.00395335]

Residual before update:
[-0.00420577  0.00640003  0.00318726 ... -0.00380322  0.00436904
  0.00395335]

Residual before update:
[-0.00420577  0.00640003  0.00318725 ... -0.00380322  0.00436904
  0.00395335]

Residual before update:
[-0.00420615  0.0064022   0.00318405 ... -0.00380859  0.00436522
  0.00395045]

Residual before update:
[-0.00420577  0.00640003  0.00318725 ... -0.00380323  0.00436904
  0.00395335]

Residual before update:
[-0.00420577  0.00640003  0.00318725 ... -0.00380322  0.00436904
  0.00395335]

Residual before update:
[-0.00420577  0.00640003  0.00318725 ... -0.00380322  0.00436904
  0.00395335]

Residual before update:
[-0.00420577  0.00640003  0.00318725 ... -0.00380322  0.00436904
  0.00395335]

Residual before update:
[-0.00420374  0.00640112  0.00319343 ... -0.00380191  0.00436869
  0.00395517]

Residual before update:
[-0.00420577  0.00640003  0.00318725 ... -0.00380322  0.00436904
  0.00395335]

Residual before update:
[-0.00420577  0.00640002  0.00318725 ... -0.00380322  0.00436904
  0.00395335]

Residual before update:
[-0.00420577  0.00640002  0.00318725 ... -0.00380322  0.00436904
  0.00395335]

Residual before update:
[-0.00420577  0.00640002  0.00318725 ... -0.00380322  0.00436904
  0.00395335]

Residual before update:
[-0.004205    0.00640329  0.00318048 ... -0.00380945  0.00436126
  0.00394841]

Residual before update:
[-0.00420577  0.00640002  0.00318725 ... -0.00380323  0.00436904
  0.00395335]

Residual before update:
[-0.00420577  0.00640002  0.00318725 ... -0.00380322  0.00436904
  0.00395335]

Residual before update:
[-0.00420577  0.00640002  0.00318725 ... -0.00380322  0.00436904
  0.00395335]

Residual before update:
[-0.00420577  0.00640002  0.00318725 ... -0.00380322  0.00436904
  0.00395335]

Residual before update:
[-0.00420267  0.00640366  0.00319432 ... -0.0038021   0.00436925
  0.00395573]

Residual before update:
[-0.00420577  0.00640002  0.00318725 ... -0.00380322  0.00436904
  0.00395335]

Residual before update:
[-0.00420577  0.00640002  0.00318725 ... -0.00380322  0.00436904
  0.00395335]

Residual before update:
[-0.00420577  0.00640001  0.00318725 ... -0.00380322  0.00436904
  0.00395335]

Residual before update:
[-0.00420577  0.00640001  0.00318725 ... -0.00380322  0.00436904
  0.00395335]

Residual before update:
[-0.00420522  0.00640291  0.00318324 ... -0.00380671  0.00436495
  0.00395057]

Residual before update:
[-0.00420577  0.00640001  0.00318725 ... -0.00380322  0.00436904
  0.00395335]

Residual before update:
[-0.00420578  0.00640001  0.00318725 ... -0.00380322  0.00436904
  0.00395335]

Residual before update:
[-0.00420578  0.00640001  0.00318725 ... -0.00380322  0.00436904
  0.00395335]

Residual before update:
[-0.00420578  0.00640001  0.00318725 ... -0.00380322  0.00436904
  0.00395335]

Residual before update:
[-0.00420272  0.00640359  0.00319417 ... -0.00380212  0.00436922
  0.00395569]
Compute pips
###############################
TGFM
###############################
Initialize variables
Warning: 421 variants have NaN gwas_beta. Setting to 0 with large SE.
Iterative optimization

Residual before update:
[ 0.00202068 -0.00469294 -0.00477066 ... -0.0128436   0.00071572
  0.00092215]

Residual before update:
[ 0.00202064 -0.00469294 -0.00477061 ... -0.01284357  0.00071555
  0.00092221]

Residual before update:
[ 0.00202057 -0.00469296 -0.00477058 ... -0.01284354  0.00071536
  0.00092227]

Residual before update:
[ 0.00202056 -0.00469295 -0.00477053 ... -0.01284349  0.00071521
  0.00092233]

Residual before update:
[ 0.00202053 -0.00469295 -0.00477049 ... -0.01284345  0.00071504
  0.00092238]

Residual before update:
[ 0.00202049 -0.00469295 -0.00477044 ... -0.01284341  0.00071487
  0.00092242]

Residual before update:
[ 0.00202046 -0.00469295 -0.0047704  ... -0.01284337  0.0007147
  0.00092247]

Residual before update:
[ 0.00202043 -0.00469295 -0.00477036 ... -0.01284333  0.00071453
  0.0009225 ]

Residual before update:
[ 0.00202041 -0.00469294 -0.00477031 ... -0.01284329  0.00071436
  0.00092254]

Residual before update:
[ 0.00202038 -0.00469294 -0.00477027 ... -0.01284325  0.00071418
  0.00092258]

Residual before update:
[ 0.0020204  -0.00469293 -0.00477027 ... -0.01284325  0.00071418
  0.00092254]

Residual before update:
[ 0.00202041 -0.00469292 -0.00477027 ... -0.01284324  0.00071417
  0.00092252]

Residual before update:
[ 0.00202038 -0.00469293 -0.00477028 ... -0.01284325  0.00071413
  0.0009225 ]

Residual before update:
[ 0.00202043 -0.00469291 -0.00477027 ... -0.01284324  0.00071416
  0.00092248]

Residual before update:
[ 0.00202043 -0.00469291 -0.00477027 ... -0.01284323  0.00071416
  0.00092247]

Residual before update:
[ 0.00202044 -0.00469291 -0.00477027 ... -0.01284323  0.00071415
  0.00092246]

Residual before update:
[ 0.00202044 -0.00469291 -0.00477027 ... -0.01284323  0.00071415
  0.00092246]

Residual before update:
[ 0.00202044 -0.00469291 -0.00477027 ... -0.01284323  0.00071415
  0.00092246]

Residual before update:
[ 0.00202043 -0.00469291 -0.00477026 ... -0.01284323  0.00071415
  0.00092246]

Residual before update:
[ 0.00202043 -0.00469291 -0.00477026 ... -0.01284323  0.00071415
  0.00092247]

Residual before update:
[ 0.00202043 -0.00469291 -0.00477027 ... -0.01284323  0.00071415
  0.00092247]

Residual before update:
[ 0.00202043 -0.00469291 -0.00477026 ... -0.01284323  0.00071415
  0.00092247]

Residual before update:
[ 0.00202038 -0.00469293 -0.00477027 ... -0.01284324  0.0007141
  0.00092247]

Residual before update:
[ 0.00202043 -0.00469291 -0.00477026 ... -0.01284323  0.00071414
  0.00092247]

Residual before update:
[ 0.00202043 -0.00469291 -0.00477026 ... -0.01284323  0.00071414
  0.00092247]

Residual before update:
[ 0.00202043 -0.00469291 -0.00477026 ... -0.01284323  0.00071414
  0.00092247]

Residual before update:
[ 0.00202043 -0.00469291 -0.00477026 ... -0.01284323  0.00071414
  0.00092247]

Residual before update:
[ 0.00202043 -0.00469291 -0.00477026 ... -0.01284323  0.00071414
  0.00092247]

Residual before update:
[ 0.00202043 -0.00469291 -0.00477026 ... -0.01284323  0.00071414
  0.00092247]

Residual before update:
[ 0.00202043 -0.00469291 -0.00477026 ... -0.01284323  0.00071414
  0.00092247]

Residual before update:
[ 0.00202043 -0.00469291 -0.00477026 ... -0.01284323  0.00071414
  0.00092247]

Residual before update:
[ 0.00202043 -0.00469291 -0.00477026 ... -0.01284323  0.00071413
  0.00092247]

Residual before update:
[ 0.00202038 -0.00469293 -0.00477027 ... -0.01284324  0.00071409
  0.00092247]

Residual before update:
[ 0.00202043 -0.00469291 -0.00477026 ... -0.01284323  0.00071413
  0.00092247]

Residual before update:
[ 0.00202043 -0.00469291 -0.00477026 ... -0.01284323  0.00071413
  0.00092247]

Residual before update:
[ 0.00202043 -0.00469291 -0.00477026 ... -0.01284323  0.00071413
  0.00092247]

Residual before update:
[ 0.00202043 -0.00469291 -0.00477026 ... -0.01284323  0.00071413
  0.00092247]

Residual before update:
[ 0.00202043 -0.00469291 -0.00477026 ... -0.01284323  0.00071413
  0.00092247]

Residual before update:
[ 0.00202043 -0.00469291 -0.00477026 ... -0.01284323  0.00071413
  0.00092247]

Residual before update:
[ 0.00202043 -0.00469291 -0.00477026 ... -0.01284323  0.00071413
  0.00092247]

Residual before update:
[ 0.00202043 -0.00469291 -0.00477026 ... -0.01284323  0.00071412
  0.00092247]

Residual before update:
[ 0.00202043 -0.00469291 -0.00477026 ... -0.01284323  0.00071412
  0.00092247]

Residual before update:
[ 0.00202038 -0.00469293 -0.00477027 ... -0.01284324  0.00071408
  0.00092247]

Residual before update:
[ 0.00202043 -0.00469291 -0.00477026 ... -0.01284323  0.00071412
  0.00092247]

Residual before update:
[ 0.00202043 -0.00469291 -0.00477026 ... -0.01284323  0.00071412
  0.00092247]

Residual before update:
[ 0.00202043 -0.00469291 -0.00477026 ... -0.01284323  0.00071412
  0.00092247]

Residual before update:
[ 0.00202043 -0.00469291 -0.00477026 ... -0.01284323  0.00071412
  0.00092247]

Residual before update:
[ 0.00202043 -0.00469291 -0.00477026 ... -0.01284323  0.00071411
  0.00092248]

Residual before update:
[ 0.00202043 -0.00469291 -0.00477026 ... -0.01284323  0.00071411
  0.00092248]

Residual before update:
[ 0.00202042 -0.00469291 -0.00477026 ... -0.01284323  0.00071411
  0.00092248]
Compute pips
###############################
TGFM
###############################
Initialize variables
Warning: 417 variants have NaN gwas_beta. Setting to 0 with large SE.
Iterative optimization

Residual before update:
[0.00996704 0.00959394 0.00959394 ... 0.00242765 0.00453419 0.00615895]

Residual before update:
[0.00996669 0.00959359 0.00959359 ... 0.00242764 0.00453418 0.00615894]

Residual before update:
[0.0099664  0.0095933  0.0095933  ... 0.00242764 0.00453418 0.00615892]

Residual before update:
[0.00996616 0.00959306 0.00959306 ... 0.00242764 0.00453417 0.00615891]

Residual before update:
[0.00996595 0.00959286 0.00959286 ... 0.00242763 0.00453417 0.00615889]

Residual before update:
[0.00996579 0.00959269 0.00959269 ... 0.00242763 0.00453417 0.00615888]

Residual before update:
[0.00996565 0.00959255 0.00959255 ... 0.00242762 0.00453416 0.00615887]

Residual before update:
[0.00996554 0.00959245 0.00959245 ... 0.00242762 0.00453416 0.00615886]

Residual before update:
[0.00996546 0.00959236 0.00959236 ... 0.00242762 0.00453416 0.00615884]

Residual before update:
[0.0099654  0.0095923  0.0095923  ... 0.00242761 0.00453415 0.00615883]

Residual before update:
[0.00996571 0.00959261 0.00959261 ... 0.00242761 0.00453415 0.00615884]

Residual before update:
[0.00996594 0.00959284 0.00959284 ... 0.00242761 0.00453415 0.00615884]

Residual before update:
[0.0099661  0.00959301 0.00959301 ... 0.00242761 0.00453415 0.00615884]

Residual before update:
[0.00996622 0.00959312 0.00959312 ... 0.00242761 0.00453415 0.00615884]

Residual before update:
[0.00996629 0.00959319 0.00959319 ... 0.00242761 0.00453415 0.00615884]

Residual before update:
[0.00996632 0.00959322 0.00959322 ... 0.00242761 0.00453415 0.00615884]

Residual before update:
[0.00996632 0.00959323 0.00959323 ... 0.00242761 0.00453415 0.00615884]

Residual before update:
[0.0099663  0.0095932  0.0095932  ... 0.00242761 0.00453415 0.00615884]

Residual before update:
[0.00996626 0.00959316 0.00959316 ... 0.00242761 0.00453415 0.00615884]

Residual before update:
[0.0099662  0.0095931  0.0095931  ... 0.00242761 0.00453415 0.00615884]

Residual before update:
[0.00996616 0.00959307 0.00959307 ... 0.00242761 0.00453415 0.00615884]

Residual before update:
[0.00996615 0.00959305 0.00959305 ... 0.00242761 0.00453415 0.00615884]

Residual before update:
[0.00996614 0.00959304 0.00959304 ... 0.00242761 0.00453415 0.00615884]

Residual before update:
[0.00996614 0.00959304 0.00959304 ... 0.00242761 0.00453415 0.00615884]

Residual before update:
[0.00996615 0.00959305 0.00959305 ... 0.00242761 0.00453415 0.00615884]

Residual before update:
[0.00996616 0.00959306 0.00959306 ... 0.00242761 0.00453415 0.00615884]

Residual before update:
[0.00996617 0.00959307 0.00959307 ... 0.00242761 0.00453415 0.00615884]

Residual before update:
[0.00996618 0.00959308 0.00959308 ... 0.00242761 0.00453415 0.00615884]

Residual before update:
[0.00996618 0.00959308 0.00959308 ... 0.00242761 0.00453415 0.00615884]

Residual before update:
[0.00996618 0.00959309 0.00959309 ... 0.00242761 0.00453415 0.00615884]

Residual before update:
[0.00996618 0.00959309 0.00959309 ... 0.00242761 0.00453415 0.00615884]

Residual before update:
[0.00996618 0.00959308 0.00959308 ... 0.00242761 0.00453415 0.00615884]

Residual before update:
[0.00996618 0.00959308 0.00959308 ... 0.00242761 0.00453415 0.00615884]

Residual before update:
[0.00996618 0.00959308 0.00959308 ... 0.00242761 0.00453415 0.00615884]

Residual before update:
[0.00996618 0.00959308 0.00959308 ... 0.00242761 0.00453415 0.00615884]

Residual before update:
[0.00996618 0.00959308 0.00959308 ... 0.00242761 0.00453415 0.00615884]

Residual before update:
[0.00996618 0.00959308 0.00959308 ... 0.00242761 0.00453415 0.00615884]

Residual before update:
[0.00996618 0.00959308 0.00959308 ... 0.00242761 0.00453415 0.00615884]

Residual before update:
[0.00996618 0.00959308 0.00959308 ... 0.00242761 0.00453415 0.00615884]

Residual before update:
[0.00996618 0.00959308 0.00959308 ... 0.00242761 0.00453415 0.00615884]

Residual before update:
[0.00996618 0.00959308 0.00959308 ... 0.00242761 0.00453415 0.00615884]

Residual before update:
[0.00996618 0.00959308 0.00959308 ... 0.00242761 0.00453415 0.00615884]

Residual before update:
[0.00996618 0.00959308 0.00959308 ... 0.00242761 0.00453415 0.00615884]

Residual before update:
[0.00996618 0.00959308 0.00959308 ... 0.00242761 0.00453415 0.00615884]

Residual before update:
[0.00996618 0.00959308 0.00959308 ... 0.00242761 0.00453415 0.00615884]

Residual before update:
[0.00996618 0.00959308 0.00959308 ... 0.00242761 0.00453415 0.00615884]

Residual before update:
[0.00996618 0.00959308 0.00959308 ... 0.00242761 0.00453415 0.00615884]

Residual before update:
[0.00996618 0.00959308 0.00959308 ... 0.00242761 0.00453415 0.00615884]

Residual before update:
[0.00996618 0.00959308 0.00959308 ... 0.00242761 0.00453415 0.00615884]

Residual before update:
[0.00996618 0.00959308 0.00959308 ... 0.00242761 0.00453415 0.00615884]
Compute pips
###############################
TGFM
###############################
Initialize variables
Warning: 406 variants have NaN gwas_beta. Setting to 0 with large SE.
Iterative optimization

Residual before update:
[-0.00257902  0.00198931  0.0014614  ... -0.0014904   0.00034842
 -0.00227724]

Residual before update:
[-0.002579    0.00198935  0.00146141 ... -0.0014904   0.00034842
 -0.00227724]

Residual before update:
[-0.00257898  0.00198939  0.00146141 ... -0.0014904   0.00034842
 -0.00227725]

Residual before update:
[-0.00257896  0.00198943  0.00146141 ... -0.00149041  0.00034841
 -0.00227725]

Residual before update:
[-0.00257894  0.00198946  0.00146142 ... -0.00149041  0.00034841
 -0.00227725]

Residual before update:
[-0.00257893  0.0019895   0.00146142 ... -0.00149042  0.00034841
 -0.00227726]

Residual before update:
[-0.00257891  0.00198953  0.00146142 ... -0.00149042  0.0003484
 -0.00227726]

Residual before update:
[-0.0025789   0.00198957  0.00146142 ... -0.00149042  0.0003484
 -0.00227727]

Residual before update:
[-0.00257889  0.0019896   0.00146142 ... -0.00149043  0.0003484
 -0.00227727]

Residual before update:
[-0.00257887  0.00198963  0.00146142 ... -0.00149043  0.00034839
 -0.00227728]

Residual before update:
[-0.00257888  0.00198962  0.00146142 ... -0.00149043  0.00034839
 -0.00227728]

Residual before update:
[-0.00257889  0.00198961  0.00146141 ... -0.00149043  0.00034839
 -0.00227728]

Residual before update:
[-0.0025789   0.0019896   0.00146141 ... -0.00149043  0.00034839
 -0.00227728]

Residual before update:
[-0.0025789   0.00198959  0.00146141 ... -0.00149043  0.00034839
 -0.00227728]

Residual before update:
[-0.0025789   0.00198959  0.00146141 ... -0.00149043  0.00034839
 -0.00227728]

Residual before update:
[-0.00257891  0.00198959  0.0014614  ... -0.00149043  0.00034839
 -0.00227728]

Residual before update:
[-0.00257891  0.00198959  0.0014614  ... -0.00149043  0.00034839
 -0.00227728]

Residual before update:
[-0.00257891  0.00198959  0.0014614  ... -0.00149043  0.00034839
 -0.00227728]

Residual before update:
[-0.00257891  0.00198959  0.0014614  ... -0.00149043  0.00034839
 -0.00227728]

Residual before update:
[-0.0025789   0.00198959  0.00146141 ... -0.00149043  0.00034839
 -0.00227728]

Residual before update:
[-0.0025789   0.00198959  0.00146141 ... -0.00149043  0.00034839
 -0.00227728]

Residual before update:
[-0.0025789   0.00198959  0.00146141 ... -0.00149043  0.00034839
 -0.00227728]

Residual before update:
[-0.0025789   0.00198959  0.00146141 ... -0.00149043  0.00034839
 -0.00227728]

Residual before update:
[-0.0025789   0.00198959  0.00146141 ... -0.00149043  0.00034839
 -0.00227728]

Residual before update:
[-0.0025789   0.00198959  0.00146141 ... -0.00149043  0.00034839
 -0.00227728]

Residual before update:
[-0.0025789   0.00198959  0.00146141 ... -0.00149043  0.00034839
 -0.00227728]

Residual before update:
[-0.0025789   0.00198959  0.00146141 ... -0.00149043  0.00034839
 -0.00227728]

Residual before update:
[-0.0025789   0.00198959  0.00146141 ... -0.00149043  0.00034839
 -0.00227728]

Residual before update:
[-0.0025789   0.00198959  0.00146141 ... -0.00149043  0.00034839
 -0.00227728]

Residual before update:
[-0.0025789   0.00198959  0.00146141 ... -0.00149043  0.00034839
 -0.00227728]

Residual before update:
[-0.0025789   0.00198959  0.00146141 ... -0.00149043  0.00034839
 -0.00227728]

Residual before update:
[-0.0025789   0.00198959  0.00146141 ... -0.00149043  0.00034839
 -0.00227728]

Residual before update:
[-0.0025789   0.00198959  0.00146141 ... -0.00149043  0.00034839
 -0.00227728]

Residual before update:
[-0.0025789   0.00198959  0.00146141 ... -0.00149043  0.00034839
 -0.00227728]

Residual before update:
[-0.0025789   0.00198959  0.00146141 ... -0.00149043  0.00034839
 -0.00227728]

Residual before update:
[-0.0025789   0.00198959  0.00146141 ... -0.00149043  0.00034839
 -0.00227728]

Residual before update:
[-0.0025789   0.00198959  0.00146141 ... -0.00149043  0.00034839
 -0.00227728]

Residual before update:
[-0.0025789   0.00198959  0.00146141 ... -0.00149043  0.00034839
 -0.00227728]

Residual before update:
[-0.0025789   0.00198959  0.00146141 ... -0.00149043  0.00034839
 -0.00227728]

Residual before update:
[-0.0025789   0.00198959  0.00146141 ... -0.00149043  0.00034839
 -0.00227728]

Residual before update:
[-0.0025789   0.00198959  0.00146141 ... -0.00149043  0.00034839
 -0.00227728]

Residual before update:
[-0.0025789   0.00198959  0.00146141 ... -0.00149043  0.00034839
 -0.00227728]

Residual before update:
[-0.0025789   0.00198959  0.00146141 ... -0.00149043  0.00034839
 -0.00227728]

Residual before update:
[-0.0025789   0.00198959  0.00146141 ... -0.00149043  0.00034839
 -0.00227728]

Residual before update:
[-0.0025789   0.00198959  0.00146141 ... -0.00149043  0.00034839
 -0.00227728]

Residual before update:
[-0.0025789   0.00198959  0.00146141 ... -0.00149043  0.00034839
 -0.00227728]

Residual before update:
[-0.0025789   0.00198959  0.00146141 ... -0.00149043  0.00034839
 -0.00227728]

Residual before update:
[-0.0025789   0.00198959  0.00146141 ... -0.00149043  0.00034839
 -0.00227728]

Residual before update:
[-0.0025789   0.00198959  0.00146141 ... -0.00149043  0.00034839
 -0.00227728]

Residual before update:
[-0.0025789   0.00198959  0.00146141 ... -0.00149043  0.00034839
 -0.00227728]
Compute pips
###############################
TGFM
###############################
Initialize variables
Warning: 380 variants have NaN gwas_beta. Setting to 0 with large SE.
Iterative optimization

Residual before update:
[ 0.00471003  0.00143205  0.00137476 ... -0.00481221 -0.00631593
 -0.00666315]

Residual before update:
[ 0.00472705  0.00149406  0.00143678 ... -0.004808   -0.00623392
 -0.00663933]

Residual before update:
[ 0.00467594  0.00143073  0.00137345 ... -0.00495251 -0.00640482
 -0.00669392]

Residual before update:
[ 0.00471915  0.00143137  0.00137408 ... -0.00483107 -0.00631684
 -0.00666375]

Residual before update:
[ 0.00470944  0.00143189  0.00137461 ... -0.0048116  -0.00631593
 -0.00666291]

Residual before update:
[ 0.00468613  0.00144235  0.00138507 ... -0.00485513 -0.0063073
 -0.00667839]

Residual before update:
[ 0.00470914  0.00143182  0.00137454 ... -0.0048113  -0.00631592
 -0.00666279]

Residual before update:
[7.67174210e+10 3.38208949e+11 3.38208976e+11 ... 1.63420689e+10
 3.39813900e+11 9.48651074e+10]

Residual before update:
[ 0.00471068  0.00144026  0.00138298 ... -0.004806   -0.006318
 -0.00665851]

Residual before update:
[ 0.00470869  0.00143171  0.00137442 ... -0.00481085 -0.00631592
 -0.00666261]

Residual before update:
[ 0.00470869  0.00143171  0.00137442 ... -0.00481085 -0.00631592
 -0.00666261]

Residual before update:
[5376.18144331 6141.00724485 6141.00768123 ...  981.44011183 -685.98089083
  628.7517537 ]

Residual before update:
[ 0.00468265  0.00142823  0.00137095 ... -0.00494566 -0.00640704
 -0.00668899]

Residual before update:
[ 0.00478877  0.001443    0.00138572 ... -0.00442859 -0.00605404
 -0.00658886]

Residual before update:
[ 0.00470869  0.00143171  0.00137442 ... -0.00481084 -0.00631592
 -0.00666261]

Residual before update:
[ 0.0047771   0.00143968  0.00138239 ... -0.00433396 -0.00607721
 -0.00658957]

Residual before update:
[ 0.00470869  0.00143171  0.00137442 ... -0.00481084 -0.00631592
 -0.00666261]

Residual before update:
[-4.42735380e+33  4.77515154e+34  4.77515192e+34 ...  1.47427195e+33
 -3.98544674e+34  3.22012986e+34]

Residual before update:
[ 0.00471249  0.00143341  0.00137613 ... -0.00478653 -0.0063178
 -0.00665828]

Residual before update:
[ 0.00470869  0.00143171  0.00137442 ... -0.00481084 -0.00631592
 -0.00666261]

Residual before update:
[ 0.00470869  0.00143171  0.00137442 ... -0.00481084 -0.00631592
 -0.00666261]

Residual before update:
[1.56855722e+19 1.94424098e+19 1.94424114e+19 ... 2.20290500e+18
 2.23777982e+18 3.87541535e+18]

Residual before update:
[ 0.00468263  0.00142823  0.00137095 ... -0.00494573 -0.00640708
 -0.00668901]

Residual before update:
[ 0.00478878  0.001443    0.00138572 ... -0.00442853 -0.006054
 -0.00658885]

Residual before update:
[ 0.00470869  0.00143171  0.00137442 ... -0.00481084 -0.00631592
 -0.00666261]

Residual before update:
[ 0.00480179  0.00144466  0.00138738 ... -0.00431406 -0.00607663
 -0.00656634]

Residual before update:
[ 0.00470869  0.00143171  0.00137442 ... -0.00481084 -0.00631592
 -0.00666261]

Residual before update:
[-3.53033099e+58 -2.58459163e+58 -2.58459184e+58 ... -1.55145068e+58
 -4.02425816e+57 -6.94981429e+57]

Residual before update:
[ 0.00471268  0.00143351  0.00137623 ... -0.00478568 -0.00631785
 -0.00665794]

Residual before update:
[ 0.00470869  0.00143171  0.00137442 ... -0.00481084 -0.00631592
 -0.0066626 ]

Residual before update:
[ 0.00470869  0.00143171  0.00137442 ... -0.00481084 -0.00631592
 -0.0066626 ]

Residual before update:
[-9.96442504e+33 -4.39281929e+34 -4.39281964e+34 ... -2.12258563e+33
 -4.41366505e+34 -1.23215326e+34]

Residual before update:
[ 0.00468262  0.00142823  0.00137095 ... -0.00494579 -0.00640712
 -0.00668902]

Residual before update:
[ 0.0047888   0.001443    0.00138572 ... -0.00442848 -0.00605397
 -0.00658884]

Residual before update:
[ 0.00470869  0.00143171  0.00137442 ... -0.00481084 -0.00631592
 -0.0066626 ]

Residual before update:
[ 0.00480199  0.00145122  0.00139394 ... -0.00431109 -0.00607641
 -0.006559  ]

Residual before update:
[ 0.00470869  0.00143171  0.00137442 ... -0.00481084 -0.00631592
 -0.0066626 ]

Residual before update:
[1.23654223e+89 5.45129962e+89 5.45130006e+89 ... 2.63403775e+88
 5.47716845e+89 1.52904920e+89]

Residual before update:
[ 0.00471286  0.00143356  0.00137628 ... -0.00478472 -0.00631795
 -0.00665769]

Residual before update:
[ 0.00470869  0.0014317   0.00137442 ... -0.00481084 -0.00631592
 -0.0066626 ]

Residual before update:
[ 0.00470869  0.0014317   0.00137442 ... -0.00481084 -0.00631592
 -0.0066626 ]

Residual before update:
[-2.75280366e+42 -3.14442477e+42 -3.14442502e+42 ... -5.02536526e+41
  3.51244644e+41 -3.21947836e+41]

Residual before update:
[ 0.00468261  0.00142823  0.00137095 ... -0.00494584 -0.00640716
 -0.00668903]

Residual before update:
[ 0.00478882  0.001443    0.00138572 ... -0.00442842 -0.00605393
 -0.00658883]

Residual before update:
[ 0.00470868  0.0014317   0.00137442 ... -0.00481084 -0.00631592
 -0.0066626 ]

Residual before update:
[ 0.00479527  0.00144696  0.00138968 ... -0.00432435 -0.00607786
 -0.00656893]

Residual before update:
[ 0.00470868  0.0014317   0.00137442 ... -0.00481084 -0.00631592
 -0.0066626 ]

Residual before update:
[-7.13798574e+111  7.69872143e+112  7.69872205e+112 ...  2.37688981e+111
 -6.42552262e+112  5.19164316e+112]

Residual before update:
[ 0.00471299  0.00143361  0.00137632 ... -0.00478377 -0.006318
 -0.00665749]

Residual before update:
[ 0.00470868  0.0014317   0.00137442 ... -0.00481083 -0.00631592
 -0.0066626 ]
Compute pips
running alternative initialization
Initialize variables
Iterative optimization

Residual before update:
[ 0.31301678  0.34469157  0.34463431 ... -0.01038381 -0.0081021
 -0.00992266]

Residual before update:
[ 0.27335868  0.30573486  0.3056776  ... -0.01062895 -0.00810213
 -0.00999236]

Residual before update:
[ 0.23865586  0.26690339  0.26684613 ... -0.0103292  -0.00795703
 -0.01052829]

Residual before update:
[ 0.20397881  0.22847293  0.22841567 ... -0.00971539 -0.00786733
 -0.01017644]

Residual before update:
[ 0.17143389  0.19036284  0.19030557 ... -0.00879064 -0.00760096
 -0.00966427]

Residual before update:
[ 0.13764465  0.15237919  0.15232192 ... -0.0081287  -0.00729953
 -0.00928255]

Residual before update:
[ 0.10469348  0.11456102  0.11450374 ... -0.00731807 -0.0070558
 -0.00882313]

Residual before update:
[ 0.07076041  0.07691234  0.07685506 ... -0.00649546 -0.0068229
 -0.00788769]

Residual before update:
[ 0.03780515  0.03916253  0.03910526 ... -0.00569523 -0.00658089
 -0.00743268]

Residual before update:
[ 0.00394336  0.00131456  0.00125728 ... -0.00507213 -0.00628883
 -0.00706147]

Residual before update:
[ 0.00998955  0.00159208  0.0015348  ... -0.00401633 -0.0060528
 -0.00654159]

Residual before update:
[ 0.00481819  0.00165596  0.00159868 ... -0.00456775 -0.00618419
 -0.00613542]

Residual before update:
[ 0.00497778  0.00153637  0.00147909 ... -0.00476713 -0.00610933
 -0.00670017]

Residual before update:
[ 0.00303662  0.00143074  0.00137346 ... -0.00507758 -0.00626906
 -0.00685726]

Residual before update:
[ 0.00439337  0.00148869  0.0014314  ... -0.00482    -0.00630362
 -0.0067274 ]

Residual before update:
[ 0.00329009  0.00143051  0.00137323 ... -0.0050129  -0.00634656
 -0.00682618]

Residual before update:
[ 0.00433178  0.00133279  0.00127551 ... -0.00502414 -0.00633495
 -0.00730109]

Residual before update:
[ 0.00335393  0.00143373  0.00137645 ... -0.00500136 -0.00634401
 -0.00681955]

Residual before update:
[ 0.00420343  0.00145743  0.00140015 ... -0.00482408 -0.00639467
 -0.00673643]

Residual before update:
[ 0.00330317  0.00143141  0.00137413 ... -0.00501023 -0.00634597
 -0.00682392]

Residual before update:
[ 0.00966474  0.00165032  0.00159304 ... -0.00394815 -0.00612257
 -0.00624271]

Residual before update:
[ 0.00445786  0.00163059  0.00157331 ... -0.00461459 -0.00627171
 -0.00615761]

Residual before update:
[ 0.00458588  0.00150683  0.00144954 ... -0.00481476 -0.00621194
 -0.00672344]

Residual before update:
[ 0.00267307  0.00140249  0.00134521 ... -0.00512026 -0.00637057
 -0.00687809]

Residual before update:
[ 0.00439854  0.00148922  0.00143194 ... -0.00481871 -0.00630334
 -0.00672581]

Residual before update:
[ 0.00328921  0.00142982  0.00137254 ... -0.00501283 -0.00634656
 -0.00682567]

Residual before update:
[ 0.00433174  0.00133185  0.00127457 ... -0.00502431 -0.00633497
 -0.00730165]

Residual before update:
[ 0.003354    0.0014328   0.00137552 ... -0.0050015  -0.00634403
 -0.00682006]

Residual before update:
[ 0.00420345  0.00145649  0.00139921 ... -0.00482422 -0.00639471
 -0.00673694]

Residual before update:
[ 0.0033032   0.00143047  0.00137319 ... -0.00501037 -0.00634601
 -0.00682443]

Residual before update:
[ 0.00966485  0.00164939  0.00159211 ... -0.00394828 -0.00612261
 -0.00624321]

Residual before update:
[ 0.00445789  0.00162966  0.00157237 ... -0.00461473 -0.00627175
 -0.00615812]

Residual before update:
[ 0.00458592  0.00150589  0.00144861 ... -0.0048149  -0.00621198
 -0.00672395]

Residual before update:
[ 0.00267302  0.00140155  0.00134427 ... -0.00512041 -0.00637061
 -0.00687861]

Residual before update:
[ 0.0043995   0.00148928  0.001432   ... -0.00481853 -0.0063033
 -0.00672568]

Residual before update:
[ 0.00328781  0.00143033  0.00137305 ... -0.0050135  -0.00634686
 -0.00682578]

Residual before update:
[ 0.00433105  0.00133238  0.0012751  ... -0.00502487 -0.00633525
 -0.00730174]

Residual before update:
[ 0.0033533   0.00143332  0.00137604 ... -0.00500208 -0.00634431
 -0.00682019]

Residual before update:
[ 0.00420275  0.00145701  0.00139973 ... -0.0048248  -0.006395
 -0.00673707]

Residual before update:
[ 0.00330251  0.00143099  0.00137371 ... -0.00501095 -0.00634628
 -0.00682456]

Residual before update:
[ 0.00966425  0.00164991  0.00159263 ... -0.00394884 -0.00612288
 -0.00624334]

Residual before update:
[ 0.0044572   0.00163017  0.00157289 ... -0.00461531 -0.00627203
 -0.00615826]

Residual before update:
[ 0.00458524  0.00150641  0.00144913 ... -0.00481548 -0.00621224
 -0.00672408]

Residual before update:
[ 0.00267226  0.00140207  0.00134478 ... -0.005121   -0.00637089
 -0.00687875]

Residual before update:
[ 0.00440021  0.0014893   0.00143202 ... -0.00481841 -0.00630328
 -0.00672566]

Residual before update:
[ 0.00328514  0.00143166  0.00137437 ... -0.00501487 -0.00634747
 -0.00682595]

Residual before update:
[ 0.00432961  0.00133378  0.00127649 ... -0.00502601 -0.00633581
 -0.00730176]

Residual before update:
[ 0.00335185  0.00143469  0.00137741 ... -0.00500325 -0.00634487
 -0.00682031]

Residual before update:
[ 0.00420129  0.00145838  0.0014011  ... -0.00482597 -0.00639557
 -0.00673719]

Residual before update:
[ 0.00330106  0.00143236  0.00137508 ... -0.00501212 -0.00634685
 -0.00682468]
Compute pips
###############################
TGFM
###############################
Initialize variables
Warning: 376 variants have NaN gwas_beta. Setting to 0 with large SE.
Iterative optimization

Residual before update:
[ 0.00635475 -0.00232067  0.01457281 ...  0.00115879  0.00362411
  0.00139059]

Residual before update:
[ 0.00635135 -0.00232067  0.01457267 ...  0.00115879  0.00362411
  0.00139058]

Residual before update:
[ 0.00634797 -0.00232068  0.01457252 ...  0.00115878  0.0036241
  0.00139058]

Residual before update:
[ 0.0063446  -0.00232068  0.01457238 ...  0.00115878  0.0036241
  0.00139057]

Residual before update:
[ 0.00634125 -0.00232068  0.01457224 ...  0.00115877  0.00362409
  0.00139056]

Residual before update:
[ 0.00633792 -0.00232068  0.01457209 ...  0.00115877  0.00362409
  0.00139056]

Residual before update:
[ 0.0063346  -0.00232068  0.01457195 ...  0.00115876  0.00362409
  0.00139055]

Residual before update:
[ 0.00633129 -0.00232068  0.01457181 ...  0.00115876  0.00362408
  0.00139055]

Residual before update:
[ 0.00632801 -0.00232068  0.01457166 ...  0.00115875  0.00362408
  0.00139054]

Residual before update:
[ 0.00632473 -0.00232069  0.01457152 ...  0.00115875  0.00362407
  0.00139054]

Residual before update:
[ 0.00632488 -0.00232069  0.01457152 ...  0.00115875  0.00362407
  0.00139054]

Residual before update:
[ 0.00632499 -0.00232069  0.01457152 ...  0.00115875  0.00362407
  0.00139054]

Residual before update:
[ 0.00632509 -0.00232069  0.01457152 ...  0.00115875  0.00362407
  0.00139054]

Residual before update:
[ 0.00632518 -0.00232069  0.01457152 ...  0.00115875  0.00362407
  0.00139054]

Residual before update:
[ 0.00632524 -0.00232069  0.01457152 ...  0.00115875  0.00362407
  0.00139054]

Residual before update:
[ 0.0063253  -0.00232069  0.01457152 ...  0.00115875  0.00362407
  0.00139054]

Residual before update:
[ 0.00632533 -0.00232069  0.01457152 ...  0.00115875  0.00362407
  0.00139054]

Residual before update:
[ 0.00632535 -0.00232069  0.01457152 ...  0.00115875  0.00362407
  0.00139054]

Residual before update:
[ 0.00632535 -0.00232069  0.01457152 ...  0.00115875  0.00362407
  0.00139054]

Residual before update:
[ 0.00632534 -0.00232069  0.01457152 ...  0.00115875  0.00362407
  0.00139054]

Residual before update:
[ 0.00632534 -0.00232069  0.01457152 ...  0.00115875  0.00362407
  0.00139054]

Residual before update:
[ 0.00632533 -0.00232069  0.01457152 ...  0.00115875  0.00362407
  0.00139054]

Residual before update:
[ 0.00632532 -0.00232069  0.01457152 ...  0.00115875  0.00362407
  0.00139054]

Residual before update:
[ 0.00632531 -0.00232069  0.01457152 ...  0.00115875  0.00362407
  0.00139054]

Residual before update:
[ 0.0063253  -0.00232069  0.01457152 ...  0.00115875  0.00362407
  0.00139054]

Residual before update:
[ 0.00632529 -0.00232069  0.01457152 ...  0.00115875  0.00362407
  0.00139054]

Residual before update:
[ 0.00632529 -0.00232069  0.01457152 ...  0.00115875  0.00362407
  0.00139054]

Residual before update:
[ 0.00632528 -0.00232069  0.01457152 ...  0.00115875  0.00362407
  0.00139054]

Residual before update:
[ 0.00632527 -0.00232069  0.01457152 ...  0.00115875  0.00362407
  0.00139054]

Residual before update:
[ 0.00632526 -0.00232069  0.01457151 ...  0.00115875  0.00362407
  0.00139054]

Residual before update:
[ 0.00632526 -0.00232069  0.01457151 ...  0.00115875  0.00362407
  0.00139054]

Residual before update:
[ 0.00632525 -0.00232069  0.01457151 ...  0.00115875  0.00362407
  0.00139054]

Residual before update:
[ 0.00632525 -0.00232069  0.01457151 ...  0.00115875  0.00362407
  0.00139054]

Residual before update:
[ 0.00632524 -0.00232069  0.01457151 ...  0.00115875  0.00362407
  0.00139054]

Residual before update:
[ 0.00632523 -0.00232069  0.01457151 ...  0.00115875  0.00362407
  0.00139054]

Residual before update:
[ 0.00632522 -0.00232069  0.01457151 ...  0.00115875  0.00362407
  0.00139054]

Residual before update:
[ 0.00632521 -0.00232069  0.01457151 ...  0.00115875  0.00362407
  0.00139054]

Residual before update:
[ 0.0063252  -0.00232069  0.01457151 ...  0.00115875  0.00362407
  0.00139054]

Residual before update:
[ 0.0063252  -0.00232069  0.01457151 ...  0.00115875  0.00362407
  0.00139054]

Residual before update:
[ 0.00632519 -0.00232069  0.01457151 ...  0.00115875  0.00362407
  0.00139054]

Residual before update:
[ 0.00632519 -0.00232069  0.01457151 ...  0.00115875  0.00362407
  0.00139054]

Residual before update:
[ 0.00632518 -0.00232069  0.01457151 ...  0.00115875  0.00362407
  0.00139054]

Residual before update:
[ 0.00632517 -0.00232069  0.01457151 ...  0.00115875  0.00362407
  0.00139054]

Residual before update:
[ 0.00632516 -0.00232069  0.01457151 ...  0.00115875  0.00362407
  0.00139054]

Residual before update:
[ 0.00632515 -0.00232069  0.01457151 ...  0.00115875  0.00362407
  0.00139054]

Residual before update:
[ 0.00632515 -0.00232069  0.01457151 ...  0.00115875  0.00362407
  0.00139054]

Residual before update:
[ 0.00632514 -0.00232069  0.01457151 ...  0.00115875  0.00362407
  0.00139054]

Residual before update:
[ 0.00632513 -0.00232069  0.01457151 ...  0.00115875  0.00362407
  0.00139054]

Residual before update:
[ 0.00632512 -0.00232069  0.01457151 ...  0.00115875  0.00362407
  0.00139054]

Residual before update:
[ 0.00632511 -0.00232069  0.01457151 ...  0.00115875  0.00362407
  0.00139054]
Compute pips
###############################
TGFM
###############################
Initialize variables
Warning: 443 variants have NaN gwas_beta. Setting to 0 with large SE.
Iterative optimization

Residual before update:
[ 0.00058753 -0.004809    0.00334851 ...  0.00743052  0.0062294
  0.00016076]

Residual before update:
[ 0.00058869 -0.00480899  0.00334986 ...  0.00866407  0.00761632
  0.00019902]

Residual before update:
[ 5.84988896e-04 -4.80900243e-03  3.34343388e-03 ...  3.91651275e-03
  2.24834393e-03  5.12332676e-05]

Residual before update:
[ 0.00059122 -0.00480899  0.00335158 ...  0.01087958  0.01010349
  0.00026961]

Residual before update:
[ 5.85869001e-04 -4.80899255e-03  3.34223516e-03 ...  3.98926598e-03
  2.32583697e-03  5.56581898e-05]

Residual before update:
[ 0.00059203 -0.00480898  0.0033502  ...  0.01092596  0.010142
  0.00027333]

Residual before update:
[ 5.86721543e-04 -4.80898595e-03  3.34099642e-03 ...  4.11556395e-03
  2.45036498e-03  6.25951617e-05]

Residual before update:
[ 0.00059271 -0.00480897  0.0033489  ...  0.01097349  0.01017483
  0.00027801]

Residual before update:
[ 5.87422542e-04 -4.80898102e-03  3.33985375e-03 ...  4.22474082e-03
  2.54282728e-03  7.09335533e-05]

Residual before update:
[ 0.00059947 -0.00423218  0.00338608 ...  0.01188307  0.00793672
  0.00895605]

Residual before update:
[ 5.86805439e-04 -4.80898471e-03  3.33751315e-03 ...  3.07715662e-03
  1.20396239e-03  4.32883054e-05]

Residual before update:
[ 0.00059718 -0.00480895  0.00335332 ...  0.01580395  0.01555454
  0.00044195]

Residual before update:
[ 0.00058193 -0.00480897  0.00332937 ... -0.00266707 -0.00529248
 -0.00013367]

Residual before update:
[ 0.00059813 -0.00480889  0.00335521 ...  0.01788951  0.01786092
  0.00050979]

Residual before update:
[ 0.00058143 -0.00480891  0.00332869 ... -0.00249766 -0.00513732
 -0.00012636]

Residual before update:
[ 0.00059758 -0.00480884  0.00335395 ...  0.01773029  0.01765342
  0.00050628]

Residual before update:
[ 0.0005812  -0.00480886  0.00332777 ... -0.0023931  -0.00504421
 -0.00012181]

Residual before update:
[ 0.00059739 -0.00480879  0.00335255 ...  0.01759711  0.01749436
  0.00050217]

Residual before update:
[ 0.00058131 -0.00480881  0.00332667 ... -0.00228552 -0.00493026
 -0.0001184 ]

Residual before update:
[ 0.00059889 -0.00424097  0.00338342 ...  0.01070081  0.00656291
  0.00894198]

Residual before update:
[ 0.00058062 -0.00480878  0.00332392 ... -0.00340407 -0.00618012
 -0.0001559 ]

Residual before update:
[ 0.00060122 -0.00480871  0.00335688 ...  0.02244685  0.02295269
  0.00065244]

Residual before update:
[ 0.0005763  -0.00480878  0.00331557 ... -0.00914199 -0.01265302
 -0.00033489]

Residual before update:
[ 0.00060278 -0.00480867  0.00335858 ...  0.02450845  0.02525474
  0.00071839]

Residual before update:
[ 0.00057626 -0.00480874  0.00331487 ... -0.00885147 -0.01235426
 -0.00032426]

Residual before update:
[ 0.00060237 -0.00480863  0.00335721 ...  0.02430609  0.02499854
  0.00071357]

Residual before update:
[ 0.000576   -0.00480869  0.00331421 ... -0.00862523 -0.01213278
 -0.00031617]

Residual before update:
[ 0.0006019  -0.00480858  0.00335584 ...  0.02400319  0.02463758
  0.00070637]

Residual before update:
[ 0.00057583 -0.00480864  0.00331346 ... -0.0085135  -0.01202535
 -0.0003103 ]

Residual before update:
[ 0.00059889 -0.00424088  0.00338342 ...  0.01070077  0.00656278
  0.00894299]

Residual before update:
[ 0.00057493 -0.00480861  0.00331088 ... -0.00966195 -0.01333684
 -0.00034535]

Residual before update:
[ 0.00060548 -0.0048085   0.00336054 ...  0.02888081  0.03009623
  0.0008609 ]

Residual before update:
[ 0.00057053 -0.00480862  0.00330255 ... -0.01550026 -0.01992381
 -0.00052662]

Residual before update:
[ 0.00060712 -0.00480847  0.00336231 ...  0.03096172  0.03242152
  0.00092752]

Residual before update:
[ 0.00057079 -0.00480858  0.00330186 ... -0.01513907 -0.01954121
 -0.0005135 ]

Residual before update:
[ 0.0006069  -0.00480844  0.00336081 ...  0.03071179  0.03211558
  0.00092148]

Residual before update:
[ 0.00057087 -0.00480855  0.00330125 ... -0.01472392 -0.01911083
 -0.00050014]

Residual before update:
[ 0.00060689 -0.0048084   0.00335908 ...  0.02991928  0.03125573
  0.00090304]

Residual before update:
[ 0.00057139 -0.0048085   0.0033007  ... -0.01480144 -0.01915576
 -0.00049528]

Residual before update:
[ 0.00059889 -0.00424081  0.00338342 ...  0.01070087  0.00656272
  0.00894387]

Residual before update:
[ 0.00057034 -0.00480847  0.00329833 ... -0.01591314 -0.02043381
 -0.00052891]

Residual before update:
[ 0.00061051 -0.00480832  0.00336428 ...  0.03505564  0.03699781
  0.00106565]

Residual before update:
[ 0.00056576 -0.00480847  0.00329012 ... -0.02176784 -0.02704299
 -0.00071111]

Residual before update:
[ 0.00061212 -0.00480829  0.00336604 ...  0.03709835  0.03928076
  0.00113104]

Residual before update:
[ 0.00056608 -0.00480844  0.00328953 ... -0.02135477 -0.02660094
 -0.00069637]

Residual before update:
[ 0.00061188 -0.00480826  0.0033645  ...  0.03679235  0.03891254
  0.00112324]

Residual before update:
[ 0.00056597 -0.00480841  0.00328918 ... -0.02039909 -0.02561792
 -0.00067067]

Residual before update:
[ 0.00061141 -0.00480822  0.00336239 ...  0.03562497  0.03762268
  0.00109017]

Residual before update:
[ 0.00056688 -0.00480837  0.00328854 ... -0.02091689 -0.02610318
 -0.00067752]

Residual before update:
[ 0.00059889 -0.00424074  0.00338342 ...  0.01070104  0.00656269
  0.00894469]
Compute pips
###############################
TGFM
###############################
Initialize variables
Warning: 571 variants have NaN gwas_beta. Setting to 0 with large SE.
Iterative optimization

Residual before update:
[-0.00513877  0.00197058 -0.00504543 ... -0.00118655 -0.001411
 -0.00361165]

Residual before update:
[-0.0051374   0.00196994 -0.00504393 ... -0.00118767 -0.00141282
 -0.00361198]

Residual before update:
[-0.0051379   0.00197656 -0.00504472 ... -0.00118248 -0.00140653
 -0.00359736]

Residual before update:
[-0.00513768  0.00197084 -0.00504433 ... -0.00119046 -0.00141209
 -0.00360762]

Residual before update:
[-0.00513909  0.00197533 -0.00504575 ... -0.00118572 -0.0014105
 -0.0036079 ]

Residual before update:
[-0.00514174  0.00196971 -0.00504899 ... -0.00119437 -0.00142092
 -0.00362185]

Residual before update:
[-0.00513902  0.00197019 -0.00504616 ... -0.00118603 -0.00141044
 -0.00361225]

Residual before update:
[-0.00513614  0.00196969 -0.00504279 ... -0.00118693 -0.00141147
 -0.00360837]

Residual before update:
[-0.00514105  0.00197025 -0.00504816 ... -0.00118667 -0.00141136
 -0.00361295]

Residual before update:
[-0.00514064  0.00196931 -0.00504767 ... -0.00119329 -0.00141676
 -0.00361814]

Residual before update:
[-0.00509457  0.00197068 -0.00499802 ... -0.0011779  -0.00139558
 -0.00358728]

Residual before update:
[-0.00513203  0.00197072 -0.0050383  ... -0.00118403 -0.0014066
 -0.00360172]

Residual before update:
[-0.0030519   0.00197256 -0.00295524 ... -0.00118561 -0.00140992
 -0.00361173]

Residual before update:
[-0.00513105  0.00197085 -0.00503764 ... -0.00118425 -0.00140701
 -0.00360216]

Residual before update:
[-0.00513865  0.00197833 -0.0050457  ... -0.00118416 -0.00140851
 -0.00360462]

Residual before update:
[-0.00514519  0.00197078 -0.00505256 ... -0.00118437 -0.00140871
 -0.00361355]

Residual before update:
[-0.00514319  0.00197065 -0.00505048 ... -0.0011853  -0.00141006
 -0.00361489]

Residual before update:
[-0.00512922  0.0019708  -0.00503526 ... -0.00118256 -0.00140466
 -0.0035979 ]

Residual before update:
[-0.00514373  0.00197074 -0.00505102 ... -0.00118506 -0.00140972
 -0.0036142 ]

Residual before update:
[-0.00514417  0.00196975 -0.00505145 ... -0.00119026 -0.00141223
 -0.0036184 ]

Residual before update:
[-0.0050833   0.00197054 -0.00498495 ... -0.00117624 -0.00139372
 -0.00357131]

Residual before update:
[-0.00512493  0.00197088 -0.00503056 ... -0.00118121 -0.00140263
 -0.00359279]

Residual before update:
[-0.00525874  0.00215906 -0.00516577 ... -0.00110593 -0.00132872
 -0.00344276]

Residual before update:
[-0.0051243   0.001971   -0.00503026 ... -0.00118135 -0.00140274
 -0.00359296]

Residual before update:
[-0.00513126  0.00197822 -0.00503793 ... -0.00118221 -0.00140543
 -0.003598  ]

Residual before update:
[-0.00514885  0.0019709  -0.00505661 ... -0.00118392 -0.00140843
 -0.00361478]

Residual before update:
[-0.00514697  0.00197082 -0.00505463 ... -0.00118449 -0.00140961
 -0.00361714]

Residual before update:
[-0.00512489  0.00197122 -0.00503082 ... -0.00118227 -0.00140182
 -0.00358673]

Residual before update:
[-0.00514656  0.00197084 -0.0050542  ... -0.00118417 -0.00140921
 -0.00361635]

Residual before update:
[-0.00514682  0.00197074 -0.00505445 ... -0.00118479 -0.00141008
 -0.0036174 ]

Residual before update:
[-0.00508469  0.00197056 -0.00498596 ... -0.00117557 -0.00139342
 -0.0035595 ]

Residual before update:
[-0.00511796  0.001971   -0.00502306 ... -0.00117857 -0.00139884
 -0.00358394]

Residual before update:
[-0.00525168  0.00183689 -0.00516225 ... -0.00126143 -0.00148585
 -0.00369261]

Residual before update:
[-0.00511701  0.00197107 -0.00502222 ... -0.00117837 -0.00139841
 -0.00358275]

Residual before update:
[-0.00512862  0.00198077 -0.00503545 ... -0.00118027 -0.00140307
 -0.00359328]

Residual before update:
[-0.00515254  0.00197098 -0.00506076 ... -0.00118319 -0.00140783
 -0.00361555]

Residual before update:
[-0.00514957  0.0019709  -0.00505754 ... -0.00118377 -0.00140935
 -0.0036198 ]

Residual before update:
[-0.00511909  0.00197141 -0.00502463 ... -0.00118049 -0.00139857
 -0.00357835]

Residual before update:
[-0.00514905  0.00197092 -0.00505698 ... -0.00118349 -0.00140904
 -0.00361932]

Residual before update:
[-0.00515032  0.0019709  -0.0050584  ... -0.00118383 -0.00140915
 -0.00361852]

Residual before update:
[-0.00507256  0.00197056 -0.00497257 ... -0.0011731  -0.0013896
 -0.00354738]

Residual before update:
[-0.0051132   0.00197114 -0.0050182  ... -0.00117548 -0.00139352
 -0.00357026]

Residual before update:
[-0.00525167  0.00183695 -0.00516224 ... -0.00126143 -0.00148584
 -0.00369261]

Residual before update:
[-0.00511176  0.00197117 -0.00501666 ... -0.00117509 -0.00139287
 -0.00356861]

Residual before update:
[-0.00512509  0.00198303 -0.00503193 ... -0.00117851 -0.00140106
 -0.00358976]

Residual before update:
[-0.00515718  0.00197108 -0.00506608 ... -0.00118216 -0.00140639
 -0.0036138 ]

Residual before update:
[-0.00515196  0.00197098 -0.00506022 ... -0.00118297 -0.00140892
 -0.00362168]

Residual before update:
[-0.00511358  0.0019716  -0.00501879 ... -0.00117874 -0.00139526
 -0.00356944]

Residual before update:
[-0.00515161  0.001971   -0.00505983 ... -0.00118276 -0.00140865
 -0.00362136]

Residual before update:
[-0.00515409  0.00197099 -0.00506274 ... -0.00118267 -0.0014077
 -0.00361738]
Compute pips
###############################
TGFM
###############################
Initialize variables
Warning: 538 variants have NaN gwas_beta. Setting to 0 with large SE.
Iterative optimization

Residual before update:
[-0.00096455  0.00140361  0.00217903 ... -0.00345777  0.00222606
  0.        ]

Residual before update:
[-9.61760485e-04  1.40383250e-03  2.17901350e-03 ... -3.45679743e-03
  2.22667836e-03  6.05679656e-15]

Residual before update:
[-9.72477644e-04  1.40180546e-03  2.17894366e-03 ... -3.46010663e-03
  2.22456254e-03 -1.85983356e-14]

Residual before update:
[-9.67516235e-04  1.40169334e-03  2.17847696e-03 ... -3.46011330e-03
  2.22462479e-03 -1.78397569e-14]

Residual before update:
[-9.73083516e-04  1.40061506e-03  2.17892288e-03 ... -3.45970382e-03
  2.22491817e-03 -1.78195634e-14]

Residual before update:
[-9.58410777e-04  1.40251835e-03  2.17892737e-03 ... -3.45450047e-03
  2.22829522e-03  1.92940755e-14]

Residual before update:
[-9.74090356e-04  1.39953565e-03  2.17883439e-03 ... -3.45933549e-03
  2.22524849e-03 -1.65474175e-14]

Residual before update:
[-9.59624619e-04  1.40153635e-03  2.17886594e-03 ... -3.45421440e-03
  2.22853967e-03  2.00299701e-14]

Residual before update:
[-9.46975974e-04  1.40717604e-03  2.18200661e-03 ... -3.45789159e-03
  2.22631265e-03 -4.09146657e-15]

Residual before update:
[-9.60606177e-04  1.40066546e-03  2.17874904e-03 ... -3.45386716e-03
  2.22874311e-03  2.06732482e-14]

Residual before update:
[-9.78236679e-04  1.39749901e-03  2.17850269e-03 ... -3.45938134e-03
  2.22512703e-03 -2.04854810e-14]

Residual before update:
[-9.51037168e-04  1.40212853e-03  2.17862178e-03 ... -3.45025885e-03
  2.23089794e-03  4.59308224e-14]

Residual before update:
[-9.92955792e-04  1.39530012e-03  2.17848755e-03 ... -3.46377733e-03
  2.22239268e-03 -5.11784345e-14]

Residual before update:
[-9.97408832e-04  1.39564590e-03  2.17867798e-03 ... -3.46430745e-03
  2.22222150e-03 -5.26179811e-14]

Residual before update:
[-9.95488492e-04  1.39566195e-03  2.17854426e-03 ... -3.46395360e-03
  2.22217188e-03 -5.11909004e-14]

Residual before update:
[-9.52274532e-04  1.40347240e-03  2.17873761e-03 ... -3.44940129e-03
  2.23123610e-03  5.51401207e-14]

Residual before update:
[-9.97706106e-04  1.39566814e-03  2.17860896e-03 ... -3.46406828e-03
  2.22206874e-03 -5.12027522e-14]

Residual before update:
[-9.54019681e-04  1.40317927e-03  2.17885034e-03 ... -3.44952756e-03
  2.23114729e-03  5.37555461e-14]

Residual before update:
[-9.98794700e-04  1.39534834e-03  2.17869910e-03 ... -3.46395967e-03
  2.22214182e-03 -5.11202562e-14]

Residual before update:
[-9.56061469e-04  1.40277954e-03  2.17905681e-03 ... -3.44971910e-03
  2.23114406e-03  5.30238316e-14]

Residual before update:
[-1.00275329e-03  1.39449184e-03  2.17888706e-03 ... -3.46484022e-03
  2.22173255e-03 -5.69504760e-14]

Residual before update:
[-9.46693131e-04  1.40459706e-03  2.17910147e-03 ... -3.44628369e-03
  2.23320590e-03  7.79280507e-14]

Residual before update:
[-1.01592330e-03  1.39167439e-03  2.17886247e-03 ... -3.46890513e-03
  2.21929080e-03 -8.74445663e-14]

Residual before update:
[-1.01804337e-03  1.39209223e-03  2.17885842e-03 ... -3.46923810e-03
  2.21920555e-03 -8.84341533e-14]

Residual before update:
[-1.01793714e-03  1.39170774e-03  2.17889457e-03 ... -3.46888123e-03
  2.21927425e-03 -8.65374120e-14]

Residual before update:
[-9.46828511e-04  1.40506518e-03  2.17916171e-03 ... -3.44511418e-03
  2.23389289e-03  8.72686259e-14]

Residual before update:
[-1.02120583e-03  1.39190626e-03  2.17893723e-03 ... -3.46912940e-03
  2.21912010e-03 -8.58491253e-14]

Residual before update:
[-9.48039468e-04  1.40487017e-03  2.17919127e-03 ... -3.44517564e-03
  2.23369600e-03  8.44808736e-14]

Residual before update:
[-1.02075898e-03  1.39190746e-03  2.17896871e-03 ... -3.46877329e-03
  2.21911845e-03 -8.67697603e-14]

Residual before update:
[-9.50598153e-04  1.40468002e-03  2.17924101e-03 ... -3.44539509e-03
  2.23356019e-03  8.34636091e-14]

Residual before update:
[-1.02502612e-03  1.39116715e-03  2.17900013e-03 ... -3.46961568e-03
  2.21864037e-03 -9.25329549e-14]

Residual before update:
[-9.41151053e-04  1.40654458e-03  2.17928897e-03 ... -3.44192524e-03
  2.23565955e-03  1.08788156e-13]

Residual before update:
[-1.03813380e-03  1.38833113e-03  2.17894745e-03 ... -3.47370472e-03
  2.21614074e-03 -1.23587918e-13]

Residual before update:
[-1.03472430e-03  1.38887203e-03  2.17888826e-03 ... -3.47343222e-03
  2.21614369e-03 -1.26790141e-13]

Residual before update:
[-1.03947683e-03  1.38814945e-03  2.17896348e-03 ... -3.47350403e-03
  2.21626443e-03 -1.22003634e-13]

Residual before update:
[-9.40741350e-04  1.40672237e-03  2.17932702e-03 ... -3.44063347e-03
  2.23645690e-03  1.18384976e-13]

Residual before update:
[-1.04387271e-03  1.38817379e-03  2.17899261e-03 ... -3.47383179e-03
  2.21622843e-03 -1.19416106e-13]

Residual before update:
[-9.32290426e-04  1.40572608e-03  2.17930625e-03 ... -3.43915439e-03
  2.23668626e-03  1.11130477e-13]

Residual before update:
[-1.02607750e-03  1.38735747e-03  2.17896503e-03 ... -3.47059172e-03
  2.21703535e-03 -1.25941591e-13]

Residual before update:
[-9.35270909e-04  1.40576147e-03  2.17933768e-03 ... -3.43937513e-03
  2.23656716e-03  1.11493483e-13]

Residual before update:
[-1.03681230e-03  1.38708330e-03  2.17899641e-03 ... -3.47250932e-03
  2.21620702e-03 -1.29548252e-13]

Residual before update:
[-9.26767180e-04  1.40774120e-03  2.17939243e-03 ... -3.43609761e-03
  2.23858340e-03  1.36808711e-13]

Residual before update:
[-1.05075417e-03  1.38444569e-03  2.17895409e-03 ... -3.47679039e-03
  2.21359424e-03 -1.60750745e-13]

Residual before update:
[-1.04291317e-03  1.38496721e-03  2.17886897e-03 ... -3.47612113e-03
  2.21368804e-03 -1.65884852e-13]

Residual before update:
[-1.05186909e-03  1.38427447e-03  2.17896878e-03 ... -3.47653847e-03
  2.21374942e-03 -1.58870581e-13]

Residual before update:
[-9.26408451e-04  1.40788238e-03  2.17942759e-03 ... -3.43486081e-03
  2.23934644e-03  1.45952981e-13]

Residual before update:
[-1.06726912e-03  1.38486175e-03  2.17902869e-03 ... -3.47857169e-03
  2.21335028e-03 -1.50597616e-13]

Residual before update:
[-9.16241082e-04  1.40653889e-03  2.17939224e-03 ... -3.43330944e-03
  2.23951729e-03  1.35931787e-13]

Residual before update:
[-1.04032447e-03  1.38328031e-03  2.17895778e-03 ... -3.47393595e-03
  2.21455774e-03 -1.61100997e-13]

Residual before update:
[-9.16945803e-04  1.40646786e-03  2.17940858e-03 ... -3.43297499e-03
  2.23971611e-03  1.38350944e-13]
Compute pips
###############################
TGFM
###############################
Initialize variables
Warning: 355 variants have NaN gwas_beta. Setting to 0 with large SE.
Iterative optimization

Residual before update:
[-0.00740059  0.00689079 -0.0007667  ... -0.00252278 -0.00460227
 -0.00778491]

Residual before update:
[-0.00740057  0.00689067 -0.00076671 ... -0.00252274 -0.00460216
 -0.00778479]

Residual before update:
[-0.00740055  0.00689055 -0.00076673 ... -0.00252271 -0.00460206
 -0.00778467]

Residual before update:
[-0.00740051  0.00689043 -0.00076675 ... -0.00252268 -0.00460195
 -0.00778456]

Residual before update:
[-0.00735068  0.00689401 -0.00076549 ... -0.00251897 -0.00458593
 -0.0077694 ]

Residual before update:
[-0.00740045  0.00689019 -0.00076678 ... -0.00252261 -0.00460175
 -0.00778432]

Residual before update:
[-0.00740043  0.00689007 -0.0007668  ... -0.00252258 -0.00460164
 -0.00778421]

Residual before update:
[-0.00740039  0.00688995 -0.00076683 ... -0.00252254 -0.00460154
 -0.0077841 ]

Residual before update:
[-0.00740037  0.00688983 -0.00076684 ... -0.00252251 -0.00460143
 -0.00778398]

Residual before update:
[-0.00740036  0.00688971 -0.00076686 ... -0.00252248 -0.00460133
 -0.00778386]

Residual before update:
[-0.00740067  0.00688987 -0.00076764 ... -0.00252255 -0.00459926
 -0.00778334]

Residual before update:
[-0.00740038  0.00688971 -0.00076686 ... -0.00252248 -0.00460133
 -0.00778386]

Residual before update:
[-0.00740038  0.00688971 -0.00076686 ... -0.00252248 -0.00460133
 -0.00778386]

Residual before update:
[-0.00740034  0.0068897  -0.00076686 ... -0.00252248 -0.00460133
 -0.00778386]

Residual before update:
[-0.00734677  0.00689647 -0.000765   ... -0.00251888 -0.00458736
 -0.00776953]

Residual before update:
[-0.00740034  0.00688971 -0.00076686 ... -0.00252248 -0.00460133
 -0.00778386]

Residual before update:
[-0.00740036  0.0068897  -0.00076686 ... -0.00252248 -0.00460133
 -0.00778386]

Residual before update:
[-0.00740034  0.0068897  -0.00076686 ... -0.00252248 -0.00460133
 -0.00778387]

Residual before update:
[-0.00740034  0.0068897  -0.00076686 ... -0.00252248 -0.00460133
 -0.00778386]

Residual before update:
[-0.00740036  0.0068897  -0.00076686 ... -0.00252248 -0.00460133
 -0.00778386]

Residual before update:
[-0.007399    0.00688974 -0.000767   ... -0.0025225  -0.00459327
 -0.00778149]

Residual before update:
[-0.00740038  0.0068897  -0.00076686 ... -0.00252247 -0.00460133
 -0.00778386]

Residual before update:
[-0.00740038  0.0068897  -0.00076686 ... -0.00252247 -0.00460133
 -0.00778386]

Residual before update:
[-0.00740034  0.0068897  -0.00076686 ... -0.00252248 -0.00460133
 -0.00778386]

Residual before update:
[-0.00734892  0.0068951  -0.00076537 ... -0.00251897 -0.00458643
 -0.00776941]

Residual before update:
[-0.00740034  0.0068897  -0.00076686 ... -0.00252248 -0.00460133
 -0.00778386]

Residual before update:
[-0.00740036  0.0068897  -0.00076686 ... -0.00252247 -0.00460133
 -0.00778386]

Residual before update:
[-0.00740034  0.0068897  -0.00076686 ... -0.00252248 -0.00460133
 -0.00778386]

Residual before update:
[-0.00740034  0.0068897  -0.00076686 ... -0.00252247 -0.00460132
 -0.00778385]

Residual before update:
[-0.00740036  0.0068897  -0.00076686 ... -0.00252247 -0.00460133
 -0.00778385]

Residual before update:
[-0.00740103  0.00688972 -0.0007678  ... -0.00252251 -0.00460348
 -0.00778439]

Residual before update:
[-0.00740038  0.0068897  -0.00076686 ... -0.00252247 -0.00460132
 -0.00778385]

Residual before update:
[-0.00740038  0.0068897  -0.00076686 ... -0.00252247 -0.00460133
 -0.00778385]

Residual before update:
[-0.00740034  0.0068897  -0.00076686 ... -0.00252247 -0.00460133
 -0.00778385]

Residual before update:
[-0.00734862  0.00689514 -0.00076536 ... -0.00251897 -0.00458645
 -0.00776938]

Residual before update:
[-0.00740033  0.0068897  -0.00076686 ... -0.00252247 -0.00460132
 -0.00778385]

Residual before update:
[-0.00740035  0.0068897  -0.00076686 ... -0.00252247 -0.00460132
 -0.00778385]

Residual before update:
[-0.00740034  0.0068897  -0.00076686 ... -0.00252247 -0.00460133
 -0.00778386]

Residual before update:
[-0.00740034  0.0068897  -0.00076686 ... -0.00252247 -0.00460132
 -0.00778385]

Residual before update:
[-0.00740036  0.0068897  -0.00076686 ... -0.00252247 -0.00460132
 -0.00778385]

Residual before update:
[-0.0074011   0.00688972 -0.00076789 ... -0.0025225  -0.00460417
 -0.00778459]

Residual before update:
[-0.00740038  0.0068897  -0.00076686 ... -0.00252247 -0.00460132
 -0.00778385]

Residual before update:
[-0.00740038  0.0068897  -0.00076686 ... -0.00252247 -0.00460132
 -0.00778385]

Residual before update:
[-0.00740034  0.00688969 -0.00076686 ... -0.00252247 -0.00460132
 -0.00778385]
NaNs in component_non_med_pred at component 4

Residual before update:
[-0.00734844  0.00689513 -0.00076536 ... -0.00251896 -0.00458643
 -0.00776934]
NaNs in residual_incl_alpha[45, :]
NaN in mixture_alpha_mu: b_terms=[nan nan nan nan nan nan nan nan nan nan nan nan nan nan nan nan nan nan
 nan nan nan nan nan nan nan nan nan nan nan]
NaNs in self.residual at bs_iter=45
NaNs in un_normalized_lv_alpha_weights
NaN in normalizing_term
NaNs in component_non_med_pred at component 5

Residual before update:
[-0.00740033  0.0068897  -0.00076686 ... -0.00252247 -0.00460132
 -0.00778385]
NaNs in residual_incl_alpha[45, :]
NaNs in gene_weights for bs_iter=45
NaN in mixture_alpha_mu: b_terms=[nan nan nan nan nan nan nan nan nan nan nan nan nan nan nan nan nan nan
 nan nan nan nan nan nan nan nan nan nan nan]
NaNs in self.residual at bs_iter=45
NaNs in un_normalized_lv_alpha_weights
NaN in normalizing_term
NaNs in component_non_med_pred at component 6

Residual before update:
[-0.00740035  0.00688969 -0.00076686 ... -0.00252247 -0.00460132
 -0.00778385]
NaNs in residual_incl_alpha[43, :]
NaN in mixture_alpha_mu: b_terms=[nan nan nan nan nan nan nan nan nan nan nan nan nan nan nan nan nan nan
 nan nan nan nan nan nan nan nan nan nan nan]
NaNs in self.residual at bs_iter=43
NaNs in un_normalized_lv_alpha_weights
NaN in normalizing_term
NaNs in residual_incl_alpha[45, :]
NaNs in gene_weights for bs_iter=45
NaN in mixture_alpha_mu: b_terms=[nan nan nan nan nan nan nan nan nan nan nan nan nan nan nan nan nan nan
 nan nan nan nan nan nan nan nan nan nan nan]
NaNs in self.residual at bs_iter=45
NaNs in un_normalized_lv_alpha_weights
NaN in normalizing_term
NaNs in component_non_med_pred at component 7

Residual before update:
[-0.00740034  0.00688969 -0.00076687 ... -0.00252247 -0.00460132
 -0.00778386]
NaNs in residual_incl_alpha[43, :]
NaNs in gene_weights for bs_iter=43
NaN in mixture_alpha_mu: b_terms=[nan nan nan nan nan nan nan nan nan nan nan nan nan nan nan nan nan nan
 nan nan nan nan nan nan nan nan nan nan nan]
NaNs in self.residual at bs_iter=43
NaNs in un_normalized_lv_alpha_weights
NaN in normalizing_term
NaNs in residual_incl_alpha[45, :]
NaNs in gene_weights for bs_iter=45
NaN in mixture_alpha_mu: b_terms=[nan nan nan nan nan nan nan nan nan nan nan nan nan nan nan nan nan nan
 nan nan nan nan nan nan nan nan nan nan nan]
NaNs in self.residual at bs_iter=45
NaNs in un_normalized_lv_alpha_weights
NaN in normalizing_term
NaNs in component_non_med_pred at component 8

Residual before update:
[-0.00740034  0.00688969 -0.00076686 ... -0.00252247 -0.00460132
 -0.00778385]
NaNs in residual_incl_alpha[43, :]
NaNs in gene_weights for bs_iter=43
NaN in mixture_alpha_mu: b_terms=[nan nan nan nan nan nan nan nan nan nan nan nan nan nan nan nan nan nan
 nan nan nan nan nan nan nan nan nan nan nan]
NaNs in self.residual at bs_iter=43
NaNs in un_normalized_lv_alpha_weights
NaN in normalizing_term
NaNs in residual_incl_alpha[45, :]
NaNs in gene_weights for bs_iter=45
NaN in mixture_alpha_mu: b_terms=[nan nan nan nan nan nan nan nan nan nan nan nan nan nan nan nan nan nan
 nan nan nan nan nan nan nan nan nan nan nan]
NaNs in self.residual at bs_iter=45
NaNs in un_normalized_lv_alpha_weights
NaN in normalizing_term
NaNs in component_non_med_pred at component 9

Residual before update:
[-0.00740036  0.00688969 -0.00076686 ... -0.00252247 -0.00460132
 -0.00778385]
NaNs in residual_incl_alpha[43, :]
NaNs in gene_weights for bs_iter=43
NaN in mixture_alpha_mu: b_terms=[nan nan nan nan nan nan nan nan nan nan nan nan nan nan nan nan nan nan
 nan nan nan nan nan nan nan nan nan nan nan]
NaNs in self.residual at bs_iter=43
NaNs in un_normalized_lv_alpha_weights
NaN in normalizing_term
NaNs in residual_incl_alpha[45, :]
NaNs in gene_weights for bs_iter=45
NaN in mixture_alpha_mu: b_terms=[nan nan nan nan nan nan nan nan nan nan nan nan nan nan nan nan nan nan
 nan nan nan nan nan nan nan nan nan nan nan]
NaNs in self.residual at bs_iter=45
NaNs in un_normalized_lv_alpha_weights
NaN in normalizing_term
Compute pips
NaNs found in gene-tissue pair PIPs at indices: [ 0  1  2  3  4  5  6  7  8  9 10 11 12 13 14 15 16 17 18 19 20 21 22 23
 24 25 26 27 28]
NaNs found in variant PIPs at indices: [   0    1    2 ... 6375 6376 6377]
NaNs found in gene PIPs at indices: [ 0  1  2  3  4  5  6  7  8  9 10 11]
###############################
TGFM
###############################
Initialize variables
Warning: 104 variants have NaN gwas_beta. Setting to 0 with large SE.
Iterative optimization

Residual before update:
[-0.00422101 -0.0011666  -0.00628393 ... -0.0026229  -0.00271485
  0.00292637]

Residual before update:
[-0.00422097 -0.00116663 -0.00628308 ... -0.00262264 -0.0027148
  0.00292666]

Residual before update:
[-0.00422092 -0.00116667 -0.00628228 ... -0.00262154 -0.00271474
  0.00292783]

Residual before update:
[-0.00422088 -0.00116671 -0.00628154 ... -0.0026226  -0.0027147
  0.00292675]

Residual before update:
[-0.00422084 -0.00116675 -0.00628084 ... -0.00262062 -0.00271465
  0.00292897]

Residual before update:
[-0.0042208  -0.00116679 -0.00628018 ... -0.00262193 -0.00271462
  0.00292745]

Residual before update:
[-0.00422076 -0.00116683 -0.00627956 ... -0.00261861 -0.00271456
  0.00293118]

Residual before update:
[-0.00422071 -0.00116686 -0.00627896 ... -0.00261978 -0.00271452
  0.00292998]

Residual before update:
[-0.00422068 -0.00116692 -0.0062784  ... -0.00262115 -0.00271448
  0.00292844]

Residual before update:
[-0.00422066 -0.00116696 -0.00627788 ... -0.00262075 -0.00271443
  0.00292879]

Residual before update:
[-0.00422079 -0.00116675 -0.00627917 ... -0.00260899 -0.00271434
  0.00293577]

Residual before update:
[-0.00422067 -0.00116698 -0.00627842 ... -0.00262052 -0.00271443
  0.00292894]

Residual before update:
[-0.00422068 -0.00116699 -0.0062786  ... -0.00261679 -0.0027144
  0.00293293]

Residual before update:
[-0.00422068 -0.00116699 -0.00627871 ... -0.00262198 -0.00271442
  0.00292751]

Residual before update:
[-0.00422068 -0.00116699 -0.00627876 ... -0.00261777 -0.00271441
  0.00293222]

Residual before update:
[-0.00422069 -0.00116699 -0.0062788  ... -0.00262114 -0.00271444
  0.00292833]

Residual before update:
[-0.00422068 -0.00116698 -0.00627879 ... -0.00261646 -0.00271443
  0.00293359]

Residual before update:
[-0.00422067 -0.00116697 -0.00627876 ... -0.00261888 -0.00271443
  0.00293103]

Residual before update:
[-0.00422068 -0.00116697 -0.00627872 ... -0.00262092 -0.00271443
  0.00292872]

Residual before update:
[-0.00422069 -0.00116697 -0.00627868 ... -0.00262073 -0.00271443
  0.00292881]

Residual before update:
[-0.0042208  -0.00116676 -0.00627952 ... -0.00260969 -0.00271435
  0.00293546]

Residual before update:
[-0.00422068 -0.00116697 -0.00627861 ... -0.0026205  -0.00271443
  0.00292896]

Residual before update:
[-0.00422068 -0.00116698 -0.00627862 ... -0.00261677 -0.0027144
  0.00293296]

Residual before update:
[-0.00422068 -0.00116697 -0.00627864 ... -0.00262197 -0.00271442
  0.00292752]

Residual before update:
[-0.00422068 -0.00116697 -0.00627864 ... -0.00261774 -0.00271441
  0.00293226]

Residual before update:
[-0.00422068 -0.00116698 -0.00627865 ... -0.00262113 -0.00271443
  0.00292834]

Residual before update:
[-0.00422068 -0.00116698 -0.00627866 ... -0.00261642 -0.00271442
  0.00293364]

Residual before update:
[-0.00422067 -0.00116697 -0.00627866 ... -0.00261886 -0.00271442
  0.00293106]

Residual before update:
[-0.00422068 -0.00116698 -0.00627866 ... -0.00262091 -0.00271443
  0.00292873]

Residual before update:
[-0.00422069 -0.00116698 -0.00627868 ... -0.00262072 -0.00271443
  0.00292882]

Residual before update:
[-0.0042208  -0.00116677 -0.00627952 ... -0.00260957 -0.00271435
  0.00293554]

Residual before update:
[-0.00422068 -0.00116698 -0.00627864 ... -0.00262049 -0.00271443
  0.00292898]

Residual before update:
[-0.00422068 -0.00116698 -0.00627864 ... -0.00261673 -0.0027144
  0.002933  ]

Residual before update:
[-0.00422068 -0.00116698 -0.00627864 ... -0.00262197 -0.00271442
  0.00292752]

Residual before update:
[-0.00422068 -0.00116698 -0.00627862 ... -0.00261771 -0.00271441
  0.00293229]

Residual before update:
[-0.00422068 -0.00116698 -0.00627862 ... -0.00262112 -0.00271443
  0.00292835]

Residual before update:
[-0.00422068 -0.00116698 -0.00627862 ... -0.00261638 -0.00271442
  0.00293368]

Residual before update:
[-0.00422066 -0.00116697 -0.00627861 ... -0.00261883 -0.00271442
  0.00293109]

Residual before update:
[-0.00422068 -0.00116698 -0.00627862 ... -0.0026209  -0.00271443
  0.00292875]

Residual before update:
[-0.00422069 -0.00116698 -0.00627864 ... -0.00262071 -0.00271443
  0.00292884]

Residual before update:
[-0.0042208  -0.00116677 -0.00627949 ... -0.00260949 -0.00271434
  0.0029356 ]

Residual before update:
[-0.00422068 -0.00116698 -0.00627862 ... -0.00262047 -0.00271443
  0.002929  ]

Residual before update:
[-0.00422068 -0.00116699 -0.00627862 ... -0.00261669 -0.00271439
  0.00293304]

Residual before update:
[-0.00422068 -0.00116698 -0.00627862 ... -0.00262196 -0.00271442
  0.00292753]

Residual before update:
[-0.00422067 -0.00116698 -0.0062786  ... -0.00261768 -0.0027144
  0.00293233]

Residual before update:
[-0.00422068 -0.00116698 -0.0062786  ... -0.00262111 -0.00271443
  0.00292837]

Residual before update:
[-0.00422067 -0.00116698 -0.0062786  ... -0.00261634 -0.00271442
  0.00293373]

Residual before update:
[-0.00422066 -0.00116697 -0.00627859 ... -0.00261881 -0.00271442
  0.00293112]

Residual before update:
[-0.00422068 -0.00116698 -0.00627859 ... -0.00262089 -0.00271442
  0.00292876]

Residual before update:
[-0.00422068 -0.00116698 -0.00627861 ... -0.00262069 -0.00271443
  0.00292885]
Compute pips
###############################
TGFM
###############################
Initialize variables
Warning: 298 variants have NaN gwas_beta. Setting to 0 with large SE.
Iterative optimization

Residual before update:
[ 0.00023171  0.          0.00368137 ... -0.00582344 -0.0009967
 -0.00183603]

Residual before update:
[ 2.31732763e-04  8.37292254e-17  3.68137508e-03 ... -5.82343165e-03
 -9.96701866e-04 -1.83603204e-03]

Residual before update:
[ 2.31759447e-04  1.70294915e-16  3.68137633e-03 ... -5.82342508e-03
 -9.96699880e-04 -1.83603065e-03]

Residual before update:
[ 2.31786082e-04  2.54987324e-16  3.68137752e-03 ... -5.82341853e-03
 -9.96697898e-04 -1.83602934e-03]

Residual before update:
[ 2.31812642e-04  3.39485742e-16  3.68137869e-03 ... -5.82341195e-03
 -9.96695913e-04 -1.83602792e-03]

Residual before update:
[ 2.31839170e-04  4.23690496e-16  3.68137985e-03 ... -5.82340539e-03
 -9.96693929e-04 -1.83602657e-03]

Residual before update:
[ 2.31865646e-04  5.08394831e-16  3.68138098e-03 ... -5.82339883e-03
 -9.96691949e-04 -1.83602523e-03]

Residual before update:
[ 2.31892069e-04  5.90886719e-16  3.68138211e-03 ... -5.82339234e-03
 -9.96689984e-04 -1.83602423e-03]

Residual before update:
[ 2.31918467e-04  6.74526190e-16  3.68138320e-03 ... -5.82338573e-03
 -9.96687991e-04 -1.83602267e-03]

Residual before update:
[ 2.31944799e-04  7.58010760e-16  3.68138429e-03 ... -5.82337916e-03
 -9.96686026e-04 -1.83602124e-03]

Residual before update:
[ 2.31944381e-04  7.55350152e-16  3.68138413e-03 ... -5.82337916e-03
 -9.96686014e-04 -1.83602130e-03]

Residual before update:
[ 2.31943913e-04  7.39298076e-16  3.68138372e-03 ... -5.82337922e-03
 -9.96686049e-04 -1.83602157e-03]

Residual before update:
[ 2.31943773e-04  7.51643973e-16  3.68138387e-03 ... -5.82337916e-03
 -9.96686029e-04 -1.83602141e-03]

Residual before update:
[ 2.31943587e-04  7.50103494e-16  3.68138376e-03 ... -5.82337918e-03
 -9.96686028e-04 -1.83602162e-03]

Residual before update:
[ 2.31943370e-04  7.49049769e-16  3.68138368e-03 ... -5.82337914e-03
 -9.96686021e-04 -1.83602148e-03]

Residual before update:
[ 2.31943245e-04  7.48196854e-16  3.68138361e-03 ... -5.82337912e-03
 -9.96686016e-04 -1.83602150e-03]

Residual before update:
[ 2.31943156e-04  7.48759353e-16  3.68138356e-03 ... -5.82337912e-03
 -9.96686017e-04 -1.83602152e-03]

Residual before update:
[ 2.31943109e-04  7.46782399e-16  3.68138354e-03 ... -5.82337920e-03
 -9.96686034e-04 -1.83602197e-03]

Residual before update:
[ 2.31943132e-04  7.47020028e-16  3.68138351e-03 ... -5.82337912e-03
 -9.96686015e-04 -1.83602166e-03]

Residual before update:
[ 2.31943178e-04  7.47568183e-16  3.68138352e-03 ... -5.82337909e-03
 -9.96686025e-04 -1.83602153e-03]

Residual before update:
[ 2.31943190e-04  7.47356744e-16  3.68138353e-03 ... -5.82337908e-03
 -9.96686007e-04 -1.83602153e-03]

Residual before update:
[ 2.31943100e-04  7.33417822e-16  3.68138326e-03 ... -5.82337914e-03
 -9.96686036e-04 -1.83602173e-03]

Residual before update:
[ 2.31943286e-04  7.47677917e-16  3.68138353e-03 ... -5.82337907e-03
 -9.96686012e-04 -1.83602152e-03]

Residual before update:
[ 2.31943376e-04  7.47725524e-16  3.68138353e-03 ... -5.82337909e-03
 -9.96686007e-04 -1.83602169e-03]

Residual before update:
[ 2.31943384e-04  7.47971946e-16  3.68138353e-03 ... -5.82337904e-03
 -9.96685996e-04 -1.83602152e-03]

Residual before update:
[ 2.31943436e-04  7.48146262e-16  3.68138354e-03 ... -5.82337903e-03
 -9.96685989e-04 -1.83602151e-03]

Residual before update:
[ 2.31943477e-04  7.49465483e-16  3.68138354e-03 ... -5.82337902e-03
 -9.96685988e-04 -1.83602151e-03]

Residual before update:
[ 2.31943512e-04  7.47972698e-16  3.68138355e-03 ... -5.82337910e-03
 -9.96686004e-04 -1.83602195e-03]

Residual before update:
[ 2.31943571e-04  7.48429110e-16  3.68138354e-03 ... -5.82337902e-03
 -9.96685983e-04 -1.83602163e-03]

Residual before update:
[ 2.31943608e-04  7.48936917e-16  3.68138354e-03 ... -5.82337899e-03
 -9.96685994e-04 -1.83602151e-03]

Residual before update:
[ 2.31943612e-04  7.48691795e-16  3.68138355e-03 ... -5.82337898e-03
 -9.96685976e-04 -1.83602150e-03]

Residual before update:
[ 2.31943517e-04  7.34704292e-16  3.68138327e-03 ... -5.82337903e-03
 -9.96686005e-04 -1.83602171e-03]

Residual before update:
[ 2.31943699e-04  7.48970218e-16  3.68138355e-03 ... -5.82337897e-03
 -9.96685981e-04 -1.83602150e-03]

Residual before update:
[ 2.31943786e-04  7.49005388e-16  3.68138355e-03 ... -5.82337899e-03
 -9.96685976e-04 -1.83602167e-03]

Residual before update:
[ 2.31943792e-04  7.49243767e-16  3.68138355e-03 ... -5.82337894e-03
 -9.96685965e-04 -1.83602150e-03]

Residual before update:
[ 2.31943843e-04  7.49413941e-16  3.68138355e-03 ... -5.82337892e-03
 -9.96685958e-04 -1.83602149e-03]

Residual before update:
[ 2.31943884e-04  7.50734022e-16  3.68138355e-03 ... -5.82337891e-03
 -9.96685957e-04 -1.83602149e-03]

Residual before update:
[ 2.31943920e-04  7.49239960e-16  3.68138356e-03 ... -5.82337900e-03
 -9.96685973e-04 -1.83602193e-03]

Residual before update:
[ 2.31943978e-04  7.49696333e-16  3.68138355e-03 ... -5.82337892e-03
 -9.96685952e-04 -1.83602161e-03]

Residual before update:
[ 2.31944016e-04  7.50205874e-16  3.68138355e-03 ... -5.82337889e-03
 -9.96685963e-04 -1.83602149e-03]

Residual before update:
[ 2.31944020e-04  7.49960347e-16  3.68138356e-03 ... -5.82337888e-03
 -9.96685945e-04 -1.83602148e-03]

Residual before update:
[ 2.31943925e-04  7.35949476e-16  3.68138329e-03 ... -5.82337893e-03
 -9.96685974e-04 -1.83602169e-03]

Residual before update:
[ 2.31944107e-04  7.50240168e-16  3.68138356e-03 ... -5.82337886e-03
 -9.96685950e-04 -1.83602148e-03]

Residual before update:
[ 2.31944195e-04  7.50275899e-16  3.68138356e-03 ... -5.82337888e-03
 -9.96685944e-04 -1.83602165e-03]

Residual before update:
[ 2.31944201e-04  7.50514529e-16  3.68138356e-03 ... -5.82337883e-03
 -9.96685934e-04 -1.83602148e-03]

Residual before update:
[ 2.31944252e-04  7.50685199e-16  3.68138357e-03 ... -5.82337882e-03
 -9.96685926e-04 -1.83602147e-03]

Residual before update:
[ 2.31944293e-04  7.52008103e-16  3.68138357e-03 ... -5.82337881e-03
 -9.96685926e-04 -1.83602147e-03]

Residual before update:
[ 2.31944329e-04  7.50513001e-16  3.68138358e-03 ... -5.82337889e-03
 -9.96685941e-04 -1.83602191e-03]

Residual before update:
[ 2.31944388e-04  7.50968795e-16  3.68138357e-03 ... -5.82337881e-03
 -9.96685921e-04 -1.83602160e-03]

Residual before update:
[ 2.31944425e-04  7.51479698e-16  3.68138357e-03 ... -5.82337878e-03
 -9.96685932e-04 -1.83602147e-03]
Compute pips
NaNs found in variant PIPs at indices: [1509 1578 1582 ... 7421 7635 7740]
###############################
TGFM
###############################
Initialize variables
Warning: 445 variants have NaN gwas_beta. Setting to 0 with large SE.
Iterative optimization

Residual before update:
[ 0.00023171  0.          0.00368137 ...  0.00189432 -0.00139566
 -0.00516809]

Residual before update:
[ 2.31717296e-04 -6.54760310e-17  3.68137171e-03 ...  1.89411484e-03
 -1.39567078e-03 -5.16812801e-03]

Residual before update:
[ 2.31729663e-04 -1.10223525e-16  3.68137010e-03 ...  1.89394436e-03
 -1.39568161e-03 -5.16815536e-03]

Residual before update:
[ 2.31742812e-04 -1.40594254e-16  3.68136890e-03 ...  1.89379830e-03
 -1.39569088e-03 -5.16817806e-03]

Residual before update:
[ 2.31756537e-04 -1.60358252e-16  3.68136800e-03 ...  1.89367043e-03
 -1.39569900e-03 -5.16819730e-03]

Residual before update:
[ 2.31770701e-04 -1.72001332e-16  3.68136733e-03 ...  1.89355667e-03
 -1.39570623e-03 -5.16821387e-03]

Residual before update:
[ 2.31785211e-04 -1.77204750e-16  3.68136685e-03 ...  1.89345422e-03
 -1.39571276e-03 -5.16822829e-03]

Residual before update:
[ 2.31800000e-04 -1.77083161e-16  3.68136651e-03 ...  1.89336107e-03
 -1.39571872e-03 -5.16824095e-03]

Residual before update:
[ 2.31815019e-04 -1.72721791e-16  3.68136631e-03 ...  1.89327569e-03
 -1.39572419e-03 -5.16825214e-03]

Residual before update:
[ 2.31830228e-04 -1.64623916e-16  3.68136620e-03 ...  1.89319694e-03
 -1.39572926e-03 -5.16826208e-03]

Residual before update:
[ 2.31834364e-04 -8.79353579e-17  3.68136837e-03 ...  1.89332924e-03
 -1.39572092e-03 -5.16823696e-03]

Residual before update:
[ 2.31837165e-04 -3.74750353e-17  3.68136980e-03 ...  1.89341643e-03
 -1.39571544e-03 -5.16822037e-03]

Residual before update:
[ 2.31838947e-04 -5.33903620e-18  3.68137070e-03 ...  1.89347225e-03
 -1.39571195e-03 -5.16820976e-03]

Residual before update:
[ 2.31839992e-04  1.34287787e-17  3.68137121e-03 ...  1.89350517e-03
 -1.39570990e-03 -5.16820350e-03]

Residual before update:
[ 2.31840498e-04  2.23929027e-17  3.68137145e-03 ...  1.89352111e-03
 -1.39570891e-03 -5.16820046e-03]

Residual before update:
[ 2.31840607e-04  2.40158479e-17  3.68137148e-03 ...  1.89352432e-03
 -1.39570872e-03 -5.16819983e-03]

Residual before update:
[ 2.31840423e-04  2.02024017e-17  3.68137135e-03 ...  1.89351798e-03
 -1.39570912e-03 -5.16820102e-03]

Residual before update:
[ 2.31840027e-04  1.24888154e-17  3.68137111e-03 ...  1.89350445e-03
 -1.39570996e-03 -5.16820356e-03]

Residual before update:
[ 2.31839475e-04  1.68392387e-18  3.68137078e-03 ...  1.89348553e-03
 -1.39571112e-03 -5.16820712e-03]

Residual before update:
[ 2.31838815e-04 -1.11760072e-17  3.68137039e-03 ...  1.89346258e-03
 -1.39571253e-03 -5.16821143e-03]

Residual before update:
[ 2.31838419e-04 -1.74421658e-17  3.68137021e-03 ...  1.89345190e-03
 -1.39571319e-03 -5.16821347e-03]

Residual before update:
[ 2.31838396e-04 -1.92194298e-17  3.68137015e-03 ...  1.89344841e-03
 -1.39571341e-03 -5.16821411e-03]

Residual before update:
[ 2.31838535e-04 -1.80088796e-17  3.68137019e-03 ...  1.89344999e-03
 -1.39571331e-03 -5.16821378e-03]

Residual before update:
[ 2.31838762e-04 -1.52289931e-17  3.68137027e-03 ...  1.89345435e-03
 -1.39571304e-03 -5.16821293e-03]

Residual before update:
[ 2.31839023e-04 -1.18152473e-17  3.68137037e-03 ...  1.89345978e-03
 -1.39571271e-03 -5.16821188e-03]

Residual before update:
[ 2.31839278e-04 -8.55707056e-18  3.68137046e-03 ...  1.89346504e-03
 -1.39571238e-03 -5.16821086e-03]

Residual before update:
[ 2.31839498e-04 -5.91552095e-18  3.68137054e-03 ...  1.89346927e-03
 -1.39571212e-03 -5.16821004e-03]

Residual before update:
[ 2.31839666e-04 -4.07459001e-18  3.68137059e-03 ...  1.89347192e-03
 -1.39571196e-03 -5.16820951e-03]

Residual before update:
[ 2.31839772e-04 -3.47045229e-18  3.68137061e-03 ...  1.89347267e-03
 -1.39571191e-03 -5.16820935e-03]

Residual before update:
[ 2.31839811e-04 -3.95553020e-18  3.68137059e-03 ...  1.89347136e-03
 -1.39571199e-03 -5.16820957e-03]

Residual before update:
[ 2.31839714e-04 -4.90544636e-18  3.68137056e-03 ...  1.89346994e-03
 -1.39571208e-03 -5.16820985e-03]

Residual before update:
[ 2.31839728e-04 -6.02202133e-18  3.68137053e-03 ...  1.89346760e-03
 -1.39571223e-03 -5.16821027e-03]

Residual before update:
[ 2.31839751e-04 -6.86605055e-18  3.68137050e-03 ...  1.89346562e-03
 -1.39571235e-03 -5.16821062e-03]

Residual before update:
[ 2.31839790e-04 -7.42618062e-18  3.68137048e-03 ...  1.89346420e-03
 -1.39571244e-03 -5.16821087e-03]

Residual before update:
[ 2.31839847e-04 -7.62421336e-18  3.68137047e-03 ...  1.89346338e-03
 -1.39571249e-03 -5.16821100e-03]

Residual before update:
[ 2.31839920e-04 -7.57239219e-18  3.68137047e-03 ...  1.89346308e-03
 -1.39571251e-03 -5.16821103e-03]

Residual before update:
[ 2.31840005e-04 -7.31497892e-18  3.68137048e-03 ...  1.89346319e-03
 -1.39571250e-03 -5.16821099e-03]

Residual before update:
[ 2.31840099e-04 -6.81540287e-18  3.68137049e-03 ...  1.89346351e-03
 -1.39571248e-03 -5.16821090e-03]

Residual before update:
[ 2.31840192e-04 -6.43290369e-18  3.68137050e-03 ...  1.89346388e-03
 -1.39571246e-03 -5.16821081e-03]

Residual before update:
[ 2.31840281e-04 -6.03739096e-18  3.68137051e-03 ...  1.89346410e-03
 -1.39571245e-03 -5.16821075e-03]

Residual before update:
[ 2.31840256e-04 -5.72100709e-18  3.68137052e-03 ...  1.89346488e-03
 -1.39571240e-03 -5.16821061e-03]

Residual before update:
[ 2.31840339e-04 -5.62631819e-18  3.68137052e-03 ...  1.89346463e-03
 -1.39571242e-03 -5.16821063e-03]

Residual before update:
[ 2.31840415e-04 -5.54289884e-18  3.68137052e-03 ...  1.89346425e-03
 -1.39571244e-03 -5.16821068e-03]

Residual before update:
[ 2.31840486e-04 -5.54383957e-18  3.68137052e-03 ...  1.89346380e-03
 -1.39571247e-03 -5.16821074e-03]

Residual before update:
[ 2.31840555e-04 -5.54201680e-18  3.68137052e-03 ...  1.89346332e-03
 -1.39571250e-03 -5.16821081e-03]

Residual before update:
[ 2.31840623e-04 -5.58483807e-18  3.68137052e-03 ...  1.89346286e-03
 -1.39571253e-03 -5.16821087e-03]

Residual before update:
[ 2.31840693e-04 -5.62028329e-18  3.68137052e-03 ...  1.89346245e-03
 -1.39571256e-03 -5.16821093e-03]

Residual before update:
[ 2.31840765e-04 -5.50403369e-18  3.68137052e-03 ...  1.89346210e-03
 -1.39571258e-03 -5.16821097e-03]

Residual before update:
[ 2.31840837e-04 -5.49151605e-18  3.68137052e-03 ...  1.89346182e-03
 -1.39571260e-03 -5.16821100e-03]

Residual before update:
[ 2.31840912e-04 -5.35652065e-18  3.68137052e-03 ...  1.89346159e-03
 -1.39571261e-03 -5.16821102e-03]
Compute pips
###############################
TGFM
###############################
Initialize variables
Warning: 517 variants have NaN gwas_beta. Setting to 0 with large SE.
Iterative optimization

Residual before update:
[-0.00655595  0.00368    -0.00305537 ...  0.00350692  0.00176931
 -0.00070712]

Residual before update:
[-0.00655596  0.00368    -0.00305538 ...  0.00350692  0.0017693
 -0.00070713]

Residual before update:
[-0.00655597  0.00367999 -0.00305538 ...  0.00350691  0.0017693
 -0.00070713]

Residual before update:
[-0.00655598  0.00367999 -0.00305539 ...  0.00350691  0.00176929
 -0.00070713]

Residual before update:
[-0.00655608  0.00367946 -0.00305671 ...  0.0035072   0.00176941
 -0.00070639]

Residual before update:
[-0.00655597  0.00367999 -0.00305539 ...  0.00350691  0.00176928
 -0.00070713]

Residual before update:
[-0.00655597  0.00367998 -0.00305539 ...  0.0035069   0.00176927
 -0.00070714]

Residual before update:
[-0.00655596  0.00367998 -0.00305538 ...  0.0035069   0.00176927
 -0.00070714]

Residual before update:
[-0.00655596  0.00367998 -0.00305538 ...  0.0035069   0.00176926
 -0.00070714]

Residual before update:
[-0.00655595  0.00367997 -0.00305537 ...  0.0035069   0.00176926
 -0.00070714]

Residual before update:
[-0.00655592  0.00367997 -0.00305536 ...  0.0035069   0.00176926
 -0.00070713]

Residual before update:
[-0.00655591  0.00367997 -0.00305535 ...  0.0035069   0.00176927
 -0.00070713]

Residual before update:
[-0.00655589  0.00367997 -0.00305535 ...  0.0035069   0.00176927
 -0.00070712]

Residual before update:
[-0.00655589  0.00367997 -0.00305534 ...  0.0035069   0.00176927
 -0.00070712]

Residual before update:
[-9.22375596e+14 -4.50963792e+15 -1.12781776e+16 ...  2.71403621e+15
  1.27977003e+15  7.04383275e+15]

Residual before update:
[-0.00655588  0.00367997 -0.00305534 ...  0.0035069   0.00176927
 -0.00070712]

Residual before update:
[-0.00655588  0.00367997 -0.00305534 ...  0.0035069   0.00176927
 -0.00070712]

Residual before update:
[-0.00655588  0.00367997 -0.00305534 ...  0.0035069   0.00176927
 -0.00070712]

Residual before update:
[-0.00655589  0.00367997 -0.00305534 ...  0.0035069   0.00176927
 -0.00070712]

Residual before update:
[-0.00655589  0.00367997 -0.00305535 ...  0.0035069   0.00176927
 -0.00070712]

Residual before update:
[-0.00655589  0.00367997 -0.00305535 ...  0.0035069   0.00176927
 -0.00070712]

Residual before update:
[-0.00655589  0.00367997 -0.00305535 ...  0.0035069   0.00176927
 -0.00070712]

Residual before update:
[-0.00655589  0.00367997 -0.00305535 ...  0.0035069   0.00176927
 -0.00070712]

Residual before update:
[-0.00655589  0.00367997 -0.00305535 ...  0.0035069   0.00176927
 -0.00070712]

Residual before update:
[-7.47324420e+40 -3.65297178e+41 -9.12851829e+41 ...  2.17604262e+41
  1.01191067e+41  5.65114963e+41]

Residual before update:
[-0.00655589  0.00367997 -0.00305535 ...  0.0035069   0.00176927
 -0.00070712]

Residual before update:
[-0.00655589  0.00367997 -0.00305534 ...  0.0035069   0.00176927
 -0.00070712]

Residual before update:
[-0.00655589  0.00367997 -0.00305534 ...  0.0035069   0.00176927
 -0.00070712]

Residual before update:
[-0.00655589  0.00367997 -0.00305534 ...  0.0035069   0.00176927
 -0.00070712]

Residual before update:
[-0.00655589  0.00367997 -0.00305534 ...  0.0035069   0.00176927
 -0.00070712]

Residual before update:
[-0.00655589  0.00367997 -0.00305534 ...  0.0035069   0.00176927
 -0.00070712]

Residual before update:
[-0.00655589  0.00367997 -0.00305534 ...  0.0035069   0.00176927
 -0.00070712]

Residual before update:
[-0.00655589  0.00367997 -0.00305534 ...  0.0035069   0.00176927
 -0.00070712]

Residual before update:
[-0.00655589  0.00367997 -0.00305534 ...  0.0035069   0.00176927
 -0.00070712]

Residual before update:
[-6.04463885e+66 -2.95465992e+67 -7.38348632e+67 ...  1.76006449e+67
  8.18471122e+66  4.57086075e+67]

Residual before update:
[-0.00655589  0.00367997 -0.00305534 ...  0.0035069   0.00176927
 -0.00070712]

Residual before update:
[-0.00655589  0.00367997 -0.00305534 ...  0.0035069   0.00176927
 -0.00070712]

Residual before update:
[-0.00655589  0.00367997 -0.00305534 ...  0.0035069   0.00176927
 -0.00070712]

Residual before update:
[-0.00655589  0.00367997 -0.00305534 ...  0.0035069   0.00176927
 -0.00070712]

Residual before update:
[-0.00655589  0.00367997 -0.00305534 ...  0.0035069   0.00176927
 -0.00070712]

Residual before update:
[-0.00655589  0.00367997 -0.00305534 ...  0.0035069   0.00176927
 -0.00070712]

Residual before update:
[-0.00655589  0.00367997 -0.00305534 ...  0.0035069   0.00176927
 -0.00070712]

Residual before update:
[-0.00655589  0.00367997 -0.00305534 ...  0.0035069   0.00176927
 -0.00070712]

Residual before update:
[-0.00655589  0.00367997 -0.00305534 ...  0.0035069   0.00176927
 -0.00070712]

Residual before update:
[-4.88912952e+92 -2.38983923e+93 -5.97203932e+93 ...  1.42360586e+93
  6.62009993e+92  3.69708279e+93]

Residual before update:
[-0.00655589  0.00367997 -0.00305534 ...  0.0035069   0.00176927
 -0.00070712]

Residual before update:
[-0.00655589  0.00367997 -0.00305534 ...  0.0035069   0.00176927
 -0.00070712]

Residual before update:
[-0.00655589  0.00367997 -0.00305534 ...  0.0035069   0.00176927
 -0.00070712]

Residual before update:
[-0.00655589  0.00367997 -0.00305534 ...  0.0035069   0.00176927
 -0.00070712]

Residual before update:
[-0.00655589  0.00367997 -0.00305534 ...  0.0035069   0.00176927
 -0.00070712]
Compute pips
###############################
TGFM
###############################
Initialize variables
Warning: 427 variants have NaN gwas_beta. Setting to 0 with large SE.
Iterative optimization

Residual before update:
[-0.00722961 -0.00401408 -0.00701036 ... -0.00456567  0.00056133
  0.00602303]

Residual before update:
[-0.00722949 -0.00401401 -0.00701027 ... -0.0045657   0.00056128
  0.00602302]

Residual before update:
[-0.00722937 -0.00401393 -0.00701019 ... -0.00456573  0.00056124
  0.00602301]

Residual before update:
[-0.00722925 -0.00401385 -0.0070101  ... -0.00456576  0.00056121
  0.00602301]

Residual before update:
[-0.00722912 -0.00401376 -0.00701001 ... -0.00456579  0.00056118
  0.006023  ]

Residual before update:
[-0.007229   -0.00401367 -0.00700992 ... -0.00456581  0.00056115
  0.006023  ]

Residual before update:
[-0.00722887 -0.00401358 -0.00700982 ... -0.00456583  0.00056112
  0.006023  ]

Residual before update:
[-0.00722875 -0.00401348 -0.00700973 ... -0.00456585  0.0005611
  0.00602299]

Residual before update:
[-0.00722862 -0.00401339 -0.00700964 ... -0.00456587  0.00056108
  0.00602299]

Residual before update:
[-0.0072285  -0.00401329 -0.00700954 ... -0.00456589  0.00056106
  0.00602298]

Residual before update:
[-0.00722849 -0.00401326 -0.00700953 ... -0.00456588  0.00056109
  0.00602298]

Residual before update:
[-0.00722849 -0.00401324 -0.00700952 ... -0.00456586  0.0005611
  0.00602299]

Residual before update:
[-0.00722848 -0.00401323 -0.00700952 ... -0.00456586  0.00056111
  0.00602299]

Residual before update:
[-0.00722848 -0.00401323 -0.00700952 ... -0.00456585  0.00056112
  0.00602299]

Residual before update:
[-0.00722848 -0.00401322 -0.00700951 ... -0.00456585  0.00056112
  0.00602299]

Residual before update:
[-0.00722848 -0.00401322 -0.00700951 ... -0.00456585  0.00056112
  0.00602299]

Residual before update:
[-0.00722848 -0.00401322 -0.00700951 ... -0.00456585  0.00056112
  0.00602299]

Residual before update:
[-0.00722848 -0.00401322 -0.00700951 ... -0.00456585  0.00056112
  0.00602299]

Residual before update:
[-0.00722848 -0.00401323 -0.00700952 ... -0.00456586  0.00056112
  0.00602299]

Residual before update:
[-0.00722848 -0.00401323 -0.00700952 ... -0.00456586  0.00056111
  0.00602299]

Residual before update:
[-0.00722848 -0.00401323 -0.00700952 ... -0.00456586  0.00056111
  0.00602299]

Residual before update:
[-0.00722848 -0.00401323 -0.00700952 ... -0.00456586  0.00056111
  0.00602299]

Residual before update:
[-0.00722848 -0.00401323 -0.00700952 ... -0.00456586  0.00056111
  0.00602299]

Residual before update:
[-0.00722848 -0.00401323 -0.00700952 ... -0.00456586  0.00056111
  0.00602299]

Residual before update:
[-0.00722848 -0.00401323 -0.00700951 ... -0.00456586  0.00056111
  0.00602299]

Residual before update:
[-0.00722847 -0.00401323 -0.00700951 ... -0.00456586  0.00056111
  0.00602299]

Residual before update:
[-0.00722847 -0.00401323 -0.00700951 ... -0.00456586  0.00056111
  0.00602299]

Residual before update:
[-0.00722847 -0.00401323 -0.00700951 ... -0.00456586  0.00056111
  0.00602299]

Residual before update:
[-0.00722847 -0.00401322 -0.00700951 ... -0.00456586  0.00056111
  0.00602299]

Residual before update:
[-0.00722847 -0.00401322 -0.00700951 ... -0.00456586  0.00056111
  0.00602299]

Residual before update:
[-0.00722847 -0.00401323 -0.00700951 ... -0.00456586  0.00056111
  0.00602299]

Residual before update:
[-0.00722847 -0.00401323 -0.00700951 ... -0.00456586  0.00056111
  0.00602299]

Residual before update:
[-0.00722847 -0.00401322 -0.00700951 ... -0.00456586  0.00056111
  0.00602299]

Residual before update:
[-0.00722847 -0.00401322 -0.00700951 ... -0.00456586  0.00056111
  0.00602299]

Residual before update:
[-0.00722847 -0.00401322 -0.00700951 ... -0.00456586  0.00056111
  0.00602299]

Residual before update:
[-0.00722847 -0.00401322 -0.00700951 ... -0.00456586  0.00056111
  0.00602299]

Residual before update:
[-0.00722847 -0.00401322 -0.00700951 ... -0.00456586  0.00056111
  0.00602299]

Residual before update:
[-0.00722847 -0.00401322 -0.00700951 ... -0.00456586  0.00056111
  0.00602299]

Residual before update:
[-0.00722847 -0.00401322 -0.00700951 ... -0.00456586  0.00056111
  0.00602299]

Residual before update:
[-0.00722847 -0.00401322 -0.00700951 ... -0.00456586  0.00056111
  0.00602299]

Residual before update:
[-0.00722847 -0.00401322 -0.00700951 ... -0.00456586  0.00056111
  0.00602299]

Residual before update:
[-0.00722847 -0.00401322 -0.00700951 ... -0.00456586  0.00056111
  0.00602299]

Residual before update:
[-0.00722846 -0.00401322 -0.00700951 ... -0.00456586  0.00056111
  0.00602299]

Residual before update:
[-0.00722846 -0.00401322 -0.00700951 ... -0.00456586  0.00056111
  0.00602299]

Residual before update:
[-0.00722846 -0.00401322 -0.00700951 ... -0.00456586  0.00056111
  0.00602299]

Residual before update:
[-0.00722846 -0.00401322 -0.0070095  ... -0.00456586  0.00056111
  0.00602299]

Residual before update:
[-0.00722846 -0.00401322 -0.0070095  ... -0.00456586  0.00056111
  0.00602299]

Residual before update:
[-0.00722846 -0.00401322 -0.0070095  ... -0.00456586  0.00056111
  0.00602299]

Residual before update:
[-0.00722846 -0.00401322 -0.0070095  ... -0.00456586  0.00056111
  0.00602299]

Residual before update:
[-0.00722846 -0.00401322 -0.0070095  ... -0.00456586  0.00056111
  0.00602299]
Compute pips
###############################
TGFM
###############################
Initialize variables
Warning: 287 variants have NaN gwas_beta. Setting to 0 with large SE.
Iterative optimization

Residual before update:
[ 0.00173262  0.00362997  0.00415803 ... -0.00294265  0.00085052
 -0.00278699]

Residual before update:
[ 0.00173262  0.00362996  0.00415802 ... -0.00294267  0.00085052
 -0.00278701]

Residual before update:
[ 0.00173262  0.00362996  0.00415801 ... -0.00294269  0.00085052
 -0.00278704]

Residual before update:
[ 0.00173262  0.00362995  0.00415801 ... -0.00294272  0.00085052
 -0.00278706]

Residual before update:
[ 0.00173261  0.00362994  0.004158   ... -0.00294274  0.00085051
 -0.00278708]

Residual before update:
[ 0.00173261  0.00362994  0.00415799 ... -0.00294276  0.00085051
 -0.0027871 ]

Residual before update:
[ 0.00173261  0.00362993  0.00415798 ... -0.00294278  0.00085051
 -0.00278713]

Residual before update:
[ 0.00173261  0.00362992  0.00415797 ... -0.0029428   0.00085051
 -0.00278715]

Residual before update:
[ 0.0017323   0.00362888  0.00415707 ... -0.00294288  0.0008504
 -0.00278721]

Residual before update:
[ 0.0017326   0.00362991  0.00415796 ... -0.00294285  0.0008505
 -0.0027872 ]

Residual before update:
[ 0.0017326   0.00362991  0.00415796 ... -0.00294285  0.0008505
 -0.0027872 ]

Residual before update:
[ 0.0017326   0.00362991  0.00415796 ... -0.00294285  0.0008505
 -0.0027872 ]

Residual before update:
[ 0.0017326   0.00362991  0.00415796 ... -0.00294285  0.0008505
 -0.0027872 ]

Residual before update:
[ 0.0017326   0.00362991  0.00415796 ... -0.00294285  0.0008505
 -0.0027872 ]

Residual before update:
[ 0.0017326   0.00362991  0.00415796 ... -0.00294285  0.0008505
 -0.0027872 ]

Residual before update:
[ 0.0017326   0.00362991  0.00415796 ... -0.00294286  0.0008505
 -0.0027872 ]

Residual before update:
[ 0.0017326   0.00362991  0.00415796 ... -0.00294286  0.0008505
 -0.0027872 ]

Residual before update:
[ 0.0017326   0.00362991  0.00415796 ... -0.00294286  0.0008505
 -0.0027872 ]

Residual before update:
[ 0.00173172  0.00362694  0.00415536 ... -0.002943    0.0008502
 -0.00278732]

Residual before update:
[ 0.0017326   0.00362991  0.00415796 ... -0.00294286  0.0008505
 -0.0027872 ]

Residual before update:
[ 0.0017326   0.00362991  0.00415796 ... -0.00294286  0.0008505
 -0.0027872 ]

Residual before update:
[ 0.0017326   0.00362991  0.00415796 ... -0.00294286  0.0008505
 -0.0027872 ]

Residual before update:
[ 0.0017326   0.00362991  0.00415796 ... -0.00294286  0.0008505
 -0.0027872 ]

Residual before update:
[ 0.0017326   0.00362991  0.00415796 ... -0.00294286  0.0008505
 -0.0027872 ]

Residual before update:
[ 0.0017326   0.00362991  0.00415796 ... -0.00294286  0.0008505
 -0.0027872 ]

Residual before update:
[ 0.0017326   0.00362991  0.00415796 ... -0.00294286  0.0008505
 -0.0027872 ]

Residual before update:
[ 0.0017326   0.00362991  0.00415796 ... -0.00294286  0.0008505
 -0.0027872 ]

Residual before update:
[ 0.0017326   0.00362991  0.00415796 ... -0.00294286  0.0008505
 -0.0027872 ]

Residual before update:
[ 0.00173172  0.00362695  0.00415537 ... -0.002943    0.0008502
 -0.00278732]

Residual before update:
[ 0.0017326   0.00362991  0.00415796 ... -0.00294286  0.0008505
 -0.0027872 ]

Residual before update:
[ 0.0017326   0.00362991  0.00415796 ... -0.00294286  0.0008505
 -0.0027872 ]

Residual before update:
[ 0.0017326   0.00362991  0.00415796 ... -0.00294286  0.0008505
 -0.0027872 ]

Residual before update:
[ 0.0017326   0.00362991  0.00415796 ... -0.00294286  0.0008505
 -0.0027872 ]

Residual before update:
[ 0.0017326   0.00362991  0.00415796 ... -0.00294286  0.0008505
 -0.0027872 ]

Residual before update:
[ 0.0017326   0.00362991  0.00415796 ... -0.00294286  0.0008505
 -0.0027872 ]

Residual before update:
[ 0.0017326   0.00362991  0.00415796 ... -0.00294286  0.0008505
 -0.0027872 ]

Residual before update:
[ 0.0017326   0.00362991  0.00415796 ... -0.00294286  0.0008505
 -0.0027872 ]

Residual before update:
[ 0.0017326   0.00362991  0.00415796 ... -0.00294286  0.0008505
 -0.0027872 ]

Residual before update:
[ 0.00173173  0.00362696  0.00415538 ... -0.002943    0.0008502
 -0.00278732]

Residual before update:
[ 0.0017326   0.00362991  0.00415796 ... -0.00294286  0.0008505
 -0.0027872 ]

Residual before update:
[ 0.0017326   0.00362991  0.00415796 ... -0.00294286  0.0008505
 -0.0027872 ]

Residual before update:
[ 0.0017326   0.00362991  0.00415796 ... -0.00294286  0.0008505
 -0.0027872 ]

Residual before update:
[ 0.0017326   0.00362991  0.00415796 ... -0.00294286  0.0008505
 -0.0027872 ]

Residual before update:
[ 0.0017326   0.00362991  0.00415796 ... -0.00294286  0.0008505
 -0.0027872 ]

Residual before update:
[ 0.0017326   0.00362991  0.00415796 ... -0.00294286  0.0008505
 -0.0027872 ]

Residual before update:
[ 0.0017326   0.00362991  0.00415796 ... -0.00294286  0.0008505
 -0.0027872 ]

Residual before update:
[ 0.0017326   0.00362991  0.00415796 ... -0.00294286  0.0008505
 -0.0027872 ]

Residual before update:
[ 0.0017326   0.00362991  0.00415796 ... -0.00294286  0.0008505
 -0.0027872 ]

Residual before update:
[ 0.00173173  0.00362696  0.00415539 ... -0.002943    0.00085021
 -0.00278732]

Residual before update:
[ 0.0017326   0.00362991  0.00415796 ... -0.00294286  0.0008505
 -0.00278721]
Compute pips
###############################
TGFM
###############################
Initialize variables
Warning: 397 variants have NaN gwas_beta. Setting to 0 with large SE.
Iterative optimization

Residual before update:
[-0.00922948 -0.00484534 -0.00923242 ... -0.00318653  0.00559553
  0.00616862]

Residual before update:
[-0.00922906 -0.00484525 -0.009232   ... -0.00318666  0.00559564
  0.00616853]

Residual before update:
[-0.00922865 -0.00484515 -0.00923159 ... -0.00318679  0.00559575
  0.00616844]

Residual before update:
[-0.00927729 -0.00706289 -0.00929532 ... -0.00649913  0.00194114
 -0.00392971]

Residual before update:
[-0.00922783 -0.00484496 -0.00923076 ... -0.00318705  0.00559596
  0.00616826]

Residual before update:
[-0.00922741 -0.00484486 -0.00923035 ... -0.00318717  0.00559606
  0.00616818]

Residual before update:
[-0.009227   -0.00484477 -0.00922994 ... -0.00318729  0.00559616
  0.00616809]

Residual before update:
[ 0.00558453 -0.15026849  0.01298227 ... -0.27213585  0.51593216
 -1.60966551]

Residual before update:
[-0.0095444  -0.00500876 -0.00952023 ... -0.0033321   0.00526871
  0.00588522]

Residual before update:
[-0.00922576 -0.00484448 -0.00922869 ... -0.00318764  0.00559644
  0.00616784]

Residual before update:
[-0.00922575 -0.00484448 -0.00922869 ... -0.00318762  0.00559643
  0.00616785]

Residual before update:
[-0.00922575 -0.00484448 -0.00922869 ... -0.00318761  0.00559641
  0.00616786]

Residual before update:
[-0.00922575 -0.00484448 -0.00922869 ... -0.00318759  0.0055964
  0.00616786]

Residual before update:
[-0.00928851 -0.00661794 -0.00930556 ... -0.00637927  0.00222488
 -0.00461062]

Residual before update:
[-0.00922574 -0.00484448 -0.00922868 ... -0.00318757  0.00559638
  0.00616787]

Residual before update:
[-0.00922574 -0.00484448 -0.00922868 ... -0.00318757  0.00559638
  0.00616787]

Residual before update:
[-0.00922574 -0.00484448 -0.00922868 ... -0.00318756  0.00559637
  0.00616788]

Residual before update:
[ -171965.79881033   192866.85292921  -186165.06780369 ...
   -11600.97075883 -1552876.94690475 -1103605.99298271]

Residual before update:
[-0.00876318  0.0031049  -0.00885466 ...  0.00518691  0.00634175
  0.02728437]

Residual before update:
[-0.00922573 -0.00484448 -0.00922867 ... -0.00318756  0.00559637
  0.00616788]

Residual before update:
[-0.00922573 -0.00484448 -0.00922867 ... -0.00318756  0.00559637
  0.00616787]

Residual before update:
[-0.00922573 -0.00484448 -0.00922867 ... -0.00318757  0.00559638
  0.00616787]

Residual before update:
[-0.00922573 -0.00484447 -0.00922867 ... -0.00318757  0.00559638
  0.00616788]

Residual before update:
[-0.00928492 -0.00664415 -0.00930153 ... -0.00642026  0.00209524
 -0.00436365]

Residual before update:
[-0.00922573 -0.00484447 -0.00922867 ... -0.00318757  0.00559638
  0.00616787]

Residual before update:
[-0.00922573 -0.00484447 -0.00922866 ... -0.00318757  0.00559638
  0.00616787]

Residual before update:
[-0.00922573 -0.00484447 -0.00922866 ... -0.00318757  0.00559638
  0.00616787]

Residual before update:
[ 3.25279065e+11 -1.44238830e+12  3.48364238e+11 ... -2.21552052e+12
  3.21925488e+12 -3.61487830e+12]

Residual before update:
[-0.00876302  0.00310518 -0.00885452 ...  0.00518622  0.00634161
  0.02728258]

Residual before update:
[-0.00922572 -0.00484447 -0.00922866 ... -0.00318757  0.00559638
  0.00616787]

Residual before update:
[-0.00922572 -0.00484447 -0.00922866 ... -0.00318757  0.00559638
  0.00616787]

Residual before update:
[-0.00922572 -0.00484447 -0.00922866 ... -0.00318757  0.00559638
  0.00616787]

Residual before update:
[-0.00922572 -0.00484447 -0.00922865 ... -0.00318757  0.00559638
  0.00616787]

Residual before update:
[-0.00928494 -0.00664432 -0.00930155 ... -0.00642045  0.0020951
 -0.00436422]

Residual before update:
[-0.00922571 -0.00484447 -0.00922865 ... -0.00318757  0.00559638
  0.00616787]

Residual before update:
[-0.00922571 -0.00484447 -0.00922865 ... -0.00318757  0.00559638
  0.00616787]

Residual before update:
[-0.00922571 -0.00484447 -0.00922865 ... -0.00318757  0.00559638
  0.00616787]

Residual before update:
[-7.27496024e+17  8.00327337e+17 -7.89786463e+17 ... -6.85077049e+16
 -1.04001564e+19 -5.03391895e+18]

Residual before update:
[-0.00876294  0.00310532 -0.00885445 ...  0.00518587  0.00634153
  0.02728168]

Residual before update:
[-0.0092257  -0.00484447 -0.00922864 ... -0.00318757  0.00559638
  0.00616787]

Residual before update:
[-0.00922571 -0.00484447 -0.00922864 ... -0.00318757  0.00559638
  0.00616787]

Residual before update:
[-0.0092257  -0.00484447 -0.00922864 ... -0.00318757  0.00559638
  0.00616787]

Residual before update:
[-0.0092257  -0.00484447 -0.00922864 ... -0.00318758  0.00559638
  0.00616787]

Residual before update:
[-0.00928494 -0.00664443 -0.00930155 ... -0.00642063  0.00209491
 -0.0043648 ]

Residual before update:
[-0.0092257  -0.00484447 -0.00922864 ... -0.00318758  0.00559638
  0.00616787]

Residual before update:
[-0.0092257  -0.00484447 -0.00922863 ... -0.00318758  0.00559638
  0.00616787]

Residual before update:
[-0.00922569 -0.00484447 -0.00922863 ... -0.00318758  0.00559638
  0.00616787]

Residual before update:
[ 1.38144499e+24 -5.86037369e+24  1.48485091e+24 ... -8.88466918e+24
  2.14536386e+25 -1.33691889e+25]

Residual before update:
[-0.0087629   0.00310539 -0.00885442 ...  0.0051857   0.0063415
  0.02728122]

Residual before update:
[-0.00922569 -0.00484446 -0.00922863 ... -0.00318758  0.00559638
  0.00616787]
Compute pips
###############################
TGFM
###############################
Initialize variables
Warning: 348 variants have NaN gwas_beta. Setting to 0 with large SE.
Iterative optimization

Residual before update:
[ 0.         -0.00414015 -0.00281045 ...  0.00305066 -0.0071318
  0.0047959 ]

Residual before update:
[-3.69697281e-17 -4.14012126e-03 -2.81045935e-03 ...  3.05065565e-03
 -7.13164497e-03  4.79579730e-03]

Residual before update:
[-4.18989943e-17 -4.14008315e-03 -2.81046187e-03 ...  3.05065394e-03
 -7.13148418e-03  4.79571016e-03]

Residual before update:
[-6.50123627e-17 -4.14004624e-03 -2.81046531e-03 ...  3.05064943e-03
 -7.13132648e-03  4.79559584e-03]

Residual before update:
[-2.37014366e-13 -4.20062119e-03 -2.88135754e-03 ...  3.05007381e-03
 -7.16516810e-03  4.78649115e-03]

Residual before update:
[-1.52471653e-14 -4.14584714e-03 -2.84070358e-03 ...  3.05115965e-03
 -7.14725807e-03  4.79164294e-03]

Residual before update:
[-4.02817983e-15 -4.11505455e-03 -2.85381966e-03 ...  3.05175441e-03
 -7.13493216e-03  4.78822655e-03]

Residual before update:
[-2.35600593e-16 -4.13990608e-03 -2.81048956e-03 ...  3.05062377e-03
 -7.13066303e-03  4.79520416e-03]

Residual before update:
[-4.90479549e-15 -4.14059422e-03 -2.80853438e-03 ...  3.04994210e-03
 -7.13176642e-03  4.79451202e-03]

Residual before update:
[-5.84447379e-15 -4.13798389e-03 -2.84767532e-03 ...  3.05131083e-03
 -7.14823978e-03  4.79035872e-03]

Residual before update:
[-4.16555017e-13 -4.24242655e-03 -3.05188756e-03 ...  3.03988771e-03
 -7.45533875e-03  4.75996166e-03]

Residual before update:
[-3.11647219e-16 -4.13984436e-03 -2.81048946e-03 ...  3.05062988e-03
 -7.13038033e-03  4.79493131e-03]

Residual before update:
[-2.16973754e-16 -4.13982588e-03 -2.81048418e-03 ...  3.05063550e-03
 -7.13037302e-03  4.79499460e-03]

Residual before update:
[-2.22298589e-16 -4.13982306e-03 -2.81048434e-03 ...  3.05063068e-03
 -7.13037741e-03  4.79495449e-03]

Residual before update:
[-2.34184973e-13 -4.20290775e-03 -2.81873868e-03 ...  3.04876824e-03
 -7.13175265e-03  4.79620995e-03]

Residual before update:
[ 8.66279797e-14 -4.12283900e-03 -2.80709574e-03 ...  3.05131808e-03
 -7.13138182e-03  4.79652247e-03]

Residual before update:
[ 1.88857606e-15 -4.10059779e-03 -2.79419037e-03 ...  3.05067033e-03
 -7.11633907e-03  4.80316119e-03]

Residual before update:
[-3.00241941e-16 -4.13982669e-03 -2.81049444e-03 ...  3.05061562e-03
 -7.13034039e-03  4.79497824e-03]

Residual before update:
[-8.24138305e-15 -4.14429516e-03 -2.82261959e-03 ...  3.04499755e-03
 -7.14457375e-03  4.78888138e-03]

Residual before update:
[ 5.41031239e-14 -4.11718288e-03 -2.80887626e-03 ...  3.05216610e-03
 -7.09649489e-03  4.79662580e-03]

Residual before update:
[-4.01627730e-13 -4.25204203e-03 -2.81888863e-03 ...  3.03536929e-03
 -7.33102050e-03  4.79565553e-03]

Residual before update:
[-3.02998979e-16 -4.13983921e-03 -2.81048735e-03 ...  3.05063006e-03
 -7.13037508e-03  4.79492462e-03]

Residual before update:
[-2.14632588e-16 -4.13982248e-03 -2.81048295e-03 ...  3.05063537e-03
 -7.13036711e-03  4.79498610e-03]

Residual before update:
[-2.18632157e-16 -4.13982039e-03 -2.81048343e-03 ...  3.05063066e-03
 -7.13037089e-03  4.79494906e-03]

Residual before update:
[-2.38193681e-13 -4.20712498e-03 -2.81876254e-03 ...  3.04874329e-03
 -7.13185509e-03  4.79634038e-03]

Residual before update:
[ 8.47008416e-14 -4.12127684e-03 -2.80724417e-03 ...  3.05138742e-03
 -7.13131193e-03  4.79649879e-03]

Residual before update:
[-6.18895330e-16 -4.09751146e-03 -2.79419051e-03 ...  3.05038922e-03
 -7.11629066e-03  4.80337607e-03]

Residual before update:
[-2.99702549e-16 -4.13982536e-03 -2.81049467e-03 ...  3.05061537e-03
 -7.13033283e-03  4.79497541e-03]

Residual before update:
[-8.34007684e-15 -4.14436060e-03 -2.82248274e-03 ...  3.04563418e-03
 -7.14384265e-03  4.78940677e-03]

Residual before update:
[ 5.42357016e-14 -4.11741420e-03 -2.80888726e-03 ...  3.05220495e-03
 -7.09658722e-03  4.79663331e-03]

Residual before update:
[-4.01592113e-13 -4.25184616e-03 -2.81887141e-03 ...  3.03537420e-03
 -7.33091915e-03  4.79572731e-03]

Residual before update:
[-3.04300415e-16 -4.13983800e-03 -2.81048750e-03 ...  3.05062994e-03
 -7.13036951e-03  4.79492078e-03]

Residual before update:
[-2.16389053e-16 -4.13982101e-03 -2.81048313e-03 ...  3.05063525e-03
 -7.13036088e-03  4.79498166e-03]

Residual before update:
[-2.20430859e-16 -4.13981887e-03 -2.81048361e-03 ...  3.05063053e-03
 -7.13036458e-03  4.79494446e-03]

Residual before update:
[-2.39814521e-13 -4.20960182e-03 -2.81874294e-03 ...  3.04873761e-03
 -7.13192613e-03  4.79641666e-03]

Residual before update:
[ 8.38138515e-14 -4.12004928e-03 -2.80733128e-03 ...  3.05136214e-03
 -7.13127558e-03  4.79644010e-03]

Residual before update:
[-4.76974087e-15 -4.09219579e-03 -2.79403495e-03 ...  3.05001227e-03
 -7.11655741e-03  4.80387728e-03]

Residual before update:
[-3.01019406e-16 -4.13982374e-03 -2.81049482e-03 ...  3.05061518e-03
 -7.13032588e-03  4.79497084e-03]

Residual before update:
[-8.38466607e-15 -4.14441879e-03 -2.82236335e-03 ...  3.04573246e-03
 -7.14367931e-03  4.78946983e-03]

Residual before update:
[ 5.41843546e-14 -4.11759573e-03 -2.80889688e-03 ...  3.05221863e-03
 -7.09678554e-03  4.79662908e-03]

Residual before update:
[-4.01563638e-13 -4.25183495e-03 -2.81887053e-03 ...  3.03537535e-03
 -7.33090355e-03  4.79572859e-03]

Residual before update:
[-3.05376351e-16 -4.13983671e-03 -2.81048760e-03 ...  3.05062983e-03
 -7.13036389e-03  4.79491690e-03]

Residual before update:
[-2.17301359e-16 -4.13981949e-03 -2.81048323e-03 ...  3.05063515e-03
 -7.13035450e-03  4.79497749e-03]

Residual before update:
[-2.21416157e-16 -4.13981733e-03 -2.81048372e-03 ...  3.05063040e-03
 -7.13035810e-03  4.79494006e-03]

Residual before update:
[-2.38385060e-13 -4.20948694e-03 -2.81867942e-03 ...  3.04875446e-03
 -7.13192871e-03  4.79642785e-03]

Residual before update:
[ 8.06192324e-14 -4.12070313e-03 -2.80745148e-03 ...  3.05134048e-03
 -7.13127518e-03  4.79643340e-03]

Residual before update:
[-7.39741924e-15 -4.08914148e-03 -2.79402985e-03 ...  3.04977277e-03
 -7.11676936e-03  4.80417471e-03]

Residual before update:
[-3.02419457e-16 -4.13982211e-03 -2.81049497e-03 ...  3.05061498e-03
 -7.13031887e-03  4.79496625e-03]

Residual before update:
[-8.45769711e-15 -4.14450689e-03 -2.82223299e-03 ...  3.04577693e-03
 -7.14356734e-03  4.78947463e-03]

Residual before update:
[ 5.40567869e-14 -4.11772529e-03 -2.80890422e-03 ...  3.05222213e-03
 -7.09695985e-03  4.79662659e-03]
Compute pips
###############################
TGFM
###############################
Initialize variables
Warning: 364 variants have NaN gwas_beta. Setting to 0 with large SE.
Iterative optimization

Residual before update:
[ 0.00107662 -0.00252107 -0.00224111 ...  0.00224296 -0.00476609
  0.00028456]

Residual before update:
[ 0.0010772  -0.00252119 -0.00224122 ...  0.00224295 -0.00476609
  0.00028455]

Residual before update:
[ 0.00107778 -0.00252129 -0.00224133 ...  0.00224294 -0.00476609
  0.00028454]

Residual before update:
[ 0.00107834 -0.0025214  -0.00224144 ...  0.00224293 -0.00476609
  0.00028452]

Residual before update:
[ 0.0010789  -0.00252151 -0.00224154 ...  0.00224292 -0.00476609
  0.00028451]

Residual before update:
[ 0.00107943 -0.00252161 -0.00224165 ...  0.00224291 -0.00476609
  0.0002845 ]

Residual before update:
[ 0.00107997 -0.00252171 -0.00224175 ...  0.00224291 -0.00476609
  0.00028449]

Residual before update:
[ 0.0010805  -0.00252181 -0.00224185 ...  0.0022429  -0.00476609
  0.00028447]

Residual before update:
[ 0.001081   -0.00252191 -0.00224194 ...  0.00224289 -0.00476609
  0.00028446]

Residual before update:
[ 0.00108152 -0.002522   -0.00224204 ...  0.00224289 -0.00476609
  0.00028445]

Residual before update:
[ 0.00108143 -0.00252198 -0.00224202 ...  0.00224289 -0.00476609
  0.00028445]

Residual before update:
[ 0.00108135 -0.00252197 -0.00224201 ...  0.00224289 -0.00476609
  0.00028445]

Residual before update:
[ 0.00108129 -0.00252196 -0.002242   ...  0.00224289 -0.00476609
  0.00028445]

Residual before update:
[ 0.00108124 -0.00252195 -0.00224199 ...  0.00224289 -0.00476609
  0.00028445]

Residual before update:
[ 0.00108121 -0.00252194 -0.00224198 ...  0.00224289 -0.00476609
  0.00028445]

Residual before update:
[ 0.00108117 -0.00252193 -0.00224197 ...  0.00224289 -0.00476609
  0.00028445]

Residual before update:
[ 0.00108116 -0.00252193 -0.00224197 ...  0.00224289 -0.00476609
  0.00028445]

Residual before update:
[ 0.00108115 -0.00252193 -0.00224197 ...  0.00224289 -0.00476609
  0.00028445]

Residual before update:
[ 0.00108114 -0.00252193 -0.00224197 ...  0.00224289 -0.00476609
  0.00028445]

Residual before update:
[ 0.00108116 -0.00252193 -0.00224197 ...  0.00224289 -0.00476609
  0.00028445]

Residual before update:
[ 0.00108116 -0.00252193 -0.00224197 ...  0.00224289 -0.00476609
  0.00028445]

Residual before update:
[ 0.00108116 -0.00252193 -0.00224197 ...  0.00224289 -0.00476609
  0.00028445]

Residual before update:
[ 0.00108117 -0.00252193 -0.00224197 ...  0.00224289 -0.00476609
  0.00028445]

Residual before update:
[ 0.00108117 -0.00252193 -0.00224197 ...  0.00224289 -0.00476609
  0.00028445]

Residual before update:
[ 0.00108118 -0.00252193 -0.00224197 ...  0.00224289 -0.00476609
  0.00028445]

Residual before update:
[ 0.00108118 -0.00252193 -0.00224197 ...  0.00224289 -0.00476609
  0.00028445]

Residual before update:
[ 0.00108118 -0.00252193 -0.00224197 ...  0.00224289 -0.00476609
  0.00028445]

Residual before update:
[ 0.00108119 -0.00252194 -0.00224197 ...  0.00224289 -0.00476609
  0.00028445]

Residual before update:
[ 0.00108118 -0.00252194 -0.00224197 ...  0.00224289 -0.00476609
  0.00028445]

Residual before update:
[ 0.0010812  -0.00252194 -0.00224197 ...  0.00224289 -0.00476609
  0.00028445]

Residual before update:
[ 0.00108119 -0.00252194 -0.00224197 ...  0.00224289 -0.00476609
  0.00028445]

Residual before update:
[ 0.00108118 -0.00252194 -0.00224197 ...  0.00224289 -0.00476609
  0.00028445]

Residual before update:
[ 0.00108119 -0.00252194 -0.00224197 ...  0.00224289 -0.00476609
  0.00028445]

Residual before update:
[ 0.00108119 -0.00252194 -0.00224197 ...  0.00224289 -0.00476609
  0.00028445]

Residual before update:
[ 0.0010812  -0.00252194 -0.00224198 ...  0.00224289 -0.00476609
  0.00028445]

Residual before update:
[ 0.00108119 -0.00252194 -0.00224198 ...  0.00224289 -0.00476609
  0.00028445]

Residual before update:
[ 0.0010812  -0.00252194 -0.00224198 ...  0.00224289 -0.00476609
  0.00028445]

Residual before update:
[ 0.00108121 -0.00252194 -0.00224198 ...  0.00224289 -0.00476609
  0.00028445]

Residual before update:
[ 0.0010812  -0.00252194 -0.00224198 ...  0.00224289 -0.00476609
  0.00028445]

Residual before update:
[ 0.00108121 -0.00252194 -0.00224198 ...  0.00224289 -0.00476609
  0.00028445]

Residual before update:
[ 0.00108121 -0.00252194 -0.00224198 ...  0.00224289 -0.00476609
  0.00028445]

Residual before update:
[ 0.0010812  -0.00252194 -0.00224198 ...  0.00224289 -0.00476609
  0.00028445]

Residual before update:
[ 0.00108121 -0.00252194 -0.00224198 ...  0.00224289 -0.00476609
  0.00028445]

Residual before update:
[ 0.00108121 -0.00252194 -0.00224198 ...  0.00224289 -0.00476609
  0.00028445]

Residual before update:
[ 0.00108122 -0.00252194 -0.00224198 ...  0.00224289 -0.00476609
  0.00028445]

Residual before update:
[ 0.00108121 -0.00252194 -0.00224198 ...  0.00224289 -0.00476609
  0.00028445]

Residual before update:
[ 0.00108122 -0.00252194 -0.00224198 ...  0.00224289 -0.00476609
  0.00028445]

Residual before update:
[ 0.00108122 -0.00252194 -0.00224198 ...  0.00224289 -0.00476609
  0.00028445]

Residual before update:
[ 0.00108122 -0.00252194 -0.00224198 ...  0.00224289 -0.00476609
  0.00028445]

Residual before update:
[ 0.00108123 -0.00252194 -0.00224198 ...  0.00224289 -0.00476609
  0.00028444]
Compute pips
###############################
TGFM
###############################
Initialize variables
Warning: 319 variants have NaN gwas_beta. Setting to 0 with large SE.
Iterative optimization

Residual before update:
[-0.00144427  0.00619901 -0.00155043 ... -0.0054483   0.00208711
 -0.00519315]

Residual before update:
[-0.00144425  0.00619901 -0.00155041 ... -0.00544814  0.00208791
 -0.00519306]

Residual before update:
[-0.00144423  0.00619901 -0.00155039 ... -0.00544797  0.0020887
 -0.00519296]

Residual before update:
[-0.00144422  0.00619901 -0.00155038 ... -0.00544781  0.00208949
 -0.00519287]

Residual before update:
[-0.0014442   0.00619901 -0.00155036 ... -0.00544765  0.00209027
 -0.00519277]

Residual before update:
[-0.00144418  0.00619901 -0.00155034 ... -0.00544749  0.00209104
 -0.00519268]

Residual before update:
[-0.00144417  0.00619901 -0.00155033 ... -0.00544733  0.00209181
 -0.00519259]

Residual before update:
[-0.00144415  0.00619901 -0.00155031 ... -0.00544717  0.00209258
 -0.00519249]

Residual before update:
[-0.00144413  0.00619901 -0.00155029 ... -0.00544701  0.00209334
 -0.0051924 ]

Residual before update:
[-0.00144412  0.00619901 -0.00155028 ... -0.00544685  0.0020941
 -0.00519231]

Residual before update:
[-0.00144412  0.00619901 -0.00155028 ... -0.00544686  0.00209405
 -0.00519232]

Residual before update:
[-0.00144412  0.00619901 -0.00155028 ... -0.00544687  0.00209402
 -0.00519232]

Residual before update:
[-0.00144412  0.00619901 -0.00155028 ... -0.00544687  0.00209399
 -0.00519232]

Residual before update:
[-0.00144412  0.00619901 -0.00155028 ... -0.00544688  0.00209396
 -0.00519233]

Residual before update:
[-0.00144412  0.00619901 -0.00155028 ... -0.00544688  0.00209395
 -0.00519233]

Residual before update:
[-0.00144412  0.00619901 -0.00155028 ... -0.00544689  0.00209393
 -0.00519233]

Residual before update:
[-0.00144412  0.00619901 -0.00155028 ... -0.00544689  0.00209392
 -0.00519233]

Residual before update:
[-0.00144412  0.00619901 -0.00155028 ... -0.00544689  0.00209392
 -0.00519233]

Residual before update:
[-0.00144412  0.00619901 -0.00155028 ... -0.00544689  0.00209391
 -0.00519233]

Residual before update:
[-0.00144412  0.00619901 -0.00155028 ... -0.00544689  0.00209392
 -0.00519233]

Residual before update:
[-0.00144412  0.00619901 -0.00155028 ... -0.00544689  0.00209392
 -0.00519233]

Residual before update:
[-0.00144412  0.00619901 -0.00155028 ... -0.00544689  0.00209392
 -0.00519233]

Residual before update:
[-0.00144412  0.00619901 -0.00155028 ... -0.00544689  0.00209393
 -0.00519233]

Residual before update:
[-0.00144412  0.00619901 -0.00155028 ... -0.00544689  0.00209393
 -0.00519233]

Residual before update:
[-0.00144412  0.00619901 -0.00155027 ... -0.00544689  0.00209393
 -0.00519233]

Residual before update:
[-0.00144412  0.00619901 -0.00155027 ... -0.00544689  0.00209393
 -0.00519233]

Residual before update:
[-0.00144412  0.00619901 -0.00155027 ... -0.00544688  0.00209394
 -0.00519233]

Residual before update:
[-0.00144412  0.00619901 -0.00155027 ... -0.00544688  0.00209394
 -0.00519233]

Residual before update:
[-0.00144412  0.00619901 -0.00155027 ... -0.00544688  0.00209394
 -0.00519233]

Residual before update:
[-0.00144412  0.00619901 -0.00155027 ... -0.00544688  0.00209394
 -0.00519233]

Residual before update:
[-0.00144412  0.00619901 -0.00155027 ... -0.00544688  0.00209394
 -0.00519233]

Residual before update:
[-0.00144412  0.00619901 -0.00155027 ... -0.00544688  0.00209394
 -0.00519233]

Residual before update:
[-0.00144412  0.00619901 -0.00155027 ... -0.00544688  0.00209395
 -0.00519233]

Residual before update:
[-0.00144412  0.00619901 -0.00155027 ... -0.00544688  0.00209395
 -0.00519233]

Residual before update:
[-0.00144412  0.00619901 -0.00155027 ... -0.00544688  0.00209395
 -0.00519233]

Residual before update:
[-0.00144412  0.00619901 -0.00155027 ... -0.00544688  0.00209395
 -0.00519233]

Residual before update:
[-0.00144412  0.00619901 -0.00155027 ... -0.00544688  0.00209396
 -0.00519233]

Residual before update:
[-0.00144412  0.00619901 -0.00155027 ... -0.00544688  0.00209396
 -0.00519233]

Residual before update:
[-0.00144412  0.00619901 -0.00155027 ... -0.00544688  0.00209396
 -0.00519233]

Residual before update:
[-0.00144412  0.00619901 -0.00155027 ... -0.00544688  0.00209396
 -0.00519233]

Residual before update:
[-0.00144412  0.00619901 -0.00155027 ... -0.00544688  0.00209396
 -0.00519233]

Residual before update:
[-0.00144412  0.00619901 -0.00155027 ... -0.00544688  0.00209397
 -0.00519233]

Residual before update:
[-0.00144412  0.00619901 -0.00155027 ... -0.00544688  0.00209397
 -0.00519233]

Residual before update:
[-0.00144412  0.00619901 -0.00155027 ... -0.00544688  0.00209397
 -0.00519232]

Residual before update:
[-0.00144412  0.00619901 -0.00155027 ... -0.00544688  0.00209397
 -0.00519232]

Residual before update:
[-0.00144412  0.00619901 -0.00155027 ... -0.00544688  0.00209397
 -0.00519232]

Residual before update:
[-0.00144412  0.00619901 -0.00155027 ... -0.00544688  0.00209398
 -0.00519232]

Residual before update:
[-0.00144412  0.00619901 -0.00155027 ... -0.00544688  0.00209398
 -0.00519232]

Residual before update:
[-0.00144411  0.00619901 -0.00155027 ... -0.00544688  0.00209398
 -0.00519232]

Residual before update:
[-0.00144411  0.00619901 -0.00155027 ... -0.00544687  0.00209398
 -0.00519232]
Compute pips
###############################
TGFM
###############################
Initialize variables
Warning: 347 variants have NaN gwas_beta. Setting to 0 with large SE.
Iterative optimization

Residual before update:
[-0.00572031  0.0086952  -0.0004816  ...  0.00436395 -0.00238669
  0.00199956]

Residual before update:
[-0.00572032  0.0086951  -0.00048164 ...  0.00436329 -0.00238687
  0.00199943]

Residual before update:
[-0.00572034  0.008695   -0.00048168 ...  0.0043628  -0.002387
  0.00199934]

Residual before update:
[-0.00572035  0.0086949  -0.00048172 ...  0.00436241 -0.00238709
  0.00199928]

Residual before update:
[-0.00572035  0.0086948  -0.00048175 ...  0.00436209 -0.00238715
  0.00199923]

Residual before update:
[-0.00572036  0.0086947  -0.00048178 ...  0.00436181 -0.0023872
  0.0019992 ]

Residual before update:
[-0.00570444  0.00869664 -0.00047571 ...  0.0043767  -0.00238657
  0.00200054]

Residual before update:
[-0.00572037  0.0086945  -0.00048185 ...  0.00436136 -0.00238725
  0.00199913]

Residual before update:
[-0.00568664  0.00869673 -0.00046967 ...  0.00438583 -0.00238185
  0.00200183]

Residual before update:
[-0.38140533 -0.03741865 -0.13131213 ... -0.243767   -0.04813361
 -0.01310948]

Residual before update:
[-0.00572036  0.00869431 -0.0004819  ...  0.00436149 -0.00238709
  0.00199918]

Residual before update:
[-0.00572036  0.00869432 -0.0004819  ...  0.00436172 -0.00238701
  0.0019992 ]

Residual before update:
[-0.00572036  0.00869432 -0.0004819  ...  0.00436181 -0.00238699
  0.00199918]

Residual before update:
[-0.00572035  0.00869432 -0.0004819  ...  0.00436182 -0.002387
  0.00199915]

Residual before update:
[-0.00572036  0.00869431 -0.0004819  ...  0.00436179 -0.00238701
  0.00199911]

Residual before update:
[-0.00572036  0.00869431 -0.0004819  ...  0.00436173 -0.00238704
  0.00199908]

Residual before update:
[-0.00570443  0.00869695 -0.00047489 ...  0.00438005 -0.00238672
  0.00200054]

Residual before update:
[-0.00572036  0.00869431 -0.0004819  ...  0.0043616  -0.0023871
  0.00199904]

Residual before update:
[-0.00569119  0.00869739 -0.00047122 ...  0.00439025 -0.00238545
  0.0020014 ]

Residual before update:
[-0.18867014 -0.02284435 -0.052515   ... -0.11485033 -0.04138133
  0.00282342]

Residual before update:
[-0.00572036  0.00869431 -0.0004819  ...  0.00436149 -0.00238713
  0.00199906]

Residual before update:
[-0.00572036  0.0086943  -0.0004819  ...  0.00436156 -0.00238709
  0.0019991 ]

Residual before update:
[-0.00572036  0.0086943  -0.0004819  ...  0.00436161 -0.00238707
  0.00199913]

Residual before update:
[-0.00572036  0.0086943  -0.0004819  ...  0.00436164 -0.00238706
  0.00199914]

Residual before update:
[-0.00572036  0.0086943  -0.0004819  ...  0.00436165 -0.00238705
  0.00199913]

Residual before update:
[-0.00572036  0.0086943  -0.0004819  ...  0.00436165 -0.00238706
  0.00199912]

Residual before update:
[-0.00570428  0.00869721 -0.00047464 ...  0.00438052 -0.00238676
  0.00200082]

Residual before update:
[-0.00572036  0.0086943  -0.0004819  ...  0.0043616  -0.00238708
  0.00199909]

Residual before update:
[-0.00569124  0.00869739 -0.00047123 ...  0.00439023 -0.00238546
  0.00200139]

Residual before update:
[-0.18865789 -0.02284556 -0.0525071  ... -0.11162861 -0.04235732
  0.0028262 ]

Residual before update:
[-0.00572036  0.00869429 -0.00048191 ...  0.00436153 -0.00238711
  0.00199905]

Residual before update:
[-0.00572036  0.00869429 -0.00048191 ...  0.00436154 -0.0023871
  0.00199906]

Residual before update:
[-0.00572036  0.00869429 -0.00048191 ...  0.00436156 -0.00238709
  0.00199908]

Residual before update:
[-0.00572036  0.00869429 -0.00048191 ...  0.00436158 -0.00238708
  0.00199909]

Residual before update:
[-0.00572036  0.00869429 -0.00048191 ...  0.0043616  -0.00238707
  0.0019991 ]

Residual before update:
[-0.00572036  0.00869428 -0.00048191 ...  0.0043616  -0.00238707
  0.00199911]

Residual before update:
[-0.00570422  0.00869723 -0.00047451 ...  0.00438085 -0.00238678
  0.00200085]

Residual before update:
[-0.00572036  0.00869428 -0.00048191 ...  0.00436159 -0.00238707
  0.0019991 ]

Residual before update:
[-0.00569128  0.00869739 -0.00047124 ...  0.00439022 -0.00238546
  0.00200138]

Residual before update:
[-0.18865797 -0.02284684 -0.05250885 ... -0.11162852 -0.04235744
  0.00282522]
NaNs in component_non_med_pred at component 0

Residual before update:
[-0.00572036  0.00869428 -0.00048191 ...  0.00436154 -0.00238709
  0.00199907]
NaNs in residual_incl_alpha[38, :]
NaN in mixture_alpha_mu: b_terms=[nan nan nan nan nan nan nan nan nan nan nan nan nan nan nan nan nan nan
 nan nan nan nan nan nan nan nan nan nan nan nan nan nan nan]
NaNs in self.residual at bs_iter=38
NaNs in un_normalized_lv_alpha_weights
NaN in normalizing_term
NaNs in component_non_med_pred at component 1

Residual before update:
[-0.00572036  0.00869428 -0.00048191 ...  0.00436153 -0.0023871
  0.00199906]
NaNs in residual_incl_alpha[38, :]
NaNs in gene_weights for bs_iter=38
NaN in mixture_alpha_mu: b_terms=[nan nan nan nan nan nan nan nan nan nan nan nan nan nan nan nan nan nan
 nan nan nan nan nan nan nan nan nan nan nan nan nan nan nan]
NaNs in self.residual at bs_iter=38
NaNs in un_normalized_lv_alpha_weights
NaN in normalizing_term
NaNs in component_non_med_pred at component 2

Residual before update:
[-0.00572036  0.00869427 -0.00048191 ...  0.00436153 -0.00238709
  0.00199907]
NaNs in residual_incl_alpha[38, :]
NaNs in gene_weights for bs_iter=38
NaN in mixture_alpha_mu: b_terms=[nan nan nan nan nan nan nan nan nan nan nan nan nan nan nan nan nan nan
 nan nan nan nan nan nan nan nan nan nan nan nan nan nan nan]
NaNs in self.residual at bs_iter=38
NaNs in un_normalized_lv_alpha_weights
NaN in normalizing_term
NaNs in component_non_med_pred at component 3

Residual before update:
[-0.00572036  0.00869427 -0.00048191 ...  0.00436154 -0.00238709
  0.00199907]
NaNs in residual_incl_alpha[38, :]
NaNs in gene_weights for bs_iter=38
NaN in mixture_alpha_mu: b_terms=[nan nan nan nan nan nan nan nan nan nan nan nan nan nan nan nan nan nan
 nan nan nan nan nan nan nan nan nan nan nan nan nan nan nan]
NaNs in self.residual at bs_iter=38
NaNs in un_normalized_lv_alpha_weights
NaN in normalizing_term
NaNs in component_non_med_pred at component 4

Residual before update:
[-0.00572036  0.00869427 -0.00048191 ...  0.00436155 -0.00238708
  0.00199908]
NaNs in residual_incl_alpha[38, :]
NaNs in gene_weights for bs_iter=38
NaN in mixture_alpha_mu: b_terms=[nan nan nan nan nan nan nan nan nan nan nan nan nan nan nan nan nan nan
 nan nan nan nan nan nan nan nan nan nan nan nan nan nan nan]
NaNs in self.residual at bs_iter=38
NaNs in un_normalized_lv_alpha_weights
NaN in normalizing_term
NaNs in component_non_med_pred at component 5

Residual before update:
[-0.00572036  0.00869427 -0.00048191 ...  0.00436156 -0.00238708
  0.00199908]
NaNs in residual_incl_alpha[38, :]
NaNs in gene_weights for bs_iter=38
NaN in mixture_alpha_mu: b_terms=[nan nan nan nan nan nan nan nan nan nan nan nan nan nan nan nan nan nan
 nan nan nan nan nan nan nan nan nan nan nan nan nan nan nan]
NaNs in self.residual at bs_iter=38
NaNs in un_normalized_lv_alpha_weights
NaN in normalizing_term
NaNs in component_non_med_pred at component 6

Residual before update:
[-0.00570413  0.00869726 -0.00047445 ...  0.00438104 -0.00238679
  0.00200086]
NaNs in residual_incl_alpha[38, :]
NaNs in gene_weights for bs_iter=38
NaN in mixture_alpha_mu: b_terms=[nan nan nan nan nan nan nan nan nan nan nan nan nan nan nan nan nan nan
 nan nan nan nan nan nan nan nan nan nan nan nan nan nan nan]
NaNs in self.residual at bs_iter=38
NaNs in un_normalized_lv_alpha_weights
NaN in normalizing_term
NaNs in component_non_med_pred at component 7

Residual before update:
[-0.00572036  0.00869427 -0.00048191 ...  0.00436156 -0.00238707
  0.00199909]
NaNs in residual_incl_alpha[38, :]
NaNs in gene_weights for bs_iter=38
NaN in mixture_alpha_mu: b_terms=[nan nan nan nan nan nan nan nan nan nan nan nan nan nan nan nan nan nan
 nan nan nan nan nan nan nan nan nan nan nan nan nan nan nan]
NaNs in self.residual at bs_iter=38
NaNs in un_normalized_lv_alpha_weights
NaN in normalizing_term
NaNs in component_non_med_pred at component 8

Residual before update:
[-0.00569132  0.00869738 -0.00047125 ...  0.0043902  -0.00238547
  0.00200137]
NaNs in residual_incl_alpha[38, :]
NaNs in gene_weights for bs_iter=38
NaN in mixture_alpha_mu: b_terms=[nan nan nan nan nan nan nan nan nan nan nan nan nan nan nan nan nan nan
 nan nan nan nan nan nan nan nan nan nan nan nan nan nan nan]
NaNs in self.residual at bs_iter=38
NaNs in un_normalized_lv_alpha_weights
NaN in normalizing_term
NaN in beta_*: layer 9, bs_iter=38, k=51, beta_mu=1.359846156277412e+152, beta_phi=nan
NaN in beta_*: layer 9, bs_iter=38, k=60, beta_mu=1.1723231757690172e+152, beta_phi=nan
NaN in beta_*: layer 9, bs_iter=38, k=108, beta_mu=9.520308825030288e+151, beta_phi=nan
NaN in beta_*: layer 9, bs_iter=38, k=274, beta_mu=2.2975695889677677e+152, beta_phi=nan
NaN in beta_*: layer 9, bs_iter=38, k=284, beta_mu=1.0392589896659876e+152, beta_phi=nan
NaN in beta_*: layer 9, bs_iter=38, k=295, beta_mu=1.0013386925133499e+152, beta_phi=nan
NaN in beta_*: layer 9, bs_iter=38, k=307, beta_mu=1.1780792543188938e+152, beta_phi=nan
NaN in beta_*: layer 9, bs_iter=38, k=308, beta_mu=1.4695989646344794e+152, beta_phi=nan
NaN in beta_*: layer 9, bs_iter=38, k=324, beta_mu=1.2441003068342856e+152, beta_phi=nan
NaN in beta_*: layer 9, bs_iter=38, k=352, beta_mu=3.427353794429705e+152, beta_phi=nan
NaN in beta_*: layer 9, bs_iter=38, k=356, beta_mu=3.4273720554823997e+152, beta_phi=nan
NaN in beta_*: layer 9, bs_iter=38, k=412, beta_mu=9.645711804263966e+151, beta_phi=nan
NaN in beta_*: layer 9, bs_iter=38, k=417, beta_mu=9.645704320355619e+151, beta_phi=nan
NaN in beta_*: layer 9, bs_iter=38, k=424, beta_mu=9.645710067996221e+151, beta_phi=nan
NaN in beta_*: layer 9, bs_iter=38, k=453, beta_mu=1.3568739415992665e+152, beta_phi=nan
NaN in beta_*: layer 9, bs_iter=38, k=467, beta_mu=1.3920863694196997e+152, beta_phi=nan
NaN in beta_*: layer 9, bs_iter=38, k=479, beta_mu=1.5194127227606868e+152, beta_phi=nan
NaN in beta_*: layer 9, bs_iter=38, k=485, beta_mu=2.0523285536620913e+152, beta_phi=nan
NaN in beta_*: layer 9, bs_iter=38, k=487, beta_mu=1.5455563357854267e+152, beta_phi=nan
NaN in beta_*: layer 9, bs_iter=38, k=495, beta_mu=2.227313153023934e+152, beta_phi=nan
NaN in beta_*: layer 9, bs_iter=38, k=498, beta_mu=1.0918471039315246e+152, beta_phi=nan
NaN in beta_*: layer 9, bs_iter=38, k=534, beta_mu=1.1467936428360715e+152, beta_phi=nan
NaN in beta_*: layer 9, bs_iter=38, k=536, beta_mu=1.0270406722617169e+152, beta_phi=nan
NaN in beta_*: layer 9, bs_iter=38, k=560, beta_mu=1.0905866498602098e+152, beta_phi=nan
NaN in beta_*: layer 9, bs_iter=38, k=571, beta_mu=1.081736393277308e+152, beta_phi=nan
NaN in beta_*: layer 9, bs_iter=38, k=579, beta_mu=1.0766608479838185e+152, beta_phi=nan
NaN in beta_*: layer 9, bs_iter=38, k=587, beta_mu=1.0792974081614795e+152, beta_phi=nan
NaN in beta_*: layer 9, bs_iter=38, k=589, beta_mu=1.1265430892340128e+152, beta_phi=nan
NaN in beta_*: layer 9, bs_iter=38, k=622, beta_mu=1.3518779633598448e+152, beta_phi=nan
NaN in beta_*: layer 9, bs_iter=38, k=656, beta_mu=1.4448271233604539e+152, beta_phi=nan
NaN in beta_*: layer 9, bs_iter=38, k=668, beta_mu=1.4306985029583752e+152, beta_phi=nan
NaN in beta_*: layer 9, bs_iter=38, k=672, beta_mu=1.505087491707036e+152, beta_phi=nan
NaN in beta_*: layer 9, bs_iter=38, k=689, beta_mu=1.3331060571952346e+152, beta_phi=nan
NaN in beta_*: layer 9, bs_iter=38, k=723, beta_mu=1.1123288567657575e+152, beta_phi=nan
NaN in beta_*: layer 9, bs_iter=38, k=748, beta_mu=1.0894557796161048e+152, beta_phi=nan
NaN in beta_*: layer 9, bs_iter=38, k=757, beta_mu=1.3147813380640828e+152, beta_phi=nan
NaN in beta_*: layer 9, bs_iter=38, k=760, beta_mu=1.076587322451492e+152, beta_phi=nan
NaN in beta_*: layer 9, bs_iter=38, k=777, beta_mu=1.2298666018457395e+152, beta_phi=nan
NaN in beta_*: layer 9, bs_iter=38, k=789, beta_mu=1.1757137013768584e+152, beta_phi=nan
NaN in beta_*: layer 9, bs_iter=38, k=791, beta_mu=1.2088845888915151e+152, beta_phi=nan
NaN in beta_*: layer 9, bs_iter=38, k=792, beta_mu=1.2088825858762182e+152, beta_phi=nan
NaN in beta_*: layer 9, bs_iter=38, k=803, beta_mu=1.2088844900055767e+152, beta_phi=nan
NaN in beta_*: layer 9, bs_iter=38, k=807, beta_mu=1.192243271284971e+152, beta_phi=nan
NaN in beta_*: layer 9, bs_iter=38, k=808, beta_mu=1.192241508062888e+152, beta_phi=nan
NaN in beta_*: layer 9, bs_iter=38, k=809, beta_mu=1.0927978082393168e+152, beta_phi=nan
NaN in beta_*: layer 9, bs_iter=38, k=824, beta_mu=1.1594677458503389e+152, beta_phi=nan
NaN in beta_*: layer 9, bs_iter=38, k=851, beta_mu=4.302347410481126e+152, beta_phi=nan
NaN in beta_*: layer 9, bs_iter=38, k=879, beta_mu=1.656475712277978e+152, beta_phi=nan
NaN in beta_*: layer 9, bs_iter=38, k=1011, beta_mu=1.5930151105500788e+152, beta_phi=nan
NaN in beta_*: layer 9, bs_iter=38, k=1014, beta_mu=1.1090048886458466e+152, beta_phi=nan
NaN in beta_*: layer 9, bs_iter=38, k=1065, beta_mu=1.4179931419404764e+152, beta_phi=nan
NaN in beta_*: layer 9, bs_iter=38, k=1071, beta_mu=1.1237801189807182e+152, beta_phi=nan
NaN in beta_*: layer 9, bs_iter=38, k=1079, beta_mu=1.33971585327424e+152, beta_phi=nan
NaN in beta_*: layer 9, bs_iter=38, k=1089, beta_mu=1.3292522204083642e+152, beta_phi=nan
NaN in beta_*: layer 9, bs_iter=38, k=1094, beta_mu=1.3355490576197037e+152, beta_phi=nan
NaN in beta_*: layer 9, bs_iter=38, k=1109, beta_mu=2.6006723765210016e+152, beta_phi=nan
NaN in beta_*: layer 9, bs_iter=38, k=1123, beta_mu=2.0568950349190285e+152, beta_phi=nan
NaN in beta_*: layer 9, bs_iter=38, k=1134, beta_mu=3.056949011080857e+152, beta_phi=nan
NaN in beta_*: layer 9, bs_iter=38, k=1156, beta_mu=2.6411217947418093e+152, beta_phi=nan
NaN in beta_*: layer 9, bs_iter=38, k=1158, beta_mu=1.0023923943030347e+152, beta_phi=nan
NaN in beta_*: layer 9, bs_iter=38, k=1174, beta_mu=1.5588179450870313e+152, beta_phi=nan
NaN in beta_*: layer 9, bs_iter=38, k=1178, beta_mu=2.0038624765003187e+152, beta_phi=nan
NaN in beta_*: layer 9, bs_iter=38, k=1187, beta_mu=1.6490594201446088e+152, beta_phi=nan
NaN in beta_*: layer 9, bs_iter=38, k=1188, beta_mu=2.0050263410464723e+152, beta_phi=nan
NaN in beta_*: layer 9, bs_iter=38, k=1219, beta_mu=1.8009291240912165e+152, beta_phi=nan
NaN in beta_*: layer 9, bs_iter=38, k=1253, beta_mu=1.2590006148824495e+152, beta_phi=nan
NaN in beta_*: layer 9, bs_iter=38, k=1261, beta_mu=1.0459350757383739e+152, beta_phi=nan
NaN in beta_*: layer 9, bs_iter=38, k=1270, beta_mu=1.217435395569628e+152, beta_phi=nan
NaN in beta_*: layer 9, bs_iter=38, k=1273, beta_mu=1.1428519246871614e+152, beta_phi=nan
NaN in beta_*: layer 9, bs_iter=38, k=1275, beta_mu=1.21597752407767e+152, beta_phi=nan
NaN in beta_*: layer 9, bs_iter=38, k=1277, beta_mu=1.0578246733022556e+152, beta_phi=nan
NaN in beta_*: layer 9, bs_iter=38, k=1279, beta_mu=1.0838389715142447e+152, beta_phi=nan
NaN in beta_*: layer 9, bs_iter=38, k=1280, beta_mu=1.300984188349156e+152, beta_phi=nan
NaN in beta_*: layer 9, bs_iter=38, k=1286, beta_mu=1.2243395323202204e+152, beta_phi=nan
NaN in beta_*: layer 9, bs_iter=38, k=1290, beta_mu=1.0752570890088975e+152, beta_phi=nan
NaN in beta_*: layer 9, bs_iter=38, k=1292, beta_mu=9.853397687027667e+151, beta_phi=nan
NaN in beta_*: layer 9, bs_iter=38, k=1293, beta_mu=1.2263316057878159e+152, beta_phi=nan
NaN in beta_*: layer 9, bs_iter=38, k=1304, beta_mu=9.570105319141259e+151, beta_phi=nan
NaN in beta_*: layer 9, bs_iter=38, k=1310, beta_mu=1.6926658494328664e+152, beta_phi=nan
NaN in beta_*: layer 9, bs_iter=38, k=1318, beta_mu=1.6087328940839732e+152, beta_phi=nan
NaN in beta_*: layer 9, bs_iter=38, k=1321, beta_mu=2.726998925856787e+152, beta_phi=nan
NaN in beta_*: layer 9, bs_iter=38, k=1323, beta_mu=9.861061636693936e+151, beta_phi=nan
NaN in beta_*: layer 9, bs_iter=38, k=1327, beta_mu=1.2576613729926495e+152, beta_phi=nan
NaN in beta_*: layer 9, bs_iter=38, k=1329, beta_mu=1.0206691150634008e+152, beta_phi=nan
NaN in beta_*: layer 9, bs_iter=38, k=1330, beta_mu=9.726434672567392e+151, beta_phi=nan
NaN in beta_*: layer 9, bs_iter=38, k=1349, beta_mu=1.2228736351768389e+152, beta_phi=nan
NaN in beta_*: layer 9, bs_iter=38, k=1368, beta_mu=1.187940040640796e+152, beta_phi=nan
NaN in beta_*: layer 9, bs_iter=38, k=1369, beta_mu=1.1390894459170868e+152, beta_phi=nan
NaN in beta_*: layer 9, bs_iter=38, k=1376, beta_mu=1.0302583801765383e+152, beta_phi=nan
NaN in beta_*: layer 9, bs_iter=38, k=1382, beta_mu=1.2675081542890815e+152, beta_phi=nan
NaN in beta_*: layer 9, bs_iter=38, k=1390, beta_mu=1.0203953996044526e+152, beta_phi=nan
NaN in beta_*: layer 9, bs_iter=38, k=1409, beta_mu=1.8396318492649097e+152, beta_phi=nan
NaN in beta_*: layer 9, bs_iter=38, k=1436, beta_mu=1.553648739937063e+152, beta_phi=nan
NaN in beta_*: layer 9, bs_iter=38, k=1437, beta_mu=1.597382937782502e+152, beta_phi=nan
NaN in beta_*: layer 9, bs_iter=38, k=1450, beta_mu=1.629366909389834e+152, beta_phi=nan
NaN in beta_*: layer 9, bs_iter=38, k=1456, beta_mu=9.670522989133168e+151, beta_phi=nan
NaN in beta_*: layer 9, bs_iter=38, k=1479, beta_mu=1.8265213551690496e+152, beta_phi=nan
NaN in beta_*: layer 9, bs_iter=38, k=1482, beta_mu=1.4437022025985354e+152, beta_phi=nan
NaN in beta_*: layer 9, bs_iter=38, k=1483, beta_mu=1.2986362253505015e+152, beta_phi=nan
NaN in beta_*: layer 9, bs_iter=38, k=1510, beta_mu=1.0453423877448605e+152, beta_phi=nan
NaN in beta_*: layer 9, bs_iter=38, k=1673, beta_mu=1.5373914322977297e+152, beta_phi=nan
NaN in beta_*: layer 9, bs_iter=38, k=1702, beta_mu=1.063814052576569e+152, beta_phi=nan
NaN in beta_*: layer 9, bs_iter=38, k=1707, beta_mu=1.6078582528102411e+152, beta_phi=nan
NaN in beta_*: layer 9, bs_iter=38, k=1746, beta_mu=1.3907622983992669e+152, beta_phi=nan
NaN in beta_*: layer 9, bs_iter=38, k=1747, beta_mu=1.286715225861132e+152, beta_phi=nan
NaN in beta_*: layer 9, bs_iter=38, k=1749, beta_mu=1.255147853036587e+152, beta_phi=nan
NaN in beta_*: layer 9, bs_iter=38, k=1750, beta_mu=1.2556489436563674e+152, beta_phi=nan
NaN in beta_*: layer 9, bs_iter=38, k=1754, beta_mu=1.2145415099854947e+152, beta_phi=nan
NaN in beta_*: layer 9, bs_iter=38, k=1755, beta_mu=1.3006658480146937e+152, beta_phi=nan
NaN in beta_*: layer 9, bs_iter=38, k=1758, beta_mu=1.1694999903383102e+152, beta_phi=nan
NaN in beta_*: layer 9, bs_iter=38, k=1767, beta_mu=1.0136971637966827e+152, beta_phi=nan
NaN in beta_*: layer 9, bs_iter=38, k=1776, beta_mu=1.025839225139151e+152, beta_phi=nan
NaN in beta_*: layer 9, bs_iter=38, k=1777, beta_mu=1.0063407988051485e+152, beta_phi=nan
NaN in beta_*: layer 9, bs_iter=38, k=1787, beta_mu=1.6364095923045908e+152, beta_phi=nan
NaN in beta_*: layer 9, bs_iter=38, k=1822, beta_mu=9.625287751091517e+151, beta_phi=nan
NaN in beta_*: layer 9, bs_iter=38, k=1826, beta_mu=9.454007403782657e+151, beta_phi=nan
NaN in beta_*: layer 9, bs_iter=38, k=1836, beta_mu=1.0115291821727214e+152, beta_phi=nan
NaN in beta_*: layer 9, bs_iter=38, k=1837, beta_mu=9.453989100895038e+151, beta_phi=nan
NaN in beta_*: layer 9, bs_iter=38, k=1849, beta_mu=9.454046828394734e+151, beta_phi=nan
NaN in beta_*: layer 9, bs_iter=38, k=1876, beta_mu=1.4202239907057583e+152, beta_phi=nan
NaN in beta_*: layer 9, bs_iter=38, k=1877, beta_mu=1.4202379963347535e+152, beta_phi=nan
NaN in beta_*: layer 9, bs_iter=38, k=1878, beta_mu=1.1761195003005713e+152, beta_phi=nan
NaN in beta_*: layer 9, bs_iter=38, k=1965, beta_mu=1.127478340819116e+152, beta_phi=nan
NaN in beta_*: layer 9, bs_iter=38, k=2001, beta_mu=2.1472029635147827e+152, beta_phi=nan
NaN in beta_*: layer 9, bs_iter=38, k=2009, beta_mu=9.905379610014058e+151, beta_phi=nan
NaN in beta_*: layer 9, bs_iter=38, k=2041, beta_mu=2.1471677109744213e+152, beta_phi=nan
NaN in beta_*: layer 9, bs_iter=38, k=2051, beta_mu=1.1036898373656914e+152, beta_phi=nan
NaN in beta_*: layer 9, bs_iter=38, k=2061, beta_mu=1.2007568906646645e+152, beta_phi=nan
NaN in beta_*: layer 9, bs_iter=38, k=2062, beta_mu=1.2007560686009599e+152, beta_phi=nan
NaN in beta_*: layer 9, bs_iter=38, k=2078, beta_mu=1.0193023628110608e+152, beta_phi=nan
NaN in beta_*: layer 9, bs_iter=38, k=2092, beta_mu=1.31294450921226e+152, beta_phi=nan
NaN in beta_*: layer 9, bs_iter=38, k=2094, beta_mu=2.062099983635509e+152, beta_phi=nan
NaN in beta_*: layer 9, bs_iter=38, k=2121, beta_mu=3.1797332872638317e+152, beta_phi=nan
NaN in beta_*: layer 9, bs_iter=38, k=2161, beta_mu=1.0670536032303768e+152, beta_phi=nan
NaN in beta_*: layer 9, bs_iter=38, k=2171, beta_mu=1.5117844363124391e+152, beta_phi=nan
NaN in beta_*: layer 9, bs_iter=38, k=2177, beta_mu=1.0401752851791376e+152, beta_phi=nan
NaN in beta_*: layer 9, bs_iter=38, k=2201, beta_mu=1.011395257551153e+152, beta_phi=nan
NaN in beta_*: layer 9, bs_iter=38, k=2208, beta_mu=1.6236981920114045e+152, beta_phi=nan
NaN in beta_*: layer 9, bs_iter=38, k=2251, beta_mu=1.1776597778694108e+152, beta_phi=nan
NaN in beta_*: layer 9, bs_iter=38, k=2252, beta_mu=1.5709663912527942e+152, beta_phi=nan
NaN in beta_*: layer 9, bs_iter=38, k=2258, beta_mu=1.095313483246426e+152, beta_phi=nan
NaN in beta_*: layer 9, bs_iter=38, k=2264, beta_mu=1.5580551020036816e+152, beta_phi=nan
NaN in beta_*: layer 9, bs_iter=38, k=2265, beta_mu=1.3894104569995965e+152, beta_phi=nan
NaN in beta_*: layer 9, bs_iter=38, k=2275, beta_mu=1.455664343388684e+152, beta_phi=nan
NaN in beta_*: layer 9, bs_iter=38, k=2278, beta_mu=1.2649537187999153e+152, beta_phi=nan
NaN in beta_*: layer 9, bs_iter=38, k=2279, beta_mu=1.9116183355218415e+152, beta_phi=nan
NaN in beta_*: layer 9, bs_iter=38, k=2282, beta_mu=1.1860408456230606e+152, beta_phi=nan
NaN in beta_*: layer 9, bs_iter=38, k=2286, beta_mu=9.989506363087563e+151, beta_phi=nan
NaN in beta_*: layer 9, bs_iter=38, k=2299, beta_mu=2.236140820610178e+152, beta_phi=nan
NaN in beta_*: layer 9, bs_iter=38, k=2300, beta_mu=2.0691127332632181e+152, beta_phi=nan
NaN in beta_*: layer 9, bs_iter=38, k=2302, beta_mu=1.1351746370322804e+152, beta_phi=nan
NaN in beta_*: layer 9, bs_iter=38, k=2303, beta_mu=1.3000670004440744e+152, beta_phi=nan
NaN in beta_*: layer 9, bs_iter=38, k=2306, beta_mu=1.873754420529691e+152, beta_phi=nan
NaN in beta_*: layer 9, bs_iter=38, k=2308, beta_mu=1.0110804421804948e+152, beta_phi=nan
NaN in beta_*: layer 9, bs_iter=38, k=2309, beta_mu=9.690656360816854e+151, beta_phi=nan
NaN in beta_*: layer 9, bs_iter=38, k=2311, beta_mu=2.6324869222035714e+152, beta_phi=nan
NaN in beta_*: layer 9, bs_iter=38, k=2318, beta_mu=1.7544088133645576e+152, beta_phi=nan
NaN in beta_*: layer 9, bs_iter=38, k=2319, beta_mu=1.1329186973302064e+152, beta_phi=nan
NaN in beta_*: layer 9, bs_iter=38, k=2322, beta_mu=1.3073488179762384e+152, beta_phi=nan
NaN in beta_*: layer 9, bs_iter=38, k=2338, beta_mu=1.202815381397778e+152, beta_phi=nan
NaN in beta_*: layer 9, bs_iter=38, k=2348, beta_mu=9.634816791178387e+151, beta_phi=nan
NaN in beta_*: layer 9, bs_iter=38, k=2349, beta_mu=1.0015341776431728e+152, beta_phi=nan
NaN in beta_*: layer 9, bs_iter=38, k=2367, beta_mu=9.617724365077332e+151, beta_phi=nan
NaN in beta_*: layer 9, bs_iter=38, k=2371, beta_mu=5.976165672393926e+152, beta_phi=nan
NaN in beta_*: layer 9, bs_iter=38, k=2372, beta_mu=4.895632005995074e+152, beta_phi=nan
NaN in beta_*: layer 9, bs_iter=38, k=2373, beta_mu=1.0326608352795139e+152, beta_phi=nan
NaN in beta_*: layer 9, bs_iter=38, k=2374, beta_mu=1.0101968583685405e+152, beta_phi=nan
NaN in beta_*: layer 9, bs_iter=38, k=2385, beta_mu=1.748777791691881e+152, beta_phi=nan
NaN in beta_*: layer 9, bs_iter=38, k=2386, beta_mu=1.7077913104402515e+152, beta_phi=nan
NaN in beta_*: layer 9, bs_iter=38, k=2396, beta_mu=1.6521881919064857e+152, beta_phi=nan
NaN in beta_*: layer 9, bs_iter=38, k=2397, beta_mu=3.3635554322751803e+152, beta_phi=nan
NaN in beta_*: layer 9, bs_iter=38, k=2404, beta_mu=1.1752121331121395e+152, beta_phi=nan
NaN in beta_*: layer 9, bs_iter=38, k=2409, beta_mu=9.579242469201347e+151, beta_phi=nan
NaN in beta_*: layer 9, bs_iter=38, k=2441, beta_mu=1.1352164512643225e+152, beta_phi=nan
NaN in beta_*: layer 9, bs_iter=38, k=2453, beta_mu=1.6297403581067182e+152, beta_phi=nan
NaN in beta_*: layer 9, bs_iter=38, k=2528, beta_mu=9.651628001024132e+151, beta_phi=nan
NaN in beta_*: layer 9, bs_iter=38, k=2530, beta_mu=9.926133498915302e+151, beta_phi=nan
NaN in beta_*: layer 9, bs_iter=38, k=2581, beta_mu=1.0230300769671677e+152, beta_phi=nan
NaN in beta_*: layer 9, bs_iter=38, k=2601, beta_mu=1.1230260815014493e+152, beta_phi=nan
NaN in beta_*: layer 9, bs_iter=38, k=2603, beta_mu=1.5442962438325722e+152, beta_phi=nan
NaN in beta_*: layer 9, bs_iter=38, k=2610, beta_mu=1.0213198782066093e+152, beta_phi=nan
NaN in beta_*: layer 9, bs_iter=38, k=2613, beta_mu=1.0449673076418203e+152, beta_phi=nan
NaN in beta_*: layer 9, bs_iter=38, k=2614, beta_mu=1.3365153045727338e+152, beta_phi=nan
NaN in beta_*: layer 9, bs_iter=38, k=2631, beta_mu=1.7771034021392622e+152, beta_phi=nan
NaN in beta_*: layer 9, bs_iter=38, k=2658, beta_mu=1.0182742330139e+152, beta_phi=nan
NaN in beta_*: layer 9, bs_iter=38, k=2688, beta_mu=1.6595172583592721e+152, beta_phi=nan
NaN in beta_*: layer 9, bs_iter=38, k=2700, beta_mu=1.3671569657740723e+152, beta_phi=nan
NaN in beta_*: layer 9, bs_iter=38, k=2703, beta_mu=1.4539792526099682e+152, beta_phi=nan
NaN in beta_*: layer 9, bs_iter=38, k=2707, beta_mu=1.0056886625729194e+152, beta_phi=nan
NaN in beta_*: layer 9, bs_iter=38, k=2710, beta_mu=1.1438440430311571e+152, beta_phi=nan
NaN in beta_*: layer 9, bs_iter=38, k=2713, beta_mu=1.831100710793937e+152, beta_phi=nan
NaN in beta_*: layer 9, bs_iter=38, k=2714, beta_mu=1.420020572129587e+152, beta_phi=nan
NaN in beta_*: layer 9, bs_iter=38, k=2717, beta_mu=1.3596299331861245e+152, beta_phi=nan
NaN in beta_*: layer 9, bs_iter=38, k=2718, beta_mu=1.100329575706571e+152, beta_phi=nan
NaN in beta_*: layer 9, bs_iter=38, k=2721, beta_mu=2.579013509485549e+152, beta_phi=nan
NaN in beta_*: layer 9, bs_iter=38, k=2723, beta_mu=1.381885383206194e+152, beta_phi=nan
NaN in beta_*: layer 9, bs_iter=38, k=2725, beta_mu=1.5459867408117942e+152, beta_phi=nan
NaN in beta_*: layer 9, bs_iter=38, k=2727, beta_mu=1.2009618749015322e+152, beta_phi=nan
NaN in beta_*: layer 9, bs_iter=38, k=2728, beta_mu=1.4404113244574234e+152, beta_phi=nan
NaN in beta_*: layer 9, bs_iter=38, k=2734, beta_mu=1.2185005806186368e+152, beta_phi=nan
NaN in beta_*: layer 9, bs_iter=38, k=2741, beta_mu=2.5959569614934623e+152, beta_phi=nan
NaN in beta_*: layer 9, bs_iter=38, k=2751, beta_mu=1.1309820236259838e+152, beta_phi=nan
NaN in beta_*: layer 9, bs_iter=38, k=2752, beta_mu=1.8464925374272042e+152, beta_phi=nan
NaN in beta_*: layer 9, bs_iter=38, k=2754, beta_mu=9.454399826194571e+151, beta_phi=nan
NaN in beta_*: layer 9, bs_iter=38, k=2758, beta_mu=1.3305474052529205e+152, beta_phi=nan
NaN in beta_*: layer 9, bs_iter=38, k=2762, beta_mu=1.9987063627945165e+152, beta_phi=nan
NaN in beta_*: layer 9, bs_iter=38, k=2764, beta_mu=1.4441250016277938e+152, beta_phi=nan
NaN in beta_*: layer 9, bs_iter=38, k=2772, beta_mu=1.0166896722624739e+152, beta_phi=nan
NaN in beta_*: layer 9, bs_iter=38, k=2773, beta_mu=1.069974600286609e+152, beta_phi=nan
NaN in beta_*: layer 9, bs_iter=38, k=2792, beta_mu=1.456528350417864e+152, beta_phi=nan
NaN in beta_*: layer 9, bs_iter=38, k=2836, beta_mu=1.4129773422456297e+152, beta_phi=nan
NaN in beta_*: layer 9, bs_iter=38, k=2863, beta_mu=2.23802050465132e+152, beta_phi=nan
NaN in beta_*: layer 9, bs_iter=38, k=2866, beta_mu=1.7653426375638475e+152, beta_phi=nan
NaN in beta_*: layer 9, bs_iter=38, k=2870, beta_mu=9.815525544779995e+151, beta_phi=nan
NaN in beta_*: layer 9, bs_iter=38, k=2880, beta_mu=1.7388443339816215e+152, beta_phi=nan
NaN in beta_*: layer 9, bs_iter=38, k=2885, beta_mu=1.931398384215413e+152, beta_phi=nan
NaN in beta_*: layer 9, bs_iter=38, k=2915, beta_mu=1.0734217426471958e+152, beta_phi=nan
NaN in beta_*: layer 9, bs_iter=38, k=2916, beta_mu=1.530691026771334e+152, beta_phi=nan
NaN in beta_*: layer 9, bs_iter=38, k=2917, beta_mu=9.858482833664208e+151, beta_phi=nan
NaN in beta_*: layer 9, bs_iter=38, k=2939, beta_mu=1.9623263929948616e+152, beta_phi=nan
NaN in beta_*: layer 9, bs_iter=38, k=2941, beta_mu=1.0324588536112838e+152, beta_phi=nan
NaN in beta_*: layer 9, bs_iter=38, k=2943, beta_mu=1.1233911441820175e+152, beta_phi=nan
NaN in beta_*: layer 9, bs_iter=38, k=2972, beta_mu=1.136851580862824e+152, beta_phi=nan
NaN in beta_*: layer 9, bs_iter=38, k=2975, beta_mu=1.0562213784126396e+152, beta_phi=nan
NaN in beta_*: layer 9, bs_iter=38, k=2980, beta_mu=1.1510058210730257e+152, beta_phi=nan
NaN in beta_*: layer 9, bs_iter=38, k=2987, beta_mu=1.770739012514493e+152, beta_phi=nan
NaN in beta_*: layer 9, bs_iter=38, k=2992, beta_mu=1.714048693744655e+152, beta_phi=nan
NaN in beta_*: layer 9, bs_iter=38, k=3001, beta_mu=2.0645409816231499e+152, beta_phi=nan
NaN in beta_*: layer 9, bs_iter=38, k=3002, beta_mu=1.0067514715920702e+152, beta_phi=nan
NaN in beta_*: layer 9, bs_iter=38, k=3005, beta_mu=2.0946327203014495e+152, beta_phi=nan
NaN in beta_*: layer 9, bs_iter=38, k=3010, beta_mu=9.591616270416817e+151, beta_phi=nan
NaN in beta_*: layer 9, bs_iter=38, k=3012, beta_mu=3.3783512721978255e+152, beta_phi=nan
NaN in beta_*: layer 9, bs_iter=38, k=3013, beta_mu=1.0293023419597702e+152, beta_phi=nan
NaN in beta_*: layer 9, bs_iter=38, k=3017, beta_mu=2.0453968687943687e+152, beta_phi=nan
NaN in beta_*: layer 9, bs_iter=38, k=3025, beta_mu=1.1649699160281045e+152, beta_phi=nan
NaN in beta_*: layer 9, bs_iter=38, k=3036, beta_mu=1.667331706135808e+152, beta_phi=nan
NaN in beta_*: layer 9, bs_iter=38, k=3050, beta_mu=1.7842968517262663e+152, beta_phi=nan
NaN in beta_*: layer 9, bs_iter=38, k=3057, beta_mu=1.6446792388730156e+152, beta_phi=nan
NaN in beta_*: layer 9, bs_iter=38, k=3059, beta_mu=1.7788018064812349e+152, beta_phi=nan
NaN in beta_*: layer 9, bs_iter=38, k=3077, beta_mu=1.730303937915106e+152, beta_phi=nan
NaN in beta_*: layer 9, bs_iter=38, k=3090, beta_mu=1.1874759364341028e+152, beta_phi=nan
NaN in beta_*: layer 9, bs_iter=38, k=3097, beta_mu=1.923323602925791e+152, beta_phi=nan
NaN in beta_*: layer 9, bs_iter=38, k=3098, beta_mu=1.9091320033340556e+152, beta_phi=nan
NaN in beta_*: layer 9, bs_iter=38, k=3103, beta_mu=1.8218955373037116e+152, beta_phi=nan
NaN in beta_*: layer 9, bs_iter=38, k=3105, beta_mu=1.992058085741219e+152, beta_phi=nan
NaN in beta_*: layer 9, bs_iter=38, k=3109, beta_mu=1.0211877119106454e+152, beta_phi=nan
NaN in beta_*: layer 9, bs_iter=38, k=3111, beta_mu=1.923328795675654e+152, beta_phi=nan
NaN in beta_*: layer 9, bs_iter=38, k=3115, beta_mu=1.9336941930881727e+152, beta_phi=nan
NaN in beta_*: layer 9, bs_iter=38, k=3120, beta_mu=1.9687584909038153e+152, beta_phi=nan
NaN in beta_*: layer 9, bs_iter=38, k=3122, beta_mu=1.908295625516512e+152, beta_phi=nan
NaN in beta_*: layer 9, bs_iter=38, k=3124, beta_mu=1.1654045276270117e+152, beta_phi=nan
NaN in beta_*: layer 9, bs_iter=38, k=3126, beta_mu=1.9483371795029885e+152, beta_phi=nan
NaN in beta_*: layer 9, bs_iter=38, k=3128, beta_mu=1.9383265918748419e+152, beta_phi=nan
NaN in beta_*: layer 9, bs_iter=38, k=3129, beta_mu=1.6966067436852877e+152, beta_phi=nan
NaN in beta_*: layer 9, bs_iter=38, k=3131, beta_mu=1.7673316471967793e+152, beta_phi=nan
NaN in beta_*: layer 9, bs_iter=38, k=3141, beta_mu=1.8414643886119264e+152, beta_phi=nan
NaN in beta_*: layer 9, bs_iter=38, k=3143, beta_mu=1.7646677886436001e+152, beta_phi=nan
NaN in beta_*: layer 9, bs_iter=38, k=3145, beta_mu=1.8457631500172893e+152, beta_phi=nan
NaN in beta_*: layer 9, bs_iter=38, k=3147, beta_mu=1.879475030772149e+152, beta_phi=nan
NaN in beta_*: layer 9, bs_iter=38, k=3149, beta_mu=1.3309072597206723e+152, beta_phi=nan
NaN in beta_*: layer 9, bs_iter=38, k=3150, beta_mu=2.2619340749155977e+152, beta_phi=nan
NaN in beta_*: layer 9, bs_iter=38, k=3151, beta_mu=1.7779596645885306e+152, beta_phi=nan
NaN in beta_*: layer 9, bs_iter=38, k=3152, beta_mu=2.4067748600724094e+152, beta_phi=nan
NaN in beta_*: layer 9, bs_iter=38, k=3153, beta_mu=3.39016048613137e+152, beta_phi=nan
NaN in beta_*: layer 9, bs_iter=38, k=3155, beta_mu=1.904663314456246e+152, beta_phi=nan
NaN in beta_*: layer 9, bs_iter=38, k=3179, beta_mu=1.7423743575755523e+152, beta_phi=nan
NaN in beta_*: layer 9, bs_iter=38, k=3180, beta_mu=1.3617621276692574e+152, beta_phi=nan
NaN in beta_*: layer 9, bs_iter=38, k=3186, beta_mu=1.0147762206106506e+152, beta_phi=nan
NaN in beta_*: layer 9, bs_iter=38, k=3191, beta_mu=9.602757591407635e+151, beta_phi=nan
NaN in beta_*: layer 9, bs_iter=38, k=3195, beta_mu=1.1712982778237477e+152, beta_phi=nan
NaN in beta_*: layer 9, bs_iter=38, k=3198, beta_mu=2.1050689086975556e+152, beta_phi=nan
NaN in beta_*: layer 9, bs_iter=38, k=3199, beta_mu=1.0162396375206416e+152, beta_phi=nan
NaN in beta_*: layer 9, bs_iter=38, k=3200, beta_mu=1.0162397298255434e+152, beta_phi=nan
NaN in beta_*: layer 9, bs_iter=38, k=3202, beta_mu=1.0807608470225983e+152, beta_phi=nan
NaN in beta_*: layer 9, bs_iter=38, k=3204, beta_mu=9.696086446755201e+151, beta_phi=nan
NaN in beta_*: layer 9, bs_iter=38, k=3205, beta_mu=1.0171653642727676e+152, beta_phi=nan
NaN in beta_*: layer 9, bs_iter=38, k=3207, beta_mu=1.0125959984804591e+152, beta_phi=nan
NaN in beta_*: layer 9, bs_iter=38, k=3210, beta_mu=1.3618149254641537e+152, beta_phi=nan
NaN in beta_*: layer 9, bs_iter=38, k=3211, beta_mu=1.0138115669621834e+152, beta_phi=nan
NaN in beta_*: layer 9, bs_iter=38, k=3214, beta_mu=1.2251422294432291e+152, beta_phi=nan
NaN in beta_*: layer 9, bs_iter=38, k=3215, beta_mu=1.2276072186583001e+152, beta_phi=nan
NaN in beta_*: layer 9, bs_iter=38, k=3218, beta_mu=1.0147752352857514e+152, beta_phi=nan
NaN in beta_*: layer 9, bs_iter=38, k=3219, beta_mu=1.2674674759445726e+152, beta_phi=nan
NaN in beta_*: layer 9, bs_iter=38, k=3220, beta_mu=1.0016919397638107e+152, beta_phi=nan
NaN in beta_*: layer 9, bs_iter=38, k=3228, beta_mu=2.4104546410489685e+152, beta_phi=nan
NaN in beta_*: layer 9, bs_iter=38, k=3229, beta_mu=1.638254192870365e+152, beta_phi=nan
NaN in beta_*: layer 9, bs_iter=38, k=3230, beta_mu=1.3366584061792968e+152, beta_phi=nan
NaN in beta_*: layer 9, bs_iter=38, k=3232, beta_mu=1.7269761008910297e+152, beta_phi=nan
NaN in beta_*: layer 9, bs_iter=38, k=3233, beta_mu=1.243393442214608e+152, beta_phi=nan
NaN in beta_*: layer 9, bs_iter=38, k=3237, beta_mu=2.898723123446912e+152, beta_phi=nan
NaN in beta_*: layer 9, bs_iter=38, k=3239, beta_mu=1.2731898140594112e+152, beta_phi=nan
NaN in beta_*: layer 9, bs_iter=38, k=3240, beta_mu=1.2570367496151852e+152, beta_phi=nan
NaN in beta_*: layer 9, bs_iter=38, k=3241, beta_mu=1.2390828667893823e+152, beta_phi=nan
NaN in beta_*: layer 9, bs_iter=38, k=3244, beta_mu=1.2550150976829267e+152, beta_phi=nan
NaN in beta_*: layer 9, bs_iter=38, k=3245, beta_mu=1.263744577620737e+152, beta_phi=nan
NaN in beta_*: layer 9, bs_iter=38, k=3248, beta_mu=1.2478822631004777e+152, beta_phi=nan
NaN in beta_*: layer 9, bs_iter=38, k=3249, beta_mu=1.249345101415013e+152, beta_phi=nan
NaN in beta_*: layer 9, bs_iter=38, k=3250, beta_mu=2.8568145717259967e+152, beta_phi=nan
NaN in beta_*: layer 9, bs_iter=38, k=3252, beta_mu=1.251337104902199e+152, beta_phi=nan
NaN in beta_*: layer 9, bs_iter=38, k=3259, beta_mu=1.1952571008078458e+152, beta_phi=nan
NaN in beta_*: layer 9, bs_iter=38, k=3260, beta_mu=1.2157376968833712e+152, beta_phi=nan
NaN in beta_*: layer 9, bs_iter=38, k=3261, beta_mu=2.834798450025457e+152, beta_phi=nan
NaN in beta_*: layer 9, bs_iter=38, k=3262, beta_mu=1.1568759143774757e+152, beta_phi=nan
NaN in beta_*: layer 9, bs_iter=38, k=3263, beta_mu=1.2314358183164166e+152, beta_phi=nan
NaN in beta_*: layer 9, bs_iter=38, k=3264, beta_mu=1.2242406436065545e+152, beta_phi=nan
NaN in beta_*: layer 9, bs_iter=38, k=3266, beta_mu=1.249769530610586e+152, beta_phi=nan
NaN in beta_*: layer 9, bs_iter=38, k=3267, beta_mu=1.2077561562406889e+152, beta_phi=nan
NaN in beta_*: layer 9, bs_iter=38, k=3268, beta_mu=1.196038415405595e+152, beta_phi=nan
NaN in beta_*: layer 9, bs_iter=38, k=3269, beta_mu=1.2029491881850805e+152, beta_phi=nan
NaN in beta_*: layer 9, bs_iter=38, k=3270, beta_mu=1.362734647014865e+152, beta_phi=nan
NaN in beta_*: layer 9, bs_iter=38, k=3271, beta_mu=2.808454303975319e+152, beta_phi=nan
NaN in beta_*: layer 9, bs_iter=38, k=3273, beta_mu=2.2145588841601048e+152, beta_phi=nan
NaN in beta_*: layer 9, bs_iter=38, k=3274, beta_mu=2.889896726073437e+152, beta_phi=nan
NaN in beta_*: layer 9, bs_iter=38, k=3275, beta_mu=2.906246123007042e+152, beta_phi=nan
NaN in beta_*: layer 9, bs_iter=38, k=3277, beta_mu=2.2145572482974137e+152, beta_phi=nan
NaN in beta_*: layer 9, bs_iter=38, k=3284, beta_mu=1.3520292407670472e+152, beta_phi=nan
NaN in beta_*: layer 9, bs_iter=38, k=3318, beta_mu=3.7271377780331447e+152, beta_phi=nan
NaN in beta_*: layer 9, bs_iter=38, k=3325, beta_mu=9.49769411102285e+151, beta_phi=nan
NaN in beta_*: layer 9, bs_iter=38, k=3327, beta_mu=1.6115008786951058e+152, beta_phi=nan
NaN in beta_*: layer 9, bs_iter=38, k=3328, beta_mu=1.203354709703503e+152, beta_phi=nan
NaN in beta_*: layer 9, bs_iter=38, k=3329, beta_mu=9.540394565736895e+151, beta_phi=nan
NaN in beta_*: layer 9, bs_iter=38, k=3333, beta_mu=1.033556224627066e+152, beta_phi=nan
NaN in beta_*: layer 9, bs_iter=38, k=3340, beta_mu=1.1479391065912606e+152, beta_phi=nan
NaN in beta_*: layer 9, bs_iter=38, k=3341, beta_mu=1.074564719108741e+152, beta_phi=nan
NaN in beta_*: layer 9, bs_iter=38, k=3343, beta_mu=9.641917218179647e+151, beta_phi=nan
NaN in beta_*: layer 9, bs_iter=38, k=3348, beta_mu=1.091120012472192e+152, beta_phi=nan
NaN in beta_*: layer 9, bs_iter=38, k=3354, beta_mu=1.2736798398336578e+152, beta_phi=nan
NaN in beta_*: layer 9, bs_iter=38, k=3387, beta_mu=2.226411603017075e+152, beta_phi=nan
NaN in beta_*: layer 9, bs_iter=38, k=3394, beta_mu=1.2254947838883772e+152, beta_phi=nan
NaN in beta_*: layer 9, bs_iter=38, k=3401, beta_mu=2.641504066176278e+152, beta_phi=nan
NaN in beta_*: layer 9, bs_iter=38, k=3407, beta_mu=2.4896845951791303e+152, beta_phi=nan
NaN in beta_*: layer 9, bs_iter=38, k=3414, beta_mu=1.5524600308234646e+152, beta_phi=nan
NaN in beta_*: layer 9, bs_iter=38, k=3415, beta_mu=1.659415462070281e+152, beta_phi=nan
NaN in beta_*: layer 9, bs_iter=38, k=3421, beta_mu=1.7974948393630724e+152, beta_phi=nan
NaN in beta_*: layer 9, bs_iter=38, k=3427, beta_mu=1.6401846230724013e+152, beta_phi=nan
NaN in beta_*: layer 9, bs_iter=38, k=3433, beta_mu=1.6565621777734619e+152, beta_phi=nan
NaN in beta_*: layer 9, bs_iter=38, k=3436, beta_mu=1.5709113568874882e+152, beta_phi=nan
NaN in beta_*: layer 9, bs_iter=38, k=3437, beta_mu=3.1172973186858158e+152, beta_phi=nan
NaN in beta_*: layer 9, bs_iter=38, k=3451, beta_mu=2.17780798674313e+152, beta_phi=nan
NaN in beta_*: layer 9, bs_iter=38, k=3453, beta_mu=1.6749909808769342e+152, beta_phi=nan
NaN in beta_*: layer 9, bs_iter=38, k=3457, beta_mu=1.5712821349477339e+152, beta_phi=nan
NaN in beta_*: layer 9, bs_iter=38, k=3465, beta_mu=1.1953628828510973e+152, beta_phi=nan
NaN in beta_*: layer 9, bs_iter=38, k=3468, beta_mu=1.5978383175353563e+152, beta_phi=nan
NaN in beta_*: layer 9, bs_iter=38, k=3473, beta_mu=1.6002340355585955e+152, beta_phi=nan
NaN in beta_*: layer 9, bs_iter=38, k=3488, beta_mu=1.4860588112982572e+152, beta_phi=nan
NaN in beta_*: layer 9, bs_iter=38, k=3489, beta_mu=1.5980274530001112e+152, beta_phi=nan
NaN in beta_*: layer 9, bs_iter=38, k=3492, beta_mu=1.1989052627525863e+152, beta_phi=nan
NaN in beta_*: layer 9, bs_iter=38, k=3497, beta_mu=1.9441301833834498e+152, beta_phi=nan
NaN in beta_*: layer 9, bs_iter=38, k=3500, beta_mu=1.443085167597797e+152, beta_phi=nan
NaN in beta_*: layer 9, bs_iter=38, k=3521, beta_mu=3.012838635137845e+152, beta_phi=nan
NaN in beta_*: layer 9, bs_iter=38, k=3524, beta_mu=1.6020501058445428e+152, beta_phi=nan
NaN in beta_*: layer 9, bs_iter=38, k=3525, beta_mu=1.2899331509466305e+152, beta_phi=nan
NaN in beta_*: layer 9, bs_iter=38, k=3527, beta_mu=1.3262086595348648e+152, beta_phi=nan
NaN in beta_*: layer 9, bs_iter=38, k=3528, beta_mu=1.0457172863820494e+152, beta_phi=nan
NaN in beta_*: layer 9, bs_iter=38, k=3535, beta_mu=1.8143808370290226e+152, beta_phi=nan
NaN in beta_*: layer 9, bs_iter=38, k=3539, beta_mu=1.6184661098009724e+152, beta_phi=nan
NaN in beta_*: layer 9, bs_iter=38, k=3540, beta_mu=1.6639941190012401e+152, beta_phi=nan
NaN in beta_*: layer 9, bs_iter=38, k=3541, beta_mu=1.8304105895351218e+152, beta_phi=nan
NaN in beta_*: layer 9, bs_iter=38, k=3544, beta_mu=2.131580350264209e+152, beta_phi=nan
NaN in beta_*: layer 9, bs_iter=38, k=3547, beta_mu=2.0144867216515328e+152, beta_phi=nan
NaN in beta_*: layer 9, bs_iter=38, k=3548, beta_mu=2.0537566547400188e+152, beta_phi=nan
NaN in beta_*: layer 9, bs_iter=38, k=3550, beta_mu=2.3383991465290674e+152, beta_phi=nan
NaN in beta_*: layer 9, bs_iter=38, k=3551, beta_mu=2.3384091676812367e+152, beta_phi=nan
NaN in beta_*: layer 9, bs_iter=38, k=3553, beta_mu=3.2654583129021737e+152, beta_phi=nan
NaN in beta_*: layer 9, bs_iter=38, k=3555, beta_mu=2.0991922847650764e+152, beta_phi=nan
NaN in beta_*: layer 9, bs_iter=38, k=3556, beta_mu=9.742411140692058e+151, beta_phi=nan
NaN in beta_*: layer 9, bs_iter=38, k=3557, beta_mu=2.04058059505704e+152, beta_phi=nan
NaN in beta_*: layer 9, bs_iter=38, k=3559, beta_mu=2.172275361196257e+152, beta_phi=nan
NaN in beta_*: layer 9, bs_iter=38, k=3560, beta_mu=2.0723231394249167e+152, beta_phi=nan
NaN in beta_*: layer 9, bs_iter=38, k=3561, beta_mu=2.778478700120122e+152, beta_phi=nan
NaN in beta_*: layer 9, bs_iter=38, k=3564, beta_mu=5.422776832472421e+152, beta_phi=nan
NaN in beta_*: layer 9, bs_iter=38, k=3565, beta_mu=5.122068828514387e+152, beta_phi=nan
NaN in beta_*: layer 9, bs_iter=38, k=3566, beta_mu=1.000273505994802e+152, beta_phi=nan
NaN in beta_*: layer 9, bs_iter=38, k=3568, beta_mu=5.289960654028789e+152, beta_phi=nan
NaN in beta_*: layer 9, bs_iter=38, k=3570, beta_mu=5.117541596392728e+152, beta_phi=nan
NaN in beta_*: layer 9, bs_iter=38, k=3571, beta_mu=4.824097158054617e+152, beta_phi=nan
NaN in beta_*: layer 9, bs_iter=38, k=3572, beta_mu=5.117542464286683e+152, beta_phi=nan
NaN in beta_*: layer 9, bs_iter=38, k=3576, beta_mu=3.1665473514114443e+152, beta_phi=nan
NaN in beta_*: layer 9, bs_iter=38, k=3577, beta_mu=5.238930325953292e+152, beta_phi=nan
NaN in beta_*: layer 9, bs_iter=38, k=3579, beta_mu=1.1424121374032966e+152, beta_phi=nan
NaN in beta_*: layer 9, bs_iter=38, k=3584, beta_mu=1.5863324710859206e+152, beta_phi=nan
NaN in beta_*: layer 9, bs_iter=38, k=3585, beta_mu=7.353771944754591e+152, beta_phi=nan
NaN in beta_*: layer 9, bs_iter=38, k=3586, beta_mu=7.436959275414471e+152, beta_phi=nan
NaN in beta_*: layer 9, bs_iter=38, k=3587, beta_mu=1.7244446174988685e+152, beta_phi=nan
NaN in beta_*: layer 9, bs_iter=38, k=3588, beta_mu=7.39551860971043e+152, beta_phi=nan
NaN in beta_*: layer 9, bs_iter=38, k=3590, beta_mu=2.3811608631318536e+152, beta_phi=nan
NaN in beta_*: layer 9, bs_iter=38, k=3592, beta_mu=1.529062891874373e+152, beta_phi=nan
NaN in beta_*: layer 9, bs_iter=38, k=3593, beta_mu=1.6373979981613339e+152, beta_phi=nan
NaN in beta_*: layer 9, bs_iter=38, k=3594, beta_mu=4.872044436584413e+152, beta_phi=nan
NaN in beta_*: layer 9, bs_iter=38, k=3596, beta_mu=6.642891377995089e+152, beta_phi=nan
NaN in beta_*: layer 9, bs_iter=38, k=3597, beta_mu=5.474389925996263e+152, beta_phi=nan
NaN in beta_*: layer 9, bs_iter=38, k=3598, beta_mu=6.72833582613178e+152, beta_phi=nan
NaN in beta_*: layer 9, bs_iter=38, k=3599, beta_mu=6.728316587780854e+152, beta_phi=nan
NaN in beta_*: layer 9, bs_iter=38, k=3600, beta_mu=1.743110310734683e+152, beta_phi=nan
NaN in beta_*: layer 9, bs_iter=38, k=3603, beta_mu=7.790094030591828e+152, beta_phi=nan
NaN in beta_*: layer 9, bs_iter=38, k=3604, beta_mu=1.6053932699272172e+152, beta_phi=nan
NaN in beta_*: layer 9, bs_iter=38, k=3605, beta_mu=6.555729446683096e+152, beta_phi=nan
NaN in beta_*: layer 9, bs_iter=38, k=3609, beta_mu=6.944525989538735e+152, beta_phi=nan
NaN in beta_*: layer 9, bs_iter=38, k=3611, beta_mu=1.5072793826168215e+152, beta_phi=nan
NaN in beta_*: layer 9, bs_iter=38, k=3612, beta_mu=8.057597818891893e+152, beta_phi=nan
NaN in beta_*: layer 9, bs_iter=38, k=3613, beta_mu=2.5318291385678977e+152, beta_phi=nan
NaN in beta_*: layer 9, bs_iter=38, k=3614, beta_mu=3.484856385103014e+152, beta_phi=nan
NaN in beta_*: layer 9, bs_iter=38, k=3616, beta_mu=3.440528743972674e+152, beta_phi=nan
NaN in beta_*: layer 9, bs_iter=38, k=3619, beta_mu=1.6611475091965796e+152, beta_phi=nan
NaN in beta_*: layer 9, bs_iter=38, k=3623, beta_mu=6.089800337029756e+152, beta_phi=nan
NaN in beta_*: layer 9, bs_iter=38, k=3624, beta_mu=5.059742713776318e+152, beta_phi=nan
NaN in beta_*: layer 9, bs_iter=38, k=3625, beta_mu=5.437640624647303e+152, beta_phi=nan
NaN in beta_*: layer 9, bs_iter=38, k=3626, beta_mu=5.480755466505513e+152, beta_phi=nan
NaN in beta_*: layer 9, bs_iter=38, k=3627, beta_mu=4.463854715671702e+152, beta_phi=nan
NaN in beta_*: layer 9, bs_iter=38, k=3628, beta_mu=5.585658016664821e+152, beta_phi=nan
NaN in beta_*: layer 9, bs_iter=38, k=3629, beta_mu=5.592925399949003e+152, beta_phi=nan
NaN in beta_*: layer 9, bs_iter=38, k=3631, beta_mu=5.202341319511239e+152, beta_phi=nan
NaN in beta_*: layer 9, bs_iter=38, k=3632, beta_mu=5.536404605833687e+152, beta_phi=nan
NaN in beta_*: layer 9, bs_iter=38, k=3634, beta_mu=2.077083904612329e+152, beta_phi=nan
NaN in beta_*: layer 9, bs_iter=38, k=3636, beta_mu=1.2311257046475201e+152, beta_phi=nan
NaN in beta_*: layer 9, bs_iter=38, k=3638, beta_mu=3.8677112095009684e+152, beta_phi=nan
NaN in beta_*: layer 9, bs_iter=38, k=3641, beta_mu=2.0073259319262595e+152, beta_phi=nan
NaN in beta_*: layer 9, bs_iter=38, k=3642, beta_mu=5.579526224697636e+152, beta_phi=nan
NaN in beta_*: layer 9, bs_iter=38, k=3643, beta_mu=5.593573000732471e+152, beta_phi=nan
NaN in beta_*: layer 9, bs_iter=38, k=3644, beta_mu=2.4091996427264234e+152, beta_phi=nan
NaN in beta_*: layer 9, bs_iter=38, k=3645, beta_mu=2.44668219391544e+152, beta_phi=nan
NaN in beta_*: layer 9, bs_iter=38, k=3646, beta_mu=2.3921863902871885e+152, beta_phi=nan
NaN in beta_*: layer 9, bs_iter=38, k=3648, beta_mu=1.9263041266593063e+152, beta_phi=nan
NaN in beta_*: layer 9, bs_iter=38, k=3650, beta_mu=1.0556871000103508e+152, beta_phi=nan
NaN in beta_*: layer 9, bs_iter=38, k=3651, beta_mu=1.1843636981782637e+152, beta_phi=nan
NaN in beta_*: layer 9, bs_iter=38, k=3657, beta_mu=2.3122088984416394e+152, beta_phi=nan
NaN in beta_*: layer 9, bs_iter=38, k=3658, beta_mu=1.1055075062101233e+152, beta_phi=nan
NaN in beta_*: layer 9, bs_iter=38, k=3661, beta_mu=2.3456388058021524e+152, beta_phi=nan
NaN in beta_*: layer 9, bs_iter=38, k=3662, beta_mu=5.628181359416151e+152, beta_phi=nan
NaN in beta_*: layer 9, bs_iter=38, k=3664, beta_mu=2.3456411336748256e+152, beta_phi=nan
NaN in beta_*: layer 9, bs_iter=38, k=3667, beta_mu=2.64368454045875e+152, beta_phi=nan
NaN in beta_*: layer 9, bs_iter=38, k=3669, beta_mu=1.8733885817174132e+152, beta_phi=nan
NaN in beta_*: layer 9, bs_iter=38, k=3670, beta_mu=5.635719704169487e+152, beta_phi=nan
NaN in beta_*: layer 9, bs_iter=38, k=3671, beta_mu=5.588562825449319e+152, beta_phi=nan
NaN in beta_*: layer 9, bs_iter=38, k=3672, beta_mu=3.033335067187284e+152, beta_phi=nan
NaN in beta_*: layer 9, bs_iter=38, k=3673, beta_mu=6.838705981657104e+152, beta_phi=nan
NaN in beta_*: layer 9, bs_iter=38, k=3674, beta_mu=2.7494039781411885e+152, beta_phi=nan
NaN in beta_*: layer 9, bs_iter=38, k=3675, beta_mu=5.6277504839944e+152, beta_phi=nan
NaN in beta_*: layer 9, bs_iter=38, k=3676, beta_mu=2.0216505023185966e+152, beta_phi=nan
NaN in beta_*: layer 9, bs_iter=38, k=3681, beta_mu=2.7525974106943303e+152, beta_phi=nan
NaN in beta_*: layer 9, bs_iter=38, k=3682, beta_mu=3.320356222431221e+152, beta_phi=nan
NaN in beta_*: layer 9, bs_iter=38, k=3691, beta_mu=1.2750095474069476e+152, beta_phi=nan
NaN in beta_*: layer 9, bs_iter=38, k=3692, beta_mu=5.557254140708066e+152, beta_phi=nan
NaN in beta_*: layer 9, bs_iter=38, k=3693, beta_mu=1.315970556264322e+152, beta_phi=nan
NaN in beta_*: layer 9, bs_iter=38, k=3695, beta_mu=3.0100907070440297e+152, beta_phi=nan
NaN in beta_*: layer 9, bs_iter=38, k=3698, beta_mu=5.787505892975465e+152, beta_phi=nan
NaN in beta_*: layer 9, bs_iter=38, k=3699, beta_mu=5.818248425727703e+152, beta_phi=nan
NaN in beta_*: layer 9, bs_iter=38, k=3700, beta_mu=1.9751028294118534e+152, beta_phi=nan
NaN in beta_*: layer 9, bs_iter=38, k=3702, beta_mu=3.6340336057425796e+152, beta_phi=nan
NaN in beta_*: layer 9, bs_iter=38, k=3703, beta_mu=1.7622565363758034e+152, beta_phi=nan
NaN in beta_*: layer 9, bs_iter=38, k=3704, beta_mu=2.2771331317516903e+152, beta_phi=nan
NaN in beta_*: layer 9, bs_iter=38, k=3706, beta_mu=1.9715861760607867e+152, beta_phi=nan
NaN in beta_*: layer 9, bs_iter=38, k=3707, beta_mu=2.278630110488848e+152, beta_phi=nan
NaN in beta_*: layer 9, bs_iter=38, k=3709, beta_mu=1.5035675922049037e+152, beta_phi=nan
NaN in beta_*: layer 9, bs_iter=38, k=3713, beta_mu=2.010321415308256e+152, beta_phi=nan
NaN in beta_*: layer 9, bs_iter=38, k=3714, beta_mu=2.0604292690374611e+152, beta_phi=nan
NaN in beta_*: layer 9, bs_iter=38, k=3717, beta_mu=2.530074336434025e+152, beta_phi=nan
NaN in beta_*: layer 9, bs_iter=38, k=3719, beta_mu=3.947383115262291e+152, beta_phi=nan
NaN in beta_*: layer 9, bs_iter=38, k=3720, beta_mu=4.885287598257212e+152, beta_phi=nan
NaN in beta_*: layer 9, bs_iter=38, k=3724, beta_mu=1.9956113490745403e+152, beta_phi=nan
NaN in beta_*: layer 9, bs_iter=38, k=3726, beta_mu=5.02631883824658e+152, beta_phi=nan
NaN in beta_*: layer 9, bs_iter=38, k=3728, beta_mu=3.5099343146762003e+152, beta_phi=nan
NaN in beta_*: layer 9, bs_iter=38, k=3730, beta_mu=3.7439188423324523e+152, beta_phi=nan
NaN in beta_*: layer 9, bs_iter=38, k=3745, beta_mu=1.2465892059511458e+152, beta_phi=nan
NaN in beta_*: layer 9, bs_iter=38, k=3751, beta_mu=2.228363623433891e+152, beta_phi=nan
NaN in beta_*: layer 9, bs_iter=38, k=3752, beta_mu=2.9375381624550076e+152, beta_phi=nan
NaN in beta_*: layer 9, bs_iter=38, k=3763, beta_mu=4.699227222227256e+152, beta_phi=nan
NaN in beta_*: layer 9, bs_iter=38, k=3764, beta_mu=2.3102063006515484e+152, beta_phi=nan
NaN in beta_*: layer 9, bs_iter=38, k=3795, beta_mu=1.0031655418871665e+152, beta_phi=nan
NaN in beta_*: layer 9, bs_iter=38, k=3798, beta_mu=2.1142955952679244e+152, beta_phi=nan
NaN in beta_*: layer 9, bs_iter=38, k=3799, beta_mu=1.2146901675798167e+152, beta_phi=nan
NaN in beta_*: layer 9, bs_iter=38, k=3805, beta_mu=5.323002308740714e+152, beta_phi=nan
NaN in beta_*: layer 9, bs_iter=38, k=3810, beta_mu=1.2051044802868957e+152, beta_phi=nan
NaN in beta_*: layer 9, bs_iter=38, k=3815, beta_mu=1.0430967659160156e+152, beta_phi=nan
NaN in beta_*: layer 9, bs_iter=38, k=3818, beta_mu=1.0353140876790401e+152, beta_phi=nan
NaN in beta_*: layer 9, bs_iter=38, k=3835, beta_mu=2.147877981549555e+152, beta_phi=nan
NaN in beta_*: layer 9, bs_iter=38, k=3836, beta_mu=1.8945121339646652e+152, beta_phi=nan
NaN in beta_*: layer 9, bs_iter=38, k=3837, beta_mu=1.9818454885434132e+152, beta_phi=nan
NaN in beta_*: layer 9, bs_iter=38, k=3838, beta_mu=2.507502041040515e+152, beta_phi=nan
NaN in beta_*: layer 9, bs_iter=38, k=3839, beta_mu=1.8908364139347976e+152, beta_phi=nan
NaN in beta_*: layer 9, bs_iter=38, k=3840, beta_mu=1.350986712035859e+152, beta_phi=nan
NaN in beta_*: layer 9, bs_iter=38, k=3841, beta_mu=4.633812495134881e+152, beta_phi=nan
NaN in beta_*: layer 9, bs_iter=38, k=3843, beta_mu=1.3953082007253878e+152, beta_phi=nan
NaN in beta_*: layer 9, bs_iter=38, k=3847, beta_mu=1.5951521865992226e+152, beta_phi=nan
NaN in beta_*: layer 9, bs_iter=38, k=3852, beta_mu=1.7977804025684684e+152, beta_phi=nan
NaN in beta_*: layer 9, bs_iter=38, k=3854, beta_mu=2.147084354589602e+152, beta_phi=nan
NaN in beta_*: layer 9, bs_iter=38, k=3855, beta_mu=1.5109929106311738e+152, beta_phi=nan
NaN in beta_*: layer 9, bs_iter=38, k=3857, beta_mu=1.8165250242764546e+152, beta_phi=nan
NaN in beta_*: layer 9, bs_iter=38, k=3861, beta_mu=1.2964383287944185e+152, beta_phi=nan
NaN in beta_*: layer 9, bs_iter=38, k=3862, beta_mu=1.7977805671093696e+152, beta_phi=nan
NaN in beta_*: layer 9, bs_iter=38, k=3866, beta_mu=6.589834218602062e+152, beta_phi=nan
NaN in beta_*: layer 9, bs_iter=38, k=3867, beta_mu=1.0574236620029032e+152, beta_phi=nan
NaN in beta_*: layer 9, bs_iter=38, k=3869, beta_mu=2.117758772144888e+152, beta_phi=nan
NaN in beta_*: layer 9, bs_iter=38, k=3874, beta_mu=1.2331918687313104e+152, beta_phi=nan
NaN in beta_*: layer 9, bs_iter=38, k=3880, beta_mu=3.582928770568291e+152, beta_phi=nan
NaN in beta_*: layer 9, bs_iter=38, k=3881, beta_mu=2.7436701675500155e+152, beta_phi=nan
NaN in beta_*: layer 9, bs_iter=38, k=3890, beta_mu=6.29644757887247e+152, beta_phi=nan
NaN in beta_*: layer 9, bs_iter=38, k=3897, beta_mu=1.0732945117858326e+152, beta_phi=nan
NaN in beta_*: layer 9, bs_iter=38, k=3902, beta_mu=1.5542533814481404e+152, beta_phi=nan
NaN in beta_*: layer 9, bs_iter=38, k=3903, beta_mu=1.6255203272046719e+152, beta_phi=nan
NaN in beta_*: layer 9, bs_iter=38, k=3906, beta_mu=2.0933008287773863e+152, beta_phi=nan
NaN in beta_*: layer 9, bs_iter=38, k=3908, beta_mu=4.787958783031113e+152, beta_phi=nan
NaN in beta_*: layer 9, bs_iter=38, k=3909, beta_mu=7.299097247665541e+152, beta_phi=nan
NaN in beta_*: layer 9, bs_iter=38, k=3910, beta_mu=6.593231175592294e+152, beta_phi=nan
NaN in beta_*: layer 9, bs_iter=38, k=3911, beta_mu=6.6210532067369695e+152, beta_phi=nan
NaN in beta_*: layer 9, bs_iter=38, k=3912, beta_mu=5.535622691275695e+152, beta_phi=nan
NaN in beta_*: layer 9, bs_iter=38, k=3913, beta_mu=2.802901847597294e+152, beta_phi=nan
NaN in beta_*: layer 9, bs_iter=38, k=3914, beta_mu=6.504425265476332e+152, beta_phi=nan
NaN in beta_*: layer 9, bs_iter=38, k=3915, beta_mu=6.507600420557458e+152, beta_phi=nan
NaN in beta_*: layer 9, bs_iter=38, k=3916, beta_mu=5.496547379440261e+152, beta_phi=nan
NaN in beta_*: layer 9, bs_iter=38, k=3918, beta_mu=6.410237241244625e+152, beta_phi=nan
NaN in beta_*: layer 9, bs_iter=38, k=3919, beta_mu=3.824639891243605e+152, beta_phi=nan
NaN in beta_*: layer 9, bs_iter=38, k=3921, beta_mu=1.9354075747748206e+152, beta_phi=nan
NaN in beta_*: layer 9, bs_iter=38, k=3924, beta_mu=6.392152684470229e+152, beta_phi=nan
NaN in beta_*: layer 9, bs_iter=38, k=3926, beta_mu=2.802891294864374e+152, beta_phi=nan
NaN in beta_*: layer 9, bs_iter=38, k=3933, beta_mu=2.874110101533635e+152, beta_phi=nan
NaN in beta_*: layer 9, bs_iter=38, k=3934, beta_mu=2.10516547763817e+152, beta_phi=nan
NaN in beta_*: layer 9, bs_iter=38, k=3935, beta_mu=1.219087399404076e+152, beta_phi=nan
NaN in beta_*: layer 9, bs_iter=38, k=3936, beta_mu=1.3113477728108213e+152, beta_phi=nan
NaN in beta_*: layer 9, bs_iter=38, k=3940, beta_mu=2.4614649282487955e+152, beta_phi=nan
NaN in beta_*: layer 9, bs_iter=38, k=3942, beta_mu=9.783580067663228e+151, beta_phi=nan
NaN in beta_*: layer 9, bs_iter=38, k=3950, beta_mu=7.936613515998195e+152, beta_phi=nan
NaN in beta_*: layer 9, bs_iter=38, k=3955, beta_mu=2.8068632157162693e+152, beta_phi=nan
NaN in beta_*: layer 9, bs_iter=38, k=3964, beta_mu=9.810995543929253e+151, beta_phi=nan
NaN in beta_*: layer 9, bs_iter=38, k=3965, beta_mu=9.974869588531347e+151, beta_phi=nan
NaN in beta_*: layer 9, bs_iter=38, k=3971, beta_mu=9.854795809754227e+151, beta_phi=nan
NaN in beta_*: layer 9, bs_iter=38, k=3973, beta_mu=1.0336193887592412e+153, beta_phi=nan
NaN in beta_*: layer 9, bs_iter=38, k=3977, beta_mu=6.144566470219937e+152, beta_phi=nan
NaN in beta_*: layer 9, bs_iter=38, k=3978, beta_mu=1.0507802585329589e+152, beta_phi=nan
NaN in beta_*: layer 9, bs_iter=38, k=3979, beta_mu=1.0433421967905305e+152, beta_phi=nan
NaN in beta_*: layer 9, bs_iter=38, k=3980, beta_mu=8.060833188159419e+152, beta_phi=nan
NaN in beta_*: layer 9, bs_iter=38, k=3981, beta_mu=1.0444300989993548e+152, beta_phi=nan
NaN in beta_*: layer 9, bs_iter=38, k=3982, beta_mu=1.0567983785579363e+152, beta_phi=nan
NaN in beta_*: layer 9, bs_iter=38, k=3983, beta_mu=3.508488481911385e+152, beta_phi=nan
NaN in beta_*: layer 9, bs_iter=38, k=3984, beta_mu=4.5243619958492045e+152, beta_phi=nan
NaN in beta_*: layer 9, bs_iter=38, k=3988, beta_mu=1.0507820117384813e+152, beta_phi=nan
NaN in beta_*: layer 9, bs_iter=38, k=3991, beta_mu=7.891888110803333e+152, beta_phi=nan
NaN in beta_*: layer 9, bs_iter=38, k=3996, beta_mu=3.486656819511633e+152, beta_phi=nan
NaN in beta_*: layer 9, bs_iter=38, k=3998, beta_mu=2.6881517151331224e+152, beta_phi=nan
NaN in beta_*: layer 9, bs_iter=38, k=4000, beta_mu=9.828316960670083e+152, beta_phi=nan
NaN in beta_*: layer 9, bs_iter=38, k=4002, beta_mu=9.53403784514864e+152, beta_phi=nan
NaN in beta_*: layer 9, bs_iter=38, k=4003, beta_mu=9.498746747248398e+152, beta_phi=nan
NaN in beta_*: layer 9, bs_iter=38, k=4004, beta_mu=1.0183304789945875e+153, beta_phi=nan
NaN in beta_*: layer 9, bs_iter=38, k=4005, beta_mu=1.3126501717618309e+153, beta_phi=nan
NaN in beta_*: layer 9, bs_iter=38, k=4006, beta_mu=1.0378164137254183e+153, beta_phi=nan
NaN in beta_*: layer 9, bs_iter=38, k=4009, beta_mu=7.347807788244148e+152, beta_phi=nan
NaN in beta_*: layer 9, bs_iter=38, k=4015, beta_mu=1.8050289263787146e+152, beta_phi=nan
NaN in beta_*: layer 9, bs_iter=38, k=4017, beta_mu=1.8284188765057102e+152, beta_phi=nan
NaN in beta_*: layer 9, bs_iter=38, k=4021, beta_mu=2.883424740400077e+152, beta_phi=nan
NaN in beta_*: layer 9, bs_iter=38, k=4022, beta_mu=2.534993367238526e+152, beta_phi=nan
NaN in beta_*: layer 9, bs_iter=38, k=4023, beta_mu=1.822009515256241e+152, beta_phi=nan
NaN in beta_*: layer 9, bs_iter=38, k=4031, beta_mu=1.103163464798066e+152, beta_phi=nan
NaN in beta_*: layer 9, bs_iter=38, k=4032, beta_mu=1.971902203449409e+152, beta_phi=nan
NaN in beta_*: layer 9, bs_iter=38, k=4043, beta_mu=2.127584850025153e+152, beta_phi=nan
NaN in beta_*: layer 9, bs_iter=38, k=4045, beta_mu=3.884048541424808e+152, beta_phi=nan
NaN in beta_*: layer 9, bs_iter=38, k=4046, beta_mu=1.9295222337292266e+152, beta_phi=nan
NaN in beta_*: layer 9, bs_iter=38, k=4050, beta_mu=1.0722733860224769e+152, beta_phi=nan
NaN in beta_*: layer 9, bs_iter=38, k=4054, beta_mu=1.975626463227783e+152, beta_phi=nan
NaN in beta_*: layer 9, bs_iter=38, k=4055, beta_mu=4.525270135445765e+152, beta_phi=nan
NaN in beta_*: layer 9, bs_iter=38, k=4056, beta_mu=1.975626349489418e+152, beta_phi=nan
NaN in beta_*: layer 9, bs_iter=38, k=4059, beta_mu=1.1107755041187244e+152, beta_phi=nan
NaN in beta_*: layer 9, bs_iter=38, k=4061, beta_mu=7.726628444702517e+152, beta_phi=nan
NaN in beta_*: layer 9, bs_iter=38, k=4071, beta_mu=1.2990682618364922e+152, beta_phi=nan
NaN in beta_*: layer 9, bs_iter=38, k=4072, beta_mu=6.032564553752397e+152, beta_phi=nan
NaN in beta_*: layer 9, bs_iter=38, k=4074, beta_mu=3.664563477032431e+152, beta_phi=nan
NaN in beta_*: layer 9, bs_iter=38, k=4080, beta_mu=3.810628551514024e+152, beta_phi=nan
NaN in beta_*: layer 9, bs_iter=38, k=4081, beta_mu=5.457918638834304e+152, beta_phi=nan
NaN in beta_*: layer 9, bs_iter=38, k=4085, beta_mu=1.0408676791201782e+152, beta_phi=nan
NaN in beta_*: layer 9, bs_iter=38, k=4086, beta_mu=1.115553897153022e+152, beta_phi=nan
NaN in beta_*: layer 9, bs_iter=38, k=4087, beta_mu=4.1270624393734226e+152, beta_phi=nan
NaN in beta_*: layer 9, bs_iter=38, k=4090, beta_mu=2.2179578681581473e+152, beta_phi=nan
NaN in beta_*: layer 9, bs_iter=38, k=4092, beta_mu=4.1768468961020737e+152, beta_phi=nan
NaN in beta_*: layer 9, bs_iter=38, k=4093, beta_mu=1.6731416815551032e+152, beta_phi=nan
NaN in beta_*: layer 9, bs_iter=38, k=4095, beta_mu=1.042851566585822e+152, beta_phi=nan
NaN in beta_*: layer 9, bs_iter=38, k=4098, beta_mu=1.0211745192970758e+152, beta_phi=nan
NaN in beta_*: layer 9, bs_iter=38, k=4102, beta_mu=9.471137557836057e+151, beta_phi=nan
NaN in beta_*: layer 9, bs_iter=38, k=4103, beta_mu=2.648301045183118e+152, beta_phi=nan
NaN in beta_*: layer 9, bs_iter=38, k=4104, beta_mu=3.83999234471353e+152, beta_phi=nan
NaN in beta_*: layer 9, bs_iter=38, k=4105, beta_mu=1.1420841446478115e+152, beta_phi=nan
NaN in beta_*: layer 9, bs_iter=38, k=4106, beta_mu=9.771199191313391e+151, beta_phi=nan
NaN in beta_*: layer 9, bs_iter=38, k=4107, beta_mu=9.925984413644274e+151, beta_phi=nan
NaN in beta_*: layer 9, bs_iter=38, k=4108, beta_mu=2.824964899574005e+152, beta_phi=nan
NaN in beta_*: layer 9, bs_iter=38, k=4109, beta_mu=5.543699978626799e+152, beta_phi=nan
NaN in beta_*: layer 9, bs_iter=38, k=4112, beta_mu=1.6731666140195583e+152, beta_phi=nan
NaN in beta_*: layer 9, bs_iter=38, k=4115, beta_mu=4.0961016000124078e+152, beta_phi=nan
NaN in beta_*: layer 9, bs_iter=38, k=4120, beta_mu=4.103600227870286e+152, beta_phi=nan
NaN in beta_*: layer 9, bs_iter=38, k=4121, beta_mu=7.4207172449817155e+152, beta_phi=nan
NaN in beta_*: layer 9, bs_iter=38, k=4124, beta_mu=4.651711950800818e+152, beta_phi=nan
NaN in beta_*: layer 9, bs_iter=38, k=4125, beta_mu=1.4555996850130383e+152, beta_phi=nan
NaN in beta_*: layer 9, bs_iter=38, k=4126, beta_mu=1.4914873728430515e+152, beta_phi=nan
NaN in beta_*: layer 9, bs_iter=38, k=4127, beta_mu=1.6323890537561178e+152, beta_phi=nan
NaN in beta_*: layer 9, bs_iter=38, k=4128, beta_mu=1.199319393397976e+152, beta_phi=nan
NaN in beta_*: layer 9, bs_iter=38, k=4133, beta_mu=1.3691991370238672e+152, beta_phi=nan
NaN in beta_*: layer 9, bs_iter=38, k=4134, beta_mu=4.963444943022756e+152, beta_phi=nan
NaN in beta_*: layer 9, bs_iter=38, k=4137, beta_mu=4.808948173760558e+152, beta_phi=nan
NaN in beta_*: layer 9, bs_iter=38, k=4141, beta_mu=1.6757222177996836e+152, beta_phi=nan
NaN in beta_*: layer 9, bs_iter=38, k=4142, beta_mu=4.775864879342984e+152, beta_phi=nan
NaN in beta_*: layer 9, bs_iter=38, k=4143, beta_mu=1.0424741074602675e+152, beta_phi=nan
NaN in beta_*: layer 9, bs_iter=38, k=4148, beta_mu=3.0156170341721836e+152, beta_phi=nan
NaN in beta_*: layer 9, bs_iter=38, k=4149, beta_mu=4.265307948035767e+152, beta_phi=nan
NaN in beta_*: layer 9, bs_iter=38, k=4150, beta_mu=1.879148469000339e+152, beta_phi=nan
NaN in beta_*: layer 9, bs_iter=38, k=4151, beta_mu=1.9209120100779114e+152, beta_phi=nan
NaN in beta_*: layer 9, bs_iter=38, k=4152, beta_mu=1.9107374836626995e+152, beta_phi=nan
NaN in beta_*: layer 9, bs_iter=38, k=4153, beta_mu=1.9099068055813334e+152, beta_phi=nan
NaN in beta_*: layer 9, bs_iter=38, k=4156, beta_mu=3.245925339963161e+152, beta_phi=nan
NaN in beta_*: layer 9, bs_iter=38, k=4158, beta_mu=4.587908659276629e+152, beta_phi=nan
NaN in beta_*: layer 9, bs_iter=38, k=4159, beta_mu=4.71282637719606e+152, beta_phi=nan
NaN in beta_*: layer 9, bs_iter=38, k=4161, beta_mu=4.527482729213017e+152, beta_phi=nan
NaN in beta_*: layer 9, bs_iter=38, k=4162, beta_mu=4.718018664858858e+152, beta_phi=nan
NaN in beta_*: layer 9, bs_iter=38, k=4163, beta_mu=6.819941722935715e+152, beta_phi=nan
NaN in beta_*: layer 9, bs_iter=38, k=4164, beta_mu=3.061083824978004e+152, beta_phi=nan
NaN in beta_*: layer 9, bs_iter=38, k=4165, beta_mu=8.128244711568335e+152, beta_phi=nan
NaN in beta_*: layer 9, bs_iter=38, k=4167, beta_mu=6.5501182172940175e+152, beta_phi=nan
NaN in beta_*: layer 9, bs_iter=38, k=4170, beta_mu=4.51282511691715e+152, beta_phi=nan
NaN in beta_*: layer 9, bs_iter=38, k=4171, beta_mu=4.460399251435303e+152, beta_phi=nan
NaN in beta_*: layer 9, bs_iter=38, k=4172, beta_mu=6.801472266798055e+152, beta_phi=nan
NaN in beta_*: layer 9, bs_iter=38, k=4173, beta_mu=5.0078728670222005e+152, beta_phi=nan
NaN in beta_*: layer 9, bs_iter=38, k=4175, beta_mu=5.86980519185373e+152, beta_phi=nan
NaN in beta_*: layer 9, bs_iter=38, k=4176, beta_mu=6.996304366647466e+152, beta_phi=nan
NaN in beta_*: layer 9, bs_iter=38, k=4177, beta_mu=1.0231780152875469e+152, beta_phi=nan
NaN in beta_*: layer 9, bs_iter=38, k=4178, beta_mu=2.712250634579068e+152, beta_phi=nan
NaN in beta_*: layer 9, bs_iter=38, k=4184, beta_mu=2.4702058776897078e+152, beta_phi=nan
NaN in beta_*: layer 9, bs_iter=38, k=4187, beta_mu=9.689460144964473e+151, beta_phi=nan
NaN in beta_*: layer 9, bs_iter=38, k=4193, beta_mu=4.1140145538521923e+152, beta_phi=nan
NaN in beta_*: layer 9, bs_iter=38, k=4195, beta_mu=8.39730371646333e+152, beta_phi=nan
NaN in beta_*: layer 9, bs_iter=38, k=4196, beta_mu=6.008154790190604e+152, beta_phi=nan
NaN in beta_*: layer 9, bs_iter=38, k=4203, beta_mu=1.6953974372294923e+152, beta_phi=nan
NaN in beta_*: layer 9, bs_iter=38, k=4211, beta_mu=1.6409591926890834e+152, beta_phi=nan
NaN in beta_*: layer 9, bs_iter=38, k=4214, beta_mu=1.6248875857393134e+152, beta_phi=nan
NaN in beta_*: layer 9, bs_iter=38, k=4215, beta_mu=6.631365327255951e+152, beta_phi=nan
NaN in beta_*: layer 9, bs_iter=38, k=4216, beta_mu=1.6074867233822735e+152, beta_phi=nan
NaN in beta_*: layer 9, bs_iter=38, k=4217, beta_mu=4.2477356502882205e+152, beta_phi=nan
NaN in beta_*: layer 9, bs_iter=38, k=4218, beta_mu=1.3591062721161195e+152, beta_phi=nan
NaN in beta_*: layer 9, bs_iter=38, k=4220, beta_mu=4.431187535355694e+152, beta_phi=nan
NaN in beta_*: layer 9, bs_iter=38, k=4223, beta_mu=1.899566400152196e+152, beta_phi=nan
NaN in beta_*: layer 9, bs_iter=38, k=4224, beta_mu=1.338412173409269e+152, beta_phi=nan
NaN in beta_*: layer 9, bs_iter=38, k=4225, beta_mu=5.474290837277815e+152, beta_phi=nan
NaN in beta_*: layer 9, bs_iter=38, k=4226, beta_mu=1.7059491606784467e+152, beta_phi=nan
NaN in beta_*: layer 9, bs_iter=38, k=4231, beta_mu=5.464550415258679e+152, beta_phi=nan
NaN in beta_*: layer 9, bs_iter=38, k=4232, beta_mu=1.567341782876584e+152, beta_phi=nan
NaN in beta_*: layer 9, bs_iter=38, k=4233, beta_mu=1.4536270117545066e+152, beta_phi=nan
NaN in beta_*: layer 9, bs_iter=38, k=4234, beta_mu=1.5682406960795886e+152, beta_phi=nan
NaN in beta_*: layer 9, bs_iter=38, k=4235, beta_mu=1.771825631492906e+152, beta_phi=nan
NaN in beta_*: layer 9, bs_iter=38, k=4236, beta_mu=1.8857004992483266e+152, beta_phi=nan
NaN in beta_*: layer 9, bs_iter=38, k=4237, beta_mu=1.8136654639753357e+152, beta_phi=nan
NaN in beta_*: layer 9, bs_iter=38, k=4238, beta_mu=1.0570230940934423e+153, beta_phi=nan
NaN in beta_*: layer 9, bs_iter=38, k=4240, beta_mu=2.916258290358487e+152, beta_phi=nan
NaN in beta_*: layer 9, bs_iter=38, k=4241, beta_mu=3.659642873898452e+152, beta_phi=nan
NaN in beta_*: layer 9, bs_iter=38, k=4246, beta_mu=8.79955227393035e+152, beta_phi=nan
NaN in beta_*: layer 9, bs_iter=38, k=4250, beta_mu=6.03153596914809e+152, beta_phi=nan
NaN in beta_*: layer 9, bs_iter=38, k=4251, beta_mu=1.9642359162946308e+152, beta_phi=nan
NaN in beta_*: layer 9, bs_iter=38, k=4252, beta_mu=6.28095962212692e+152, beta_phi=nan
NaN in beta_*: layer 9, bs_iter=38, k=4254, beta_mu=3.109959741390725e+152, beta_phi=nan
NaN in beta_*: layer 9, bs_iter=38, k=4256, beta_mu=2.820742785127449e+152, beta_phi=nan
NaN in beta_*: layer 9, bs_iter=38, k=4258, beta_mu=1.8627907361842947e+152, beta_phi=nan
NaN in beta_*: layer 9, bs_iter=38, k=4260, beta_mu=1.6069838874401838e+152, beta_phi=nan
NaN in beta_*: layer 9, bs_iter=38, k=4262, beta_mu=2.703395784863333e+152, beta_phi=nan
NaN in beta_*: layer 9, bs_iter=38, k=4263, beta_mu=2.7210116528849503e+152, beta_phi=nan
NaN in beta_*: layer 9, bs_iter=38, k=4267, beta_mu=2.649427450420213e+152, beta_phi=nan
NaN in beta_*: layer 9, bs_iter=38, k=4269, beta_mu=5.7584848396307935e+152, beta_phi=nan
NaN in beta_*: layer 9, bs_iter=38, k=4271, beta_mu=6.15827694596056e+152, beta_phi=nan
NaN in beta_*: layer 9, bs_iter=38, k=4276, beta_mu=1.9705776868924786e+152, beta_phi=nan
NaN in beta_*: layer 9, bs_iter=38, k=4277, beta_mu=1.66474899264022e+152, beta_phi=nan
NaN in beta_*: layer 9, bs_iter=38, k=4278, beta_mu=1.6647462756562417e+152, beta_phi=nan
NaN in beta_*: layer 9, bs_iter=38, k=4281, beta_mu=4.628053529054611e+152, beta_phi=nan
NaN in beta_*: layer 9, bs_iter=38, k=4282, beta_mu=5.728102322092155e+152, beta_phi=nan
NaN in beta_*: layer 9, bs_iter=38, k=4283, beta_mu=1.414155148866205e+152, beta_phi=nan
NaN in beta_*: layer 9, bs_iter=38, k=4284, beta_mu=2.75891718907703e+152, beta_phi=nan
NaN in beta_*: layer 9, bs_iter=38, k=4287, beta_mu=1.4884366744043953e+152, beta_phi=nan
NaN in beta_*: layer 9, bs_iter=38, k=4288, beta_mu=9.525073059796206e+151, beta_phi=nan
NaN in beta_*: layer 9, bs_iter=38, k=4289, beta_mu=9.772539602073131e+151, beta_phi=nan
NaN in beta_*: layer 9, bs_iter=38, k=4292, beta_mu=2.0146048581166652e+152, beta_phi=nan
NaN in beta_*: layer 9, bs_iter=38, k=4294, beta_mu=1.9512487657414071e+152, beta_phi=nan
NaN in beta_*: layer 9, bs_iter=38, k=4296, beta_mu=1.2874422410055184e+152, beta_phi=nan
NaN in beta_*: layer 9, bs_iter=38, k=4297, beta_mu=1.0583477760574852e+152, beta_phi=nan
NaN in beta_*: layer 9, bs_iter=38, k=4299, beta_mu=1.6942676116379225e+152, beta_phi=nan
NaN in beta_*: layer 9, bs_iter=38, k=4301, beta_mu=1.785706123532211e+152, beta_phi=nan
NaN in beta_*: layer 9, bs_iter=38, k=4302, beta_mu=1.2915800676311117e+152, beta_phi=nan
NaN in beta_*: layer 9, bs_iter=38, k=4313, beta_mu=1.5156762632529218e+152, beta_phi=nan
NaN in beta_*: layer 9, bs_iter=38, k=4315, beta_mu=2.6446960049692664e+152, beta_phi=nan
NaN in beta_*: layer 9, bs_iter=38, k=4317, beta_mu=1.3839151226145912e+152, beta_phi=nan
NaN in beta_*: layer 9, bs_iter=38, k=4321, beta_mu=1.3683485791713377e+153, beta_phi=nan
NaN in beta_*: layer 9, bs_iter=38, k=4322, beta_mu=1.1254859986826638e+153, beta_phi=nan
NaN in beta_*: layer 9, bs_iter=38, k=4324, beta_mu=1.1748808998059297e+152, beta_phi=nan
NaN in beta_*: layer 9, bs_iter=38, k=4325, beta_mu=2.839094512626248e+152, beta_phi=nan
NaN in beta_*: layer 9, bs_iter=38, k=4330, beta_mu=6.350407054082356e+152, beta_phi=nan
NaN in beta_*: layer 9, bs_iter=38, k=4333, beta_mu=1.6291704479402555e+152, beta_phi=nan
NaN in beta_*: layer 9, bs_iter=38, k=4335, beta_mu=2.7186217039416234e+152, beta_phi=nan
NaN in beta_*: layer 9, bs_iter=38, k=4337, beta_mu=2.7281317818394776e+152, beta_phi=nan
NaN in beta_*: layer 9, bs_iter=38, k=4338, beta_mu=2.7048208906488255e+152, beta_phi=nan
NaN in beta_*: layer 9, bs_iter=38, k=4340, beta_mu=1.2853839663404105e+152, beta_phi=nan
NaN in beta_*: layer 9, bs_iter=38, k=4342, beta_mu=1.723560250016074e+152, beta_phi=nan
NaN in beta_*: layer 9, bs_iter=38, k=4343, beta_mu=1.7978035034578577e+152, beta_phi=nan
NaN in beta_*: layer 9, bs_iter=38, k=4345, beta_mu=3.193170651390839e+152, beta_phi=nan
NaN in beta_*: layer 9, bs_iter=38, k=4348, beta_mu=1.0380769936513276e+153, beta_phi=nan
NaN in beta_*: layer 9, bs_iter=38, k=4349, beta_mu=1.0032033343926785e+152, beta_phi=nan
NaN in beta_*: layer 9, bs_iter=38, k=4350, beta_mu=1.119167820692002e+152, beta_phi=nan
NaN in beta_*: layer 9, bs_iter=38, k=4351, beta_mu=1.0283058579448616e+152, beta_phi=nan
NaN in beta_*: layer 9, bs_iter=38, k=4353, beta_mu=1.0381559150549425e+152, beta_phi=nan
NaN in beta_*: layer 9, bs_iter=38, k=4354, beta_mu=3.2072681902716486e+152, beta_phi=nan
NaN in beta_*: layer 9, bs_iter=38, k=4357, beta_mu=1.2768373508058437e+152, beta_phi=nan
NaN in beta_*: layer 9, bs_iter=38, k=4362, beta_mu=2.89320529673652e+152, beta_phi=nan
NaN in beta_*: layer 9, bs_iter=38, k=4366, beta_mu=1.3612779904043395e+152, beta_phi=nan
NaN in beta_*: layer 9, bs_iter=38, k=4368, beta_mu=1.98003602862012e+152, beta_phi=nan
NaN in beta_*: layer 9, bs_iter=38, k=4372, beta_mu=3.002565964453173e+152, beta_phi=nan
NaN in beta_*: layer 9, bs_iter=38, k=4374, beta_mu=2.9803241496377754e+152, beta_phi=nan
NaN in beta_*: layer 9, bs_iter=38, k=4376, beta_mu=6.111583063377235e+152, beta_phi=nan
NaN in beta_*: layer 9, bs_iter=38, k=4379, beta_mu=2.6303058809995833e+152, beta_phi=nan
NaN in beta_*: layer 9, bs_iter=38, k=4380, beta_mu=2.6277070907453075e+152, beta_phi=nan
NaN in beta_*: layer 9, bs_iter=38, k=4381, beta_mu=1.3237349327089183e+152, beta_phi=nan
NaN in beta_*: layer 9, bs_iter=38, k=4382, beta_mu=2.909970632493438e+152, beta_phi=nan
NaN in beta_*: layer 9, bs_iter=38, k=4384, beta_mu=2.712191097727211e+152, beta_phi=nan
NaN in beta_*: layer 9, bs_iter=38, k=4385, beta_mu=1.0231881059811779e+152, beta_phi=nan
NaN in beta_*: layer 9, bs_iter=38, k=4386, beta_mu=2.6613159624283087e+152, beta_phi=nan
NaN in beta_*: layer 9, bs_iter=38, k=4387, beta_mu=3.000260576839471e+152, beta_phi=nan
NaN in beta_*: layer 9, bs_iter=38, k=4388, beta_mu=2.6812311422729697e+152, beta_phi=nan
NaN in beta_*: layer 9, bs_iter=38, k=4390, beta_mu=1.0793486736662973e+153, beta_phi=nan
NaN in beta_*: layer 9, bs_iter=38, k=4393, beta_mu=1.2819176617521789e+153, beta_phi=nan
NaN in beta_*: layer 9, bs_iter=38, k=4394, beta_mu=7.229190733692542e+152, beta_phi=nan
NaN in beta_*: layer 9, bs_iter=38, k=4395, beta_mu=2.1198681076689287e+152, beta_phi=nan
NaN in beta_*: layer 9, bs_iter=38, k=4396, beta_mu=2.817936210168182e+152, beta_phi=nan
NaN in beta_*: layer 9, bs_iter=38, k=4397, beta_mu=2.0308115980312459e+152, beta_phi=nan
NaN in beta_*: layer 9, bs_iter=38, k=4399, beta_mu=6.459477033324081e+152, beta_phi=nan
NaN in beta_*: layer 9, bs_iter=38, k=4400, beta_mu=2.1650949831251037e+152, beta_phi=nan
NaN in beta_*: layer 9, bs_iter=38, k=4401, beta_mu=1.1924926967036017e+153, beta_phi=nan
NaN in beta_*: layer 9, bs_iter=38, k=4403, beta_mu=1.1817230771510562e+153, beta_phi=nan
NaN in beta_*: layer 9, bs_iter=38, k=4404, beta_mu=1.1861373328454744e+153, beta_phi=nan
NaN in beta_*: layer 9, bs_iter=38, k=4407, beta_mu=1.0005221595970737e+152, beta_phi=nan
NaN in beta_*: layer 9, bs_iter=38, k=4408, beta_mu=2.208808742001721e+152, beta_phi=nan
NaN in beta_*: layer 9, bs_iter=38, k=4410, beta_mu=1.3746555362397372e+152, beta_phi=nan
NaN in beta_*: layer 9, bs_iter=38, k=4412, beta_mu=2.7548371129136977e+152, beta_phi=nan
NaN in beta_*: layer 9, bs_iter=38, k=4413, beta_mu=1.1504170017649524e+152, beta_phi=nan
NaN in beta_*: layer 9, bs_iter=38, k=4415, beta_mu=2.165094662419336e+152, beta_phi=nan
NaN in beta_*: layer 9, bs_iter=38, k=4416, beta_mu=1.6100588278277927e+152, beta_phi=nan
NaN in beta_*: layer 9, bs_iter=38, k=4419, beta_mu=1.6886326346998386e+152, beta_phi=nan
NaN in beta_*: layer 9, bs_iter=38, k=4420, beta_mu=8.43143481126523e+152, beta_phi=nan
NaN in beta_*: layer 9, bs_iter=38, k=4421, beta_mu=2.745224050259481e+152, beta_phi=nan
NaN in beta_*: layer 9, bs_iter=38, k=4422, beta_mu=1.1123972207657593e+152, beta_phi=nan
NaN in beta_*: layer 9, bs_iter=38, k=4425, beta_mu=1.6047434376546943e+152, beta_phi=nan
NaN in beta_*: layer 9, bs_iter=38, k=4426, beta_mu=2.343808951451265e+152, beta_phi=nan
NaN in beta_*: layer 9, bs_iter=38, k=4428, beta_mu=1.2744887453776582e+152, beta_phi=nan
NaN in beta_*: layer 9, bs_iter=38, k=4432, beta_mu=2.278951165725454e+152, beta_phi=nan
NaN in beta_*: layer 9, bs_iter=38, k=4433, beta_mu=7.3415816434260655e+152, beta_phi=nan
NaN in beta_*: layer 9, bs_iter=38, k=4434, beta_mu=1.053624111489187e+153, beta_phi=nan
NaN in beta_*: layer 9, bs_iter=38, k=4435, beta_mu=9.01046276708986e+152, beta_phi=nan
NaN in beta_*: layer 9, bs_iter=38, k=4436, beta_mu=1.0395872378334835e+153, beta_phi=nan
NaN in beta_*: layer 9, bs_iter=38, k=4437, beta_mu=4.805539381534508e+152, beta_phi=nan
NaN in beta_*: layer 9, bs_iter=38, k=4441, beta_mu=9.675544934949328e+151, beta_phi=nan
NaN in beta_*: layer 9, bs_iter=38, k=4444, beta_mu=8.408323118245417e+152, beta_phi=nan
NaN in beta_*: layer 9, bs_iter=38, k=4446, beta_mu=1.4317108577287049e+153, beta_phi=nan
NaN in beta_*: layer 9, bs_iter=38, k=4449, beta_mu=1.594486245539627e+152, beta_phi=nan
NaN in beta_*: layer 9, bs_iter=38, k=4450, beta_mu=1.302265169826391e+153, beta_phi=nan
NaN in beta_*: layer 9, bs_iter=38, k=4451, beta_mu=1.0970346041129118e+153, beta_phi=nan
NaN in beta_*: layer 9, bs_iter=38, k=4452, beta_mu=4.8923720283444475e+152, beta_phi=nan
NaN in beta_*: layer 9, bs_iter=38, k=4454, beta_mu=5.906572206122507e+152, beta_phi=nan
NaN in beta_*: layer 9, bs_iter=38, k=4455, beta_mu=7.094152788233783e+152, beta_phi=nan
NaN in beta_*: layer 9, bs_iter=38, k=4456, beta_mu=1.0234667855047287e+153, beta_phi=nan
NaN in beta_*: layer 9, bs_iter=38, k=4457, beta_mu=6.502851887316503e+152, beta_phi=nan
NaN in beta_*: layer 9, bs_iter=38, k=4458, beta_mu=7.123739757752205e+152, beta_phi=nan
NaN in beta_*: layer 9, bs_iter=38, k=4459, beta_mu=2.7740975670042256e+152, beta_phi=nan
NaN in beta_*: layer 9, bs_iter=38, k=4460, beta_mu=4.966355632908514e+152, beta_phi=nan
NaN in beta_*: layer 9, bs_iter=38, k=4462, beta_mu=3.998576055787817e+152, beta_phi=nan
NaN in beta_*: layer 9, bs_iter=38, k=4463, beta_mu=3.812272909799852e+152, beta_phi=nan
NaN in beta_*: layer 9, bs_iter=38, k=4464, beta_mu=1.010638988951779e+152, beta_phi=nan
NaN in beta_*: layer 9, bs_iter=38, k=4465, beta_mu=3.5632581895586496e+152, beta_phi=nan
NaN in beta_*: layer 9, bs_iter=38, k=4469, beta_mu=6.144758077734508e+152, beta_phi=nan
NaN in beta_*: layer 9, bs_iter=38, k=4470, beta_mu=1.150633980765611e+152, beta_phi=nan
NaN in beta_*: layer 9, bs_iter=38, k=4474, beta_mu=6.698682543969847e+152, beta_phi=nan
NaN in beta_*: layer 9, bs_iter=38, k=4476, beta_mu=3.2830890170488955e+152, beta_phi=nan
NaN in beta_*: layer 9, bs_iter=38, k=4477, beta_mu=7.2126307050033225e+152, beta_phi=nan
NaN in beta_*: layer 9, bs_iter=38, k=4483, beta_mu=1.4713986787615362e+152, beta_phi=nan
NaN in beta_*: layer 9, bs_iter=38, k=4484, beta_mu=3.6004793494340324e+152, beta_phi=nan
NaN in beta_*: layer 9, bs_iter=38, k=4485, beta_mu=1.061344055915831e+152, beta_phi=nan
NaN in beta_*: layer 9, bs_iter=38, k=4486, beta_mu=5.658805547202709e+152, beta_phi=nan
NaN in beta_*: layer 9, bs_iter=38, k=4487, beta_mu=9.891642572006069e+151, beta_phi=nan
NaN in beta_*: layer 9, bs_iter=38, k=4491, beta_mu=3.936891205096255e+152, beta_phi=nan
NaN in beta_*: layer 9, bs_iter=38, k=4493, beta_mu=3.8724498650672834e+152, beta_phi=nan
NaN in beta_*: layer 9, bs_iter=38, k=4494, beta_mu=3.8779871142055177e+152, beta_phi=nan
NaN in beta_*: layer 9, bs_iter=38, k=4498, beta_mu=3.7354271463134174e+152, beta_phi=nan
NaN in beta_*: layer 9, bs_iter=38, k=4499, beta_mu=8.24359734540638e+152, beta_phi=nan
NaN in beta_*: layer 9, bs_iter=38, k=4501, beta_mu=3.682361992077651e+152, beta_phi=nan
NaN in beta_*: layer 9, bs_iter=38, k=4503, beta_mu=3.083062152016734e+152, beta_phi=nan
NaN in beta_*: layer 9, bs_iter=38, k=4510, beta_mu=3.8169129081551934e+152, beta_phi=nan
NaN in beta_*: layer 9, bs_iter=38, k=4512, beta_mu=3.4680155465296985e+152, beta_phi=nan
NaN in beta_*: layer 9, bs_iter=38, k=4514, beta_mu=1.0953154201286146e+152, beta_phi=nan
NaN in beta_*: layer 9, bs_iter=38, k=4516, beta_mu=9.891596339985809e+151, beta_phi=nan
NaN in beta_*: layer 9, bs_iter=38, k=4522, beta_mu=1.0876828291775555e+152, beta_phi=nan
NaN in beta_*: layer 9, bs_iter=38, k=4523, beta_mu=5.595348412534254e+152, beta_phi=nan
NaN in beta_*: layer 9, bs_iter=38, k=4524, beta_mu=5.550849518931523e+152, beta_phi=nan
NaN in beta_*: layer 9, bs_iter=38, k=4528, beta_mu=1.3793165582826745e+152, beta_phi=nan
NaN in beta_*: layer 9, bs_iter=38, k=4531, beta_mu=4.132675819686358e+152, beta_phi=nan
NaN in beta_*: layer 9, bs_iter=38, k=4532, beta_mu=5.436279956990459e+152, beta_phi=nan
NaN in beta_*: layer 9, bs_iter=38, k=4533, beta_mu=1.0776143650665326e+152, beta_phi=nan
NaN in beta_*: layer 9, bs_iter=38, k=4535, beta_mu=1.5712539215072446e+152, beta_phi=nan
NaN in beta_*: layer 9, bs_iter=38, k=4536, beta_mu=3.46864603604836e+152, beta_phi=nan
NaN in beta_*: layer 9, bs_iter=38, k=4538, beta_mu=2.0203538277076267e+152, beta_phi=nan
NaN in beta_*: layer 9, bs_iter=38, k=4539, beta_mu=9.768277554530468e+151, beta_phi=nan
NaN in beta_*: layer 9, bs_iter=38, k=4541, beta_mu=4.421728965857209e+152, beta_phi=nan
NaN in beta_*: layer 9, bs_iter=38, k=4543, beta_mu=3.4686752313577694e+152, beta_phi=nan
NaN in beta_*: layer 9, bs_iter=38, k=4548, beta_mu=9.60583031624798e+152, beta_phi=nan
NaN in beta_*: layer 9, bs_iter=38, k=4549, beta_mu=8.465314685957985e+152, beta_phi=nan
NaN in beta_*: layer 9, bs_iter=38, k=4550, beta_mu=4.580008237566766e+152, beta_phi=nan
NaN in beta_*: layer 9, bs_iter=38, k=4552, beta_mu=5.762612814967867e+152, beta_phi=nan
NaN in beta_*: layer 9, bs_iter=38, k=4556, beta_mu=1.8023296249562137e+152, beta_phi=nan
NaN in beta_*: layer 9, bs_iter=38, k=4559, beta_mu=1.1567561465156825e+152, beta_phi=nan
NaN in beta_*: layer 9, bs_iter=38, k=4560, beta_mu=1.982089411290622e+152, beta_phi=nan
NaN in beta_*: layer 9, bs_iter=38, k=4563, beta_mu=1.6753957562309714e+152, beta_phi=nan
NaN in beta_*: layer 9, bs_iter=38, k=4566, beta_mu=2.5241525494416087e+152, beta_phi=nan
NaN in beta_*: layer 9, bs_iter=38, k=4569, beta_mu=1.3783325501902653e+152, beta_phi=nan
NaN in beta_*: layer 9, bs_iter=38, k=4570, beta_mu=1.8134109325245237e+152, beta_phi=nan
NaN in beta_*: layer 9, bs_iter=38, k=4573, beta_mu=5.240853519778456e+152, beta_phi=nan
NaN in beta_*: layer 9, bs_iter=38, k=4575, beta_mu=4.398883049035719e+152, beta_phi=nan
NaN in beta_*: layer 9, bs_iter=38, k=4576, beta_mu=6.445217804392602e+152, beta_phi=nan
NaN in beta_*: layer 9, bs_iter=38, k=4577, beta_mu=1.4753989195217628e+152, beta_phi=nan
NaN in beta_*: layer 9, bs_iter=38, k=4580, beta_mu=6.402557802282379e+152, beta_phi=nan
NaN in beta_*: layer 9, bs_iter=38, k=4586, beta_mu=4.258171094766737e+152, beta_phi=nan
NaN in beta_*: layer 9, bs_iter=38, k=4588, beta_mu=2.043929101234227e+152, beta_phi=nan
NaN in beta_*: layer 9, bs_iter=38, k=4589, beta_mu=2.0004447615967999e+152, beta_phi=nan
NaN in beta_*: layer 9, bs_iter=38, k=4597, beta_mu=2.7234704532622703e+152, beta_phi=nan
NaN in beta_*: layer 9, bs_iter=38, k=4600, beta_mu=2.1667069238332394e+152, beta_phi=nan
NaN in beta_*: layer 9, bs_iter=38, k=4602, beta_mu=4.542669273895533e+152, beta_phi=nan
NaN in beta_*: layer 9, bs_iter=38, k=4603, beta_mu=1.4231660265833414e+152, beta_phi=nan
NaN in beta_*: layer 9, bs_iter=38, k=4608, beta_mu=4.247966248358536e+152, beta_phi=nan
NaN in beta_*: layer 9, bs_iter=38, k=4609, beta_mu=9.008778410327834e+152, beta_phi=nan
NaN in beta_*: layer 9, bs_iter=38, k=4610, beta_mu=2.804136834996578e+152, beta_phi=nan
NaN in beta_*: layer 9, bs_iter=38, k=4615, beta_mu=1.2418277059239524e+152, beta_phi=nan
NaN in beta_*: layer 9, bs_iter=38, k=4618, beta_mu=4.419630711137967e+152, beta_phi=nan
NaN in beta_*: layer 9, bs_iter=38, k=4625, beta_mu=4.553735004834893e+152, beta_phi=nan
NaN in beta_*: layer 9, bs_iter=38, k=4630, beta_mu=4.482301759040172e+152, beta_phi=nan
NaN in beta_*: layer 9, bs_iter=38, k=4636, beta_mu=5.648524570013334e+152, beta_phi=nan
NaN in beta_*: layer 9, bs_iter=38, k=4645, beta_mu=5.447653873052732e+152, beta_phi=nan
NaN in beta_*: layer 9, bs_iter=38, k=4651, beta_mu=1.5085170086991786e+152, beta_phi=nan
NaN in beta_*: layer 9, bs_iter=38, k=4662, beta_mu=6.019026360866631e+152, beta_phi=nan
NaN in beta_*: layer 9, bs_iter=38, k=4664, beta_mu=2.2772210111012575e+152, beta_phi=nan
NaN in beta_*: layer 9, bs_iter=38, k=4678, beta_mu=4.608900950278624e+152, beta_phi=nan
NaN in beta_*: layer 9, bs_iter=38, k=4680, beta_mu=4.608903819427069e+152, beta_phi=nan
NaN in beta_*: layer 9, bs_iter=38, k=4685, beta_mu=1.7213213281838587e+152, beta_phi=nan
NaN in beta_*: layer 9, bs_iter=38, k=4688, beta_mu=4.536512917620444e+152, beta_phi=nan
NaN in beta_*: layer 9, bs_iter=38, k=4692, beta_mu=5.034906527379747e+152, beta_phi=nan
NaN in beta_*: layer 9, bs_iter=38, k=4694, beta_mu=4.608905838326486e+152, beta_phi=nan
NaN in beta_*: layer 9, bs_iter=38, k=4695, beta_mu=4.614749351530517e+152, beta_phi=nan
NaN in beta_*: layer 9, bs_iter=38, k=4696, beta_mu=1.4641413656064756e+152, beta_phi=nan
NaN in beta_*: layer 9, bs_iter=38, k=4697, beta_mu=1.4982258387730666e+152, beta_phi=nan
NaN in beta_*: layer 9, bs_iter=38, k=4698, beta_mu=4.608896522080066e+152, beta_phi=nan
NaN in beta_*: layer 9, bs_iter=38, k=4699, beta_mu=6.204908353284201e+152, beta_phi=nan
NaN in beta_*: layer 9, bs_iter=38, k=4700, beta_mu=2.972949644470769e+152, beta_phi=nan
NaN in beta_*: layer 9, bs_iter=38, k=4702, beta_mu=4.687143587810468e+152, beta_phi=nan
NaN in beta_*: layer 9, bs_iter=38, k=4705, beta_mu=4.6089004718349055e+152, beta_phi=nan
NaN in beta_*: layer 9, bs_iter=38, k=4706, beta_mu=4.608897756011347e+152, beta_phi=nan
NaN in beta_*: layer 9, bs_iter=38, k=4708, beta_mu=1.1510803907247963e+152, beta_phi=nan
NaN in beta_*: layer 9, bs_iter=38, k=4709, beta_mu=9.937907474886435e+152, beta_phi=nan
NaN in beta_*: layer 9, bs_iter=38, k=4716, beta_mu=4.683258639396794e+152, beta_phi=nan
NaN in beta_*: layer 9, bs_iter=38, k=4717, beta_mu=4.683261220204514e+152, beta_phi=nan
NaN in beta_*: layer 9, bs_iter=38, k=4718, beta_mu=1.3950945168587422e+152, beta_phi=nan
NaN in beta_*: layer 9, bs_iter=38, k=4720, beta_mu=4.613427023008506e+152, beta_phi=nan
NaN in beta_*: layer 9, bs_iter=38, k=4721, beta_mu=5.673842637064284e+152, beta_phi=nan
NaN in beta_*: layer 9, bs_iter=38, k=4722, beta_mu=4.683264408504888e+152, beta_phi=nan
NaN in beta_*: layer 9, bs_iter=38, k=4727, beta_mu=1.2432788843931938e+152, beta_phi=nan
NaN in beta_*: layer 9, bs_iter=38, k=4728, beta_mu=1.2166185438349802e+152, beta_phi=nan
NaN in beta_*: layer 9, bs_iter=38, k=4730, beta_mu=4.683267173160452e+152, beta_phi=nan
NaN in beta_*: layer 9, bs_iter=38, k=4732, beta_mu=2.0320025280214278e+152, beta_phi=nan
NaN in beta_*: layer 9, bs_iter=38, k=4734, beta_mu=4.683268040831121e+152, beta_phi=nan
NaN in beta_*: layer 9, bs_iter=38, k=4735, beta_mu=4.683266751517085e+152, beta_phi=nan
NaN in beta_*: layer 9, bs_iter=38, k=4738, beta_mu=2.9729489061352656e+152, beta_phi=nan
NaN in beta_*: layer 9, bs_iter=38, k=4740, beta_mu=4.861328462056406e+152, beta_phi=nan
NaN in beta_*: layer 9, bs_iter=38, k=4743, beta_mu=4.803163862366957e+152, beta_phi=nan
NaN in beta_*: layer 9, bs_iter=38, k=4745, beta_mu=1.625193523339687e+152, beta_phi=nan
NaN in beta_*: layer 9, bs_iter=38, k=4746, beta_mu=1.275652898633147e+153, beta_phi=nan
NaN in beta_*: layer 9, bs_iter=38, k=4750, beta_mu=2.357288647984848e+152, beta_phi=nan
NaN in beta_*: layer 9, bs_iter=38, k=4759, beta_mu=4.499731707682151e+152, beta_phi=nan
NaN in beta_*: layer 9, bs_iter=38, k=4760, beta_mu=3.7988276726846724e+152, beta_phi=nan
NaN in beta_*: layer 9, bs_iter=38, k=4761, beta_mu=3.7988276240797073e+152, beta_phi=nan
NaN in beta_*: layer 9, bs_iter=38, k=4763, beta_mu=3.1561198657796507e+152, beta_phi=nan
NaN in beta_*: layer 9, bs_iter=38, k=4764, beta_mu=3.798828193636911e+152, beta_phi=nan
NaN in beta_*: layer 9, bs_iter=38, k=4765, beta_mu=3.7988279132623424e+152, beta_phi=nan
NaN in beta_*: layer 9, bs_iter=38, k=4766, beta_mu=3.7988281477668025e+152, beta_phi=nan
NaN in beta_*: layer 9, bs_iter=38, k=4767, beta_mu=3.7988248774481796e+152, beta_phi=nan
NaN in beta_*: layer 9, bs_iter=38, k=4770, beta_mu=3.649863139618827e+152, beta_phi=nan
NaN in beta_*: layer 9, bs_iter=38, k=4773, beta_mu=3.798828115468751e+152, beta_phi=nan
NaN in beta_*: layer 9, bs_iter=38, k=4774, beta_mu=3.798807308990308e+152, beta_phi=nan
NaN in beta_*: layer 9, bs_iter=38, k=4775, beta_mu=5.961894092832405e+152, beta_phi=nan
NaN in beta_*: layer 9, bs_iter=38, k=4776, beta_mu=3.798819637106521e+152, beta_phi=nan
NaN in beta_*: layer 9, bs_iter=38, k=4777, beta_mu=6.029423749418656e+152, beta_phi=nan
NaN in beta_*: layer 9, bs_iter=38, k=4778, beta_mu=1.3415450331764246e+152, beta_phi=nan
NaN in beta_*: layer 9, bs_iter=38, k=4779, beta_mu=3.7988249439397034e+152, beta_phi=nan
NaN in beta_*: layer 9, bs_iter=38, k=4780, beta_mu=3.743654837440809e+152, beta_phi=nan
NaN in beta_*: layer 9, bs_iter=38, k=4782, beta_mu=3.798827592275101e+152, beta_phi=nan
NaN in beta_*: layer 9, bs_iter=38, k=4783, beta_mu=3.79881116912851e+152, beta_phi=nan
NaN in beta_*: layer 9, bs_iter=38, k=4784, beta_mu=3.8018160513871925e+152, beta_phi=nan
NaN in beta_*: layer 9, bs_iter=38, k=4785, beta_mu=3.798722379496064e+152, beta_phi=nan
NaN in beta_*: layer 9, bs_iter=38, k=4786, beta_mu=3.8018299189121553e+152, beta_phi=nan
NaN in beta_*: layer 9, bs_iter=38, k=4787, beta_mu=4.100514605859323e+152, beta_phi=nan
NaN in beta_*: layer 9, bs_iter=38, k=4789, beta_mu=3.7988285111007796e+152, beta_phi=nan
NaN in beta_*: layer 9, bs_iter=38, k=4790, beta_mu=3.649994576864454e+152, beta_phi=nan
NaN in beta_*: layer 9, bs_iter=38, k=4792, beta_mu=3.798827810284653e+152, beta_phi=nan
NaN in beta_*: layer 9, bs_iter=38, k=4794, beta_mu=3.798792783519631e+152, beta_phi=nan
NaN in beta_*: layer 9, bs_iter=38, k=4796, beta_mu=3.7987582548590683e+152, beta_phi=nan
NaN in beta_*: layer 9, bs_iter=38, k=4798, beta_mu=3.798827743024958e+152, beta_phi=nan
NaN in beta_*: layer 9, bs_iter=38, k=4800, beta_mu=3.8000275817481186e+152, beta_phi=nan
NaN in beta_*: layer 9, bs_iter=38, k=4803, beta_mu=3.7988278508996264e+152, beta_phi=nan
NaN in beta_*: layer 9, bs_iter=38, k=4804, beta_mu=4.0340167319826346e+152, beta_phi=nan
NaN in beta_*: layer 9, bs_iter=38, k=4805, beta_mu=3.7988279155383794e+152, beta_phi=nan
NaN in beta_*: layer 9, bs_iter=38, k=4806, beta_mu=3.798828237458702e+152, beta_phi=nan
NaN in beta_*: layer 9, bs_iter=38, k=4807, beta_mu=3.798828250981208e+152, beta_phi=nan
NaN in beta_*: layer 9, bs_iter=38, k=4809, beta_mu=1.969145055910714e+152, beta_phi=nan
NaN in beta_*: layer 9, bs_iter=38, k=4811, beta_mu=3.798828064444701e+152, beta_phi=nan
NaN in beta_*: layer 9, bs_iter=38, k=4812, beta_mu=3.7988281169752105e+152, beta_phi=nan
NaN in beta_*: layer 9, bs_iter=38, k=4813, beta_mu=3.4676867664864184e+152, beta_phi=nan
NaN in beta_*: layer 9, bs_iter=38, k=4814, beta_mu=1.0285277659508646e+152, beta_phi=nan
NaN in beta_*: layer 9, bs_iter=38, k=4815, beta_mu=3.804856332811477e+152, beta_phi=nan
NaN in beta_*: layer 9, bs_iter=38, k=4816, beta_mu=3.8048561436945744e+152, beta_phi=nan
NaN in beta_*: layer 9, bs_iter=38, k=4817, beta_mu=3.8078706115351485e+152, beta_phi=nan
NaN in beta_*: layer 9, bs_iter=38, k=4818, beta_mu=3.801231603832098e+152, beta_phi=nan
NaN in beta_*: layer 9, bs_iter=38, k=4819, beta_mu=3.8012274914879374e+152, beta_phi=nan
NaN in beta_*: layer 9, bs_iter=38, k=4821, beta_mu=3.8048558413170235e+152, beta_phi=nan
NaN in beta_*: layer 9, bs_iter=38, k=4822, beta_mu=3.804855914691949e+152, beta_phi=nan
NaN in beta_*: layer 9, bs_iter=38, k=4823, beta_mu=3.8048559345672356e+152, beta_phi=nan
NaN in beta_*: layer 9, bs_iter=38, k=4824, beta_mu=3.804856197907996e+152, beta_phi=nan
NaN in beta_*: layer 9, bs_iter=38, k=4825, beta_mu=4.319119680965969e+152, beta_phi=nan
NaN in beta_*: layer 9, bs_iter=38, k=4826, beta_mu=8.61737435260801e+152, beta_phi=nan
NaN in beta_*: layer 9, bs_iter=38, k=4827, beta_mu=4.1005153355258204e+152, beta_phi=nan
NaN in beta_*: layer 9, bs_iter=38, k=4828, beta_mu=8.631908352944185e+152, beta_phi=nan
NaN in beta_*: layer 9, bs_iter=38, k=4831, beta_mu=4.100514868987396e+152, beta_phi=nan
NaN in beta_*: layer 9, bs_iter=38, k=4838, beta_mu=1.29279311957256e+152, beta_phi=nan
NaN in beta_*: layer 9, bs_iter=38, k=4839, beta_mu=1.5798858161082295e+152, beta_phi=nan
NaN in beta_*: layer 9, bs_iter=38, k=4840, beta_mu=1.5029693182764396e+152, beta_phi=nan
NaN in beta_*: layer 9, bs_iter=38, k=4841, beta_mu=4.255307695786373e+152, beta_phi=nan
NaN in beta_*: layer 9, bs_iter=38, k=4842, beta_mu=1.5067934921516218e+152, beta_phi=nan
NaN in beta_*: layer 9, bs_iter=38, k=4844, beta_mu=3.370505692270287e+152, beta_phi=nan
NaN in beta_*: layer 9, bs_iter=38, k=4845, beta_mu=1.57216397206433e+152, beta_phi=nan
NaN in beta_*: layer 9, bs_iter=38, k=4846, beta_mu=1.5470234503118858e+152, beta_phi=nan
NaN in beta_*: layer 9, bs_iter=38, k=4847, beta_mu=3.1142665081486455e+152, beta_phi=nan
NaN in beta_*: layer 9, bs_iter=38, k=4853, beta_mu=1.6557484472142375e+152, beta_phi=nan
NaN in beta_*: layer 9, bs_iter=38, k=4854, beta_mu=1.6448315165103563e+152, beta_phi=nan
NaN in beta_*: layer 9, bs_iter=38, k=4857, beta_mu=3.092211889666361e+152, beta_phi=nan
NaN in beta_*: layer 9, bs_iter=38, k=4858, beta_mu=3.1300862361607935e+152, beta_phi=nan
NaN in beta_*: layer 9, bs_iter=38, k=4859, beta_mu=3.135011185121089e+152, beta_phi=nan
NaN in beta_*: layer 9, bs_iter=38, k=4865, beta_mu=3.261415643555836e+152, beta_phi=nan
NaN in beta_*: layer 9, bs_iter=38, k=4867, beta_mu=3.0815287143241604e+152, beta_phi=nan
NaN in beta_*: layer 9, bs_iter=38, k=4869, beta_mu=1.5498359152432804e+152, beta_phi=nan
NaN in beta_*: layer 9, bs_iter=38, k=4870, beta_mu=3.135011069300668e+152, beta_phi=nan
NaN in beta_*: layer 9, bs_iter=38, k=4871, beta_mu=3.528855822323806e+152, beta_phi=nan
NaN in beta_*: layer 9, bs_iter=38, k=4872, beta_mu=2.8947402290117236e+152, beta_phi=nan
NaN in beta_*: layer 9, bs_iter=38, k=4873, beta_mu=3.135011240216549e+152, beta_phi=nan
NaN in beta_*: layer 9, bs_iter=38, k=4874, beta_mu=1.7646372199655954e+152, beta_phi=nan
NaN in beta_*: layer 9, bs_iter=38, k=4875, beta_mu=3.1350114000539443e+152, beta_phi=nan
NaN in beta_*: layer 9, bs_iter=38, k=4877, beta_mu=4.0359130119451608e+152, beta_phi=nan
NaN in beta_*: layer 9, bs_iter=38, k=4879, beta_mu=4.255308249371013e+152, beta_phi=nan
NaN in beta_*: layer 9, bs_iter=38, k=4880, beta_mu=2.863459894042812e+152, beta_phi=nan
NaN in beta_*: layer 9, bs_iter=38, k=4882, beta_mu=4.229069299816793e+152, beta_phi=nan
NaN in beta_*: layer 9, bs_iter=38, k=4883, beta_mu=4.873289523161422e+152, beta_phi=nan
NaN in beta_*: layer 9, bs_iter=38, k=4884, beta_mu=4.0959869748487184e+152, beta_phi=nan
NaN in beta_*: layer 9, bs_iter=38, k=4885, beta_mu=1.3520854513761817e+153, beta_phi=nan
NaN in beta_*: layer 9, bs_iter=38, k=4888, beta_mu=4.247643454203447e+152, beta_phi=nan
NaN in beta_*: layer 9, bs_iter=38, k=4889, beta_mu=3.373959173187027e+152, beta_phi=nan
NaN in beta_*: layer 9, bs_iter=38, k=4890, beta_mu=3.3705774278041874e+152, beta_phi=nan
NaN in beta_*: layer 9, bs_iter=38, k=4893, beta_mu=3.2954271923915117e+152, beta_phi=nan
NaN in beta_*: layer 9, bs_iter=38, k=4895, beta_mu=3.813428390154789e+152, beta_phi=nan
NaN in beta_*: layer 9, bs_iter=38, k=4898, beta_mu=3.2954280919050144e+152, beta_phi=nan
NaN in beta_*: layer 9, bs_iter=38, k=4899, beta_mu=3.2954260230595505e+152, beta_phi=nan
NaN in beta_*: layer 9, bs_iter=38, k=4901, beta_mu=1.98449018425675e+152, beta_phi=nan
NaN in beta_*: layer 9, bs_iter=38, k=4905, beta_mu=3.347644814999774e+152, beta_phi=nan
NaN in beta_*: layer 9, bs_iter=38, k=4908, beta_mu=3.38575482271698e+152, beta_phi=nan
NaN in beta_*: layer 9, bs_iter=38, k=4913, beta_mu=3.1939979451626943e+152, beta_phi=nan
NaN in beta_*: layer 9, bs_iter=38, k=4914, beta_mu=5.400106650085279e+152, beta_phi=nan
NaN in beta_*: layer 9, bs_iter=38, k=4915, beta_mu=1.7701161994909862e+153, beta_phi=nan
NaN in beta_*: layer 9, bs_iter=38, k=4921, beta_mu=4.256332021285872e+152, beta_phi=nan
NaN in beta_*: layer 9, bs_iter=38, k=4926, beta_mu=2.781152429726628e+152, beta_phi=nan
NaN in beta_*: layer 9, bs_iter=38, k=4927, beta_mu=2.582977074288522e+152, beta_phi=nan
NaN in beta_*: layer 9, bs_iter=38, k=4931, beta_mu=2.784704231478255e+152, beta_phi=nan
NaN in beta_*: layer 9, bs_iter=38, k=4933, beta_mu=2.9073270729128276e+152, beta_phi=nan
NaN in beta_*: layer 9, bs_iter=38, k=4934, beta_mu=2.5297252335550137e+152, beta_phi=nan
NaN in beta_*: layer 9, bs_iter=38, k=4937, beta_mu=6.660157069969951e+152, beta_phi=nan
NaN in beta_*: layer 9, bs_iter=38, k=4939, beta_mu=1.2123467975604662e+152, beta_phi=nan
NaN in beta_*: layer 9, bs_iter=38, k=4941, beta_mu=5.201676664129541e+152, beta_phi=nan
NaN in beta_*: layer 9, bs_iter=38, k=4943, beta_mu=1.2278338062550578e+152, beta_phi=nan
NaN in beta_*: layer 9, bs_iter=38, k=4944, beta_mu=3.063770036101308e+152, beta_phi=nan
NaN in beta_*: layer 9, bs_iter=38, k=4949, beta_mu=2.981959840666784e+152, beta_phi=nan
NaN in beta_*: layer 9, bs_iter=38, k=4952, beta_mu=1.1606825918263544e+153, beta_phi=nan
NaN in beta_*: layer 9, bs_iter=38, k=4954, beta_mu=1.444103581671053e+152, beta_phi=nan
NaN in beta_*: layer 9, bs_iter=38, k=4959, beta_mu=2.173813462640794e+152, beta_phi=nan
NaN in beta_*: layer 9, bs_iter=38, k=4965, beta_mu=1.750174257102521e+152, beta_phi=nan
NaN in beta_*: layer 9, bs_iter=38, k=4966, beta_mu=2.5473615436198603e+152, beta_phi=nan
NaN in beta_*: layer 9, bs_iter=38, k=4967, beta_mu=1.5971506576112527e+152, beta_phi=nan
NaN in beta_*: layer 9, bs_iter=38, k=4968, beta_mu=1.0791480163860319e+152, beta_phi=nan
NaN in beta_*: layer 9, bs_iter=38, k=4969, beta_mu=4.904551691910455e+152, beta_phi=nan
NaN in beta_*: layer 9, bs_iter=38, k=4994, beta_mu=6.264614648541115e+152, beta_phi=nan
NaN in beta_*: layer 9, bs_iter=38, k=4995, beta_mu=7.423441871338621e+152, beta_phi=nan
NaN in beta_*: layer 9, bs_iter=38, k=5015, beta_mu=8.986025495137103e+152, beta_phi=nan
NaN in beta_*: layer 9, bs_iter=38, k=5016, beta_mu=1.1866645330779747e+152, beta_phi=nan
NaN in beta_*: layer 9, bs_iter=38, k=5020, beta_mu=1.3560022562017935e+153, beta_phi=nan
NaN in beta_*: layer 9, bs_iter=38, k=5021, beta_mu=2.126666321658058e+152, beta_phi=nan
NaN in beta_*: layer 9, bs_iter=38, k=5028, beta_mu=8.717102521141522e+152, beta_phi=nan
NaN in beta_*: layer 9, bs_iter=38, k=5030, beta_mu=1.3045288101272882e+153, beta_phi=nan
NaN in beta_*: layer 9, bs_iter=38, k=5037, beta_mu=1.4125243038907202e+152, beta_phi=nan
NaN in beta_*: layer 9, bs_iter=38, k=5039, beta_mu=1.1485651759862922e+153, beta_phi=nan
NaN in beta_*: layer 9, bs_iter=38, k=5041, beta_mu=1.846264037198566e+152, beta_phi=nan
NaN in beta_*: layer 9, bs_iter=38, k=5042, beta_mu=1.3737215036277437e+153, beta_phi=nan
NaN in beta_*: layer 9, bs_iter=38, k=5045, beta_mu=1.8527419753417245e+152, beta_phi=nan
NaN in beta_*: layer 9, bs_iter=38, k=5046, beta_mu=1.6355682489033384e+152, beta_phi=nan
NaN in beta_*: layer 9, bs_iter=38, k=5047, beta_mu=8.575538912942198e+152, beta_phi=nan
NaN in beta_*: layer 9, bs_iter=38, k=5049, beta_mu=1.9472744285482654e+152, beta_phi=nan
NaN in beta_*: layer 9, bs_iter=38, k=5050, beta_mu=1.4154646116558677e+152, beta_phi=nan
NaN in beta_*: layer 9, bs_iter=38, k=5051, beta_mu=1.9623114039704011e+152, beta_phi=nan
NaN in beta_*: layer 9, bs_iter=38, k=5052, beta_mu=1.4358016748347483e+152, beta_phi=nan
NaN in beta_*: layer 9, bs_iter=38, k=5053, beta_mu=1.3858300727450378e+152, beta_phi=nan
NaN in beta_*: layer 9, bs_iter=38, k=5054, beta_mu=1.8847766278990708e+152, beta_phi=nan
NaN in beta_*: layer 9, bs_iter=38, k=5055, beta_mu=1.3498722444305844e+152, beta_phi=nan
NaN in beta_*: layer 9, bs_iter=38, k=5056, beta_mu=1.9553454817419776e+152, beta_phi=nan
NaN in beta_*: layer 9, bs_iter=38, k=5059, beta_mu=1.7724349475163234e+152, beta_phi=nan
NaN in beta_*: layer 9, bs_iter=38, k=5066, beta_mu=1.620367194267908e+152, beta_phi=nan
NaN in beta_*: layer 9, bs_iter=38, k=5067, beta_mu=7.49177771031683e+152, beta_phi=nan
NaN in beta_*: layer 9, bs_iter=38, k=5071, beta_mu=1.527447426257276e+152, beta_phi=nan
NaN in beta_*: layer 9, bs_iter=38, k=5072, beta_mu=1.5274580306912934e+152, beta_phi=nan
NaN in beta_*: layer 9, bs_iter=38, k=5073, beta_mu=7.1687146873424e+152, beta_phi=nan
NaN in beta_*: layer 9, bs_iter=38, k=5076, beta_mu=8.49281555424479e+152, beta_phi=nan
NaN in beta_*: layer 9, bs_iter=38, k=5077, beta_mu=4.260174744080502e+152, beta_phi=nan
NaN in beta_*: layer 9, bs_iter=38, k=5078, beta_mu=1.1495161015108378e+153, beta_phi=nan
NaN in beta_*: layer 9, bs_iter=38, k=5079, beta_mu=7.73719919384431e+152, beta_phi=nan
NaN in beta_*: layer 9, bs_iter=38, k=5081, beta_mu=4.0977413572780316e+152, beta_phi=nan
NaN in beta_*: layer 9, bs_iter=38, k=5082, beta_mu=6.767001094614687e+152, beta_phi=nan
NaN in beta_*: layer 9, bs_iter=38, k=5084, beta_mu=3.9614594411367777e+152, beta_phi=nan
NaN in beta_*: layer 9, bs_iter=38, k=5085, beta_mu=3.339549627832959e+152, beta_phi=nan
NaN in beta_*: layer 9, bs_iter=38, k=5086, beta_mu=9.061761860952347e+152, beta_phi=nan
NaN in beta_*: layer 9, bs_iter=38, k=5087, beta_mu=6.994714887210975e+152, beta_phi=nan
NaN in beta_*: layer 9, bs_iter=38, k=5088, beta_mu=1.4658611435741262e+153, beta_phi=nan
NaN in beta_*: layer 9, bs_iter=38, k=5089, beta_mu=6.994721277215617e+152, beta_phi=nan
NaN in beta_*: layer 9, bs_iter=38, k=5092, beta_mu=7.534091668988004e+152, beta_phi=nan
NaN in beta_*: layer 9, bs_iter=38, k=5095, beta_mu=7.25951950161553e+152, beta_phi=nan
NaN in beta_*: layer 9, bs_iter=38, k=5096, beta_mu=5.013311602456664e+152, beta_phi=nan
NaN in beta_*: layer 9, bs_iter=38, k=5098, beta_mu=1.441551711279877e+153, beta_phi=nan
NaN in beta_*: layer 9, bs_iter=38, k=5101, beta_mu=6.838853157570086e+152, beta_phi=nan
NaN in beta_*: layer 9, bs_iter=38, k=5103, beta_mu=1.683852386831132e+152, beta_phi=nan
NaN in beta_*: layer 9, bs_iter=38, k=5104, beta_mu=3.1320165432470627e+152, beta_phi=nan
NaN in beta_*: layer 9, bs_iter=38, k=5105, beta_mu=1.0626709768964618e+152, beta_phi=nan
NaN in beta_*: layer 9, bs_iter=38, k=5109, beta_mu=6.771409244160069e+152, beta_phi=nan
NaN in beta_*: layer 9, bs_iter=38, k=5113, beta_mu=7.441555423104685e+152, beta_phi=nan
NaN in beta_*: layer 9, bs_iter=38, k=5114, beta_mu=7.613696657977508e+152, beta_phi=nan
NaN in beta_*: layer 9, bs_iter=38, k=5119, beta_mu=7.0929365808357385e+152, beta_phi=nan
NaN in beta_*: layer 9, bs_iter=38, k=5121, beta_mu=8.424274194517975e+152, beta_phi=nan
NaN in beta_*: layer 9, bs_iter=38, k=5122, beta_mu=7.010750740262391e+152, beta_phi=nan
NaN in beta_*: layer 9, bs_iter=38, k=5124, beta_mu=1.2959701281941963e+153, beta_phi=nan
NaN in beta_*: layer 9, bs_iter=38, k=5125, beta_mu=1.9756616141649e+152, beta_phi=nan
NaN in beta_*: layer 9, bs_iter=38, k=5126, beta_mu=7.584235441555265e+152, beta_phi=nan
NaN in beta_*: layer 9, bs_iter=38, k=5127, beta_mu=7.5590451241716565e+152, beta_phi=nan
NaN in beta_*: layer 9, bs_iter=38, k=5129, beta_mu=7.615458018100874e+152, beta_phi=nan
NaN in beta_*: layer 9, bs_iter=38, k=5130, beta_mu=7.615457148656671e+152, beta_phi=nan
NaN in beta_*: layer 9, bs_iter=38, k=5131, beta_mu=2.268744701007257e+152, beta_phi=nan
NaN in beta_*: layer 9, bs_iter=38, k=5132, beta_mu=7.615458209922288e+152, beta_phi=nan
NaN in beta_*: layer 9, bs_iter=38, k=5134, beta_mu=5.32469240088833e+152, beta_phi=nan
NaN in beta_*: layer 9, bs_iter=38, k=5135, beta_mu=8.881536758578476e+152, beta_phi=nan
NaN in beta_*: layer 9, bs_iter=38, k=5136, beta_mu=1.2586686370415826e+152, beta_phi=nan
NaN in beta_*: layer 9, bs_iter=38, k=5138, beta_mu=8.850926973339027e+152, beta_phi=nan
NaN in beta_*: layer 9, bs_iter=38, k=5139, beta_mu=7.194385699826243e+152, beta_phi=nan
NaN in beta_*: layer 9, bs_iter=38, k=5140, beta_mu=1.3895927270892847e+153, beta_phi=nan
NaN in beta_*: layer 9, bs_iter=38, k=5142, beta_mu=1.11637758974214e+152, beta_phi=nan
NaN in beta_*: layer 9, bs_iter=38, k=5143, beta_mu=1.4268115707815562e+152, beta_phi=nan
NaN in beta_*: layer 9, bs_iter=38, k=5145, beta_mu=1.8952184774949895e+152, beta_phi=nan
NaN in beta_*: layer 9, bs_iter=38, k=5147, beta_mu=1.893805854633929e+152, beta_phi=nan
NaN in beta_*: layer 9, bs_iter=38, k=5148, beta_mu=1.6721183172072796e+152, beta_phi=nan
NaN in beta_*: layer 9, bs_iter=38, k=5149, beta_mu=1.6056811411971018e+152, beta_phi=nan
NaN in beta_*: layer 9, bs_iter=38, k=5150, beta_mu=1.570319891053546e+152, beta_phi=nan
NaN in beta_*: layer 9, bs_iter=38, k=5151, beta_mu=5.338056287583096e+152, beta_phi=nan
NaN in beta_*: layer 9, bs_iter=38, k=5155, beta_mu=1.3041571101627286e+152, beta_phi=nan
NaN in beta_*: layer 9, bs_iter=38, k=5156, beta_mu=1.5742017480450535e+152, beta_phi=nan
NaN in beta_*: layer 9, bs_iter=38, k=5157, beta_mu=3.0564805452188127e+152, beta_phi=nan
NaN in beta_*: layer 9, bs_iter=38, k=5158, beta_mu=1.2207310786394394e+152, beta_phi=nan
NaN in beta_*: layer 9, bs_iter=38, k=5160, beta_mu=1.4737840015787259e+152, beta_phi=nan
NaN in beta_*: layer 9, bs_iter=38, k=5161, beta_mu=1.267540168371555e+152, beta_phi=nan
NaN in beta_*: layer 9, bs_iter=38, k=5162, beta_mu=1.5754955993273883e+152, beta_phi=nan
NaN in beta_*: layer 9, bs_iter=38, k=5164, beta_mu=1.1999458520081979e+152, beta_phi=nan
NaN in beta_*: layer 9, bs_iter=38, k=5166, beta_mu=1.5501267552847195e+152, beta_phi=nan
NaN in beta_*: layer 9, bs_iter=38, k=5167, beta_mu=6.687330818920566e+152, beta_phi=nan
NaN in beta_*: layer 9, bs_iter=38, k=5168, beta_mu=1.2675382891125327e+152, beta_phi=nan
NaN in beta_*: layer 9, bs_iter=38, k=5170, beta_mu=1.5027582714011591e+152, beta_phi=nan
NaN in beta_*: layer 9, bs_iter=38, k=5171, beta_mu=2.9156184690224953e+153, beta_phi=nan
NaN in beta_*: layer 9, bs_iter=38, k=5172, beta_mu=1.5665491938697486e+152, beta_phi=nan
NaN in beta_*: layer 9, bs_iter=38, k=5173, beta_mu=1.5394151458833853e+152, beta_phi=nan
NaN in beta_*: layer 9, bs_iter=38, k=5174, beta_mu=1.189688639091329e+152, beta_phi=nan
NaN in beta_*: layer 9, bs_iter=38, k=5175, beta_mu=1.296611185967892e+152, beta_phi=nan
NaN in beta_*: layer 9, bs_iter=38, k=5176, beta_mu=1.2966111723925885e+152, beta_phi=nan
NaN in beta_*: layer 9, bs_iter=38, k=5177, beta_mu=9.906898240337558e+152, beta_phi=nan
NaN in beta_*: layer 9, bs_iter=38, k=5178, beta_mu=1.378118798828116e+152, beta_phi=nan
NaN in beta_*: layer 9, bs_iter=38, k=5179, beta_mu=3.689867012063308e+152, beta_phi=nan
NaN in beta_*: layer 9, bs_iter=38, k=5180, beta_mu=1.3857935019239583e+152, beta_phi=nan
NaN in beta_*: layer 9, bs_iter=38, k=5181, beta_mu=1.3857935261819346e+152, beta_phi=nan
NaN in beta_*: layer 9, bs_iter=38, k=5182, beta_mu=6.278082048374632e+152, beta_phi=nan
NaN in beta_*: layer 9, bs_iter=38, k=5183, beta_mu=1.0728492229378836e+152, beta_phi=nan
NaN in beta_*: layer 9, bs_iter=38, k=5184, beta_mu=1.2142858076427053e+152, beta_phi=nan
NaN in beta_*: layer 9, bs_iter=38, k=5185, beta_mu=1.0930699270952484e+152, beta_phi=nan
NaN in beta_*: layer 9, bs_iter=38, k=5186, beta_mu=1.5179462380739593e+152, beta_phi=nan
NaN in beta_*: layer 9, bs_iter=38, k=5187, beta_mu=1.5432104013267616e+152, beta_phi=nan
NaN in beta_*: layer 9, bs_iter=38, k=5188, beta_mu=1.0167020733660335e+152, beta_phi=nan
NaN in beta_*: layer 9, bs_iter=38, k=5189, beta_mu=1.4353781914201878e+152, beta_phi=nan
NaN in beta_*: layer 9, bs_iter=38, k=5190, beta_mu=8.83674316425284e+152, beta_phi=nan
NaN in beta_*: layer 9, bs_iter=38, k=5191, beta_mu=1.1311481955206178e+152, beta_phi=nan
NaN in beta_*: layer 9, bs_iter=38, k=5192, beta_mu=1.1066645874874834e+152, beta_phi=nan
NaN in beta_*: layer 9, bs_iter=38, k=5193, beta_mu=1.510066323483454e+152, beta_phi=nan
NaN in beta_*: layer 9, bs_iter=38, k=5194, beta_mu=1.535287305990577e+152, beta_phi=nan
NaN in beta_*: layer 9, bs_iter=38, k=5195, beta_mu=4.297317599724386e+152, beta_phi=nan
NaN in beta_*: layer 9, bs_iter=38, k=5196, beta_mu=1.2143671448955598e+152, beta_phi=nan
NaN in beta_*: layer 9, bs_iter=38, k=5197, beta_mu=1.4959219394134867e+152, beta_phi=nan
NaN in beta_*: layer 9, bs_iter=38, k=5198, beta_mu=1.4959220287105202e+152, beta_phi=nan
NaN in beta_*: layer 9, bs_iter=38, k=5199, beta_mu=1.4959223222788451e+152, beta_phi=nan
NaN in beta_*: layer 9, bs_iter=38, k=5200, beta_mu=1.49592128811847e+152, beta_phi=nan
NaN in beta_*: layer 9, bs_iter=38, k=5201, beta_mu=1.5593767438589466e+152, beta_phi=nan
NaN in beta_*: layer 9, bs_iter=38, k=5202, beta_mu=1.5593749482451492e+152, beta_phi=nan
NaN in beta_*: layer 9, bs_iter=38, k=5203, beta_mu=1.4615498004458462e+152, beta_phi=nan
NaN in beta_*: layer 9, bs_iter=38, k=5204, beta_mu=1.5593764741768503e+152, beta_phi=nan
NaN in beta_*: layer 9, bs_iter=38, k=5205, beta_mu=7.969108178233224e+152, beta_phi=nan
NaN in beta_*: layer 9, bs_iter=38, k=5206, beta_mu=7.512367435453315e+152, beta_phi=nan
NaN in beta_*: layer 9, bs_iter=38, k=5208, beta_mu=7.828350771241363e+152, beta_phi=nan
NaN in beta_*: layer 9, bs_iter=38, k=5209, beta_mu=9.265202786782312e+152, beta_phi=nan
NaN in beta_*: layer 9, bs_iter=38, k=5210, beta_mu=1.8329800404456737e+153, beta_phi=nan
NaN in beta_*: layer 9, bs_iter=38, k=5211, beta_mu=1.9293093013582783e+153, beta_phi=nan
NaN in beta_*: layer 9, bs_iter=38, k=5212, beta_mu=8.831596777445417e+152, beta_phi=nan
NaN in beta_*: layer 9, bs_iter=38, k=5213, beta_mu=2.0561541940213327e+153, beta_phi=nan
NaN in beta_*: layer 9, bs_iter=38, k=5214, beta_mu=1.509254676396017e+152, beta_phi=nan
NaN in beta_*: layer 9, bs_iter=38, k=5215, beta_mu=2.127813107844002e+153, beta_phi=nan
NaN in beta_*: layer 9, bs_iter=38, k=5216, beta_mu=2.0167487676670854e+153, beta_phi=nan
NaN in beta_*: layer 9, bs_iter=38, k=5217, beta_mu=7.950295704108104e+152, beta_phi=nan
NaN in beta_*: layer 9, bs_iter=38, k=5218, beta_mu=2.010504706043843e+153, beta_phi=nan
NaN in beta_*: layer 9, bs_iter=38, k=5219, beta_mu=1.2371117312754813e+153, beta_phi=nan
NaN in beta_*: layer 9, bs_iter=38, k=5220, beta_mu=1.959836638813405e+153, beta_phi=nan
NaN in beta_*: layer 9, bs_iter=38, k=5221, beta_mu=1.9633296779449926e+153, beta_phi=nan
NaN in beta_*: layer 9, bs_iter=38, k=5222, beta_mu=1.9766937341079993e+153, beta_phi=nan
NaN in beta_*: layer 9, bs_iter=38, k=5223, beta_mu=1.974013556129337e+153, beta_phi=nan
NaN in beta_*: layer 9, bs_iter=38, k=5226, beta_mu=2.7332174471889604e+152, beta_phi=nan
NaN in beta_*: layer 9, bs_iter=38, k=5236, beta_mu=7.988720939710274e+152, beta_phi=nan
NaN in beta_*: layer 9, bs_iter=38, k=5239, beta_mu=8.530153574427306e+152, beta_phi=nan
NaN in beta_*: layer 9, bs_iter=38, k=5240, beta_mu=5.061300740395347e+152, beta_phi=nan
NaN in beta_*: layer 9, bs_iter=38, k=5241, beta_mu=1.468214467339564e+152, beta_phi=nan
NaN in beta_*: layer 9, bs_iter=38, k=5242, beta_mu=7.891972217314728e+152, beta_phi=nan
NaN in beta_*: layer 9, bs_iter=38, k=5243, beta_mu=1.996370760063974e+152, beta_phi=nan
NaN in beta_*: layer 9, bs_iter=38, k=5245, beta_mu=5.181994769327719e+152, beta_phi=nan
NaN in beta_*: layer 9, bs_iter=38, k=5246, beta_mu=5.869085405443069e+152, beta_phi=nan
NaN in beta_*: layer 9, bs_iter=38, k=5248, beta_mu=5.778269426407636e+152, beta_phi=nan
NaN in beta_*: layer 9, bs_iter=38, k=5249, beta_mu=5.83951248275035e+152, beta_phi=nan
NaN in beta_*: layer 9, bs_iter=38, k=5250, beta_mu=5.842868928202555e+152, beta_phi=nan
NaN in beta_*: layer 9, bs_iter=38, k=5252, beta_mu=5.849977993918819e+152, beta_phi=nan
NaN in beta_*: layer 9, bs_iter=38, k=5253, beta_mu=5.826724764289015e+152, beta_phi=nan
NaN in beta_*: layer 9, bs_iter=38, k=5254, beta_mu=5.842870648945751e+152, beta_phi=nan
NaN in beta_*: layer 9, bs_iter=38, k=5255, beta_mu=5.842867758895306e+152, beta_phi=nan
NaN in beta_*: layer 9, bs_iter=38, k=5256, beta_mu=7.8171179074797995e+152, beta_phi=nan
NaN in beta_*: layer 9, bs_iter=38, k=5258, beta_mu=4.0294621128325303e+152, beta_phi=nan
NaN in beta_*: layer 9, bs_iter=38, k=5260, beta_mu=6.728482395299803e+152, beta_phi=nan
NaN in beta_*: layer 9, bs_iter=38, k=5263, beta_mu=7.838994261150099e+152, beta_phi=nan
NaN in beta_*: layer 9, bs_iter=38, k=5264, beta_mu=7.838986160424812e+152, beta_phi=nan
NaN in beta_*: layer 9, bs_iter=38, k=5265, beta_mu=2.869900674733466e+153, beta_phi=nan
NaN in beta_*: layer 9, bs_iter=38, k=5266, beta_mu=7.828933662674955e+152, beta_phi=nan
NaN in beta_*: layer 9, bs_iter=38, k=5268, beta_mu=1.8611176252034877e+153, beta_phi=nan
NaN in beta_*: layer 9, bs_iter=38, k=5270, beta_mu=1.3482139942153394e+152, beta_phi=nan
NaN in beta_*: layer 9, bs_iter=38, k=5271, beta_mu=1.1027689400683373e+152, beta_phi=nan
NaN in beta_*: layer 9, bs_iter=38, k=5272, beta_mu=9.200248364374624e+152, beta_phi=nan
NaN in beta_*: layer 9, bs_iter=38, k=5273, beta_mu=9.108763967836458e+152, beta_phi=nan
NaN in beta_*: layer 9, bs_iter=38, k=5274, beta_mu=9.214719321696533e+152, beta_phi=nan
NaN in beta_*: layer 9, bs_iter=38, k=5275, beta_mu=9.245603521330666e+152, beta_phi=nan
NaN in beta_*: layer 9, bs_iter=38, k=5276, beta_mu=2.872241160257299e+152, beta_phi=nan
NaN in beta_*: layer 9, bs_iter=38, k=5277, beta_mu=9.265213535704746e+152, beta_phi=nan
NaN in beta_*: layer 9, bs_iter=38, k=5278, beta_mu=9.325377055919552e+152, beta_phi=nan
NaN in beta_*: layer 9, bs_iter=38, k=5279, beta_mu=9.25231491866657e+152, beta_phi=nan
NaN in beta_*: layer 9, bs_iter=38, k=5280, beta_mu=8.363785086705169e+152, beta_phi=nan
NaN in beta_*: layer 9, bs_iter=38, k=5281, beta_mu=9.245617620399036e+152, beta_phi=nan
NaN in beta_*: layer 9, bs_iter=38, k=5282, beta_mu=3.186277233861879e+153, beta_phi=nan
NaN in beta_*: layer 9, bs_iter=38, k=5283, beta_mu=1.206758661856954e+153, beta_phi=nan
NaN in beta_*: layer 9, bs_iter=38, k=5284, beta_mu=9.245622076914081e+152, beta_phi=nan
NaN in beta_*: layer 9, bs_iter=38, k=5285, beta_mu=8.1097225914473135e+152, beta_phi=nan
NaN in beta_*: layer 9, bs_iter=38, k=5286, beta_mu=9.207410498873948e+152, beta_phi=nan
NaN in beta_*: layer 9, bs_iter=38, k=5287, beta_mu=9.047335505573204e+152, beta_phi=nan
NaN in beta_*: layer 9, bs_iter=38, k=5288, beta_mu=1.8369539195984653e+152, beta_phi=nan
NaN in beta_*: layer 9, bs_iter=38, k=5290, beta_mu=3.1629358666806055e+153, beta_phi=nan
NaN in beta_*: layer 9, bs_iter=38, k=5291, beta_mu=1.8153044117901193e+152, beta_phi=nan
NaN in beta_*: layer 9, bs_iter=38, k=5292, beta_mu=1.1630067711092161e+153, beta_phi=nan
NaN in beta_*: layer 9, bs_iter=38, k=5293, beta_mu=3.2008684716752582e+153, beta_phi=nan
NaN in beta_*: layer 9, bs_iter=38, k=5294, beta_mu=3.1964851815526023e+153, beta_phi=nan
NaN in beta_*: layer 9, bs_iter=38, k=5295, beta_mu=3.2448761583693638e+153, beta_phi=nan
NaN in beta_*: layer 9, bs_iter=38, k=5296, beta_mu=7.410869819861489e+152, beta_phi=nan
NaN in beta_*: layer 9, bs_iter=38, k=5297, beta_mu=2.0696323958001545e+152, beta_phi=nan
NaN in beta_*: layer 9, bs_iter=38, k=5298, beta_mu=2.0527905733008525e+152, beta_phi=nan
NaN in beta_*: layer 9, bs_iter=38, k=5299, beta_mu=2.0235049513876057e+152, beta_phi=nan
NaN in beta_*: layer 9, bs_iter=38, k=5300, beta_mu=3.2211635828540897e+153, beta_phi=nan
NaN in beta_*: layer 9, bs_iter=38, k=5301, beta_mu=3.1853554193102338e+153, beta_phi=nan
NaN in beta_*: layer 9, bs_iter=38, k=5302, beta_mu=3.1925259682685924e+152, beta_phi=nan
NaN in beta_*: layer 9, bs_iter=38, k=5303, beta_mu=3.171784588069847e+153, beta_phi=nan
NaN in beta_*: layer 9, bs_iter=38, k=5304, beta_mu=3.1655183768149864e+153, beta_phi=nan
NaN in beta_*: layer 9, bs_iter=38, k=5305, beta_mu=3.1562702087769497e+153, beta_phi=nan
NaN in beta_*: layer 9, bs_iter=38, k=5306, beta_mu=3.1762974102550925e+153, beta_phi=nan
NaN in beta_*: layer 9, bs_iter=38, k=5307, beta_mu=9.531180870895387e+152, beta_phi=nan
NaN in beta_*: layer 9, bs_iter=38, k=5308, beta_mu=2.9891190210116933e+152, beta_phi=nan
NaN in beta_*: layer 9, bs_iter=38, k=5311, beta_mu=3.2346399401380486e+153, beta_phi=nan
NaN in beta_*: layer 9, bs_iter=38, k=5313, beta_mu=2.1843440526520837e+152, beta_phi=nan
NaN in beta_*: layer 9, bs_iter=38, k=5315, beta_mu=2.1969996457581064e+152, beta_phi=nan
NaN in beta_*: layer 9, bs_iter=38, k=5316, beta_mu=1.680121404354733e+153, beta_phi=nan
NaN in beta_*: layer 9, bs_iter=38, k=5317, beta_mu=9.598481949612912e+152, beta_phi=nan
NaN in beta_*: layer 9, bs_iter=38, k=5318, beta_mu=2.321048108800211e+152, beta_phi=nan
NaN in beta_*: layer 9, bs_iter=38, k=5319, beta_mu=1.6740720925508613e+153, beta_phi=nan
NaN in beta_*: layer 9, bs_iter=38, k=5320, beta_mu=7.083784223919526e+152, beta_phi=nan
NaN in beta_*: layer 9, bs_iter=38, k=5321, beta_mu=1.8346858277710063e+153, beta_phi=nan
NaN in beta_*: layer 9, bs_iter=38, k=5322, beta_mu=1.8302994707120907e+153, beta_phi=nan
NaN in beta_*: layer 9, bs_iter=38, k=5323, beta_mu=1.4384165187305055e+152, beta_phi=nan
NaN in beta_*: layer 9, bs_iter=38, k=5324, beta_mu=1.821828119269367e+153, beta_phi=nan
NaN in beta_*: layer 9, bs_iter=38, k=5325, beta_mu=1.8333727891054265e+153, beta_phi=nan
NaN in beta_*: layer 9, bs_iter=38, k=5326, beta_mu=9.730193270531781e+152, beta_phi=nan
NaN in beta_*: layer 9, bs_iter=38, k=5327, beta_mu=9.615327124065399e+152, beta_phi=nan
NaN in beta_*: layer 9, bs_iter=38, k=5328, beta_mu=9.650709649646087e+152, beta_phi=nan
NaN in beta_*: layer 9, bs_iter=38, k=5329, beta_mu=1.433035569397775e+153, beta_phi=nan
NaN in beta_*: layer 9, bs_iter=38, k=5330, beta_mu=6.937365384512463e+152, beta_phi=nan
NaN in beta_*: layer 9, bs_iter=38, k=5331, beta_mu=7.111684375430452e+152, beta_phi=nan
NaN in beta_*: layer 9, bs_iter=38, k=5333, beta_mu=2.9000878834448305e+153, beta_phi=nan
NaN in beta_*: layer 9, bs_iter=38, k=5334, beta_mu=1.829454427583888e+153, beta_phi=nan
NaN in beta_*: layer 9, bs_iter=38, k=5335, beta_mu=7.165026815055111e+152, beta_phi=nan
NaN in beta_*: layer 9, bs_iter=38, k=5336, beta_mu=9.647400221937787e+152, beta_phi=nan
NaN in beta_*: layer 9, bs_iter=38, k=5337, beta_mu=2.447878404330265e+152, beta_phi=nan
NaN in beta_*: layer 9, bs_iter=38, k=5338, beta_mu=7.334655352046766e+152, beta_phi=nan
NaN in beta_*: layer 9, bs_iter=38, k=5339, beta_mu=1.6599327383857093e+153, beta_phi=nan
NaN in beta_*: layer 9, bs_iter=38, k=5340, beta_mu=1.1646965353541837e+153, beta_phi=nan
NaN in beta_*: layer 9, bs_iter=38, k=5341, beta_mu=1.1926996195085624e+153, beta_phi=nan
NaN in beta_*: layer 9, bs_iter=38, k=5342, beta_mu=2.8834109240522133e+153, beta_phi=nan
NaN in beta_*: layer 9, bs_iter=38, k=5343, beta_mu=1.6085492907509382e+153, beta_phi=nan
NaN in beta_*: layer 9, bs_iter=38, k=5345, beta_mu=2.8793844133995866e+153, beta_phi=nan
NaN in beta_*: layer 9, bs_iter=38, k=5346, beta_mu=7.415392096318262e+152, beta_phi=nan
NaN in beta_*: layer 9, bs_iter=38, k=5347, beta_mu=1.6520642600636605e+153, beta_phi=nan
NaN in beta_*: layer 9, bs_iter=38, k=5348, beta_mu=2.4903194670590643e+152, beta_phi=nan
NaN in beta_*: layer 9, bs_iter=38, k=5349, beta_mu=2.0135660347878802e+152, beta_phi=nan
NaN in beta_*: layer 9, bs_iter=38, k=5350, beta_mu=2.168607320757789e+152, beta_phi=nan
NaN in beta_*: layer 9, bs_iter=38, k=5351, beta_mu=2.665654155790246e+152, beta_phi=nan
NaN in beta_*: layer 9, bs_iter=38, k=5352, beta_mu=1.6493516815113683e+153, beta_phi=nan
NaN in beta_*: layer 9, bs_iter=38, k=5353, beta_mu=1.6461600254851451e+153, beta_phi=nan
NaN in beta_*: layer 9, bs_iter=38, k=5355, beta_mu=1.8079044436782042e+153, beta_phi=nan
NaN in beta_*: layer 9, bs_iter=38, k=5356, beta_mu=6.939237333569328e+152, beta_phi=nan
NaN in beta_*: layer 9, bs_iter=38, k=5357, beta_mu=9.63828791416394e+152, beta_phi=nan
NaN in beta_*: layer 9, bs_iter=38, k=5358, beta_mu=1.6510957038792128e+153, beta_phi=nan
NaN in beta_*: layer 9, bs_iter=38, k=5359, beta_mu=9.136116780599693e+152, beta_phi=nan
NaN in beta_*: layer 9, bs_iter=38, k=5360, beta_mu=1.561205002000191e+152, beta_phi=nan
NaN in beta_*: layer 9, bs_iter=38, k=5361, beta_mu=6.624181952346837e+152, beta_phi=nan
NaN in beta_*: layer 9, bs_iter=38, k=5362, beta_mu=1.3871567630254818e+153, beta_phi=nan
NaN in beta_*: layer 9, bs_iter=38, k=5363, beta_mu=2.563202855867423e+152, beta_phi=nan
NaN in beta_*: layer 9, bs_iter=38, k=5364, beta_mu=1.5254061748595478e+152, beta_phi=nan
NaN in beta_*: layer 9, bs_iter=38, k=5365, beta_mu=1.6330548035091624e+153, beta_phi=nan
NaN in beta_*: layer 9, bs_iter=38, k=5366, beta_mu=6.967218620120516e+152, beta_phi=nan
NaN in beta_*: layer 9, bs_iter=38, k=5368, beta_mu=1.5387239366485074e+153, beta_phi=nan
NaN in beta_*: layer 9, bs_iter=38, k=5369, beta_mu=1.1548281379814694e+153, beta_phi=nan
NaN in beta_*: layer 9, bs_iter=38, k=5370, beta_mu=1.4318402828947329e+153, beta_phi=nan
NaN in beta_*: layer 9, bs_iter=38, k=5371, beta_mu=3.209300337780858e+152, beta_phi=nan
NaN in beta_*: layer 9, bs_iter=38, k=5372, beta_mu=1.364191488574186e+153, beta_phi=nan
NaN in beta_*: layer 9, bs_iter=38, k=5373, beta_mu=1.3651239497603595e+153, beta_phi=nan
NaN in beta_*: layer 9, bs_iter=38, k=5374, beta_mu=1.3617924493061984e+153, beta_phi=nan
NaN in beta_*: layer 9, bs_iter=38, k=5375, beta_mu=1.4537030744952504e+153, beta_phi=nan
NaN in beta_*: layer 9, bs_iter=38, k=5376, beta_mu=6.971740528190019e+152, beta_phi=nan
NaN in beta_*: layer 9, bs_iter=38, k=5377, beta_mu=1.3702528126343686e+153, beta_phi=nan
NaN in beta_*: layer 9, bs_iter=38, k=5378, beta_mu=1.3727743566663096e+153, beta_phi=nan
NaN in beta_*: layer 9, bs_iter=38, k=5379, beta_mu=1.3528447455509997e+153, beta_phi=nan
NaN in beta_*: layer 9, bs_iter=38, k=5380, beta_mu=1.3737071205760205e+153, beta_phi=nan
NaN in beta_*: layer 9, bs_iter=38, k=5381, beta_mu=1.376220728683072e+153, beta_phi=nan
NaN in beta_*: layer 9, bs_iter=38, k=5382, beta_mu=2.86856659482975e+153, beta_phi=nan
NaN in beta_*: layer 9, bs_iter=38, k=5383, beta_mu=2.86857712178837e+153, beta_phi=nan
NaN in beta_*: layer 9, bs_iter=38, k=5384, beta_mu=2.8685748945231725e+153, beta_phi=nan
NaN in beta_*: layer 9, bs_iter=38, k=5385, beta_mu=2.8848876717734276e+153, beta_phi=nan
NaN in beta_*: layer 9, bs_iter=38, k=5386, beta_mu=2.8610568879773194e+153, beta_phi=nan
NaN in beta_*: layer 9, bs_iter=38, k=5387, beta_mu=2.8405428686092413e+153, beta_phi=nan
NaN in beta_*: layer 9, bs_iter=38, k=5388, beta_mu=3.986205450292858e+152, beta_phi=nan
NaN in beta_*: layer 9, bs_iter=38, k=5389, beta_mu=7.1902560823610745e+152, beta_phi=nan
NaN in beta_*: layer 9, bs_iter=38, k=5390, beta_mu=1.1605387302626228e+152, beta_phi=nan
NaN in beta_*: layer 9, bs_iter=38, k=5392, beta_mu=1.2825470779188033e+153, beta_phi=nan
NaN in beta_*: layer 9, bs_iter=38, k=5393, beta_mu=2.378445811877543e+153, beta_phi=nan
NaN in beta_*: layer 9, bs_iter=38, k=5394, beta_mu=4.1279949541007056e+152, beta_phi=nan
NaN in beta_*: layer 9, bs_iter=38, k=5395, beta_mu=5.908994252137868e+152, beta_phi=nan
NaN in beta_*: layer 9, bs_iter=38, k=5396, beta_mu=2.767727136066857e+153, beta_phi=nan
NaN in beta_*: layer 9, bs_iter=38, k=5399, beta_mu=2.0819345536252763e+152, beta_phi=nan
NaN in beta_*: layer 9, bs_iter=38, k=5400, beta_mu=5.573154569773524e+152, beta_phi=nan
NaN in beta_*: layer 9, bs_iter=38, k=5401, beta_mu=8.816694124507392e+152, beta_phi=nan
NaN in beta_*: layer 9, bs_iter=38, k=5403, beta_mu=2.880695878998635e+153, beta_phi=nan
NaN in beta_*: layer 9, bs_iter=38, k=5404, beta_mu=2.753532462976793e+153, beta_phi=nan
NaN in beta_*: layer 9, bs_iter=38, k=5405, beta_mu=7.358526694304362e+152, beta_phi=nan
NaN in beta_*: layer 9, bs_iter=38, k=5406, beta_mu=2.857832640657486e+153, beta_phi=nan
NaN in beta_*: layer 9, bs_iter=38, k=5407, beta_mu=8.100736414775101e+152, beta_phi=nan
NaN in beta_*: layer 9, bs_iter=38, k=5408, beta_mu=2.714227299994952e+153, beta_phi=nan
NaN in beta_*: layer 9, bs_iter=38, k=5410, beta_mu=2.7166732166129962e+153, beta_phi=nan
NaN in beta_*: layer 9, bs_iter=38, k=5411, beta_mu=2.2813588202615624e+152, beta_phi=nan
NaN in beta_*: layer 9, bs_iter=38, k=5412, beta_mu=9.298057542264874e+152, beta_phi=nan
NaN in beta_*: layer 9, bs_iter=38, k=5413, beta_mu=2.7209555970521524e+153, beta_phi=nan
NaN in beta_*: layer 9, bs_iter=38, k=5414, beta_mu=4.952064366315033e+152, beta_phi=nan
NaN in beta_*: layer 9, bs_iter=38, k=5416, beta_mu=2.766939884778075e+153, beta_phi=nan
NaN in beta_*: layer 9, bs_iter=38, k=5417, beta_mu=1.3143465501975473e+153, beta_phi=nan
NaN in beta_*: layer 9, bs_iter=38, k=5418, beta_mu=1.4417222351399855e+153, beta_phi=nan
NaN in beta_*: layer 9, bs_iter=38, k=5419, beta_mu=3.269713875721989e+153, beta_phi=nan
NaN in beta_*: layer 9, bs_iter=38, k=5420, beta_mu=1.4359842032278228e+153, beta_phi=nan
NaN in beta_*: layer 9, bs_iter=38, k=5421, beta_mu=2.76052703862657e+153, beta_phi=nan
NaN in beta_*: layer 9, bs_iter=38, k=5423, beta_mu=1.0718726275016572e+153, beta_phi=nan
NaN in beta_*: layer 9, bs_iter=38, k=5425, beta_mu=7.633921851483013e+152, beta_phi=nan
NaN in beta_*: layer 9, bs_iter=38, k=5427, beta_mu=2.7903729821065374e+153, beta_phi=nan
NaN in beta_*: layer 9, bs_iter=38, k=5428, beta_mu=2.707677202471208e+153, beta_phi=nan
NaN in beta_*: layer 9, bs_iter=38, k=5430, beta_mu=9.854738316343055e+152, beta_phi=nan
NaN in beta_*: layer 9, bs_iter=38, k=5431, beta_mu=2.576459795136458e+153, beta_phi=nan
NaN in beta_*: layer 9, bs_iter=38, k=5433, beta_mu=2.8186720075209025e+153, beta_phi=nan
NaN in beta_*: layer 9, bs_iter=38, k=5434, beta_mu=9.20498773739023e+152, beta_phi=nan
NaN in beta_*: layer 9, bs_iter=38, k=5435, beta_mu=9.179273223194084e+152, beta_phi=nan
NaN in beta_*: layer 9, bs_iter=38, k=5436, beta_mu=1.5753899961283164e+153, beta_phi=nan
NaN in beta_*: layer 9, bs_iter=38, k=5437, beta_mu=1.5753940798539157e+153, beta_phi=nan
NaN in beta_*: layer 9, bs_iter=38, k=5438, beta_mu=1.9055039219160123e+153, beta_phi=nan
NaN in beta_*: layer 9, bs_iter=38, k=5439, beta_mu=1.577475451446815e+153, beta_phi=nan
NaN in beta_*: layer 9, bs_iter=38, k=5440, beta_mu=1.573064288562314e+153, beta_phi=nan
NaN in beta_*: layer 9, bs_iter=38, k=5441, beta_mu=1.6242961574673269e+153, beta_phi=nan
NaN in beta_*: layer 9, bs_iter=38, k=5442, beta_mu=6.209913856539605e+152, beta_phi=nan
NaN in beta_*: layer 9, bs_iter=38, k=5443, beta_mu=1.2742116856378124e+153, beta_phi=nan
NaN in beta_*: layer 9, bs_iter=38, k=5444, beta_mu=5.533593373654173e+152, beta_phi=nan
NaN in beta_*: layer 9, bs_iter=38, k=5445, beta_mu=9.198823758665342e+152, beta_phi=nan
NaN in beta_*: layer 9, bs_iter=38, k=5446, beta_mu=3.8238866855923236e+152, beta_phi=nan
NaN in beta_*: layer 9, bs_iter=38, k=5447, beta_mu=3.2425439832186183e+153, beta_phi=nan
NaN in beta_*: layer 9, bs_iter=38, k=5450, beta_mu=4.933163529894677e+152, beta_phi=nan
NaN in beta_*: layer 9, bs_iter=38, k=5454, beta_mu=2.4648525203256513e+153, beta_phi=nan
NaN in beta_*: layer 9, bs_iter=38, k=5457, beta_mu=3.0868808456636516e+153, beta_phi=nan
NaN in beta_*: layer 9, bs_iter=38, k=5458, beta_mu=1.6000974828750562e+153, beta_phi=nan
NaN in beta_*: layer 9, bs_iter=38, k=5459, beta_mu=1.0092484020943439e+153, beta_phi=nan
NaN in beta_*: layer 9, bs_iter=38, k=5461, beta_mu=3.0439537182058396e+153, beta_phi=nan
NaN in beta_*: layer 9, bs_iter=38, k=5462, beta_mu=1.1632526717131362e+153, beta_phi=nan
NaN in beta_*: layer 9, bs_iter=38, k=5463, beta_mu=3.0875671228171424e+153, beta_phi=nan
NaN in beta_*: layer 9, bs_iter=38, k=5464, beta_mu=1.5001074314884453e+153, beta_phi=nan
NaN in beta_*: layer 9, bs_iter=38, k=5465, beta_mu=5.440155683793337e+152, beta_phi=nan
NaN in beta_*: layer 9, bs_iter=38, k=5466, beta_mu=1.553331581350716e+153, beta_phi=nan
NaN in beta_*: layer 9, bs_iter=38, k=5467, beta_mu=1.4717946810074545e+153, beta_phi=nan
NaN in beta_*: layer 9, bs_iter=38, k=5468, beta_mu=1.543307453184979e+153, beta_phi=nan
NaN in beta_*: layer 9, bs_iter=38, k=5469, beta_mu=1.5808262082688114e+153, beta_phi=nan
NaN in beta_*: layer 9, bs_iter=38, k=5470, beta_mu=1.5550552590360207e+153, beta_phi=nan
NaN in beta_*: layer 9, bs_iter=38, k=5471, beta_mu=1.4658360296316491e+153, beta_phi=nan
NaN in beta_*: layer 9, bs_iter=38, k=5472, beta_mu=2.4161444296300513e+153, beta_phi=nan
NaN in beta_*: layer 9, bs_iter=38, k=5474, beta_mu=1.0024519240173989e+153, beta_phi=nan
NaN in beta_*: layer 9, bs_iter=38, k=5476, beta_mu=4.876180898984354e+152, beta_phi=nan
NaN in beta_*: layer 9, bs_iter=38, k=5477, beta_mu=7.6701371059614155e+152, beta_phi=nan
NaN in beta_*: layer 9, bs_iter=38, k=5478, beta_mu=2.1939506609245163e+152, beta_phi=nan
NaN in beta_*: layer 9, bs_iter=38, k=5479, beta_mu=3.049368016261707e+153, beta_phi=nan
NaN in beta_*: layer 9, bs_iter=38, k=5480, beta_mu=1.1978075301954142e+153, beta_phi=nan
NaN in beta_*: layer 9, bs_iter=38, k=5481, beta_mu=3.0840584208616926e+152, beta_phi=nan
NaN in beta_*: layer 9, bs_iter=38, k=5482, beta_mu=1.4474583535141872e+153, beta_phi=nan
NaN in beta_*: layer 9, bs_iter=38, k=5483, beta_mu=1.4474658402881898e+153, beta_phi=nan
NaN in beta_*: layer 9, bs_iter=38, k=5484, beta_mu=3.477902660874232e+153, beta_phi=nan
NaN in beta_*: layer 9, bs_iter=38, k=5486, beta_mu=1.615587587603973e+153, beta_phi=nan
NaN in beta_*: layer 9, bs_iter=38, k=5487, beta_mu=1.200360265211923e+153, beta_phi=nan
NaN in beta_*: layer 9, bs_iter=38, k=5488, beta_mu=1.6207698424200726e+153, beta_phi=nan
NaN in beta_*: layer 9, bs_iter=38, k=5489, beta_mu=1.455519345790819e+153, beta_phi=nan
NaN in beta_*: layer 9, bs_iter=38, k=5490, beta_mu=1.1190684655726895e+153, beta_phi=nan
NaN in beta_*: layer 9, bs_iter=38, k=5491, beta_mu=9.965951321298738e+152, beta_phi=nan
NaN in beta_*: layer 9, bs_iter=38, k=5493, beta_mu=9.87923895703122e+152, beta_phi=nan
NaN in beta_*: layer 9, bs_iter=38, k=5494, beta_mu=4.857655074411429e+152, beta_phi=nan
NaN in beta_*: layer 9, bs_iter=38, k=5496, beta_mu=3.383422875816156e+153, beta_phi=nan
NaN in beta_*: layer 9, bs_iter=38, k=5497, beta_mu=3.379568749009237e+153, beta_phi=nan
NaN in beta_*: layer 9, bs_iter=38, k=5498, beta_mu=9.687111502788261e+152, beta_phi=nan
NaN in beta_*: layer 9, bs_iter=38, k=5499, beta_mu=4.522672503768833e+152, beta_phi=nan
NaN in beta_*: layer 9, bs_iter=38, k=5501, beta_mu=3.40380866214424e+153, beta_phi=nan
NaN in beta_*: layer 9, bs_iter=38, k=5505, beta_mu=2.5612540060711016e+153, beta_phi=nan
NaN in beta_*: layer 9, bs_iter=38, k=5506, beta_mu=3.305871832785883e+153, beta_phi=nan
NaN in beta_*: layer 9, bs_iter=38, k=5507, beta_mu=1.3951655742796385e+153, beta_phi=nan
NaN in beta_*: layer 9, bs_iter=38, k=5508, beta_mu=1.3944599750401892e+153, beta_phi=nan
NaN in beta_*: layer 9, bs_iter=38, k=5509, beta_mu=3.089483374677726e+152, beta_phi=nan
NaN in beta_*: layer 9, bs_iter=38, k=5511, beta_mu=3.468602387221748e+153, beta_phi=nan
NaN in beta_*: layer 9, bs_iter=38, k=5512, beta_mu=1.5643085853904016e+152, beta_phi=nan
NaN in beta_*: layer 9, bs_iter=38, k=5513, beta_mu=3.541703175394549e+153, beta_phi=nan
NaN in beta_*: layer 9, bs_iter=38, k=5517, beta_mu=3.494331335536304e+153, beta_phi=nan
NaN in beta_*: layer 9, bs_iter=38, k=5518, beta_mu=3.361113151213245e+153, beta_phi=nan
NaN in beta_*: layer 9, bs_iter=38, k=5519, beta_mu=2.7994709827017448e+153, beta_phi=nan
NaN in beta_*: layer 9, bs_iter=38, k=5520, beta_mu=5.878445294539081e+152, beta_phi=nan
NaN in beta_*: layer 9, bs_iter=38, k=5521, beta_mu=2.873017829445294e+153, beta_phi=nan
NaN in beta_*: layer 9, bs_iter=38, k=5524, beta_mu=3.381627452844961e+153, beta_phi=nan
NaN in beta_*: layer 9, bs_iter=38, k=5525, beta_mu=3.366892454851051e+153, beta_phi=nan
NaN in beta_*: layer 9, bs_iter=38, k=5528, beta_mu=3.583693178459385e+153, beta_phi=nan
NaN in beta_*: layer 9, bs_iter=38, k=5530, beta_mu=2.873766880479204e+153, beta_phi=nan
NaN in beta_*: layer 9, bs_iter=38, k=5533, beta_mu=1.1844152682389343e+153, beta_phi=nan
NaN in beta_*: layer 9, bs_iter=38, k=5534, beta_mu=1.9838264140064822e+153, beta_phi=nan
NaN in beta_*: layer 9, bs_iter=38, k=5535, beta_mu=9.38567985389488e+152, beta_phi=nan
NaN in beta_*: layer 9, bs_iter=38, k=5539, beta_mu=3.576318091427944e+153, beta_phi=nan
NaN in beta_*: layer 9, bs_iter=38, k=5540, beta_mu=1.2291041447352758e+153, beta_phi=nan
NaN in beta_*: layer 9, bs_iter=38, k=5541, beta_mu=1.5704446265117875e+153, beta_phi=nan
NaN in beta_*: layer 9, bs_iter=38, k=5542, beta_mu=2.828820872185935e+153, beta_phi=nan
NaN in beta_*: layer 9, bs_iter=38, k=5544, beta_mu=4.79929088802312e+152, beta_phi=nan
NaN in beta_*: layer 9, bs_iter=38, k=5549, beta_mu=1.3000009621139782e+153, beta_phi=nan
NaN in beta_*: layer 9, bs_iter=38, k=5550, beta_mu=3.613563983654523e+153, beta_phi=nan
NaN in beta_*: layer 9, bs_iter=38, k=5551, beta_mu=3.451357417646672e+153, beta_phi=nan
NaN in beta_*: layer 9, bs_iter=38, k=5552, beta_mu=1.2322204788539298e+152, beta_phi=nan
NaN in beta_*: layer 9, bs_iter=38, k=5553, beta_mu=3.5116692196352694e+153, beta_phi=nan
NaN in beta_*: layer 9, bs_iter=38, k=5554, beta_mu=3.437837730769145e+153, beta_phi=nan
NaN in beta_*: layer 9, bs_iter=38, k=5555, beta_mu=3.5325541246010714e+153, beta_phi=nan
NaN in beta_*: layer 9, bs_iter=38, k=5556, beta_mu=2.8191858664687665e+153, beta_phi=nan
NaN in beta_*: layer 9, bs_iter=38, k=5560, beta_mu=3.349506029949957e+153, beta_phi=nan
NaN in beta_*: layer 9, bs_iter=38, k=5561, beta_mu=3.5136300870413335e+153, beta_phi=nan
NaN in beta_*: layer 9, bs_iter=38, k=5564, beta_mu=3.555894373832192e+153, beta_phi=nan
NaN in beta_*: layer 9, bs_iter=38, k=5565, beta_mu=3.5753903129680375e+153, beta_phi=nan
NaN in beta_*: layer 9, bs_iter=38, k=5567, beta_mu=2.7706370767021784e+153, beta_phi=nan
NaN in beta_*: layer 9, bs_iter=38, k=5569, beta_mu=3.305699738766082e+153, beta_phi=nan
NaN in beta_*: layer 9, bs_iter=38, k=5570, beta_mu=3.422379846060547e+153, beta_phi=nan
NaN in beta_*: layer 9, bs_iter=38, k=5571, beta_mu=3.5047050407212284e+152, beta_phi=nan
NaN in beta_*: layer 9, bs_iter=38, k=5574, beta_mu=3.435601901582734e+153, beta_phi=nan
NaN in beta_*: layer 9, bs_iter=38, k=5575, beta_mu=9.144835630037787e+152, beta_phi=nan
NaN in beta_*: layer 9, bs_iter=38, k=5577, beta_mu=4.601684493027089e+152, beta_phi=nan
NaN in beta_*: layer 9, bs_iter=38, k=5578, beta_mu=3.5229070550933263e+152, beta_phi=nan
NaN in beta_*: layer 9, bs_iter=38, k=5580, beta_mu=1.5985025961445673e+152, beta_phi=nan
NaN in beta_*: layer 9, bs_iter=38, k=5581, beta_mu=1.440128988510511e+152, beta_phi=nan
NaN in beta_*: layer 9, bs_iter=38, k=5588, beta_mu=5.775520202090765e+152, beta_phi=nan
NaN in beta_*: layer 9, bs_iter=38, k=5589, beta_mu=1.8867811315317061e+152, beta_phi=nan
NaN in beta_*: layer 9, bs_iter=38, k=5592, beta_mu=3.2030198684317753e+152, beta_phi=nan
NaN in beta_*: layer 9, bs_iter=38, k=5593, beta_mu=9.739151010651299e+152, beta_phi=nan
NaN in beta_*: layer 9, bs_iter=38, k=5594, beta_mu=2.4187557109352373e+152, beta_phi=nan
NaN in beta_*: layer 9, bs_iter=38, k=5595, beta_mu=4.1858810383254474e+152, beta_phi=nan
NaN in beta_*: layer 9, bs_iter=38, k=5599, beta_mu=4.04077613941811e+152, beta_phi=nan
NaN in beta_*: layer 9, bs_iter=38, k=5601, beta_mu=4.3284430502344195e+152, beta_phi=nan
NaN in beta_*: layer 9, bs_iter=38, k=5603, beta_mu=4.344503497878863e+152, beta_phi=nan
NaN in beta_*: layer 9, bs_iter=38, k=5606, beta_mu=4.186697099833739e+152, beta_phi=nan
NaN in beta_*: layer 9, bs_iter=38, k=5609, beta_mu=1.5030113496035344e+152, beta_phi=nan
NaN in beta_*: layer 9, bs_iter=38, k=5611, beta_mu=1.625583422243922e+152, beta_phi=nan
NaN in beta_*: layer 9, bs_iter=38, k=5613, beta_mu=4.18659995415293e+152, beta_phi=nan
NaN in beta_*: layer 9, bs_iter=38, k=5614, beta_mu=5.018629337735229e+152, beta_phi=nan
NaN in beta_*: layer 9, bs_iter=38, k=5615, beta_mu=5.018627309329474e+152, beta_phi=nan
NaN in beta_*: layer 9, bs_iter=38, k=5616, beta_mu=9.621934894401785e+151, beta_phi=nan
NaN in beta_*: layer 9, bs_iter=38, k=5617, beta_mu=9.797769809209875e+151, beta_phi=nan
NaN in beta_*: layer 9, bs_iter=38, k=5618, beta_mu=4.978069551635336e+152, beta_phi=nan
NaN in beta_*: layer 9, bs_iter=38, k=5619, beta_mu=9.70443304570342e+152, beta_phi=nan
NaN in beta_*: layer 9, bs_iter=38, k=5620, beta_mu=3.148852471936952e+152, beta_phi=nan
NaN in beta_*: layer 9, bs_iter=38, k=5621, beta_mu=4.999796640054049e+152, beta_phi=nan
NaN in beta_*: layer 9, bs_iter=38, k=5622, beta_mu=1.0069436707973442e+152, beta_phi=nan
NaN in beta_*: layer 9, bs_iter=38, k=5623, beta_mu=9.639577550304027e+152, beta_phi=nan
NaN in beta_*: layer 9, bs_iter=38, k=5624, beta_mu=4.1865529602873594e+152, beta_phi=nan
NaN in beta_*: layer 9, bs_iter=38, k=5625, beta_mu=7.37286373120831e+152, beta_phi=nan
NaN in beta_*: layer 9, bs_iter=38, k=5626, beta_mu=9.998964647773696e+151, beta_phi=nan
NaN in beta_*: layer 9, bs_iter=38, k=5627, beta_mu=5.159210191998481e+152, beta_phi=nan
NaN in beta_*: layer 9, bs_iter=38, k=5628, beta_mu=1.3401029246214354e+152, beta_phi=nan
NaN in beta_*: layer 9, bs_iter=38, k=5629, beta_mu=9.639578154488212e+152, beta_phi=nan
NaN in beta_*: layer 9, bs_iter=38, k=5630, beta_mu=4.188164749805292e+152, beta_phi=nan
NaN in beta_*: layer 9, bs_iter=38, k=5632, beta_mu=3.8368617540690327e+152, beta_phi=nan
NaN in beta_*: layer 9, bs_iter=38, k=5634, beta_mu=4.1833046538215125e+152, beta_phi=nan
NaN in beta_*: layer 9, bs_iter=38, k=5636, beta_mu=8.386046074854448e+152, beta_phi=nan
NaN in beta_*: layer 9, bs_iter=38, k=5637, beta_mu=3.798396621822604e+152, beta_phi=nan
NaN in beta_*: layer 9, bs_iter=38, k=5639, beta_mu=2.5029491842005656e+152, beta_phi=nan
NaN in beta_*: layer 9, bs_iter=38, k=5641, beta_mu=1.1327682667150862e+152, beta_phi=nan
NaN in beta_*: layer 9, bs_iter=38, k=5642, beta_mu=4.3246212634123934e+153, beta_phi=nan
NaN in beta_*: layer 9, bs_iter=38, k=5643, beta_mu=2.106613080112047e+152, beta_phi=nan
NaN in beta_*: layer 9, bs_iter=38, k=5644, beta_mu=1.5840865936416765e+152, beta_phi=nan
NaN in beta_*: layer 9, bs_iter=38, k=5645, beta_mu=5.053592383056684e+153, beta_phi=nan
NaN in beta_*: layer 9, bs_iter=38, k=5646, beta_mu=2.7048302026490042e+153, beta_phi=nan
NaN in beta_*: layer 9, bs_iter=38, k=5647, beta_mu=1.0938305931795955e+152, beta_phi=nan
NaN in beta_*: layer 9, bs_iter=38, k=5648, beta_mu=4.752373551457168e+152, beta_phi=nan
NaN in beta_*: layer 9, bs_iter=38, k=5649, beta_mu=1.2034456418604076e+152, beta_phi=nan
NaN in beta_*: layer 9, bs_iter=38, k=5650, beta_mu=1.3650108704849225e+153, beta_phi=nan
NaN in beta_*: layer 9, bs_iter=38, k=5652, beta_mu=7.262874974613856e+152, beta_phi=nan
NaN in beta_*: layer 9, bs_iter=38, k=5653, beta_mu=1.3546271672487918e+153, beta_phi=nan
NaN in beta_*: layer 9, bs_iter=38, k=5654, beta_mu=6.786126239231132e+152, beta_phi=nan
NaN in beta_*: layer 9, bs_iter=38, k=5655, beta_mu=6.884136121760525e+152, beta_phi=nan
NaN in beta_*: layer 9, bs_iter=38, k=5658, beta_mu=1.3744491956295848e+153, beta_phi=nan
NaN in beta_*: layer 9, bs_iter=38, k=5659, beta_mu=6.993175519530783e+152, beta_phi=nan
NaN in beta_*: layer 9, bs_iter=38, k=5660, beta_mu=8.733468986299318e+152, beta_phi=nan
NaN in beta_*: layer 9, bs_iter=38, k=5661, beta_mu=4.094592953885864e+152, beta_phi=nan
NaN in beta_*: layer 9, bs_iter=38, k=5662, beta_mu=2.481382342877604e+152, beta_phi=nan
NaN in beta_*: layer 9, bs_iter=38, k=5663, beta_mu=1.3342303660169008e+153, beta_phi=nan
NaN in beta_*: layer 9, bs_iter=38, k=5665, beta_mu=7.05544595742632e+152, beta_phi=nan
NaN in beta_*: layer 9, bs_iter=38, k=5667, beta_mu=9.071330061514857e+152, beta_phi=nan
NaN in beta_*: layer 9, bs_iter=38, k=5669, beta_mu=1.232025402046625e+152, beta_phi=nan
NaN in beta_*: layer 9, bs_iter=38, k=5670, beta_mu=1.3327631809096139e+153, beta_phi=nan
NaN in beta_*: layer 9, bs_iter=38, k=5671, beta_mu=4.378646812792383e+152, beta_phi=nan
NaN in beta_*: layer 9, bs_iter=38, k=5672, beta_mu=6.897049632693231e+152, beta_phi=nan
NaN in beta_*: layer 9, bs_iter=38, k=5673, beta_mu=6.8306365733646045e+152, beta_phi=nan
NaN in beta_*: layer 9, bs_iter=38, k=5674, beta_mu=1.6085743975601055e+154, beta_phi=nan
NaN in beta_*: layer 9, bs_iter=38, k=5676, beta_mu=2.6054342863632525e+153, beta_phi=nan
NaN in beta_*: layer 9, bs_iter=38, k=5677, beta_mu=1.3606137627082139e+153, beta_phi=nan
NaN in beta_*: layer 9, bs_iter=38, k=5679, beta_mu=5.321201670390016e+152, beta_phi=nan
NaN in beta_*: layer 9, bs_iter=38, k=5681, beta_mu=4.905341641154325e+153, beta_phi=nan
NaN in beta_*: layer 9, bs_iter=38, k=5683, beta_mu=6.779290974292178e+152, beta_phi=nan
NaN in beta_*: layer 9, bs_iter=38, k=5684, beta_mu=7.328162098491166e+152, beta_phi=nan
NaN in beta_*: layer 9, bs_iter=38, k=5685, beta_mu=1.1896003318094985e+152, beta_phi=nan
NaN in beta_*: layer 9, bs_iter=38, k=5686, beta_mu=1.3090005574456946e+153, beta_phi=nan
NaN in beta_*: layer 9, bs_iter=38, k=5687, beta_mu=1.030227300920444e+153, beta_phi=nan
NaN in beta_*: layer 9, bs_iter=38, k=5688, beta_mu=2.806889338873137e+153, beta_phi=nan
NaN in beta_*: layer 9, bs_iter=38, k=5694, beta_mu=3.1535831644267715e+152, beta_phi=nan
NaN in beta_*: layer 9, bs_iter=38, k=5695, beta_mu=3.502252613786876e+153, beta_phi=nan
NaN in beta_*: layer 9, bs_iter=38, k=5696, beta_mu=1.5684579104416072e+153, beta_phi=nan
NaN in beta_*: layer 9, bs_iter=38, k=5697, beta_mu=6.9264919917853625e+152, beta_phi=nan
NaN in beta_*: layer 9, bs_iter=38, k=5698, beta_mu=6.954559742340398e+152, beta_phi=nan
NaN in beta_*: layer 9, bs_iter=38, k=5699, beta_mu=2.037193688739438e+153, beta_phi=nan
NaN in beta_*: layer 9, bs_iter=38, k=5700, beta_mu=6.911692184141727e+152, beta_phi=nan
NaN in beta_*: layer 9, bs_iter=38, k=5701, beta_mu=2.1680153554517613e+152, beta_phi=nan
NaN in beta_*: layer 9, bs_iter=38, k=5702, beta_mu=3.735341485615598e+153, beta_phi=nan
NaN in beta_*: layer 9, bs_iter=38, k=5703, beta_mu=3.487135345614384e+153, beta_phi=nan
NaN in beta_*: layer 9, bs_iter=38, k=5705, beta_mu=1.4724984306311468e+153, beta_phi=nan
NaN in beta_*: layer 9, bs_iter=38, k=5706, beta_mu=3.361824107373499e+153, beta_phi=nan
NaN in beta_*: layer 9, bs_iter=38, k=5707, beta_mu=3.472732554027294e+153, beta_phi=nan
NaN in beta_*: layer 9, bs_iter=38, k=5708, beta_mu=6.565620536109223e+152, beta_phi=nan
NaN in beta_*: layer 9, bs_iter=38, k=5709, beta_mu=2.545732797643616e+152, beta_phi=nan
NaN in beta_*: layer 9, bs_iter=38, k=5710, beta_mu=3.453566357420547e+153, beta_phi=nan
NaN in beta_*: layer 9, bs_iter=38, k=5711, beta_mu=1.1123860192166226e+153, beta_phi=nan
NaN in beta_*: layer 9, bs_iter=38, k=5713, beta_mu=1.683952055408948e+153, beta_phi=nan
NaN in beta_*: layer 9, bs_iter=38, k=5714, beta_mu=2.948181827267941e+152, beta_phi=nan
NaN in beta_*: layer 9, bs_iter=38, k=5715, beta_mu=7.035534464044807e+152, beta_phi=nan
NaN in beta_*: layer 9, bs_iter=38, k=5717, beta_mu=6.940486881949022e+152, beta_phi=nan
NaN in beta_*: layer 9, bs_iter=38, k=5718, beta_mu=2.38559036086649e+153, beta_phi=nan
NaN in beta_*: layer 9, bs_iter=38, k=5719, beta_mu=4.684763585850329e+152, beta_phi=nan
NaN in beta_*: layer 9, bs_iter=38, k=5721, beta_mu=3.598545061749319e+153, beta_phi=nan
NaN in beta_*: layer 9, bs_iter=38, k=5722, beta_mu=3.3263363928853145e+152, beta_phi=nan
NaN in beta_*: layer 9, bs_iter=38, k=5723, beta_mu=7.027892817009612e+152, beta_phi=nan
NaN in beta_*: layer 9, bs_iter=38, k=5724, beta_mu=7.027892606159201e+152, beta_phi=nan
NaN in beta_*: layer 9, bs_iter=38, k=5725, beta_mu=3.60538476420923e+153, beta_phi=nan
NaN in beta_*: layer 9, bs_iter=38, k=5726, beta_mu=7.070465654486236e+152, beta_phi=nan
NaN in beta_*: layer 9, bs_iter=38, k=5727, beta_mu=3.685507461722421e+153, beta_phi=nan
NaN in beta_*: layer 9, bs_iter=38, k=5728, beta_mu=3.2353637577199952e+152, beta_phi=nan
NaN in beta_*: layer 9, bs_iter=38, k=5729, beta_mu=3.601863641324878e+153, beta_phi=nan
NaN in beta_*: layer 9, bs_iter=38, k=5730, beta_mu=1.469335467537541e+153, beta_phi=nan
NaN in beta_*: layer 9, bs_iter=38, k=5731, beta_mu=3.824322316032731e+153, beta_phi=nan
NaN in beta_*: layer 9, bs_iter=38, k=5732, beta_mu=1.0150314542222272e+152, beta_phi=nan
NaN in beta_*: layer 9, bs_iter=38, k=5733, beta_mu=1.3121011828747674e+153, beta_phi=nan
NaN in beta_*: layer 9, bs_iter=38, k=5734, beta_mu=1.310207978045558e+152, beta_phi=nan
NaN in beta_*: layer 9, bs_iter=38, k=5735, beta_mu=7.168881190400595e+152, beta_phi=nan
NaN in beta_*: layer 9, bs_iter=38, k=5736, beta_mu=1.4403203102416897e+153, beta_phi=nan
NaN in beta_*: layer 9, bs_iter=38, k=5737, beta_mu=1.442925323106854e+153, beta_phi=nan
NaN in beta_*: layer 9, bs_iter=38, k=5738, beta_mu=4.680347474495906e+152, beta_phi=nan
NaN in beta_*: layer 9, bs_iter=38, k=5739, beta_mu=2.9841857133699097e+153, beta_phi=nan
NaN in beta_*: layer 9, bs_iter=38, k=5740, beta_mu=3.0143158720510377e+153, beta_phi=nan
NaN in beta_*: layer 9, bs_iter=38, k=5744, beta_mu=3.0164230410211375e+153, beta_phi=nan
NaN in beta_*: layer 9, bs_iter=38, k=5745, beta_mu=3.0182171708869605e+153, beta_phi=nan
NaN in beta_*: layer 9, bs_iter=38, k=5746, beta_mu=3.0065709154659984e+153, beta_phi=nan
NaN in beta_*: layer 9, bs_iter=38, k=5749, beta_mu=3.0337040853051077e+153, beta_phi=nan
NaN in beta_*: layer 9, bs_iter=38, k=5750, beta_mu=1.8314009308895053e+153, beta_phi=nan
NaN in beta_*: layer 9, bs_iter=38, k=5751, beta_mu=1.4547820378251651e+153, beta_phi=nan
NaN in beta_*: layer 9, bs_iter=38, k=5752, beta_mu=1.3291695947813445e+152, beta_phi=nan
NaN in beta_*: layer 9, bs_iter=38, k=5755, beta_mu=1.2917427412959913e+152, beta_phi=nan
NaN in beta_*: layer 9, bs_iter=38, k=5756, beta_mu=4.8684100458349915e+153, beta_phi=nan
NaN in beta_*: layer 9, bs_iter=38, k=5757, beta_mu=3.0255384426322528e+153, beta_phi=nan
NaN in beta_*: layer 9, bs_iter=38, k=5758, beta_mu=3.0255360070640363e+153, beta_phi=nan
NaN in beta_*: layer 9, bs_iter=38, k=5759, beta_mu=1.4744646794813096e+153, beta_phi=nan
NaN in beta_*: layer 9, bs_iter=38, k=5762, beta_mu=1.4626827566670632e+153, beta_phi=nan
NaN in beta_*: layer 9, bs_iter=38, k=5763, beta_mu=1.0306042090153676e+153, beta_phi=nan
NaN in beta_*: layer 9, bs_iter=38, k=5764, beta_mu=9.846865281283471e+152, beta_phi=nan
NaN in beta_*: layer 9, bs_iter=38, k=5765, beta_mu=1.4573547932869132e+153, beta_phi=nan
NaN in beta_*: layer 9, bs_iter=38, k=5766, beta_mu=7.318200817466354e+152, beta_phi=nan
NaN in beta_*: layer 9, bs_iter=38, k=5767, beta_mu=3.0182279679681587e+153, beta_phi=nan
NaN in beta_*: layer 9, bs_iter=38, k=5768, beta_mu=2.4145879583129497e+152, beta_phi=nan
NaN in beta_*: layer 9, bs_iter=38, k=5769, beta_mu=1.2915412896050903e+152, beta_phi=nan
NaN in beta_*: layer 9, bs_iter=38, k=5770, beta_mu=1.4616119180753137e+153, beta_phi=nan
NaN in beta_*: layer 9, bs_iter=38, k=5771, beta_mu=2.715339989353108e+153, beta_phi=nan
NaN in beta_*: layer 9, bs_iter=38, k=5774, beta_mu=1.2584487810457774e+152, beta_phi=nan
NaN in beta_*: layer 9, bs_iter=38, k=5775, beta_mu=1.277059080828129e+152, beta_phi=nan
NaN in beta_*: layer 9, bs_iter=38, k=5776, beta_mu=7.34599717424534e+153, beta_phi=nan
NaN in beta_*: layer 9, bs_iter=38, k=5777, beta_mu=1.4838240348977987e+153, beta_phi=nan
NaN in beta_*: layer 9, bs_iter=38, k=5778, beta_mu=7.456590505977426e+153, beta_phi=nan
NaN in beta_*: layer 9, bs_iter=38, k=5779, beta_mu=3.0204734015779734e+153, beta_phi=nan
NaN in beta_*: layer 9, bs_iter=38, k=5781, beta_mu=1.1802420879539645e+153, beta_phi=nan
NaN in beta_*: layer 9, bs_iter=38, k=5783, beta_mu=1.460950016522082e+153, beta_phi=nan
NaN in beta_*: layer 9, bs_iter=38, k=5784, beta_mu=2.9993830441908704e+153, beta_phi=nan
NaN in beta_*: layer 9, bs_iter=38, k=5786, beta_mu=2.4916022630303284e+153, beta_phi=nan
NaN in beta_*: layer 9, bs_iter=38, k=5787, beta_mu=2.4915975374944557e+153, beta_phi=nan
NaN in beta_*: layer 9, bs_iter=38, k=5788, beta_mu=1.191075044866973e+152, beta_phi=nan
NaN in beta_*: layer 9, bs_iter=38, k=5789, beta_mu=1.181123941480262e+152, beta_phi=nan
NaN in beta_*: layer 9, bs_iter=38, k=5790, beta_mu=1.184519440242522e+152, beta_phi=nan
NaN in beta_*: layer 9, bs_iter=38, k=5791, beta_mu=1.4588994227712219e+153, beta_phi=nan
NaN in beta_*: layer 9, bs_iter=38, k=5792, beta_mu=2.987294114715115e+153, beta_phi=nan
NaN in beta_*: layer 9, bs_iter=38, k=5794, beta_mu=1.194484324262791e+152, beta_phi=nan
NaN in beta_*: layer 9, bs_iter=38, k=5795, beta_mu=1.1944817323848726e+152, beta_phi=nan
NaN in beta_*: layer 9, bs_iter=38, k=5796, beta_mu=1.210709231289281e+152, beta_phi=nan
NaN in beta_*: layer 9, bs_iter=38, k=5797, beta_mu=1.4953054657119658e+153, beta_phi=nan
NaN in beta_*: layer 9, bs_iter=38, k=5798, beta_mu=1.3776765318201545e+153, beta_phi=nan
NaN in beta_*: layer 9, bs_iter=38, k=5801, beta_mu=2.985236903198698e+153, beta_phi=nan
NaN in beta_*: layer 9, bs_iter=38, k=5803, beta_mu=1.2141427817883952e+152, beta_phi=nan
NaN in beta_*: layer 9, bs_iter=38, k=5804, beta_mu=1.2152346556567243e+152, beta_phi=nan
NaN in beta_*: layer 9, bs_iter=38, k=5805, beta_mu=6.0173958648549865e+152, beta_phi=nan
NaN in beta_*: layer 9, bs_iter=38, k=5807, beta_mu=1.07703064985067e+152, beta_phi=nan
NaN in beta_*: layer 9, bs_iter=38, k=5808, beta_mu=1.1012471232062302e+153, beta_phi=nan
NaN in beta_*: layer 9, bs_iter=38, k=5809, beta_mu=1.4512836832810736e+153, beta_phi=nan
NaN in beta_*: layer 9, bs_iter=38, k=5810, beta_mu=1.215236417044727e+152, beta_phi=nan
NaN in beta_*: layer 9, bs_iter=38, k=5811, beta_mu=1.2152355128018012e+152, beta_phi=nan
NaN in beta_*: layer 9, bs_iter=38, k=5812, beta_mu=3.0241269514078245e+153, beta_phi=nan
NaN in beta_*: layer 9, bs_iter=38, k=5813, beta_mu=1.3122487122802618e+152, beta_phi=nan
NaN in beta_*: layer 9, bs_iter=38, k=5814, beta_mu=3.0295561325736254e+153, beta_phi=nan
NaN in beta_*: layer 9, bs_iter=38, k=5816, beta_mu=1.3981296434359211e+153, beta_phi=nan
NaN in beta_*: layer 9, bs_iter=38, k=5817, beta_mu=1.3020437828866222e+152, beta_phi=nan
NaN in beta_*: layer 9, bs_iter=38, k=5818, beta_mu=1.298486837214779e+152, beta_phi=nan
NaN in beta_*: layer 9, bs_iter=38, k=5819, beta_mu=1.3348656317866367e+152, beta_phi=nan
NaN in beta_*: layer 9, bs_iter=38, k=5820, beta_mu=1.3020373398902323e+152, beta_phi=nan
NaN in beta_*: layer 9, bs_iter=38, k=5821, beta_mu=3.040294780407443e+153, beta_phi=nan
NaN in beta_*: layer 9, bs_iter=38, k=5822, beta_mu=2.3733708303899167e+153, beta_phi=nan
NaN in beta_*: layer 9, bs_iter=38, k=5824, beta_mu=1.4744049638861549e+153, beta_phi=nan
NaN in beta_*: layer 9, bs_iter=38, k=5826, beta_mu=1.447876004385035e+153, beta_phi=nan
NaN in beta_*: layer 9, bs_iter=38, k=5827, beta_mu=1.3217650997883654e+152, beta_phi=nan
NaN in beta_*: layer 9, bs_iter=38, k=5828, beta_mu=1.4362564448169582e+153, beta_phi=nan
NaN in beta_*: layer 9, bs_iter=38, k=5829, beta_mu=1.925744066475861e+153, beta_phi=nan
NaN in beta_*: layer 9, bs_iter=38, k=5830, beta_mu=5.931891401503385e+152, beta_phi=nan
NaN in beta_*: layer 9, bs_iter=38, k=5831, beta_mu=1.0603365687214854e+153, beta_phi=nan
NaN in beta_*: layer 9, bs_iter=38, k=5832, beta_mu=5.865318014935229e+153, beta_phi=nan
NaN in beta_*: layer 9, bs_iter=38, k=5834, beta_mu=1.8122742561208984e+153, beta_phi=nan
NaN in beta_*: layer 9, bs_iter=38, k=5835, beta_mu=1.8122737044250952e+153, beta_phi=nan
NaN in beta_*: layer 9, bs_iter=38, k=5836, beta_mu=6.627770742232003e+152, beta_phi=nan
NaN in beta_*: layer 9, bs_iter=38, k=5841, beta_mu=2.957899070720946e+153, beta_phi=nan
NaN in beta_*: layer 9, bs_iter=38, k=5844, beta_mu=1.812893404178298e+153, beta_phi=nan
NaN in beta_*: layer 9, bs_iter=38, k=5846, beta_mu=2.9690088297286927e+153, beta_phi=nan
NaN in beta_*: layer 9, bs_iter=38, k=5848, beta_mu=1.7042271888491553e+153, beta_phi=nan
NaN in beta_*: layer 9, bs_iter=38, k=5851, beta_mu=1.804620710766291e+153, beta_phi=nan
NaN in beta_*: layer 9, bs_iter=38, k=5852, beta_mu=1.838910440795434e+153, beta_phi=nan
NaN in beta_*: layer 9, bs_iter=38, k=5853, beta_mu=2.9740687000801114e+153, beta_phi=nan
NaN in beta_*: layer 9, bs_iter=38, k=5856, beta_mu=1.8746968112881753e+153, beta_phi=nan
NaN in beta_*: layer 9, bs_iter=38, k=5857, beta_mu=9.724947726196687e+152, beta_phi=nan
NaN in beta_*: layer 9, bs_iter=38, k=5858, beta_mu=9.520325762237627e+152, beta_phi=nan
NaN in beta_*: layer 9, bs_iter=38, k=5859, beta_mu=9.520279561524743e+152, beta_phi=nan
NaN in beta_*: layer 9, bs_iter=38, k=5860, beta_mu=3.0043262847704848e+153, beta_phi=nan
NaN in beta_*: layer 9, bs_iter=38, k=5863, beta_mu=1.817344659293665e+153, beta_phi=nan
NaN in beta_*: layer 9, bs_iter=38, k=5865, beta_mu=2.9466989187561204e+153, beta_phi=nan
NaN in beta_*: layer 9, bs_iter=38, k=5867, beta_mu=9.521932407668242e+152, beta_phi=nan
NaN in beta_*: layer 9, bs_iter=38, k=5868, beta_mu=2.9790922439833067e+153, beta_phi=nan
NaN in beta_*: layer 9, bs_iter=38, k=5872, beta_mu=1.0994423215870294e+153, beta_phi=nan
NaN in beta_*: layer 9, bs_iter=38, k=5874, beta_mu=3.568964922453157e+152, beta_phi=nan
NaN in beta_*: layer 9, bs_iter=38, k=5875, beta_mu=2.97738449435329e+153, beta_phi=nan
NaN in beta_*: layer 9, bs_iter=38, k=5876, beta_mu=2.9594883511253983e+153, beta_phi=nan
NaN in beta_*: layer 9, bs_iter=38, k=5877, beta_mu=6.320591082890808e+153, beta_phi=nan
NaN in beta_*: layer 9, bs_iter=38, k=5881, beta_mu=1.813351139928692e+153, beta_phi=nan
NaN in beta_*: layer 9, bs_iter=38, k=5883, beta_mu=1.8389110011628824e+153, beta_phi=nan
NaN in beta_*: layer 9, bs_iter=38, k=5884, beta_mu=2.9598744710293447e+153, beta_phi=nan
NaN in beta_*: layer 9, bs_iter=38, k=5886, beta_mu=2.4280768736750104e+153, beta_phi=nan
NaN in beta_*: layer 9, bs_iter=38, k=5887, beta_mu=2.9739007695954275e+153, beta_phi=nan
NaN in beta_*: layer 9, bs_iter=38, k=5888, beta_mu=4.8602676697761735e+152, beta_phi=nan
NaN in beta_*: layer 9, bs_iter=38, k=5890, beta_mu=1.6616381355790187e+153, beta_phi=nan
NaN in beta_*: layer 9, bs_iter=38, k=5892, beta_mu=2.9605676277078524e+153, beta_phi=nan
NaN in beta_*: layer 9, bs_iter=38, k=5893, beta_mu=2.9605721614944584e+153, beta_phi=nan
NaN in beta_*: layer 9, bs_iter=38, k=5894, beta_mu=1.867097181596683e+153, beta_phi=nan
NaN in beta_*: layer 9, bs_iter=38, k=5895, beta_mu=1.5124112535205178e+153, beta_phi=nan
NaN in beta_*: layer 9, bs_iter=38, k=5896, beta_mu=2.9641968728832215e+153, beta_phi=nan
NaN in beta_*: layer 9, bs_iter=38, k=5899, beta_mu=1.7862249987835626e+153, beta_phi=nan
NaN in beta_*: layer 9, bs_iter=38, k=5901, beta_mu=1.8610634840166652e+153, beta_phi=nan
NaN in beta_*: layer 9, bs_iter=38, k=5903, beta_mu=2.9271041416950542e+153, beta_phi=nan
NaN in beta_*: layer 9, bs_iter=38, k=5904, beta_mu=2.9616536661597973e+153, beta_phi=nan
NaN in beta_*: layer 9, bs_iter=38, k=5905, beta_mu=2.425570424337395e+153, beta_phi=nan
NaN in beta_*: layer 9, bs_iter=38, k=5906, beta_mu=2.9652715031835843e+153, beta_phi=nan
NaN in beta_*: layer 9, bs_iter=38, k=5908, beta_mu=1.6756131763680027e+153, beta_phi=nan
NaN in beta_*: layer 9, bs_iter=38, k=5909, beta_mu=1.816801197401423e+153, beta_phi=nan
NaN in beta_*: layer 9, bs_iter=38, k=5914, beta_mu=2.9984739299460144e+153, beta_phi=nan
NaN in beta_*: layer 9, bs_iter=38, k=5916, beta_mu=1.8594438683451628e+153, beta_phi=nan
NaN in beta_*: layer 9, bs_iter=38, k=5917, beta_mu=1.903523627170329e+153, beta_phi=nan
NaN in beta_*: layer 9, bs_iter=38, k=5919, beta_mu=3.159234996128113e+153, beta_phi=nan
NaN in beta_*: layer 9, bs_iter=38, k=5920, beta_mu=1.8717741591116363e+153, beta_phi=nan
NaN in beta_*: layer 9, bs_iter=38, k=5921, beta_mu=1.3558567162448385e+152, beta_phi=nan
NaN in beta_*: layer 9, bs_iter=38, k=5923, beta_mu=8.035384418858196e+153, beta_phi=nan
NaN in beta_*: layer 9, bs_iter=38, k=5924, beta_mu=2.0814544620109568e+153, beta_phi=nan
NaN in beta_*: layer 9, bs_iter=38, k=5927, beta_mu=1.8677430511598718e+153, beta_phi=nan
NaN in beta_*: layer 9, bs_iter=38, k=5929, beta_mu=1.623661929884964e+153, beta_phi=nan
NaN in beta_*: layer 9, bs_iter=38, k=5930, beta_mu=1.86774270331736e+153, beta_phi=nan
NaN in beta_*: layer 9, bs_iter=38, k=5931, beta_mu=1.8298258273334054e+153, beta_phi=nan
NaN in beta_*: layer 9, bs_iter=38, k=5933, beta_mu=1.8668440618843015e+153, beta_phi=nan
NaN in beta_*: layer 9, bs_iter=38, k=5934, beta_mu=1.829551201335421e+153, beta_phi=nan
NaN in beta_*: layer 9, bs_iter=38, k=5935, beta_mu=3.180685442399738e+153, beta_phi=nan
NaN in beta_*: layer 9, bs_iter=38, k=5936, beta_mu=1.861881960105963e+153, beta_phi=nan
NaN in beta_*: layer 9, bs_iter=38, k=5937, beta_mu=1.974187177157577e+153, beta_phi=nan
NaN in beta_*: layer 9, bs_iter=38, k=5939, beta_mu=5.631616591846927e+152, beta_phi=nan
NaN in beta_*: layer 9, bs_iter=38, k=5940, beta_mu=1.8696053450466533e+153, beta_phi=nan
NaN in beta_*: layer 9, bs_iter=38, k=5941, beta_mu=1.867743066350137e+153, beta_phi=nan
NaN in beta_*: layer 9, bs_iter=38, k=5946, beta_mu=1.8363919782454456e+153, beta_phi=nan
NaN in beta_*: layer 9, bs_iter=38, k=5947, beta_mu=1.825730008828471e+153, beta_phi=nan
NaN in beta_*: layer 9, bs_iter=38, k=5948, beta_mu=2.2463014161798054e+153, beta_phi=nan
NaN in beta_*: layer 9, bs_iter=38, k=5949, beta_mu=1.8767850784369945e+153, beta_phi=nan
NaN in beta_*: layer 9, bs_iter=38, k=5950, beta_mu=1.8539647716504427e+153, beta_phi=nan
NaN in beta_*: layer 9, bs_iter=38, k=5951, beta_mu=1.8258915497473203e+153, beta_phi=nan
NaN in beta_*: layer 9, bs_iter=38, k=5952, beta_mu=1.8443251582349223e+153, beta_phi=nan
NaN in beta_*: layer 9, bs_iter=38, k=5953, beta_mu=1.8539644471252163e+153, beta_phi=nan
NaN in beta_*: layer 9, bs_iter=38, k=5954, beta_mu=1.8539648257379964e+153, beta_phi=nan
NaN in beta_*: layer 9, bs_iter=38, k=5955, beta_mu=3.8028845928479483e+152, beta_phi=nan
NaN in beta_*: layer 9, bs_iter=38, k=5956, beta_mu=1.8232433339997765e+153, beta_phi=nan
NaN in beta_*: layer 9, bs_iter=38, k=5959, beta_mu=3.4236324903745805e+153, beta_phi=nan
NaN in beta_*: layer 9, bs_iter=38, k=5961, beta_mu=1.8579799351676036e+153, beta_phi=nan
NaN in beta_*: layer 9, bs_iter=38, k=5966, beta_mu=1.7955144495458733e+153, beta_phi=nan
NaN in beta_*: layer 9, bs_iter=38, k=5968, beta_mu=1.7505092146487186e+153, beta_phi=nan
NaN in beta_*: layer 9, bs_iter=38, k=5969, beta_mu=5.499786362702795e+152, beta_phi=nan
NaN in beta_*: layer 9, bs_iter=38, k=5970, beta_mu=1.1781045974895826e+153, beta_phi=nan
NaN in beta_*: layer 9, bs_iter=38, k=5971, beta_mu=2.4388025025662557e+153, beta_phi=nan
NaN in beta_*: layer 9, bs_iter=38, k=5972, beta_mu=1.0017080989884835e+153, beta_phi=nan
NaN in beta_*: layer 9, bs_iter=38, k=5974, beta_mu=1.7788079983063713e+153, beta_phi=nan
NaN in beta_*: layer 9, bs_iter=38, k=5976, beta_mu=6.978961122789314e+152, beta_phi=nan
NaN in beta_*: layer 9, bs_iter=38, k=5977, beta_mu=7.231334454349548e+152, beta_phi=nan
NaN in beta_*: layer 9, bs_iter=38, k=5978, beta_mu=6.838747721861059e+152, beta_phi=nan
NaN in beta_*: layer 9, bs_iter=38, k=5979, beta_mu=8.633822642160518e+152, beta_phi=nan
NaN in beta_*: layer 9, bs_iter=38, k=5980, beta_mu=7.0211565463689285e+152, beta_phi=nan
NaN in beta_*: layer 9, bs_iter=38, k=5982, beta_mu=5.28279659566986e+152, beta_phi=nan
NaN in beta_*: layer 9, bs_iter=38, k=5983, beta_mu=5.40103252806698e+152, beta_phi=nan
NaN in beta_*: layer 9, bs_iter=38, k=5984, beta_mu=4.1489431648818535e+152, beta_phi=nan
NaN in beta_*: layer 9, bs_iter=38, k=5985, beta_mu=4.100345594534469e+152, beta_phi=nan
NaN in beta_*: layer 9, bs_iter=38, k=5986, beta_mu=4.0548859987653728e+152, beta_phi=nan
NaN in beta_*: layer 9, bs_iter=38, k=5988, beta_mu=3.86653788855987e+152, beta_phi=nan
NaN in beta_*: layer 9, bs_iter=38, k=5989, beta_mu=4.0071952663982056e+152, beta_phi=nan
NaN in beta_*: layer 9, bs_iter=38, k=5991, beta_mu=4.652017907968523e+152, beta_phi=nan
NaN in beta_*: layer 9, bs_iter=38, k=5992, beta_mu=4.63190050643346e+152, beta_phi=nan
NaN in beta_*: layer 9, bs_iter=38, k=5994, beta_mu=6.067312869057541e+152, beta_phi=nan
NaN in beta_*: layer 9, bs_iter=38, k=5997, beta_mu=4.1427434390086584e+152, beta_phi=nan
NaN in beta_*: layer 9, bs_iter=38, k=5998, beta_mu=7.300494635607644e+152, beta_phi=nan
NaN in beta_*: layer 9, bs_iter=38, k=5999, beta_mu=2.5558548603540897e+153, beta_phi=nan
NaN in beta_*: layer 9, bs_iter=38, k=6000, beta_mu=3.490809069745533e+152, beta_phi=nan
NaN in beta_*: layer 9, bs_iter=38, k=6001, beta_mu=4.644250708972223e+152, beta_phi=nan
NaN in beta_*: layer 9, bs_iter=38, k=6002, beta_mu=5.346854408195384e+152, beta_phi=nan
NaN in beta_*: layer 9, bs_iter=38, k=6003, beta_mu=2.391617937005165e+152, beta_phi=nan
NaN in beta_*: layer 9, bs_iter=38, k=6007, beta_mu=4.472931595009531e+152, beta_phi=nan
NaN in beta_*: layer 9, bs_iter=38, k=6008, beta_mu=4.472927242019159e+152, beta_phi=nan
NaN in beta_*: layer 9, bs_iter=38, k=6010, beta_mu=6.974334216164403e+152, beta_phi=nan
NaN in beta_*: layer 9, bs_iter=38, k=6013, beta_mu=6.650870994924988e+152, beta_phi=nan
NaN in beta_*: layer 9, bs_iter=38, k=6015, beta_mu=6.251830835938305e+152, beta_phi=nan
NaN in beta_*: layer 9, bs_iter=38, k=6016, beta_mu=4.852072047561222e+152, beta_phi=nan
NaN in beta_*: layer 9, bs_iter=38, k=6017, beta_mu=6.456308044552818e+152, beta_phi=nan
NaN in beta_*: layer 9, bs_iter=38, k=6018, beta_mu=5.047254133513483e+152, beta_phi=nan
NaN in beta_*: layer 9, bs_iter=38, k=6019, beta_mu=7.49780765452021e+152, beta_phi=nan
NaN in beta_*: layer 9, bs_iter=38, k=6024, beta_mu=7.90861212120974e+152, beta_phi=nan
NaN in beta_*: layer 9, bs_iter=38, k=6026, beta_mu=5.288429958129367e+152, beta_phi=nan
NaN in beta_*: layer 9, bs_iter=38, k=6027, beta_mu=6.256145079848773e+152, beta_phi=nan
NaN in beta_*: layer 9, bs_iter=38, k=6030, beta_mu=6.0986450452305695e+152, beta_phi=nan
NaN in beta_*: layer 9, bs_iter=38, k=6031, beta_mu=6.0744804542398925e+152, beta_phi=nan
NaN in beta_*: layer 9, bs_iter=38, k=6032, beta_mu=6.436743170812565e+153, beta_phi=nan
NaN in beta_*: layer 9, bs_iter=38, k=6033, beta_mu=6.070821326037362e+152, beta_phi=nan
NaN in beta_*: layer 9, bs_iter=38, k=6035, beta_mu=6.0522517257336575e+152, beta_phi=nan
NaN in beta_*: layer 9, bs_iter=38, k=6036, beta_mu=6.289738997162207e+152, beta_phi=nan
NaN in beta_*: layer 9, bs_iter=38, k=6038, beta_mu=8.286284462979736e+153, beta_phi=nan
NaN in beta_*: layer 9, bs_iter=38, k=6039, beta_mu=9.689913182260494e+152, beta_phi=nan
NaN in beta_*: layer 9, bs_iter=38, k=6040, beta_mu=5.985410690810788e+152, beta_phi=nan
NaN in beta_*: layer 9, bs_iter=38, k=6041, beta_mu=5.9359986227908545e+152, beta_phi=nan
NaN in beta_*: layer 9, bs_iter=38, k=6042, beta_mu=3.1868494704986575e+152, beta_phi=nan
NaN in beta_*: layer 9, bs_iter=38, k=6043, beta_mu=1.7230192691621225e+152, beta_phi=nan
NaN in beta_*: layer 9, bs_iter=38, k=6045, beta_mu=5.2996093912887565e+152, beta_phi=nan
NaN in beta_*: layer 9, bs_iter=38, k=6046, beta_mu=5.973813724043694e+152, beta_phi=nan
NaN in beta_*: layer 9, bs_iter=38, k=6049, beta_mu=1.4802536432545558e+153, beta_phi=nan
NaN in beta_*: layer 9, bs_iter=38, k=6056, beta_mu=1.9617590569704021e+152, beta_phi=nan
NaN in beta_*: layer 9, bs_iter=38, k=6057, beta_mu=3.296879218023513e+152, beta_phi=nan
NaN in beta_*: layer 9, bs_iter=38, k=6060, beta_mu=6.321538526058941e+153, beta_phi=nan
NaN in beta_*: layer 9, bs_iter=38, k=6062, beta_mu=2.2722526295094726e+152, beta_phi=nan
NaN in beta_*: layer 9, bs_iter=38, k=6064, beta_mu=2.0754322373845519e+152, beta_phi=nan
NaN in beta_*: layer 9, bs_iter=38, k=6068, beta_mu=4.964921903141462e+152, beta_phi=nan
NaN in beta_*: layer 9, bs_iter=38, k=6070, beta_mu=1.6521920392497306e+153, beta_phi=nan
NaN in beta_*: layer 9, bs_iter=38, k=6073, beta_mu=1.1246219999583887e+154, beta_phi=nan
NaN in beta_*: layer 9, bs_iter=38, k=6074, beta_mu=1.427332195691171e+152, beta_phi=nan
NaN in beta_*: layer 9, bs_iter=38, k=6075, beta_mu=1.3411596273734791e+153, beta_phi=nan
NaN in beta_*: layer 9, bs_iter=38, k=6079, beta_mu=1.408261296117231e+152, beta_phi=nan
NaN in beta_*: layer 9, bs_iter=38, k=6081, beta_mu=2.5554721056561996e+153, beta_phi=nan
NaN in beta_*: layer 9, bs_iter=38, k=6086, beta_mu=3.262413971433378e+152, beta_phi=nan
NaN in beta_*: layer 9, bs_iter=38, k=6087, beta_mu=3.312793911571281e+153, beta_phi=nan
NaN in beta_*: layer 9, bs_iter=38, k=6088, beta_mu=1.9768561357175023e+152, beta_phi=nan
NaN in beta_*: layer 9, bs_iter=38, k=6090, beta_mu=1.8991938341971375e+152, beta_phi=nan
NaN in beta_*: layer 9, bs_iter=38, k=6091, beta_mu=1.991365930028155e+152, beta_phi=nan
NaN in beta_*: layer 9, bs_iter=38, k=6092, beta_mu=1.413714379757383e+152, beta_phi=nan
NaN in beta_*: layer 9, bs_iter=38, k=6093, beta_mu=1.3923535899696673e+152, beta_phi=nan
NaN in beta_*: layer 9, bs_iter=38, k=6094, beta_mu=1.398514680372558e+152, beta_phi=nan
NaN in beta_*: layer 9, bs_iter=38, k=6095, beta_mu=1.0142188249120792e+153, beta_phi=nan
NaN in beta_*: layer 9, bs_iter=38, k=6096, beta_mu=1.3777808478797233e+152, beta_phi=nan
NaN in beta_*: layer 9, bs_iter=38, k=6097, beta_mu=2.776194819538687e+153, beta_phi=nan
NaN in beta_*: layer 9, bs_iter=38, k=6098, beta_mu=2.7025447216969444e+152, beta_phi=nan
NaN in beta_*: layer 9, bs_iter=38, k=6099, beta_mu=1.8609763441803332e+152, beta_phi=nan
NaN in beta_*: layer 9, bs_iter=38, k=6100, beta_mu=1.3771228708773347e+152, beta_phi=nan
NaN in beta_*: layer 9, bs_iter=38, k=6102, beta_mu=1.4088444720223248e+152, beta_phi=nan
NaN in beta_*: layer 9, bs_iter=38, k=6103, beta_mu=1.478922682785041e+152, beta_phi=nan
NaN in beta_*: layer 9, bs_iter=38, k=6107, beta_mu=9.68663873593643e+151, beta_phi=nan
NaN in beta_*: layer 9, bs_iter=38, k=6108, beta_mu=1.4110955987227906e+152, beta_phi=nan
NaN in beta_*: layer 9, bs_iter=38, k=6109, beta_mu=5.603416711554995e+152, beta_phi=nan
NaN in beta_*: layer 9, bs_iter=38, k=6111, beta_mu=1.8850419404440139e+152, beta_phi=nan
NaN in beta_*: layer 9, bs_iter=38, k=6113, beta_mu=6.0580934844249954e+153, beta_phi=nan
NaN in beta_*: layer 9, bs_iter=38, k=6114, beta_mu=1.4126956315769825e+152, beta_phi=nan
NaN in beta_*: layer 9, bs_iter=38, k=6115, beta_mu=1.3663588338573362e+152, beta_phi=nan
NaN in beta_*: layer 9, bs_iter=38, k=6116, beta_mu=5.662006889369456e+152, beta_phi=nan
NaN in beta_*: layer 9, bs_iter=38, k=6117, beta_mu=1.3778748455510994e+152, beta_phi=nan
NaN in beta_*: layer 9, bs_iter=38, k=6120, beta_mu=1.840244775966466e+152, beta_phi=nan
NaN in beta_*: layer 9, bs_iter=38, k=6121, beta_mu=1.4556487665290174e+152, beta_phi=nan
NaN in beta_*: layer 9, bs_iter=38, k=6124, beta_mu=1.43685881393201e+152, beta_phi=nan
NaN in beta_*: layer 9, bs_iter=38, k=6125, beta_mu=1.947640968017945e+152, beta_phi=nan
NaN in beta_*: layer 9, bs_iter=38, k=6126, beta_mu=1.4022055209853056e+152, beta_phi=nan
NaN in beta_*: layer 9, bs_iter=38, k=6127, beta_mu=9.673950303387228e+151, beta_phi=nan
NaN in beta_*: layer 9, bs_iter=38, k=6128, beta_mu=7.91494553289401e+152, beta_phi=nan
NaN in beta_*: layer 9, bs_iter=38, k=6129, beta_mu=5.283363601392262e+152, beta_phi=nan
NaN in beta_*: layer 9, bs_iter=38, k=6130, beta_mu=3.9219433037666046e+152, beta_phi=nan
NaN in beta_*: layer 9, bs_iter=38, k=6131, beta_mu=1.7756682777558492e+152, beta_phi=nan
NaN in beta_*: layer 9, bs_iter=38, k=6133, beta_mu=1.5959077953655707e+152, beta_phi=nan
NaN in beta_*: layer 9, bs_iter=38, k=6135, beta_mu=1.4285447486447712e+152, beta_phi=nan
NaN in beta_*: layer 9, bs_iter=38, k=6137, beta_mu=1.5669362638728548e+152, beta_phi=nan
NaN in beta_*: layer 9, bs_iter=38, k=6138, beta_mu=1.4656706606825946e+152, beta_phi=nan
NaN in beta_*: layer 9, bs_iter=38, k=6139, beta_mu=1.8901237369948608e+153, beta_phi=nan
NaN in beta_*: layer 9, bs_iter=38, k=6140, beta_mu=2.8197128870299835e+152, beta_phi=nan
NaN in beta_*: layer 9, bs_iter=38, k=6143, beta_mu=1.452570112372066e+152, beta_phi=nan
NaN in beta_*: layer 9, bs_iter=38, k=6144, beta_mu=1.2696500749405039e+154, beta_phi=nan
NaN in beta_*: layer 9, bs_iter=38, k=6145, beta_mu=3.446007612681889e+153, beta_phi=nan
NaN in beta_*: layer 9, bs_iter=38, k=6146, beta_mu=1.5690083223160577e+152, beta_phi=nan
NaN in beta_*: layer 9, bs_iter=38, k=6147, beta_mu=1.5690087984029358e+152, beta_phi=nan
NaN in beta_*: layer 9, bs_iter=38, k=6148, beta_mu=2.8752689965590645e+152, beta_phi=nan
NaN in beta_*: layer 9, bs_iter=38, k=6149, beta_mu=1.0081894179195393e+153, beta_phi=nan
NaN in beta_*: layer 9, bs_iter=38, k=6150, beta_mu=2.839502437197283e+152, beta_phi=nan
NaN in beta_*: layer 9, bs_iter=38, k=6151, beta_mu=1.4515206304478237e+153, beta_phi=nan
NaN in beta_*: layer 9, bs_iter=38, k=6152, beta_mu=1.4478393125296803e+152, beta_phi=nan
NaN in beta_*: layer 9, bs_iter=38, k=6153, beta_mu=1.4771663257618765e+152, beta_phi=nan
NaN in beta_*: layer 9, bs_iter=38, k=6154, beta_mu=1.4771681714661491e+152, beta_phi=nan
NaN in beta_*: layer 9, bs_iter=38, k=6155, beta_mu=1.4923242642825002e+152, beta_phi=nan
NaN in beta_*: layer 9, bs_iter=38, k=6156, beta_mu=2.7635827781752173e+153, beta_phi=nan
NaN in beta_*: layer 9, bs_iter=38, k=6157, beta_mu=1.385258611424338e+152, beta_phi=nan
NaN in beta_*: layer 9, bs_iter=38, k=6159, beta_mu=1.0547367686702803e+153, beta_phi=nan
NaN in beta_*: layer 9, bs_iter=38, k=6160, beta_mu=1.5926664645012884e+153, beta_phi=nan
NaN in beta_*: layer 9, bs_iter=38, k=6161, beta_mu=3.2002327758863627e+153, beta_phi=nan
NaN in beta_*: layer 9, bs_iter=38, k=6163, beta_mu=3.917905520885468e+152, beta_phi=nan
NaN in beta_*: layer 9, bs_iter=38, k=6164, beta_mu=1.467108363427992e+153, beta_phi=nan
NaN in beta_*: layer 9, bs_iter=38, k=6166, beta_mu=4.2755285386166866e+153, beta_phi=nan
NaN in beta_*: layer 9, bs_iter=38, k=6167, beta_mu=2.954986312995816e+152, beta_phi=nan
NaN in beta_*: layer 9, bs_iter=38, k=6171, beta_mu=1.954785485754733e+153, beta_phi=nan
NaN in beta_*: layer 9, bs_iter=38, k=6172, beta_mu=2.0787199740245076e+152, beta_phi=nan
NaN in beta_*: layer 9, bs_iter=38, k=6173, beta_mu=2.5217135607317634e+153, beta_phi=nan
NaN in beta_*: layer 9, bs_iter=38, k=6175, beta_mu=4.277686006087521e+152, beta_phi=nan
NaN in beta_*: layer 9, bs_iter=38, k=6177, beta_mu=4.618991680629831e+152, beta_phi=nan
NaN in beta_*: layer 9, bs_iter=38, k=6178, beta_mu=5.273023069900013e+152, beta_phi=nan
NaN in beta_*: layer 9, bs_iter=38, k=6179, beta_mu=4.405426688405525e+152, beta_phi=nan
NaN in beta_*: layer 9, bs_iter=38, k=6180, beta_mu=1.8152755293372163e+153, beta_phi=nan
NaN in beta_*: layer 9, bs_iter=38, k=6181, beta_mu=5.273019633764538e+152, beta_phi=nan
NaN in beta_*: layer 9, bs_iter=38, k=6182, beta_mu=5.223916420262322e+152, beta_phi=nan
NaN in beta_*: layer 9, bs_iter=38, k=6183, beta_mu=4.907123919265807e+152, beta_phi=nan
NaN in beta_*: layer 9, bs_iter=38, k=6184, beta_mu=5.273016648725759e+152, beta_phi=nan
NaN in beta_*: layer 9, bs_iter=38, k=6185, beta_mu=5.273014371624939e+152, beta_phi=nan
NaN in beta_*: layer 9, bs_iter=38, k=6186, beta_mu=5.4366304541029e+152, beta_phi=nan
NaN in beta_*: layer 9, bs_iter=38, k=6187, beta_mu=5.278164995388096e+152, beta_phi=nan
NaN in beta_*: layer 9, bs_iter=38, k=6188, beta_mu=5.532767869408893e+152, beta_phi=nan
NaN in beta_*: layer 9, bs_iter=38, k=6189, beta_mu=5.473891446291867e+152, beta_phi=nan
NaN in beta_*: layer 9, bs_iter=38, k=6190, beta_mu=1.2411433590820885e+153, beta_phi=nan
NaN in beta_*: layer 9, bs_iter=38, k=6191, beta_mu=5.436646498072544e+152, beta_phi=nan
NaN in beta_*: layer 9, bs_iter=38, k=6192, beta_mu=5.984813738539774e+153, beta_phi=nan
NaN in beta_*: layer 9, bs_iter=38, k=6193, beta_mu=4.493931784808818e+152, beta_phi=nan
NaN in beta_*: layer 9, bs_iter=38, k=6195, beta_mu=5.273020428348493e+152, beta_phi=nan
NaN in beta_*: layer 9, bs_iter=38, k=6196, beta_mu=2.213823450909509e+152, beta_phi=nan
NaN in beta_*: layer 9, bs_iter=38, k=6197, beta_mu=1.0949641935648594e+153, beta_phi=nan
NaN in beta_*: layer 9, bs_iter=38, k=6200, beta_mu=5.3486418478254e+152, beta_phi=nan
NaN in beta_*: layer 9, bs_iter=38, k=6202, beta_mu=6.878576224136024e+152, beta_phi=nan
NaN in beta_*: layer 9, bs_iter=38, k=6204, beta_mu=5.273016083590586e+152, beta_phi=nan
NaN in beta_*: layer 9, bs_iter=38, k=6205, beta_mu=2.0842255779708663e+152, beta_phi=nan
NaN in beta_*: layer 9, bs_iter=38, k=6206, beta_mu=1.7828110745649608e+152, beta_phi=nan
NaN in beta_*: layer 9, bs_iter=38, k=6207, beta_mu=1.1612022101963024e+153, beta_phi=nan
NaN in beta_*: layer 9, bs_iter=38, k=6208, beta_mu=2.4023191421466496e+153, beta_phi=nan
NaN in beta_*: layer 9, bs_iter=38, k=6209, beta_mu=1.206018578662318e+153, beta_phi=nan
NaN in beta_*: layer 9, bs_iter=38, k=6210, beta_mu=5.079317007278911e+152, beta_phi=nan
NaN in beta_*: layer 9, bs_iter=38, k=6211, beta_mu=5.289917844419342e+152, beta_phi=nan
NaN in beta_*: layer 9, bs_iter=38, k=6212, beta_mu=5.289912391197543e+152, beta_phi=nan
NaN in beta_*: layer 9, bs_iter=38, k=6213, beta_mu=2.151346209142637e+153, beta_phi=nan
NaN in beta_*: layer 9, bs_iter=38, k=6214, beta_mu=5.421950458900684e+152, beta_phi=nan
NaN in beta_*: layer 9, bs_iter=38, k=6216, beta_mu=3.2857198144538397e+153, beta_phi=nan
NaN in beta_*: layer 9, bs_iter=38, k=6217, beta_mu=5.421951148292629e+152, beta_phi=nan
NaN in beta_*: layer 9, bs_iter=38, k=6218, beta_mu=1.7799920313440409e+152, beta_phi=nan
NaN in beta_*: layer 9, bs_iter=38, k=6219, beta_mu=5.421955994720239e+152, beta_phi=nan
NaN in beta_*: layer 9, bs_iter=38, k=6220, beta_mu=5.266187211332566e+152, beta_phi=nan
NaN in beta_*: layer 9, bs_iter=38, k=6223, beta_mu=5.421952943077205e+152, beta_phi=nan
NaN in beta_*: layer 9, bs_iter=38, k=6224, beta_mu=5.422489770836805e+152, beta_phi=nan
NaN in beta_*: layer 9, bs_iter=38, k=6225, beta_mu=4.947219542638651e+153, beta_phi=nan
NaN in beta_*: layer 9, bs_iter=38, k=6226, beta_mu=5.421949988761092e+152, beta_phi=nan
NaN in beta_*: layer 9, bs_iter=38, k=6227, beta_mu=5.263719592431601e+152, beta_phi=nan
NaN in beta_*: layer 9, bs_iter=38, k=6229, beta_mu=5.547025875945045e+152, beta_phi=nan
NaN in beta_*: layer 9, bs_iter=38, k=6230, beta_mu=4.594979539852007e+152, beta_phi=nan
NaN in beta_*: layer 9, bs_iter=38, k=6231, beta_mu=1.1759866058700024e+153, beta_phi=nan
NaN in beta_*: layer 9, bs_iter=38, k=6232, beta_mu=1.1759866311788756e+153, beta_phi=nan
NaN in beta_*: layer 9, bs_iter=38, k=6233, beta_mu=5.421943909069617e+152, beta_phi=nan
NaN in beta_*: layer 9, bs_iter=38, k=6235, beta_mu=5.266184896738795e+152, beta_phi=nan
NaN in beta_*: layer 9, bs_iter=38, k=6237, beta_mu=4.810676222241287e+153, beta_phi=nan
NaN in beta_*: layer 9, bs_iter=38, k=6238, beta_mu=1.171239852976976e+153, beta_phi=nan
NaN in beta_*: layer 9, bs_iter=38, k=6239, beta_mu=5.034784094430189e+152, beta_phi=nan
NaN in beta_*: layer 9, bs_iter=38, k=6240, beta_mu=2.7677494783530747e+152, beta_phi=nan
NaN in beta_*: layer 9, bs_iter=38, k=6241, beta_mu=5.586315279827909e+152, beta_phi=nan
NaN in beta_*: layer 9, bs_iter=38, k=6242, beta_mu=5.624846468999057e+152, beta_phi=nan
NaN in beta_*: layer 9, bs_iter=38, k=6244, beta_mu=3.0496783862190824e+153, beta_phi=nan
NaN in beta_*: layer 9, bs_iter=38, k=6246, beta_mu=5.474053058249217e+152, beta_phi=nan
NaN in beta_*: layer 9, bs_iter=38, k=6248, beta_mu=5.617482403991649e+152, beta_phi=nan
NaN in beta_*: layer 9, bs_iter=38, k=6249, beta_mu=5.317872310717725e+152, beta_phi=nan
NaN in beta_*: layer 9, bs_iter=38, k=6250, beta_mu=5.474049149422399e+152, beta_phi=nan
NaN in beta_*: layer 9, bs_iter=38, k=6253, beta_mu=5.474044459819319e+152, beta_phi=nan
NaN in beta_*: layer 9, bs_iter=38, k=6254, beta_mu=1.1759869908735388e+153, beta_phi=nan
NaN in beta_*: layer 9, bs_iter=38, k=6256, beta_mu=2.7596008761012924e+152, beta_phi=nan
NaN in beta_*: layer 9, bs_iter=38, k=6257, beta_mu=2.761655598591557e+152, beta_phi=nan
NaN in beta_*: layer 9, bs_iter=38, k=6258, beta_mu=5.474057286998768e+152, beta_phi=nan
NaN in beta_*: layer 9, bs_iter=38, k=6259, beta_mu=2.795708659572878e+152, beta_phi=nan
NaN in beta_*: layer 9, bs_iter=38, k=6260, beta_mu=5.500532702437293e+152, beta_phi=nan
NaN in beta_*: layer 9, bs_iter=38, k=6261, beta_mu=5.422487674744138e+152, beta_phi=nan
NaN in beta_*: layer 9, bs_iter=38, k=6262, beta_mu=5.422491641777155e+152, beta_phi=nan
NaN in beta_*: layer 9, bs_iter=38, k=6263, beta_mu=5.26673948665152e+152, beta_phi=nan
NaN in beta_*: layer 9, bs_iter=38, k=6264, beta_mu=1.1909651810559876e+153, beta_phi=nan
NaN in beta_*: layer 9, bs_iter=38, k=6265, beta_mu=5.422488839822863e+152, beta_phi=nan
NaN in beta_*: layer 9, bs_iter=38, k=6267, beta_mu=2.5968717798019497e+153, beta_phi=nan
NaN in beta_*: layer 9, bs_iter=38, k=6268, beta_mu=1.1759869136669181e+153, beta_phi=nan
NaN in beta_*: layer 9, bs_iter=38, k=6270, beta_mu=5.422487532070913e+152, beta_phi=nan
NaN in beta_*: layer 9, bs_iter=38, k=6271, beta_mu=5.3122063050063045e+152, beta_phi=nan
NaN in beta_*: layer 9, bs_iter=38, k=6272, beta_mu=3.097952621599777e+152, beta_phi=nan
NaN in beta_*: layer 9, bs_iter=38, k=6274, beta_mu=5.4224868825137575e+152, beta_phi=nan
NaN in beta_*: layer 9, bs_iter=38, k=6275, beta_mu=1.177299855764548e+153, beta_phi=nan
NaN in beta_*: layer 9, bs_iter=38, k=6276, beta_mu=2.7259921103237307e+152, beta_phi=nan
NaN in beta_*: layer 9, bs_iter=38, k=6278, beta_mu=2.326127459958099e+152, beta_phi=nan
NaN in beta_*: layer 9, bs_iter=38, k=6279, beta_mu=2.7250837599618324e+152, beta_phi=nan
NaN in beta_*: layer 9, bs_iter=38, k=6281, beta_mu=2.6166508169871793e+152, beta_phi=nan
NaN in beta_*: layer 9, bs_iter=38, k=6282, beta_mu=5.422483185468291e+152, beta_phi=nan
NaN in beta_*: layer 9, bs_iter=38, k=6283, beta_mu=1.1848675033213922e+153, beta_phi=nan
NaN in beta_*: layer 9, bs_iter=38, k=6284, beta_mu=5.604068820670306e+152, beta_phi=nan
NaN in beta_*: layer 9, bs_iter=38, k=6285, beta_mu=5.422491268819594e+152, beta_phi=nan
NaN in beta_*: layer 9, bs_iter=38, k=6286, beta_mu=5.42248539024768e+152, beta_phi=nan
NaN in beta_*: layer 9, bs_iter=38, k=6287, beta_mu=1.953592268504131e+153, beta_phi=nan
NaN in beta_*: layer 9, bs_iter=38, k=6288, beta_mu=5.420406853158828e+152, beta_phi=nan
NaN in beta_*: layer 9, bs_iter=38, k=6289, beta_mu=2.6968493443114137e+152, beta_phi=nan
NaN in beta_*: layer 9, bs_iter=38, k=6290, beta_mu=5.422486514285161e+152, beta_phi=nan
NaN in beta_*: layer 9, bs_iter=38, k=6291, beta_mu=2.7325441587964325e+152, beta_phi=nan
NaN in beta_*: layer 9, bs_iter=38, k=6292, beta_mu=2.7700405219035096e+152, beta_phi=nan
NaN in beta_*: layer 9, bs_iter=38, k=6293, beta_mu=5.160276552013745e+152, beta_phi=nan
NaN in beta_*: layer 9, bs_iter=38, k=6294, beta_mu=4.948780757135991e+152, beta_phi=nan
NaN in beta_*: layer 9, bs_iter=38, k=6295, beta_mu=2.6388500506386687e+153, beta_phi=nan
NaN in beta_*: layer 9, bs_iter=38, k=6296, beta_mu=5.422488314490618e+152, beta_phi=nan
NaN in beta_*: layer 9, bs_iter=38, k=6297, beta_mu=2.051802514623125e+153, beta_phi=nan
NaN in beta_*: layer 9, bs_iter=38, k=6298, beta_mu=1.1507555625379779e+153, beta_phi=nan
NaN in beta_*: layer 9, bs_iter=38, k=6299, beta_mu=2.477381214819568e+152, beta_phi=nan
NaN in beta_*: layer 9, bs_iter=38, k=6300, beta_mu=2.7666320809090404e+152, beta_phi=nan
NaN in beta_*: layer 9, bs_iter=38, k=6302, beta_mu=3.498709445470396e+152, beta_phi=nan
NaN in beta_*: layer 9, bs_iter=38, k=6305, beta_mu=5.2034604898438515e+152, beta_phi=nan
NaN in beta_*: layer 9, bs_iter=38, k=6307, beta_mu=5.1481790169115695e+152, beta_phi=nan
NaN in beta_*: layer 9, bs_iter=38, k=6308, beta_mu=5.422487193228987e+152, beta_phi=nan
NaN in beta_*: layer 9, bs_iter=38, k=6310, beta_mu=3.9223867709951324e+152, beta_phi=nan
NaN in beta_*: layer 9, bs_iter=38, k=6311, beta_mu=2.6997076010402103e+152, beta_phi=nan
NaN in beta_*: layer 9, bs_iter=38, k=6312, beta_mu=5.2667533199424365e+152, beta_phi=nan
NaN in beta_*: layer 9, bs_iter=38, k=6313, beta_mu=5.422487913358518e+152, beta_phi=nan
NaN in beta_*: layer 9, bs_iter=38, k=6314, beta_mu=5.182001883779394e+152, beta_phi=nan
NaN in beta_*: layer 9, bs_iter=38, k=6315, beta_mu=2.9030152870416446e+152, beta_phi=nan
NaN in beta_*: layer 9, bs_iter=38, k=6316, beta_mu=2.9722172563268517e+152, beta_phi=nan
NaN in beta_*: layer 9, bs_iter=38, k=6317, beta_mu=5.422486868710873e+152, beta_phi=nan
NaN in beta_*: layer 9, bs_iter=38, k=6318, beta_mu=2.735321890824347e+152, beta_phi=nan
NaN in beta_*: layer 9, bs_iter=38, k=6319, beta_mu=5.4224868825137575e+152, beta_phi=nan
NaN in beta_*: layer 9, bs_iter=38, k=6321, beta_mu=4.916403335953566e+152, beta_phi=nan
NaN in beta_*: layer 9, bs_iter=38, k=6323, beta_mu=5.167768036262136e+152, beta_phi=nan
NaN in beta_*: layer 9, bs_iter=38, k=6325, beta_mu=5.325443574167838e+152, beta_phi=nan
NaN in beta_*: layer 9, bs_iter=38, k=6326, beta_mu=2.579173544557412e+152, beta_phi=nan
NaN in beta_*: layer 9, bs_iter=38, k=6327, beta_mu=4.2187860181994365e+152, beta_phi=nan
NaN in beta_*: layer 9, bs_iter=38, k=6328, beta_mu=5.256985888173144e+152, beta_phi=nan
NaN in beta_*: layer 9, bs_iter=38, k=6329, beta_mu=5.256987639173685e+152, beta_phi=nan
NaN in beta_*: layer 9, bs_iter=38, k=6330, beta_mu=2.5674755156176715e+152, beta_phi=nan
NaN in beta_*: layer 9, bs_iter=38, k=6331, beta_mu=5.325450897131428e+152, beta_phi=nan
NaN in beta_*: layer 9, bs_iter=38, k=6332, beta_mu=5.412734553228015e+152, beta_phi=nan
NaN in beta_*: layer 9, bs_iter=38, k=6333, beta_mu=5.167767842898951e+152, beta_phi=nan
NaN in beta_*: layer 9, bs_iter=38, k=6335, beta_mu=2.638706759316053e+152, beta_phi=nan
NaN in beta_*: layer 9, bs_iter=38, k=6336, beta_mu=1.169070832128589e+153, beta_phi=nan
NaN in beta_*: layer 9, bs_iter=38, k=6337, beta_mu=5.420443687900783e+152, beta_phi=nan
NaN in beta_*: layer 9, bs_iter=38, k=6338, beta_mu=2.01350602266177e+153, beta_phi=nan
NaN in beta_*: layer 9, bs_iter=38, k=6339, beta_mu=9.172854364644453e+153, beta_phi=nan
NaN in beta_*: layer 9, bs_iter=38, k=6340, beta_mu=5.32545100874421e+152, beta_phi=nan
NaN in beta_*: layer 9, bs_iter=38, k=6341, beta_mu=7.530502670895265e+152, beta_phi=nan
NaN in beta_*: layer 9, bs_iter=38, k=6342, beta_mu=5.325448215753844e+152, beta_phi=nan
NaN in beta_*: layer 9, bs_iter=38, k=6343, beta_mu=2.4031146466832067e+152, beta_phi=nan
NaN in beta_*: layer 9, bs_iter=38, k=6344, beta_mu=5.325453588173544e+152, beta_phi=nan
NaN in beta_*: layer 9, bs_iter=38, k=6345, beta_mu=5.119136321683811e+152, beta_phi=nan
NaN in beta_*: layer 9, bs_iter=38, k=6346, beta_mu=5.730400198069394e+152, beta_phi=nan
NaN in beta_*: layer 9, bs_iter=38, k=6347, beta_mu=5.3254468401266e+152, beta_phi=nan
NaN in beta_*: layer 9, bs_iter=38, k=6348, beta_mu=5.325448642172004e+152, beta_phi=nan
NaN in beta_*: layer 9, bs_iter=38, k=6349, beta_mu=5.167767674436127e+152, beta_phi=nan
NaN in beta_*: layer 9, bs_iter=38, k=6350, beta_mu=4.79496316764926e+153, beta_phi=nan
NaN in beta_*: layer 9, bs_iter=38, k=6351, beta_mu=1.5824193598733366e+153, beta_phi=nan
NaN in beta_*: layer 9, bs_iter=38, k=6352, beta_mu=5.167772378586002e+152, beta_phi=nan
NaN in beta_*: layer 9, bs_iter=38, k=6353, beta_mu=5.325449043447695e+152, beta_phi=nan
NaN in beta_*: layer 9, bs_iter=38, k=6354, beta_mu=5.810927732900333e+152, beta_phi=nan
NaN in beta_*: layer 9, bs_iter=38, k=6355, beta_mu=5.325447474070993e+152, beta_phi=nan
NaN in beta_*: layer 9, bs_iter=38, k=6356, beta_mu=5.32545139022479e+152, beta_phi=nan
NaN in beta_*: layer 9, bs_iter=38, k=6357, beta_mu=5.325450242246298e+152, beta_phi=nan
NaN in beta_*: layer 9, bs_iter=38, k=6358, beta_mu=5.805491674558913e+152, beta_phi=nan
NaN in beta_*: layer 9, bs_iter=38, k=6359, beta_mu=3.2503337883322764e+153, beta_phi=nan
NaN in beta_*: layer 9, bs_iter=38, k=6360, beta_mu=2.45653196275733e+152, beta_phi=nan
NaN in beta_*: layer 9, bs_iter=38, k=6361, beta_mu=5.167768176417162e+152, beta_phi=nan
NaN in beta_*: layer 9, bs_iter=38, k=6362, beta_mu=4.977554323687092e+152, beta_phi=nan
NaN in beta_*: layer 9, bs_iter=38, k=6363, beta_mu=2.46296197921932e+152, beta_phi=nan
NaN in beta_*: layer 9, bs_iter=38, k=6364, beta_mu=5.325457500910826e+152, beta_phi=nan
NaN in beta_*: layer 9, bs_iter=38, k=6365, beta_mu=5.167768333544039e+152, beta_phi=nan
NaN in beta_*: layer 9, bs_iter=38, k=6366, beta_mu=2.3124107978628317e+152, beta_phi=nan
NaN in beta_*: layer 9, bs_iter=38, k=6367, beta_mu=5.16777046260069e+152, beta_phi=nan
NaN in beta_*: layer 9, bs_iter=38, k=6368, beta_mu=5.848116162644538e+152, beta_phi=nan
NaN in beta_*: layer 9, bs_iter=38, k=6370, beta_mu=9.943682059130087e+152, beta_phi=nan
NaN in beta_*: layer 9, bs_iter=38, k=6371, beta_mu=2.0227608896556265e+154, beta_phi=nan
NaN in beta_*: layer 9, bs_iter=38, k=6372, beta_mu=5.850269966227468e+152, beta_phi=nan
NaN in beta_*: layer 9, bs_iter=38, k=6373, beta_mu=5.167764836527418e+152, beta_phi=nan
NaN in beta_*: layer 9, bs_iter=38, k=6374, beta_mu=5.325454125955188e+152, beta_phi=nan
NaN in beta_*: layer 9, bs_iter=38, k=6375, beta_mu=5.32545250668957e+152, beta_phi=nan
NaN in beta_*: layer 9, bs_iter=38, k=6376, beta_mu=5.325450175699085e+152, beta_phi=nan
NaN in beta_*: layer 9, bs_iter=38, k=6377, beta_mu=5.325450345650377e+152, beta_phi=nan
NaN in beta_*: layer 9, bs_iter=38, k=6378, beta_mu=5.3254545175921915e+152, beta_phi=nan
NaN in beta_*: layer 9, bs_iter=38, k=6379, beta_mu=2.3418051534723954e+152, beta_phi=nan
NaN in beta_*: layer 9, bs_iter=38, k=6380, beta_mu=5.325449495606139e+152, beta_phi=nan
NaN in beta_*: layer 9, bs_iter=38, k=6383, beta_mu=1.1589583373751215e+153, beta_phi=nan
NaN in beta_*: layer 9, bs_iter=38, k=6384, beta_mu=8.13768178146726e+152, beta_phi=nan
NaN in beta_*: layer 9, bs_iter=38, k=6385, beta_mu=5.325442400726806e+152, beta_phi=nan
NaN in beta_*: layer 9, bs_iter=38, k=6386, beta_mu=5.167768641325485e+152, beta_phi=nan
NaN in beta_*: layer 9, bs_iter=38, k=6387, beta_mu=6.298100771208766e+152, beta_phi=nan
NaN in beta_*: layer 9, bs_iter=38, k=6388, beta_mu=5.934710422471082e+152, beta_phi=nan
NaN in beta_*: layer 9, bs_iter=38, k=6389, beta_mu=3.715152550116591e+153, beta_phi=nan
NaN in beta_*: layer 9, bs_iter=38, k=6390, beta_mu=2.7838923825367824e+152, beta_phi=nan
NaN in beta_*: layer 9, bs_iter=38, k=6391, beta_mu=1.1918967519051018e+153, beta_phi=nan
NaN in beta_*: layer 9, bs_iter=38, k=6393, beta_mu=5.325448686098131e+152, beta_phi=nan
NaN in beta_*: layer 9, bs_iter=38, k=6394, beta_mu=4.979724179744008e+152, beta_phi=nan
NaN in beta_*: layer 9, bs_iter=38, k=6395, beta_mu=3.843025123844199e+153, beta_phi=nan
NaN in beta_*: layer 9, bs_iter=38, k=6397, beta_mu=1.1737480674614653e+153, beta_phi=nan
NaN in beta_*: layer 9, bs_iter=38, k=6400, beta_mu=5.16776720256328e+152, beta_phi=nan
NaN in beta_*: layer 9, bs_iter=38, k=6401, beta_mu=1.1771118657221698e+153, beta_phi=nan
NaN in beta_*: layer 9, bs_iter=38, k=6403, beta_mu=5.325444094482499e+152, beta_phi=nan
NaN in beta_*: layer 9, bs_iter=38, k=6404, beta_mu=5.325452500250926e+152, beta_phi=nan
NaN in beta_*: layer 9, bs_iter=38, k=6405, beta_mu=5.795151487257976e+152, beta_phi=nan
NaN in beta_*: layer 9, bs_iter=38, k=6406, beta_mu=5.325451226959854e+152, beta_phi=nan
NaN in beta_*: layer 9, bs_iter=38, k=6407, beta_mu=5.981318980236281e+152, beta_phi=nan
NaN in beta_*: layer 9, bs_iter=38, k=6408, beta_mu=5.325453073787998e+152, beta_phi=nan
NaN in beta_*: layer 9, bs_iter=38, k=6409, beta_mu=5.325454956791662e+152, beta_phi=nan
NaN in beta_*: layer 9, bs_iter=38, k=6410, beta_mu=5.325456310957792e+152, beta_phi=nan
NaN in beta_*: layer 9, bs_iter=38, k=6411, beta_mu=5.325458690472058e+152, beta_phi=nan
NaN in beta_*: layer 9, bs_iter=38, k=6412, beta_mu=5.325457672109268e+152, beta_phi=nan
NaN in beta_*: layer 9, bs_iter=38, k=6413, beta_mu=3.6298736705509446e+152, beta_phi=nan
NaN in beta_*: layer 9, bs_iter=38, k=6414, beta_mu=5.1677687065324585e+152, beta_phi=nan
NaN in beta_*: layer 9, bs_iter=38, k=6415, beta_mu=5.167766788685057e+152, beta_phi=nan
NaN in beta_*: layer 9, bs_iter=38, k=6416, beta_mu=5.325452026739167e+152, beta_phi=nan
NaN in beta_*: layer 9, bs_iter=38, k=6419, beta_mu=5.325458750694913e+152, beta_phi=nan
NaN in beta_*: layer 9, bs_iter=38, k=6420, beta_mu=5.325457940735447e+152, beta_phi=nan
NaN in beta_*: layer 9, bs_iter=38, k=6421, beta_mu=3.2255119228522055e+153, beta_phi=nan
NaN in beta_*: layer 9, bs_iter=38, k=6422, beta_mu=7.540489131822463e+152, beta_phi=nan
NaN in beta_*: layer 9, bs_iter=38, k=6424, beta_mu=5.325460987596615e+152, beta_phi=nan
NaN in beta_*: layer 9, bs_iter=38, k=6425, beta_mu=2.216447896551016e+152, beta_phi=nan
NaN in beta_*: layer 9, bs_iter=38, k=6426, beta_mu=5.948345214363048e+152, beta_phi=nan
NaN in beta_*: layer 9, bs_iter=38, k=6427, beta_mu=5.358944363482813e+152, beta_phi=nan
NaN in beta_*: layer 9, bs_iter=38, k=6428, beta_mu=5.313460031083496e+152, beta_phi=nan
NaN in beta_*: layer 9, bs_iter=38, k=6429, beta_mu=5.313463034500894e+152, beta_phi=nan
NaN in beta_*: layer 9, bs_iter=38, k=6430, beta_mu=5.313459155944086e+152, beta_phi=nan
NaN in beta_*: layer 9, bs_iter=38, k=6431, beta_mu=9.528222483112026e+152, beta_phi=nan
NaN in beta_*: layer 9, bs_iter=38, k=6432, beta_mu=5.313458639876918e+152, beta_phi=nan
NaN in beta_*: layer 9, bs_iter=38, k=6433, beta_mu=5.3134606721227845e+152, beta_phi=nan
NaN in beta_*: layer 9, bs_iter=38, k=6434, beta_mu=5.313459826268816e+152, beta_phi=nan
NaN in beta_*: layer 9, bs_iter=38, k=6435, beta_mu=5.313457716460991e+152, beta_phi=nan
NaN in beta_*: layer 9, bs_iter=38, k=6436, beta_mu=5.3134574956399355e+152, beta_phi=nan
NaN in beta_*: layer 9, bs_iter=38, k=6437, beta_mu=2.288060743075151e+152, beta_phi=nan
NaN in beta_*: layer 9, bs_iter=38, k=6438, beta_mu=5.313462326632261e+152, beta_phi=nan
NaN in beta_*: layer 9, bs_iter=38, k=6439, beta_mu=5.313462049421044e+152, beta_phi=nan
NaN in beta_*: layer 9, bs_iter=38, k=6440, beta_mu=5.3134641401909305e+152, beta_phi=nan
NaN in beta_*: layer 9, bs_iter=38, k=6441, beta_mu=3.680430486247107e+152, beta_phi=nan
NaN in beta_*: layer 9, bs_iter=38, k=6443, beta_mu=5.313461826845836e+152, beta_phi=nan
NaN in beta_*: layer 9, bs_iter=38, k=6444, beta_mu=5.156028871409722e+152, beta_phi=nan
NaN in beta_*: layer 9, bs_iter=38, k=6445, beta_mu=1.8010808770517145e+153, beta_phi=nan
NaN in beta_*: layer 9, bs_iter=38, k=6446, beta_mu=1.166509030088657e+153, beta_phi=nan
NaN in beta_*: layer 9, bs_iter=38, k=6447, beta_mu=5.181120962158464e+152, beta_phi=nan
NaN in beta_*: layer 9, bs_iter=38, k=6448, beta_mu=5.544356058375072e+152, beta_phi=nan
NaN in beta_*: layer 9, bs_iter=38, k=6450, beta_mu=1.1882045371917673e+153, beta_phi=nan
NaN in beta_*: layer 9, bs_iter=38, k=6451, beta_mu=6.975463426027502e+152, beta_phi=nan
NaN in beta_*: layer 9, bs_iter=38, k=6452, beta_mu=2.4483999761622817e+152, beta_phi=nan
NaN in beta_*: layer 9, bs_iter=38, k=6453, beta_mu=4.578105722986918e+152, beta_phi=nan
NaN in beta_*: layer 9, bs_iter=38, k=6454, beta_mu=3.7161883409503784e+152, beta_phi=nan
NaN in beta_*: layer 9, bs_iter=38, k=6455, beta_mu=7.421404138833621e+152, beta_phi=nan
NaN in beta_*: layer 9, bs_iter=38, k=6456, beta_mu=7.571947782947947e+152, beta_phi=nan
NaN in beta_*: layer 9, bs_iter=38, k=6457, beta_mu=3.9902096693556057e+152, beta_phi=nan
NaN in beta_*: layer 9, bs_iter=38, k=6458, beta_mu=7.090971581272844e+152, beta_phi=nan
NaN in beta_*: layer 9, bs_iter=38, k=6459, beta_mu=1.3298886130665853e+153, beta_phi=nan
NaN in beta_*: layer 9, bs_iter=38, k=6460, beta_mu=6.1556620917575575e+152, beta_phi=nan
NaN in beta_*: layer 9, bs_iter=38, k=6461, beta_mu=1.1496790300284975e+153, beta_phi=nan
NaN in beta_*: layer 9, bs_iter=38, k=6462, beta_mu=2.7822613361564914e+152, beta_phi=nan
NaN in beta_*: layer 9, bs_iter=38, k=6463, beta_mu=4.485933660657317e+152, beta_phi=nan
NaN in beta_*: layer 9, bs_iter=38, k=6464, beta_mu=6.140377827864649e+152, beta_phi=nan
NaN in beta_*: layer 9, bs_iter=38, k=6465, beta_mu=1.1336026179426418e+153, beta_phi=nan
NaN in beta_*: layer 9, bs_iter=38, k=6466, beta_mu=6.14037764872533e+152, beta_phi=nan
NaN in beta_*: layer 9, bs_iter=38, k=6467, beta_mu=4.485934255175363e+152, beta_phi=nan
NaN in beta_*: layer 9, bs_iter=38, k=6468, beta_mu=5.89753511468408e+152, beta_phi=nan
NaN in beta_*: layer 9, bs_iter=38, k=6469, beta_mu=5.1088133150781995e+152, beta_phi=nan
NaN in beta_*: layer 9, bs_iter=38, k=6470, beta_mu=5.087716690531406e+152, beta_phi=nan
NaN in beta_*: layer 9, bs_iter=38, k=6471, beta_mu=1.0098021041169655e+153, beta_phi=nan
NaN in beta_*: layer 9, bs_iter=38, k=6472, beta_mu=6.351249185609796e+152, beta_phi=nan
NaN in beta_*: layer 9, bs_iter=38, k=6473, beta_mu=4.485933815320835e+152, beta_phi=nan
NaN in beta_*: layer 9, bs_iter=38, k=6474, beta_mu=6.137954614447424e+152, beta_phi=nan
NaN in beta_*: layer 9, bs_iter=38, k=6476, beta_mu=4.485933651795891e+152, beta_phi=nan
NaN in beta_*: layer 9, bs_iter=38, k=6477, beta_mu=2.3106038597830727e+152, beta_phi=nan
NaN in beta_*: layer 9, bs_iter=38, k=6478, beta_mu=6.196244089665801e+152, beta_phi=nan
NaN in beta_*: layer 9, bs_iter=38, k=6479, beta_mu=6.236179527704547e+152, beta_phi=nan
NaN in beta_*: layer 9, bs_iter=38, k=6480, beta_mu=1.7306163732378532e+152, beta_phi=nan
NaN in beta_*: layer 9, bs_iter=38, k=6482, beta_mu=4.660380061045294e+152, beta_phi=nan
NaN in beta_*: layer 9, bs_iter=38, k=6483, beta_mu=2.5272731657112864e+152, beta_phi=nan
NaN in beta_*: layer 9, bs_iter=38, k=6484, beta_mu=2.276726583189825e+152, beta_phi=nan
NaN in beta_*: layer 9, bs_iter=38, k=6485, beta_mu=4.660380309136737e+152, beta_phi=nan
NaN in beta_*: layer 9, bs_iter=38, k=6486, beta_mu=5.979664558505267e+152, beta_phi=nan
NaN in beta_*: layer 9, bs_iter=38, k=6487, beta_mu=5.979665425297204e+152, beta_phi=nan
NaN in beta_*: layer 9, bs_iter=38, k=6488, beta_mu=3.985034041398476e+153, beta_phi=nan
NaN in beta_*: layer 9, bs_iter=38, k=6489, beta_mu=4.660379889116583e+152, beta_phi=nan
NaN in beta_*: layer 9, bs_iter=38, k=6490, beta_mu=2.527280199038179e+152, beta_phi=nan
NaN in beta_*: layer 9, bs_iter=38, k=6491, beta_mu=4.660380081774947e+152, beta_phi=nan
NaN in beta_*: layer 9, bs_iter=38, k=6492, beta_mu=1.159248662536391e+153, beta_phi=nan
NaN in beta_*: layer 9, bs_iter=38, k=6493, beta_mu=4.925596882510177e+152, beta_phi=nan
NaN in beta_*: layer 9, bs_iter=38, k=6494, beta_mu=5.038136752185827e+152, beta_phi=nan
NaN in beta_*: layer 9, bs_iter=38, k=6495, beta_mu=1.1626770171360644e+153, beta_phi=nan
NaN in beta_*: layer 9, bs_iter=38, k=6496, beta_mu=4.660379685362606e+152, beta_phi=nan
NaN in beta_*: layer 9, bs_iter=38, k=6497, beta_mu=1.1626771013025072e+153, beta_phi=nan
NaN in beta_*: layer 9, bs_iter=38, k=6498, beta_mu=6.127126612413958e+152, beta_phi=nan
NaN in beta_*: layer 9, bs_iter=38, k=6500, beta_mu=6.150169875641632e+152, beta_phi=nan
NaN in beta_*: layer 9, bs_iter=38, k=6501, beta_mu=6.150163028966168e+152, beta_phi=nan
NaN in beta_*: layer 9, bs_iter=38, k=6502, beta_mu=4.660379950145006e+152, beta_phi=nan
NaN in beta_*: layer 9, bs_iter=38, k=6503, beta_mu=2.519631095455513e+152, beta_phi=nan
NaN in beta_*: layer 9, bs_iter=38, k=6504, beta_mu=1.1613800132865394e+153, beta_phi=nan
NaN in beta_*: layer 9, bs_iter=38, k=6505, beta_mu=6.044575477597471e+152, beta_phi=nan
NaN in beta_*: layer 9, bs_iter=38, k=6506, beta_mu=6.141400244608679e+152, beta_phi=nan
NaN in beta_*: layer 9, bs_iter=38, k=6507, beta_mu=6.067449390727205e+152, beta_phi=nan
NaN in beta_*: layer 9, bs_iter=38, k=6508, beta_mu=6.067449793428867e+152, beta_phi=nan
NaN in beta_*: layer 9, bs_iter=38, k=6509, beta_mu=6.004263315586381e+152, beta_phi=nan
NaN in beta_*: layer 9, bs_iter=38, k=6510, beta_mu=4.7872827475538465e+152, beta_phi=nan
NaN in beta_*: layer 9, bs_iter=38, k=6511, beta_mu=6.077406488954667e+152, beta_phi=nan
NaN in beta_*: layer 9, bs_iter=38, k=6512, beta_mu=4.660380200241902e+152, beta_phi=nan
NaN in beta_*: layer 9, bs_iter=38, k=6513, beta_mu=1.152386466586305e+153, beta_phi=nan
NaN in beta_*: layer 9, bs_iter=38, k=6514, beta_mu=3.480734550348541e+153, beta_phi=nan
NaN in beta_*: layer 9, bs_iter=38, k=6515, beta_mu=4.660380115430331e+152, beta_phi=nan
NaN in beta_*: layer 9, bs_iter=38, k=6516, beta_mu=2.1643700160609233e+153, beta_phi=nan
NaN in beta_*: layer 9, bs_iter=38, k=6517, beta_mu=2.420991418334172e+152, beta_phi=nan
NaN in beta_*: layer 9, bs_iter=38, k=6518, beta_mu=1.1542001630598661e+153, beta_phi=nan
NaN in beta_*: layer 9, bs_iter=38, k=6519, beta_mu=6.067449394474909e+152, beta_phi=nan
NaN in beta_*: layer 9, bs_iter=38, k=6520, beta_mu=5.283515977151974e+152, beta_phi=nan
NaN in beta_*: layer 9, bs_iter=38, k=6521, beta_mu=4.714974115043139e+152, beta_phi=nan
NaN in beta_*: layer 9, bs_iter=38, k=6522, beta_mu=4.66037904017527e+152, beta_phi=nan
NaN in beta_*: layer 9, bs_iter=38, k=6523, beta_mu=4.660378841936523e+152, beta_phi=nan
NaN in beta_*: layer 9, bs_iter=38, k=6524, beta_mu=1.1523864586364879e+153, beta_phi=nan
NaN in beta_*: layer 9, bs_iter=38, k=6525, beta_mu=2.4249071007249984e+152, beta_phi=nan
NaN in beta_*: layer 9, bs_iter=38, k=6526, beta_mu=6.067449527911281e+152, beta_phi=nan
NaN in beta_*: layer 9, bs_iter=38, k=6527, beta_mu=4.879599139246193e+152, beta_phi=nan
NaN in beta_*: layer 9, bs_iter=38, k=6528, beta_mu=6.067449606483723e+152, beta_phi=nan
NaN in beta_*: layer 9, bs_iter=38, k=6530, beta_mu=2.2100455036394906e+153, beta_phi=nan
NaN in beta_*: layer 9, bs_iter=38, k=6531, beta_mu=1.0299001234162242e+153, beta_phi=nan
NaN in beta_*: layer 9, bs_iter=38, k=6532, beta_mu=6.067449803871262e+152, beta_phi=nan
NaN in beta_*: layer 9, bs_iter=38, k=6533, beta_mu=4.863451091798959e+152, beta_phi=nan
NaN in beta_*: layer 9, bs_iter=38, k=6534, beta_mu=4.660380126050475e+152, beta_phi=nan
NaN in beta_*: layer 9, bs_iter=38, k=6535, beta_mu=2.4870393546671436e+152, beta_phi=nan
NaN in beta_*: layer 9, bs_iter=38, k=6536, beta_mu=3.403853693917293e+153, beta_phi=nan
NaN in beta_*: layer 9, bs_iter=38, k=6538, beta_mu=1.2242533888578065e+152, beta_phi=nan
NaN in beta_*: layer 9, bs_iter=38, k=6539, beta_mu=4.436824575645732e+152, beta_phi=nan
NaN in beta_*: layer 9, bs_iter=38, k=6540, beta_mu=4.436824241493012e+152, beta_phi=nan
NaN in beta_*: layer 9, bs_iter=38, k=6541, beta_mu=1.1803627796916568e+153, beta_phi=nan
NaN in beta_*: layer 9, bs_iter=38, k=6542, beta_mu=2.564062356376081e+152, beta_phi=nan
NaN in beta_*: layer 9, bs_iter=38, k=6543, beta_mu=4.819045018119874e+152, beta_phi=nan
NaN in beta_*: layer 9, bs_iter=38, k=6544, beta_mu=6.659372775186832e+152, beta_phi=nan
NaN in beta_*: layer 9, bs_iter=38, k=6545, beta_mu=1.2838440066368268e+154, beta_phi=nan
NaN in beta_*: layer 9, bs_iter=38, k=6547, beta_mu=9.844159916272264e+152, beta_phi=nan
NaN in beta_*: layer 9, bs_iter=38, k=6548, beta_mu=1.1835650096939222e+153, beta_phi=nan
NaN in beta_*: layer 9, bs_iter=38, k=6550, beta_mu=6.28822510037758e+152, beta_phi=nan
NaN in beta_*: layer 9, bs_iter=38, k=6551, beta_mu=2.47878963956169e+152, beta_phi=nan
NaN in beta_*: layer 9, bs_iter=38, k=6552, beta_mu=6.113036127510408e+152, beta_phi=nan
NaN in beta_*: layer 9, bs_iter=38, k=6553, beta_mu=2.643033652345354e+152, beta_phi=nan
NaN in beta_*: layer 9, bs_iter=38, k=6554, beta_mu=2.5131602900563546e+152, beta_phi=nan
NaN in beta_*: layer 9, bs_iter=38, k=6555, beta_mu=4.660380229902759e+152, beta_phi=nan
NaN in beta_*: layer 9, bs_iter=38, k=6556, beta_mu=4.904795556475736e+152, beta_phi=nan
NaN in beta_*: layer 9, bs_iter=38, k=6557, beta_mu=1.1622838811030044e+153, beta_phi=nan
NaN in beta_*: layer 9, bs_iter=38, k=6558, beta_mu=1.23831223807445e+153, beta_phi=nan
NaN in beta_*: layer 9, bs_iter=38, k=6559, beta_mu=1.2420797803998035e+153, beta_phi=nan
NaN in beta_*: layer 9, bs_iter=38, k=6560, beta_mu=1.0378703831432423e+153, beta_phi=nan
NaN in beta_*: layer 9, bs_iter=38, k=6561, beta_mu=7.158180991768917e+152, beta_phi=nan
NaN in beta_*: layer 9, bs_iter=38, k=6563, beta_mu=1.5676340486419348e+153, beta_phi=nan
NaN in beta_*: layer 9, bs_iter=38, k=6564, beta_mu=1.5676612839681727e+153, beta_phi=nan
NaN in beta_*: layer 9, bs_iter=38, k=6565, beta_mu=1.5623764722342988e+153, beta_phi=nan
NaN in beta_*: layer 9, bs_iter=38, k=6566, beta_mu=7.105643717466492e+152, beta_phi=nan
NaN in beta_*: layer 9, bs_iter=38, k=6567, beta_mu=1.017677960804992e+153, beta_phi=nan
NaN in beta_*: layer 9, bs_iter=38, k=6568, beta_mu=1.554490339429301e+153, beta_phi=nan
NaN in beta_*: layer 9, bs_iter=38, k=6569, beta_mu=1.554491030323774e+153, beta_phi=nan
NaN in beta_*: layer 9, bs_iter=38, k=6570, beta_mu=7.10564425994821e+152, beta_phi=nan
NaN in beta_*: layer 9, bs_iter=38, k=6571, beta_mu=2.50168881802679e+153, beta_phi=nan
NaN in beta_*: layer 9, bs_iter=38, k=6572, beta_mu=1.5461919667471583e+153, beta_phi=nan
NaN in beta_*: layer 9, bs_iter=38, k=6573, beta_mu=1.5461919976576106e+153, beta_phi=nan
NaN in beta_*: layer 9, bs_iter=38, k=6574, beta_mu=4.1882804853295454e+152, beta_phi=nan
NaN in beta_*: layer 9, bs_iter=38, k=6575, beta_mu=7.105636269675105e+152, beta_phi=nan
NaN in beta_*: layer 9, bs_iter=38, k=6576, beta_mu=1.5461916897609239e+153, beta_phi=nan
NaN in beta_*: layer 9, bs_iter=38, k=6577, beta_mu=1.537818617082911e+153, beta_phi=nan
NaN in beta_*: layer 9, bs_iter=38, k=6578, beta_mu=1.817708575797864e+153, beta_phi=nan
NaN in beta_*: layer 9, bs_iter=38, k=6579, beta_mu=9.495842334923823e+152, beta_phi=nan
NaN in beta_*: layer 9, bs_iter=38, k=6580, beta_mu=2.9773588228484233e+153, beta_phi=nan
NaN in beta_*: layer 9, bs_iter=38, k=6581, beta_mu=4.855174622304779e+153, beta_phi=nan
NaN in beta_*: layer 9, bs_iter=38, k=6582, beta_mu=1.809039854907892e+153, beta_phi=nan
NaN in beta_*: layer 9, bs_iter=38, k=6583, beta_mu=1.808971947403816e+153, beta_phi=nan
NaN in beta_*: layer 9, bs_iter=38, k=6584, beta_mu=2.9675260344777254e+153, beta_phi=nan
NaN in beta_*: layer 9, bs_iter=38, k=6585, beta_mu=1.801072800007562e+153, beta_phi=nan
NaN in beta_*: layer 9, bs_iter=38, k=6586, beta_mu=9.840686779774094e+152, beta_phi=nan
NaN in beta_*: layer 9, bs_iter=38, k=6587, beta_mu=8.271626438212626e+152, beta_phi=nan
NaN in beta_*: layer 9, bs_iter=38, k=6588, beta_mu=2.9731592584805014e+153, beta_phi=nan
NaN in beta_*: layer 9, bs_iter=38, k=6589, beta_mu=1.553592847500127e+153, beta_phi=nan
NaN in beta_*: layer 9, bs_iter=38, k=6590, beta_mu=8.271622187677108e+152, beta_phi=nan
NaN in beta_*: layer 9, bs_iter=38, k=6591, beta_mu=1.023459089008597e+153, beta_phi=nan
NaN in beta_*: layer 9, bs_iter=38, k=6593, beta_mu=1.2411052907363037e+153, beta_phi=nan
NaN in beta_*: layer 9, bs_iter=38, k=6595, beta_mu=8.281207057085274e+152, beta_phi=nan
NaN in beta_*: layer 9, bs_iter=38, k=6596, beta_mu=8.281224687067117e+152, beta_phi=nan
NaN in beta_*: layer 9, bs_iter=38, k=6598, beta_mu=6.298750554836408e+153, beta_phi=nan
NaN in beta_*: layer 9, bs_iter=38, k=6599, beta_mu=1.2411075389674384e+153, beta_phi=nan
NaN in beta_*: layer 9, bs_iter=38, k=6601, beta_mu=2.0864713708498685e+153, beta_phi=nan
NaN in beta_*: layer 9, bs_iter=38, k=6602, beta_mu=3.8792245500144985e+152, beta_phi=nan
NaN in beta_*: layer 9, bs_iter=38, k=6603, beta_mu=4.514915303408557e+152, beta_phi=nan
NaN in beta_*: layer 9, bs_iter=38, k=6604, beta_mu=1.7640784472884264e+153, beta_phi=nan
NaN in beta_*: layer 9, bs_iter=38, k=6605, beta_mu=3.9790473789544285e+152, beta_phi=nan
NaN in beta_*: layer 9, bs_iter=38, k=6606, beta_mu=3.979031848822926e+152, beta_phi=nan
NaN in beta_*: layer 9, bs_iter=38, k=6607, beta_mu=3.496023705400764e+153, beta_phi=nan
NaN in beta_*: layer 9, bs_iter=38, k=6608, beta_mu=3.9475385493903637e+152, beta_phi=nan
NaN in beta_*: layer 9, bs_iter=38, k=6609, beta_mu=3.878291467398442e+152, beta_phi=nan
NaN in beta_*: layer 9, bs_iter=38, k=6610, beta_mu=3.935239829853591e+152, beta_phi=nan
NaN in beta_*: layer 9, bs_iter=38, k=6611, beta_mu=8.058726791424151e+153, beta_phi=nan
NaN in beta_*: layer 9, bs_iter=38, k=6612, beta_mu=4.526956942029979e+152, beta_phi=nan
NaN in beta_*: layer 9, bs_iter=38, k=6613, beta_mu=1.0301846450854667e+154, beta_phi=nan
NaN in beta_*: layer 9, bs_iter=38, k=6614, beta_mu=8.117348915294105e+153, beta_phi=nan
NaN in beta_*: layer 9, bs_iter=38, k=6619, beta_mu=1.3444348798372012e+154, beta_phi=nan
NaN in beta_*: layer 9, bs_iter=38, k=6620, beta_mu=1.7028581521392625e+154, beta_phi=nan
NaN in beta_*: layer 9, bs_iter=38, k=6622, beta_mu=2.6515569786912173e+153, beta_phi=nan
NaN in beta_*: layer 9, bs_iter=38, k=6623, beta_mu=7.93530044892042e+152, beta_phi=nan
NaN in beta_*: layer 9, bs_iter=38, k=6624, beta_mu=6.061805226151896e+153, beta_phi=nan
NaN in beta_*: layer 9, bs_iter=38, k=6625, beta_mu=5.149398140865713e+152, beta_phi=nan
NaN in beta_*: layer 9, bs_iter=38, k=6626, beta_mu=4.389012685438447e+153, beta_phi=nan
NaN in beta_*: layer 9, bs_iter=38, k=6627, beta_mu=9.369515256461233e+153, beta_phi=nan
NaN in beta_*: layer 9, bs_iter=38, k=6628, beta_mu=1.116485746848571e+154, beta_phi=nan
NaN in beta_*: layer 9, bs_iter=38, k=6629, beta_mu=1.7384795165430397e+153, beta_phi=nan
NaN in beta_*: layer 9, bs_iter=38, k=6630, beta_mu=2.418330306285636e+153, beta_phi=nan
NaN in beta_*: layer 9, bs_iter=38, k=6631, beta_mu=2.0322643555234952e+154, beta_phi=nan
NaN in beta_*: layer 9, bs_iter=38, k=6632, beta_mu=1.651999698281558e+153, beta_phi=nan
NaN in beta_*: layer 9, bs_iter=38, k=6633, beta_mu=1.755540915420532e+153, beta_phi=nan
NaN in beta_*: layer 9, bs_iter=38, k=6634, beta_mu=9.571728130353777e+152, beta_phi=nan
NaN in beta_*: layer 9, bs_iter=38, k=6635, beta_mu=2.019604593191449e+154, beta_phi=nan
NaN in beta_*: layer 9, bs_iter=38, k=6636, beta_mu=8.653191650877894e+153, beta_phi=nan
NaN in beta_*: layer 9, bs_iter=38, k=6637, beta_mu=1.3064432347770683e+152, beta_phi=nan
NaN in beta_*: layer 9, bs_iter=38, k=6638, beta_mu=1.6610149283642497e+153, beta_phi=nan
NaN in beta_*: layer 9, bs_iter=38, k=6639, beta_mu=1.653005525993001e+153, beta_phi=nan
NaN in beta_*: layer 9, bs_iter=38, k=6640, beta_mu=8.664598594846588e+152, beta_phi=nan
NaN in beta_*: layer 9, bs_iter=38, k=6641, beta_mu=8.6799409840222e+152, beta_phi=nan
NaN in beta_*: layer 9, bs_iter=38, k=6642, beta_mu=4.693524806172163e+152, beta_phi=nan
NaN in beta_*: layer 9, bs_iter=38, k=6643, beta_mu=3.061318113428506e+154, beta_phi=nan
NaN in beta_*: layer 9, bs_iter=38, k=6645, beta_mu=2.0820849142837516e+153, beta_phi=nan
NaN in beta_*: layer 9, bs_iter=38, k=6646, beta_mu=4.744196864974042e+153, beta_phi=nan
NaN in beta_*: layer 9, bs_iter=38, k=6647, beta_mu=1.1003630750786026e+154, beta_phi=nan
NaN in beta_*: layer 9, bs_iter=38, k=6648, beta_mu=1.5838447386885684e+153, beta_phi=nan
NaN in beta_*: layer 9, bs_iter=38, k=6651, beta_mu=2.454343831064501e+152, beta_phi=nan
NaN in beta_*: layer 9, bs_iter=38, k=6652, beta_mu=1.1228348788891708e+154, beta_phi=nan
NaN in beta_*: layer 9, bs_iter=38, k=6653, beta_mu=2.8683887004738347e+153, beta_phi=nan
NaN in beta_*: layer 9, bs_iter=38, k=6654, beta_mu=1.5939361812587941e+153, beta_phi=nan
NaN in beta_*: layer 9, bs_iter=38, k=6655, beta_mu=1.0710681470668501e+154, beta_phi=nan
NaN in beta_*: layer 9, bs_iter=38, k=6656, beta_mu=1.0186642070364581e+154, beta_phi=nan
NaN in beta_*: layer 9, bs_iter=38, k=6657, beta_mu=2.4159010929050477e+153, beta_phi=nan
NaN in beta_*: layer 9, bs_iter=38, k=6658, beta_mu=3.99648657318317e+153, beta_phi=nan
NaN in beta_*: layer 9, bs_iter=38, k=6659, beta_mu=1.431655011240367e+153, beta_phi=nan
NaN in beta_*: layer 9, bs_iter=38, k=6660, beta_mu=1.4021646091210347e+153, beta_phi=nan
NaN in beta_*: layer 9, bs_iter=38, k=6661, beta_mu=7.954935699469997e+152, beta_phi=nan
NaN in beta_*: layer 9, bs_iter=38, k=6663, beta_mu=3.680678349263307e+154, beta_phi=nan
NaN in beta_*: layer 9, bs_iter=38, k=6664, beta_mu=5.201249168513757e+154, beta_phi=nan
NaN in beta_*: layer 9, bs_iter=38, k=6665, beta_mu=6.780100069395522e+153, beta_phi=nan
NaN in beta_*: layer 9, bs_iter=38, k=6666, beta_mu=9.361841389621273e+152, beta_phi=nan
NaN in beta_*: layer 9, bs_iter=38, k=6667, beta_mu=5.721574718793997e+153, beta_phi=nan
NaN in beta_*: layer 9, bs_iter=38, k=6668, beta_mu=8.5854194004409e+153, beta_phi=nan
NaN in beta_*: layer 9, bs_iter=38, k=6669, beta_mu=6.731659706080096e+154, beta_phi=nan
NaN in beta_*: layer 9, bs_iter=38, k=6670, beta_mu=3.2143631240630173e+152, beta_phi=nan
NaN in beta_*: layer 9, bs_iter=38, k=6672, beta_mu=5.499994668757749e+154, beta_phi=nan
NaN in beta_*: layer 9, bs_iter=38, k=6673, beta_mu=8.479110434061177e+153, beta_phi=nan
NaN in beta_*: layer 9, bs_iter=38, k=6674, beta_mu=1.0932297997856518e+154, beta_phi=nan
NaN in beta_*: layer 9, bs_iter=38, k=6675, beta_mu=8.707225916152873e+152, beta_phi=nan
NaN in beta_*: layer 9, bs_iter=38, k=6678, beta_mu=4.6096289443727223e+154, beta_phi=nan
NaN in beta_*: layer 9, bs_iter=38, k=6679, beta_mu=1.6478412173189592e+152, beta_phi=nan
NaN in beta_*: layer 9, bs_iter=38, k=6680, beta_mu=4.620062077871936e+154, beta_phi=nan
NaN in beta_*: layer 9, bs_iter=38, k=6681, beta_mu=3.2841315032202035e+153, beta_phi=nan
NaN in beta_*: layer 9, bs_iter=38, k=6682, beta_mu=1.9606549674962555e+154, beta_phi=nan
NaN in beta_*: layer 9, bs_iter=38, k=6683, beta_mu=2.2291195229446655e+153, beta_phi=nan
NaN in beta_*: layer 9, bs_iter=38, k=6684, beta_mu=1.1022353553997886e+153, beta_phi=nan
NaN in beta_*: layer 9, bs_iter=38, k=6685, beta_mu=7.242799615733812e+152, beta_phi=nan
NaN in beta_*: layer 9, bs_iter=38, k=6686, beta_mu=3.999055607080931e+153, beta_phi=nan
NaN in beta_*: layer 9, bs_iter=38, k=6687, beta_mu=3.44325946716171e+153, beta_phi=nan
NaN in beta_*: layer 9, bs_iter=38, k=6688, beta_mu=1.241008084002601e+153, beta_phi=nan
NaN in beta_*: layer 9, bs_iter=38, k=6689, beta_mu=1.443317804581545e+153, beta_phi=nan
NaN in beta_*: layer 9, bs_iter=38, k=6690, beta_mu=1.6157358575558298e+154, beta_phi=nan
NaN in beta_*: layer 9, bs_iter=38, k=6691, beta_mu=1.6310403372174642e+154, beta_phi=nan
NaN in beta_*: layer 9, bs_iter=38, k=6692, beta_mu=9.55949838302612e+152, beta_phi=nan
NaN in beta_*: layer 9, bs_iter=38, k=6693, beta_mu=2.8914639011364933e+153, beta_phi=nan
NaN in beta_*: layer 9, bs_iter=38, k=6694, beta_mu=2.943734011551282e+153, beta_phi=nan
NaN in beta_*: layer 9, bs_iter=38, k=6696, beta_mu=1.0341149002946035e+153, beta_phi=nan
NaN in beta_*: layer 9, bs_iter=38, k=6697, beta_mu=1.0341142694809842e+153, beta_phi=nan
NaN in beta_*: layer 9, bs_iter=38, k=6698, beta_mu=1.1172360256451683e+152, beta_phi=nan
NaN in beta_*: layer 9, bs_iter=38, k=6699, beta_mu=3.1826866080023637e+153, beta_phi=nan
NaN in beta_*: layer 9, bs_iter=38, k=6700, beta_mu=3.1724935552416004e+153, beta_phi=nan
NaN in beta_*: layer 9, bs_iter=38, k=6701, beta_mu=9.559525693397212e+152, beta_phi=nan
NaN in beta_*: layer 9, bs_iter=38, k=6702, beta_mu=6.277420217148572e+152, beta_phi=nan
NaN in beta_*: layer 9, bs_iter=38, k=6703, beta_mu=1.343509737992644e+154, beta_phi=nan
NaN in beta_*: layer 9, bs_iter=38, k=6704, beta_mu=1.4317344320333283e+154, beta_phi=nan
NaN in beta_*: layer 9, bs_iter=38, k=6705, beta_mu=1.3243974286528933e+154, beta_phi=nan
NaN in beta_*: layer 9, bs_iter=38, k=6706, beta_mu=8.379597252502249e+154, beta_phi=nan
NaN in beta_*: layer 9, bs_iter=38, k=6707, beta_mu=3.966325955327541e+152, beta_phi=nan
NaN in beta_*: layer 9, bs_iter=38, k=6708, beta_mu=5.34386138787876e+155, beta_phi=nan
NaN in beta_*: layer 9, bs_iter=38, k=6709, beta_mu=5.357283969676864e+155, beta_phi=nan
NaN in beta_*: layer 9, bs_iter=38, k=6710, beta_mu=5.368117897868833e+155, beta_phi=nan
NaN in beta_*: layer 9, bs_iter=38, k=6711, beta_mu=4.006026728173551e+155, beta_phi=nan
NaN in beta_*: layer 9, bs_iter=38, k=6712, beta_mu=5.368118964355375e+155, beta_phi=nan
NaN in beta_*: layer 9, bs_iter=38, k=6713, beta_mu=1.5498343429478e+154, beta_phi=nan
NaN in beta_*: layer 9, bs_iter=38, k=6714, beta_mu=5.365504434291688e+155, beta_phi=nan
NaN in beta_*: layer 9, bs_iter=38, k=6715, beta_mu=5.368115263702072e+155, beta_phi=nan
NaN in beta_*: layer 9, bs_iter=38, k=6716, beta_mu=1.5492544239554692e+154, beta_phi=nan
NaN in beta_*: layer 9, bs_iter=38, k=6717, beta_mu=2.860906907722027e+155, beta_phi=nan
NaN in beta_*: layer 9, bs_iter=38, k=6718, beta_mu=2.861287990249106e+155, beta_phi=nan
NaN in beta_*: layer 9, bs_iter=38, k=6719, beta_mu=1.1244432081846078e+153, beta_phi=nan
NaN in beta_*: layer 9, bs_iter=38, k=6720, beta_mu=1.550978703852403e+154, beta_phi=nan
NaN in beta_*: layer 9, bs_iter=38, k=6721, beta_mu=9.755188920176871e+153, beta_phi=nan
NaN in beta_*: layer 9, bs_iter=38, k=6722, beta_mu=5.377027369078006e+155, beta_phi=nan
NaN in beta_*: layer 9, bs_iter=38, k=6723, beta_mu=1.5492580197920225e+154, beta_phi=nan
NaN in beta_*: layer 9, bs_iter=38, k=6724, beta_mu=1.551599516330152e+154, beta_phi=nan
NaN in beta_*: layer 9, bs_iter=38, k=6725, beta_mu=1.3287862206822803e+154, beta_phi=nan
NaN in beta_*: layer 9, bs_iter=38, k=6726, beta_mu=1.5492803766970477e+154, beta_phi=nan
NaN in beta_*: layer 9, bs_iter=38, k=6727, beta_mu=1.5518461657824508e+154, beta_phi=nan
NaN in beta_*: layer 9, bs_iter=38, k=6729, beta_mu=1.552179279206313e+154, beta_phi=nan
NaN in beta_*: layer 9, bs_iter=38, k=6730, beta_mu=5.380223472995243e+155, beta_phi=nan
NaN in beta_*: layer 9, bs_iter=38, k=6731, beta_mu=1.5492773745807355e+154, beta_phi=nan
NaN in beta_*: layer 9, bs_iter=38, k=6732, beta_mu=4.000677023140173e+155, beta_phi=nan
NaN in beta_*: layer 9, bs_iter=38, k=6733, beta_mu=4.0021976902687377e+155, beta_phi=nan
NaN in beta_*: layer 9, bs_iter=38, k=6735, beta_mu=1.5413101660102205e+155, beta_phi=nan
NaN in beta_*: layer 9, bs_iter=38, k=6736, beta_mu=1.5384293534666545e+155, beta_phi=nan
NaN in beta_*: layer 9, bs_iter=38, k=6737, beta_mu=1.5408614743966365e+155, beta_phi=nan
NaN in beta_*: layer 9, bs_iter=38, k=6738, beta_mu=1.1403702136048027e+153, beta_phi=nan
NaN in beta_*: layer 9, bs_iter=38, k=6739, beta_mu=2.954076450125886e+155, beta_phi=nan
NaN in beta_*: layer 9, bs_iter=38, k=6740, beta_mu=5.601568414034421e+152, beta_phi=nan
NaN in beta_*: layer 9, bs_iter=38, k=6741, beta_mu=1.2568746542200089e+154, beta_phi=nan
NaN in beta_*: layer 9, bs_iter=38, k=6742, beta_mu=1.9607887488665263e+155, beta_phi=nan
NaN in beta_*: layer 9, bs_iter=38, k=6743, beta_mu=2.923042758115889e+154, beta_phi=nan
NaN in beta_*: layer 9, bs_iter=38, k=6744, beta_mu=1.2536365025999755e+154, beta_phi=nan
NaN in beta_*: layer 9, bs_iter=38, k=6745, beta_mu=3.680251333849693e+154, beta_phi=nan
NaN in beta_*: layer 9, bs_iter=38, k=6746, beta_mu=4.363973108978723e+155, beta_phi=nan
NaN in beta_*: layer 9, bs_iter=38, k=6747, beta_mu=1.282055010680849e+154, beta_phi=nan
NaN in beta_*: layer 9, bs_iter=38, k=6748, beta_mu=2.60767979119504e+154, beta_phi=nan
NaN in beta_*: layer 9, bs_iter=38, k=6749, beta_mu=1.2124792496332545e+154, beta_phi=nan
NaN in beta_*: layer 9, bs_iter=38, k=6750, beta_mu=1.1589713818089906e+155, beta_phi=nan
NaN in beta_*: layer 9, bs_iter=38, k=6751, beta_mu=1.963763212692955e+155, beta_phi=nan
NaN in beta_*: layer 9, bs_iter=38, k=6752, beta_mu=1.1591951830082792e+155, beta_phi=nan
NaN in beta_*: layer 9, bs_iter=38, k=6753, beta_mu=3.781729201716459e+155, beta_phi=nan
NaN in beta_*: layer 9, bs_iter=38, k=6754, beta_mu=1.9561349620074573e+155, beta_phi=nan
NaN in beta_*: layer 9, bs_iter=38, k=6755, beta_mu=1.8100692710299448e+155, beta_phi=nan
NaN in beta_*: layer 9, bs_iter=38, k=6756, beta_mu=1.8808706150086528e+155, beta_phi=nan
NaN in beta_*: layer 9, bs_iter=38, k=6757, beta_mu=2.5935136369842344e+152, beta_phi=nan
NaN in beta_*: layer 9, bs_iter=38, k=6758, beta_mu=1.753274488807142e+153, beta_phi=nan
NaN in beta_*: layer 9, bs_iter=38, k=6759, beta_mu=7.115029436833803e+152, beta_phi=nan
NaN in beta_*: layer 9, bs_iter=38, k=6762, beta_mu=3.134221727996318e+152, beta_phi=nan
NaN in beta_*: layer 9, bs_iter=38, k=6763, beta_mu=3.4278228941909195e+152, beta_phi=nan
NaN in beta_*: layer 9, bs_iter=38, k=6764, beta_mu=2.95668413620852e+154, beta_phi=nan
NaN in beta_*: layer 9, bs_iter=38, k=6765, beta_mu=1.621233784216535e+154, beta_phi=nan
NaN in beta_*: layer 9, bs_iter=38, k=6766, beta_mu=8.520962566229334e+153, beta_phi=nan
NaN in beta_*: layer 9, bs_iter=38, k=6767, beta_mu=3.2977065372613225e+154, beta_phi=nan
NaN in beta_*: layer 9, bs_iter=38, k=6768, beta_mu=1.1636371218195042e+154, beta_phi=nan
NaN in beta_*: layer 9, bs_iter=38, k=6769, beta_mu=2.0917564092660324e+154, beta_phi=nan
NaN in beta_*: layer 9, bs_iter=38, k=6770, beta_mu=7.632333516753114e+153, beta_phi=nan
NaN in beta_*: layer 9, bs_iter=38, k=6771, beta_mu=1.564004690505335e+153, beta_phi=nan
NaN in beta_*: layer 9, bs_iter=38, k=6772, beta_mu=1.0999911057711359e+154, beta_phi=nan
NaN in beta_*: layer 9, bs_iter=38, k=6773, beta_mu=2.813577112720349e+154, beta_phi=nan
NaN in beta_*: layer 9, bs_iter=38, k=6774, beta_mu=3.3182679731615044e+154, beta_phi=nan
NaN in beta_*: layer 9, bs_iter=38, k=6776, beta_mu=1.1164870331025195e+154, beta_phi=nan
NaN in beta_*: layer 9, bs_iter=38, k=6777, beta_mu=1.1121819468039935e+154, beta_phi=nan
NaN in beta_*: layer 9, bs_iter=38, k=6778, beta_mu=6.887897112008094e+152, beta_phi=nan
NaN in beta_*: layer 9, bs_iter=38, k=6779, beta_mu=1.604859180537058e+154, beta_phi=nan
NaN in beta_*: layer 9, bs_iter=38, k=6780, beta_mu=1.1745223013218878e+154, beta_phi=nan
NaN in beta_*: layer 9, bs_iter=38, k=6781, beta_mu=8.684578637200935e+152, beta_phi=nan
NaN in beta_*: layer 9, bs_iter=38, k=6782, beta_mu=3.9737092643198755e+153, beta_phi=nan
NaN in beta_*: layer 9, bs_iter=38, k=6783, beta_mu=1.1110947389473364e+154, beta_phi=nan
NaN in beta_*: layer 9, bs_iter=38, k=6784, beta_mu=6.529505860656799e+152, beta_phi=nan
NaN in beta_*: layer 9, bs_iter=38, k=6786, beta_mu=1.601628578932354e+154, beta_phi=nan
NaN in beta_*: layer 9, bs_iter=38, k=6787, beta_mu=1.6159223102636818e+154, beta_phi=nan
NaN in beta_*: layer 9, bs_iter=38, k=6788, beta_mu=7.85265807129973e+153, beta_phi=nan
NaN in beta_*: layer 9, bs_iter=38, k=6789, beta_mu=3.254381782050372e+154, beta_phi=nan
NaN in beta_*: layer 9, bs_iter=38, k=6791, beta_mu=9.690524807275454e+151, beta_phi=nan
NaN in beta_*: layer 9, bs_iter=38, k=6792, beta_mu=2.924810183147281e+154, beta_phi=nan
NaN in beta_*: layer 9, bs_iter=38, k=6794, beta_mu=3.267662919437953e+154, beta_phi=nan
NaN in beta_*: layer 9, bs_iter=38, k=6795, beta_mu=1.0284084781301649e+152, beta_phi=nan
NaN in beta_*: layer 9, bs_iter=38, k=6796, beta_mu=2.924810355631762e+154, beta_phi=nan
NaN in beta_*: layer 9, bs_iter=38, k=6797, beta_mu=1.1081936703760716e+154, beta_phi=nan
NaN in beta_*: layer 9, bs_iter=38, k=6798, beta_mu=1.1092540426397456e+154, beta_phi=nan
NaN in beta_*: layer 9, bs_iter=38, k=6799, beta_mu=9.972404997088671e+151, beta_phi=nan
NaN in beta_*: layer 9, bs_iter=38, k=6801, beta_mu=1.107671695812492e+154, beta_phi=nan
NaN in beta_*: layer 9, bs_iter=38, k=6802, beta_mu=1.1082852246933498e+154, beta_phi=nan
NaN in beta_*: layer 9, bs_iter=38, k=6803, beta_mu=2.3660972268009455e+152, beta_phi=nan
NaN in beta_*: layer 9, bs_iter=38, k=6805, beta_mu=1.1029730594126553e+154, beta_phi=nan
NaN in beta_*: layer 9, bs_iter=38, k=6806, beta_mu=3.27334156165372e+154, beta_phi=nan
NaN in beta_*: layer 9, bs_iter=38, k=6807, beta_mu=1.1668758526525805e+154, beta_phi=nan
NaN in beta_*: layer 9, bs_iter=38, k=6808, beta_mu=1.6028252334257217e+154, beta_phi=nan
NaN in beta_*: layer 9, bs_iter=38, k=6809, beta_mu=1.1084661908462163e+154, beta_phi=nan
NaN in beta_*: layer 9, bs_iter=38, k=6811, beta_mu=1.1081397984768e+154, beta_phi=nan
NaN in beta_*: layer 9, bs_iter=38, k=6812, beta_mu=3.282196530540876e+154, beta_phi=nan
NaN in beta_*: layer 9, bs_iter=38, k=6813, beta_mu=1.1081398752223178e+154, beta_phi=nan
NaN in beta_*: layer 9, bs_iter=38, k=6814, beta_mu=7.841448000908753e+153, beta_phi=nan
NaN in beta_*: layer 9, bs_iter=38, k=6815, beta_mu=1.108586413266221e+154, beta_phi=nan
NaN in beta_*: layer 9, bs_iter=38, k=6816, beta_mu=3.7256894320108686e+154, beta_phi=nan
NaN in beta_*: layer 9, bs_iter=38, k=6817, beta_mu=1.6063654257373443e+154, beta_phi=nan
NaN in beta_*: layer 9, bs_iter=38, k=6818, beta_mu=1.0349045080811456e+152, beta_phi=nan
NaN in beta_*: layer 9, bs_iter=38, k=6819, beta_mu=1.1071764843150579e+154, beta_phi=nan
NaN in beta_*: layer 9, bs_iter=38, k=6820, beta_mu=1.1090544075316835e+154, beta_phi=nan
NaN in beta_*: layer 9, bs_iter=38, k=6821, beta_mu=1.111982386908141e+154, beta_phi=nan
NaN in beta_*: layer 9, bs_iter=38, k=6822, beta_mu=3.2742204402236456e+154, beta_phi=nan
NaN in beta_*: layer 9, bs_iter=38, k=6823, beta_mu=7.815334307117189e+153, beta_phi=nan
NaN in beta_*: layer 9, bs_iter=38, k=6824, beta_mu=3.271953087199274e+154, beta_phi=nan
NaN in beta_*: layer 9, bs_iter=38, k=6825, beta_mu=7.754962118591723e+153, beta_phi=nan
NaN in beta_*: layer 9, bs_iter=38, k=6826, beta_mu=1.1066162836095848e+154, beta_phi=nan
NaN in beta_*: layer 9, bs_iter=38, k=6827, beta_mu=1.686267601083949e+153, beta_phi=nan
NaN in beta_*: layer 9, bs_iter=38, k=6828, beta_mu=1.1074660115476754e+154, beta_phi=nan
NaN in beta_*: layer 9, bs_iter=38, k=6829, beta_mu=3.280560622219538e+154, beta_phi=nan
NaN in beta_*: layer 9, bs_iter=38, k=6830, beta_mu=1.623611185031021e+154, beta_phi=nan
NaN in beta_*: layer 9, bs_iter=38, k=6831, beta_mu=2.811526240101216e+154, beta_phi=nan
NaN in beta_*: layer 9, bs_iter=38, k=6832, beta_mu=2.9228610329843325e+154, beta_phi=nan
NaN in beta_*: layer 9, bs_iter=38, k=6833, beta_mu=4.154850928685702e+153, beta_phi=nan
NaN in beta_*: layer 9, bs_iter=38, k=6834, beta_mu=1.6288580621617565e+154, beta_phi=nan
NaN in beta_*: layer 9, bs_iter=38, k=6835, beta_mu=1.1103296327486277e+154, beta_phi=nan
NaN in beta_*: layer 9, bs_iter=38, k=6836, beta_mu=1.1101521292898978e+154, beta_phi=nan
NaN in beta_*: layer 9, bs_iter=38, k=6838, beta_mu=2.1489378254022885e+153, beta_phi=nan
NaN in beta_*: layer 9, bs_iter=38, k=6839, beta_mu=2.9219512102090445e+154, beta_phi=nan
NaN in beta_*: layer 9, bs_iter=38, k=6840, beta_mu=1.108714707088944e+154, beta_phi=nan
NaN in beta_*: layer 9, bs_iter=38, k=6841, beta_mu=9.522613625800458e+151, beta_phi=nan
NaN in beta_*: layer 9, bs_iter=38, k=6842, beta_mu=1.1049366629953505e+154, beta_phi=nan
NaN in beta_*: layer 9, bs_iter=38, k=6843, beta_mu=8.925200974782538e+153, beta_phi=nan
NaN in beta_*: layer 9, bs_iter=38, k=6844, beta_mu=3.341088126210114e+154, beta_phi=nan
NaN in beta_*: layer 9, bs_iter=38, k=6846, beta_mu=8.925184729557928e+153, beta_phi=nan
NaN in beta_*: layer 9, bs_iter=38, k=6847, beta_mu=1.3196871206250947e+153, beta_phi=nan
NaN in beta_*: layer 9, bs_iter=38, k=6848, beta_mu=4.1682598349065634e+153, beta_phi=nan
NaN in beta_*: layer 9, bs_iter=38, k=6849, beta_mu=3.253416311436642e+154, beta_phi=nan
NaN in beta_*: layer 9, bs_iter=38, k=6850, beta_mu=2.922626166558035e+154, beta_phi=nan
NaN in beta_*: layer 9, bs_iter=38, k=6851, beta_mu=9.740001040554643e+151, beta_phi=nan
NaN in beta_*: layer 9, bs_iter=38, k=6852, beta_mu=1.4666075410597047e+154, beta_phi=nan
NaN in beta_*: layer 9, bs_iter=38, k=6853, beta_mu=5.614720383023824e+153, beta_phi=nan
NaN in beta_*: layer 9, bs_iter=38, k=6854, beta_mu=1.076998096183969e+152, beta_phi=nan
NaN in beta_*: layer 9, bs_iter=38, k=6855, beta_mu=3.232083326357681e+154, beta_phi=nan
NaN in beta_*: layer 9, bs_iter=38, k=6856, beta_mu=9.69286004275349e+153, beta_phi=nan
NaN in beta_*: layer 9, bs_iter=38, k=6857, beta_mu=2.1570277272699852e+154, beta_phi=nan
NaN in beta_*: layer 9, bs_iter=38, k=6858, beta_mu=1.0908009728423578e+154, beta_phi=nan
NaN in beta_*: layer 9, bs_iter=38, k=6859, beta_mu=5.261510221997815e+154, beta_phi=nan
NaN in beta_*: layer 9, bs_iter=38, k=6860, beta_mu=1.090802825154087e+154, beta_phi=nan
NaN in beta_*: layer 9, bs_iter=38, k=6861, beta_mu=9.428259430872465e+152, beta_phi=nan
NaN in beta_*: layer 9, bs_iter=38, k=6862, beta_mu=1.0703619215551384e+152, beta_phi=nan
NaN in beta_*: layer 9, bs_iter=38, k=6863, beta_mu=4.1571526621130586e+153, beta_phi=nan
NaN in beta_*: layer 9, bs_iter=38, k=6864, beta_mu=1.090367079924003e+154, beta_phi=nan
NaN in beta_*: layer 9, bs_iter=38, k=6865, beta_mu=2.923538140323099e+154, beta_phi=nan
NaN in beta_*: layer 9, bs_iter=38, k=6866, beta_mu=4.6742285918596095e+154, beta_phi=nan
NaN in beta_*: layer 9, bs_iter=38, k=6867, beta_mu=2.5009336428538985e+153, beta_phi=nan
NaN in beta_*: layer 9, bs_iter=38, k=6868, beta_mu=2.9307102007380767e+154, beta_phi=nan
NaN in beta_*: layer 9, bs_iter=38, k=6869, beta_mu=2.930717220036525e+154, beta_phi=nan
NaN in beta_*: layer 9, bs_iter=38, k=6870, beta_mu=2.8117622569380697e+154, beta_phi=nan
NaN in beta_*: layer 9, bs_iter=38, k=6871, beta_mu=6.993381105338856e+154, beta_phi=nan
NaN in beta_*: layer 9, bs_iter=38, k=6872, beta_mu=8.568964642599195e+153, beta_phi=nan
NaN in beta_*: layer 9, bs_iter=38, k=6873, beta_mu=4.670611177489817e+154, beta_phi=nan
NaN in beta_*: layer 9, bs_iter=38, k=6874, beta_mu=2.930257791386356e+154, beta_phi=nan
NaN in beta_*: layer 9, bs_iter=38, k=6875, beta_mu=2.49374680889215e+154, beta_phi=nan
NaN in beta_*: layer 9, bs_iter=38, k=6876, beta_mu=1.0106030474907811e+153, beta_phi=nan
NaN in beta_*: layer 9, bs_iter=38, k=6877, beta_mu=3.245409602623551e+154, beta_phi=nan
NaN in beta_*: layer 9, bs_iter=38, k=6878, beta_mu=1.4472520915901183e+154, beta_phi=nan
NaN in beta_*: layer 9, bs_iter=38, k=6879, beta_mu=1.4489841609324325e+154, beta_phi=nan
NaN in beta_*: layer 9, bs_iter=38, k=6880, beta_mu=3.425934770518565e+153, beta_phi=nan
NaN in beta_*: layer 9, bs_iter=38, k=6881, beta_mu=4.643318843065972e+154, beta_phi=nan
NaN in beta_*: layer 9, bs_iter=38, k=6882, beta_mu=4.809890963819554e+154, beta_phi=nan
NaN in beta_*: layer 9, bs_iter=38, k=6883, beta_mu=4.841624694572836e+154, beta_phi=nan
NaN in beta_*: layer 9, bs_iter=38, k=6884, beta_mu=8.904413547755966e+152, beta_phi=nan
NaN in beta_*: layer 9, bs_iter=38, k=6885, beta_mu=4.798559720957113e+154, beta_phi=nan
NaN in beta_*: layer 9, bs_iter=38, k=6886, beta_mu=1.8011377256168525e+153, beta_phi=nan
NaN in beta_*: layer 9, bs_iter=38, k=6887, beta_mu=4.812286045273727e+154, beta_phi=nan
NaN in beta_*: layer 9, bs_iter=38, k=6888, beta_mu=8.791184097696267e+153, beta_phi=nan
NaN in beta_*: layer 9, bs_iter=38, k=6889, beta_mu=4.0836676288047505e+154, beta_phi=nan
NaN in beta_*: layer 9, bs_iter=38, k=6890, beta_mu=8.791186213288765e+153, beta_phi=nan
NaN in beta_*: layer 9, bs_iter=38, k=6891, beta_mu=5.439191633473284e+152, beta_phi=nan
NaN in beta_*: layer 9, bs_iter=38, k=6892, beta_mu=2.9742735578643736e+152, beta_phi=nan
NaN in beta_*: layer 9, bs_iter=38, k=6893, beta_mu=5.5481275178017055e+153, beta_phi=nan
NaN in beta_*: layer 9, bs_iter=38, k=6894, beta_mu=8.805827836175974e+153, beta_phi=nan
NaN in beta_*: layer 9, bs_iter=38, k=6895, beta_mu=8.805842316700113e+153, beta_phi=nan
NaN in beta_*: layer 9, bs_iter=38, k=6896, beta_mu=8.791186213288765e+153, beta_phi=nan
NaN in beta_*: layer 9, bs_iter=38, k=6897, beta_mu=8.841384660055047e+153, beta_phi=nan
NaN in beta_*: layer 9, bs_iter=38, k=6898, beta_mu=8.794530813172622e+153, beta_phi=nan
NaN in beta_*: layer 9, bs_iter=38, k=6899, beta_mu=3.687233450294208e+154, beta_phi=nan
NaN in beta_*: layer 9, bs_iter=38, k=6900, beta_mu=8.791192519194307e+153, beta_phi=nan
NaN in beta_*: layer 9, bs_iter=38, k=6901, beta_mu=2.569448502520112e+154, beta_phi=nan
NaN in beta_*: layer 9, bs_iter=38, k=6902, beta_mu=2.7618851633921166e+153, beta_phi=nan
NaN in beta_*: layer 9, bs_iter=38, k=6903, beta_mu=8.745972784875408e+153, beta_phi=nan
NaN in beta_*: layer 9, bs_iter=38, k=6904, beta_mu=2.9305933726884876e+154, beta_phi=nan
NaN in beta_*: layer 9, bs_iter=38, k=6905, beta_mu=8.797467490676452e+153, beta_phi=nan
NaN in beta_*: layer 9, bs_iter=38, k=6906, beta_mu=1.1772573570448296e+154, beta_phi=nan
NaN in beta_*: layer 9, bs_iter=38, k=6907, beta_mu=4.1550471682032504e+152, beta_phi=nan
NaN in beta_*: layer 9, bs_iter=38, k=6908, beta_mu=3.254919746159358e+154, beta_phi=nan
NaN in beta_*: layer 9, bs_iter=38, k=6909, beta_mu=2.2235817130916743e+152, beta_phi=nan
NaN in beta_*: layer 9, bs_iter=38, k=6910, beta_mu=4.198933893431821e+152, beta_phi=nan
NaN in beta_*: layer 9, bs_iter=38, k=6911, beta_mu=4.155060092360413e+152, beta_phi=nan
NaN in beta_*: layer 9, bs_iter=38, k=6912, beta_mu=3.255425235616268e+154, beta_phi=nan
NaN in beta_*: layer 9, bs_iter=38, k=6913, beta_mu=2.811458129687497e+154, beta_phi=nan
NaN in beta_*: layer 9, bs_iter=38, k=6914, beta_mu=5.1832990592589583e+154, beta_phi=nan
NaN in beta_*: layer 9, bs_iter=38, k=6915, beta_mu=4.234987015780534e+153, beta_phi=nan
NaN in beta_*: layer 9, bs_iter=38, k=6916, beta_mu=8.808748062856265e+153, beta_phi=nan
NaN in beta_*: layer 9, bs_iter=38, k=6917, beta_mu=4.224543408650375e+153, beta_phi=nan
NaN in beta_*: layer 9, bs_iter=38, k=6918, beta_mu=2.920342115474168e+154, beta_phi=nan
NaN in beta_*: layer 9, bs_iter=38, k=6919, beta_mu=4.210317273720853e+153, beta_phi=nan
NaN in beta_*: layer 9, bs_iter=38, k=6921, beta_mu=1.6012532793425884e+153, beta_phi=nan
NaN in beta_*: layer 9, bs_iter=38, k=6923, beta_mu=4.558709697776283e+153, beta_phi=nan
NaN in beta_*: layer 9, bs_iter=38, k=6924, beta_mu=9.859114226627547e+154, beta_phi=nan
NaN in beta_*: layer 9, bs_iter=38, k=6925, beta_mu=2.9301396399526096e+154, beta_phi=nan
NaN in beta_*: layer 9, bs_iter=38, k=6926, beta_mu=1.4520321036958047e+154, beta_phi=nan
NaN in beta_*: layer 9, bs_iter=38, k=6927, beta_mu=8.725676609084776e+153, beta_phi=nan
NaN in beta_*: layer 9, bs_iter=38, k=6928, beta_mu=2.6565749467810175e+153, beta_phi=nan
NaN in beta_*: layer 9, bs_iter=38, k=6929, beta_mu=3.1532604266153564e+154, beta_phi=nan
NaN in beta_*: layer 9, bs_iter=38, k=6930, beta_mu=7.593186611846541e+153, beta_phi=nan
NaN in beta_*: layer 9, bs_iter=38, k=6931, beta_mu=1.8045959280901757e+153, beta_phi=nan
NaN in beta_*: layer 9, bs_iter=38, k=6932, beta_mu=1.174594934963663e+154, beta_phi=nan
NaN in beta_*: layer 9, bs_iter=38, k=6934, beta_mu=3.382471606375951e+153, beta_phi=nan
NaN in beta_*: layer 9, bs_iter=38, k=6935, beta_mu=2.269165333030486e+154, beta_phi=nan
NaN in beta_*: layer 9, bs_iter=38, k=6936, beta_mu=9.15177390733422e+153, beta_phi=nan
NaN in beta_*: layer 9, bs_iter=38, k=6937, beta_mu=1.4429987699417877e+154, beta_phi=nan
NaN in beta_*: layer 9, bs_iter=38, k=6938, beta_mu=1.927527544901097e+154, beta_phi=nan
NaN in beta_*: layer 9, bs_iter=38, k=6939, beta_mu=7.025598521566025e+153, beta_phi=nan
NaN in beta_*: layer 9, bs_iter=38, k=6940, beta_mu=5.0315210958660505e+154, beta_phi=nan
NaN in beta_*: layer 9, bs_iter=38, k=6941, beta_mu=1.9035708945782147e+154, beta_phi=nan
NaN in beta_*: layer 9, bs_iter=38, k=6942, beta_mu=2.3379990225544645e+154, beta_phi=nan
NaN in beta_*: layer 9, bs_iter=38, k=6943, beta_mu=4.195133603466202e+153, beta_phi=nan
NaN in beta_*: layer 9, bs_iter=38, k=6944, beta_mu=2.749890356101536e+154, beta_phi=nan
NaN in beta_*: layer 9, bs_iter=38, k=6945, beta_mu=7.025619160474096e+153, beta_phi=nan
NaN in beta_*: layer 9, bs_iter=38, k=6947, beta_mu=7.025267391875234e+153, beta_phi=nan
NaN in beta_*: layer 9, bs_iter=38, k=6948, beta_mu=4.20583823350879e+153, beta_phi=nan
NaN in beta_*: layer 9, bs_iter=38, k=6949, beta_mu=9.150482082082474e+153, beta_phi=nan
NaN in beta_*: layer 9, bs_iter=38, k=6950, beta_mu=4.231553457425624e+153, beta_phi=nan
NaN in beta_*: layer 9, bs_iter=38, k=6951, beta_mu=2.7484767828809767e+153, beta_phi=nan
NaN in beta_*: layer 9, bs_iter=38, k=6953, beta_mu=7.025592212455657e+153, beta_phi=nan
NaN in beta_*: layer 9, bs_iter=38, k=6955, beta_mu=9.622233184912599e+153, beta_phi=nan
NaN in beta_*: layer 9, bs_iter=38, k=6956, beta_mu=1.2807984924814559e+154, beta_phi=nan
NaN in beta_*: layer 9, bs_iter=38, k=6957, beta_mu=7.010036690295041e+153, beta_phi=nan
NaN in beta_*: layer 9, bs_iter=38, k=6958, beta_mu=9.150480375381672e+153, beta_phi=nan
NaN in beta_*: layer 9, bs_iter=38, k=6959, beta_mu=7.025590259993472e+153, beta_phi=nan
NaN in beta_*: layer 9, bs_iter=38, k=6960, beta_mu=2.8574257528316127e+153, beta_phi=nan
NaN in beta_*: layer 9, bs_iter=38, k=6961, beta_mu=9.182127106566812e+153, beta_phi=nan
NaN in beta_*: layer 9, bs_iter=38, k=6962, beta_mu=5.318729429266197e+152, beta_phi=nan
NaN in beta_*: layer 9, bs_iter=38, k=6963, beta_mu=4.5327373799198416e+153, beta_phi=nan
NaN in beta_*: layer 9, bs_iter=38, k=6964, beta_mu=7.025590259993472e+153, beta_phi=nan
NaN in beta_*: layer 9, bs_iter=38, k=6965, beta_mu=3.665285599586987e+152, beta_phi=nan
NaN in beta_*: layer 9, bs_iter=38, k=6966, beta_mu=9.315726641852865e+153, beta_phi=nan
NaN in beta_*: layer 9, bs_iter=38, k=6967, beta_mu=1.1155720444902356e+154, beta_phi=nan
NaN in beta_*: layer 9, bs_iter=38, k=6968, beta_mu=1.4442154961754866e+154, beta_phi=nan
NaN in beta_*: layer 9, bs_iter=38, k=6970, beta_mu=2.8805143212663795e+153, beta_phi=nan
NaN in beta_*: layer 9, bs_iter=38, k=6973, beta_mu=7.023975862989599e+153, beta_phi=nan
NaN in beta_*: layer 9, bs_iter=38, k=6974, beta_mu=1.2228378843514829e+153, beta_phi=nan
NaN in beta_*: layer 9, bs_iter=38, k=6975, beta_mu=1.1453296669936016e+153, beta_phi=nan
NaN in beta_*: layer 9, bs_iter=38, k=6976, beta_mu=4.427091925095295e+153, beta_phi=nan
NaN in beta_*: layer 9, bs_iter=38, k=6977, beta_mu=5.2045902243886576e+154, beta_phi=nan
NaN in beta_*: layer 9, bs_iter=38, k=6978, beta_mu=5.062358001730832e+152, beta_phi=nan
NaN in beta_*: layer 9, bs_iter=38, k=6979, beta_mu=1.433680213587411e+154, beta_phi=nan
NaN in beta_*: layer 9, bs_iter=38, k=6980, beta_mu=6.923531969515456e+153, beta_phi=nan
NaN in beta_*: layer 9, bs_iter=38, k=6982, beta_mu=2.6010381603198083e+153, beta_phi=nan
NaN in beta_*: layer 9, bs_iter=38, k=6984, beta_mu=1.1082406146896887e+154, beta_phi=nan
NaN in beta_*: layer 9, bs_iter=38, k=6985, beta_mu=7.023974443097114e+153, beta_phi=nan
NaN in beta_*: layer 9, bs_iter=38, k=6986, beta_mu=1.4204239435820675e+154, beta_phi=nan
NaN in beta_*: layer 9, bs_iter=38, k=6987, beta_mu=1.441825859380494e+154, beta_phi=nan
NaN in beta_*: layer 9, bs_iter=38, k=6988, beta_mu=1.1061476828503555e+154, beta_phi=nan
NaN in beta_*: layer 9, bs_iter=38, k=6989, beta_mu=1.1599739113468462e+153, beta_phi=nan
NaN in beta_*: layer 9, bs_iter=38, k=6990, beta_mu=2.739902652270928e+154, beta_phi=nan
NaN in beta_*: layer 9, bs_iter=38, k=6991, beta_mu=1.1067322320256027e+154, beta_phi=nan
NaN in beta_*: layer 9, bs_iter=38, k=6992, beta_mu=7.023976839067504e+153, beta_phi=nan
NaN in beta_*: layer 9, bs_iter=38, k=6993, beta_mu=1.1497590382231069e+153, beta_phi=nan
NaN in beta_*: layer 9, bs_iter=38, k=6994, beta_mu=6.948141441464404e+153, beta_phi=nan
NaN in beta_*: layer 9, bs_iter=38, k=6995, beta_mu=7.023978410804101e+153, beta_phi=nan
NaN in beta_*: layer 9, bs_iter=38, k=6996, beta_mu=4.448257522211666e+153, beta_phi=nan
NaN in beta_*: layer 9, bs_iter=38, k=6997, beta_mu=6.547107467617754e+153, beta_phi=nan
NaN in beta_*: layer 9, bs_iter=38, k=6998, beta_mu=9.764084570641563e+152, beta_phi=nan
NaN in beta_*: layer 9, bs_iter=38, k=6999, beta_mu=1.1125232325687748e+154, beta_phi=nan
NaN in beta_*: layer 9, bs_iter=38, k=7000, beta_mu=9.300175046033198e+153, beta_phi=nan
NaN in beta_*: layer 9, bs_iter=38, k=7001, beta_mu=7.023968642784239e+153, beta_phi=nan
NaN in beta_*: layer 9, bs_iter=38, k=7002, beta_mu=1.4428114869416885e+154, beta_phi=nan
NaN in beta_*: layer 9, bs_iter=38, k=7003, beta_mu=2.589406795188864e+153, beta_phi=nan
NaN in beta_*: layer 9, bs_iter=38, k=7004, beta_mu=1.5985012961093526e+153, beta_phi=nan
NaN in beta_*: layer 9, bs_iter=38, k=7006, beta_mu=2.0937226292994857e+153, beta_phi=nan
NaN in beta_*: layer 9, bs_iter=38, k=7007, beta_mu=2.3205306178594826e+152, beta_phi=nan
NaN in beta_*: layer 9, bs_iter=38, k=7010, beta_mu=2.3205303874476125e+152, beta_phi=nan
NaN in beta_*: layer 9, bs_iter=38, k=7011, beta_mu=1.7563965146938204e+152, beta_phi=nan
NaN in beta_*: layer 9, bs_iter=38, k=7012, beta_mu=7.023845618480415e+153, beta_phi=nan
NaN in beta_*: layer 9, bs_iter=38, k=7013, beta_mu=7.02397555331089e+153, beta_phi=nan
NaN in beta_*: layer 9, bs_iter=38, k=7014, beta_mu=1.7693829568928583e+152, beta_phi=nan
NaN in beta_*: layer 9, bs_iter=38, k=7015, beta_mu=1.1667711788766164e+153, beta_phi=nan
NaN in beta_*: layer 9, bs_iter=38, k=7016, beta_mu=7.023976596124545e+153, beta_phi=nan
NaN in beta_*: layer 9, bs_iter=38, k=7017, beta_mu=9.313147418590219e+153, beta_phi=nan
NaN in beta_*: layer 9, bs_iter=38, k=7018, beta_mu=9.091717366440411e+153, beta_phi=nan
NaN in beta_*: layer 9, bs_iter=38, k=7020, beta_mu=2.6514973581900774e+154, beta_phi=nan
NaN in beta_*: layer 9, bs_iter=38, k=7022, beta_mu=7.023971268915467e+153, beta_phi=nan
NaN in beta_*: layer 9, bs_iter=38, k=7023, beta_mu=2.5288405819774086e+153, beta_phi=nan
NaN in beta_*: layer 9, bs_iter=38, k=7024, beta_mu=2.586399037386101e+153, beta_phi=nan
NaN in beta_*: layer 9, bs_iter=38, k=7026, beta_mu=1.16643001732578e+154, beta_phi=nan
NaN in beta_*: layer 9, bs_iter=38, k=7027, beta_mu=2.728272116590958e+153, beta_phi=nan
NaN in beta_*: layer 9, bs_iter=38, k=7028, beta_mu=2.5319466069765303e+152, beta_phi=nan
NaN in beta_*: layer 9, bs_iter=38, k=7029, beta_mu=2.4661300251217305e+154, beta_phi=nan
NaN in beta_*: layer 9, bs_iter=38, k=7030, beta_mu=2.629123769131197e+154, beta_phi=nan
NaN in beta_*: layer 9, bs_iter=38, k=7031, beta_mu=6.651597669430064e+153, beta_phi=nan
NaN in beta_*: layer 9, bs_iter=38, k=7032, beta_mu=2.688966447711324e+153, beta_phi=nan
NaN in beta_*: layer 9, bs_iter=38, k=7033, beta_mu=6.571003963637228e+153, beta_phi=nan
NaN in beta_*: layer 9, bs_iter=38, k=7035, beta_mu=1.441651712941466e+154, beta_phi=nan
NaN in beta_*: layer 9, bs_iter=38, k=7036, beta_mu=6.942227972986252e+153, beta_phi=nan
NaN in beta_*: layer 9, bs_iter=38, k=7037, beta_mu=6.942205099562315e+153, beta_phi=nan
NaN in beta_*: layer 9, bs_iter=38, k=7038, beta_mu=2.6509557375827138e+154, beta_phi=nan
NaN in beta_*: layer 9, bs_iter=38, k=7039, beta_mu=1.2974710986678223e+154, beta_phi=nan
NaN in beta_*: layer 9, bs_iter=38, k=7040, beta_mu=6.942202311768588e+153, beta_phi=nan
NaN in beta_*: layer 9, bs_iter=38, k=7041, beta_mu=2.7515077631655553e+154, beta_phi=nan
NaN in beta_*: layer 9, bs_iter=38, k=7043, beta_mu=6.942218135648582e+153, beta_phi=nan
NaN in beta_*: layer 9, bs_iter=38, k=7044, beta_mu=2.606296155302296e+152, beta_phi=nan
NaN in beta_*: layer 9, bs_iter=38, k=7046, beta_mu=1.3061788532594014e+154, beta_phi=nan
NaN in beta_*: layer 9, bs_iter=38, k=7047, beta_mu=2.751722040141425e+154, beta_phi=nan
NaN in beta_*: layer 9, bs_iter=38, k=7048, beta_mu=2.7518263432450726e+154, beta_phi=nan
NaN in beta_*: layer 9, bs_iter=38, k=7049, beta_mu=4.022218385217551e+153, beta_phi=nan
NaN in beta_*: layer 9, bs_iter=38, k=7050, beta_mu=2.1132385218069747e+153, beta_phi=nan
NaN in beta_*: layer 9, bs_iter=38, k=7051, beta_mu=1.3385391462859119e+154, beta_phi=nan
NaN in beta_*: layer 9, bs_iter=38, k=7053, beta_mu=6.721128087617028e+153, beta_phi=nan
NaN in beta_*: layer 9, bs_iter=38, k=7054, beta_mu=2.9428401517914287e+152, beta_phi=nan
NaN in beta_*: layer 9, bs_iter=38, k=7055, beta_mu=2.636872182945777e+154, beta_phi=nan
NaN in beta_*: layer 9, bs_iter=38, k=7056, beta_mu=6.840645203106766e+153, beta_phi=nan
NaN in beta_*: layer 9, bs_iter=38, k=7057, beta_mu=6.5923824331476375e+153, beta_phi=nan
NaN in beta_*: layer 9, bs_iter=38, k=7058, beta_mu=9.048347538598308e+153, beta_phi=nan
NaN in beta_*: layer 9, bs_iter=38, k=7059, beta_mu=2.5378307822609124e+154, beta_phi=nan
NaN in beta_*: layer 9, bs_iter=38, k=7060, beta_mu=9.202704163596343e+153, beta_phi=nan
NaN in beta_*: layer 9, bs_iter=38, k=7061, beta_mu=1.424149524480162e+153, beta_phi=nan
NaN in beta_*: layer 9, bs_iter=38, k=7062, beta_mu=6.916512680812628e+153, beta_phi=nan
NaN in beta_*: layer 9, bs_iter=38, k=7063, beta_mu=2.2312008145444373e+153, beta_phi=nan
NaN in beta_*: layer 9, bs_iter=38, k=7064, beta_mu=6.592394001198515e+153, beta_phi=nan
NaN in beta_*: layer 9, bs_iter=38, k=7065, beta_mu=7.376774325059748e+152, beta_phi=nan
NaN in beta_*: layer 9, bs_iter=38, k=7066, beta_mu=9.799074179505162e+152, beta_phi=nan
NaN in beta_*: layer 9, bs_iter=38, k=7067, beta_mu=4.438538729670147e+153, beta_phi=nan
NaN in beta_*: layer 9, bs_iter=38, k=7068, beta_mu=4.472342251540561e+153, beta_phi=nan
NaN in beta_*: layer 9, bs_iter=38, k=7069, beta_mu=6.2909984698753094e+153, beta_phi=nan
NaN in beta_*: layer 9, bs_iter=38, k=7070, beta_mu=6.592664041803681e+153, beta_phi=nan
NaN in beta_*: layer 9, bs_iter=38, k=7071, beta_mu=4.472341314484989e+153, beta_phi=nan
NaN in beta_*: layer 9, bs_iter=38, k=7072, beta_mu=4.472342514663672e+153, beta_phi=nan
NaN in beta_*: layer 9, bs_iter=38, k=7073, beta_mu=7.064901947571154e+153, beta_phi=nan
NaN in beta_*: layer 9, bs_iter=38, k=7074, beta_mu=4.47233729238084e+153, beta_phi=nan
NaN in beta_*: layer 9, bs_iter=38, k=7075, beta_mu=6.423079582683351e+153, beta_phi=nan
NaN in beta_*: layer 9, bs_iter=38, k=7076, beta_mu=6.0991863233578215e+153, beta_phi=nan
NaN in beta_*: layer 9, bs_iter=38, k=7077, beta_mu=4.472196628950816e+153, beta_phi=nan
NaN in beta_*: layer 9, bs_iter=38, k=7078, beta_mu=1.50778923981469e+153, beta_phi=nan
NaN in beta_*: layer 9, bs_iter=38, k=7079, beta_mu=4.485736682348881e+153, beta_phi=nan
NaN in beta_*: layer 9, bs_iter=38, k=7080, beta_mu=4.4723405979134785e+153, beta_phi=nan
NaN in beta_*: layer 9, bs_iter=38, k=7081, beta_mu=4.472340212067422e+153, beta_phi=nan
NaN in beta_*: layer 9, bs_iter=38, k=7082, beta_mu=6.592394768208686e+153, beta_phi=nan
NaN in beta_*: layer 9, bs_iter=38, k=7083, beta_mu=4.523840265860641e+153, beta_phi=nan
NaN in beta_*: layer 9, bs_iter=38, k=7084, beta_mu=6.29100056484478e+153, beta_phi=nan
NaN in beta_*: layer 9, bs_iter=38, k=7085, beta_mu=4.474728704049174e+153, beta_phi=nan
NaN in beta_*: layer 9, bs_iter=38, k=7086, beta_mu=6.586636637152181e+153, beta_phi=nan
NaN in beta_*: layer 9, bs_iter=38, k=7087, beta_mu=1.5798727050870777e+153, beta_phi=nan
NaN in beta_*: layer 9, bs_iter=38, k=7088, beta_mu=3.7851764893969724e+152, beta_phi=nan
NaN in beta_*: layer 9, bs_iter=38, k=7089, beta_mu=3.534263709551079e+153, beta_phi=nan
NaN in beta_*: layer 9, bs_iter=38, k=7090, beta_mu=2.3307928624978114e+154, beta_phi=nan
NaN in beta_*: layer 9, bs_iter=38, k=7091, beta_mu=7.236252298927729e+153, beta_phi=nan
NaN in beta_*: layer 9, bs_iter=38, k=7092, beta_mu=6.4892685657433744e+153, beta_phi=nan
NaN in beta_*: layer 9, bs_iter=38, k=7093, beta_mu=4.196124152775248e+152, beta_phi=nan
NaN in beta_*: layer 9, bs_iter=38, k=7094, beta_mu=7.238839053510762e+153, beta_phi=nan
NaN in beta_*: layer 9, bs_iter=38, k=7095, beta_mu=2.4222207961951025e+153, beta_phi=nan
NaN in beta_*: layer 9, bs_iter=38, k=7096, beta_mu=1.570703028740818e+153, beta_phi=nan
NaN in beta_*: layer 9, bs_iter=38, k=7097, beta_mu=1.5476218990879607e+153, beta_phi=nan
NaN in beta_*: layer 9, bs_iter=38, k=7098, beta_mu=7.220647872217405e+153, beta_phi=nan
NaN in beta_*: layer 9, bs_iter=38, k=7099, beta_mu=1.5665723438899601e+153, beta_phi=nan
NaN in beta_*: layer 9, bs_iter=38, k=7100, beta_mu=2.1206229389001896e+154, beta_phi=nan
NaN in beta_*: layer 9, bs_iter=38, k=7101, beta_mu=7.101959648307561e+153, beta_phi=nan
NaN in beta_*: layer 9, bs_iter=38, k=7102, beta_mu=1.5490457824260878e+153, beta_phi=nan
NaN in beta_*: layer 9, bs_iter=38, k=7103, beta_mu=2.5853797218762972e+154, beta_phi=nan
NaN in beta_*: layer 9, bs_iter=38, k=7104, beta_mu=1.5378258282547008e+153, beta_phi=nan
NaN in beta_*: layer 9, bs_iter=38, k=7105, beta_mu=1.129976984647573e+153, beta_phi=nan
NaN in beta_*: layer 9, bs_iter=38, k=7106, beta_mu=2.0702353911030236e+153, beta_phi=nan
NaN in beta_*: layer 9, bs_iter=38, k=7107, beta_mu=8.94032719265116e+153, beta_phi=nan
NaN in beta_*: layer 9, bs_iter=38, k=7108, beta_mu=1.5386793389613444e+153, beta_phi=nan
NaN in beta_*: layer 9, bs_iter=38, k=7109, beta_mu=8.603558152836502e+152, beta_phi=nan
NaN in beta_*: layer 9, bs_iter=38, k=7110, beta_mu=2.2239029056322547e+152, beta_phi=nan
NaN in beta_*: layer 9, bs_iter=38, k=7112, beta_mu=2.4994486286757578e+153, beta_phi=nan
NaN in beta_*: layer 9, bs_iter=38, k=7113, beta_mu=7.149516037697044e+153, beta_phi=nan
NaN in beta_*: layer 9, bs_iter=38, k=7114, beta_mu=1.5543417016541932e+153, beta_phi=nan
NaN in beta_*: layer 9, bs_iter=38, k=7115, beta_mu=4.205348882492315e+152, beta_phi=nan
NaN in beta_*: layer 9, bs_iter=38, k=7116, beta_mu=6.489589850933389e+153, beta_phi=nan
NaN in beta_*: layer 9, bs_iter=38, k=7117, beta_mu=2.59317177262237e+154, beta_phi=nan
NaN in beta_*: layer 9, bs_iter=38, k=7118, beta_mu=1.5575870556127346e+153, beta_phi=nan
NaN in beta_*: layer 9, bs_iter=38, k=7119, beta_mu=1.1501929260520216e+154, beta_phi=nan
NaN in beta_*: layer 9, bs_iter=38, k=7120, beta_mu=6.4890445944512505e+153, beta_phi=nan
NaN in beta_*: layer 9, bs_iter=38, k=7121, beta_mu=6.489590410835599e+153, beta_phi=nan
NaN in beta_*: layer 9, bs_iter=38, k=7122, beta_mu=1.571205614545e+153, beta_phi=nan
NaN in beta_*: layer 9, bs_iter=38, k=7123, beta_mu=1.4052543455764992e+153, beta_phi=nan
NaN in beta_*: layer 9, bs_iter=38, k=7124, beta_mu=4.112253167525892e+152, beta_phi=nan
NaN in beta_*: layer 9, bs_iter=38, k=7125, beta_mu=4.300481270887281e+152, beta_phi=nan
NaN in beta_*: layer 9, bs_iter=38, k=7126, beta_mu=5.943749945178832e+153, beta_phi=nan
NaN in beta_*: layer 9, bs_iter=38, k=7127, beta_mu=6.037626346137498e+153, beta_phi=nan
NaN in beta_*: layer 9, bs_iter=38, k=7128, beta_mu=7.02890516831437e+153, beta_phi=nan
NaN in beta_*: layer 9, bs_iter=38, k=7129, beta_mu=2.9696301192481245e+154, beta_phi=nan
NaN in beta_*: layer 9, bs_iter=38, k=7130, beta_mu=7.068373309615721e+153, beta_phi=nan
NaN in beta_*: layer 9, bs_iter=38, k=7131, beta_mu=8.943334821937167e+153, beta_phi=nan
NaN in beta_*: layer 9, bs_iter=38, k=7132, beta_mu=1.2489820263103829e+153, beta_phi=nan
NaN in beta_*: layer 9, bs_iter=38, k=7133, beta_mu=2.4751455063383453e+154, beta_phi=nan
NaN in beta_*: layer 9, bs_iter=38, k=7134, beta_mu=2.845804627895118e+154, beta_phi=nan
NaN in beta_*: layer 9, bs_iter=38, k=7135, beta_mu=1.3829473208298429e+153, beta_phi=nan
NaN in beta_*: layer 9, bs_iter=38, k=7136, beta_mu=2.6474109002861036e+154, beta_phi=nan
NaN in beta_*: layer 9, bs_iter=38, k=7137, beta_mu=5.1391844952344454e+153, beta_phi=nan
NaN in beta_*: layer 9, bs_iter=38, k=7139, beta_mu=3.1145213215624884e+153, beta_phi=nan
NaN in beta_*: layer 9, bs_iter=38, k=7140, beta_mu=1.130094596295518e+152, beta_phi=nan
NaN in beta_*: layer 9, bs_iter=38, k=7142, beta_mu=3.3645472044311056e+152, beta_phi=nan
NaN in beta_*: layer 9, bs_iter=38, k=7143, beta_mu=2.5191167435323967e+153, beta_phi=nan
NaN in beta_*: layer 9, bs_iter=38, k=7146, beta_mu=1.259434777392367e+152, beta_phi=nan
NaN in beta_*: layer 9, bs_iter=38, k=7147, beta_mu=5.414353769721359e+153, beta_phi=nan
NaN in beta_*: layer 9, bs_iter=38, k=7148, beta_mu=1.2618703197099203e+152, beta_phi=nan
NaN in beta_*: layer 9, bs_iter=38, k=7149, beta_mu=2.5191168722832993e+153, beta_phi=nan
NaN in beta_*: layer 9, bs_iter=38, k=7150, beta_mu=1.854776509268529e+154, beta_phi=nan
NaN in beta_*: layer 9, bs_iter=38, k=7151, beta_mu=1.1327751874617244e+152, beta_phi=nan
NaN in beta_*: layer 9, bs_iter=38, k=7152, beta_mu=2.51942283492091e+153, beta_phi=nan
NaN in beta_*: layer 9, bs_iter=38, k=7154, beta_mu=2.5197112453278506e+153, beta_phi=nan
NaN in beta_*: layer 9, bs_iter=38, k=7156, beta_mu=2.481494461632443e+153, beta_phi=nan
NaN in beta_*: layer 9, bs_iter=38, k=7157, beta_mu=5.384269717943915e+153, beta_phi=nan
NaN in beta_*: layer 9, bs_iter=38, k=7158, beta_mu=2.509323930237197e+153, beta_phi=nan
NaN in beta_*: layer 9, bs_iter=38, k=7159, beta_mu=2.509324914499966e+153, beta_phi=nan
NaN in beta_*: layer 9, bs_iter=38, k=7160, beta_mu=2.3815431509992796e+153, beta_phi=nan
NaN in beta_*: layer 9, bs_iter=38, k=7161, beta_mu=6.740462968760818e+153, beta_phi=nan
NaN in beta_*: layer 9, bs_iter=38, k=7163, beta_mu=4.493280893747897e+153, beta_phi=nan
NaN in beta_*: layer 9, bs_iter=38, k=7164, beta_mu=1.423182005094387e+152, beta_phi=nan
NaN in beta_*: layer 9, bs_iter=38, k=7165, beta_mu=2.371028848928556e+153, beta_phi=nan
NaN in beta_*: layer 9, bs_iter=38, k=7166, beta_mu=1.2907745822781642e+153, beta_phi=nan
NaN in beta_*: layer 9, bs_iter=38, k=7167, beta_mu=2.381545660928773e+153, beta_phi=nan
NaN in beta_*: layer 9, bs_iter=38, k=7169, beta_mu=2.5558200603451867e+153, beta_phi=nan
NaN in beta_*: layer 9, bs_iter=38, k=7170, beta_mu=2.3815452453300904e+153, beta_phi=nan
NaN in beta_*: layer 9, bs_iter=38, k=7171, beta_mu=2.5558228599740834e+153, beta_phi=nan
NaN in beta_*: layer 9, bs_iter=38, k=7173, beta_mu=2.5546807141876406e+153, beta_phi=nan
NaN in beta_*: layer 9, bs_iter=38, k=7174, beta_mu=2.56369587108135e+153, beta_phi=nan
NaN in beta_*: layer 9, bs_iter=38, k=7175, beta_mu=1.7675759918383073e+154, beta_phi=nan
NaN in beta_*: layer 9, bs_iter=38, k=7176, beta_mu=2.5332082261107106e+153, beta_phi=nan
NaN in beta_*: layer 9, bs_iter=38, k=7177, beta_mu=7.542348828395056e+153, beta_phi=nan
NaN in beta_*: layer 9, bs_iter=38, k=7178, beta_mu=2.5535417958467123e+153, beta_phi=nan
NaN in beta_*: layer 9, bs_iter=38, k=7179, beta_mu=2.5026022063808276e+153, beta_phi=nan
NaN in beta_*: layer 9, bs_iter=38, k=7180, beta_mu=2.5404643648851842e+153, beta_phi=nan
NaN in beta_*: layer 9, bs_iter=38, k=7181, beta_mu=2.5558703330073805e+153, beta_phi=nan
NaN in beta_*: layer 9, bs_iter=38, k=7182, beta_mu=1.0431716054947237e+153, beta_phi=nan
NaN in beta_*: layer 9, bs_iter=38, k=7183, beta_mu=2.5011531942730384e+152, beta_phi=nan
NaN in beta_*: layer 9, bs_iter=38, k=7184, beta_mu=7.73262895601862e+153, beta_phi=nan
NaN in beta_*: layer 9, bs_iter=38, k=7185, beta_mu=4.553451961606424e+152, beta_phi=nan
NaN in beta_*: layer 9, bs_iter=38, k=7186, beta_mu=1.9582164112687456e+154, beta_phi=nan
NaN in beta_*: layer 9, bs_iter=38, k=7187, beta_mu=2.5066280592623323e+153, beta_phi=nan
NaN in beta_*: layer 9, bs_iter=38, k=7188, beta_mu=5.606088417636299e+152, beta_phi=nan
NaN in beta_*: layer 9, bs_iter=38, k=7189, beta_mu=3.480926159852458e+152, beta_phi=nan
NaN in beta_*: layer 9, bs_iter=38, k=7190, beta_mu=3.5205865190101525e+153, beta_phi=nan
NaN in beta_*: layer 9, bs_iter=38, k=7191, beta_mu=5.368621849205897e+153, beta_phi=nan
NaN in beta_*: layer 9, bs_iter=38, k=7192, beta_mu=2.349059174841518e+152, beta_phi=nan
NaN in beta_*: layer 9, bs_iter=38, k=7193, beta_mu=5.452915309328511e+153, beta_phi=nan
NaN in beta_*: layer 9, bs_iter=38, k=7194, beta_mu=5.141860062531481e+153, beta_phi=nan
NaN in beta_*: layer 9, bs_iter=38, k=7197, beta_mu=1.83731361303759e+154, beta_phi=nan
NaN in beta_*: layer 9, bs_iter=38, k=7198, beta_mu=8.53916900982296e+152, beta_phi=nan
NaN in beta_*: layer 9, bs_iter=38, k=7202, beta_mu=2.4606683533690238e+153, beta_phi=nan
NaN in beta_*: layer 9, bs_iter=38, k=7203, beta_mu=7.295411629752532e+153, beta_phi=nan
NaN in beta_*: layer 9, bs_iter=38, k=7204, beta_mu=2.134417312317963e+154, beta_phi=nan
NaN in beta_*: layer 9, bs_iter=38, k=7206, beta_mu=1.3938025799053777e+152, beta_phi=nan
NaN in beta_*: layer 9, bs_iter=38, k=7207, beta_mu=1.4107615535623089e+152, beta_phi=nan
NaN in beta_*: layer 9, bs_iter=38, k=7208, beta_mu=2.5375671384772267e+153, beta_phi=nan
NaN in beta_*: layer 9, bs_iter=38, k=7209, beta_mu=1.4296026008540156e+152, beta_phi=nan
NaN in beta_*: layer 9, bs_iter=38, k=7210, beta_mu=5.652799946091507e+153, beta_phi=nan
NaN in beta_*: layer 9, bs_iter=38, k=7211, beta_mu=7.28251486883793e+153, beta_phi=nan
NaN in beta_*: layer 9, bs_iter=38, k=7212, beta_mu=2.349390987724167e+152, beta_phi=nan
NaN in beta_*: layer 9, bs_iter=38, k=7214, beta_mu=5.863554386706386e+152, beta_phi=nan
NaN in beta_*: layer 9, bs_iter=38, k=7215, beta_mu=7.577028518548797e+153, beta_phi=nan
NaN in beta_*: layer 9, bs_iter=38, k=7216, beta_mu=1.2838293136870342e+154, beta_phi=nan
NaN in beta_*: layer 9, bs_iter=38, k=7217, beta_mu=1.4063527446418793e+154, beta_phi=nan
NaN in beta_*: layer 9, bs_iter=38, k=7218, beta_mu=2.5369417099631708e+153, beta_phi=nan
NaN in beta_*: layer 9, bs_iter=38, k=7219, beta_mu=1.2378910497246958e+154, beta_phi=nan
NaN in beta_*: layer 9, bs_iter=38, k=7220, beta_mu=1.467732474273661e+152, beta_phi=nan
NaN in beta_*: layer 9, bs_iter=38, k=7221, beta_mu=1.474674036472229e+152, beta_phi=nan
NaN in beta_*: layer 9, bs_iter=38, k=7222, beta_mu=1.4845705631995293e+152, beta_phi=nan
NaN in beta_*: layer 9, bs_iter=38, k=7223, beta_mu=1.4697910737244736e+152, beta_phi=nan
NaN in beta_*: layer 9, bs_iter=38, k=7224, beta_mu=7.620660119709594e+153, beta_phi=nan
NaN in beta_*: layer 9, bs_iter=38, k=7225, beta_mu=2.1308938137885707e+153, beta_phi=nan
NaN in beta_*: layer 9, bs_iter=38, k=7226, beta_mu=1.5925190889253194e+152, beta_phi=nan
NaN in beta_*: layer 9, bs_iter=38, k=7228, beta_mu=5.893263009982401e+153, beta_phi=nan
NaN in beta_*: layer 9, bs_iter=38, k=7229, beta_mu=4.935425865675266e+152, beta_phi=nan
NaN in beta_*: layer 9, bs_iter=38, k=7230, beta_mu=3.966934367299566e+153, beta_phi=nan
NaN in beta_*: layer 9, bs_iter=38, k=7231, beta_mu=6.5356420701087136e+153, beta_phi=nan
NaN in beta_*: layer 9, bs_iter=38, k=7232, beta_mu=2.319310106566766e+153, beta_phi=nan
NaN in beta_*: layer 9, bs_iter=38, k=7233, beta_mu=1.4103251651659372e+154, beta_phi=nan
NaN in beta_*: layer 9, bs_iter=38, k=7234, beta_mu=5.648690697671305e+152, beta_phi=nan
NaN in beta_*: layer 9, bs_iter=38, k=7235, beta_mu=2.9785832480067746e+152, beta_phi=nan
NaN in beta_*: layer 9, bs_iter=38, k=7236, beta_mu=1.0109725163680138e+153, beta_phi=nan
NaN in beta_*: layer 9, bs_iter=38, k=7237, beta_mu=2.2872689389037564e+153, beta_phi=nan
NaN in beta_*: layer 9, bs_iter=38, k=7238, beta_mu=1.01446757675039e+153, beta_phi=nan
NaN in beta_*: layer 9, bs_iter=38, k=7239, beta_mu=2.4218767962238855e+153, beta_phi=nan
NaN in beta_*: layer 9, bs_iter=38, k=7240, beta_mu=7.231176644489172e+152, beta_phi=nan
NaN in beta_*: layer 9, bs_iter=38, k=7241, beta_mu=4.6647260788310116e+153, beta_phi=nan
NaN in beta_*: layer 9, bs_iter=38, k=7242, beta_mu=1.21443318824716e+154, beta_phi=nan
NaN in beta_*: layer 9, bs_iter=38, k=7244, beta_mu=5.106126060405655e+152, beta_phi=nan
NaN in beta_*: layer 9, bs_iter=38, k=7245, beta_mu=4.879144013529844e+152, beta_phi=nan
NaN in beta_*: layer 9, bs_iter=38, k=7246, beta_mu=4.2001372026751906e+153, beta_phi=nan
NaN in beta_*: layer 9, bs_iter=38, k=7247, beta_mu=1.5512200517983305e+154, beta_phi=nan
NaN in beta_*: layer 9, bs_iter=38, k=7248, beta_mu=1.566204917045982e+154, beta_phi=nan
NaN in beta_*: layer 9, bs_iter=38, k=7249, beta_mu=5.894657181701526e+153, beta_phi=nan
NaN in beta_*: layer 9, bs_iter=38, k=7253, beta_mu=1.2065323884924589e+152, beta_phi=nan
NaN in beta_*: layer 9, bs_iter=38, k=7254, beta_mu=6.852215898238757e+152, beta_phi=nan
NaN in beta_*: layer 9, bs_iter=38, k=7255, beta_mu=3.603497653663099e+153, beta_phi=nan
NaN in beta_*: layer 9, bs_iter=38, k=7256, beta_mu=1.9326865595925326e+152, beta_phi=nan
NaN in beta_*: layer 9, bs_iter=38, k=7257, beta_mu=1.99504089319386e+152, beta_phi=nan
NaN in beta_*: layer 9, bs_iter=38, k=7258, beta_mu=2.149914191761578e+152, beta_phi=nan
NaN in beta_*: layer 9, bs_iter=38, k=7260, beta_mu=3.872314330189741e+153, beta_phi=nan
NaN in beta_*: layer 9, bs_iter=38, k=7261, beta_mu=3.872333721332075e+153, beta_phi=nan
NaN in beta_*: layer 9, bs_iter=38, k=7262, beta_mu=3.879292663032189e+153, beta_phi=nan
NaN in beta_*: layer 9, bs_iter=38, k=7263, beta_mu=2.0279104659166524e+153, beta_phi=nan
NaN in beta_*: layer 9, bs_iter=38, k=7264, beta_mu=3.806412252122496e+153, beta_phi=nan
NaN in beta_*: layer 9, bs_iter=38, k=7265, beta_mu=4.038216560649743e+153, beta_phi=nan
NaN in beta_*: layer 9, bs_iter=38, k=7266, beta_mu=3.862670830416543e+153, beta_phi=nan
NaN in beta_*: layer 9, bs_iter=38, k=7267, beta_mu=1.6344523613077977e+153, beta_phi=nan
NaN in beta_*: layer 9, bs_iter=38, k=7268, beta_mu=7.084586769649582e+153, beta_phi=nan
NaN in beta_*: layer 9, bs_iter=38, k=7270, beta_mu=2.639449971062295e+152, beta_phi=nan
NaN in beta_*: layer 9, bs_iter=38, k=7271, beta_mu=1.3356377157364972e+153, beta_phi=nan
NaN in beta_*: layer 9, bs_iter=38, k=7272, beta_mu=1.7075899351071045e+152, beta_phi=nan
NaN in beta_*: layer 9, bs_iter=38, k=7273, beta_mu=3.179375302473922e+153, beta_phi=nan
NaN in beta_*: layer 9, bs_iter=38, k=7274, beta_mu=1.3190512154538556e+153, beta_phi=nan
NaN in beta_*: layer 9, bs_iter=38, k=7275, beta_mu=1.3558764632300742e+154, beta_phi=nan
NaN in beta_*: layer 9, bs_iter=38, k=7276, beta_mu=1.3190515833295254e+153, beta_phi=nan
NaN in beta_*: layer 9, bs_iter=38, k=7277, beta_mu=1.3190520188297969e+153, beta_phi=nan
NaN in beta_*: layer 9, bs_iter=38, k=7278, beta_mu=1.3157688735179005e+153, beta_phi=nan
NaN in beta_*: layer 9, bs_iter=38, k=7279, beta_mu=2.0164487180376676e+153, beta_phi=nan
NaN in beta_*: layer 9, bs_iter=38, k=7280, beta_mu=1.3245448580492027e+153, beta_phi=nan
NaN in beta_*: layer 9, bs_iter=38, k=7281, beta_mu=1.3205252051400367e+153, beta_phi=nan
NaN in beta_*: layer 9, bs_iter=38, k=7282, beta_mu=1.324105341644288e+153, beta_phi=nan
NaN in beta_*: layer 9, bs_iter=38, k=7283, beta_mu=1.3215750945634527e+153, beta_phi=nan
NaN in beta_*: layer 9, bs_iter=38, k=7284, beta_mu=2.128586284387026e+153, beta_phi=nan
NaN in beta_*: layer 9, bs_iter=38, k=7285, beta_mu=1.3075173870303525e+153, beta_phi=nan
NaN in beta_*: layer 9, bs_iter=38, k=7286, beta_mu=2.011244125148179e+153, beta_phi=nan
NaN in beta_*: layer 9, bs_iter=38, k=7287, beta_mu=1.3215749444157868e+153, beta_phi=nan
NaN in beta_*: layer 9, bs_iter=38, k=7288, beta_mu=2.0222964789703267e+153, beta_phi=nan
NaN in beta_*: layer 9, bs_iter=38, k=7289, beta_mu=1.3215754296725775e+153, beta_phi=nan
NaN in beta_*: layer 9, bs_iter=38, k=7290, beta_mu=1.3317152349163628e+153, beta_phi=nan
NaN in beta_*: layer 9, bs_iter=38, k=7291, beta_mu=2.0394918994970596e+153, beta_phi=nan
NaN in beta_*: layer 9, bs_iter=38, k=7292, beta_mu=1.321575141808315e+153, beta_phi=nan
NaN in beta_*: layer 9, bs_iter=38, k=7293, beta_mu=3.546777144425325e+153, beta_phi=nan
NaN in beta_*: layer 9, bs_iter=38, k=7294, beta_mu=1.998451560746616e+153, beta_phi=nan
NaN in beta_*: layer 9, bs_iter=38, k=7295, beta_mu=5.869387137731155e+153, beta_phi=nan
NaN in beta_*: layer 9, bs_iter=38, k=7296, beta_mu=2.0430776813409803e+153, beta_phi=nan
NaN in beta_*: layer 9, bs_iter=38, k=7297, beta_mu=1.312088059190959e+153, beta_phi=nan
NaN in beta_*: layer 9, bs_iter=38, k=7298, beta_mu=6.88668421717999e+153, beta_phi=nan
NaN in beta_*: layer 9, bs_iter=38, k=7299, beta_mu=7.038541164064633e+153, beta_phi=nan
NaN in beta_*: layer 9, bs_iter=38, k=7300, beta_mu=1.3184394678163596e+153, beta_phi=nan
NaN in beta_*: layer 9, bs_iter=38, k=7301, beta_mu=1.3451061802041928e+153, beta_phi=nan
NaN in beta_*: layer 9, bs_iter=38, k=7302, beta_mu=1.3387607374027793e+153, beta_phi=nan
NaN in beta_*: layer 9, bs_iter=38, k=7303, beta_mu=6.95113196661369e+153, beta_phi=nan
NaN in beta_*: layer 9, bs_iter=38, k=7304, beta_mu=3.506975751714432e+153, beta_phi=nan
NaN in beta_*: layer 9, bs_iter=38, k=7305, beta_mu=2.152724499926344e+153, beta_phi=nan
NaN in beta_*: layer 9, bs_iter=38, k=7306, beta_mu=3.065446961565836e+153, beta_phi=nan
NaN in beta_*: layer 9, bs_iter=38, k=7307, beta_mu=5.866686356486095e+153, beta_phi=nan
NaN in beta_*: layer 9, bs_iter=38, k=7308, beta_mu=3.634512089354171e+153, beta_phi=nan
NaN in beta_*: layer 9, bs_iter=38, k=7313, beta_mu=4.247228871475599e+153, beta_phi=nan
NaN in beta_*: layer 9, bs_iter=38, k=7314, beta_mu=8.94390334379943e+152, beta_phi=nan
NaN in beta_*: layer 9, bs_iter=38, k=7316, beta_mu=1.7953323326610922e+153, beta_phi=nan
NaN in beta_*: layer 9, bs_iter=38, k=7319, beta_mu=1.0310575078448421e+153, beta_phi=nan
NaN in beta_*: layer 9, bs_iter=38, k=7320, beta_mu=1.6165510665407238e+153, beta_phi=nan
NaN in beta_*: layer 9, bs_iter=38, k=7321, beta_mu=3.540549279408315e+153, beta_phi=nan
NaN in beta_*: layer 9, bs_iter=38, k=7326, beta_mu=1.7190415517312302e+153, beta_phi=nan
NaN in beta_*: layer 9, bs_iter=38, k=7327, beta_mu=3.550859142852038e+153, beta_phi=nan
NaN in beta_*: layer 9, bs_iter=38, k=7329, beta_mu=2.1911071580042553e+152, beta_phi=nan
NaN in beta_*: layer 9, bs_iter=38, k=7330, beta_mu=1.450271237413852e+152, beta_phi=nan
NaN in beta_*: layer 9, bs_iter=38, k=7332, beta_mu=6.1680945195654295e+153, beta_phi=nan
NaN in beta_*: layer 9, bs_iter=38, k=7333, beta_mu=1.0331155155867158e+153, beta_phi=nan
NaN in beta_*: layer 9, bs_iter=38, k=7337, beta_mu=2.5627374564871643e+153, beta_phi=nan
NaN in beta_*: layer 9, bs_iter=38, k=7341, beta_mu=3.563693194868892e+153, beta_phi=nan
NaN in beta_*: layer 9, bs_iter=38, k=7342, beta_mu=1.50974599602303e+154, beta_phi=nan
NaN in beta_*: layer 9, bs_iter=38, k=7343, beta_mu=1.4778162423724826e+153, beta_phi=nan
NaN in beta_*: layer 9, bs_iter=38, k=7345, beta_mu=4.5435085141588685e+152, beta_phi=nan
NaN in beta_*: layer 9, bs_iter=38, k=7346, beta_mu=2.4680605852372036e+152, beta_phi=nan
NaN in beta_*: layer 9, bs_iter=38, k=7347, beta_mu=2.4672919283622234e+153, beta_phi=nan
NaN in beta_*: layer 9, bs_iter=38, k=7348, beta_mu=1.6419806052256806e+153, beta_phi=nan
NaN in beta_*: layer 9, bs_iter=38, k=7355, beta_mu=7.587864726381697e+152, beta_phi=nan
NaN in beta_*: layer 9, bs_iter=38, k=7356, beta_mu=1.2927637674917545e+153, beta_phi=nan
NaN in beta_*: layer 9, bs_iter=38, k=7357, beta_mu=8.39081265094798e+152, beta_phi=nan
NaN in beta_*: layer 9, bs_iter=38, k=7358, beta_mu=1.47407664415647e+154, beta_phi=nan
NaN in beta_*: layer 9, bs_iter=38, k=7359, beta_mu=1.2908648035435971e+153, beta_phi=nan
NaN in beta_*: layer 9, bs_iter=38, k=7363, beta_mu=3.443858154638448e+153, beta_phi=nan
NaN in beta_*: layer 9, bs_iter=38, k=7364, beta_mu=3.440678192007528e+153, beta_phi=nan
NaN in beta_*: layer 9, bs_iter=38, k=7366, beta_mu=1.839290309705943e+153, beta_phi=nan
NaN in beta_*: layer 9, bs_iter=38, k=7368, beta_mu=5.045212839072355e+153, beta_phi=nan
NaN in beta_*: layer 9, bs_iter=38, k=7369, beta_mu=6.123485301101831e+153, beta_phi=nan
NaN in beta_*: layer 9, bs_iter=38, k=7370, beta_mu=1.0083769995748532e+153, beta_phi=nan
NaN in beta_*: layer 9, bs_iter=38, k=7371, beta_mu=1.4643922887591927e+152, beta_phi=nan
NaN in beta_*: layer 9, bs_iter=38, k=7372, beta_mu=1.2745586552913865e+153, beta_phi=nan
NaN in beta_*: layer 9, bs_iter=38, k=7373, beta_mu=7.64156411201524e+153, beta_phi=nan
NaN in beta_*: layer 9, bs_iter=38, k=7374, beta_mu=5.3312261017228265e+152, beta_phi=nan
NaN in beta_*: layer 9, bs_iter=38, k=7376, beta_mu=1.1248730384304467e+153, beta_phi=nan
NaN in beta_*: layer 9, bs_iter=38, k=7377, beta_mu=1.167558569754742e+153, beta_phi=nan
NaN in beta_*: layer 9, bs_iter=38, k=7378, beta_mu=1.2288445989313563e+153, beta_phi=nan
NaN in beta_*: layer 9, bs_iter=38, k=7380, beta_mu=2.9992859429456454e+153, beta_phi=nan
NaN in beta_*: layer 9, bs_iter=38, k=7381, beta_mu=5.860234531120258e+153, beta_phi=nan
NaN in beta_*: layer 9, bs_iter=38, k=7382, beta_mu=1.1081450780196187e+153, beta_phi=nan
NaN in beta_*: layer 9, bs_iter=38, k=7383, beta_mu=3.056997773994256e+152, beta_phi=nan
NaN in beta_*: layer 9, bs_iter=38, k=7384, beta_mu=3.000770469606697e+153, beta_phi=nan
NaN in beta_*: layer 9, bs_iter=38, k=7387, beta_mu=1.1103185865629605e+153, beta_phi=nan
NaN in beta_*: layer 9, bs_iter=38, k=7388, beta_mu=6.733205528446612e+152, beta_phi=nan
NaN in beta_*: layer 9, bs_iter=38, k=7389, beta_mu=3.0007697973991075e+153, beta_phi=nan
NaN in beta_*: layer 9, bs_iter=38, k=7390, beta_mu=3.000770751795572e+153, beta_phi=nan
NaN in beta_*: layer 9, bs_iter=38, k=7391, beta_mu=4.699171095195418e+152, beta_phi=nan
NaN in beta_*: layer 9, bs_iter=38, k=7392, beta_mu=6.348611413992139e+152, beta_phi=nan
NaN in beta_*: layer 9, bs_iter=38, k=7393, beta_mu=6.321552792654542e+152, beta_phi=nan
NaN in beta_*: layer 9, bs_iter=38, k=7394, beta_mu=1.1681993096084164e+153, beta_phi=nan
NaN in beta_*: layer 9, bs_iter=38, k=7395, beta_mu=6.817792714632194e+153, beta_phi=nan
NaN in beta_*: layer 9, bs_iter=38, k=7396, beta_mu=3.003927837479998e+152, beta_phi=nan
NaN in beta_*: layer 9, bs_iter=38, k=7397, beta_mu=1.1704392844087156e+153, beta_phi=nan
NaN in beta_*: layer 9, bs_iter=38, k=7398, beta_mu=9.634761553330803e+152, beta_phi=nan
NaN in beta_*: layer 9, bs_iter=38, k=7399, beta_mu=9.259597336431122e+152, beta_phi=nan
NaN in beta_*: layer 9, bs_iter=38, k=7401, beta_mu=9.536723688173058e+152, beta_phi=nan
NaN in beta_*: layer 9, bs_iter=38, k=7402, beta_mu=1.183098687915589e+153, beta_phi=nan
NaN in beta_*: layer 9, bs_iter=38, k=7403, beta_mu=9.54818551790756e+152, beta_phi=nan
NaN in beta_*: layer 9, bs_iter=38, k=7404, beta_mu=9.452008703995117e+152, beta_phi=nan
NaN in beta_*: layer 9, bs_iter=38, k=7406, beta_mu=2.9457772125916556e+153, beta_phi=nan
NaN in beta_*: layer 9, bs_iter=38, k=7407, beta_mu=3.2483613141262473e+153, beta_phi=nan
NaN in beta_*: layer 9, bs_iter=38, k=7409, beta_mu=1.0002067746208318e+153, beta_phi=nan
NaN in beta_*: layer 9, bs_iter=38, k=7410, beta_mu=6.435271363682022e+153, beta_phi=nan
NaN in beta_*: layer 9, bs_iter=38, k=7411, beta_mu=2.954443102617118e+153, beta_phi=nan
NaN in beta_*: layer 9, bs_iter=38, k=7413, beta_mu=7.148204936950337e+152, beta_phi=nan
NaN in beta_*: layer 9, bs_iter=38, k=7414, beta_mu=5.710548603481156e+152, beta_phi=nan
NaN in beta_*: layer 9, bs_iter=38, k=7415, beta_mu=2.9285996653218796e+153, beta_phi=nan
NaN in beta_*: layer 9, bs_iter=38, k=7416, beta_mu=6.933609060586927e+152, beta_phi=nan
NaN in beta_*: layer 9, bs_iter=38, k=7417, beta_mu=1.495438142310976e+153, beta_phi=nan
NaN in beta_*: layer 9, bs_iter=38, k=7418, beta_mu=7.792998348679116e+152, beta_phi=nan
NaN in beta_*: layer 9, bs_iter=38, k=7419, beta_mu=8.841512517241354e+152, beta_phi=nan
NaN in beta_*: layer 9, bs_iter=38, k=7420, beta_mu=8.765245305345852e+152, beta_phi=nan
NaN in beta_*: layer 9, bs_iter=38, k=7421, beta_mu=2.1252046856430677e+153, beta_phi=nan
NaN in beta_*: layer 9, bs_iter=38, k=7422, beta_mu=1.0647146732287741e+154, beta_phi=nan
NaN in beta_*: layer 9, bs_iter=38, k=7423, beta_mu=5.212114740024184e+153, beta_phi=nan
NaN in beta_*: layer 9, bs_iter=38, k=7424, beta_mu=8.571746467940148e+152, beta_phi=nan
NaN in beta_*: layer 9, bs_iter=38, k=7425, beta_mu=2.2772738301914993e+153, beta_phi=nan
NaN in beta_*: layer 9, bs_iter=38, k=7426, beta_mu=2.3078986391292865e+153, beta_phi=nan
NaN in beta_*: layer 9, bs_iter=38, k=7428, beta_mu=2.3070536271890353e+153, beta_phi=nan
NaN in beta_*: layer 9, bs_iter=38, k=7429, beta_mu=2.3111811648075006e+153, beta_phi=nan
NaN in beta_*: layer 9, bs_iter=38, k=7430, beta_mu=8.517485552190912e+152, beta_phi=nan
NaN in beta_*: layer 9, bs_iter=38, k=7431, beta_mu=8.451290636170684e+152, beta_phi=nan
NaN in beta_*: layer 9, bs_iter=38, k=7432, beta_mu=2.2810076543586548e+153, beta_phi=nan
NaN in beta_*: layer 9, bs_iter=38, k=7433, beta_mu=2.2713361432896284e+153, beta_phi=nan
NaN in beta_*: layer 9, bs_iter=38, k=7435, beta_mu=5.579797498779327e+153, beta_phi=nan
NaN in beta_*: layer 9, bs_iter=38, k=7437, beta_mu=5.46539497485246e+152, beta_phi=nan
NaN in beta_*: layer 9, bs_iter=38, k=7438, beta_mu=2.447586327750698e+153, beta_phi=nan
NaN in beta_*: layer 9, bs_iter=38, k=7439, beta_mu=4.312987957740832e+152, beta_phi=nan
NaN in beta_*: layer 9, bs_iter=38, k=7440, beta_mu=4.3192012079961554e+153, beta_phi=nan
NaN in beta_*: layer 9, bs_iter=38, k=7441, beta_mu=8.971701604468582e+152, beta_phi=nan
NaN in beta_*: layer 9, bs_iter=38, k=7442, beta_mu=6.247423341723975e+152, beta_phi=nan
NaN in beta_*: layer 9, bs_iter=38, k=7443, beta_mu=1.016928747082304e+153, beta_phi=nan
NaN in beta_*: layer 9, bs_iter=38, k=7444, beta_mu=2.7461124654487046e+153, beta_phi=nan
NaN in beta_*: layer 9, bs_iter=38, k=7446, beta_mu=2.7599101255646234e+153, beta_phi=nan
NaN in beta_*: layer 9, bs_iter=38, k=7447, beta_mu=1.0559383826851147e+153, beta_phi=nan
NaN in beta_*: layer 9, bs_iter=38, k=7448, beta_mu=3.3174971889373655e+153, beta_phi=nan
NaN in beta_*: layer 9, bs_iter=38, k=7450, beta_mu=2.004429542339283e+152, beta_phi=nan
NaN in beta_*: layer 9, bs_iter=38, k=7452, beta_mu=3.2712317303485333e+153, beta_phi=nan
NaN in beta_*: layer 9, bs_iter=38, k=7453, beta_mu=2.689577527495441e+153, beta_phi=nan
NaN in beta_*: layer 9, bs_iter=38, k=7454, beta_mu=6.686382603842363e+152, beta_phi=nan
NaN in beta_*: layer 9, bs_iter=38, k=7455, beta_mu=3.271231638705984e+153, beta_phi=nan
NaN in beta_*: layer 9, bs_iter=38, k=7456, beta_mu=3.882800463695114e+153, beta_phi=nan
NaN in beta_*: layer 9, bs_iter=38, k=7457, beta_mu=5.52498950207553e+152, beta_phi=nan
NaN in beta_*: layer 9, bs_iter=38, k=7458, beta_mu=2.9385189116395395e+153, beta_phi=nan
NaN in beta_*: layer 9, bs_iter=38, k=7459, beta_mu=1.8036119510591055e+152, beta_phi=nan
NaN in beta_*: layer 9, bs_iter=38, k=7460, beta_mu=3.430569631310272e+153, beta_phi=nan
NaN in beta_*: layer 9, bs_iter=38, k=7461, beta_mu=6.7938588296364985e+152, beta_phi=nan
NaN in beta_*: layer 9, bs_iter=38, k=7462, beta_mu=2.7315161164583108e+153, beta_phi=nan
NaN in beta_*: layer 9, bs_iter=38, k=7464, beta_mu=5.626932351471575e+152, beta_phi=nan
NaN in beta_*: layer 9, bs_iter=38, k=7465, beta_mu=5.626939208641819e+152, beta_phi=nan
NaN in beta_*: layer 9, bs_iter=38, k=7466, beta_mu=6.864488349997514e+152, beta_phi=nan
NaN in beta_*: layer 9, bs_iter=38, k=7468, beta_mu=5.626926507924276e+152, beta_phi=nan
NaN in beta_*: layer 9, bs_iter=38, k=7469, beta_mu=9.086364895506845e+152, beta_phi=nan
NaN in beta_*: layer 9, bs_iter=38, k=7470, beta_mu=3.250107362391765e+153, beta_phi=nan
NaN in beta_*: layer 9, bs_iter=38, k=7471, beta_mu=6.811906487071314e+152, beta_phi=nan
NaN in beta_*: layer 9, bs_iter=38, k=7472, beta_mu=6.8089088616352e+152, beta_phi=nan
NaN in beta_*: layer 9, bs_iter=38, k=7473, beta_mu=6.808896245945883e+152, beta_phi=nan
NaN in beta_*: layer 9, bs_iter=38, k=7475, beta_mu=2.648113611727033e+153, beta_phi=nan
NaN in beta_*: layer 9, bs_iter=38, k=7476, beta_mu=3.271824617350983e+153, beta_phi=nan
NaN in beta_*: layer 9, bs_iter=38, k=7477, beta_mu=6.856125342555989e+152, beta_phi=nan
NaN in beta_*: layer 9, bs_iter=38, k=7478, beta_mu=4.45238254509348e+153, beta_phi=nan
NaN in beta_*: layer 9, bs_iter=38, k=7479, beta_mu=6.673032807986603e+152, beta_phi=nan
NaN in beta_*: layer 9, bs_iter=38, k=7480, beta_mu=3.170855153580526e+153, beta_phi=nan
NaN in beta_*: layer 9, bs_iter=38, k=7481, beta_mu=1.7735604959312762e+153, beta_phi=nan
NaN in beta_*: layer 9, bs_iter=38, k=7482, beta_mu=1.4625085603903149e+153, beta_phi=nan
NaN in beta_*: layer 9, bs_iter=38, k=7483, beta_mu=9.696197163695377e+151, beta_phi=nan
NaN in beta_*: layer 9, bs_iter=38, k=7484, beta_mu=1.445456225031914e+154, beta_phi=nan
NaN in beta_*: layer 9, bs_iter=38, k=7486, beta_mu=5.73971461271164e+152, beta_phi=nan
NaN in beta_*: layer 9, bs_iter=38, k=7489, beta_mu=1.4898461872357681e+153, beta_phi=nan
NaN in beta_*: layer 9, bs_iter=38, k=7490, beta_mu=1.4832319875498133e+153, beta_phi=nan
NaN in beta_*: layer 9, bs_iter=38, k=7491, beta_mu=1.4780921097160922e+153, beta_phi=nan
NaN in beta_*: layer 9, bs_iter=38, k=7492, beta_mu=4.729325291553163e+152, beta_phi=nan
NaN in beta_*: layer 9, bs_iter=38, k=7493, beta_mu=2.285355111802359e+153, beta_phi=nan
NaN in beta_*: layer 9, bs_iter=38, k=7494, beta_mu=1.4948682111228751e+153, beta_phi=nan
NaN in beta_*: layer 9, bs_iter=38, k=7495, beta_mu=2.9820919086656336e+152, beta_phi=nan
NaN in beta_*: layer 9, bs_iter=38, k=7496, beta_mu=1.4827624890766327e+153, beta_phi=nan
NaN in beta_*: layer 9, bs_iter=38, k=7497, beta_mu=4.693395434042562e+152, beta_phi=nan
NaN in beta_*: layer 9, bs_iter=38, k=7499, beta_mu=3.7937015810870122e+152, beta_phi=nan
NaN in beta_*: layer 9, bs_iter=38, k=7501, beta_mu=1.461317106269489e+153, beta_phi=nan
NaN in beta_*: layer 9, bs_iter=38, k=7502, beta_mu=1.6394864643940248e+153, beta_phi=nan
NaN in beta_*: layer 9, bs_iter=38, k=7503, beta_mu=3.2012655657424386e+153, beta_phi=nan
NaN in beta_*: layer 9, bs_iter=38, k=7504, beta_mu=3.8509037092701927e+152, beta_phi=nan
NaN in beta_*: layer 9, bs_iter=38, k=7506, beta_mu=4.773238447640698e+152, beta_phi=nan
NaN in beta_*: layer 9, bs_iter=38, k=7507, beta_mu=3.718237885374267e+153, beta_phi=nan
NaN in beta_*: layer 9, bs_iter=38, k=7510, beta_mu=3.221211637789009e+153, beta_phi=nan
NaN in beta_*: layer 9, bs_iter=38, k=7511, beta_mu=2.0722941716872184e+153, beta_phi=nan
NaN in beta_*: layer 9, bs_iter=38, k=7512, beta_mu=3.322552028820911e+153, beta_phi=nan
NaN in beta_*: layer 9, bs_iter=38, k=7513, beta_mu=2.589326153603104e+153, beta_phi=nan
NaN in beta_*: layer 9, bs_iter=38, k=7514, beta_mu=3.3325818743119406e+153, beta_phi=nan
NaN in beta_*: layer 9, bs_iter=38, k=7515, beta_mu=2.2340391582927776e+153, beta_phi=nan
NaN in beta_*: layer 9, bs_iter=38, k=7516, beta_mu=3.7486770218037234e+152, beta_phi=nan
NaN in beta_*: layer 9, bs_iter=38, k=7517, beta_mu=2.6732093137926484e+153, beta_phi=nan
NaN in beta_*: layer 9, bs_iter=38, k=7518, beta_mu=4.630050124231463e+152, beta_phi=nan
NaN in beta_*: layer 9, bs_iter=38, k=7519, beta_mu=2.337608172829114e+152, beta_phi=nan
NaN in beta_*: layer 9, bs_iter=38, k=7520, beta_mu=2.624212824599337e+152, beta_phi=nan
NaN in beta_*: layer 9, bs_iter=38, k=7521, beta_mu=2.5575508407879896e+153, beta_phi=nan
NaN in beta_*: layer 9, bs_iter=38, k=7522, beta_mu=9.47957433574562e+152, beta_phi=nan
NaN in beta_*: layer 9, bs_iter=38, k=7523, beta_mu=1.7589864695242471e+152, beta_phi=nan
NaN in beta_*: layer 9, bs_iter=38, k=7524, beta_mu=5.355811684697611e+152, beta_phi=nan
NaN in beta_*: layer 9, bs_iter=38, k=7525, beta_mu=2.748994914821475e+152, beta_phi=nan
NaN in beta_*: layer 9, bs_iter=38, k=7526, beta_mu=1.752080218228055e+152, beta_phi=nan
NaN in beta_*: layer 9, bs_iter=38, k=7527, beta_mu=1.621212792701985e+153, beta_phi=nan
NaN in beta_*: layer 9, bs_iter=38, k=7529, beta_mu=8.689793605107051e+152, beta_phi=nan
NaN in beta_*: layer 9, bs_iter=38, k=7530, beta_mu=3.0746880244826375e+152, beta_phi=nan
NaN in beta_*: layer 9, bs_iter=38, k=7533, beta_mu=4.5716557669834734e+153, beta_phi=nan
NaN in beta_*: layer 9, bs_iter=38, k=7534, beta_mu=8.746187271571866e+152, beta_phi=nan
NaN in beta_*: layer 9, bs_iter=38, k=7536, beta_mu=8.678240084813476e+152, beta_phi=nan
NaN in beta_*: layer 9, bs_iter=38, k=7537, beta_mu=1.1747763036434986e+153, beta_phi=nan
NaN in beta_*: layer 9, bs_iter=38, k=7538, beta_mu=2.5474279364717748e+153, beta_phi=nan
NaN in beta_*: layer 9, bs_iter=38, k=7539, beta_mu=7.0930220561775615e+152, beta_phi=nan
NaN in beta_*: layer 9, bs_iter=38, k=7540, beta_mu=8.325838695777773e+152, beta_phi=nan
NaN in beta_*: layer 9, bs_iter=38, k=7541, beta_mu=9.091623063663898e+152, beta_phi=nan
NaN in beta_*: layer 9, bs_iter=38, k=7542, beta_mu=2.164024461733761e+153, beta_phi=nan
NaN in beta_*: layer 9, bs_iter=38, k=7544, beta_mu=2.019031045056889e+153, beta_phi=nan
NaN in beta_*: layer 9, bs_iter=38, k=7546, beta_mu=2.012359325474682e+153, beta_phi=nan
NaN in beta_*: layer 9, bs_iter=38, k=7547, beta_mu=4.7268616298956926e+153, beta_phi=nan
NaN in beta_*: layer 9, bs_iter=38, k=7549, beta_mu=4.728467015021896e+152, beta_phi=nan
NaN in beta_*: layer 9, bs_iter=38, k=7550, beta_mu=3.4166345101296643e+152, beta_phi=nan
NaN in beta_*: layer 9, bs_iter=38, k=7551, beta_mu=2.547059433475639e+153, beta_phi=nan
NaN in beta_*: layer 9, bs_iter=38, k=7552, beta_mu=1.0655453328557532e+153, beta_phi=nan
NaN in beta_*: layer 9, bs_iter=38, k=7553, beta_mu=7.9693809841100875e+152, beta_phi=nan
NaN in beta_*: layer 9, bs_iter=38, k=7554, beta_mu=1.9495454303422944e+153, beta_phi=nan
NaN in beta_*: layer 9, bs_iter=38, k=7555, beta_mu=1.9495453296340346e+153, beta_phi=nan
NaN in beta_*: layer 9, bs_iter=38, k=7556, beta_mu=2.235388199315588e+152, beta_phi=nan
NaN in beta_*: layer 9, bs_iter=38, k=7557, beta_mu=1.446407499451066e+152, beta_phi=nan
NaN in beta_*: layer 9, bs_iter=38, k=7558, beta_mu=1.0180019246076472e+153, beta_phi=nan
NaN in beta_*: layer 9, bs_iter=38, k=7560, beta_mu=3.2405698020443957e+152, beta_phi=nan
NaN in beta_*: layer 9, bs_iter=38, k=7561, beta_mu=2.24302161806602e+152, beta_phi=nan
NaN in beta_*: layer 9, bs_iter=38, k=7563, beta_mu=1.2923279099291214e+153, beta_phi=nan
NaN in beta_*: layer 9, bs_iter=38, k=7565, beta_mu=9.377612434080127e+152, beta_phi=nan
NaN in beta_*: layer 9, bs_iter=38, k=7568, beta_mu=1.0636894877830976e+153, beta_phi=nan
NaN in beta_*: layer 9, bs_iter=38, k=7569, beta_mu=1.1327185060827385e+153, beta_phi=nan
NaN in beta_*: layer 9, bs_iter=38, k=7570, beta_mu=1.075800152624809e+153, beta_phi=nan
NaN in beta_*: layer 9, bs_iter=38, k=7574, beta_mu=3.2533097753185574e+152, beta_phi=nan
NaN in beta_*: layer 9, bs_iter=38, k=7576, beta_mu=2.9697041900428876e+152, beta_phi=nan
NaN in beta_*: layer 9, bs_iter=38, k=7578, beta_mu=1.0518346011619376e+153, beta_phi=nan
NaN in beta_*: layer 9, bs_iter=38, k=7579, beta_mu=1.0489590350576522e+153, beta_phi=nan
NaN in beta_*: layer 9, bs_iter=38, k=7580, beta_mu=2.9770039536534518e+152, beta_phi=nan
NaN in beta_*: layer 9, bs_iter=38, k=7582, beta_mu=1.9231663617400144e+153, beta_phi=nan
NaN in beta_*: layer 9, bs_iter=38, k=7583, beta_mu=2.41345535639948e+152, beta_phi=nan
NaN in beta_*: layer 9, bs_iter=38, k=7584, beta_mu=1.2647960201475047e+153, beta_phi=nan
NaN in beta_*: layer 9, bs_iter=38, k=7585, beta_mu=2.4190781749645703e+152, beta_phi=nan
NaN in beta_*: layer 9, bs_iter=38, k=7587, beta_mu=1.4412845651027832e+152, beta_phi=nan
NaN in beta_*: layer 9, bs_iter=38, k=7588, beta_mu=1.949196820953549e+153, beta_phi=nan
NaN in beta_*: layer 9, bs_iter=38, k=7589, beta_mu=1.68366373145767e+152, beta_phi=nan
NaN in beta_*: layer 9, bs_iter=38, k=7591, beta_mu=1.055595720449263e+153, beta_phi=nan
NaN in beta_*: layer 9, bs_iter=38, k=7592, beta_mu=6.5951001671148645e+152, beta_phi=nan
NaN in beta_*: layer 9, bs_iter=38, k=7594, beta_mu=7.736256028504352e+152, beta_phi=nan
NaN in beta_*: layer 9, bs_iter=38, k=7599, beta_mu=1.921106646799879e+152, beta_phi=nan
NaN in beta_*: layer 9, bs_iter=38, k=7600, beta_mu=1.0374729758350295e+153, beta_phi=nan
NaN in beta_*: layer 9, bs_iter=38, k=7601, beta_mu=9.755906946374746e+152, beta_phi=nan
NaN in beta_*: layer 9, bs_iter=38, k=7602, beta_mu=1.4120953131080271e+153, beta_phi=nan
NaN in beta_*: layer 9, bs_iter=38, k=7603, beta_mu=1.266121747946123e+153, beta_phi=nan
NaN in beta_*: layer 9, bs_iter=38, k=7604, beta_mu=1.7911021272278946e+152, beta_phi=nan
NaN in beta_*: layer 9, bs_iter=38, k=7608, beta_mu=1.922934288211125e+152, beta_phi=nan
NaN in beta_*: layer 9, bs_iter=38, k=7610, beta_mu=4.614380522796705e+153, beta_phi=nan
NaN in beta_*: layer 9, bs_iter=38, k=7611, beta_mu=5.6390250307925275e+152, beta_phi=nan
NaN in beta_*: layer 9, bs_iter=38, k=7612, beta_mu=3.326162160345716e+152, beta_phi=nan
NaN in beta_*: layer 9, bs_iter=38, k=7614, beta_mu=1.977252778909857e+152, beta_phi=nan
NaN in beta_*: layer 9, bs_iter=38, k=7615, beta_mu=1.7781664706417938e+152, beta_phi=nan
NaN in beta_*: layer 9, bs_iter=38, k=7617, beta_mu=7.876190119832094e+153, beta_phi=nan
NaN in beta_*: layer 9, bs_iter=38, k=7618, beta_mu=2.0812583491453185e+153, beta_phi=nan
NaN in beta_*: layer 9, bs_iter=38, k=7619, beta_mu=3.633821620119134e+153, beta_phi=nan
NaN in beta_*: layer 9, bs_iter=38, k=7620, beta_mu=2.1129001461590323e+153, beta_phi=nan
NaN in beta_*: layer 9, bs_iter=38, k=7621, beta_mu=2.0502419586873895e+152, beta_phi=nan
NaN in beta_*: layer 9, bs_iter=38, k=7622, beta_mu=4.437906038475879e+153, beta_phi=nan
NaN in beta_*: layer 9, bs_iter=38, k=7624, beta_mu=9.829300147633338e+151, beta_phi=nan
NaN in beta_*: layer 9, bs_iter=38, k=7625, beta_mu=7.492587674651744e+153, beta_phi=nan
NaN in beta_*: layer 9, bs_iter=38, k=7626, beta_mu=2.9034259642274503e+152, beta_phi=nan
NaN in beta_*: layer 9, bs_iter=38, k=7627, beta_mu=3.680124800581384e+153, beta_phi=nan
NaN in beta_*: layer 9, bs_iter=38, k=7628, beta_mu=7.4131115559855595e+152, beta_phi=nan
NaN in beta_*: layer 9, bs_iter=38, k=7630, beta_mu=2.771091661136475e+152, beta_phi=nan
NaN in beta_*: layer 9, bs_iter=38, k=7631, beta_mu=1.1777318974618811e+153, beta_phi=nan
NaN in beta_*: layer 9, bs_iter=38, k=7632, beta_mu=2.419401549981172e+152, beta_phi=nan
NaN in beta_*: layer 9, bs_iter=38, k=7633, beta_mu=7.745287802618008e+152, beta_phi=nan
NaN in beta_*: layer 9, bs_iter=38, k=7635, beta_mu=1.1743781898702344e+153, beta_phi=nan
NaN in beta_*: layer 9, bs_iter=38, k=7636, beta_mu=6.660484078470433e+152, beta_phi=nan
NaN in beta_*: layer 9, bs_iter=38, k=7640, beta_mu=2.0575155586669445e+152, beta_phi=nan
NaN in beta_*: layer 9, bs_iter=38, k=7641, beta_mu=1.1579986747191488e+153, beta_phi=nan
NaN in beta_*: layer 9, bs_iter=38, k=7642, beta_mu=1.2238073534090436e+153, beta_phi=nan
NaN in beta_*: layer 9, bs_iter=38, k=7643, beta_mu=2.030808792385842e+152, beta_phi=nan
NaN in beta_*: layer 9, bs_iter=38, k=7644, beta_mu=2.0319229465009625e+152, beta_phi=nan
NaN in beta_*: layer 9, bs_iter=38, k=7645, beta_mu=1.132951508122717e+153, beta_phi=nan
NaN in beta_*: layer 9, bs_iter=38, k=7648, beta_mu=2.0264565861707772e+152, beta_phi=nan
NaN in beta_*: layer 9, bs_iter=38, k=7649, beta_mu=1.5298006510696658e+152, beta_phi=nan
NaN in beta_*: layer 9, bs_iter=38, k=7650, beta_mu=3.6275124712240707e+152, beta_phi=nan
NaN in beta_*: layer 9, bs_iter=38, k=7651, beta_mu=2.0091463821871304e+152, beta_phi=nan
NaN in beta_*: layer 9, bs_iter=38, k=7652, beta_mu=1.207558609074511e+153, beta_phi=nan
NaN in beta_*: layer 9, bs_iter=38, k=7654, beta_mu=7.789974948136315e+152, beta_phi=nan
NaN in beta_*: layer 9, bs_iter=38, k=7655, beta_mu=2.0281412054127086e+152, beta_phi=nan
NaN in beta_*: layer 9, bs_iter=38, k=7657, beta_mu=1.172558257782589e+153, beta_phi=nan
NaN in beta_*: layer 9, bs_iter=38, k=7659, beta_mu=1.9125080445645977e+152, beta_phi=nan
NaN in beta_*: layer 9, bs_iter=38, k=7660, beta_mu=2.031927923008017e+152, beta_phi=nan
NaN in beta_*: layer 9, bs_iter=38, k=7662, beta_mu=1.1926555772069932e+153, beta_phi=nan
NaN in beta_*: layer 9, bs_iter=38, k=7663, beta_mu=2.0134182841914634e+152, beta_phi=nan
NaN in beta_*: layer 9, bs_iter=38, k=7664, beta_mu=2.0046003942829095e+152, beta_phi=nan
NaN in beta_*: layer 9, bs_iter=38, k=7665, beta_mu=7.444923111129438e+152, beta_phi=nan
NaN in beta_*: layer 9, bs_iter=38, k=7666, beta_mu=1.1633012447340537e+153, beta_phi=nan
NaN in beta_*: layer 9, bs_iter=38, k=7667, beta_mu=1.8931253837199254e+152, beta_phi=nan
NaN in beta_*: layer 9, bs_iter=38, k=7668, beta_mu=2.0197424424934006e+152, beta_phi=nan
NaN in beta_*: layer 9, bs_iter=38, k=7670, beta_mu=1.605802855393595e+152, beta_phi=nan
NaN in beta_*: layer 9, bs_iter=38, k=7672, beta_mu=2.0664969215729877e+152, beta_phi=nan
NaN in beta_*: layer 9, bs_iter=38, k=7674, beta_mu=1.705595843715694e+152, beta_phi=nan
NaN in beta_*: layer 9, bs_iter=38, k=7676, beta_mu=1.2473132013371048e+153, beta_phi=nan
NaN in beta_*: layer 9, bs_iter=38, k=7677, beta_mu=2.141664590149572e+152, beta_phi=nan
NaN in beta_*: layer 9, bs_iter=38, k=7679, beta_mu=1.7802827676618094e+152, beta_phi=nan
NaN in beta_*: layer 9, bs_iter=38, k=7681, beta_mu=1.4522151816097438e+152, beta_phi=nan
NaN in beta_*: layer 9, bs_iter=38, k=7682, beta_mu=1.6189790611806006e+152, beta_phi=nan
NaN in beta_*: layer 9, bs_iter=38, k=7683, beta_mu=1.2676235111612687e+153, beta_phi=nan
NaN in beta_*: layer 9, bs_iter=38, k=7685, beta_mu=1.2324079224509667e+153, beta_phi=nan
NaN in beta_*: layer 9, bs_iter=38, k=7691, beta_mu=2.2212096426327433e+152, beta_phi=nan
NaN in beta_*: layer 9, bs_iter=38, k=7693, beta_mu=1.395311979087073e+152, beta_phi=nan
NaN in beta_*: layer 9, bs_iter=38, k=7694, beta_mu=1.361245228363751e+153, beta_phi=nan
NaN in beta_*: layer 9, bs_iter=38, k=7695, beta_mu=1.3731598661492087e+152, beta_phi=nan
NaN in beta_*: layer 9, bs_iter=38, k=7698, beta_mu=1.183111209372953e+153, beta_phi=nan
NaN in beta_*: layer 9, bs_iter=38, k=7699, beta_mu=1.5187564474587067e+153, beta_phi=nan
NaN in beta_*: layer 9, bs_iter=38, k=7700, beta_mu=4.459271271917685e+153, beta_phi=nan
NaN in beta_*: layer 9, bs_iter=38, k=7701, beta_mu=1.1136449515563765e+153, beta_phi=nan
NaN in beta_*: layer 9, bs_iter=38, k=7702, beta_mu=1.9881750165135442e+152, beta_phi=nan
NaN in beta_*: layer 9, bs_iter=38, k=7704, beta_mu=1.2554556672402525e+153, beta_phi=nan
NaN in beta_*: layer 9, bs_iter=38, k=7705, beta_mu=7.447242565051772e+152, beta_phi=nan
NaN in beta_*: layer 9, bs_iter=38, k=7709, beta_mu=1.2261675970182157e+153, beta_phi=nan
NaN in beta_*: layer 9, bs_iter=38, k=7711, beta_mu=5.114179957245789e+152, beta_phi=nan
NaN in beta_*: layer 9, bs_iter=38, k=7712, beta_mu=2.118948421258955e+152, beta_phi=nan
NaN in beta_*: layer 9, bs_iter=38, k=7716, beta_mu=1.2249530972299695e+152, beta_phi=nan
NaN in beta_*: layer 9, bs_iter=38, k=7717, beta_mu=1.1072235402386332e+152, beta_phi=nan
NaN in beta_*: layer 9, bs_iter=38, k=7718, beta_mu=1.7564527866715353e+153, beta_phi=nan
NaN in beta_*: layer 9, bs_iter=38, k=7721, beta_mu=1.74982971882313e+153, beta_phi=nan
NaN in beta_*: layer 9, bs_iter=38, k=7723, beta_mu=3.0635651678934413e+152, beta_phi=nan
NaN in beta_*: layer 9, bs_iter=38, k=7724, beta_mu=5.093376874559398e+152, beta_phi=nan
NaN in beta_*: layer 9, bs_iter=38, k=7725, beta_mu=5.031361620320498e+152, beta_phi=nan
NaN in beta_*: layer 9, bs_iter=38, k=7726, beta_mu=5.383753798123698e+152, beta_phi=nan
NaN in beta_*: layer 9, bs_iter=38, k=7728, beta_mu=1.2256430043634108e+153, beta_phi=nan
NaN in beta_*: layer 9, bs_iter=38, k=7729, beta_mu=1.2433735016384157e+153, beta_phi=nan
NaN in beta_*: layer 9, bs_iter=38, k=7731, beta_mu=1.8436590573873606e+153, beta_phi=nan
NaN in beta_*: layer 9, bs_iter=38, k=7732, beta_mu=1.6667445549532906e+153, beta_phi=nan
NaN in beta_*: layer 9, bs_iter=38, k=7736, beta_mu=8.410388435366902e+152, beta_phi=nan
NaN in beta_*: layer 9, bs_iter=38, k=7739, beta_mu=1.0243547921776547e+152, beta_phi=nan
NaN in beta_*: layer 9, bs_iter=38, k=7741, beta_mu=5.815336710646846e+152, beta_phi=nan
NaN in beta_*: layer 9, bs_iter=38, k=7742, beta_mu=1.292473702985224e+153, beta_phi=nan
NaN in beta_*: layer 9, bs_iter=38, k=7745, beta_mu=2.4039871143187945e+152, beta_phi=nan
NaN in beta_*: layer 9, bs_iter=38, k=7747, beta_mu=2.1758080103031195e+153, beta_phi=nan
NaN in beta_*: layer 9, bs_iter=38, k=7748, beta_mu=7.677729824499363e+152, beta_phi=nan
NaN in beta_*: layer 9, bs_iter=38, k=7749, beta_mu=6.1211078494015415e+152, beta_phi=nan
NaN in beta_*: layer 9, bs_iter=38, k=7750, beta_mu=3.9390523165868257e+152, beta_phi=nan
NaN in beta_*: layer 9, bs_iter=38, k=7751, beta_mu=3.5625991149936765e+152, beta_phi=nan
NaN in beta_*: layer 9, bs_iter=38, k=7752, beta_mu=1.6391689601946896e+153, beta_phi=nan
NaN in beta_*: layer 9, bs_iter=38, k=7754, beta_mu=4.970426234921442e+152, beta_phi=nan
NaN in beta_*: layer 9, bs_iter=38, k=7759, beta_mu=3.844926444701675e+152, beta_phi=nan
NaN in beta_*: layer 9, bs_iter=38, k=7760, beta_mu=7.974174523738383e+152, beta_phi=nan
NaN in beta_*: layer 9, bs_iter=38, k=7761, beta_mu=7.07039822300683e+152, beta_phi=nan
NaN in beta_*: layer 9, bs_iter=38, k=7762, beta_mu=5.460983449117151e+152, beta_phi=nan
NaN in beta_*: layer 9, bs_iter=38, k=7763, beta_mu=1.5417486127291444e+153, beta_phi=nan
NaN in beta_*: layer 9, bs_iter=38, k=7766, beta_mu=2.813767692930916e+152, beta_phi=nan
NaN in beta_*: layer 9, bs_iter=38, k=7767, beta_mu=3.89228882651277e+152, beta_phi=nan
NaN in beta_*: layer 9, bs_iter=38, k=7768, beta_mu=3.9031829357734047e+152, beta_phi=nan
NaN in beta_*: layer 9, bs_iter=38, k=7770, beta_mu=7.731628645460721e+152, beta_phi=nan
NaN in beta_*: layer 9, bs_iter=38, k=7771, beta_mu=1.8162820949607167e+152, beta_phi=nan
NaN in beta_*: layer 9, bs_iter=38, k=7773, beta_mu=1.0204250010000885e+153, beta_phi=nan
NaN in beta_*: layer 9, bs_iter=38, k=7774, beta_mu=3.704008317676912e+152, beta_phi=nan
NaN in beta_*: layer 9, bs_iter=38, k=7775, beta_mu=7.242213185201002e+152, beta_phi=nan
NaN in beta_*: layer 9, bs_iter=38, k=7778, beta_mu=6.232437841195911e+152, beta_phi=nan
NaN in beta_*: layer 9, bs_iter=38, k=7779, beta_mu=1.0877590091540611e+153, beta_phi=nan
NaN in beta_*: layer 9, bs_iter=38, k=7781, beta_mu=2.5331959531512e+152, beta_phi=nan
NaN in beta_*: layer 9, bs_iter=38, k=7784, beta_mu=2.1496483129508578e+153, beta_phi=nan
NaN in beta_*: layer 9, bs_iter=38, k=7787, beta_mu=3.914710663015819e+152, beta_phi=nan
NaN in beta_*: layer 9, bs_iter=38, k=7788, beta_mu=1.7588660794925343e+152, beta_phi=nan
NaN in beta_*: layer 9, bs_iter=38, k=7790, beta_mu=8.439732988796962e+152, beta_phi=nan
NaN in beta_*: layer 9, bs_iter=38, k=7791, beta_mu=4.942928318988502e+152, beta_phi=nan
NaN in beta_*: layer 9, bs_iter=38, k=7795, beta_mu=2.717069860492729e+152, beta_phi=nan
NaN in beta_*: layer 9, bs_iter=38, k=7797, beta_mu=2.9647426134746416e+152, beta_phi=nan
NaN in beta_*: layer 9, bs_iter=38, k=7798, beta_mu=1.6753130054603672e+152, beta_phi=nan
NaN in beta_*: layer 9, bs_iter=38, k=7800, beta_mu=7.234021061918432e+152, beta_phi=nan
NaN in beta_*: layer 9, bs_iter=38, k=7810, beta_mu=8.347018938059339e+152, beta_phi=nan
NaN in beta_*: layer 9, bs_iter=38, k=7819, beta_mu=8.77503451569588e+152, beta_phi=nan
NaN in beta_*: layer 9, bs_iter=38, k=7820, beta_mu=2.7332309501765086e+152, beta_phi=nan
NaN in beta_*: layer 9, bs_iter=38, k=7821, beta_mu=4.631545598959919e+152, beta_phi=nan
NaN in beta_*: layer 9, bs_iter=38, k=7822, beta_mu=3.7400367024987017e+152, beta_phi=nan
NaN in beta_*: layer 9, bs_iter=38, k=7824, beta_mu=3.349236164138304e+152, beta_phi=nan
NaN in beta_*: layer 9, bs_iter=38, k=7825, beta_mu=1.8859126895313075e+152, beta_phi=nan
NaN in beta_*: layer 9, bs_iter=38, k=7826, beta_mu=1.5449494788944519e+152, beta_phi=nan
NaN in beta_*: layer 9, bs_iter=38, k=7831, beta_mu=1.6710655482075034e+152, beta_phi=nan
NaN in beta_*: layer 9, bs_iter=38, k=7840, beta_mu=1.7574084049721703e+152, beta_phi=nan
NaN in beta_*: layer 9, bs_iter=38, k=7842, beta_mu=1.698176006154616e+152, beta_phi=nan
NaN in beta_*: layer 9, bs_iter=38, k=7847, beta_mu=1.077843094482186e+153, beta_phi=nan
NaN in beta_*: layer 9, bs_iter=38, k=7861, beta_mu=2.4763336116416036e+152, beta_phi=nan
NaN in beta_*: layer 9, bs_iter=38, k=7863, beta_mu=1.0278019657491677e+152, beta_phi=nan
NaN in beta_*: layer 9, bs_iter=38, k=7866, beta_mu=1.0393362886717449e+152, beta_phi=nan
NaN in beta_*: layer 9, bs_iter=38, k=7867, beta_mu=3.225022295679679e+152, beta_phi=nan
NaN in beta_*: layer 9, bs_iter=38, k=7868, beta_mu=4.659357236484338e+152, beta_phi=nan
NaN in beta_*: layer 9, bs_iter=38, k=7870, beta_mu=3.1251704619863302e+152, beta_phi=nan
NaN in beta_*: layer 9, bs_iter=38, k=7873, beta_mu=6.470785632755964e+152, beta_phi=nan
NaN in beta_*: layer 9, bs_iter=38, k=7877, beta_mu=1.1198352339797715e+153, beta_phi=nan
NaN in beta_*: layer 9, bs_iter=38, k=7879, beta_mu=1.7617783597484015e+152, beta_phi=nan
NaN in beta_*: layer 9, bs_iter=38, k=7881, beta_mu=3.273559306043171e+152, beta_phi=nan
NaN in beta_*: layer 9, bs_iter=38, k=7886, beta_mu=1.794280669073549e+152, beta_phi=nan
NaN in beta_*: layer 9, bs_iter=38, k=7891, beta_mu=6.95401184641876e+152, beta_phi=nan
NaN in beta_*: layer 9, bs_iter=38, k=7892, beta_mu=7.181865361482175e+152, beta_phi=nan
NaN in beta_*: layer 9, bs_iter=38, k=7893, beta_mu=7.193441689307272e+152, beta_phi=nan
NaN in beta_*: layer 9, bs_iter=38, k=7894, beta_mu=5.0013310677639865e+152, beta_phi=nan
NaN in beta_*: layer 9, bs_iter=38, k=7895, beta_mu=3.931127817210247e+152, beta_phi=nan
NaN in beta_*: layer 9, bs_iter=38, k=7896, beta_mu=6.91791365950249e+152, beta_phi=nan
NaN in beta_*: layer 9, bs_iter=38, k=7897, beta_mu=7.148325962199547e+152, beta_phi=nan
NaN in beta_*: layer 9, bs_iter=38, k=7898, beta_mu=2.7334926239595405e+152, beta_phi=nan
NaN in beta_*: layer 9, bs_iter=38, k=7899, beta_mu=7.363284070099991e+152, beta_phi=nan
NaN in beta_*: layer 9, bs_iter=38, k=7900, beta_mu=5.874037789204158e+152, beta_phi=nan
NaN in beta_*: layer 9, bs_iter=38, k=7901, beta_mu=1.1691328424342022e+152, beta_phi=nan
NaN in beta_*: layer 9, bs_iter=38, k=7903, beta_mu=3.8355267478003377e+152, beta_phi=nan
NaN in beta_*: layer 9, bs_iter=38, k=7904, beta_mu=3.531419290829355e+152, beta_phi=nan
NaN in beta_*: layer 9, bs_iter=38, k=7905, beta_mu=1.5731653169729057e+152, beta_phi=nan
NaN in beta_*: layer 9, bs_iter=38, k=7906, beta_mu=5.665888261522257e+152, beta_phi=nan
NaN in beta_*: layer 9, bs_iter=38, k=7907, beta_mu=5.694198078463787e+152, beta_phi=nan
NaN in beta_*: layer 9, bs_iter=38, k=7908, beta_mu=2.9514385030071297e+152, beta_phi=nan
NaN in beta_*: layer 9, bs_iter=38, k=7909, beta_mu=1.5962548154555628e+152, beta_phi=nan
NaN in beta_*: layer 9, bs_iter=38, k=7914, beta_mu=3.5592706358596514e+152, beta_phi=nan
NaN in beta_*: layer 9, bs_iter=38, k=7915, beta_mu=2.017947799925653e+152, beta_phi=nan
NaN in beta_*: layer 9, bs_iter=38, k=7917, beta_mu=3.2680458541231154e+152, beta_phi=nan
NaN in beta_*: layer 9, bs_iter=38, k=7918, beta_mu=6.5745582055561425e+152, beta_phi=nan
NaN in beta_*: layer 9, bs_iter=38, k=7919, beta_mu=1.846851975936731e+152, beta_phi=nan
NaN in beta_*: layer 9, bs_iter=38, k=7920, beta_mu=6.489741758069043e+152, beta_phi=nan
NaN in beta_*: layer 9, bs_iter=38, k=7921, beta_mu=9.659906792908521e+152, beta_phi=nan
NaN in beta_*: layer 9, bs_iter=38, k=7922, beta_mu=1.787637090530963e+152, beta_phi=nan
NaN in beta_*: layer 9, bs_iter=38, k=7923, beta_mu=2.2576514148020837e+152, beta_phi=nan
NaN in beta_*: layer 9, bs_iter=38, k=7924, beta_mu=4.7432749895901825e+152, beta_phi=nan
NaN in beta_*: layer 9, bs_iter=38, k=7925, beta_mu=4.55492645480426e+152, beta_phi=nan
NaN in beta_*: layer 9, bs_iter=38, k=7927, beta_mu=6.458156364835715e+152, beta_phi=nan
NaN in beta_*: layer 9, bs_iter=38, k=7929, beta_mu=1.9552215794955535e+152, beta_phi=nan
NaN in beta_*: layer 9, bs_iter=38, k=7930, beta_mu=1.0602544282862685e+152, beta_phi=nan
NaN in beta_*: layer 9, bs_iter=38, k=7931, beta_mu=4.660037999787715e+152, beta_phi=nan
NaN in beta_*: layer 9, bs_iter=38, k=7933, beta_mu=1.9552272953550676e+152, beta_phi=nan
NaN in beta_*: layer 9, bs_iter=38, k=7934, beta_mu=5.630311429722799e+152, beta_phi=nan
NaN in beta_*: layer 9, bs_iter=38, k=7935, beta_mu=1.5439204136315117e+152, beta_phi=nan
NaN in beta_*: layer 9, bs_iter=38, k=7937, beta_mu=4.476256447676508e+152, beta_phi=nan
NaN in beta_*: layer 9, bs_iter=38, k=7938, beta_mu=1.964355606416698e+152, beta_phi=nan
NaN in beta_*: layer 9, bs_iter=38, k=7940, beta_mu=4.4590089436298265e+152, beta_phi=nan
NaN in beta_*: layer 9, bs_iter=38, k=7941, beta_mu=2.479673074569373e+152, beta_phi=nan
NaN in beta_*: layer 9, bs_iter=38, k=7942, beta_mu=5.544843627628565e+152, beta_phi=nan
NaN in beta_*: layer 9, bs_iter=38, k=7947, beta_mu=5.560505737240598e+152, beta_phi=nan
NaN in beta_*: layer 9, bs_iter=38, k=7949, beta_mu=1.5943291086070217e+152, beta_phi=nan
NaN in beta_*: layer 9, bs_iter=38, k=7950, beta_mu=1.5591934186965163e+152, beta_phi=nan
NaN in beta_*: layer 9, bs_iter=38, k=7952, beta_mu=1.5573463113870648e+152, beta_phi=nan
NaN in beta_*: layer 9, bs_iter=38, k=7953, beta_mu=4.695427998294373e+152, beta_phi=nan
NaN in beta_*: layer 9, bs_iter=38, k=7955, beta_mu=3.4677548522206693e+152, beta_phi=nan
NaN in beta_*: layer 9, bs_iter=38, k=7956, beta_mu=1.9267033792519057e+152, beta_phi=nan
NaN in beta_*: layer 9, bs_iter=38, k=7957, beta_mu=5.560505852718589e+152, beta_phi=nan
NaN in beta_*: layer 9, bs_iter=38, k=7958, beta_mu=1.5939818752338482e+152, beta_phi=nan
NaN in beta_*: layer 9, bs_iter=38, k=7959, beta_mu=9.961983288105815e+151, beta_phi=nan
NaN in beta_*: layer 9, bs_iter=38, k=7960, beta_mu=6.50206962189692e+152, beta_phi=nan
NaN in beta_*: layer 9, bs_iter=38, k=7963, beta_mu=5.536930800608407e+152, beta_phi=nan
NaN in beta_*: layer 9, bs_iter=38, k=7964, beta_mu=3.5729296184377217e+152, beta_phi=nan
NaN in beta_*: layer 9, bs_iter=38, k=7965, beta_mu=3.0794121805865197e+152, beta_phi=nan
NaN in beta_*: layer 9, bs_iter=38, k=7967, beta_mu=9.966369860050349e+151, beta_phi=nan
NaN in beta_*: layer 9, bs_iter=38, k=7968, beta_mu=9.609625902463084e+151, beta_phi=nan
NaN in beta_*: layer 9, bs_iter=38, k=7969, beta_mu=3.9025227829435177e+152, beta_phi=nan
NaN in beta_*: layer 9, bs_iter=38, k=7970, beta_mu=6.560003535435478e+152, beta_phi=nan
NaN in beta_*: layer 9, bs_iter=38, k=7972, beta_mu=1.6664451994445027e+152, beta_phi=nan
NaN in beta_*: layer 9, bs_iter=38, k=7974, beta_mu=1.0826914929725442e+152, beta_phi=nan
NaN in beta_*: layer 9, bs_iter=38, k=7976, beta_mu=3.671884185184125e+152, beta_phi=nan
NaN in beta_*: layer 9, bs_iter=38, k=7977, beta_mu=1.444153282926433e+152, beta_phi=nan
NaN in beta_*: layer 9, bs_iter=38, k=7978, beta_mu=1.3847258328834222e+152, beta_phi=nan
NaN in beta_*: layer 9, bs_iter=38, k=7980, beta_mu=2.195337170892069e+152, beta_phi=nan
NaN in beta_*: layer 9, bs_iter=38, k=7981, beta_mu=1.7468171240331547e+152, beta_phi=nan
NaN in beta_*: layer 9, bs_iter=38, k=7982, beta_mu=8.84863125632932e+152, beta_phi=nan
NaN in beta_*: layer 9, bs_iter=38, k=7983, beta_mu=8.88673750611392e+152, beta_phi=nan
NaN in beta_*: layer 9, bs_iter=38, k=7984, beta_mu=2.860608322414563e+152, beta_phi=nan
NaN in beta_*: layer 9, bs_iter=38, k=7985, beta_mu=6.927672312393523e+152, beta_phi=nan
NaN in beta_*: layer 9, bs_iter=38, k=7986, beta_mu=4.451628646952414e+152, beta_phi=nan
NaN in beta_*: layer 9, bs_iter=38, k=7988, beta_mu=6.544842649548377e+152, beta_phi=nan
NaN in beta_*: layer 9, bs_iter=38, k=7990, beta_mu=8.787550277252347e+152, beta_phi=nan
NaN in beta_*: layer 9, bs_iter=38, k=7991, beta_mu=2.0675200948060103e+152, beta_phi=nan
NaN in beta_*: layer 9, bs_iter=38, k=7992, beta_mu=2.1165967932161586e+152, beta_phi=nan
NaN in beta_*: layer 9, bs_iter=38, k=7993, beta_mu=7.563003580318811e+152, beta_phi=nan
NaN in beta_*: layer 9, bs_iter=38, k=7994, beta_mu=1.459383390849477e+152, beta_phi=nan
NaN in beta_*: layer 9, bs_iter=38, k=7995, beta_mu=2.607695139841797e+152, beta_phi=nan
NaN in beta_*: layer 9, bs_iter=38, k=7997, beta_mu=1.5139976414931127e+152, beta_phi=nan
NaN in beta_*: layer 9, bs_iter=38, k=8000, beta_mu=3.85545950557163e+152, beta_phi=nan
NaN in beta_*: layer 9, bs_iter=38, k=8001, beta_mu=1.9845367197155872e+152, beta_phi=nan
NaN in beta_*: layer 9, bs_iter=38, k=8002, beta_mu=9.464268933701029e+152, beta_phi=nan
NaN in beta_*: layer 9, bs_iter=38, k=8003, beta_mu=5.524553020336178e+152, beta_phi=nan
NaN in beta_*: layer 9, bs_iter=38, k=8004, beta_mu=7.582332785185725e+152, beta_phi=nan
NaN in beta_*: layer 9, bs_iter=38, k=8005, beta_mu=3.4783993326764773e+152, beta_phi=nan
NaN in beta_*: layer 9, bs_iter=38, k=8006, beta_mu=7.318542138226886e+152, beta_phi=nan
NaN in beta_*: layer 9, bs_iter=38, k=8007, beta_mu=3.5781737051784205e+152, beta_phi=nan
NaN in beta_*: layer 9, bs_iter=38, k=8010, beta_mu=1.541240631323233e+152, beta_phi=nan
NaN in beta_*: layer 9, bs_iter=38, k=8011, beta_mu=1.4518424592125268e+152, beta_phi=nan
NaN in beta_*: layer 9, bs_iter=38, k=8012, beta_mu=1.53507986253501e+152, beta_phi=nan
NaN in beta_*: layer 9, bs_iter=38, k=8013, beta_mu=1.5716187210457856e+152, beta_phi=nan
NaN in beta_*: layer 9, bs_iter=38, k=8015, beta_mu=1.5854683959496167e+152, beta_phi=nan
NaN in beta_*: layer 9, bs_iter=38, k=8016, beta_mu=5.03556670346962e+152, beta_phi=nan
NaN in beta_*: layer 9, bs_iter=38, k=8017, beta_mu=6.408826318392597e+152, beta_phi=nan
NaN in beta_*: layer 9, bs_iter=38, k=8028, beta_mu=4.671784320009524e+152, beta_phi=nan
NaN in beta_*: layer 9, bs_iter=38, k=8031, beta_mu=1.3952078647490117e+152, beta_phi=nan
NaN in beta_*: layer 9, bs_iter=38, k=8032, beta_mu=3.469711500937901e+152, beta_phi=nan
NaN in beta_*: layer 9, bs_iter=38, k=8037, beta_mu=3.327695522786741e+152, beta_phi=nan
NaN in beta_*: layer 9, bs_iter=38, k=8043, beta_mu=2.512512283802434e+152, beta_phi=nan
NaN in beta_*: layer 9, bs_iter=38, k=8044, beta_mu=9.868370318980566e+151, beta_phi=nan
NaN in beta_*: layer 9, bs_iter=38, k=8045, beta_mu=1.0035459154953084e+152, beta_phi=nan
NaN in beta_*: layer 9, bs_iter=38, k=8050, beta_mu=3.4651877778701684e+152, beta_phi=nan
NaN in beta_*: layer 9, bs_iter=38, k=8055, beta_mu=2.8943620755037354e+152, beta_phi=nan
NaN in beta_*: layer 9, bs_iter=38, k=8060, beta_mu=3.053098911432746e+152, beta_phi=nan
NaN in beta_*: layer 9, bs_iter=38, k=8061, beta_mu=3.2600107404145635e+152, beta_phi=nan
NaN in beta_*: layer 9, bs_iter=38, k=8066, beta_mu=4.712839512207574e+152, beta_phi=nan
NaN in beta_*: layer 9, bs_iter=38, k=8077, beta_mu=1.2809539212103126e+152, beta_phi=nan
NaN in beta_*: layer 9, bs_iter=38, k=8079, beta_mu=6.274310938852206e+152, beta_phi=nan
NaN in beta_*: layer 9, bs_iter=38, k=8080, beta_mu=4.481572047968488e+152, beta_phi=nan
NaN in beta_*: layer 9, bs_iter=38, k=8082, beta_mu=2.8943583481574797e+152, beta_phi=nan
NaN in beta_*: layer 9, bs_iter=38, k=8093, beta_mu=1.478174250410505e+152, beta_phi=nan
NaN in beta_*: layer 9, bs_iter=38, k=8094, beta_mu=2.1237383726908697e+152, beta_phi=nan
NaN in beta_*: layer 9, bs_iter=38, k=8097, beta_mu=1.9616537177907757e+152, beta_phi=nan
NaN in beta_*: layer 9, bs_iter=38, k=8102, beta_mu=3.443890045811414e+152, beta_phi=nan
NaN in beta_*: layer 9, bs_iter=38, k=8104, beta_mu=3.9528678998100504e+152, beta_phi=nan
NaN in beta_*: layer 9, bs_iter=38, k=8109, beta_mu=6.154833221572943e+152, beta_phi=nan
NaN in beta_*: layer 9, bs_iter=38, k=8114, beta_mu=1.1943454767612128e+152, beta_phi=nan
NaN in beta_*: layer 9, bs_iter=38, k=8120, beta_mu=4.63424819394607e+152, beta_phi=nan
NaN in beta_*: layer 9, bs_iter=38, k=8126, beta_mu=4.806203600208269e+152, beta_phi=nan
NaN in beta_*: layer 9, bs_iter=38, k=8127, beta_mu=2.182330652622278e+152, beta_phi=nan
NaN in beta_*: layer 9, bs_iter=38, k=8128, beta_mu=3.954835561523694e+152, beta_phi=nan
NaN in beta_*: layer 9, bs_iter=38, k=8131, beta_mu=1.804581881760045e+152, beta_phi=nan
NaN in beta_*: layer 9, bs_iter=38, k=8135, beta_mu=1.0939319057331433e+153, beta_phi=nan
NaN in beta_*: layer 9, bs_iter=38, k=8141, beta_mu=1.1668659990394703e+153, beta_phi=nan
NaN in beta_*: layer 9, bs_iter=38, k=8142, beta_mu=1.2217910746980226e+152, beta_phi=nan
NaN in beta_*: layer 9, bs_iter=38, k=8144, beta_mu=4.623425878291881e+152, beta_phi=nan
NaN in beta_*: layer 9, bs_iter=38, k=8145, beta_mu=1.2172217454216843e+152, beta_phi=nan
NaN in beta_*: layer 9, bs_iter=38, k=8147, beta_mu=1.214715514899124e+152, beta_phi=nan
NaN in beta_*: layer 9, bs_iter=38, k=8148, beta_mu=1.3990058557894374e+152, beta_phi=nan
NaN in beta_*: layer 9, bs_iter=38, k=8149, beta_mu=1.2232027058621873e+152, beta_phi=nan
NaN in beta_*: layer 9, bs_iter=38, k=8150, beta_mu=7.541985997920196e+152, beta_phi=nan
NaN in beta_*: layer 9, bs_iter=38, k=8153, beta_mu=1.2523277442326459e+152, beta_phi=nan
NaN in beta_*: layer 9, bs_iter=38, k=8154, beta_mu=1.2572595474631192e+152, beta_phi=nan
NaN in beta_*: layer 9, bs_iter=38, k=8160, beta_mu=3.2761698539574887e+152, beta_phi=nan
NaN in beta_*: layer 9, bs_iter=38, k=8163, beta_mu=3.7230342358814065e+152, beta_phi=nan
NaN in beta_*: layer 9, bs_iter=38, k=8165, beta_mu=1.2200562452989561e+152, beta_phi=nan
NaN in beta_*: layer 9, bs_iter=38, k=8166, beta_mu=1.1933086458699354e+152, beta_phi=nan
NaN in beta_*: layer 9, bs_iter=38, k=8178, beta_mu=9.994107392148879e+151, beta_phi=nan
NaN in beta_*: layer 9, bs_iter=38, k=8183, beta_mu=4.714298888825063e+152, beta_phi=nan
NaN in beta_*: layer 9, bs_iter=38, k=8185, beta_mu=3.930629143153039e+152, beta_phi=nan
NaN in beta_*: layer 9, bs_iter=38, k=8186, beta_mu=3.27517432005586e+152, beta_phi=nan
NaN in beta_*: layer 9, bs_iter=38, k=8187, beta_mu=2.297596427274067e+152, beta_phi=nan
NaN in beta_*: layer 9, bs_iter=38, k=8193, beta_mu=3.831999706433963e+152, beta_phi=nan
NaN in beta_*: layer 9, bs_iter=38, k=8199, beta_mu=5.583681982234961e+152, beta_phi=nan
NaN in beta_*: layer 9, bs_iter=38, k=8203, beta_mu=3.8654823506999178e+152, beta_phi=nan
NaN in beta_*: layer 9, bs_iter=38, k=8204, beta_mu=2.9335090570248127e+152, beta_phi=nan
NaN in beta_*: layer 9, bs_iter=38, k=8214, beta_mu=5.584023982998432e+152, beta_phi=nan
NaN in beta_*: layer 9, bs_iter=38, k=8216, beta_mu=4.416355271737994e+152, beta_phi=nan
NaN in beta_*: layer 9, bs_iter=38, k=8220, beta_mu=4.456908960184969e+152, beta_phi=nan
NaN in beta_*: layer 9, bs_iter=38, k=8229, beta_mu=4.480427775387538e+152, beta_phi=nan
NaN in beta_*: layer 9, bs_iter=38, k=8233, beta_mu=3.2731764685438907e+152, beta_phi=nan
NaN in beta_*: layer 9, bs_iter=38, k=8235, beta_mu=7.920840083018481e+152, beta_phi=nan
NaN in beta_*: layer 9, bs_iter=38, k=8237, beta_mu=3.8611832477698066e+152, beta_phi=nan
NaN in beta_*: layer 9, bs_iter=38, k=8239, beta_mu=4.638539797946756e+152, beta_phi=nan
NaN in beta_*: layer 9, bs_iter=38, k=8241, beta_mu=1.4336519319271282e+152, beta_phi=nan
NaN in beta_*: layer 9, bs_iter=38, k=8244, beta_mu=3.6689829460085796e+152, beta_phi=nan
NaN in beta_*: layer 9, bs_iter=38, k=8247, beta_mu=4.162915120593153e+152, beta_phi=nan
NaN in beta_*: layer 9, bs_iter=38, k=8248, beta_mu=3.7253969374040615e+152, beta_phi=nan
NaN in beta_*: layer 9, bs_iter=38, k=8251, beta_mu=3.0063291187860122e+152, beta_phi=nan
NaN in beta_*: layer 9, bs_iter=38, k=8252, beta_mu=1.2453247868484981e+152, beta_phi=nan
NaN in beta_*: layer 9, bs_iter=38, k=8254, beta_mu=1.277192666553017e+152, beta_phi=nan
NaN in beta_*: layer 9, bs_iter=38, k=8258, beta_mu=3.2195822402143585e+152, beta_phi=nan
NaN in beta_*: layer 9, bs_iter=38, k=8265, beta_mu=3.447545431960992e+152, beta_phi=nan
NaN in beta_*: layer 9, bs_iter=38, k=8270, beta_mu=1.1949195665953276e+152, beta_phi=nan
NaN in beta_*: layer 9, bs_iter=38, k=8277, beta_mu=2.552415345546214e+152, beta_phi=nan
NaN in beta_*: layer 9, bs_iter=38, k=8279, beta_mu=1.3419047738742834e+152, beta_phi=nan
NaN in beta_*: layer 9, bs_iter=38, k=8283, beta_mu=2.812650409680764e+152, beta_phi=nan
NaN in beta_*: layer 9, bs_iter=38, k=8292, beta_mu=1.0532168509214008e+152, beta_phi=nan
NaN in beta_*: layer 9, bs_iter=38, k=8300, beta_mu=1.396358997935655e+152, beta_phi=nan
NaN in beta_*: layer 9, bs_iter=38, k=8307, beta_mu=2.373120230015439e+152, beta_phi=nan
NaN in beta_*: layer 9, bs_iter=38, k=8321, beta_mu=1.3987804640927846e+152, beta_phi=nan
NaN in beta_*: layer 9, bs_iter=38, k=8322, beta_mu=1.507725508466517e+152, beta_phi=nan
NaN in beta_*: layer 9, bs_iter=38, k=8327, beta_mu=1.507723646585187e+152, beta_phi=nan
NaN in beta_*: layer 9, bs_iter=38, k=8328, beta_mu=1.5304763280854397e+152, beta_phi=nan
NaN in beta_*: layer 9, bs_iter=38, k=8334, beta_mu=7.666485328523069e+152, beta_phi=nan
NaN in beta_*: layer 9, bs_iter=38, k=8338, beta_mu=1.5939465784647815e+152, beta_phi=nan
NaN in beta_*: layer 9, bs_iter=38, k=8339, beta_mu=1.8398665055513608e+152, beta_phi=nan
NaN in beta_*: layer 9, bs_iter=38, k=8341, beta_mu=4.032036466128848e+152, beta_phi=nan
NaN in beta_*: layer 9, bs_iter=38, k=8343, beta_mu=3.148906961778704e+152, beta_phi=nan
NaN in beta_*: layer 9, bs_iter=38, k=8348, beta_mu=1.2865340309195633e+152, beta_phi=nan
NaN in beta_*: layer 9, bs_iter=38, k=8352, beta_mu=1.365503086462242e+152, beta_phi=nan
NaN in beta_*: layer 9, bs_iter=38, k=8357, beta_mu=2.0315419304079754e+152, beta_phi=nan
NaN in beta_*: layer 9, bs_iter=38, k=8361, beta_mu=1.3157287302337978e+152, beta_phi=nan
NaN in beta_*: layer 9, bs_iter=38, k=8363, beta_mu=1.4328230145066905e+152, beta_phi=nan
NaN in beta_*: layer 9, bs_iter=38, k=8364, beta_mu=2.1148661855504964e+152, beta_phi=nan
NaN in beta_*: layer 9, bs_iter=38, k=8365, beta_mu=1.55360354002969e+152, beta_phi=nan
NaN in beta_*: layer 9, bs_iter=38, k=8366, beta_mu=4.641009281804608e+152, beta_phi=nan
NaN in beta_*: layer 9, bs_iter=38, k=8369, beta_mu=1.553603447202691e+152, beta_phi=nan
NaN in beta_*: layer 9, bs_iter=38, k=8371, beta_mu=6.27595348970069e+152, beta_phi=nan
NaN in beta_*: layer 9, bs_iter=38, k=8372, beta_mu=1.5536034286822207e+152, beta_phi=nan
NaN in beta_*: layer 9, bs_iter=38, k=8373, beta_mu=1.6114239135855753e+152, beta_phi=nan
NaN in beta_*: layer 9, bs_iter=38, k=8378, beta_mu=2.515903829813234e+152, beta_phi=nan
NaN in beta_*: layer 9, bs_iter=38, k=8381, beta_mu=1.7219726529003665e+152, beta_phi=nan
NaN in beta_*: layer 9, bs_iter=38, k=8382, beta_mu=1.1220326944109967e+152, beta_phi=nan
NaN in beta_*: layer 9, bs_iter=38, k=8386, beta_mu=1.7318760784864576e+152, beta_phi=nan
NaN in beta_*: layer 9, bs_iter=38, k=8389, beta_mu=1.363414956014418e+152, beta_phi=nan
NaN in beta_*: layer 9, bs_iter=38, k=8390, beta_mu=6.665446516640045e+152, beta_phi=nan
NaN in beta_*: layer 9, bs_iter=38, k=8391, beta_mu=1.062964766346522e+153, beta_phi=nan
NaN in beta_*: layer 9, bs_iter=38, k=8392, beta_mu=5.279554493908396e+152, beta_phi=nan
NaN in beta_*: layer 9, bs_iter=38, k=8393, beta_mu=1.3836406348199184e+152, beta_phi=nan
NaN in beta_*: layer 9, bs_iter=38, k=8394, beta_mu=4.932118371158922e+152, beta_phi=nan
NaN in beta_*: layer 9, bs_iter=38, k=8397, beta_mu=1.0724930071731228e+152, beta_phi=nan
NaN in beta_*: layer 9, bs_iter=38, k=8401, beta_mu=5.180505575825015e+152, beta_phi=nan
NaN in beta_*: layer 9, bs_iter=38, k=8402, beta_mu=2.0173562188995846e+152, beta_phi=nan
NaN in beta_*: layer 9, bs_iter=38, k=8403, beta_mu=1.2149316690242059e+152, beta_phi=nan
NaN in beta_*: layer 9, bs_iter=38, k=8405, beta_mu=6.562701991784425e+152, beta_phi=nan
NaN in beta_*: layer 9, bs_iter=38, k=8406, beta_mu=2.122339016955993e+152, beta_phi=nan
NaN in beta_*: layer 9, bs_iter=38, k=8410, beta_mu=1.5358295941688334e+152, beta_phi=nan
NaN in beta_*: layer 9, bs_iter=38, k=8413, beta_mu=1.1483647380996692e+153, beta_phi=nan
NaN in beta_*: layer 9, bs_iter=38, k=8416, beta_mu=1.0720286280212728e+152, beta_phi=nan
NaN in beta_*: layer 9, bs_iter=38, k=8419, beta_mu=2.1921558174081295e+152, beta_phi=nan
NaN in beta_*: layer 9, bs_iter=38, k=8421, beta_mu=2.7308928616454296e+152, beta_phi=nan
NaN in beta_*: layer 9, bs_iter=38, k=8422, beta_mu=1.3634141187174876e+152, beta_phi=nan
NaN in beta_*: layer 9, bs_iter=38, k=8423, beta_mu=1.366751651525857e+152, beta_phi=nan
NaN in beta_*: layer 9, bs_iter=38, k=8425, beta_mu=5.171985864458419e+152, beta_phi=nan
NaN in beta_*: layer 9, bs_iter=38, k=8426, beta_mu=4.384919184777787e+152, beta_phi=nan
NaN in beta_*: layer 9, bs_iter=38, k=8427, beta_mu=5.039192910202274e+152, beta_phi=nan
NaN in beta_*: layer 9, bs_iter=38, k=8428, beta_mu=1.8446872463758743e+152, beta_phi=nan
NaN in beta_*: layer 9, bs_iter=38, k=8429, beta_mu=1.4903405725799385e+152, beta_phi=nan
NaN in beta_*: layer 9, bs_iter=38, k=8433, beta_mu=3.4755833989933913e+152, beta_phi=nan
NaN in beta_*: layer 9, bs_iter=38, k=8434, beta_mu=3.0020050112243663e+152, beta_phi=nan
NaN in beta_*: layer 9, bs_iter=38, k=8435, beta_mu=2.8654182877006972e+152, beta_phi=nan
NaN in beta_*: layer 9, bs_iter=38, k=8437, beta_mu=2.244318147284127e+152, beta_phi=nan
NaN in beta_*: layer 9, bs_iter=38, k=8438, beta_mu=2.2005541282802754e+152, beta_phi=nan
NaN in beta_*: layer 9, bs_iter=38, k=8439, beta_mu=2.9822841629545107e+152, beta_phi=nan
NaN in beta_*: layer 9, bs_iter=38, k=8440, beta_mu=2.2167378480786464e+152, beta_phi=nan
NaN in beta_*: layer 9, bs_iter=38, k=8442, beta_mu=1.3905459135437508e+152, beta_phi=nan
NaN in beta_*: layer 9, bs_iter=38, k=8443, beta_mu=4.0184880644606462e+152, beta_phi=nan
NaN in beta_*: layer 9, bs_iter=38, k=8445, beta_mu=1.3542058527026995e+152, beta_phi=nan
NaN in beta_*: layer 9, bs_iter=38, k=8446, beta_mu=4.0080923710359183e+152, beta_phi=nan
NaN in beta_*: layer 9, bs_iter=38, k=8447, beta_mu=1.354206024750005e+152, beta_phi=nan
NaN in beta_*: layer 9, bs_iter=38, k=8452, beta_mu=1.805097337802609e+152, beta_phi=nan
NaN in beta_*: layer 9, bs_iter=38, k=8457, beta_mu=3.054421382458913e+152, beta_phi=nan
NaN in beta_*: layer 9, bs_iter=38, k=8458, beta_mu=1.0208032488263371e+152, beta_phi=nan
NaN in beta_*: layer 9, bs_iter=38, k=8463, beta_mu=9.929962254870866e+151, beta_phi=nan
NaN in beta_*: layer 9, bs_iter=38, k=8465, beta_mu=2.5399796512756463e+152, beta_phi=nan
NaN in beta_*: layer 9, bs_iter=38, k=8467, beta_mu=1.2601799058508777e+152, beta_phi=nan
NaN in beta_*: layer 9, bs_iter=38, k=8468, beta_mu=1.2601798934675247e+152, beta_phi=nan
NaN in beta_*: layer 9, bs_iter=38, k=8469, beta_mu=1.2601798315917218e+152, beta_phi=nan
NaN in beta_*: layer 9, bs_iter=38, k=8471, beta_mu=1.238887552558692e+153, beta_phi=nan
NaN in beta_*: layer 9, bs_iter=38, k=8476, beta_mu=1.8864703135796354e+152, beta_phi=nan
NaN in beta_*: layer 9, bs_iter=38, k=8477, beta_mu=1.1811536242598271e+152, beta_phi=nan
NaN in beta_*: layer 9, bs_iter=38, k=8478, beta_mu=1.3076917593824342e+152, beta_phi=nan
NaN in beta_*: layer 9, bs_iter=38, k=8479, beta_mu=3.071431538119863e+152, beta_phi=nan
NaN in beta_*: layer 9, bs_iter=38, k=8481, beta_mu=5.360979067936251e+152, beta_phi=nan
NaN in beta_*: layer 9, bs_iter=38, k=8482, beta_mu=1.2187823078730508e+153, beta_phi=nan
NaN in beta_*: layer 9, bs_iter=38, k=8483, beta_mu=1.3450779182543071e+152, beta_phi=nan
NaN in beta_*: layer 9, bs_iter=38, k=8484, beta_mu=1.2769591695266968e+152, beta_phi=nan
NaN in beta_*: layer 9, bs_iter=38, k=8485, beta_mu=1.4894895338687623e+152, beta_phi=nan
NaN in beta_*: layer 9, bs_iter=38, k=8486, beta_mu=1.2227571049182263e+152, beta_phi=nan
NaN in beta_*: layer 9, bs_iter=38, k=8487, beta_mu=3.1520829041789826e+152, beta_phi=nan
NaN in beta_*: layer 9, bs_iter=38, k=8490, beta_mu=2.7598619008404036e+152, beta_phi=nan
NaN in beta_*: layer 9, bs_iter=38, k=8493, beta_mu=1.3616498908515943e+152, beta_phi=nan
NaN in beta_*: layer 9, bs_iter=38, k=8494, beta_mu=2.7598619021001377e+152, beta_phi=nan
NaN in beta_*: layer 9, bs_iter=38, k=8502, beta_mu=1.0011554530825291e+152, beta_phi=nan
NaN in beta_*: layer 9, bs_iter=38, k=8504, beta_mu=1.0524586777992487e+152, beta_phi=nan
NaN in beta_*: layer 9, bs_iter=38, k=8512, beta_mu=1.1911628983011946e+152, beta_phi=nan
NaN in beta_*: layer 9, bs_iter=38, k=8519, beta_mu=9.417929876981702e+152, beta_phi=nan
NaN in beta_*: layer 9, bs_iter=38, k=8520, beta_mu=1.307570805036023e+152, beta_phi=nan
NaN in beta_*: layer 9, bs_iter=38, k=8521, beta_mu=9.473119541286445e+151, beta_phi=nan
NaN in beta_*: layer 9, bs_iter=38, k=8522, beta_mu=1.5930906295863193e+152, beta_phi=nan
NaN in beta_*: layer 9, bs_iter=38, k=8523, beta_mu=2.4335544485807267e+152, beta_phi=nan
NaN in beta_*: layer 9, bs_iter=38, k=8524, beta_mu=2.5173750288192475e+152, beta_phi=nan
NaN in beta_*: layer 9, bs_iter=38, k=8527, beta_mu=9.245720174120566e+152, beta_phi=nan
NaN in beta_*: layer 9, bs_iter=38, k=8528, beta_mu=2.1152825138006486e+152, beta_phi=nan
NaN in beta_*: layer 9, bs_iter=38, k=8529, beta_mu=1.760737931850639e+152, beta_phi=nan
NaN in beta_*: layer 9, bs_iter=38, k=8531, beta_mu=5.266773020322685e+152, beta_phi=nan
NaN in beta_*: layer 9, bs_iter=38, k=8532, beta_mu=5.36186950280356e+152, beta_phi=nan
NaN in beta_*: layer 9, bs_iter=38, k=8533, beta_mu=2.742830032226471e+152, beta_phi=nan
NaN in beta_*: layer 9, bs_iter=38, k=8534, beta_mu=1.8395552381146846e+152, beta_phi=nan
NaN in beta_*: layer 9, bs_iter=38, k=8535, beta_mu=1.6826698825959e+152, beta_phi=nan
NaN in beta_*: layer 9, bs_iter=38, k=8536, beta_mu=5.161267837353791e+152, beta_phi=nan
NaN in beta_*: layer 9, bs_iter=38, k=8537, beta_mu=4.3048741176116415e+152, beta_phi=nan
NaN in beta_*: layer 9, bs_iter=38, k=8538, beta_mu=5.086606863778696e+152, beta_phi=nan
NaN in beta_*: layer 9, bs_iter=38, k=8540, beta_mu=1.1638091766233164e+152, beta_phi=nan
NaN in beta_*: layer 9, bs_iter=38, k=8542, beta_mu=1.9810177974910031e+152, beta_phi=nan
NaN in beta_*: layer 9, bs_iter=38, k=8547, beta_mu=5.289251454710595e+152, beta_phi=nan
NaN in beta_*: layer 9, bs_iter=38, k=8548, beta_mu=1.2445121778877765e+152, beta_phi=nan
NaN in beta_*: layer 9, bs_iter=38, k=8549, beta_mu=5.203335752509912e+152, beta_phi=nan
NaN in beta_*: layer 9, bs_iter=38, k=8550, beta_mu=1.8447530022369895e+152, beta_phi=nan
NaN in beta_*: layer 9, bs_iter=38, k=8551, beta_mu=5.204608950616544e+152, beta_phi=nan
NaN in beta_*: layer 9, bs_iter=38, k=8552, beta_mu=5.152184246632988e+152, beta_phi=nan
NaN in beta_*: layer 9, bs_iter=38, k=8555, beta_mu=3.5066428011823257e+152, beta_phi=nan
NaN in beta_*: layer 9, bs_iter=38, k=8556, beta_mu=3.637266385212691e+152, beta_phi=nan
NaN in beta_*: layer 9, bs_iter=38, k=8557, beta_mu=2.556352233161894e+152, beta_phi=nan
NaN in beta_*: layer 9, bs_iter=38, k=8558, beta_mu=1.6499773840465894e+152, beta_phi=nan
NaN in beta_*: layer 9, bs_iter=38, k=8560, beta_mu=1.6782362769368962e+152, beta_phi=nan
NaN in beta_*: layer 9, bs_iter=38, k=8565, beta_mu=4.556831498445877e+152, beta_phi=nan
NaN in beta_*: layer 9, bs_iter=38, k=8566, beta_mu=2.662291960383641e+152, beta_phi=nan
NaN in beta_*: layer 9, bs_iter=38, k=8567, beta_mu=3.783009924613473e+152, beta_phi=nan
NaN in beta_*: layer 9, bs_iter=38, k=8569, beta_mu=3.782292079506919e+152, beta_phi=nan
NaN in beta_*: layer 9, bs_iter=38, k=8570, beta_mu=3.7670818856841233e+152, beta_phi=nan
NaN in beta_*: layer 9, bs_iter=38, k=8573, beta_mu=2.091362396634582e+152, beta_phi=nan
NaN in beta_*: layer 9, bs_iter=38, k=8574, beta_mu=2.1378846817873518e+152, beta_phi=nan
NaN in beta_*: layer 9, bs_iter=38, k=8577, beta_mu=2.2875187805298843e+152, beta_phi=nan
NaN in beta_*: layer 9, bs_iter=38, k=8578, beta_mu=1.9741120407603424e+152, beta_phi=nan
NaN in beta_*: layer 9, bs_iter=38, k=8579, beta_mu=2.0396955955674657e+152, beta_phi=nan
NaN in beta_*: layer 9, bs_iter=38, k=8580, beta_mu=1.8447531230410213e+152, beta_phi=nan
NaN in beta_*: layer 9, bs_iter=38, k=8582, beta_mu=1.0036259480358608e+152, beta_phi=nan
NaN in beta_*: layer 9, bs_iter=38, k=8588, beta_mu=6.6329980785231375e+152, beta_phi=nan
NaN in beta_*: layer 9, bs_iter=38, k=8589, beta_mu=1.1007968823064977e+153, beta_phi=nan
NaN in beta_*: layer 9, bs_iter=38, k=8590, beta_mu=1.2968255907453412e+152, beta_phi=nan
NaN in beta_*: layer 9, bs_iter=38, k=8591, beta_mu=6.197158208499621e+152, beta_phi=nan
NaN in beta_*: layer 9, bs_iter=38, k=8593, beta_mu=1.3689785369417232e+152, beta_phi=nan
NaN in beta_*: layer 9, bs_iter=38, k=8594, beta_mu=2.8974649424624046e+152, beta_phi=nan
NaN in beta_*: layer 9, bs_iter=38, k=8598, beta_mu=2.4138850485989573e+152, beta_phi=nan
NaN in beta_*: layer 9, bs_iter=38, k=8606, beta_mu=1.412125988548819e+152, beta_phi=nan
NaN in beta_*: layer 9, bs_iter=38, k=8612, beta_mu=1.4490391632549148e+152, beta_phi=nan
NaN in beta_*: layer 9, bs_iter=38, k=8613, beta_mu=1.1910371590138705e+152, beta_phi=nan
NaN in beta_*: layer 9, bs_iter=38, k=8615, beta_mu=1.414348299766884e+152, beta_phi=nan
NaN in beta_*: layer 9, bs_iter=38, k=8616, beta_mu=1.462812837224447e+152, beta_phi=nan
NaN in beta_*: layer 9, bs_iter=38, k=8617, beta_mu=1.3020471020152297e+152, beta_phi=nan
NaN in beta_*: layer 9, bs_iter=38, k=8618, beta_mu=2.4532945826997286e+152, beta_phi=nan
NaN in beta_*: layer 9, bs_iter=38, k=8620, beta_mu=1.4101425597096784e+152, beta_phi=nan
NaN in beta_*: layer 9, bs_iter=38, k=8621, beta_mu=1.415579395263978e+152, beta_phi=nan
NaN in beta_*: layer 9, bs_iter=38, k=8625, beta_mu=1.2030323404234549e+152, beta_phi=nan
NaN in beta_*: layer 9, bs_iter=38, k=8626, beta_mu=1.3034140238823152e+152, beta_phi=nan
NaN in beta_*: layer 9, bs_iter=38, k=8627, beta_mu=1.6210349956953154e+152, beta_phi=nan
NaN in beta_*: layer 9, bs_iter=38, k=8628, beta_mu=1.5906218545812846e+152, beta_phi=nan
NaN in beta_*: layer 9, bs_iter=38, k=8630, beta_mu=1.5512782970999065e+152, beta_phi=nan
NaN in beta_*: layer 9, bs_iter=38, k=8634, beta_mu=1.8962232709223675e+152, beta_phi=nan
NaN in beta_*: layer 9, bs_iter=38, k=8635, beta_mu=1.5118202688492787e+152, beta_phi=nan
NaN in beta_*: layer 9, bs_iter=38, k=8636, beta_mu=9.266678234943861e+152, beta_phi=nan
NaN in beta_*: layer 9, bs_iter=38, k=8639, beta_mu=1.3912834433474334e+152, beta_phi=nan
NaN in beta_*: layer 9, bs_iter=38, k=8640, beta_mu=6.583373388609233e+152, beta_phi=nan
NaN in beta_*: layer 9, bs_iter=38, k=8641, beta_mu=1.4416114205722036e+152, beta_phi=nan
NaN in beta_*: layer 9, bs_iter=38, k=8642, beta_mu=1.625250679903511e+152, beta_phi=nan
NaN in beta_*: layer 9, bs_iter=38, k=8645, beta_mu=1.2342047848354406e+152, beta_phi=nan
NaN in beta_*: layer 9, bs_iter=38, k=8650, beta_mu=2.4373205016958077e+152, beta_phi=nan
NaN in beta_*: layer 9, bs_iter=38, k=8657, beta_mu=3.5362093207605395e+152, beta_phi=nan
NaN in beta_*: layer 9, bs_iter=38, k=8664, beta_mu=3.4953828295699347e+152, beta_phi=nan
NaN in beta_*: layer 9, bs_iter=38, k=8671, beta_mu=2.777191775847239e+152, beta_phi=nan
NaN in beta_*: layer 9, bs_iter=38, k=8674, beta_mu=5.5020284209021695e+152, beta_phi=nan
NaN in beta_*: layer 9, bs_iter=38, k=8678, beta_mu=3.5044141500945e+152, beta_phi=nan
NaN in beta_*: layer 9, bs_iter=38, k=8681, beta_mu=2.3731522176616216e+152, beta_phi=nan
NaN in beta_*: layer 9, bs_iter=38, k=8683, beta_mu=4.271768199429662e+152, beta_phi=nan
NaN in beta_*: layer 9, bs_iter=38, k=8685, beta_mu=3.4974052935448027e+152, beta_phi=nan
NaN in beta_*: layer 9, bs_iter=38, k=8689, beta_mu=1.178974510980897e+152, beta_phi=nan
NaN in beta_*: layer 9, bs_iter=38, k=8696, beta_mu=3.962949563336793e+152, beta_phi=nan
NaN in beta_*: layer 9, bs_iter=38, k=8697, beta_mu=3.8419335855040457e+152, beta_phi=nan
NaN in beta_*: layer 9, bs_iter=38, k=8701, beta_mu=1.0855510955440656e+152, beta_phi=nan
NaN in beta_*: layer 9, bs_iter=38, k=8703, beta_mu=3.764257527975413e+152, beta_phi=nan
NaN in beta_*: layer 9, bs_iter=38, k=8704, beta_mu=3.7696668489322605e+152, beta_phi=nan
NaN in beta_*: layer 9, bs_iter=38, k=8705, beta_mu=2.26090847068049e+152, beta_phi=nan
NaN in beta_*: layer 9, bs_iter=38, k=8709, beta_mu=2.0230869241595253e+152, beta_phi=nan
NaN in beta_*: layer 9, bs_iter=38, k=8711, beta_mu=1.3733816837692916e+152, beta_phi=nan
NaN in beta_*: layer 9, bs_iter=38, k=8713, beta_mu=1.3246043100459438e+152, beta_phi=nan
NaN in beta_*: layer 9, bs_iter=38, k=8718, beta_mu=2.11167450825446e+152, beta_phi=nan
NaN in beta_*: layer 9, bs_iter=38, k=8720, beta_mu=1.0040432064639584e+152, beta_phi=nan
NaN in beta_*: layer 9, bs_iter=38, k=8726, beta_mu=1.061836227709872e+152, beta_phi=nan
NaN in beta_*: layer 9, bs_iter=38, k=8731, beta_mu=2.0671185713636102e+152, beta_phi=nan
NaN in beta_*: layer 9, bs_iter=38, k=8743, beta_mu=2.993394608029583e+152, beta_phi=nan
NaN in beta_*: layer 9, bs_iter=38, k=8750, beta_mu=1.313381995523482e+152, beta_phi=nan
NaN in beta_*: layer 9, bs_iter=38, k=8761, beta_mu=2.1093514575538526e+152, beta_phi=nan
NaN in beta_*: layer 9, bs_iter=38, k=8762, beta_mu=2.1093581887193045e+152, beta_phi=nan
NaN in beta_*: layer 9, bs_iter=38, k=8768, beta_mu=2.4492914837809286e+152, beta_phi=nan
NaN in beta_*: layer 9, bs_iter=38, k=8775, beta_mu=1.2473328989102524e+152, beta_phi=nan
NaN in beta_*: layer 9, bs_iter=38, k=8777, beta_mu=1.244210240558146e+152, beta_phi=nan
NaN in beta_*: layer 9, bs_iter=38, k=8782, beta_mu=1.234087236308347e+152, beta_phi=nan
NaN in beta_*: layer 9, bs_iter=38, k=8784, beta_mu=2.818721146321917e+152, beta_phi=nan
NaN in beta_*: layer 9, bs_iter=38, k=8787, beta_mu=1.0800427620363167e+152, beta_phi=nan
NaN in beta_*: layer 9, bs_iter=38, k=8789, beta_mu=1.9129010548525425e+152, beta_phi=nan
NaN in beta_*: layer 9, bs_iter=38, k=8790, beta_mu=2.961779135097024e+152, beta_phi=nan
NaN in beta_*: layer 9, bs_iter=38, k=8797, beta_mu=1.508084573892861e+152, beta_phi=nan
NaN in beta_*: layer 9, bs_iter=38, k=8798, beta_mu=2.1654544898803007e+152, beta_phi=nan
NaN in beta_*: layer 9, bs_iter=38, k=8800, beta_mu=1.9146712495944484e+152, beta_phi=nan
NaN in beta_*: layer 9, bs_iter=38, k=8801, beta_mu=1.7160358688393368e+152, beta_phi=nan
NaN in beta_*: layer 9, bs_iter=38, k=8802, beta_mu=1.9137902237500264e+152, beta_phi=nan
NaN in beta_*: layer 9, bs_iter=38, k=8804, beta_mu=1.793492867744136e+152, beta_phi=nan
NaN in beta_*: layer 9, bs_iter=38, k=8806, beta_mu=9.680478496518881e+151, beta_phi=nan
NaN in beta_*: layer 9, bs_iter=38, k=8817, beta_mu=1.6763167001524606e+152, beta_phi=nan
NaN in beta_*: layer 9, bs_iter=38, k=8826, beta_mu=4.616854797021322e+152, beta_phi=nan
NaN in beta_*: layer 9, bs_iter=38, k=8827, beta_mu=1.7573426731985837e+152, beta_phi=nan
NaN in beta_*: layer 9, bs_iter=38, k=8828, beta_mu=1.0585557377416803e+152, beta_phi=nan
NaN in beta_*: layer 9, bs_iter=38, k=8834, beta_mu=2.0141660607850165e+152, beta_phi=nan
NaN in beta_*: layer 9, bs_iter=38, k=8840, beta_mu=2.0759080631895998e+152, beta_phi=nan
NaN in beta_*: layer 9, bs_iter=38, k=8841, beta_mu=2.897450684958378e+152, beta_phi=nan
NaN in beta_*: layer 9, bs_iter=38, k=8845, beta_mu=2.0157729605425418e+152, beta_phi=nan
NaN in beta_*: layer 9, bs_iter=38, k=8846, beta_mu=1.974304396578066e+152, beta_phi=nan
NaN in beta_*: layer 9, bs_iter=38, k=8848, beta_mu=1.9424511266730316e+152, beta_phi=nan
NaN in beta_*: layer 9, bs_iter=38, k=8851, beta_mu=1.939969097244194e+152, beta_phi=nan
NaN in beta_*: layer 9, bs_iter=38, k=8852, beta_mu=1.7385330407168375e+152, beta_phi=nan
NaN in beta_*: layer 9, bs_iter=38, k=8853, beta_mu=1.5209032663845261e+152, beta_phi=nan
NaN in beta_*: layer 9, bs_iter=38, k=8859, beta_mu=1.8113278646215563e+152, beta_phi=nan
NaN in beta_*: layer 9, bs_iter=38, k=8860, beta_mu=1.2800508838971332e+152, beta_phi=nan
NaN in beta_*: layer 9, bs_iter=38, k=8861, beta_mu=1.1920779746417693e+152, beta_phi=nan
NaN in beta_*: layer 9, bs_iter=38, k=8862, beta_mu=9.602172807129722e+151, beta_phi=nan
NaN in beta_*: layer 9, bs_iter=38, k=8864, beta_mu=1.1676512917632018e+152, beta_phi=nan
NaN in beta_*: layer 9, bs_iter=38, k=8865, beta_mu=1.1007377818247316e+152, beta_phi=nan
NaN in beta_*: layer 9, bs_iter=38, k=8872, beta_mu=1.901396562298605e+152, beta_phi=nan
NaN in beta_*: layer 9, bs_iter=38, k=8877, beta_mu=1.8527034521876788e+152, beta_phi=nan
NaN in beta_*: layer 9, bs_iter=38, k=8881, beta_mu=3.037676974278118e+152, beta_phi=nan
NaN in beta_*: layer 9, bs_iter=38, k=8882, beta_mu=2.9982265311074574e+152, beta_phi=nan
NaN in beta_*: layer 9, bs_iter=38, k=8884, beta_mu=3.02393417312541e+152, beta_phi=nan
NaN in beta_*: layer 9, bs_iter=38, k=8888, beta_mu=3.2247304332960523e+152, beta_phi=nan
NaN in beta_*: layer 9, bs_iter=38, k=8895, beta_mu=3.2572234092140495e+152, beta_phi=nan
NaN in beta_*: layer 9, bs_iter=38, k=8901, beta_mu=3.224731785070128e+152, beta_phi=nan
NaN in beta_*: layer 9, bs_iter=38, k=8903, beta_mu=1.780458969163775e+152, beta_phi=nan
NaN in beta_*: layer 9, bs_iter=38, k=8908, beta_mu=4.243709809337482e+152, beta_phi=nan
NaN in beta_*: layer 9, bs_iter=38, k=8912, beta_mu=7.469552222695778e+152, beta_phi=nan
NaN in beta_*: layer 9, bs_iter=38, k=8918, beta_mu=1.68224996126009e+152, beta_phi=nan
NaN in beta_*: layer 9, bs_iter=38, k=8931, beta_mu=3.2224546505564427e+152, beta_phi=nan
NaN in beta_*: layer 9, bs_iter=38, k=8933, beta_mu=3.380941286970724e+152, beta_phi=nan
NaN in beta_*: layer 9, bs_iter=38, k=8936, beta_mu=2.990189672800807e+152, beta_phi=nan
NaN in beta_*: layer 9, bs_iter=38, k=8938, beta_mu=3.0912149189064373e+152, beta_phi=nan
NaN in beta_*: layer 9, bs_iter=38, k=8942, beta_mu=2.941278784796004e+152, beta_phi=nan
NaN in beta_*: layer 9, bs_iter=38, k=8945, beta_mu=1.8919867967677376e+152, beta_phi=nan
NaN in beta_*: layer 9, bs_iter=38, k=8946, beta_mu=2.9473094126780716e+152, beta_phi=nan
NaN in beta_*: layer 9, bs_iter=38, k=8950, beta_mu=3.007960045102457e+152, beta_phi=nan
NaN in beta_*: layer 9, bs_iter=38, k=8952, beta_mu=2.8158672582056475e+152, beta_phi=nan
NaN in beta_*: layer 9, bs_iter=38, k=8960, beta_mu=9.999413513698893e+151, beta_phi=nan
NaN in beta_*: layer 9, bs_iter=38, k=8965, beta_mu=3.3123819957352005e+152, beta_phi=nan
NaN in beta_*: layer 9, bs_iter=38, k=8966, beta_mu=3.410226260995906e+152, beta_phi=nan
NaN in beta_*: layer 9, bs_iter=38, k=8976, beta_mu=1.0711909824554928e+152, beta_phi=nan
NaN in beta_*: layer 9, bs_iter=38, k=9004, beta_mu=2.2039864449786e+152, beta_phi=nan
NaN in beta_*: layer 9, bs_iter=38, k=9008, beta_mu=1.159217761236021e+152, beta_phi=nan
NaN in beta_*: layer 9, bs_iter=38, k=9014, beta_mu=2.591643087653756e+152, beta_phi=nan
NaN in beta_*: layer 9, bs_iter=38, k=9023, beta_mu=1.226002349803152e+152, beta_phi=nan
NaN in beta_*: layer 9, bs_iter=38, k=9024, beta_mu=2.1772968933146005e+152, beta_phi=nan
NaN in beta_*: layer 9, bs_iter=38, k=9025, beta_mu=1.395909796094038e+152, beta_phi=nan
NaN in beta_*: layer 9, bs_iter=38, k=9026, beta_mu=2.1796127561605104e+152, beta_phi=nan
NaN in beta_*: layer 9, bs_iter=38, k=9041, beta_mu=1.44618309385446e+152, beta_phi=nan
NaN in beta_*: layer 9, bs_iter=38, k=9065, beta_mu=1.4633083835243704e+152, beta_phi=nan
NaN in beta_*: layer 9, bs_iter=38, k=9072, beta_mu=1.520582122618886e+152, beta_phi=nan
NaN in beta_*: layer 9, bs_iter=38, k=9073, beta_mu=1.5281537036362956e+152, beta_phi=nan
NaN in beta_*: layer 9, bs_iter=38, k=9079, beta_mu=1.5281568384935651e+152, beta_phi=nan
NaN in beta_*: layer 9, bs_iter=38, k=9081, beta_mu=1.3872173782712478e+152, beta_phi=nan
NaN in beta_*: layer 9, bs_iter=38, k=9084, beta_mu=1.5552440892166648e+152, beta_phi=nan
NaN in beta_*: layer 9, bs_iter=38, k=9085, beta_mu=1.5552299820763365e+152, beta_phi=nan
NaN in beta_*: layer 9, bs_iter=38, k=9090, beta_mu=1.5281495481218367e+152, beta_phi=nan
NaN in beta_*: layer 9, bs_iter=38, k=9094, beta_mu=1.4957152529165534e+152, beta_phi=nan
NaN in beta_*: layer 9, bs_iter=38, k=9096, beta_mu=1.4957162631214124e+152, beta_phi=nan
NaN in beta_*: layer 9, bs_iter=38, k=9103, beta_mu=1.4882080231086542e+152, beta_phi=nan
NaN in beta_*: layer 9, bs_iter=38, k=9105, beta_mu=3.793320502029714e+152, beta_phi=nan
NaN in beta_*: layer 9, bs_iter=38, k=9107, beta_mu=2.0260623055546795e+152, beta_phi=nan
NaN in beta_*: layer 9, bs_iter=38, k=9108, beta_mu=1.3311564373297845e+152, beta_phi=nan
NaN in beta_*: layer 9, bs_iter=38, k=9112, beta_mu=1.9880186056618748e+152, beta_phi=nan
NaN in beta_*: layer 9, bs_iter=38, k=9114, beta_mu=1.036343157731669e+152, beta_phi=nan
NaN in beta_*: layer 9, bs_iter=38, k=9115, beta_mu=1.495715638185393e+152, beta_phi=nan
NaN in beta_*: layer 9, bs_iter=38, k=9116, beta_mu=1.0025449675605605e+152, beta_phi=nan
NaN in beta_*: layer 9, bs_iter=38, k=9117, beta_mu=9.520513320813004e+151, beta_phi=nan
NaN in beta_*: layer 9, bs_iter=38, k=9123, beta_mu=1.4287311077381663e+152, beta_phi=nan
NaN in beta_*: layer 9, bs_iter=38, k=9124, beta_mu=1.004684697292723e+152, beta_phi=nan
NaN in beta_*: layer 9, bs_iter=38, k=9126, beta_mu=1.4498915277693591e+152, beta_phi=nan
NaN in beta_*: layer 9, bs_iter=38, k=9127, beta_mu=9.847202403570592e+151, beta_phi=nan
NaN in beta_*: layer 9, bs_iter=38, k=9130, beta_mu=1.089828649525845e+152, beta_phi=nan
NaN in beta_*: layer 9, bs_iter=38, k=9136, beta_mu=1.1064735091320984e+152, beta_phi=nan
NaN in beta_*: layer 9, bs_iter=38, k=9138, beta_mu=2.3430249854705604e+152, beta_phi=nan
NaN in beta_*: layer 9, bs_iter=38, k=9139, beta_mu=1.1064723780532972e+152, beta_phi=nan
NaN in beta_*: layer 9, bs_iter=38, k=9140, beta_mu=6.961041634305035e+152, beta_phi=nan
NaN in beta_*: layer 9, bs_iter=38, k=9142, beta_mu=1.7107135255645204e+152, beta_phi=nan
NaN in beta_*: layer 9, bs_iter=38, k=9144, beta_mu=1.1064698305396984e+152, beta_phi=nan
NaN in beta_*: layer 9, bs_iter=38, k=9145, beta_mu=1.054873138398436e+152, beta_phi=nan
NaN in beta_*: layer 9, bs_iter=38, k=9146, beta_mu=1.1064706907550595e+152, beta_phi=nan
NaN in beta_*: layer 9, bs_iter=38, k=9148, beta_mu=1.1366600828006005e+152, beta_phi=nan
NaN in beta_*: layer 9, bs_iter=38, k=9155, beta_mu=1.020269716786625e+152, beta_phi=nan
NaN in beta_*: layer 9, bs_iter=38, k=9157, beta_mu=9.631234490223743e+151, beta_phi=nan
NaN in beta_*: layer 9, bs_iter=38, k=9165, beta_mu=1.4039473960882533e+152, beta_phi=nan
NaN in beta_*: layer 9, bs_iter=38, k=9168, beta_mu=1.0880417512850191e+152, beta_phi=nan
NaN in beta_*: layer 9, bs_iter=38, k=9179, beta_mu=1.0607626114724586e+152, beta_phi=nan
NaN in beta_*: layer 9, bs_iter=38, k=9180, beta_mu=1.0839797953535513e+152, beta_phi=nan
NaN in beta_*: layer 9, bs_iter=38, k=9182, beta_mu=2.29950903056037e+152, beta_phi=nan
NaN in beta_*: layer 9, bs_iter=38, k=9189, beta_mu=1.1273569939210764e+152, beta_phi=nan
NaN in beta_*: layer 9, bs_iter=38, k=9190, beta_mu=9.592205353833207e+151, beta_phi=nan
NaN in beta_*: layer 9, bs_iter=38, k=9193, beta_mu=1.2117541435918718e+152, beta_phi=nan
NaN in beta_*: layer 9, bs_iter=38, k=9201, beta_mu=1.5336813297526604e+152, beta_phi=nan
NaN in beta_*: layer 9, bs_iter=38, k=9208, beta_mu=1.8663832399198972e+152, beta_phi=nan
NaN in beta_*: layer 9, bs_iter=38, k=9213, beta_mu=1.7747900075252947e+152, beta_phi=nan
NaN in beta_*: layer 9, bs_iter=38, k=9225, beta_mu=2.9959050033063364e+152, beta_phi=nan
NaN in beta_*: layer 9, bs_iter=38, k=9227, beta_mu=1.8663830264867635e+152, beta_phi=nan
NaN in beta_*: layer 9, bs_iter=38, k=9230, beta_mu=1.866386783237272e+152, beta_phi=nan
NaN in beta_*: layer 9, bs_iter=38, k=9232, beta_mu=1.8663829940749635e+152, beta_phi=nan
NaN in beta_*: layer 9, bs_iter=38, k=9239, beta_mu=1.8877642474239317e+152, beta_phi=nan
NaN in beta_*: layer 9, bs_iter=38, k=9246, beta_mu=1.895031814412577e+152, beta_phi=nan
NaN in beta_*: layer 9, bs_iter=38, k=9254, beta_mu=1.8950261023968838e+152, beta_phi=nan
NaN in beta_*: layer 9, bs_iter=38, k=9260, beta_mu=9.914965667400298e+151, beta_phi=nan
NaN in beta_*: layer 9, bs_iter=38, k=9262, beta_mu=2.757697323883433e+152, beta_phi=nan
NaN in beta_*: layer 9, bs_iter=38, k=9267, beta_mu=1.0976180198111857e+152, beta_phi=nan
NaN in beta_*: layer 9, bs_iter=38, k=9271, beta_mu=1.9899146245395013e+152, beta_phi=nan
NaN in beta_*: layer 9, bs_iter=38, k=9272, beta_mu=1.995453097717493e+152, beta_phi=nan
NaN in beta_*: layer 9, bs_iter=38, k=9275, beta_mu=1.8933094253617968e+152, beta_phi=nan
NaN in beta_*: layer 9, bs_iter=38, k=9276, beta_mu=2.0217033787259973e+152, beta_phi=nan
NaN in beta_*: layer 9, bs_iter=38, k=9280, beta_mu=1.8933063676121407e+152, beta_phi=nan
NaN in beta_*: layer 9, bs_iter=38, k=9281, beta_mu=1.7274703382888374e+152, beta_phi=nan
NaN in beta_*: layer 9, bs_iter=38, k=9282, beta_mu=2.117990445113308e+152, beta_phi=nan
NaN in beta_*: layer 9, bs_iter=38, k=9284, beta_mu=1.8793975552416393e+152, beta_phi=nan
NaN in beta_*: layer 9, bs_iter=38, k=9285, beta_mu=2.104839491043246e+152, beta_phi=nan
NaN in beta_*: layer 9, bs_iter=38, k=9287, beta_mu=1.8933081355883338e+152, beta_phi=nan
NaN in beta_*: layer 9, bs_iter=38, k=9288, beta_mu=1.8637794143352824e+152, beta_phi=nan
NaN in beta_*: layer 9, bs_iter=38, k=9294, beta_mu=1.8130378830666632e+152, beta_phi=nan
NaN in beta_*: layer 9, bs_iter=38, k=9297, beta_mu=2.4647833063631953e+152, beta_phi=nan
NaN in beta_*: layer 9, bs_iter=38, k=9299, beta_mu=3.1206810449006827e+152, beta_phi=nan
NaN in beta_*: layer 9, bs_iter=38, k=9300, beta_mu=1.9992126669352085e+152, beta_phi=nan
NaN in beta_*: layer 9, bs_iter=38, k=9304, beta_mu=1.6432795306637663e+152, beta_phi=nan
NaN in beta_*: layer 9, bs_iter=38, k=9305, beta_mu=1.6762547137181363e+152, beta_phi=nan
NaN in beta_*: layer 9, bs_iter=38, k=9306, beta_mu=1.6837726916826313e+152, beta_phi=nan
NaN in beta_*: layer 9, bs_iter=38, k=9307, beta_mu=1.6830691871874722e+152, beta_phi=nan
NaN in beta_*: layer 9, bs_iter=38, k=9309, beta_mu=1.5514776299156928e+152, beta_phi=nan
NaN in beta_*: layer 9, bs_iter=38, k=9315, beta_mu=1.9545582052458347e+152, beta_phi=nan
NaN in beta_*: layer 9, bs_iter=38, k=9316, beta_mu=1.9418596313184294e+152, beta_phi=nan
NaN in beta_*: layer 9, bs_iter=38, k=9317, beta_mu=1.8741226685052771e+152, beta_phi=nan
NaN in beta_*: layer 9, bs_iter=38, k=9318, beta_mu=1.6541620754141375e+152, beta_phi=nan
NaN in beta_*: layer 9, bs_iter=38, k=9320, beta_mu=1.5998124375824622e+152, beta_phi=nan
NaN in beta_*: layer 9, bs_iter=38, k=9321, beta_mu=1.637601346289889e+152, beta_phi=nan
NaN in beta_*: layer 9, bs_iter=38, k=9324, beta_mu=1.7694817647703025e+152, beta_phi=nan
NaN in beta_*: layer 9, bs_iter=38, k=9325, beta_mu=1.680498927132337e+152, beta_phi=nan
NaN in beta_*: layer 9, bs_iter=38, k=9326, beta_mu=1.620458940555108e+152, beta_phi=nan
NaN in beta_*: layer 9, bs_iter=38, k=9328, beta_mu=1.6500883810484489e+152, beta_phi=nan
NaN in beta_*: layer 9, bs_iter=38, k=9330, beta_mu=1.9089360405213702e+152, beta_phi=nan
NaN in beta_*: layer 9, bs_iter=38, k=9332, beta_mu=1.92940507852186e+152, beta_phi=nan
NaN in beta_*: layer 9, bs_iter=38, k=9334, beta_mu=1.4552447069858766e+152, beta_phi=nan
NaN in beta_*: layer 9, bs_iter=38, k=9337, beta_mu=1.448561844339062e+152, beta_phi=nan
NaN in beta_*: layer 9, bs_iter=38, k=9340, beta_mu=1.570592459232091e+152, beta_phi=nan
NaN in beta_*: layer 9, bs_iter=38, k=9366, beta_mu=2.3795245422931017e+152, beta_phi=nan
NaN in beta_*: layer 9, bs_iter=38, k=9371, beta_mu=3.2666513737635754e+152, beta_phi=nan
NaN in beta_*: layer 9, bs_iter=38, k=9372, beta_mu=2.5920584128751024e+152, beta_phi=nan
NaN in beta_*: layer 9, bs_iter=38, k=9375, beta_mu=3.5542811113527336e+152, beta_phi=nan
NaN in beta_*: layer 9, bs_iter=38, k=9384, beta_mu=2.632800981645916e+152, beta_phi=nan
NaN in beta_*: layer 9, bs_iter=38, k=9386, beta_mu=2.4044064613001025e+152, beta_phi=nan
NaN in beta_*: layer 9, bs_iter=38, k=9392, beta_mu=2.2538664777170033e+152, beta_phi=nan
NaN in beta_*: layer 9, bs_iter=38, k=9409, beta_mu=3.593999197180528e+152, beta_phi=nan
NaN in beta_*: layer 9, bs_iter=38, k=9413, beta_mu=2.473419346190317e+152, beta_phi=nan
NaN in beta_*: layer 9, bs_iter=38, k=9423, beta_mu=2.3620246629421564e+152, beta_phi=nan
NaN in beta_*: layer 9, bs_iter=38, k=9425, beta_mu=4.724748824853942e+152, beta_phi=nan
NaN in beta_*: layer 9, bs_iter=38, k=9432, beta_mu=2.925396382613915e+152, beta_phi=nan
NaN in beta_*: layer 9, bs_iter=38, k=9434, beta_mu=1.4330048584925713e+152, beta_phi=nan
NaN in beta_*: layer 9, bs_iter=38, k=9439, beta_mu=2.3511911648964655e+152, beta_phi=nan
NaN in beta_*: layer 9, bs_iter=38, k=9445, beta_mu=2.3746317028812087e+152, beta_phi=nan
NaN in beta_*: layer 9, bs_iter=38, k=9453, beta_mu=1.8473930960980563e+152, beta_phi=nan
NaN in beta_*: layer 9, bs_iter=38, k=9461, beta_mu=2.042395211788867e+152, beta_phi=nan
NaN in beta_*: layer 9, bs_iter=38, k=9468, beta_mu=2.792220982047104e+152, beta_phi=nan
NaN in beta_*: layer 9, bs_iter=38, k=9476, beta_mu=1.0446517072488234e+152, beta_phi=nan
NaN in beta_*: layer 9, bs_iter=38, k=9478, beta_mu=2.0816114340174439e+152, beta_phi=nan
NaN in beta_*: layer 9, bs_iter=38, k=9495, beta_mu=3.737091674761683e+152, beta_phi=nan
NaN in beta_*: layer 9, bs_iter=38, k=9496, beta_mu=1.016450851830318e+152, beta_phi=nan
NaN in beta_*: layer 9, bs_iter=38, k=9508, beta_mu=4.4846969077173905e+152, beta_phi=nan
NaN in beta_*: layer 9, bs_iter=38, k=9513, beta_mu=1.6004053113650636e+152, beta_phi=nan
NaN in beta_*: layer 9, bs_iter=38, k=9514, beta_mu=2.6516188494281073e+152, beta_phi=nan
NaN in beta_*: layer 9, bs_iter=38, k=9518, beta_mu=3.8177027814156957e+152, beta_phi=nan
NaN in beta_*: layer 9, bs_iter=38, k=9522, beta_mu=3.878255155779743e+152, beta_phi=nan
NaN in beta_*: layer 9, bs_iter=38, k=9523, beta_mu=3.256745882565494e+152, beta_phi=nan
NaN in beta_*: layer 9, bs_iter=38, k=9528, beta_mu=3.358316829893176e+152, beta_phi=nan
NaN in beta_*: layer 9, bs_iter=38, k=9538, beta_mu=3.2252065531899766e+152, beta_phi=nan
NaN in beta_*: layer 9, bs_iter=38, k=9548, beta_mu=9.586127379152429e+151, beta_phi=nan
NaN in beta_*: layer 9, bs_iter=38, k=9556, beta_mu=1.173104490884013e+152, beta_phi=nan
NaN in beta_*: layer 9, bs_iter=38, k=9558, beta_mu=1.2411740047438323e+152, beta_phi=nan
NaN in beta_*: layer 9, bs_iter=38, k=9565, beta_mu=1.7420969326833288e+152, beta_phi=nan
NaN in beta_*: layer 9, bs_iter=38, k=9577, beta_mu=1.9752435205800465e+152, beta_phi=nan
NaN in beta_*: layer 9, bs_iter=38, k=9580, beta_mu=3.875559694158836e+152, beta_phi=nan
NaN in beta_*: layer 9, bs_iter=38, k=9589, beta_mu=1.084611448715558e+152, beta_phi=nan
NaN in beta_*: layer 9, bs_iter=38, k=9590, beta_mu=1.934902171962554e+152, beta_phi=nan
NaN in beta_*: layer 9, bs_iter=38, k=9593, beta_mu=1.9980717331133675e+152, beta_phi=nan
NaN in beta_*: layer 9, bs_iter=38, k=9597, beta_mu=1.0846200892816222e+152, beta_phi=nan
NaN in beta_*: layer 9, bs_iter=38, k=9598, beta_mu=1.4023923597351455e+152, beta_phi=nan
NaN in beta_*: layer 9, bs_iter=38, k=9599, beta_mu=1.5460195174908365e+152, beta_phi=nan
NaN in beta_*: layer 9, bs_iter=38, k=9616, beta_mu=1.186362911216631e+152, beta_phi=nan
NaN in beta_*: layer 9, bs_iter=38, k=9620, beta_mu=2.407208403750852e+152, beta_phi=nan
NaN in beta_*: layer 9, bs_iter=38, k=9648, beta_mu=1.4549872242972508e+152, beta_phi=nan
NaN in beta_*: layer 9, bs_iter=38, k=9659, beta_mu=1.0031951790515623e+152, beta_phi=nan
NaN in beta_*: layer 9, bs_iter=38, k=9687, beta_mu=2.0156688253455674e+152, beta_phi=nan
NaN in beta_*: layer 9, bs_iter=38, k=9705, beta_mu=2.3810780242662204e+152, beta_phi=nan
NaN in beta_*: layer 9, bs_iter=38, k=9738, beta_mu=1.126222477259985e+152, beta_phi=nan
NaN in beta_*: layer 9, bs_iter=38, k=9739, beta_mu=1.2358858960015632e+152, beta_phi=nan
NaN in beta_*: layer 9, bs_iter=38, k=9740, beta_mu=1.5372976826132094e+152, beta_phi=nan
NaN in beta_*: layer 9, bs_iter=38, k=9741, beta_mu=1.065662877844688e+152, beta_phi=nan
NaN in beta_*: layer 9, bs_iter=38, k=9746, beta_mu=2.5895888642575555e+152, beta_phi=nan
NaN in beta_*: layer 9, bs_iter=38, k=9747, beta_mu=2.589597258037683e+152, beta_phi=nan
NaN in beta_*: layer 9, bs_iter=38, k=9748, beta_mu=2.5895855464477904e+152, beta_phi=nan
NaN in beta_*: layer 9, bs_iter=38, k=9755, beta_mu=1.237166410341974e+152, beta_phi=nan
NaN in beta_*: layer 9, bs_iter=38, k=9759, beta_mu=1.0595778629957908e+152, beta_phi=nan
NaN in beta_*: layer 9, bs_iter=38, k=9762, beta_mu=1.793459518084146e+152, beta_phi=nan
NaN in beta_*: layer 9, bs_iter=38, k=9788, beta_mu=1.1799221548082421e+152, beta_phi=nan
NaN in beta_*: layer 9, bs_iter=38, k=9797, beta_mu=1.279981929781155e+152, beta_phi=nan
NaN in beta_*: layer 9, bs_iter=38, k=9802, beta_mu=1.4391713061286348e+152, beta_phi=nan
NaN in beta_*: layer 9, bs_iter=38, k=9805, beta_mu=1.4452037680703107e+152, beta_phi=nan
NaN in beta_*: layer 9, bs_iter=38, k=9806, beta_mu=1.2718715999149033e+152, beta_phi=nan
NaN in beta_*: layer 9, bs_iter=38, k=9816, beta_mu=1.1892048424551807e+152, beta_phi=nan
NaN in beta_*: layer 9, bs_iter=38, k=9819, beta_mu=1.2167518338040823e+152, beta_phi=nan
NaN in beta_*: layer 9, bs_iter=38, k=9822, beta_mu=1.1935524148359603e+152, beta_phi=nan
NaN in beta_*: layer 9, bs_iter=38, k=9825, beta_mu=1.1259253401894882e+152, beta_phi=nan
NaN in beta_*: layer 9, bs_iter=38, k=9830, beta_mu=1.0438808375556257e+152, beta_phi=nan
NaN in beta_*: layer 9, bs_iter=38, k=9835, beta_mu=1.208828486382227e+152, beta_phi=nan
NaN in beta_*: layer 9, bs_iter=38, k=9838, beta_mu=1.1756950408961945e+152, beta_phi=nan
NaN in beta_*: layer 9, bs_iter=38, k=9849, beta_mu=2.3748153617853503e+152, beta_phi=nan
NaN in beta_*: layer 9, bs_iter=38, k=9856, beta_mu=2.0437263229708204e+152, beta_phi=nan
NaN in beta_*: layer 9, bs_iter=38, k=9885, beta_mu=1.2462784637932972e+152, beta_phi=nan
NaN in beta_*: layer 9, bs_iter=38, k=9887, beta_mu=1.1385737742588456e+152, beta_phi=nan
NaN in beta_*: layer 9, bs_iter=38, k=9892, beta_mu=1.1422583735617082e+152, beta_phi=nan
NaN in beta_*: layer 9, bs_iter=38, k=9893, beta_mu=1.2826554502447693e+152, beta_phi=nan
NaN in beta_*: layer 9, bs_iter=38, k=9897, beta_mu=1.2005979674924492e+152, beta_phi=nan
NaN in beta_*: layer 9, bs_iter=38, k=9899, beta_mu=1.0823298904929604e+152, beta_phi=nan
NaN in beta_*: layer 9, bs_iter=38, k=9904, beta_mu=1.0823316529513198e+152, beta_phi=nan
NaN in beta_*: layer 9, bs_iter=38, k=9907, beta_mu=9.96760845943823e+151, beta_phi=nan
NaN in beta_*: layer 9, bs_iter=38, k=9909, beta_mu=2.2566792633749757e+152, beta_phi=nan
NaN in beta_*: layer 9, bs_iter=38, k=9911, beta_mu=1.0823293970855755e+152, beta_phi=nan
NaN in beta_*: layer 9, bs_iter=38, k=9921, beta_mu=9.787748898076836e+151, beta_phi=nan
NaN in beta_*: layer 9, bs_iter=38, k=9922, beta_mu=1.1105747545085208e+152, beta_phi=nan
NaN in beta_*: layer 9, bs_iter=38, k=9933, beta_mu=9.53216597118982e+151, beta_phi=nan
NaN in beta_*: layer 9, bs_iter=38, k=9936, beta_mu=1.2333010286067848e+152, beta_phi=nan
NaN in beta_*: layer 9, bs_iter=38, k=9937, beta_mu=1.1236962184329444e+152, beta_phi=nan
NaN in beta_*: layer 9, bs_iter=38, k=9940, beta_mu=1.265970438013702e+152, beta_phi=nan
NaN in beta_*: layer 9, bs_iter=38, k=9945, beta_mu=9.997446442539065e+151, beta_phi=nan
NaN in beta_*: layer 9, bs_iter=38, k=9946, beta_mu=1.1083754422625148e+152, beta_phi=nan
NaN in beta_*: layer 9, bs_iter=38, k=9949, beta_mu=1.2091916671077502e+152, beta_phi=nan
NaN in beta_*: layer 9, bs_iter=38, k=9951, beta_mu=1.0425317868878466e+152, beta_phi=nan
NaN in beta_*: layer 9, bs_iter=38, k=9957, beta_mu=1.9106394012881049e+152, beta_phi=nan
NaN in beta_*: layer 9, bs_iter=38, k=9959, beta_mu=1.1236958455230474e+152, beta_phi=nan
NaN in beta_*: layer 9, bs_iter=38, k=9962, beta_mu=2.847917921685393e+152, beta_phi=nan
NaN in beta_*: layer 9, bs_iter=38, k=9969, beta_mu=1.2494143650281763e+152, beta_phi=nan
NaN in beta_*: layer 9, bs_iter=38, k=9972, beta_mu=1.0196058224214665e+152, beta_phi=nan
NaN in beta_*: layer 9, bs_iter=38, k=9978, beta_mu=1.3085589958762423e+152, beta_phi=nan
NaN in beta_*: layer 9, bs_iter=38, k=9986, beta_mu=1.1640415597180754e+152, beta_phi=nan
NaN in beta_*: layer 9, bs_iter=38, k=9987, beta_mu=1.3268178410014553e+152, beta_phi=nan
NaN in beta_*: layer 9, bs_iter=38, k=9990, beta_mu=1.3062782204216382e+152, beta_phi=nan
NaN in beta_*: layer 9, bs_iter=38, k=9991, beta_mu=1.3257852557423034e+152, beta_phi=nan
NaN in beta_*: layer 9, bs_iter=38, k=9992, beta_mu=2.545771246078815e+152, beta_phi=nan
NaN in beta_*: layer 9, bs_iter=38, k=9994, beta_mu=4.237361202829165e+152, beta_phi=nan
NaN in beta_*: layer 9, bs_iter=38, k=10009, beta_mu=1.2435345745676588e+152, beta_phi=nan
NaN in beta_*: layer 9, bs_iter=38, k=10036, beta_mu=1.1736266841790688e+152, beta_phi=nan
NaN in beta_*: layer 9, bs_iter=38, k=10045, beta_mu=2.0739926707479598e+152, beta_phi=nan
NaN in beta_*: layer 9, bs_iter=38, k=10053, beta_mu=9.672470115608259e+151, beta_phi=nan
NaN in beta_*: layer 9, bs_iter=38, k=10055, beta_mu=1.8012889712441364e+152, beta_phi=nan
NaN in beta_*: layer 9, bs_iter=38, k=10058, beta_mu=1.1551366094112416e+152, beta_phi=nan
NaN in beta_*: layer 9, bs_iter=38, k=10064, beta_mu=9.640201982772846e+151, beta_phi=nan
NaN in beta_*: layer 9, bs_iter=38, k=10067, beta_mu=2.193237078940813e+152, beta_phi=nan
NaN in beta_*: layer 9, bs_iter=38, k=10095, beta_mu=2.9217211351824907e+152, beta_phi=nan
NaN in beta_*: layer 9, bs_iter=38, k=10102, beta_mu=2.469047060064827e+152, beta_phi=nan
NaN in beta_*: layer 9, bs_iter=38, k=10104, beta_mu=1.4689614982669256e+152, beta_phi=nan
NaN in beta_*: layer 9, bs_iter=38, k=10105, beta_mu=3.5290420731013036e+152, beta_phi=nan
NaN in beta_*: layer 9, bs_iter=38, k=10108, beta_mu=9.931982120548895e+151, beta_phi=nan
NaN in beta_*: layer 9, bs_iter=38, k=10124, beta_mu=2.025558305542651e+152, beta_phi=nan
NaN in beta_*: layer 9, bs_iter=38, k=10144, beta_mu=1.9307880231944991e+152, beta_phi=nan
NaN in beta_*: layer 9, bs_iter=38, k=10146, beta_mu=2.6435129283787876e+152, beta_phi=nan
NaN in beta_*: layer 9, bs_iter=38, k=10151, beta_mu=2.5848991762645537e+152, beta_phi=nan
NaN in beta_*: layer 9, bs_iter=38, k=10152, beta_mu=6.56754496607989e+152, beta_phi=nan
NaN in beta_*: layer 9, bs_iter=38, k=10168, beta_mu=1.6807500628233555e+152, beta_phi=nan
NaN in beta_*: layer 9, bs_iter=38, k=10181, beta_mu=2.9251351903887444e+152, beta_phi=nan
NaN in beta_*: layer 9, bs_iter=38, k=10188, beta_mu=1.339040389417074e+152, beta_phi=nan
NaN in beta_*: layer 9, bs_iter=38, k=10189, beta_mu=1.3802201865872224e+152, beta_phi=nan
NaN in beta_*: layer 9, bs_iter=38, k=10192, beta_mu=1.404760865536957e+152, beta_phi=nan
NaN in beta_*: layer 9, bs_iter=38, k=10197, beta_mu=1.364839883239114e+152, beta_phi=nan
NaN in beta_*: layer 9, bs_iter=38, k=10203, beta_mu=1.3233552538336482e+152, beta_phi=nan
NaN in beta_*: layer 9, bs_iter=38, k=10208, beta_mu=1.377164722480681e+152, beta_phi=nan
NaN in beta_*: layer 9, bs_iter=38, k=10211, beta_mu=1.268830234793782e+152, beta_phi=nan
NaN in beta_*: layer 9, bs_iter=38, k=10216, beta_mu=1.6637327053409367e+152, beta_phi=nan
NaN in beta_*: layer 9, bs_iter=38, k=10217, beta_mu=1.200743155870904e+152, beta_phi=nan
NaN in beta_*: layer 9, bs_iter=38, k=10230, beta_mu=1.2755953323766205e+152, beta_phi=nan
NaN in beta_*: layer 9, bs_iter=38, k=10234, beta_mu=1.9292982205231617e+152, beta_phi=nan
NaN in beta_*: layer 9, bs_iter=38, k=10238, beta_mu=2.702969747461305e+152, beta_phi=nan
NaN in beta_*: layer 9, bs_iter=38, k=10239, beta_mu=1.9359297252107105e+152, beta_phi=nan
NaN in beta_*: layer 9, bs_iter=38, k=10245, beta_mu=1.8237416691454758e+152, beta_phi=nan
NaN in beta_*: layer 9, bs_iter=38, k=10254, beta_mu=1.4552916028043358e+152, beta_phi=nan
NaN in beta_*: layer 9, bs_iter=38, k=10260, beta_mu=1.3395670229114167e+152, beta_phi=nan
NaN in beta_*: layer 9, bs_iter=38, k=10270, beta_mu=3.2871788744041947e+152, beta_phi=nan
NaN in beta_*: layer 9, bs_iter=38, k=10274, beta_mu=3.2771300193916177e+152, beta_phi=nan
NaN in beta_*: layer 9, bs_iter=38, k=10276, beta_mu=1.3426665120661936e+152, beta_phi=nan
NaN in beta_*: layer 9, bs_iter=38, k=10277, beta_mu=1.9363008490550494e+152, beta_phi=nan
NaN in beta_*: layer 9, bs_iter=38, k=10282, beta_mu=2.6138768832610976e+152, beta_phi=nan
NaN in beta_*: layer 9, bs_iter=38, k=10297, beta_mu=1.019885774685399e+152, beta_phi=nan
NaN in beta_*: layer 9, bs_iter=38, k=10299, beta_mu=2.926880262599478e+152, beta_phi=nan
NaN in beta_*: layer 9, bs_iter=38, k=10303, beta_mu=2.6648113058938127e+152, beta_phi=nan
NaN in beta_*: layer 9, bs_iter=38, k=10304, beta_mu=2.4535068541769844e+152, beta_phi=nan
NaN in beta_*: layer 9, bs_iter=38, k=10307, beta_mu=2.453506715200567e+152, beta_phi=nan
NaN in beta_*: layer 9, bs_iter=38, k=10318, beta_mu=2.3563804996768943e+152, beta_phi=nan
NaN in beta_*: layer 9, bs_iter=38, k=10323, beta_mu=1.0000314707439026e+152, beta_phi=nan
NaN in beta_*: layer 9, bs_iter=38, k=10325, beta_mu=1.8153632305464443e+152, beta_phi=nan
NaN in beta_*: layer 9, bs_iter=38, k=10340, beta_mu=1.0039953609238549e+152, beta_phi=nan
NaN in beta_*: layer 9, bs_iter=38, k=10341, beta_mu=1.1983661269426775e+152, beta_phi=nan
NaN in beta_*: layer 9, bs_iter=38, k=10345, beta_mu=4.979033425515095e+152, beta_phi=nan
NaN in beta_*: layer 9, bs_iter=38, k=10348, beta_mu=9.856173658102606e+151, beta_phi=nan
NaN in beta_*: layer 9, bs_iter=38, k=10349, beta_mu=3.03906453389517e+152, beta_phi=nan
NaN in beta_*: layer 9, bs_iter=38, k=10359, beta_mu=2.8081654412295656e+152, beta_phi=nan
NaN in beta_*: layer 9, bs_iter=38, k=10369, beta_mu=1.5833869644130257e+152, beta_phi=nan
NaN in beta_*: layer 9, bs_iter=38, k=10378, beta_mu=1.0786668529717182e+152, beta_phi=nan
NaN in beta_*: layer 9, bs_iter=38, k=10380, beta_mu=1.9385159909251577e+152, beta_phi=nan
NaN in beta_*: layer 9, bs_iter=38, k=10381, beta_mu=9.569634252189372e+151, beta_phi=nan
NaN in beta_*: layer 9, bs_iter=38, k=10382, beta_mu=9.569693493670836e+151, beta_phi=nan
NaN in beta_*: layer 9, bs_iter=38, k=10385, beta_mu=2.3574677611965593e+152, beta_phi=nan
NaN in beta_*: layer 9, bs_iter=38, k=10386, beta_mu=1.6490987374442988e+152, beta_phi=nan
NaN in beta_*: layer 9, bs_iter=38, k=10387, beta_mu=1.6570700953651567e+152, beta_phi=nan
NaN in beta_*: layer 9, bs_iter=38, k=10390, beta_mu=1.6914507000011937e+152, beta_phi=nan
NaN in beta_*: layer 9, bs_iter=38, k=10394, beta_mu=1.680992811548075e+152, beta_phi=nan
NaN in beta_*: layer 9, bs_iter=38, k=10397, beta_mu=1.8921602411529003e+152, beta_phi=nan
NaN in beta_*: layer 9, bs_iter=38, k=10398, beta_mu=1.6906617514654906e+152, beta_phi=nan
NaN in beta_*: layer 9, bs_iter=38, k=10399, beta_mu=2.0374313318629452e+152, beta_phi=nan
NaN in beta_*: layer 9, bs_iter=38, k=10401, beta_mu=1.6717488542308386e+152, beta_phi=nan
NaN in beta_*: layer 9, bs_iter=38, k=10402, beta_mu=1.4220752428946355e+152, beta_phi=nan
NaN in beta_*: layer 9, bs_iter=38, k=10407, beta_mu=1.6749167707588196e+152, beta_phi=nan
NaN in beta_*: layer 9, bs_iter=38, k=10408, beta_mu=1.267460129611267e+152, beta_phi=nan
NaN in beta_*: layer 9, bs_iter=38, k=10409, beta_mu=1.8635873725596756e+152, beta_phi=nan
NaN in beta_*: layer 9, bs_iter=38, k=10410, beta_mu=1.609549791378398e+152, beta_phi=nan
NaN in beta_*: layer 9, bs_iter=38, k=10411, beta_mu=1.7030101609965177e+152, beta_phi=nan
NaN in beta_*: layer 9, bs_iter=38, k=10417, beta_mu=1.5521975473146003e+152, beta_phi=nan
NaN in beta_*: layer 9, bs_iter=38, k=10419, beta_mu=1.6509074858066456e+152, beta_phi=nan
NaN in beta_*: layer 9, bs_iter=38, k=10420, beta_mu=1.8469040263000326e+152, beta_phi=nan
NaN in beta_*: layer 9, bs_iter=38, k=10423, beta_mu=1.9350813803462829e+152, beta_phi=nan
NaN in beta_*: layer 9, bs_iter=38, k=10425, beta_mu=2.329226686507783e+152, beta_phi=nan
NaN in beta_*: layer 9, bs_iter=38, k=10426, beta_mu=1.6325358880379256e+152, beta_phi=nan
NaN in beta_*: layer 9, bs_iter=38, k=10427, beta_mu=1.7001389799960608e+152, beta_phi=nan
NaN in beta_*: layer 9, bs_iter=38, k=10487, beta_mu=1.4082097976150207e+152, beta_phi=nan
NaN in beta_*: layer 9, bs_iter=38, k=10520, beta_mu=1.1473236195430721e+152, beta_phi=nan
NaN in beta_*: layer 9, bs_iter=38, k=10541, beta_mu=1.1970741866246262e+152, beta_phi=nan
NaN in beta_*: layer 9, bs_iter=38, k=10574, beta_mu=1.331130363080345e+152, beta_phi=nan
NaN in beta_*: layer 9, bs_iter=38, k=10578, beta_mu=1.3318473154216176e+152, beta_phi=nan
NaN in beta_*: layer 9, bs_iter=38, k=10580, beta_mu=1.047371928589418e+152, beta_phi=nan
NaN in beta_*: layer 9, bs_iter=38, k=10582, beta_mu=1.594950503285846e+152, beta_phi=nan
NaN in beta_*: layer 9, bs_iter=38, k=10583, beta_mu=9.464558607863579e+151, beta_phi=nan
NaN in beta_*: layer 9, bs_iter=38, k=10584, beta_mu=1.1046435219358753e+152, beta_phi=nan
NaN in beta_*: layer 9, bs_iter=38, k=10589, beta_mu=2.9035454247961627e+152, beta_phi=nan
NaN in beta_*: layer 9, bs_iter=38, k=10591, beta_mu=2.7227324002643626e+152, beta_phi=nan
NaN in beta_*: layer 9, bs_iter=38, k=10592, beta_mu=4.211294772229191e+152, beta_phi=nan
NaN in beta_*: layer 9, bs_iter=38, k=10594, beta_mu=2.416901698620065e+152, beta_phi=nan
NaN in beta_*: layer 9, bs_iter=38, k=10596, beta_mu=3.7294202713354038e+152, beta_phi=nan
NaN in beta_*: layer 9, bs_iter=38, k=10597, beta_mu=1.2192870610455254e+152, beta_phi=nan
NaN in beta_*: layer 9, bs_iter=38, k=10600, beta_mu=1.3842088899141524e+152, beta_phi=nan
NaN in beta_*: layer 9, bs_iter=38, k=10601, beta_mu=1.3145393475539762e+152, beta_phi=nan
NaN in beta_*: layer 9, bs_iter=38, k=10602, beta_mu=1.2631409071751167e+152, beta_phi=nan
NaN in beta_*: layer 9, bs_iter=38, k=10605, beta_mu=2.8767438563371566e+152, beta_phi=nan
NaN in beta_*: layer 9, bs_iter=38, k=10607, beta_mu=1.311172745962762e+152, beta_phi=nan
NaN in beta_*: layer 9, bs_iter=38, k=10609, beta_mu=9.85527235069817e+151, beta_phi=nan
NaN in beta_*: layer 9, bs_iter=38, k=10610, beta_mu=1.3691172788932334e+152, beta_phi=nan
NaN in beta_*: layer 9, bs_iter=38, k=10614, beta_mu=1.0980632764756697e+152, beta_phi=nan
NaN in beta_*: layer 9, bs_iter=38, k=10628, beta_mu=1.0460171403578076e+152, beta_phi=nan
NaN in beta_*: layer 9, bs_iter=38, k=10634, beta_mu=1.0466436448159772e+152, beta_phi=nan
NaN in beta_*: layer 9, bs_iter=38, k=10651, beta_mu=2.6789682064942776e+152, beta_phi=nan
NaN in beta_*: layer 9, bs_iter=38, k=10652, beta_mu=2.7667992305406025e+152, beta_phi=nan
NaN in beta_*: layer 9, bs_iter=38, k=10653, beta_mu=2.748433767460003e+152, beta_phi=nan
NaN in beta_*: layer 9, bs_iter=38, k=10656, beta_mu=2.4655241628687233e+152, beta_phi=nan
NaN in beta_*: layer 9, bs_iter=38, k=10660, beta_mu=1.0341555193013488e+152, beta_phi=nan
NaN in beta_*: layer 9, bs_iter=38, k=10662, beta_mu=2.744156919301316e+152, beta_phi=nan
NaN in beta_*: layer 9, bs_iter=38, k=10667, beta_mu=1.1344699697522645e+152, beta_phi=nan
NaN in beta_*: layer 9, bs_iter=38, k=10672, beta_mu=2.65009244631607e+152, beta_phi=nan
NaN in beta_*: layer 9, bs_iter=38, k=10673, beta_mu=2.650047958903646e+152, beta_phi=nan
NaN in beta_*: layer 9, bs_iter=38, k=10675, beta_mu=1.1648921154680016e+152, beta_phi=nan
NaN in beta_*: layer 9, bs_iter=38, k=10677, beta_mu=1.367321499344393e+152, beta_phi=nan
NaN in beta_*: layer 9, bs_iter=38, k=10679, beta_mu=1.2025383656967924e+152, beta_phi=nan
NaN in beta_*: layer 9, bs_iter=38, k=10685, beta_mu=1.162379627167214e+152, beta_phi=nan
NaN in beta_*: layer 9, bs_iter=38, k=10686, beta_mu=1.1802479640240399e+152, beta_phi=nan
NaN in beta_*: layer 9, bs_iter=38, k=10692, beta_mu=1.167066418176324e+152, beta_phi=nan
NaN in beta_*: layer 9, bs_iter=38, k=10697, beta_mu=1.1897632432133707e+152, beta_phi=nan
NaN in beta_*: layer 9, bs_iter=38, k=10701, beta_mu=1.0874980820096545e+152, beta_phi=nan
NaN in beta_*: layer 9, bs_iter=38, k=10703, beta_mu=1.5859116890594775e+152, beta_phi=nan
NaN in beta_*: layer 9, bs_iter=38, k=10704, beta_mu=1.1352973049021245e+152, beta_phi=nan
NaN in beta_*: layer 9, bs_iter=38, k=10705, beta_mu=1.1438942189652802e+152, beta_phi=nan
NaN in beta_*: layer 9, bs_iter=38, k=10706, beta_mu=2.4328253069274675e+152, beta_phi=nan
NaN in beta_*: layer 9, bs_iter=38, k=10708, beta_mu=2.4328213932036398e+152, beta_phi=nan
NaN in beta_*: layer 9, bs_iter=38, k=10715, beta_mu=1.4645997460967928e+152, beta_phi=nan
NaN in beta_*: layer 9, bs_iter=38, k=10719, beta_mu=1.460056615721735e+152, beta_phi=nan
NaN in beta_*: layer 9, bs_iter=38, k=10721, beta_mu=1.5000198819929392e+152, beta_phi=nan
NaN in beta_*: layer 9, bs_iter=38, k=10723, beta_mu=1.4433575010059182e+152, beta_phi=nan
NaN in beta_*: layer 9, bs_iter=38, k=10724, beta_mu=1.533106261950017e+152, beta_phi=nan
NaN in beta_*: layer 9, bs_iter=38, k=10728, beta_mu=2.438208711388624e+152, beta_phi=nan
NaN in beta_*: layer 9, bs_iter=38, k=10733, beta_mu=1.4787549363482037e+152, beta_phi=nan
NaN in beta_*: layer 9, bs_iter=38, k=10736, beta_mu=1.414550296496014e+152, beta_phi=nan
NaN in beta_*: layer 9, bs_iter=38, k=10750, beta_mu=1.3558373396473553e+152, beta_phi=nan
NaN in beta_*: layer 9, bs_iter=38, k=10751, beta_mu=2.4341584844181585e+152, beta_phi=nan
NaN in beta_*: layer 9, bs_iter=38, k=10753, beta_mu=2.438218199473337e+152, beta_phi=nan
NaN in beta_*: layer 9, bs_iter=38, k=10754, beta_mu=1.129823224678016e+152, beta_phi=nan
NaN in beta_*: layer 9, bs_iter=38, k=10759, beta_mu=1.984053904907031e+152, beta_phi=nan
NaN in beta_*: layer 9, bs_iter=38, k=10760, beta_mu=2.0345123357777499e+152, beta_phi=nan
NaN in beta_*: layer 9, bs_iter=38, k=10761, beta_mu=1.3701633381211913e+152, beta_phi=nan
NaN in beta_*: layer 9, bs_iter=38, k=10764, beta_mu=2.0172796593159872e+152, beta_phi=nan
NaN in beta_*: layer 9, bs_iter=38, k=10767, beta_mu=2.044900890710909e+152, beta_phi=nan
NaN in beta_*: layer 9, bs_iter=38, k=10771, beta_mu=2.572432646012383e+152, beta_phi=nan
NaN in beta_*: layer 9, bs_iter=38, k=10772, beta_mu=2.571017734169551e+152, beta_phi=nan
NaN in beta_*: layer 9, bs_iter=38, k=10778, beta_mu=1.482677959944105e+152, beta_phi=nan
NaN in beta_*: layer 9, bs_iter=38, k=10782, beta_mu=1.5352257575350177e+152, beta_phi=nan
NaN in beta_*: layer 9, bs_iter=38, k=10784, beta_mu=2.571832978987678e+152, beta_phi=nan
NaN in beta_*: layer 9, bs_iter=38, k=10787, beta_mu=2.4022968371490633e+152, beta_phi=nan
NaN in beta_*: layer 9, bs_iter=38, k=10789, beta_mu=2.5710229541681876e+152, beta_phi=nan
NaN in beta_*: layer 9, bs_iter=38, k=10793, beta_mu=1.4525692573109953e+152, beta_phi=nan
NaN in beta_*: layer 9, bs_iter=38, k=10797, beta_mu=1.5014376846126633e+152, beta_phi=nan
NaN in beta_*: layer 9, bs_iter=38, k=10798, beta_mu=2.5724541597954986e+152, beta_phi=nan
NaN in beta_*: layer 9, bs_iter=38, k=10799, beta_mu=2.5693889345848305e+152, beta_phi=nan
NaN in beta_*: layer 9, bs_iter=38, k=10806, beta_mu=2.567539865972478e+152, beta_phi=nan
NaN in beta_*: layer 9, bs_iter=38, k=10809, beta_mu=1.5762983319580804e+152, beta_phi=nan
NaN in beta_*: layer 9, bs_iter=38, k=10811, beta_mu=1.5437173741772138e+152, beta_phi=nan
NaN in beta_*: layer 9, bs_iter=38, k=10812, beta_mu=1.4001524185684186e+152, beta_phi=nan
NaN in beta_*: layer 9, bs_iter=38, k=10813, beta_mu=2.5710351983732647e+152, beta_phi=nan
NaN in beta_*: layer 9, bs_iter=38, k=10814, beta_mu=2.5026648222975833e+152, beta_phi=nan
NaN in beta_*: layer 9, bs_iter=38, k=10822, beta_mu=1.563050240665292e+152, beta_phi=nan
NaN in beta_*: layer 9, bs_iter=38, k=10823, beta_mu=2.8373357390694998e+152, beta_phi=nan
NaN in beta_*: layer 9, bs_iter=38, k=10827, beta_mu=1.616943305102576e+152, beta_phi=nan
NaN in beta_*: layer 9, bs_iter=38, k=10835, beta_mu=3.5967785578456594e+152, beta_phi=nan
NaN in beta_*: layer 9, bs_iter=38, k=10836, beta_mu=1.5489566664290907e+152, beta_phi=nan
NaN in beta_*: layer 9, bs_iter=38, k=10844, beta_mu=1.5589096779627088e+152, beta_phi=nan
NaN in beta_*: layer 9, bs_iter=38, k=10846, beta_mu=1.5509269203160067e+152, beta_phi=nan
NaN in beta_*: layer 9, bs_iter=38, k=10849, beta_mu=1.296486552507707e+152, beta_phi=nan
NaN in beta_*: layer 9, bs_iter=38, k=10855, beta_mu=1.4155768132465713e+152, beta_phi=nan
NaN in beta_*: layer 9, bs_iter=38, k=10856, beta_mu=1.3652184480729109e+152, beta_phi=nan
NaN in beta_*: layer 9, bs_iter=38, k=10859, beta_mu=9.603986707417286e+151, beta_phi=nan
NaN in beta_*: layer 9, bs_iter=38, k=10861, beta_mu=1.3652718567182404e+152, beta_phi=nan
NaN in beta_*: layer 9, bs_iter=38, k=10868, beta_mu=1.3428727392302062e+152, beta_phi=nan
NaN in beta_*: layer 9, bs_iter=38, k=10877, beta_mu=2.5852833502910527e+152, beta_phi=nan
NaN in beta_*: layer 9, bs_iter=38, k=10902, beta_mu=2.0299294534684828e+152, beta_phi=nan
NaN in beta_*: layer 9, bs_iter=38, k=10913, beta_mu=1.116542044933761e+152, beta_phi=nan
NaN in beta_*: layer 9, bs_iter=38, k=10914, beta_mu=1.09330281519922e+152, beta_phi=nan
NaN in beta_*: layer 9, bs_iter=38, k=10915, beta_mu=2.041721941646743e+152, beta_phi=nan
NaN in beta_*: layer 9, bs_iter=38, k=10917, beta_mu=1.0432704630422215e+152, beta_phi=nan
NaN in beta_*: layer 9, bs_iter=38, k=10921, beta_mu=1.059207296844452e+152, beta_phi=nan
NaN in beta_*: layer 9, bs_iter=38, k=10926, beta_mu=2.367564526523669e+152, beta_phi=nan
NaN in beta_*: layer 9, bs_iter=38, k=10927, beta_mu=1.0445284830533286e+152, beta_phi=nan
NaN in beta_*: layer 9, bs_iter=38, k=10928, beta_mu=9.632292726783687e+151, beta_phi=nan
NaN in beta_*: layer 9, bs_iter=38, k=10929, beta_mu=2.367591662835523e+152, beta_phi=nan
NaN in beta_*: layer 9, bs_iter=38, k=10933, beta_mu=2.364354756060374e+152, beta_phi=nan
NaN in beta_*: layer 9, bs_iter=38, k=10935, beta_mu=1.107320215484904e+152, beta_phi=nan
NaN in beta_*: layer 9, bs_iter=38, k=10940, beta_mu=2.3935655855436896e+152, beta_phi=nan
NaN in beta_*: layer 9, bs_iter=38, k=10942, beta_mu=2.452872989385654e+152, beta_phi=nan
NaN in beta_*: layer 9, bs_iter=38, k=10944, beta_mu=1.0298037668427003e+152, beta_phi=nan
NaN in beta_*: layer 9, bs_iter=38, k=10947, beta_mu=1.1023521314828542e+152, beta_phi=nan
NaN in beta_*: layer 9, bs_iter=38, k=10950, beta_mu=2.3889953949001512e+152, beta_phi=nan
NaN in beta_*: layer 9, bs_iter=38, k=10951, beta_mu=1.0307110579781472e+152, beta_phi=nan
NaN in beta_*: layer 9, bs_iter=38, k=10953, beta_mu=1.5791401226320688e+152, beta_phi=nan
NaN in beta_*: layer 9, bs_iter=38, k=10957, beta_mu=1.1790410202350173e+152, beta_phi=nan
NaN in beta_*: layer 9, bs_iter=38, k=10962, beta_mu=3.746562577228644e+152, beta_phi=nan
NaN in beta_*: layer 9, bs_iter=38, k=10964, beta_mu=1.0784469211117925e+152, beta_phi=nan
NaN in beta_*: layer 9, bs_iter=38, k=10965, beta_mu=1.0884979169239015e+152, beta_phi=nan
NaN in beta_*: layer 9, bs_iter=38, k=10967, beta_mu=9.582551253758861e+151, beta_phi=nan
NaN in beta_*: layer 9, bs_iter=38, k=10968, beta_mu=1.226292461558967e+152, beta_phi=nan
NaN in beta_*: layer 9, bs_iter=38, k=10970, beta_mu=9.532775869183601e+151, beta_phi=nan
NaN in beta_*: layer 9, bs_iter=38, k=10971, beta_mu=1.506834693421045e+152, beta_phi=nan
NaN in beta_*: layer 9, bs_iter=38, k=10972, beta_mu=1.0312025258734476e+152, beta_phi=nan
NaN in beta_*: layer 9, bs_iter=38, k=10973, beta_mu=2.4109635377381858e+152, beta_phi=nan
NaN in beta_*: layer 9, bs_iter=38, k=10975, beta_mu=1.4933794742808137e+152, beta_phi=nan
NaN in beta_*: layer 9, bs_iter=38, k=10977, beta_mu=1.1863637405914814e+152, beta_phi=nan
NaN in beta_*: layer 9, bs_iter=38, k=10978, beta_mu=1.0412026517564194e+152, beta_phi=nan
NaN in beta_*: layer 9, bs_iter=38, k=10983, beta_mu=9.755800735989892e+151, beta_phi=nan
NaN in beta_*: layer 9, bs_iter=38, k=10986, beta_mu=1.0708006865932579e+152, beta_phi=nan
NaN in beta_*: layer 9, bs_iter=38, k=10987, beta_mu=1.5257131554120207e+152, beta_phi=nan
NaN in beta_*: layer 9, bs_iter=38, k=10988, beta_mu=2.4954434562968093e+152, beta_phi=nan
NaN in beta_*: layer 9, bs_iter=38, k=10989, beta_mu=1.0735975004821718e+152, beta_phi=nan
NaN in beta_*: layer 9, bs_iter=38, k=10990, beta_mu=2.1676767249653453e+152, beta_phi=nan
NaN in beta_*: layer 9, bs_iter=38, k=10993, beta_mu=1.5008219230143317e+152, beta_phi=nan
NaN in beta_*: layer 9, bs_iter=38, k=10994, beta_mu=1.3497635017445552e+152, beta_phi=nan
NaN in beta_*: layer 9, bs_iter=38, k=10998, beta_mu=1.3767464939585974e+152, beta_phi=nan
NaN in beta_*: layer 9, bs_iter=38, k=10999, beta_mu=1.5560259774431304e+152, beta_phi=nan
NaN in beta_*: layer 9, bs_iter=38, k=11004, beta_mu=9.65778093859072e+151, beta_phi=nan
NaN in beta_*: layer 9, bs_iter=38, k=11005, beta_mu=1.4319283511696266e+152, beta_phi=nan
NaN in beta_*: layer 9, bs_iter=38, k=11008, beta_mu=1.4010191470865283e+152, beta_phi=nan
NaN in beta_*: layer 9, bs_iter=38, k=11011, beta_mu=1.0264182867557158e+152, beta_phi=nan
NaN in beta_*: layer 9, bs_iter=38, k=11012, beta_mu=1.3891562302662305e+152, beta_phi=nan
NaN in beta_*: layer 9, bs_iter=38, k=11013, beta_mu=1.1967108577969924e+152, beta_phi=nan
NaN in beta_*: layer 9, bs_iter=38, k=11015, beta_mu=1.1738993790898004e+152, beta_phi=nan
NaN in beta_*: layer 9, bs_iter=38, k=11017, beta_mu=1.216909534828035e+152, beta_phi=nan
NaN in beta_*: layer 9, bs_iter=38, k=11021, beta_mu=2.0621558739885302e+152, beta_phi=nan
NaN in beta_*: layer 9, bs_iter=38, k=11025, beta_mu=9.725140751161658e+151, beta_phi=nan
NaN in beta_*: layer 9, bs_iter=38, k=11026, beta_mu=1.0305240192996142e+152, beta_phi=nan
NaN in beta_*: layer 9, bs_iter=38, k=11029, beta_mu=1.0130624927461757e+152, beta_phi=nan
NaN in beta_*: layer 9, bs_iter=38, k=11055, beta_mu=2.639893988575939e+152, beta_phi=nan
NaN in beta_*: layer 9, bs_iter=38, k=11058, beta_mu=1.9816019976969497e+152, beta_phi=nan
NaN in beta_*: layer 9, bs_iter=38, k=11061, beta_mu=1.9188403395777305e+152, beta_phi=nan
NaN in beta_*: layer 9, bs_iter=38, k=11063, beta_mu=1.8092507997520107e+152, beta_phi=nan
NaN in beta_*: layer 9, bs_iter=38, k=11067, beta_mu=1.421100648909082e+152, beta_phi=nan
NaN in beta_*: layer 9, bs_iter=38, k=11069, beta_mu=1.589080524401216e+152, beta_phi=nan
NaN in beta_*: layer 9, bs_iter=38, k=11070, beta_mu=1.9733872048856263e+152, beta_phi=nan
NaN in beta_*: layer 9, bs_iter=38, k=11072, beta_mu=2.0296199006341963e+152, beta_phi=nan
NaN in beta_*: layer 9, bs_iter=38, k=11073, beta_mu=2.040157587147095e+152, beta_phi=nan
NaN in beta_*: layer 9, bs_iter=38, k=11077, beta_mu=2.0176383190200032e+152, beta_phi=nan
NaN in beta_*: layer 9, bs_iter=38, k=11078, beta_mu=2.0376828830681602e+152, beta_phi=nan
NaN in beta_*: layer 9, bs_iter=38, k=11079, beta_mu=1.9971858382486452e+152, beta_phi=nan
NaN in beta_*: layer 9, bs_iter=38, k=11080, beta_mu=1.9988495209069298e+152, beta_phi=nan
NaN in beta_*: layer 9, bs_iter=38, k=11081, beta_mu=3.0874893314709215e+152, beta_phi=nan
NaN in beta_*: layer 9, bs_iter=38, k=11084, beta_mu=3.189596038756712e+152, beta_phi=nan
NaN in beta_*: layer 9, bs_iter=38, k=11085, beta_mu=1.9988493356599226e+152, beta_phi=nan
NaN in beta_*: layer 9, bs_iter=38, k=11086, beta_mu=1.9988478265921407e+152, beta_phi=nan
NaN in beta_*: layer 9, bs_iter=38, k=11090, beta_mu=1.9375583375926108e+152, beta_phi=nan
NaN in beta_*: layer 9, bs_iter=38, k=11091, beta_mu=1.9394189937838895e+152, beta_phi=nan
NaN in beta_*: layer 9, bs_iter=38, k=11092, beta_mu=1.9192589946375013e+152, beta_phi=nan
NaN in beta_*: layer 9, bs_iter=38, k=11093, beta_mu=1.9402497926383664e+152, beta_phi=nan
NaN in beta_*: layer 9, bs_iter=38, k=11095, beta_mu=1.9982911146735365e+152, beta_phi=nan
NaN in beta_*: layer 9, bs_iter=38, k=11096, beta_mu=1.9484241903138125e+152, beta_phi=nan
NaN in beta_*: layer 9, bs_iter=38, k=11099, beta_mu=2.115205846831867e+152, beta_phi=nan
NaN in beta_*: layer 9, bs_iter=38, k=11102, beta_mu=3.2582057578208743e+152, beta_phi=nan
NaN in beta_*: layer 9, bs_iter=38, k=11103, beta_mu=3.133739947121015e+152, beta_phi=nan
NaN in beta_*: layer 9, bs_iter=38, k=11104, beta_mu=1.8231220310548596e+152, beta_phi=nan
NaN in beta_*: layer 9, bs_iter=38, k=11105, beta_mu=1.8249737648704575e+152, beta_phi=nan
NaN in beta_*: layer 9, bs_iter=38, k=11108, beta_mu=1.8684122002332299e+152, beta_phi=nan
NaN in beta_*: layer 9, bs_iter=38, k=11112, beta_mu=9.586797232280795e+151, beta_phi=nan
NaN in beta_*: layer 9, bs_iter=38, k=11114, beta_mu=1.0943631518099775e+152, beta_phi=nan
NaN in beta_*: layer 9, bs_iter=38, k=11116, beta_mu=3.297055519314549e+152, beta_phi=nan
NaN in beta_*: layer 9, bs_iter=38, k=11117, beta_mu=1.0223406087136222e+152, beta_phi=nan
NaN in beta_*: layer 9, bs_iter=38, k=11119, beta_mu=1.0315536853534733e+152, beta_phi=nan
NaN in beta_*: layer 9, bs_iter=38, k=11122, beta_mu=1.0168440362000708e+152, beta_phi=nan
NaN in beta_*: layer 9, bs_iter=38, k=11123, beta_mu=3.3738525183520036e+152, beta_phi=nan
NaN in beta_*: layer 9, bs_iter=38, k=11124, beta_mu=3.4258398416909113e+152, beta_phi=nan
NaN in beta_*: layer 9, bs_iter=38, k=11127, beta_mu=3.455932565331056e+152, beta_phi=nan
NaN in beta_*: layer 9, bs_iter=38, k=11128, beta_mu=2.751963041532495e+152, beta_phi=nan
NaN in beta_*: layer 9, bs_iter=38, k=11131, beta_mu=2.0051082077361923e+152, beta_phi=nan
NaN in beta_*: layer 9, bs_iter=38, k=11133, beta_mu=2.515625653333391e+152, beta_phi=nan
NaN in beta_*: layer 9, bs_iter=38, k=11134, beta_mu=2.197871531273966e+152, beta_phi=nan
NaN in beta_*: layer 9, bs_iter=38, k=11147, beta_mu=2.7584425579249317e+152, beta_phi=nan
NaN in beta_*: layer 9, bs_iter=38, k=11148, beta_mu=1.96386751663114e+152, beta_phi=nan
NaN in beta_*: layer 9, bs_iter=38, k=11155, beta_mu=1.457995231108427e+152, beta_phi=nan
NaN in beta_*: layer 9, bs_iter=38, k=11157, beta_mu=2.1728238847328365e+152, beta_phi=nan
NaN in beta_*: layer 9, bs_iter=38, k=11158, beta_mu=2.0481790249290189e+152, beta_phi=nan
NaN in beta_*: layer 9, bs_iter=38, k=11159, beta_mu=1.7572708167239056e+152, beta_phi=nan
NaN in beta_*: layer 9, bs_iter=38, k=11165, beta_mu=1.7317568506319444e+152, beta_phi=nan
NaN in beta_*: layer 9, bs_iter=38, k=11166, beta_mu=9.957871251087071e+151, beta_phi=nan
NaN in beta_*: layer 9, bs_iter=38, k=11167, beta_mu=9.957873948756713e+151, beta_phi=nan
NaN in beta_*: layer 9, bs_iter=38, k=11169, beta_mu=1.6369176860149552e+152, beta_phi=nan
NaN in beta_*: layer 9, bs_iter=38, k=11170, beta_mu=1.6489708932846257e+152, beta_phi=nan
NaN in beta_*: layer 9, bs_iter=38, k=11171, beta_mu=9.556794832689735e+151, beta_phi=nan
NaN in beta_*: layer 9, bs_iter=38, k=11175, beta_mu=1.4980235064872217e+152, beta_phi=nan
NaN in beta_*: layer 9, bs_iter=38, k=11176, beta_mu=1.0480421452753863e+152, beta_phi=nan
NaN in beta_*: layer 9, bs_iter=38, k=11177, beta_mu=1.4980289152928538e+152, beta_phi=nan
NaN in beta_*: layer 9, bs_iter=38, k=11180, beta_mu=1.77062331401824e+152, beta_phi=nan
NaN in beta_*: layer 9, bs_iter=38, k=11188, beta_mu=1.210389728176103e+152, beta_phi=nan
NaN in beta_*: layer 9, bs_iter=38, k=11189, beta_mu=1.686643263871704e+152, beta_phi=nan
NaN in beta_*: layer 9, bs_iter=38, k=11190, beta_mu=1.0119175021287979e+152, beta_phi=nan
NaN in beta_*: layer 9, bs_iter=38, k=11194, beta_mu=1.781144118094085e+152, beta_phi=nan
NaN in beta_*: layer 9, bs_iter=38, k=11195, beta_mu=1.0964979490596314e+152, beta_phi=nan
NaN in beta_*: layer 9, bs_iter=38, k=11205, beta_mu=2.606672093759384e+152, beta_phi=nan
NaN in beta_*: layer 9, bs_iter=38, k=11214, beta_mu=1.3151785158579288e+152, beta_phi=nan
NaN in beta_*: layer 9, bs_iter=38, k=11215, beta_mu=1.7924248729909733e+152, beta_phi=nan
NaN in beta_*: layer 9, bs_iter=38, k=11229, beta_mu=1.330181730877357e+152, beta_phi=nan
NaN in beta_*: layer 9, bs_iter=38, k=11244, beta_mu=1.712398100865733e+152, beta_phi=nan
NaN in beta_*: layer 9, bs_iter=38, k=11252, beta_mu=1.533651642698095e+152, beta_phi=nan
NaN in beta_*: layer 9, bs_iter=38, k=11269, beta_mu=1.0775751252518985e+152, beta_phi=nan
NaN in beta_*: layer 9, bs_iter=38, k=11278, beta_mu=1.2563009139862202e+152, beta_phi=nan
NaN in beta_*: layer 9, bs_iter=38, k=11283, beta_mu=1.7299977920603987e+152, beta_phi=nan
NaN in beta_*: layer 9, bs_iter=38, k=11319, beta_mu=3.6731912880655695e+152, beta_phi=nan
NaN in beta_*: layer 9, bs_iter=38, k=11322, beta_mu=1.4326438735253557e+152, beta_phi=nan
NaN in beta_*: layer 9, bs_iter=38, k=11323, beta_mu=1.2945534988928e+152, beta_phi=nan
NaN in beta_*: layer 9, bs_iter=38, k=11327, beta_mu=1.094477464648196e+152, beta_phi=nan
NaN in beta_*: layer 9, bs_iter=38, k=11333, beta_mu=1.9387219579461645e+152, beta_phi=nan
NaN in beta_*: layer 9, bs_iter=38, k=11347, beta_mu=1.0584895169776506e+152, beta_phi=nan
NaN in beta_*: layer 9, bs_iter=38, k=11348, beta_mu=1.0330479877088481e+152, beta_phi=nan
NaN in beta_*: layer 9, bs_iter=38, k=11349, beta_mu=1.3435276523933694e+152, beta_phi=nan
NaN in beta_*: layer 9, bs_iter=38, k=11350, beta_mu=1.339272693092971e+152, beta_phi=nan
NaN in beta_*: layer 9, bs_iter=38, k=11357, beta_mu=1.0399185854321896e+152, beta_phi=nan
NaNs in component_non_med_pred at component 9

Residual before update:
[-0.18865805 -0.02284812 -0.0525106  ... -0.11162843 -0.04235756
  0.00282425]
NaNs in residual_incl_alpha[38, :]
NaNs in gene_weights for bs_iter=38
NaN in mixture_alpha_var: a_terms=[nan nan nan nan nan nan nan nan nan nan nan nan nan nan nan nan nan nan
 nan nan nan nan nan nan nan nan nan nan nan nan nan nan nan]
NaN in mixture_alpha_mu: b_terms=[nan nan nan nan nan nan nan nan nan nan nan nan nan nan nan nan nan nan
 nan nan nan nan nan nan nan nan nan nan nan nan nan nan nan]
NaNs in self.residual at bs_iter=38
NaNs in un_normalized_lv_alpha_weights
NaN in normalizing_term
Compute pips
NaNs found in gene-tissue pair PIPs at indices: [ 0  1  2  3  4  5  6  7  8  9 10 11 12 13 14 15 16 17 18 19 20 21 22 23
 24 25 26 27 28 29 30 31 32]
NaNs found in variant PIPs at indices: [    0     1     2 ... 11360 11361 11362]
NaNs found in gene PIPs at indices: [0 1 2 3 4 5 6 7 8]
###############################
TGFM
###############################
Initialize variables
Warning: 315 variants have NaN gwas_beta. Setting to 0 with large SE.
Iterative optimization

Residual before update:
[ 0.00172416  0.00125731 -0.00416743 ... -0.00494944 -0.00064217
 -0.0004203 ]

Residual before update:
[ 0.00172413  0.00125727 -0.00416746 ... -0.00494946 -0.00064217
 -0.00042032]

Residual before update:
[ 0.00172411  0.00125723 -0.00416747 ... -0.00494947 -0.00064218
 -0.00042033]

Residual before update:
[ 0.00170025  0.00124882 -0.00416933 ... -0.0049497  -0.00064315
 -0.00042343]

Residual before update:
[ 0.00172815  0.00126066 -0.00417008 ... -0.00494891 -0.00064273
 -0.00041826]

Residual before update:
[ 0.00172406  0.00125714 -0.00416747 ... -0.00494948 -0.00064218
 -0.00042034]

Residual before update:
[ 0.00172405  0.00125711 -0.00416747 ... -0.00494948 -0.00064217
 -0.00042034]

Residual before update:
[ 0.00172403  0.00125708 -0.00416746 ... -0.00494948 -0.00064217
 -0.00042034]

Residual before update:
[ 0.00172402  0.00125705 -0.00416745 ... -0.00494947 -0.00064217
 -0.00042034]

Residual before update:
[ 0.001724    0.00125702 -0.00416744 ... -0.00494947 -0.00064216
 -0.00042034]

Residual before update:
[ 0.00172401  0.00125703 -0.00416741 ... -0.00494945 -0.00064215
 -0.00042033]

Residual before update:
[ 0.00172401  0.00125703 -0.0041674  ... -0.00494944 -0.00064215
 -0.00042032]

Residual before update:
[ 0.001724    0.00125702 -0.0041674  ... -0.00494944 -0.00064215
 -0.00042032]

Residual before update:
[ 0.00170369  0.00124955 -0.0041695  ... -0.00494969 -0.00064279
 -0.00042422]

Residual before update:
[ 2.55815975e+19  1.86881455e+19  1.12475076e+18 ...  8.49142624e+17
 -1.58754751e+17  2.52938589e+18]

Residual before update:
[ 0.00172399  0.00125701 -0.00416741 ... -0.00494944 -0.00064215
 -0.00042033]

Residual before update:
[ 0.001724    0.001257   -0.00416742 ... -0.00494944 -0.00064214
 -0.00042033]

Residual before update:
[ 0.00172399  0.001257   -0.00416742 ... -0.00494944 -0.00064215
 -0.00042034]

Residual before update:
[ 0.00172399  0.001257   -0.00416743 ... -0.00494945 -0.00064216
 -0.00042034]

Residual before update:
[ 0.00172399  0.001257   -0.00416743 ... -0.00494945 -0.00064216
 -0.00042034]

Residual before update:
[ 0.00172399  0.00125701 -0.00416742 ... -0.00494945 -0.00064216
 -0.00042033]

Residual before update:
[ 0.001724    0.00125701 -0.00416741 ... -0.00494945 -0.00064215
 -0.00042033]

Residual before update:
[ 0.001724    0.00125701 -0.0041674  ... -0.00494944 -0.00064215
 -0.00042033]

Residual before update:
[ 0.00171741  0.00125168 -0.00416687 ... -0.00494978 -0.00064114
 -0.00042228]

Residual before update:
[ 8.22372504e+43  6.01029267e+43  3.55444308e+42 ...  2.72919080e+42
 -5.12327598e+41  8.12288307e+42]

Residual before update:
[ 0.001724    0.00125701 -0.00416741 ... -0.00494944 -0.00064215
 -0.00042033]

Residual before update:
[ 0.001724    0.00125701 -0.00416741 ... -0.00494944 -0.00064214
 -0.00042033]

Residual before update:
[ 0.001724    0.001257   -0.00416741 ... -0.00494944 -0.00064215
 -0.00042033]

Residual before update:
[ 0.00172399  0.001257   -0.00416742 ... -0.00494944 -0.00064215
 -0.00042033]

Residual before update:
[ 0.00172399  0.001257   -0.00416742 ... -0.00494944 -0.00064215
 -0.00042034]

Residual before update:
[ 0.00172399  0.001257   -0.00416742 ... -0.00494944 -0.00064215
 -0.00042034]

Residual before update:
[ 0.00172399  0.001257   -0.00416742 ... -0.00494944 -0.00064215
 -0.00042033]

Residual before update:
[ 0.00172399  0.001257   -0.00416741 ... -0.00494944 -0.00064215
 -0.00042033]

Residual before update:
[ 0.00214802  0.00135158 -0.00409754 ... -0.00494812 -0.00060291
 -0.00035683]

Residual before update:
[ 2.64729372e+68  1.93476922e+68  1.14420835e+67 ...  8.78551950e+66
 -1.64923028e+66  2.61483175e+67]

Residual before update:
[ 0.001724    0.001257   -0.00416741 ... -0.00494944 -0.00064215
 -0.00042033]

Residual before update:
[ 0.001724    0.001257   -0.00416741 ... -0.00494944 -0.00064214
 -0.00042032]

Residual before update:
[ 0.001724    0.001257   -0.00416741 ... -0.00494944 -0.00064215
 -0.00042033]

Residual before update:
[ 0.00172399  0.001257   -0.00416741 ... -0.00494944 -0.00064215
 -0.00042033]

Residual before update:
[ 0.00172399  0.001257   -0.00416741 ... -0.00494944 -0.00064215
 -0.00042033]

Residual before update:
[ 0.00172399  0.001257   -0.00416742 ... -0.00494944 -0.00064215
 -0.00042033]

Residual before update:
[ 0.00172399  0.00125699 -0.00416742 ... -0.00494944 -0.00064215
 -0.00042033]

Residual before update:
[ 0.00172398  0.00125699 -0.00416741 ... -0.00494944 -0.00064215
 -0.00042033]

Residual before update:
[ 0.00212488  0.00134697 -0.00410184 ... -0.00494829 -0.00060507
 -0.00036009]

Residual before update:
[ 8.52188516e+92  6.22820239e+92  3.68331329e+91 ...  2.82814059e+91
 -5.30902594e+90  8.41738705e+91]

Residual before update:
[ 0.00172399  0.001257   -0.00416741 ... -0.00494944 -0.00064215
 -0.00042033]

Residual before update:
[ 0.001724    0.001257   -0.00416741 ... -0.00494944 -0.00064214
 -0.00042033]

Residual before update:
[ 0.00172399  0.001257   -0.00416741 ... -0.00494944 -0.00064215
 -0.00042033]

Residual before update:
[ 0.00172399  0.001257   -0.00416741 ... -0.00494944 -0.00064215
 -0.00042033]

Residual before update:
[ 0.00172399  0.00125699 -0.00416741 ... -0.00494944 -0.00064215
 -0.00042033]
Compute pips
Finished processing final TGFM

------------------------------------------------------------
Sender: LSF System <lsfadmin@node-13-16>
Subject: Job 740119[40]: <run_final_TGFM_CD[1-50]> in cluster <farm22> Done

Job <run_final_TGFM_CD[1-50]> was submitted from host <farm22-head2> by user <bh18> in cluster <farm22> at Thu Apr 30 14:08:18 2026
Job was executed on host(s) <node-13-16>, in queue <long>, as user <bh18> in cluster <farm22> at Thu Apr 30 14:09:47 2026
</nfs/users/nfs_b/bh18> was used as the home directory.
</lustre/scratch127/humgen/projects_v2/sc-eqtl-ibd/analysis/bradley_analysis/IBDverse/TGFM> was used as the working directory.
Started at Thu Apr 30 14:09:47 2026
Terminated at Thu Apr 30 16:13:50 2026
Results reported at Thu Apr 30 16:13:50 2026

Your job looked like:

------------------------------------------------------------
# LSBATCH: User input
bash execution_scripts_BH/run_TGFM-BH-MCP.sh -t CD
------------------------------------------------------------

Successfully completed.

Resource usage summary:

    CPU time :                                   6310.29 sec.
    Max Memory :                                 18532 MB
    Average Memory :                             11030.56 MB
    Total Requested Memory :                     30000.00 MB
    Delta Memory :                               11468.00 MB
    Max Swap :                                   2 MB
    Max Processes :                              5
    Max Threads :                                14
    Run time :                                   7442 sec.
    Turnaround time :                            7532 sec.

The output (if any) is above this job summary.



PS:

Read file <logs/run_final_TGFM-CD-40-740119-error.log> for stderr output of this job.

