Processing chunk 5...
###############################
TGFM
###############################
Initialize variables
Warning: 377 variants have NaN gwas_beta. Setting to 0 with large SE.
Iterative optimization

Residual before update:
[ 0.00063345  0.00042594 -0.00411832 ... -0.00517779  0.01252477
  0.00470575]

Residual before update:
[ 0.00063345  0.00042594 -0.00411832 ... -0.00517778  0.012523
  0.00470561]

Residual before update:
[ 0.00063345  0.00042593 -0.00411832 ... -0.00517776  0.01252123
  0.00470548]

Residual before update:
[ 0.00063345  0.00042593 -0.00411832 ... -0.00517774  0.01251948
  0.00470536]

Residual before update:
[ 0.00063345  0.00042592 -0.00411832 ... -0.00517773  0.01251774
  0.00470523]

Residual before update:
[ 0.00063344  0.00042592 -0.00411832 ... -0.00517771  0.012516
  0.00470511]

Residual before update:
[ 0.00063344  0.00042591 -0.00411832 ... -0.0051777   0.01251427
  0.004705  ]

Residual before update:
[ 0.00063344  0.00042591 -0.00411832 ... -0.00517768  0.01251256
  0.00470488]

Residual before update:
[ 0.00063344  0.0004259  -0.00411832 ... -0.00517766  0.01251084
  0.00470477]

Residual before update:
[ 0.00063344  0.0004259  -0.00411832 ... -0.00517765  0.01250914
  0.00470467]

Residual before update:
[ 0.00063344  0.0004259  -0.00411832 ... -0.00517765  0.01250922
  0.0047047 ]

Residual before update:
[ 0.00063344  0.0004259  -0.00411831 ... -0.00517765  0.01250928
  0.00470472]

Residual before update:
[ 0.00063344  0.0004259  -0.00411831 ... -0.00517765  0.01250932
  0.00470474]

Residual before update:
[ 0.00063344  0.0004259  -0.00411831 ... -0.00517765  0.01250936
  0.00470476]

Residual before update:
[ 0.00063344  0.0004259  -0.00411831 ... -0.00517764  0.01250939
  0.00470477]

Residual before update:
[ 0.00063344  0.0004259  -0.00411831 ... -0.00517764  0.0125094
  0.00470477]

Residual before update:
[ 0.00063344  0.0004259  -0.00411831 ... -0.00517764  0.01250941
  0.00470478]

Residual before update:
[ 0.00063344  0.0004259  -0.00411831 ... -0.00517764  0.01250941
  0.00470478]

Residual before update:
[ 0.00063344  0.0004259  -0.00411831 ... -0.00517764  0.01250941
  0.00470478]

Residual before update:
[ 0.00063344  0.0004259  -0.00411831 ... -0.00517764  0.01250939
  0.00470478]

Residual before update:
[ 0.00063344  0.0004259  -0.00411831 ... -0.00517764  0.01250939
  0.00470477]

Residual before update:
[ 0.00063344  0.0004259  -0.00411831 ... -0.00517764  0.01250938
  0.00470477]

Residual before update:
[ 0.00063344  0.0004259  -0.00411831 ... -0.00517764  0.01250937
  0.00470477]

Residual before update:
[ 0.00063344  0.0004259  -0.00411831 ... -0.00517764  0.01250936
  0.00470477]

Residual before update:
[ 0.00063344  0.0004259  -0.00411831 ... -0.00517764  0.01250935
  0.00470477]

Residual before update:
[ 0.00063344  0.0004259  -0.00411831 ... -0.00517764  0.01250935
  0.00470477]

Residual before update:
[ 0.00063344  0.0004259  -0.00411831 ... -0.00517764  0.01250934
  0.00470477]

Residual before update:
[ 0.00063344  0.0004259  -0.00411831 ... -0.00517764  0.01250933
  0.00470477]

Residual before update:
[ 0.00063344  0.0004259  -0.00411831 ... -0.00517764  0.01250933
  0.00470477]

Residual before update:
[ 0.00063344  0.0004259  -0.00411831 ... -0.00517764  0.01250932
  0.00470477]

Residual before update:
[ 0.00063344  0.0004259  -0.00411831 ... -0.00517764  0.01250932
  0.00470477]

Residual before update:
[ 0.00063344  0.0004259  -0.00411831 ... -0.00517764  0.01250932
  0.00470477]

Residual before update:
[ 0.00063344  0.0004259  -0.00411831 ... -0.00517764  0.01250931
  0.00470477]

Residual before update:
[ 0.00063344  0.0004259  -0.00411831 ... -0.00517764  0.0125093
  0.00470477]

Residual before update:
[ 0.00063344  0.0004259  -0.00411831 ... -0.00517764  0.0125093
  0.00470477]

Residual before update:
[ 0.00063344  0.0004259  -0.00411831 ... -0.00517764  0.01250929
  0.00470477]

Residual before update:
[ 0.00063344  0.0004259  -0.00411831 ... -0.00517764  0.01250928
  0.00470477]

Residual before update:
[ 0.00063344  0.0004259  -0.00411831 ... -0.00517764  0.01250927
  0.00470477]

Residual before update:
[ 0.00063344  0.0004259  -0.00411831 ... -0.00517764  0.01250927
  0.00470477]

Residual before update:
[ 0.00063344  0.0004259  -0.00411831 ... -0.00517764  0.01250926
  0.00470477]

Residual before update:
[ 0.00063344  0.0004259  -0.00411831 ... -0.00517764  0.01250926
  0.00470477]

Residual before update:
[ 0.00063344  0.0004259  -0.00411831 ... -0.00517764  0.01250926
  0.00470477]

Residual before update:
[ 0.00063344  0.0004259  -0.00411831 ... -0.00517764  0.01250925
  0.00470476]

Residual before update:
[ 0.00063344  0.0004259  -0.00411831 ... -0.00517764  0.01250924
  0.00470476]

Residual before update:
[ 0.00063344  0.0004259  -0.00411831 ... -0.00517764  0.01250923
  0.00470476]

Residual before update:
[ 0.00063344  0.0004259  -0.00411831 ... -0.00517764  0.01250923
  0.00470476]

Residual before update:
[ 0.00063344  0.0004259  -0.00411831 ... -0.00517764  0.01250922
  0.00470476]

Residual before update:
[ 0.00063344  0.0004259  -0.00411831 ... -0.00517764  0.01250921
  0.00470476]

Residual before update:
[ 0.00063344  0.0004259  -0.00411831 ... -0.00517764  0.01250921
  0.00470476]

Residual before update:
[ 0.00063344  0.0004259  -0.00411831 ... -0.00517764  0.0125092
  0.00470476]
Compute pips
###############################
TGFM
###############################
Initialize variables
Warning: 408 variants have NaN gwas_beta. Setting to 0 with large SE.
Iterative optimization

Residual before update:
[-0.00169084  0.0014284  -0.00162409 ...  0.00236213  0.00227571
 -0.00097202]

Residual before update:
[-0.00194641 -0.00311463 -0.00187967 ...  0.0023084   0.00222716
 -0.00146115]

Residual before update:
[-0.00169037  0.00142771 -0.00162363 ...  0.00236137  0.00227495
 -0.00097242]

Residual before update:
[-0.00169014  0.00142737 -0.0016234  ...  0.00236106  0.00227465
 -0.00097255]

Residual before update:
[-0.0016899   0.00142706 -0.00162316 ...  0.00236077  0.00227436
 -0.00097266]

Residual before update:
[-0.00168968  0.00142671 -0.00162293 ...  0.00236052  0.00227411
 -0.00097276]

Residual before update:
[-0.00168944  0.00142639 -0.0016227  ...  0.00236028  0.00227387
 -0.00097284]

Residual before update:
[-0.00469888  0.00324008 -0.00463214 ...  0.00205404  0.0019678
 -0.00095455]

Residual before update:
[-0.00168898  0.00142575 -0.00162223 ...  0.00235983  0.00227343
 -0.00097298]

Residual before update:
[-0.00168875  0.00142543 -0.001622   ...  0.00235962  0.00227321
 -0.00097304]

Residual before update:
[-0.00168972  0.00138985 -0.00162297 ...  0.0023592   0.00227276
 -0.00097426]

Residual before update:
[ 0.10370564  0.07313793  0.10377239 ...  0.00282304  0.00272914
 -0.00066127]

Residual before update:
[-0.00168873  0.00142549 -0.00162198 ...  0.00235998  0.00227357
 -0.00097272]

Residual before update:
[-0.00168872  0.00142549 -0.00162198 ...  0.00236003  0.00227362
 -0.0009727 ]

Residual before update:
[-0.00168871  0.00142553 -0.00162197 ...  0.00236     0.00227359
 -0.00097269]

Residual before update:
[-0.00168874  0.00142549 -0.00162199 ...  0.00236     0.00227359
 -0.00097271]

Residual before update:
[-0.00168874  0.00142548 -0.00162199 ...  0.00235997  0.00227356
 -0.00097273]

Residual before update:
[-0.00308913  0.00411217 -0.00302238 ...  0.00200137  0.00191442
 -0.00095286]

Residual before update:
[-0.00168874  0.00142547 -0.00162199 ...  0.0023599   0.00227349
 -0.00097279]

Residual before update:
[-0.00168874  0.00142546 -0.00162199 ...  0.00235985  0.00227344
 -0.00097282]

Residual before update:
[-0.00168914  0.00139068 -0.00162239 ...  0.00235924  0.0022728
 -0.00097417]

Residual before update:
[-0.01121826 -0.00437419 -0.01115152 ...  0.00233995  0.00225891
 -0.00111215]

Residual before update:
[-0.00168872  0.00142546 -0.00162198 ...  0.00235985  0.00227344
 -0.00097281]

Residual before update:
[-0.00168872  0.00142546 -0.00162197 ...  0.00235989  0.00227348
 -0.00097279]

Residual before update:
[-0.0016887   0.00142548 -0.00162196 ...  0.00235988  0.00227347
 -0.00097277]

Residual before update:
[-0.00168872  0.00142545 -0.00162198 ...  0.00235991  0.0022735
 -0.00097277]

Residual before update:
[-0.00168872  0.00142544 -0.00162197 ...  0.00235991  0.0022735
 -0.00097276]

Residual before update:
[-0.00334172  0.00408138 -0.00327498 ...  0.00199891  0.00191195
 -0.00095544]

Residual before update:
[-0.00168871  0.00142544 -0.00162197 ...  0.0023599   0.00227349
 -0.00097277]

Residual before update:
[-0.00168871  0.00142543 -0.00162197 ...  0.00235989  0.00227348
 -0.00097278]

Residual before update:
[-0.00168913  0.00139021 -0.00162239 ...  0.00235927  0.00227282
 -0.00097415]

Residual before update:
[-0.00972747 -0.00337712 -0.00966073 ...  0.00233011  0.00224875
 -0.00110627]

Residual before update:
[-0.0016887   0.00142543 -0.00162195 ...  0.00235985  0.00227344
 -0.0009728 ]

Residual before update:
[-0.00168869  0.00142542 -0.00162195 ...  0.00235987  0.00227346
 -0.0009728 ]

Residual before update:
[-0.00168868  0.00142545 -0.00162193 ...  0.00235984  0.00227343
 -0.00097278]

Residual before update:
[-0.0016887   0.00142542 -0.00162195 ...  0.00235986  0.00227346
 -0.00097279]

Residual before update:
[-0.00168869  0.00142541 -0.00162195 ...  0.00235986  0.00227345
 -0.00097279]

Residual before update:
[-0.00334019  0.00408297 -0.00327345 ...  0.00199905  0.00191209
 -0.0009556 ]

Residual before update:
[-0.00168869  0.0014254  -0.00162195 ...  0.00235987  0.00227346
 -0.00097278]

Residual before update:
[-0.00168869  0.0014254  -0.00162194 ...  0.00235986  0.00227346
 -0.00097279]

Residual before update:
[-0.00168908  0.00138989 -0.00162233 ...  0.00235924  0.0022728
 -0.00097416]

Residual before update:
[-0.00848919 -0.00254404 -0.00842244 ...  0.00233128  0.00224975
 -0.00110141]

Residual before update:
[-0.00168867  0.00142539 -0.00162193 ...  0.00235984  0.00227343
 -0.00097279]

Residual before update:
[-0.00168867  0.00142539 -0.00162192 ...  0.00235986  0.00227345
 -0.00097279]

Residual before update:
[-0.00168865  0.00142542 -0.00162191 ...  0.00235983  0.00227342
 -0.00097278]

Residual before update:
[-0.00168867  0.00142538 -0.00162193 ...  0.00235985  0.00227344
 -0.00097279]

Residual before update:
[-0.00168867  0.00142537 -0.00162193 ...  0.00235984  0.00227343
 -0.00097279]

Residual before update:
[-0.00333878  0.00408443 -0.00327204 ...  0.00199918  0.00191223
 -0.00095574]

Residual before update:
[-0.00168866  0.00142537 -0.00162192 ...  0.00235984  0.00227344
 -0.00097279]

Residual before update:
[-0.00168866  0.00142536 -0.00162192 ...  0.00235984  0.00227343
 -0.00097279]
Compute pips
###############################
TGFM
###############################
Initialize variables
Warning: 424 variants have NaN gwas_beta. Setting to 0 with large SE.
Iterative optimization

Residual before update:
[-0.01161802 -0.00195144  0.00134539 ...  0.00808438 -0.00725622
 -0.00897584]

Residual before update:
[-0.01169327 -0.00195439  0.0013408  ...  0.00808518 -0.00725542
 -0.00897516]

Residual before update:
[-0.01166373 -0.00194258  0.00133289 ...  0.00811097 -0.00721393
 -0.00894713]

Residual before update:
[-0.01179202 -0.00195786  0.00133484 ...  0.0080868  -0.00725381
 -0.0089738 ]

Residual before update:
[-0.01182736 -0.00195892  0.00133274 ...  0.00808761 -0.007253
 -0.00897312]

Residual before update:
[-0.01185682 -0.0019597   0.00133101 ...  0.00808842 -0.00725218
 -0.00897244]

Residual before update:
[-0.01188179 -0.00196026  0.00132955 ...  0.00808923 -0.00725137
 -0.00897176]

Residual before update:
[-0.01190322 -0.00196065  0.00132831 ...  0.00809004 -0.00725056
 -0.00897108]

Residual before update:
[-0.01192178 -0.0019609   0.00132725 ...  0.00809085 -0.00724975
 -0.0089704 ]

Residual before update:
[-0.01193797 -0.00196103  0.00132633 ...  0.00809166 -0.00724894
 -0.00896972]

Residual before update:
[-0.01187692 -0.00195811  0.00133012 ...  0.00809167 -0.00724893
 -0.00896971]

Residual before update:
[-0.01184338 -0.00195652  0.00133219 ...  0.00809168 -0.00724892
 -0.00896971]

Residual before update:
[-0.01165753 -0.00194981  0.0013435  ...  0.00819834 -0.00712524
 -0.00889882]

Residual before update:
[-0.01181956 -0.00195545  0.00133362 ...  0.00809169 -0.00724891
 -0.0089697 ]

Residual before update:
[-0.01181971 -0.0019555   0.00133358 ...  0.00809169 -0.0072489
 -0.00896969]

Residual before update:
[-0.01182431 -0.00195577  0.00133327 ...  0.0080917  -0.0072489
 -0.00896969]

Residual before update:
[-0.01183175 -0.00195617  0.00133278 ...  0.0080917  -0.0072489
 -0.00896969]

Residual before update:
[-0.01184098 -0.00195666  0.00133219 ...  0.0080917  -0.00724889
 -0.00896968]

Residual before update:
[-0.01185127 -0.00195719  0.00133154 ...  0.00809171 -0.00724889
 -0.00896968]

Residual before update:
[-0.01186212 -0.00195775  0.00133087 ...  0.00809171 -0.00724889
 -0.00896968]

Residual before update:
[-0.01186393 -0.00195784  0.00133076 ...  0.00809171 -0.00724889
 -0.00896968]

Residual before update:
[-0.01186135 -0.0019577   0.00133092 ...  0.00809172 -0.00724888
 -0.00896967]

Residual before update:
[-0.01170079 -0.00199954  0.00133932 ...  0.00834958 -0.00696212
 -0.00878614]

Residual before update:
[-0.01185165 -0.00195719  0.00133154 ...  0.00809173 -0.00724887
 -0.00896966]

Residual before update:
[-0.01184735 -0.00195696  0.00133182 ...  0.00809174 -0.00724886
 -0.00896965]

Residual before update:
[-0.01184433 -0.0019568   0.00133201 ...  0.00809175 -0.00724885
 -0.00896965]

Residual before update:
[-0.0118428  -0.00195671  0.00133211 ...  0.00809176 -0.00724884
 -0.00896964]

Residual before update:
[-0.01184278 -0.00195671  0.00133211 ...  0.00809176 -0.00724884
 -0.00896963]

Residual before update:
[-0.01184418 -0.00195677  0.00133202 ...  0.00809177 -0.00724883
 -0.00896963]

Residual before update:
[-0.01184682 -0.00195691  0.00133185 ...  0.00809178 -0.00724882
 -0.00896962]

Residual before update:
[-0.01184901 -0.00195702  0.00133171 ...  0.00809177 -0.00724883
 -0.00896963]

Residual before update:
[-0.01185094 -0.00195712  0.00133159 ...  0.00809178 -0.00724882
 -0.00896962]

Residual before update:
[-0.0115664  -0.00191122  0.001341   ...  0.00804081 -0.00729654
 -0.00901026]

Residual before update:
[-0.01185211 -0.00195717  0.00133152 ...  0.00809179 -0.00724881
 -0.00896961]

Residual before update:
[-0.01185166 -0.00195714  0.00133155 ...  0.0080918  -0.0072488
 -0.0089696 ]

Residual before update:
[-0.01185085 -0.00195709  0.0013316  ...  0.00809181 -0.00724879
 -0.0089696 ]

Residual before update:
[-0.01184993 -0.00195704  0.00133166 ...  0.00809181 -0.00724878
 -0.00896959]

Residual before update:
[-0.01184914 -0.00195699  0.00133171 ...  0.00809182 -0.00724878
 -0.00896958]

Residual before update:
[-0.01184866 -0.00195696  0.00133174 ...  0.00809183 -0.00724877
 -0.00896958]

Residual before update:
[-0.01184861 -0.00195695  0.00133175 ...  0.00809184 -0.00724876
 -0.00896957]

Residual before update:
[-0.01184851 -0.00195695  0.00133175 ...  0.00809183 -0.00724877
 -0.00896958]

Residual before update:
[-0.01184909 -0.00195698  0.00133171 ...  0.00809184 -0.00724876
 -0.00896957]

Residual before update:
[-0.01157717 -0.00192671  0.00134694 ...  0.00808666 -0.0072505
 -0.00897817]

Residual before update:
[-0.01185026 -0.00195703  0.00133164 ...  0.00809185 -0.00724874
 -0.00896956]

Residual before update:
[-0.01185066 -0.00195704  0.00133162 ...  0.00809186 -0.00724874
 -0.00896955]

Residual before update:
[-0.01185089 -0.00195705  0.0013316  ...  0.00809187 -0.00724873
 -0.00896954]

Residual before update:
[-0.01185096 -0.00195705  0.0013316  ...  0.00809188 -0.00724872
 -0.00896954]

Residual before update:
[-0.01185091 -0.00195704  0.0013316  ...  0.00809188 -0.00724871
 -0.00896953]

Residual before update:
[-0.0118508  -0.00195703  0.00133161 ...  0.00809189 -0.00724871
 -0.00896953]

Residual before update:
[-0.0118507  -0.00195702  0.00133162 ...  0.0080919  -0.0072487
 -0.00896952]
Compute pips
###############################
TGFM
###############################
Initialize variables
Warning: 582 variants have NaN gwas_beta. Setting to 0 with large SE.
Iterative optimization

Residual before update:
[-0.00198103  0.00120424  0.00735938 ...  0.00682838 -0.00326747
  0.00710902]

Residual before update:
[-0.00198099  0.00120425  0.00735936 ...  0.00682807 -0.00326757
  0.00710871]

Residual before update:
[-0.00198096  0.00120425  0.00735934 ...  0.00682776 -0.00326768
  0.0071084 ]

Residual before update:
[-0.00198093  0.00120426  0.00735932 ...  0.00682745 -0.00326778
  0.00710809]

Residual before update:
[-0.00198089  0.00120426  0.0073593  ...  0.00682713 -0.00326789
  0.00710777]

Residual before update:
[-0.00198086  0.00120427  0.00735928 ...  0.00682682 -0.00326799
  0.00710746]

Residual before update:
[-0.00198083  0.00120427  0.00735926 ...  0.00682651 -0.00326809
  0.00710715]

Residual before update:
[-0.0019808   0.00120428  0.00735924 ...  0.0068262  -0.0032682
  0.00710684]

Residual before update:
[-0.00198076  0.00120428  0.00735921 ...  0.00682589 -0.0032683
  0.00710653]

Residual before update:
[-0.00198073  0.00120428  0.00735919 ...  0.00682558 -0.00326841
  0.00710622]

Residual before update:
[-0.00198073  0.00120428  0.00735919 ...  0.00682558 -0.00326841
  0.00710622]

Residual before update:
[-0.00198073  0.00120428  0.00735919 ...  0.00682558 -0.00326841
  0.00710622]

Residual before update:
[-0.00198073  0.00120428  0.00735919 ...  0.00682558 -0.00326841
  0.00710622]

Residual before update:
[-0.00198073  0.00120428  0.00735919 ...  0.00682558 -0.00326841
  0.00710622]

Residual before update:
[-0.00198073  0.00120428  0.00735919 ...  0.00682558 -0.00326841
  0.00710622]

Residual before update:
[-0.00198073  0.00120428  0.00735919 ...  0.00682558 -0.00326841
  0.00710622]

Residual before update:
[-0.00198073  0.00120428  0.00735919 ...  0.00682558 -0.00326841
  0.00710622]

Residual before update:
[-0.00198073  0.00120428  0.00735919 ...  0.00682558 -0.00326841
  0.00710622]

Residual before update:
[-0.00198073  0.00120428  0.00735919 ...  0.00682558 -0.00326841
  0.00710622]

Residual before update:
[-0.00198073  0.00120428  0.00735919 ...  0.00682558 -0.00326841
  0.00710622]

Residual before update:
[-0.00198073  0.00120428  0.00735919 ...  0.00682558 -0.00326841
  0.00710622]

Residual before update:
[-0.00198073  0.00120428  0.00735919 ...  0.00682558 -0.00326841
  0.00710622]

Residual before update:
[-0.00198073  0.00120428  0.00735919 ...  0.00682558 -0.00326841
  0.00710622]

Residual before update:
[-0.00198073  0.00120428  0.00735919 ...  0.00682558 -0.00326841
  0.00710622]

Residual before update:
[-0.00198073  0.00120428  0.00735919 ...  0.00682558 -0.00326841
  0.00710622]

Residual before update:
[-0.00198073  0.00120428  0.00735919 ...  0.00682558 -0.00326841
  0.00710622]

Residual before update:
[-0.00198073  0.00120428  0.00735919 ...  0.00682558 -0.00326841
  0.00710622]

Residual before update:
[-0.00198073  0.00120428  0.00735919 ...  0.00682558 -0.00326841
  0.00710622]

Residual before update:
[-0.00198073  0.00120428  0.00735919 ...  0.00682558 -0.00326841
  0.00710621]

Residual before update:
[-0.00198073  0.00120428  0.00735919 ...  0.00682558 -0.00326841
  0.00710621]

Residual before update:
[-0.00198073  0.00120428  0.00735919 ...  0.00682558 -0.00326841
  0.00710621]

Residual before update:
[-0.00198073  0.00120428  0.00735919 ...  0.00682558 -0.00326841
  0.00710621]

Residual before update:
[-0.00198073  0.00120428  0.00735919 ...  0.00682558 -0.00326841
  0.00710621]

Residual before update:
[-0.00198073  0.00120428  0.00735919 ...  0.00682558 -0.00326841
  0.00710621]

Residual before update:
[-0.00198073  0.00120428  0.00735919 ...  0.00682557 -0.00326841
  0.00710621]

Residual before update:
[-0.00198073  0.00120428  0.00735919 ...  0.00682557 -0.00326841
  0.00710621]

Residual before update:
[-0.00198073  0.00120428  0.00735919 ...  0.00682557 -0.00326841
  0.00710621]

Residual before update:
[-0.00198073  0.00120428  0.00735919 ...  0.00682557 -0.00326841
  0.00710621]

Residual before update:
[-0.00198073  0.00120428  0.00735919 ...  0.00682557 -0.00326841
  0.00710621]

Residual before update:
[-0.00198073  0.00120428  0.00735919 ...  0.00682557 -0.00326841
  0.00710621]

Residual before update:
[-0.00198073  0.00120428  0.00735919 ...  0.00682557 -0.00326841
  0.00710621]

Residual before update:
[-0.00198073  0.00120428  0.00735919 ...  0.00682557 -0.00326841
  0.00710621]

Residual before update:
[-0.00198073  0.00120428  0.00735919 ...  0.00682557 -0.00326841
  0.00710621]

Residual before update:
[-0.00198073  0.00120428  0.00735919 ...  0.00682557 -0.00326841
  0.00710621]

Residual before update:
[-0.00198073  0.00120428  0.00735919 ...  0.00682557 -0.00326841
  0.00710621]

Residual before update:
[-0.00198073  0.00120428  0.00735919 ...  0.00682557 -0.00326841
  0.00710621]

Residual before update:
[-0.00198073  0.00120428  0.00735919 ...  0.00682557 -0.00326841
  0.00710621]

Residual before update:
[-0.00198073  0.00120428  0.00735919 ...  0.00682557 -0.00326841
  0.00710621]

Residual before update:
[-0.00198073  0.00120428  0.00735919 ...  0.00682557 -0.00326841
  0.00710621]

Residual before update:
[-0.00198073  0.00120428  0.00735919 ...  0.00682557 -0.00326841
  0.00710621]
Compute pips
NaNs found in variant PIPs at indices: [5455 5769 5904 5907 5918 5961 5971 5994 5998 6002 6004 6005 6006 6007
 6009 6011 6012 6013 6014 6016 6019 6020 6022 6026 6027 6029 6030 6031
 6032 6034 6036 6037 6038 6039 6041 6042 6043 6044 6047 6048 6049 6051
 6052 6053 6054 6055 6056 6058 6060 6061 6062 6063 6064 6065 6068 6069
 6071 6073 6074 6075 6076 6077 6078 6079 6081 6082 6083 6086 6089 6095
 6098 6102 6103 6104 6105 6106 6107 6108 6109 6110 6112 6113 6114 6116
 6117 6118 6119 6120 6121 6122 6123 6124 6125 6126 6127 6129 6131 6132
 6133 6135 6139 6143 6241 6245 6248 6251 6255 6257 6262 6264 6265 6268
 6270 6273 6274 6276 6278 6281 6283 6285 6287 6288 6293 6294 6296 6298
 6299 6302 6303 6305 6312 6314 6316 6318 6322 6323 6325 6329 6333 6334
 6339 6340 6342 6343 6345 6355 6356 6361 6370 6375 6377 6378 6380 6381
 6385 6389 6391 6396 6397 6398 6399 6400 6404 6405 6410 6423 6425 6428
 6435 6439 6441 6451 6452 6460 6461 6466 6468 6469 6470 6472 6474 6484
 6485 6487 6492 6499 6505 6510 6512 6517 6521 6522 6524 6530 6542 6545
 6549 6554 6561 6567 6568 6574 6577 6585 6586 6588 6590 6616 6617 6618
 6623 6624 6635 6637 6640 6642 6644 6648 6653 6654 6655 6663 6666 6678
 6679 6689 6698 6699 6705 6707 6710 6711 6712 6713 6716 6720 6721 6723
 6725 6727 6728 6730 6732 6736 6738 6739 6740 6741 6742 6745 6749 6750
 6752 6753 6754 6755 6761 6764 6765 6766 6767 6769 6770 6771 6773 6775
 6776 6778 6779 6780 6781 6783 6788 6789 6790 6792 6794 6796 6798 6799
 6800 6801 6802 6803 6805 6806 6807 6809 6811 6812 6813 6814 6816 6817
 6819 6820 6822 6823 6824 6825 6826 6828 6829 6831 6834 6835 6837 6841
 6844 6845 6847 6848 6849 6850 6852 6853 6854 6858 6861 6871 6873 6874
 6876 6879 6880 6881 6883 6886 6887 6891 6892 6895 6897 6899 6900 6901
 6902 6903 6905 6908 6910 6911 6912 6913 6914 6915 6918 6919 6920 6921
 6923 6924 6925 6926 6927 6930 6931 6932 6933 6935 6937 6938 6939 6940
 6942 6943 6945 6949 6950 6952 6953 6955 6958 6959 6964 6965 6966 6969
 6970 6973 6974 6976 6977 6980 6984 6986 6987 6988 6989 6990 6992 6995
 6996 6999 7002 7004 7005 7007 7008 7010 7012 7015 7016 7017 7020 7023
 7024 7025 7026 7027 7031 7034 7038 7040 7043 7045 7046 7051 7055 7056
 7058 7059 7061 7062 7065 7068 7071 7072 7075 7077 7079 7080 7085 7086
 7089 7091 7092 7093 7095 7096 7097 7098 7101 7102 7103 7105 7107 7108
 7110 7112 7113 7115 7116 7117 7118 7121 7123 7126 7129 7130 7131 7132
 7134 7136 7137 7138 7139 7141 7142 7143 7145 7147 7151 7152 7153 7154
 7156 7159 7161 7162 7163 7164 7165 7167 7171 7172 7173 7174 7175 7176
 7178 7180 7181 7187 7188 7189 7190 7191 7192 7194 7195 7198 7199 7200
 7201 7204 7205 7206 7208 7210 7211 7212 7213 7214 7215 7216 7219 7220
 7224 7226 7227 7230 7231 7232 7237 7239 7242 7243 7245 7246 7248 7250
 7251 7252 7254 7255 7256 7257 7258 7259 7261 7262 7263 7266 7267 7268
 7271 7273 7274 7275 7277 7278 7279 7280 7281 7282 7283 7285 7286 7287
 7289 7293 7295 7297 7298 7300 7301 7303 7304 7306 7308 7309 7310 7311
 7312 7314 7315 7316 7317 7320 7322 7323 7324 7325 7327 7328 7331 7332
 7333 7334 7336 7337 7338 7339 7340 7342 7343 7345 7346 7347 7348 7350
 7352 7353 7354 7355 7357 7358 7359 7360 7363 7364 7365 7367 7369 7370
 7371 7373 7374 7375 7376 7377 7378 7379 7380 7384 7386 7390 7392 7393
 7395 7396 7397 7398 7399 7400 7401 7404 7407 7408 7409 7410 7413 7414
 7415 7416 7418 7420 7422 7424 7425 7426 7428 7429 7431 7432 7433 7436
 7437 7438 7440 7441 7442 7444 7451 7452 7454 7455 7456 7457 7459 7460
 7463 7464 7465 7466 7468 7470 7473 7474 7475 7476 7482 7483 7486 7488
 7489 7490 7491 7493 7498 7502 7506 7509 7512 7519 7523 7525 7526 7530
 7532 7533 7534 7535 7537 7538 7544 7548 7550 7551 7552 7554 7556 7559
 7562 7563 7564 7566 7567 7568 7569 7571 7572 7573 7574 7578 7581 7582
 7583 7585 7586 7587 7588 7589 7590 7591 7593 7595 7596 7597 7598 7599
 7600 7601 7602 7604 7606 7607 7608 7609 7610 7613 7614 7615 7616 7619
 7620 7622 7623 7624 7625 7626 7627 7628 7629 7630 7632 7633 7634 7635
 7637 7640 7641 7642 7646 7647 7648 7649 7650 7651 7654 7655 7657 7658
 7659 7660 7661 7662 7663 7665 7666 7667 7668 7670 7671 7673 7674 7675
 7677 7678 7679 7680 7681 7682 7683 7685 7686 7687 7692 7697 7699 7703
 7704 7705 7706 7708 7709 7710 7713 7714 7715 7718 7719 7720 7721 7725
 7726 7727 7728 7729 7736 7738 7739 7740 7741 7742 7743 7745 7755 7757
 7763 7765 7774 7775 7777 7779 7781 7782 7798 7799 7803 7805 7806 7813
 7814 7815 7821 7822 7823 7824 7826 7827 7828 7829 7830 7832 7834 7835
 7836 7837 7838 7839 7840 7841 7842 7843 7844 7845 7846 7848 7851 7853
 7854 7859 7865 7866 7868 7870 7871 7872 7874 7875 7876 7877 7878 7879
 7880 7881 7883 7890 7891 7897 7898 7899 7901 7907 7911 7913 7915 7919
 7922 7924 7926 7927 7928 7929 7930 7931 7932 7935 7937 7941 7943 7945
 7948 7950 7952 7954 7955 7957 7958 7959 7968 7973 7987 8016 8017 8022
 8023 8025 8026 8032 8039 8041 8048 8052 8057 8061 8071 8073 8076 8084
 8085 8087 8091 8094 8097 8101 8104 8110 8113 8150 8161 8172 8269 8273
 8290 8320 8331 8332 8434 8471 8490 8499 8511 8552 8555 8589 8597 8598
 8600 8682 8793 8823 8950 8964 9151]
###############################
TGFM
###############################
Initialize variables
Warning: 618 variants have NaN gwas_beta. Setting to 0 with large SE.
Iterative optimization

Residual before update:
[0.00203871 0.00215953 0.00240994 ... 0.00165458 0.00046443 0.01225622]

Residual before update:
[0.00083963 0.00207458 0.00238528 ... 0.00160061 0.00046316 0.01225607]

Residual before update:
[0.00204027 0.0021565  0.00241009 ... 0.0016471  0.00046429 0.01224536]

Residual before update:
[0.00203869 0.00215947 0.00240972 ... 0.00165479 0.00046452 0.01225796]

Residual before update:
[0.00203868 0.00215946 0.00240965 ... 0.00165486 0.00046455 0.01225854]

Residual before update:
[0.03632652 0.02280792 0.03359344 ... 0.02477094 0.0014529  0.03261288]

Residual before update:
[0.00203867 0.00215942 0.0024095  ... 0.00165499 0.00046462 0.0122597 ]

Residual before update:
[0.00203866 0.00215941 0.00240943 ... 0.00165506 0.00046465 0.01226027]

Residual before update:
[0.00203865 0.00215939 0.00240936 ... 0.00165513 0.00046468 0.01226085]

Residual before update:
[0.00203864 0.00215937 0.00240929 ... 0.0016552  0.00046471 0.01226142]

Residual before update:
[0.00203864 0.00215937 0.00240929 ... 0.0016552  0.00046471 0.01226141]

Residual before update:
[0.00083337 0.00207513 0.00238493 ... 0.00160005 0.00046317 0.01225794]

Residual before update:
[0.00204084 0.00216111 0.0024129  ... 0.00165696 0.00046632 0.01226778]

Residual before update:
[0.00203864 0.00215937 0.00240929 ... 0.00165519 0.00046471 0.01226139]

Residual before update:
[0.00203864 0.00215937 0.00240929 ... 0.00165519 0.00046471 0.01226139]

Residual before update:
[0.03636498 0.02410038 0.0330509  ... 0.02469123 0.00147202 0.03119743]

Residual before update:
[0.00203864 0.00215938 0.00240929 ... 0.00165519 0.00046471 0.01226138]

Residual before update:
[0.00203864 0.00215938 0.00240929 ... 0.00165519 0.00046471 0.01226138]

Residual before update:
[0.00203864 0.00215938 0.00240929 ... 0.00165519 0.00046471 0.01226138]

Residual before update:
[0.00203864 0.00215938 0.00240929 ... 0.00165519 0.00046471 0.01226138]

Residual before update:
[0.00203864 0.00215938 0.00240929 ... 0.00165519 0.00046471 0.01226138]

Residual before update:
[0.00084652 0.00207357 0.00238423 ... 0.00160129 0.00046327 0.01225545]

Residual before update:
[0.00204412 0.00215607 0.00241365 ... 0.00164412 0.00046673 0.01224511]

Residual before update:
[0.00203864 0.00215938 0.00240929 ... 0.00165519 0.00046471 0.01226138]

Residual before update:
[0.00203864 0.00215937 0.00240929 ... 0.00165519 0.00046471 0.01226138]

Residual before update:
[0.03648276 0.02417809 0.03315271 ... 0.02476915 0.00147533 0.03125728]

Residual before update:
[0.00203864 0.00215938 0.00240929 ... 0.00165519 0.00046471 0.01226139]

Residual before update:
[0.00203864 0.00215937 0.00240929 ... 0.00165519 0.00046471 0.01226139]

Residual before update:
[0.00203864 0.00215937 0.00240929 ... 0.00165519 0.00046471 0.01226139]

Residual before update:
[0.00203864 0.00215937 0.00240929 ... 0.00165519 0.00046471 0.01226139]

Residual before update:
[0.00203864 0.00215937 0.00240929 ... 0.00165519 0.00046471 0.01226139]

Residual before update:
[0.00084709 0.00207342 0.00238393 ... 0.00160142 0.00046326 0.01225547]

Residual before update:
[0.00204625 0.00215374 0.00241498 ... 0.00163805 0.0004676  0.01223252]

Residual before update:
[0.00203864 0.00215937 0.00240929 ... 0.00165519 0.00046471 0.01226139]

Residual before update:
[0.00203864 0.00215937 0.00240929 ... 0.00165519 0.00046471 0.01226139]

Residual before update:
[0.03660112 0.02425612 0.03325507 ... 0.02484746 0.00147866 0.03131749]

Residual before update:
[0.00203864 0.00215937 0.00240929 ... 0.0016552  0.00046471 0.01226139]

Residual before update:
[0.00203864 0.00215937 0.00240929 ... 0.00165519 0.00046471 0.01226139]

Residual before update:
[0.00203864 0.00215937 0.00240929 ... 0.00165519 0.00046471 0.0122614 ]

Residual before update:
[0.00203864 0.00215937 0.00240929 ... 0.00165519 0.00046471 0.0122614 ]

Residual before update:
[0.00203864 0.00215937 0.00240929 ... 0.00165519 0.00046471 0.0122614 ]

Residual before update:
[0.00084756 0.00207335 0.0023839  ... 0.00160149 0.00046326 0.01225547]

Residual before update:
[0.00204548 0.00215876 0.0024164  ... 0.001649   0.00046816 0.01225107]

Residual before update:
[0.00203864 0.00215937 0.00240929 ... 0.00165519 0.00046471 0.0122614 ]

Residual before update:
[0.00203864 0.00215937 0.00240929 ... 0.0016552  0.00046471 0.0122614 ]

Residual before update:
[0.03672005 0.02433446 0.03335796 ... 0.02492617 0.00148201 0.03137806]

Residual before update:
[0.00203864 0.00215937 0.00240929 ... 0.0016552  0.00046471 0.0122614 ]

Residual before update:
[0.00203864 0.00215937 0.00240929 ... 0.0016552  0.00046471 0.0122614 ]
NaNs in component_non_med_pred at component 8

Residual before update:
[0.00203864 0.00215937 0.00240929 ... 0.0016552  0.00046471 0.0122614 ]
NaNs in residual_incl_alpha[94, :]
NaN in mixture_alpha_mu: b_terms=[nan nan nan nan nan nan nan nan]
NaNs in self.residual at bs_iter=94
NaNs in un_normalized_lv_alpha_weights
NaN in normalizing_term
NaNs in component_non_med_pred at component 9

Residual before update:
[0.00203864 0.00215937 0.00240929 ... 0.0016552  0.00046471 0.0122614 ]
NaNs in residual_incl_alpha[94, :]
NaNs in gene_weights for bs_iter=94
NaN in mixture_alpha_mu: b_terms=[nan nan nan nan nan nan nan nan]
NaNs in self.residual at bs_iter=94
NaNs in un_normalized_lv_alpha_weights
NaN in normalizing_term
Compute pips
NaNs found in gene-tissue pair PIPs at indices: [0 1 2 3 4 5 6 7]
NaNs found in variant PIPs at indices: [   0    1    2 ... 9826 9827 9828]
NaNs found in gene PIPs at indices: [0 1 2]
###############################
TGFM
###############################
Initialize variables
Warning: 575 variants have NaN gwas_beta. Setting to 0 with large SE.
Iterative optimization

Residual before update:
[-0.00848024 -0.00553497  0.00162923 ...  0.00241561  0.00538843
  0.00476412]

Residual before update:
[-0.00847989 -0.00553484  0.00162933 ...  0.00242157  0.00543472
  0.0048102 ]

Residual before update:
[-0.00847977 -0.00553479  0.00162937 ...  0.00242373  0.00544949
  0.0048249 ]

Residual before update:
[-0.00847968 -0.00553475  0.0016294  ...  0.00242533  0.00545973
  0.00483508]

Residual before update:
[-0.00952135 -0.00552327  0.00162386 ...  0.00236296  0.00538766
  0.00476421]

Residual before update:
[-0.00847955 -0.00553468  0.00162944 ...  0.00242772  0.00547416
  0.00484944]

Residual before update:
[-0.0084795  -0.00553466  0.00162946 ...  0.00242867  0.00547967
  0.00485493]

Residual before update:
[-0.00847945 -0.00553463  0.00162948 ...  0.00242955  0.00548447
  0.0048597 ]

Residual before update:
[-0.00847941 -0.00553461  0.00162949 ...  0.00243034  0.0054887
  0.00486392]

Residual before update:
[-0.00847937 -0.00553459  0.00162951 ...  0.00243107  0.0054925
  0.0048677 ]

Residual before update:
[-0.0084797  -0.0055347   0.00162942 ...  0.00242578  0.00544965
  0.00482504]

Residual before update:
[-0.00847973 -0.00553471  0.0016294  ...  0.00242513  0.00544477
  0.00482019]

Residual before update:
[-0.00847973 -0.00553471  0.0016294  ...  0.00242515  0.00544547
  0.00482088]

Residual before update:
[-0.00847971 -0.00553471  0.00162941 ...  0.00242551  0.00544827
  0.00482367]

Residual before update:
[-0.00813507 -0.00548214  0.0016364  ...  0.00250312  0.00547071
  0.00484354]

Residual before update:
[-0.00847966 -0.00553469  0.00162943 ...  0.0024264   0.00545546
  0.00483082]

Residual before update:
[-0.00847963 -0.00553468  0.00162944 ...  0.00242685  0.00545907
  0.00483442]

Residual before update:
[-0.0084796  -0.00553467  0.00162944 ...  0.00242731  0.00546253
  0.00483787]

Residual before update:
[-0.00847958 -0.00553466  0.00162945 ...  0.00242774  0.00546582
  0.00484114]

Residual before update:
[-0.00847956 -0.00553465  0.00162946 ...  0.00242815  0.00546892
  0.00484423]

Residual before update:
[-0.00847959 -0.00553466  0.00162945 ...  0.00242766  0.0054651
  0.00484042]

Residual before update:
[-0.00847961 -0.00553467  0.00162944 ...  0.00242715  0.00546105
  0.00483639]

Residual before update:
[-0.00847964 -0.00553468  0.00162943 ...  0.00242671  0.00545779
  0.00483314]

Residual before update:
[-0.00847965 -0.00553468  0.00162943 ...  0.0024265   0.00545582
  0.00483118]

Residual before update:
[-0.00815925 -0.00548275  0.00163236 ...  0.00252063  0.00542902
  0.00480273]

Residual before update:
[-0.00847966 -0.00553469  0.00162943 ...  0.00242642  0.0054552
  0.00483057]

Residual before update:
[-0.00847965 -0.00553468  0.00162943 ...  0.00242651  0.00545602
  0.00483138]

Residual before update:
[-0.00847964 -0.00553468  0.00162943 ...  0.00242669  0.00545728
  0.00483264]

Residual before update:
[-0.00847963 -0.00553468  0.00162944 ...  0.00242689  0.00545883
  0.00483418]

Residual before update:
[-0.00847962 -0.00553467  0.00162944 ...  0.00242711  0.00546054
  0.00483589]

Residual before update:
[-0.00847961 -0.00553467  0.00162944 ...  0.00242718  0.00546112
  0.00483646]

Residual before update:
[-0.00847961 -0.00553467  0.00162944 ...  0.00242721  0.0054613
  0.00483663]

Residual before update:
[-0.00847962 -0.00553467  0.00162944 ...  0.0024271   0.00546072
  0.00483606]

Residual before update:
[-0.00847962 -0.00553467  0.00162944 ...  0.00242703  0.00545985
  0.0048352 ]

Residual before update:
[-0.0134327  -0.00587242  0.00152408 ...  0.00222729  0.00542312
  0.00480204]

Residual before update:
[-0.00847963 -0.00553468  0.00162943 ...  0.00242684  0.00545831
  0.00483367]

Residual before update:
[-0.00847964 -0.00553468  0.00162943 ...  0.00242677  0.00545793
  0.00483329]

Residual before update:
[-0.00847964 -0.00553468  0.00162943 ...  0.00242678  0.00545788
  0.00483323]

Residual before update:
[-0.00847964 -0.00553468  0.00162943 ...  0.00242682  0.00545812
  0.00483347]

Residual before update:
[-0.00847963 -0.00553468  0.00162944 ...  0.00242689  0.00545863
  0.00483398]

Residual before update:
[-0.00847963 -0.00553468  0.00162944 ...  0.00242691  0.00545887
  0.00483422]

Residual before update:
[-0.00847963 -0.00553467  0.00162944 ...  0.002427    0.00545952
  0.00483487]

Residual before update:
[-0.00847962 -0.00553467  0.00162944 ...  0.00242701  0.00545982
  0.00483516]

Residual before update:
[-0.00847962 -0.00553467  0.00162944 ...  0.00242705  0.00545989
  0.00483524]

Residual before update:
[-0.00688124 -0.00522717  0.00165585 ...  0.00298794  0.00571761
  0.00508062]

Residual before update:
[-0.00847962 -0.00553467  0.00162944 ...  0.00242701  0.00545958
  0.00483493]

Residual before update:
[-0.00847963 -0.00553467  0.00162944 ...  0.00242697  0.00545933
  0.00483468]

Residual before update:
[-0.00847963 -0.00553467  0.00162944 ...  0.00242696  0.00545912
  0.00483447]

Residual before update:
[-0.00847963 -0.00553467  0.00162944 ...  0.00242695  0.005459
  0.00483435]

Residual before update:
[-0.00847963 -0.00553467  0.00162944 ...  0.00242695  0.00545899
  0.00483434]
Compute pips
###############################
TGFM
###############################
Initialize variables
Warning: 390 variants have NaN gwas_beta. Setting to 0 with large SE.
Iterative optimization

Residual before update:
[ 0.00811672  0.00806738 -0.00151621 ...  0.01340715  0.0163294
  0.00069404]

Residual before update:
[ 0.00811658  0.00806724 -0.00151571 ...  0.01340358  0.0163272
  0.00069613]

Residual before update:
[ 0.00812978  0.00808054 -0.00151402 ...  0.0135465   0.01652163
  0.00075399]

Residual before update:
[ 0.00811648  0.00806713 -0.00151585 ...  0.01339898  0.01632184
  0.00070086]

Residual before update:
[ 0.0081179   0.00806856 -0.00151617 ...  0.01341781  0.01632506
  0.00069152]

Residual before update:
[ 0.00811575  0.00806642 -0.00151499 ...  0.01337436  0.0162994
  0.00069699]

Residual before update:
[ 0.00811296  0.00806369 -0.00148755 ...  0.01334634  0.01628452
  0.00069727]

Residual before update:
[ 0.00913914  0.00901922 -0.00108452 ...  0.0139891   0.01635344
  0.01074273]

Residual before update:
[ 0.00811502  0.00806569 -0.00151461 ...  0.01335226  0.01627794
  0.00069701]

Residual before update:
[ 0.00811478  0.00806545 -0.00151441 ...  0.01334488  0.01627079
  0.000697  ]

Residual before update:
[ 0.00811457  0.00806523 -0.0015149  ...  0.013341    0.01626567
  0.00069466]

Residual before update:
[ 0.00811429  0.00806495 -0.00151498 ...  0.01334146  0.01626613
  0.00069431]

Residual before update:
[ 0.00811413  0.00806479 -0.00151426 ...  0.01337681  0.01630785
  0.00070096]

Residual before update:
[ 0.00811555  0.0080662  -0.00151646 ...  0.01336781  0.01629809
  0.00062582]

Residual before update:
[ 0.00812707  0.00807706 -0.00151127 ...  0.01342116  0.0163238
  0.00075087]

Residual before update:
[ 0.00811461  0.00806528 -0.00151475 ...  0.01334246  0.01626763
  0.00069547]

Residual before update:
[ 0.00811478  0.00806548 -0.001513   ...  0.01340886  0.01632838
  0.00069559]

Residual before update:
[ 0.00926042  0.00913236 -0.00114483 ...  0.01368019  0.016356
  0.01150235]

Residual before update:
[ 0.00811464  0.00806531 -0.00151468 ...  0.01334375  0.01626907
  0.00069592]

Residual before update:
[ 0.00811466  0.00806533 -0.0015146  ...  0.01334398  0.01626939
  0.00069606]

Residual before update:
[ 0.00811463  0.0080653  -0.00151472 ...  0.0133436   0.0162688
  0.0006957 ]

Residual before update:
[ 0.00811431  0.00806496 -0.00151486 ...  0.01334295  0.01626798
  0.00069499]

Residual before update:
[ 0.00810265  0.00805323 -0.00151539 ...  0.01325826  0.01614586
  0.00065272]

Residual before update:
[ 0.00811518  0.00806582 -0.0015165  ...  0.01335691  0.01628646
  0.00062777]

Residual before update:
[ 0.00812694  0.00807711 -0.0015162  ...  0.01343682  0.01633196
  0.00068995]

Residual before update:
[ 0.00811457  0.00806524 -0.00151476 ...  0.01334173  0.01626684
  0.00069533]

Residual before update:
[ 0.00802452  0.00798253 -0.00202574 ...  0.01308513  0.01602716
  0.00038583]

Residual before update:
[ 0.00926079  0.00913272 -0.00114467 ...  0.01367974  0.01635601
  0.01150246]

Residual before update:
[ 0.00811459  0.00806525 -0.00151473 ...  0.01334233  0.01626749
  0.00069555]

Residual before update:
[ 0.0081146   0.00806526 -0.00151466 ...  0.01334243  0.01626765
  0.00069565]

Residual before update:
[ 0.0081146   0.00806527 -0.00151472 ...  0.01334278  0.01626797
  0.00069564]

Residual before update:
[ 0.0081143   0.00806495 -0.00151482 ...  0.01334226  0.01626739
  0.00069514]

Residual before update:
[ 0.00810982  0.00806046 -0.00151458 ...  0.01333601  0.01625113
  0.00068354]

Residual before update:
[ 0.00811468  0.00806527 -0.00151593 ...  0.01333306  0.01626577
  0.0006046 ]

Residual before update:
[ 0.00812536  0.00807564 -0.00151811 ...  0.01343078  0.01632839
  0.00067882]

Residual before update:
[ 0.00811456  0.00806522 -0.00151474 ...  0.01334122  0.0162664
  0.00069541]

Residual before update:
[ 0.00803519  0.00799271 -0.00201369 ...  0.01339943  0.01634598
  0.00042848]

Residual before update:
[ 0.00926109  0.00913301 -0.00114453 ...  0.01367937  0.01635602
  0.01150255]

Residual before update:
[ 0.00811455  0.00806522 -0.00151474 ...  0.01334144  0.01626656
  0.00069544]

Residual before update:
[ 0.00811456  0.00806522 -0.00151467 ...  0.01334141  0.01626656
  0.0006955 ]

Residual before update:
[ 0.00811457  0.00806523 -0.00151473 ...  0.01334182  0.01626696
  0.00069551]

Residual before update:
[ 0.00811426  0.00806491 -0.00151481 ...  0.01334116  0.01626628
  0.00069507]

Residual before update:
[ 0.00810452  0.00805512 -0.00151514 ...  0.01327695  0.01617171
  0.0006608 ]

Residual before update:
[ 0.0081165   0.0080672  -0.00151702 ...  0.01339738  0.01632833
  0.00061238]

Residual before update:
[ 0.0081255   0.00807579 -0.00151834 ...  0.01343103  0.01632821
  0.00067769]

Residual before update:
[ 0.00811454  0.00806521 -0.00151471 ...  0.01334066  0.0162659
  0.00069548]

Residual before update:
[ 0.0080304   0.00798816 -0.00201587 ...  0.01335758  0.01630225
  0.00040799]

Residual before update:
[ 0.00926134  0.00913324 -0.00114443 ...  0.01367908  0.01635602
  0.01150262]
NaNs in component_non_med_pred at component 8

Residual before update:
[ 0.00811453  0.0080652  -0.00151473 ...  0.01334077  0.01626591
  0.00069545]
NaNs in residual_incl_alpha[59, :]
NaN in mixture_alpha_mu: b_terms=[nan nan nan nan nan nan nan nan nan nan nan nan nan nan nan nan]
NaNs in self.residual at bs_iter=59
NaNs in un_normalized_lv_alpha_weights
NaN in normalizing_term
NaNs in component_non_med_pred at component 9

Residual before update:
[ 0.00811453  0.00806519 -0.00151466 ...  0.01334063  0.01626579
  0.00069547]
NaNs in residual_incl_alpha[59, :]
NaNs in gene_weights for bs_iter=59
NaN in mixture_alpha_mu: b_terms=[nan nan nan nan nan nan nan nan nan nan nan nan nan nan nan nan]
NaNs in self.residual at bs_iter=59
NaNs in un_normalized_lv_alpha_weights
NaN in normalizing_term
Compute pips
NaNs found in gene-tissue pair PIPs at indices: [ 0  1  2  3  4  5  6  7  8  9 10 11 12 13 14 15]
NaNs found in variant PIPs at indices: [    0     1     2 ... 10413 10414 10415]
NaNs found in gene PIPs at indices: [0 1 2 3 4 5]
###############################
TGFM
###############################
Initialize variables
Warning: 383 variants have NaN gwas_beta. Setting to 0 with large SE.
Iterative optimization

Residual before update:
[-0.00646012 -0.0043024   0.00035557 ...  0.00339717  0.00479079
  0.00887524]

Residual before update:
[-0.0064587  -0.00430066  0.00035824 ...  0.0033972   0.00479111
  0.00887553]

Residual before update:
[-0.00645837 -0.00430006  0.00035883 ...  0.00339721  0.00479116
  0.00887557]

Residual before update:
[-0.00645814 -0.00429955  0.00035927 ...  0.00339722  0.0047912
  0.0088756 ]

Residual before update:
[-0.00645797 -0.00429909  0.00035964 ...  0.00339723  0.00479123
  0.00887561]

Residual before update:
[-0.00645784 -0.00429866  0.00035995 ...  0.00339723  0.00479125
  0.00887562]

Residual before update:
[-0.00645774 -0.00429826  0.00036023 ...  0.00339724  0.00479127
  0.00887562]

Residual before update:
[-0.00645768 -0.00429787  0.00036047 ...  0.00339725  0.00479128
  0.00887563]

Residual before update:
[-0.00645764 -0.00429751  0.0003607  ...  0.00339725  0.00479129
  0.00887563]

Residual before update:
[-0.00718274 -0.00605943  0.00031163 ...  0.00338418  0.00478756
  0.00886901]

Residual before update:
[-0.00645903 -0.00429855  0.00035843 ...  0.00339724  0.00479099
  0.00887533]

Residual before update:
[-0.00645907 -0.00429852  0.00035853 ...  0.00339724  0.004791
  0.00887534]

Residual before update:
[-0.00645905 -0.00429844  0.00035871 ...  0.00339724  0.00479103
  0.00887537]

Residual before update:
[-0.006459   -0.00429834  0.0003589  ...  0.00339724  0.00479105
  0.00887539]

Residual before update:
[-0.00645893 -0.00429825  0.00035909 ...  0.00339725  0.00479108
  0.00887542]

Residual before update:
[-0.00645887 -0.00429816  0.00035927 ...  0.00339725  0.0047911
  0.00887544]

Residual before update:
[-0.00645879 -0.00429807  0.00035943 ...  0.00339725  0.00479112
  0.00887546]

Residual before update:
[-0.00645871 -0.00429798  0.00035958 ...  0.00339725  0.00479114
  0.00887548]

Residual before update:
[-0.00645863 -0.0042979   0.00035972 ...  0.00339725  0.00479116
  0.00887549]

Residual before update:
[-0.00717083 -0.00603748  0.0003096  ...  0.00338475  0.00478658
  0.00886837]

Residual before update:
[-0.00645874 -0.00429804  0.00035948 ...  0.00339725  0.00479113
  0.00887546]

Residual before update:
[-0.00645888 -0.00429816  0.00035924 ...  0.00339725  0.0047911
  0.00887543]

Residual before update:
[-0.00645896 -0.00429823  0.00035911 ...  0.00339725  0.00479108
  0.00887542]

Residual before update:
[-0.00645898 -0.00429826  0.00035906 ...  0.00339725  0.00479107
  0.00887541]

Residual before update:
[-0.00645898 -0.00429825  0.00035907 ...  0.00339725  0.00479107
  0.00887541]

Residual before update:
[-0.00645895 -0.00429822  0.00035912 ...  0.00339725  0.00479108
  0.00887542]

Residual before update:
[-0.00645891 -0.00429817  0.00035919 ...  0.00339725  0.00479109
  0.00887543]

Residual before update:
[-0.00645887 -0.00429812  0.00035928 ...  0.00339725  0.0047911
  0.00887544]

Residual before update:
[-0.00645882 -0.00429807  0.00035936 ...  0.00339725  0.00479111
  0.00887545]

Residual before update:
[-0.00713666 -0.00599778  0.00031289 ...  0.0033854   0.00478562
  0.00886891]

Residual before update:
[-0.00645877 -0.00429804  0.00035944 ...  0.00339725  0.00479112
  0.00887546]

Residual before update:
[-0.00645879 -0.00429804  0.00035942 ...  0.00339725  0.00479112
  0.00887545]

Residual before update:
[-0.00645882 -0.00429807  0.00035936 ...  0.00339725  0.00479111
  0.00887545]

Residual before update:
[-0.00645886 -0.0042981   0.00035929 ...  0.00339725  0.0047911
  0.00887544]

Residual before update:
[-0.00645889 -0.00429813  0.00035925 ...  0.00339725  0.0047911
  0.00887543]

Residual before update:
[-0.00645891 -0.00429814  0.00035923 ...  0.00339725  0.00479109
  0.00887543]

Residual before update:
[-0.00645891 -0.00429814  0.00035922 ...  0.00339725  0.00479109
  0.00887543]

Residual before update:
[-0.0064589  -0.00429812  0.00035924 ...  0.00339725  0.00479109
  0.00887543]

Residual before update:
[-0.00645889 -0.0042981   0.00035927 ...  0.00339725  0.0047911
  0.00887543]

Residual before update:
[-0.00711351 -0.0059687   0.00031526 ...  0.00338619  0.00478485
  0.00886916]

Residual before update:
[-0.00645885 -0.00429808  0.00035932 ...  0.00339725  0.0047911
  0.00887544]

Residual before update:
[-0.00645884 -0.00429805  0.00035936 ...  0.00339725  0.00479111
  0.00887544]

Residual before update:
[-0.00645883 -0.00429805  0.00035937 ...  0.00339725  0.00479111
  0.00887545]

Residual before update:
[-0.00645884 -0.00429805  0.00035936 ...  0.00339725  0.00479111
  0.00887544]

Residual before update:
[-0.00645885 -0.00429806  0.00035934 ...  0.00339725  0.0047911
  0.00887544]

Residual before update:
[-0.00645887 -0.00429806  0.00035932 ...  0.00339725  0.0047911
  0.00887544]

Residual before update:
[-0.00645888 -0.00429807  0.0003593  ...  0.00339725  0.0047911
  0.00887543]

Residual before update:
[-0.00645889 -0.00429807  0.0003593  ...  0.00339725  0.0047911
  0.00887543]

Residual before update:
[-0.00645889 -0.00429807  0.0003593  ...  0.00339725  0.0047911
  0.00887543]

Residual before update:
[-0.00711476 -0.00598004  0.00031467 ...  0.00338563  0.00478526
  0.00886903]
Compute pips
###############################
TGFM
###############################
Initialize variables
Warning: 414 variants have NaN gwas_beta. Setting to 0 with large SE.
Iterative optimization

Residual before update:
[0.01315768 0.01336404 0.01239347 ... 0.00142116 0.00767146 0.00493134]

Residual before update:
[0.01315709 0.01336197 0.0123914  ... 0.0014212  0.00767149 0.00493122]

Residual before update:
[0.01315641 0.01335981 0.01238924 ... 0.00142124 0.0076715  0.00493109]

Residual before update:
[0.01315571 0.01335764 0.01238707 ... 0.00142129 0.0076715  0.00493096]

Residual before update:
[0.01315501 0.01335546 0.01238489 ... 0.00142133 0.00767151 0.00493082]

Residual before update:
[0.01315431 0.01335328 0.01238271 ... 0.00142137 0.00767151 0.00493068]

Residual before update:
[0.01315571 0.01335892 0.01238843 ... 0.00142252 0.00767141 0.0049311 ]

Residual before update:
[0.01315288 0.01334892 0.01237836 ... 0.00142146 0.00767151 0.00493041]

Residual before update:
[0.01315217 0.01334673 0.01237618 ... 0.00142151 0.00767152 0.00493028]

Residual before update:
[0.01315146 0.01334455 0.012374   ... 0.00142155 0.00767152 0.00493014]

Residual before update:
[0.01315133 0.01334445 0.0123739  ... 0.00142155 0.00767149 0.00493012]

Residual before update:
[0.01315129 0.01334438 0.01237382 ... 0.00142155 0.00767149 0.00493012]

Residual before update:
[0.01315128 0.01334436 0.01237381 ... 0.00142155 0.00767149 0.00493013]

Residual before update:
[0.01315128 0.01334436 0.0123738  ... 0.00142155 0.00767149 0.00493014]

Residual before update:
[0.01315128 0.01334436 0.01237381 ... 0.00142155 0.00767149 0.00493015]

Residual before update:
[0.01315129 0.01334436 0.01237381 ... 0.00142155 0.00767149 0.00493016]

Residual before update:
[0.01332615 0.01407333 0.01309622 ... 0.00145485 0.00768894 0.00583954]

Residual before update:
[0.0131513  0.01334436 0.01237381 ... 0.00142155 0.0076715  0.00493017]

Residual before update:
[0.0131513  0.01334436 0.0123738  ... 0.00142155 0.0076715  0.00493017]

Residual before update:
[0.01315131 0.01334435 0.0123738  ... 0.00142155 0.0076715  0.00493017]

Residual before update:
[0.01315132 0.0133444  0.01237385 ... 0.00142155 0.0076715  0.00493017]

Residual before update:
[0.01315128 0.01334432 0.01237377 ... 0.00142155 0.0076715  0.00493016]

Residual before update:
[0.01315126 0.01334428 0.01237373 ... 0.00142156 0.0076715  0.00493016]

Residual before update:
[0.01315125 0.01334425 0.01237369 ... 0.00142156 0.00767149 0.00493016]

Residual before update:
[0.01315124 0.01334422 0.01237366 ... 0.00142156 0.00767149 0.00493015]

Residual before update:
[0.01315123 0.01334419 0.01237364 ... 0.00142156 0.00767149 0.00493015]

Residual before update:
[0.01332589 0.01407153 0.01309436 ... 0.00145387 0.00768889 0.00583841]

Residual before update:
[0.01315122 0.01334415 0.0123736  ... 0.00142156 0.0076715  0.00493015]

Residual before update:
[0.01315122 0.01334414 0.01237358 ... 0.00142156 0.0076715  0.00493015]

Residual before update:
[0.01315121 0.01334412 0.01237357 ... 0.00142156 0.0076715  0.00493015]

Residual before update:
[0.01315124 0.01334419 0.01237364 ... 0.00142156 0.0076715  0.00493016]

Residual before update:
[0.01315122 0.01334413 0.01237358 ... 0.00142156 0.0076715  0.00493015]

Residual before update:
[0.01315121 0.0133441  0.01237355 ... 0.00142156 0.0076715  0.00493015]

Residual before update:
[0.0131512  0.01334407 0.01237352 ... 0.00142156 0.0076715  0.00493015]

Residual before update:
[0.01315119 0.01334404 0.01237349 ... 0.00142156 0.0076715  0.00493015]

Residual before update:
[0.01315117 0.01334401 0.01237346 ... 0.00142156 0.0076715  0.00493014]

Residual before update:
[0.01332582 0.01407108 0.0130939  ... 0.00145368 0.00768888 0.00583806]

Residual before update:
[0.01315116 0.01334396 0.01237341 ... 0.00142156 0.0076715  0.00493014]

Residual before update:
[0.01315115 0.01334394 0.01237339 ... 0.00142156 0.0076715  0.00493014]

Residual before update:
[0.01315114 0.01334392 0.01237337 ... 0.00142156 0.0076715  0.00493014]

Residual before update:
[0.01315117 0.01334399 0.01237343 ... 0.00142156 0.0076715  0.00493014]

Residual before update:
[0.01315115 0.01334393 0.01237337 ... 0.00142156 0.0076715  0.00493014]

Residual before update:
[0.01315114 0.0133439  0.01237335 ... 0.00142156 0.0076715  0.00493014]

Residual before update:
[0.01315113 0.01334387 0.01237332 ... 0.00142156 0.0076715  0.00493014]

Residual before update:
[0.01315112 0.01334385 0.0123733  ... 0.00142156 0.0076715  0.00493014]

Residual before update:
[0.01315111 0.01334382 0.01237327 ... 0.00142156 0.0076715  0.00493013]

Residual before update:
[0.01332578 0.01407087 0.01309369 ... 0.00145364 0.00768888 0.00583783]

Residual before update:
[0.0131511  0.01334377 0.01237322 ... 0.00142157 0.0076715  0.00493013]

Residual before update:
[0.01315109 0.01334375 0.0123732  ... 0.00142157 0.0076715  0.00493013]

Residual before update:
[0.01315108 0.01334373 0.01237317 ... 0.00142157 0.0076715  0.00493013]
Compute pips
###############################
TGFM
###############################
Initialize variables
Warning: 361 variants have NaN gwas_beta. Setting to 0 with large SE.
Iterative optimization

Residual before update:
[-0.00493636  0.          0.00808383 ...  0.00125988  0.00419665
  0.        ]

Residual before update:
[-4.93629984e-03  4.94699196e-17  8.08386683e-03 ...  1.25987715e-03
  4.19670005e-03  2.39724420e-16]

Residual before update:
[-4.93627889e-03  9.79503369e-17  8.08390633e-03 ...  1.25986481e-03
  4.19671933e-03  3.06229826e-16]

Residual before update:
[-4.93626401e-03  1.44974993e-16  8.08394420e-03 ...  1.25985159e-03
  4.19673356e-03  3.49308692e-16]

Residual before update:
[-4.94153838e-03 -2.66140748e-13  8.10780598e-03 ...  1.30702131e-03
  4.17415824e-03 -2.98865896e-13]

Residual before update:
[-4.93629391e-03  2.24036650e-16  8.08401388e-03 ...  1.25983951e-03
  4.19675962e-03  3.46994149e-16]

Residual before update:
[-4.93622494e-03  2.86359877e-16  8.08405148e-03 ...  1.25980668e-03
  4.19676971e-03  4.31559116e-16]

Residual before update:
[-4.93621422e-03  3.31347219e-16  8.08408499e-03 ...  1.25979103e-03
  4.19677944e-03  4.50990780e-16]

Residual before update:
[-4.93621523e-03  3.53071349e-16  8.08410788e-03 ...  1.25976025e-03
  4.19677049e-03  4.37721702e-16]

Residual before update:
[ 7.67396223e+01 -2.53827167e-07  7.48230160e+00 ... -1.28285019e+02
  7.67503618e+00  3.36722910e-07]

Residual before update:
[-4.93624785e-03  4.01497289e-16  8.08413909e-03 ...  1.25974276e-03
  4.19674957e-03  2.43537315e-16]

Residual before update:
[-4.93624682e-03  4.07830655e-16  8.08413060e-03 ...  1.25974134e-03
  4.19674973e-03  2.29837855e-16]

Residual before update:
[-4.93624499e-03  3.99951766e-16  8.08412533e-03 ...  1.25973874e-03
  4.19675106e-03  2.40716593e-16]

Residual before update:
[-4.93624596e-03  3.93615202e-16  8.08411917e-03 ...  1.25974017e-03
  4.19675160e-03  2.54588597e-16]

Residual before update:
[-4.93913904e-03 -6.29517627e-14  8.09065357e-03 ...  1.26043332e-03
  4.21046905e-03  3.86903115e-14]

Residual before update:
[-4.93631170e-03  3.72091970e-16  8.08410903e-03 ...  1.25976489e-03
  4.19676258e-03  2.18557796e-16]

Residual before update:
[-4.93622989e-03  3.93415858e-16  8.08411074e-03 ...  1.25974162e-03
  4.19676551e-03  3.17242740e-16]

Residual before update:
[-4.93622599e-03  3.93169284e-16  8.08411003e-03 ...  1.25974263e-03
  4.19676870e-03  3.37033284e-16]

Residual before update:
[-4.93623424e-03  3.69325931e-16  8.08409996e-03 ...  1.25972778e-03
  4.19675223e-03  3.24784897e-16]

Residual before update:
[-3.65012097e+00  2.28149814e-08 -8.39429802e-01 ... -1.24617344e+01
  6.76475012e+00 -4.54591876e-08]

Residual before update:
[-4.93622963e-03  3.82896973e-16  8.08411049e-03 ...  1.25974297e-03
  4.19676610e-03  3.37549155e-16]

Residual before update:
[-4.93622918e-03  3.95686285e-16  8.08411127e-03 ...  1.25974253e-03
  4.19676574e-03  3.18663453e-16]

Residual before update:
[-4.93623218e-03  3.93197282e-16  8.08411374e-03 ...  1.25973935e-03
  4.19676264e-03  3.04160273e-16]

Residual before update:
[-4.93623835e-03  3.91254693e-16  8.08411374e-03 ...  1.25973991e-03
  4.19675844e-03  2.91346142e-16]

Residual before update:
[-5.00828801e-03 -1.85592773e-12  7.80151534e-03 ...  1.39955986e-03
  3.80008762e-03 -1.11407782e-12]

Residual before update:
[-4.93631420e-03  3.75370459e-16  8.08411176e-03 ...  1.25976346e-03
  4.19676232e-03  2.11753338e-16]

Residual before update:
[-4.93623301e-03  3.98454346e-16  8.08411539e-03 ...  1.25973910e-03
  4.19676260e-03  2.99058119e-16]

Residual before update:
[-4.93623126e-03  3.98981080e-16  8.08411564e-03 ...  1.25973950e-03
  4.19676382e-03  3.08031035e-16]

Residual before update:
[-4.93624137e-03  3.74935346e-16  8.08410542e-03 ...  1.25972378e-03
  4.19674555e-03  2.86950902e-16]

Residual before update:
[ 1.11474925e+00  2.61767873e-08  3.57035258e-01 ... -2.62087478e+00
  4.35837135e+00  5.89271080e-09]

Residual before update:
[-4.93623270e-03  3.87327259e-16  8.08411399e-03 ...  1.25974016e-03
  4.19676329e-03  3.19639741e-16]

Residual before update:
[-4.93622752e-03  3.99747721e-16  8.08411399e-03 ...  1.25974109e-03
  4.19676727e-03  3.23497159e-16]

Residual before update:
[-4.93622782e-03  3.96892227e-16  8.08411599e-03 ...  1.25973868e-03
  4.19676665e-03  3.22188970e-16]

Residual before update:
[-4.93623315e-03  3.94756952e-16  8.08411575e-03 ...  1.25973950e-03
  4.19676324e-03  3.13672016e-16]

Residual before update:
[-4.93764797e-03 -5.31139631e-14  8.07107344e-03 ...  1.11175683e-03
  4.00732967e-03  1.56674199e-13]

Residual before update:
[-4.93631073e-03  3.79262969e-16  8.08411405e-03 ...  1.25976251e-03
  4.19676588e-03  2.26826573e-16]

Residual before update:
[-4.93623064e-03  4.02030125e-16  8.08411750e-03 ...  1.25973783e-03
  4.19676477e-03  3.07521978e-16]

Residual before update:
[-4.93623036e-03  4.02655747e-16  8.08411790e-03 ...  1.25973779e-03
  4.19676465e-03  3.09424622e-16]

Residual before update:
[-4.93624196e-03  3.78551679e-16  8.08410779e-03 ...  1.25972144e-03
  4.19674492e-03  2.81368948e-16]

Residual before update:
[1.37193086e+00 2.72979071e-08 7.02983396e-01 ... 6.98751117e-02
 3.68709347e+00 2.05575614e-08]

Residual before update:
[-4.93623472e-03  3.91098341e-16  8.08411656e-03 ...  1.25973756e-03
  4.19676146e-03  3.07080755e-16]

Residual before update:
[-4.93622878e-03  4.03650826e-16  8.08411654e-03 ...  1.25973872e-03
  4.19676612e-03  3.14365755e-16]

Residual before update:
[-4.93622798e-03  4.00736632e-16  8.08411851e-03 ...  1.25973661e-03
  4.19676650e-03  3.18330371e-16]

Residual before update:
[-4.93623228e-03  3.98555665e-16  8.08411822e-03 ...  1.25973777e-03
  4.19676405e-03  3.15008003e-16]

Residual before update:
[-4.93684596e-03 -1.22789017e-13  8.08278839e-03 ...  1.11167173e-03
  4.00467402e-03 -3.16541978e-14]

Residual before update:
[-4.93630913e-03  3.83385622e-16  8.08411675e-03 ...  1.25976112e-03
  4.19676796e-03  2.33691622e-16]

Residual before update:
[-4.93622844e-03  4.05820892e-16  8.08411988e-03 ...  1.25973649e-03
  4.19676681e-03  3.15151232e-16]

Residual before update:
[-4.93622841e-03  4.06453755e-16  8.08412029e-03 ...  1.25973637e-03
  4.19676645e-03  3.15831470e-16]

Residual before update:
[-4.93624059e-03  3.82217018e-16  8.08411015e-03 ...  1.25971967e-03
  4.19674610e-03  2.85233092e-16]

Residual before update:
[1.41243995e+00 2.76263067e-08 8.02931540e-01 ... 8.42597647e-01
 3.49389315e+00 2.47888718e-08]
Compute pips
###############################
TGFM
###############################
Initialize variables
Warning: 354 variants have NaN gwas_beta. Setting to 0 with large SE.
Iterative optimization

Residual before update:
[ 0.00194181  0.00105255 -0.01025229 ...  0.          0.00854318
  0.00739575]

Residual before update:
[ 2.44257546e-03  1.06096069e-03 -1.01989422e-02 ...  1.48371845e-13
  9.37445553e-03  8.22619925e-03]

Residual before update:
[ 1.94310071e-03  1.06339997e-03 -1.02496054e-02 ...  1.15686856e-16
  8.54241068e-03  7.39502325e-03]

Residual before update:
[ 1.94500466e-03  1.10856072e-03 -1.02049593e-02 ...  5.76341809e-15
  8.63756879e-03  7.50925180e-03]

Residual before update:
[ 1.86249599e-03  1.05173419e-03 -1.02994748e-02 ... -9.41216133e-14
  8.52976912e-03  7.38091510e-03]

Residual before update:
[ 1.94360185e-03  1.06758992e-03 -1.02477136e-02 ...  8.79809217e-17
  8.54121851e-03  7.39383954e-03]

Residual before update:
[ 1.94371622e-03  1.06854611e-03 -1.02471613e-02 ...  7.16647365e-17
  8.54082003e-03  7.39344233e-03]

Residual before update:
[ 1.94381623e-03  1.06938423e-03 -1.02466300e-02 ...  5.31939871e-17
  8.54042110e-03  7.39304425e-03]

Residual before update:
[ 1.94526927e-03  1.06658402e-03 -1.02486956e-02 ...  4.06434011e-16
  8.54347532e-03  7.39590460e-03]

Residual before update:
[ 1.94398613e-03  1.07080649e-03 -1.02456129e-02 ...  1.14614363e-17
  8.53962311e-03  7.39224704e-03]

Residual before update:
[ 1.07591320e+13 -1.00205677e+13 -2.45466322e+12 ... -1.25483787e+04
 -3.20809791e+13 -7.91519116e+12]

Residual before update:
[1.23861740e+31 2.69003265e+26 1.27588344e+30 ... 3.67456592e+21
 2.06115317e+31 2.05901596e+31]

Residual before update:
[ 1.94302555e-03  1.06274407e-03 -1.02470192e-02 ... -1.22948917e-16
  8.53957700e-03  7.39217257e-03]

Residual before update:
[ 1.97093986e-03  1.06395153e-03 -1.02078493e-02 ...  4.67976207e-15
  8.62276613e-03  7.48468484e-03]

Residual before update:
[ 1.79063106e-03  1.02997140e-03 -1.03057186e-02 ... -1.10765096e-13
  8.50509524e-03  7.35422687e-03]

Residual before update:
[ 1.94324904e-03  1.06460982e-03 -1.02466778e-02 ... -9.18377542e-17
  8.53957626e-03  7.39217822e-03]

Residual before update:
[ 1.94332425e-03  1.06523639e-03 -1.02465638e-02 ... -8.11568061e-17
  8.53957653e-03  7.39218065e-03]

Residual before update:
[ 1.94339513e-03  1.06582895e-03 -1.02464558e-02 ... -7.14562984e-17
  8.53957625e-03  7.39218243e-03]

Residual before update:
[ 1.94465928e-03  1.05312702e-03 -1.02514639e-02 ...  5.77773324e-15
  8.55252338e-03  7.40150395e-03]

Residual before update:
[ 1.94352497e-03  1.06690914e-03 -1.02462586e-02 ... -5.45668354e-17
  8.53957520e-03  7.39218508e-03]

Residual before update:
[ 1.93149478e+42 -1.79890651e+42 -4.40664537e+41 ... -2.25270209e+33
 -5.75922285e+42 -1.42094634e+42]

Residual before update:
[3.01268860e+65 6.54296531e+60 3.10333076e+64 ... 8.93764519e+55
 5.01334201e+65 5.00814367e+65]

Residual before update:
[ 1.94326716e-03  1.06475347e-03 -1.02466322e-02 ... -9.07078435e-17
  8.53955803e-03  7.39216037e-03]

Residual before update:
[ 1.96957198e-03  1.06248237e-03 -1.02101940e-02 ...  5.17348939e-15
  8.61650498e-03  7.47804318e-03]

Residual before update:
[ 1.85428580e-03  1.04512334e-03 -1.02981526e-02 ... -9.50170155e-14
  8.52138051e-03  7.37215757e-03]

Residual before update:
[ 1.94322839e-03  1.06442889e-03 -1.02466749e-02 ... -9.73600232e-17
  8.53954113e-03  7.39214225e-03]

Residual before update:
[ 1.94324984e-03  1.06460747e-03 -1.02466391e-02 ... -9.44429599e-17
  8.53953762e-03  7.39213934e-03]

Residual before update:
[ 1.94327914e-03  1.06485409e-03 -1.02465914e-02 ... -9.07406895e-17
  8.53953434e-03  7.39213691e-03]

Residual before update:
[ 1.94467875e-03  1.05312869e-03 -1.02514245e-02 ...  5.81187528e-15
  8.55257161e-03  7.40156995e-03]

Residual before update:
[ 1.94335086e-03  1.06545207e-03 -1.02464781e-02 ... -8.21731244e-17
  8.53952908e-03  7.39213366e-03]

Residual before update:
[ 3.47349928e+71 -3.23505946e+71 -7.92468074e+70 ... -4.05114172e+62
 -1.03570854e+72 -2.55535564e+71]

Residual before update:
[7.32862912e+099 1.59163367e+095 7.54912413e+098 ... 2.17416054e+090
 1.21953939e+100 1.21827485e+100]

Residual before update:
[ 1.94334382e-03  1.06539317e-03 -1.02464838e-02 ... -8.28982382e-17
  8.53952417e-03  7.39212855e-03]

Residual before update:
[ 1.96797889e-03  1.06086017e-03 -1.02120637e-02 ...  4.01472664e-15
  8.61140656e-03  7.47285688e-03]

Residual before update:
[ 1.85192046e-03  1.04488115e-03 -1.03002852e-02 ... -9.68147450e-14
  8.52045059e-03  7.37114425e-03]

Residual before update:
[ 1.94329055e-03  1.06494765e-03 -1.02465483e-02 ... -9.15468049e-17
  8.53950711e-03  7.39210984e-03]

Residual before update:
[ 1.94328433e-03  1.06489499e-03 -1.02465530e-02 ... -9.25315854e-17
  8.53950223e-03  7.39210476e-03]

Residual before update:
[ 1.94328507e-03  1.06490294e-03 -1.02465472e-02 ... -9.28653063e-17
  8.53949751e-03  7.39210005e-03]

Residual before update:
[ 1.94467722e-03  1.05312878e-03 -1.02514310e-02 ...  5.80970344e-15
  8.55256934e-03  7.40156211e-03]

Residual before update:
[ 1.94330560e-03  1.06507353e-03 -1.02465086e-02 ... -9.15593571e-17
  8.53948935e-03  7.39209241e-03]

Residual before update:
[ 6.24655959e+100 -5.81776187e+100 -1.42513317e+100 ... -7.28536156e+091
 -1.86256411e+101 -4.59541805e+100]

Residual before update:
[1.78275328e+134 3.87178844e+129 1.83639062e+133 ... 5.28883612e+124
 2.96663649e+134 2.96356038e+134]
NaNs in component_non_med_pred at component 2

Residual before update:
[ 1.94333106e-03  1.06528623e-03 -1.02464662e-02 ... -8.77258172e-17
  8.53948559e-03  7.39208940e-03]
NaNs in residual_incl_alpha[80, :]
NaN in mixture_alpha_mu: b_terms=[nan nan nan nan nan nan nan nan nan nan nan nan nan]
NaNs in self.residual at bs_iter=80
NaNs in un_normalized_lv_alpha_weights
NaN in normalizing_term
NaNs in component_non_med_pred at component 3

Residual before update:
[ 1.96675720e-03  1.05960357e-03 -1.02135022e-02 ...  3.15046973e-15
  8.60747881e-03  7.46885094e-03]
NaNs in residual_incl_alpha[80, :]
NaNs in gene_weights for bs_iter=80
NaN in mixture_alpha_mu: b_terms=[nan nan nan nan nan nan nan nan nan nan nan nan nan]
NaNs in self.residual at bs_iter=80
NaNs in un_normalized_lv_alpha_weights
NaN in normalizing_term
NaNs in component_non_med_pred at component 4

Residual before update:
[ 1.85110463e-03  1.04473106e-03 -1.03004009e-02 ... -9.65046234e-14
  8.52007612e-03  7.37073880e-03]
NaNs in residual_incl_alpha[80, :]
NaNs in gene_weights for bs_iter=80
NaN in mixture_alpha_mu: b_terms=[nan nan nan nan nan nan nan nan nan nan nan nan nan]
NaNs in self.residual at bs_iter=80
NaNs in un_normalized_lv_alpha_weights
NaN in normalizing_term
NaNs in component_non_med_pred at component 5

Residual before update:
[ 1.94332262e-03  1.06521539e-03 -1.02464649e-02 ... -9.00520812e-17
  8.53947066e-03  7.39207413e-03]
NaNs in residual_incl_alpha[80, :]
NaNs in gene_weights for bs_iter=80
NaN in mixture_alpha_mu: b_terms=[nan nan nan nan nan nan nan nan nan nan nan nan nan]
NaNs in self.residual at bs_iter=80
NaNs in un_normalized_lv_alpha_weights
NaN in normalizing_term
NaNs in component_non_med_pred at component 6

Residual before update:
[ 1.94331704e-03  1.06516811e-03 -1.02464686e-02 ... -9.09459178e-17
  8.53946579e-03  7.39206907e-03]
NaNs in residual_incl_alpha[80, :]
NaNs in gene_weights for bs_iter=80
NaN in mixture_alpha_mu: b_terms=[nan nan nan nan nan nan nan nan nan nan nan nan nan]
NaNs in self.residual at bs_iter=80
NaNs in un_normalized_lv_alpha_weights
NaN in normalizing_term
NaNs in component_non_med_pred at component 7

Residual before update:
[ 1.94331242e-03  1.06513136e-03 -1.02464706e-02 ... -9.20352690e-17
  8.53946080e-03  7.39206394e-03]
NaNs in residual_incl_alpha[80, :]
NaNs in gene_weights for bs_iter=80
NaN in mixture_alpha_mu: b_terms=[nan nan nan nan nan nan nan nan nan nan nan nan nan]
NaNs in self.residual at bs_iter=80
NaNs in un_normalized_lv_alpha_weights
NaN in normalizing_term
NaNs in component_non_med_pred at component 8

Residual before update:
[ 1.94467562e-03  1.05312884e-03 -1.02514371e-02 ...  5.80737045e-15
  8.55256674e-03  7.40155441e-03]
NaNs in residual_incl_alpha[1, :]
NaN in mixture_alpha_mu: b_terms=[nan nan nan nan nan nan nan nan nan nan nan nan nan]
NaNs in self.residual at bs_iter=1
NaNs in un_normalized_lv_alpha_weights
NaN in normalizing_term
NaNs in residual_incl_alpha[80, :]
NaNs in gene_weights for bs_iter=80
NaN in mixture_alpha_mu: b_terms=[nan nan nan nan nan nan nan nan nan nan nan nan nan]
NaNs in self.residual at bs_iter=80
NaNs in un_normalized_lv_alpha_weights
NaN in normalizing_term
NaNs in component_non_med_pred at component 9

Residual before update:
[ 1.94331140e-03  1.06512185e-03 -1.02464636e-02 ... -9.37881739e-17
  8.53945148e-03  7.39205450e-03]
NaNs in residual_incl_alpha[1, :]
NaNs in gene_weights for bs_iter=1
NaN in mixture_alpha_mu: b_terms=[nan nan nan nan nan nan nan nan nan nan nan nan nan]
NaNs in self.residual at bs_iter=1
NaNs in un_normalized_lv_alpha_weights
NaN in normalizing_term
NaNs in residual_incl_alpha[80, :]
NaNs in gene_weights for bs_iter=80
NaN in mixture_alpha_mu: b_terms=[nan nan nan nan nan nan nan nan nan nan nan nan nan]
NaNs in self.residual at bs_iter=80
NaNs in un_normalized_lv_alpha_weights
NaN in normalizing_term
Compute pips
NaNs found in gene-tissue pair PIPs at indices: [ 0  1  2  3  4  5  6  7  8  9 10 11 12]
NaNs found in variant PIPs at indices: [    0     1     2 ... 11904 11905 11906]
NaNs found in gene PIPs at indices: [0 1 2 3 4]
###############################
TGFM
###############################
Initialize variables
Warning: 434 variants have NaN gwas_beta. Setting to 0 with large SE.
Iterative optimization

Residual before update:
[ 0.00152557 -0.00250568  0.00660685 ...  0.0012692  -0.00608572
 -0.00457725]

Residual before update:
[ 0.00152558 -0.00250563  0.00660694 ...  0.0012692  -0.00608571
 -0.00457726]

Residual before update:
[ 0.00152559 -0.00250559  0.00660703 ...  0.00126919 -0.0060857
 -0.00457726]

Residual before update:
[ 0.0015256  -0.00250554  0.00660711 ...  0.00126919 -0.00608569
 -0.00457726]

Residual before update:
[ 0.00152561 -0.00250549  0.0066072  ...  0.00126919 -0.00608567
 -0.00457726]

Residual before update:
[ 0.00152561 -0.00250545  0.00660729 ...  0.00126919 -0.00608566
 -0.00457726]

Residual before update:
[ 0.00152562 -0.0025054   0.00660737 ...  0.00126919 -0.00608565
 -0.00457726]

Residual before update:
[ 0.0015451  -0.00240865  0.00681119 ...  0.00127758 -0.00608567
 -0.00457608]

Residual before update:
[ 0.00152564 -0.00250531  0.00660755 ...  0.00126918 -0.00608563
 -0.00457727]

Residual before update:
[ 0.00152565 -0.00250527  0.00660763 ...  0.00126918 -0.00608562
 -0.00457727]

Residual before update:
[ 0.00152565 -0.00250527  0.00660763 ...  0.00126918 -0.00608562
 -0.00457727]

Residual before update:
[ 0.00152565 -0.00250527  0.00660763 ...  0.00126918 -0.00608562
 -0.00457727]

Residual before update:
[ 0.00152565 -0.00250527  0.00660762 ...  0.00126918 -0.00608562
 -0.00457727]

Residual before update:
[ 0.00152565 -0.00250527  0.00660762 ...  0.00126918 -0.00608562
 -0.00457727]

Residual before update:
[ 0.00152565 -0.00250527  0.00660762 ...  0.00126918 -0.00608562
 -0.00457727]

Residual before update:
[ 0.00152565 -0.00250527  0.00660762 ...  0.00126918 -0.00608562
 -0.00457727]

Residual before update:
[ 0.00152565 -0.00250527  0.00660762 ...  0.00126918 -0.00608562
 -0.00457727]

Residual before update:
[ 0.00154408 -0.00241016  0.00681429 ...  0.0012778  -0.00608571
 -0.004576  ]

Residual before update:
[ 0.00152565 -0.00250527  0.00660762 ...  0.00126918 -0.00608562
 -0.00457727]

Residual before update:
[ 0.00152565 -0.00250527  0.00660762 ...  0.00126918 -0.00608562
 -0.00457727]

Residual before update:
[ 0.00152565 -0.00250527  0.00660762 ...  0.00126918 -0.00608562
 -0.00457727]

Residual before update:
[ 0.00152565 -0.00250527  0.00660762 ...  0.00126918 -0.00608562
 -0.00457727]

Residual before update:
[ 0.00152565 -0.00250527  0.00660762 ...  0.00126918 -0.00608561
 -0.00457727]

Residual before update:
[ 0.00152565 -0.00250527  0.00660762 ...  0.00126918 -0.00608562
 -0.00457727]

Residual before update:
[ 0.00152565 -0.00250527  0.00660762 ...  0.00126918 -0.00608561
 -0.00457727]

Residual before update:
[ 0.00152565 -0.00250527  0.00660762 ...  0.00126918 -0.00608562
 -0.00457727]

Residual before update:
[ 0.00152565 -0.00250527  0.00660762 ...  0.00126918 -0.00608561
 -0.00457727]

Residual before update:
[ 0.00154372 -0.00241051  0.00681548 ...  0.00127787 -0.00608572
 -0.00457601]

Residual before update:
[ 0.00152565 -0.00250527  0.00660762 ...  0.00126918 -0.00608561
 -0.00457727]

Residual before update:
[ 0.00152565 -0.00250527  0.00660762 ...  0.00126918 -0.00608562
 -0.00457727]

Residual before update:
[ 0.00152565 -0.00250527  0.00660762 ...  0.00126918 -0.00608561
 -0.00457727]

Residual before update:
[ 0.00152565 -0.00250527  0.00660762 ...  0.00126918 -0.00608562
 -0.00457727]

Residual before update:
[ 0.00152565 -0.00250527  0.00660762 ...  0.00126918 -0.00608561
 -0.00457727]

Residual before update:
[ 0.00152565 -0.00250527  0.00660762 ...  0.00126918 -0.00608562
 -0.00457727]

Residual before update:
[ 0.00152565 -0.00250527  0.00660762 ...  0.00126918 -0.00608561
 -0.00457727]

Residual before update:
[ 0.00152565 -0.00250527  0.00660763 ...  0.00126918 -0.00608561
 -0.00457727]

Residual before update:
[ 0.00152565 -0.00250527  0.00660763 ...  0.00126918 -0.00608561
 -0.00457727]

Residual before update:
[ 0.0015438  -0.0024101   0.00681637 ...  0.00127791 -0.00608572
 -0.004576  ]

Residual before update:
[ 0.00152565 -0.00250527  0.00660763 ...  0.00126918 -0.00608561
 -0.00457727]

Residual before update:
[ 0.00152565 -0.00250527  0.00660763 ...  0.00126918 -0.00608561
 -0.00457727]

Residual before update:
[ 0.00152565 -0.00250527  0.00660763 ...  0.00126918 -0.00608561
 -0.00457727]

Residual before update:
[ 0.00152565 -0.00250527  0.00660763 ...  0.00126918 -0.00608562
 -0.00457727]

Residual before update:
[ 0.00152565 -0.00250527  0.00660762 ...  0.00126918 -0.00608561
 -0.00457727]

Residual before update:
[ 0.00152565 -0.00250527  0.00660763 ...  0.00126918 -0.00608561
 -0.00457727]

Residual before update:
[ 0.00152565 -0.00250527  0.00660763 ...  0.00126918 -0.00608561
 -0.00457727]

Residual before update:
[ 0.00152565 -0.00250527  0.00660763 ...  0.00126918 -0.00608561
 -0.00457727]

Residual before update:
[ 0.00152565 -0.00250527  0.00660763 ...  0.00126918 -0.00608561
 -0.00457727]

Residual before update:
[ 0.00154388 -0.00240969  0.00681728 ...  0.00127794 -0.00608572
 -0.004576  ]

Residual before update:
[ 0.00152565 -0.00250527  0.00660763 ...  0.00126918 -0.00608561
 -0.00457727]

Residual before update:
[ 0.00152565 -0.00250527  0.00660763 ...  0.00126918 -0.00608561
 -0.00457727]
Compute pips
###############################
TGFM
###############################
Initialize variables
Warning: 469 variants have NaN gwas_beta. Setting to 0 with large SE.
Iterative optimization

Residual before update:
[ 0.00544496 -0.00016989  0.00022652 ...  0.00268509  0.00581926
 -0.00469037]

Residual before update:
[ 0.00544492 -0.00016992  0.00022649 ...  0.00268508  0.00581896
 -0.00469053]

Residual before update:
[ 0.00544489 -0.00016995  0.00022646 ...  0.00268508  0.00581869
 -0.00469067]

Residual before update:
[ 0.00544487 -0.00016998  0.00022644 ...  0.00268507  0.00581845
 -0.00469079]

Residual before update:
[ 0.00544484 -0.00017001  0.00022641 ...  0.00268506  0.00581823
 -0.00469091]

Residual before update:
[ 0.00544481 -0.00017003  0.00022638 ...  0.00268506  0.00581802
 -0.00469102]

Residual before update:
[ 0.00544478 -0.00017006  0.00022636 ...  0.00268505  0.00581783
 -0.00469112]

Residual before update:
[ 0.00544476 -0.00017009  0.00022633 ...  0.00268504  0.00581764
 -0.00469121]

Residual before update:
[ 0.00544473 -0.00017011  0.00022631 ...  0.00268504  0.00581747
 -0.0046913 ]

Residual before update:
[ 0.0054447  -0.00017014  0.00022628 ...  0.00268503  0.00581731
 -0.00469139]

Residual before update:
[ 0.00544471 -0.00017013  0.00022629 ...  0.00268504  0.00581745
 -0.00469131]

Residual before update:
[ 0.00544471 -0.00017013  0.00022629 ...  0.00268504  0.00581755
 -0.00469126]

Residual before update:
[ 0.00544471 -0.00017013  0.00022629 ...  0.00268504  0.00581762
 -0.00469123]

Residual before update:
[ 0.00544472 -0.00017013  0.00022629 ...  0.00268504  0.00581766
 -0.0046912 ]

Residual before update:
[ 0.00544472 -0.00017012  0.00022629 ...  0.00268504  0.00581768
 -0.00469119]

Residual before update:
[ 0.00544472 -0.00017012  0.00022629 ...  0.00268504  0.00581769
 -0.00469119]

Residual before update:
[ 0.00544472 -0.00017013  0.00022629 ...  0.00268504  0.00581769
 -0.00469119]

Residual before update:
[ 0.00544472 -0.00017013  0.00022629 ...  0.00268504  0.00581768
 -0.0046912 ]

Residual before update:
[ 0.00544471 -0.00017013  0.00022629 ...  0.00268504  0.00581766
 -0.00469121]

Residual before update:
[ 0.00544471 -0.00017013  0.00022629 ...  0.00268504  0.00581763
 -0.00469122]

Residual before update:
[ 0.00544471 -0.00017013  0.00022629 ...  0.00268504  0.00581762
 -0.00469122]

Residual before update:
[ 0.00544471 -0.00017013  0.00022629 ...  0.00268504  0.00581762
 -0.00469123]

Residual before update:
[ 0.00544471 -0.00017013  0.00022629 ...  0.00268504  0.00581762
 -0.00469123]

Residual before update:
[ 0.00544471 -0.00017013  0.00022629 ...  0.00268504  0.00581762
 -0.00469123]

Residual before update:
[ 0.00544471 -0.00017013  0.00022629 ...  0.00268504  0.00581762
 -0.00469122]

Residual before update:
[ 0.00544471 -0.00017013  0.00022629 ...  0.00268504  0.00581763
 -0.00469122]

Residual before update:
[ 0.00544471 -0.00017013  0.00022629 ...  0.00268504  0.00581763
 -0.00469122]

Residual before update:
[ 0.00544471 -0.00017013  0.00022629 ...  0.00268504  0.00581763
 -0.00469122]

Residual before update:
[ 0.00544471 -0.00017013  0.00022629 ...  0.00268504  0.00581763
 -0.00469122]

Residual before update:
[ 0.00544471 -0.00017013  0.00022629 ...  0.00268504  0.00581763
 -0.00469122]

Residual before update:
[ 0.00544471 -0.00017013  0.00022629 ...  0.00268504  0.00581763
 -0.00469122]

Residual before update:
[ 0.00544471 -0.00017013  0.00022629 ...  0.00268504  0.00581763
 -0.00469122]

Residual before update:
[ 0.00544471 -0.00017013  0.00022629 ...  0.00268504  0.00581762
 -0.00469122]

Residual before update:
[ 0.00544471 -0.00017013  0.00022629 ...  0.00268504  0.00581762
 -0.00469123]

Residual before update:
[ 0.00544471 -0.00017013  0.00022629 ...  0.00268504  0.00581762
 -0.00469123]

Residual before update:
[ 0.00544471 -0.00017013  0.00022629 ...  0.00268504  0.00581762
 -0.00469123]

Residual before update:
[ 0.00544471 -0.00017013  0.00022629 ...  0.00268504  0.00581762
 -0.00469123]

Residual before update:
[ 0.00544471 -0.00017013  0.00022629 ...  0.00268504  0.00581762
 -0.00469123]

Residual before update:
[ 0.00544471 -0.00017013  0.00022629 ...  0.00268504  0.00581761
 -0.00469123]

Residual before update:
[ 0.00544471 -0.00017013  0.00022629 ...  0.00268504  0.00581761
 -0.00469123]

Residual before update:
[ 0.00544471 -0.00017013  0.00022629 ...  0.00268504  0.00581762
 -0.00469123]

Residual before update:
[ 0.00544471 -0.00017013  0.00022629 ...  0.00268504  0.00581761
 -0.00469123]

Residual before update:
[ 0.00544471 -0.00017013  0.00022629 ...  0.00268504  0.00581761
 -0.00469123]

Residual before update:
[ 0.00544471 -0.00017013  0.00022629 ...  0.00268504  0.00581761
 -0.00469123]

Residual before update:
[ 0.00544471 -0.00017013  0.00022628 ...  0.00268504  0.00581761
 -0.00469123]

Residual before update:
[ 0.00544471 -0.00017013  0.00022628 ...  0.00268504  0.00581761
 -0.00469123]

Residual before update:
[ 0.00544471 -0.00017013  0.00022628 ...  0.00268504  0.00581761
 -0.00469123]

Residual before update:
[ 0.00544471 -0.00017013  0.00022628 ...  0.00268504  0.00581761
 -0.00469123]

Residual before update:
[ 0.00544471 -0.00017013  0.00022628 ...  0.00268504  0.0058176
 -0.00469123]

Residual before update:
[ 0.00544471 -0.00017013  0.00022628 ...  0.00268504  0.0058176
 -0.00469123]
Compute pips
###############################
TGFM
###############################
Initialize variables
Warning: 462 variants have NaN gwas_beta. Setting to 0 with large SE.
Iterative optimization

Residual before update:
[0.00615637 0.0078729  0.0073949  ... 0.00309163 0.00848697 0.00644607]

Residual before update:
[0.00615527 0.0078697  0.00739169 ... 0.00309155 0.00848681 0.00644597]

Residual before update:
[0.00615419 0.00786654 0.00738852 ... 0.00309149 0.00848667 0.00644588]

Residual before update:
[0.00615312 0.00786341 0.00738539 ... 0.00309143 0.00848656 0.00644581]

Residual before update:
[0.00615206 0.00786032 0.00738229 ... 0.00309139 0.00848646 0.00644574]

Residual before update:
[0.00615101 0.00785726 0.00737922 ... 0.00309135 0.00848637 0.00644569]

Residual before update:
[0.00614997 0.00785423 0.00737618 ... 0.00309132 0.0084863  0.00644563]

Residual before update:
[0.00614894 0.00785122 0.00737317 ... 0.00309129 0.00848622 0.00644559]

Residual before update:
[0.00614792 0.00784825 0.00737018 ... 0.00309126 0.00848616 0.00644554]

Residual before update:
[0.00614691 0.0078453  0.00736723 ... 0.00309123 0.0084861  0.0064455 ]

Residual before update:
[0.006147   0.00784557 0.00736751 ... 0.00309129 0.00848621 0.00644557]

Residual before update:
[0.00614706 0.00784576 0.00736769 ... 0.00309132 0.00848627 0.00644561]

Residual before update:
[0.00614712 0.00784591 0.00736785 ... 0.00309134 0.00848632 0.00644564]

Residual before update:
[0.00614716 0.00784603 0.00736797 ... 0.00309136 0.00848634 0.00644565]

Residual before update:
[0.00614719 0.00784612 0.00736806 ... 0.00309136 0.00848635 0.00644566]

Residual before update:
[0.00614721 0.00784619 0.00736812 ... 0.00309136 0.00848636 0.00644566]

Residual before update:
[0.00614722 0.00784622 0.00736816 ... 0.00309136 0.00848635 0.00644565]

Residual before update:
[0.00614722 0.00784624 0.00736817 ... 0.00309135 0.00848634 0.00644565]

Residual before update:
[0.00614722 0.00784622 0.00736816 ... 0.00309134 0.00848633 0.00644564]

Residual before update:
[0.0061472  0.00784619 0.00736812 ... 0.00309133 0.00848631 0.00644563]

Residual before update:
[0.00614721 0.0078462  0.00736813 ... 0.00309133 0.0084863  0.00644562]

Residual before update:
[0.0061472  0.00784616 0.0073681  ... 0.00309133 0.0084863  0.00644562]

Residual before update:
[0.00614719 0.00784613 0.00736807 ... 0.00309133 0.0084863  0.00644562]

Residual before update:
[0.00614718 0.00784611 0.00736804 ... 0.00309133 0.0084863  0.00644562]

Residual before update:
[0.00614717 0.00784608 0.00736802 ... 0.00309133 0.0084863  0.00644562]

Residual before update:
[0.00614716 0.00784606 0.00736799 ... 0.00309134 0.00848631 0.00644563]

Residual before update:
[0.00614715 0.00784603 0.00736797 ... 0.00309134 0.00848631 0.00644563]

Residual before update:
[0.00614714 0.00784601 0.00736794 ... 0.00309134 0.00848631 0.00644563]

Residual before update:
[0.00614713 0.00784598 0.00736792 ... 0.00309134 0.00848631 0.00644563]

Residual before update:
[0.00614713 0.00784596 0.00736789 ... 0.00309134 0.00848631 0.00644563]

Residual before update:
[0.00614713 0.00784598 0.00736791 ... 0.00309134 0.00848631 0.00644563]

Residual before update:
[0.00614712 0.00784595 0.00736788 ... 0.00309134 0.00848631 0.00644563]

Residual before update:
[0.00614711 0.00784592 0.00736786 ... 0.00309134 0.00848631 0.00644563]

Residual before update:
[0.0061471  0.0078459  0.00736783 ... 0.00309134 0.00848631 0.00644563]

Residual before update:
[0.0061471  0.00784587 0.0073678  ... 0.00309133 0.0084863  0.00644562]

Residual before update:
[0.00614709 0.00784584 0.00736778 ... 0.00309134 0.00848631 0.00644562]

Residual before update:
[0.00614708 0.00784582 0.00736775 ... 0.00309134 0.00848631 0.00644562]

Residual before update:
[0.00614707 0.00784579 0.00736773 ... 0.00309134 0.00848631 0.00644563]

Residual before update:
[0.00614706 0.00784577 0.0073677  ... 0.00309134 0.00848631 0.00644563]

Residual before update:
[0.00614705 0.00784574 0.00736768 ... 0.00309134 0.00848631 0.00644562]

Residual before update:
[0.00614706 0.00784577 0.0073677  ... 0.00309134 0.00848631 0.00644563]

Residual before update:
[0.00614705 0.00784574 0.00736767 ... 0.00309134 0.00848631 0.00644563]

Residual before update:
[0.00614704 0.00784571 0.00736764 ... 0.00309134 0.00848631 0.00644562]

Residual before update:
[0.00614703 0.00784568 0.00736762 ... 0.00309134 0.00848631 0.00644562]

Residual before update:
[0.00614702 0.00784565 0.00736759 ... 0.00309133 0.0084863  0.00644562]

Residual before update:
[0.00614701 0.00784563 0.00736756 ... 0.00309134 0.0084863  0.00644562]

Residual before update:
[0.006147   0.0078456  0.00736754 ... 0.00309134 0.0084863  0.00644562]

Residual before update:
[0.006147   0.00784558 0.00736751 ... 0.00309134 0.0084863  0.00644562]

Residual before update:
[0.00614699 0.00784555 0.00736749 ... 0.00309134 0.0084863  0.00644562]

Residual before update:
[0.00614698 0.00784553 0.00736746 ... 0.00309133 0.0084863  0.00644562]
Compute pips
###############################
TGFM
###############################
Initialize variables
Warning: 402 variants have NaN gwas_beta. Setting to 0 with large SE.
Iterative optimization

Residual before update:
[-0.00659462 -0.00191894 -0.00153463 ...  0.00760957  0.00020165
 -0.00211943]

Residual before update:
[-0.00659465 -0.00191894 -0.00153475 ...  0.0076101   0.00020215
 -0.00211949]

Residual before update:
[-0.00659466 -0.00191895 -0.00153484 ...  0.00761041  0.00020249
 -0.00211955]

Residual before update:
[-0.00659468 -0.00191896 -0.00153492 ...  0.0076106   0.00020274
 -0.00211962]

Residual before update:
[-0.0065947  -0.00191896 -0.00153498 ...  0.00761074  0.00020294
 -0.00211968]

Residual before update:
[-0.00659472 -0.00191896 -0.00153503 ...  0.00761083  0.0002031
 -0.00211974]

Residual before update:
[-0.00659473 -0.00191897 -0.00153508 ...  0.00761089  0.00020324
 -0.0021198 ]

Residual before update:
[-25722.88304477  -2536.67805957  -4679.48280918 ...  -7547.68381729
 -15461.84356408 -10413.36580751]

Residual before update:
[-0.00659475 -0.00191897 -0.00153516 ...  0.00761096  0.00020346
 -0.00211992]

Residual before update:
[-0.00650713 -0.00184682 -0.00154536 ...  0.0076807   0.00021688
 -0.00215082]

Residual before update:
[-0.00659476 -0.00191897 -0.0015351  ...  0.00761043  0.00020313
 -0.00211997]

Residual before update:
[-0.00659475 -0.00191896 -0.00153504 ...  0.00761017  0.00020292
 -0.00211996]

Residual before update:
[-0.00659474 -0.00191896 -0.00153501 ...  0.00761006  0.00020282
 -0.00211996]

Residual before update:
[-0.00659474 -0.00191895 -0.001535   ...  0.00761002  0.00020279
 -0.00211996]

Residual before update:
[-0.00659473 -0.00191895 -0.00153499 ...  0.00761003  0.0002028
 -0.00211995]

Residual before update:
[-0.00659473 -0.00191895 -0.00153499 ...  0.00761007  0.00020282
 -0.00211995]

Residual before update:
[-0.00659473 -0.00191895 -0.001535   ...  0.00761013  0.00020287
 -0.00211995]

Residual before update:
[ 7.73308728e+20 -5.59097428e+18  7.36736773e+20 ...  3.91761851e+20
  1.05344480e+21  3.50608541e+20]

Residual before update:
[-0.00659473 -0.00191895 -0.00153502 ...  0.00761027  0.00020298
 -0.00211995]

Residual before update:
[-0.00659059 -0.00190474 -0.00153517 ...  0.00761221  0.00020478
 -0.00211319]

Residual before update:
[-0.00659474 -0.00191895 -0.00153504 ...  0.00761035  0.00020305
 -0.00211995]

Residual before update:
[-0.00659474 -0.00191895 -0.00153504 ...  0.00761033  0.00020304
 -0.00211996]

Residual before update:
[-0.00659474 -0.00191895 -0.00153504 ...  0.0076103   0.00020301
 -0.00211996]

Residual before update:
[-0.00659474 -0.00191895 -0.00153503 ...  0.00761026  0.00020298
 -0.00211996]

Residual before update:
[-0.00659474 -0.00191895 -0.00153503 ...  0.00761023  0.00020296
 -0.00211996]

Residual before update:
[-0.00659474 -0.00191895 -0.00153503 ...  0.00761021  0.00020294
 -0.00211996]

Residual before update:
[-0.00659474 -0.00191895 -0.00153502 ...  0.00761019  0.00020294
 -0.00211996]

Residual before update:
[-1.37452224e+38  2.35369878e+36 -1.06501163e+38 ... -6.92222558e+37
 -1.86326909e+38 -5.37543894e+37]

Residual before update:
[-0.00659474 -0.00191895 -0.00153502 ...  0.0076102   0.00020294
 -0.00211996]

Residual before update:
[-0.00659367 -0.00190753 -0.00153665 ...  0.00760934  0.00020371
 -0.00211221]

Residual before update:
[-0.00659474 -0.00191895 -0.00153502 ...  0.00761023  0.00020296
 -0.00211996]

Residual before update:
[-0.00659474 -0.00191895 -0.00153503 ...  0.00761025  0.00020298
 -0.00211996]

Residual before update:
[-0.00659474 -0.00191895 -0.00153503 ...  0.00761025  0.00020298
 -0.00211996]

Residual before update:
[-0.00659474 -0.00191895 -0.00153503 ...  0.00761025  0.00020298
 -0.00211996]

Residual before update:
[-0.00659474 -0.00191895 -0.00153503 ...  0.00761025  0.00020298
 -0.00211996]

Residual before update:
[-0.00659474 -0.00191895 -0.00153503 ...  0.00761024  0.00020298
 -0.00211997]

Residual before update:
[-0.00659474 -0.00191895 -0.00153503 ...  0.00761024  0.00020298
 -0.00211997]

Residual before update:
[-8.11831329e+61 -8.00592099e+60 -1.47687585e+61 ... -2.38210232e+61
 -4.87986217e+61 -3.28652781e+61]

Residual before update:
[-0.00659474 -0.00191895 -0.00153503 ...  0.00761023  0.00020297
 -0.00211997]

Residual before update:
[-0.00659373 -0.00190813 -0.00153622 ...  0.00760937  0.00020372
 -0.00211252]

Residual before update:
[-0.00659474 -0.00191895 -0.00153503 ...  0.00761022  0.00020297
 -0.00211997]

Residual before update:
[-0.00659474 -0.00191895 -0.00153503 ...  0.00761023  0.00020297
 -0.00211997]

Residual before update:
[-0.00659474 -0.00191895 -0.00153503 ...  0.00761023  0.00020297
 -0.00211997]

Residual before update:
[-0.00659474 -0.00191895 -0.00153503 ...  0.00761023  0.00020298
 -0.00211997]

Residual before update:
[-0.00659474 -0.00191895 -0.00153503 ...  0.00761023  0.00020298
 -0.00211997]

Residual before update:
[-0.00659474 -0.00191895 -0.00153503 ...  0.00761023  0.00020298
 -0.00211997]

Residual before update:
[-0.00659474 -0.00191895 -0.00153503 ...  0.00761023  0.00020298
 -0.00211997]

Residual before update:
[ 2.44191622e+78 -1.76556322e+76  2.32643641e+78 ...  1.23708775e+78
  3.32652136e+78  1.10713472e+78]

Residual before update:
[-0.00659474 -0.00191895 -0.00153503 ...  0.00761023  0.00020298
 -0.00211997]

Residual before update:
[-0.00659378 -0.00190853 -0.0015361  ...  0.00760937  0.00020375
 -0.00211272]
Compute pips
###############################
TGFM
###############################
Initialize variables
Warning: 427 variants have NaN gwas_beta. Setting to 0 with large SE.
Iterative optimization

Residual before update:
[-0.00333679  0.00287338  0.00049693 ...  0.00388402  0.00139291
  0.00142386]

Residual before update:
[-0.00333667  0.0028735   0.00049705 ...  0.00388404  0.00139288
  0.00142384]

Residual before update:
[-0.00333658  0.00287358  0.00049714 ...  0.00388406  0.00139285
  0.00142381]

Residual before update:
[-0.00333651  0.00287365  0.00049721 ...  0.00388406  0.00139282
  0.00142378]

Residual before update:
[-0.00333645  0.0028737   0.00049727 ...  0.00388407  0.00139279
  0.00142374]

Residual before update:
[-0.0033364   0.00287375  0.00049732 ...  0.00388407  0.00139275
  0.00142371]

Residual before update:
[-0.00333636  0.0028738   0.00049736 ...  0.00388407  0.00139272
  0.00142368]

Residual before update:
[-0.00333632  0.00287384  0.0004974  ...  0.00388407  0.00139268
  0.00142364]

Residual before update:
[-0.00333628  0.00287387  0.00049744 ...  0.00388407  0.00139264
  0.0014236 ]

Residual before update:
[-0.00333762  0.00285748  0.00048154 ...  0.00387836  0.00138578
  0.00141707]

Residual before update:
[-0.00333633  0.00287382  0.00049739 ...  0.00388405  0.0013926
  0.00142355]

Residual before update:
[-0.00333638  0.00287378  0.00049734 ...  0.00388403  0.00139259
  0.00142355]

Residual before update:
[-0.0033364   0.00287376  0.00049732 ...  0.00388403  0.00139259
  0.00142354]

Residual before update:
[-0.00333641  0.00287375  0.00049731 ...  0.00388403  0.00139258
  0.00142354]

Residual before update:
[-0.00333641  0.00287375  0.00049731 ...  0.00388402  0.00139258
  0.00142354]

Residual before update:
[-0.00333641  0.00287375  0.00049731 ...  0.00388403  0.00139258
  0.00142354]

Residual before update:
[-0.0033364   0.00287376  0.00049732 ...  0.00388403  0.00139259
  0.00142354]

Residual before update:
[-0.00333639  0.00287377  0.00049733 ...  0.00388403  0.00139259
  0.00142354]

Residual before update:
[-0.00333638  0.00287378  0.00049734 ...  0.00388403  0.00139259
  0.00142355]

Residual before update:
[-0.00331525  0.00304912  0.00066937 ...  0.00392012  0.00140815
  0.00143989]

Residual before update:
[-0.00333636  0.0028738   0.00049736 ...  0.00388404  0.00139259
  0.00142355]

Residual before update:
[-0.00333636  0.00287379  0.00049736 ...  0.00388404  0.00139259
  0.00142355]

Residual before update:
[-0.00333637  0.00287379  0.00049735 ...  0.00388404  0.00139259
  0.00142355]

Residual before update:
[-0.00333637  0.00287378  0.00049735 ...  0.00388404  0.00139259
  0.00142355]

Residual before update:
[-0.00333638  0.00287378  0.00049734 ...  0.00388403  0.00139259
  0.00142355]

Residual before update:
[-0.00333638  0.00287378  0.00049734 ...  0.00388403  0.00139259
  0.00142354]

Residual before update:
[-0.00333638  0.00287377  0.00049733 ...  0.00388403  0.00139259
  0.00142354]

Residual before update:
[-0.00333638  0.00287377  0.00049734 ...  0.00388403  0.00139259
  0.00142354]

Residual before update:
[-0.00333638  0.00287377  0.00049734 ...  0.00388403  0.00139258
  0.00142354]

Residual before update:
[-0.00323634  0.00307165  0.00069344 ...  0.00389031  0.00139178
  0.0014214 ]

Residual before update:
[-0.00333638  0.00287378  0.00049734 ...  0.00388403  0.00139259
  0.00142354]

Residual before update:
[-0.00333637  0.00287378  0.00049734 ...  0.00388403  0.00139259
  0.00142354]

Residual before update:
[-0.00333637  0.00287378  0.00049735 ...  0.00388403  0.00139259
  0.00142354]

Residual before update:
[-0.00333637  0.00287378  0.00049735 ...  0.00388403  0.00139259
  0.00142354]

Residual before update:
[-0.00333637  0.00287378  0.00049735 ...  0.00388403  0.00139259
  0.00142354]

Residual before update:
[-0.00333637  0.00287378  0.00049735 ...  0.00388403  0.00139258
  0.00142354]

Residual before update:
[-0.00333638  0.00287378  0.00049734 ...  0.00388403  0.00139258
  0.00142354]

Residual before update:
[-0.00333637  0.00287378  0.00049734 ...  0.00388403  0.00139258
  0.00142354]

Residual before update:
[-0.00333637  0.00287378  0.00049734 ...  0.00388403  0.00139258
  0.00142354]

Residual before update:
[-0.00323677  0.00306605  0.00068804 ...  0.00388843  0.00138943
  0.00141899]

Residual before update:
[-0.00333638  0.00287378  0.00049734 ...  0.00388403  0.00139258
  0.00142354]

Residual before update:
[-0.00333637  0.00287378  0.00049734 ...  0.00388403  0.00139258
  0.00142354]

Residual before update:
[-0.00333637  0.00287378  0.00049735 ...  0.00388403  0.00139258
  0.00142354]

Residual before update:
[-0.00333637  0.00287378  0.00049734 ...  0.00388403  0.00139258
  0.00142354]

Residual before update:
[-0.00333637  0.00287378  0.00049735 ...  0.00388403  0.00139258
  0.00142354]

Residual before update:
[-0.00333637  0.00287378  0.00049735 ...  0.00388403  0.00139258
  0.00142354]

Residual before update:
[-0.00333637  0.00287378  0.00049734 ...  0.00388403  0.00139258
  0.00142354]

Residual before update:
[-0.00333637  0.00287378  0.00049735 ...  0.00388403  0.00139258
  0.00142354]

Residual before update:
[-0.00333637  0.00287378  0.00049735 ...  0.00388403  0.00139258
  0.00142354]

Residual before update:
[-0.00323691  0.00306578  0.00068777 ...  0.00388841  0.00138941
  0.00141898]
Compute pips
###############################
TGFM
###############################
Initialize variables
Warning: 474 variants have NaN gwas_beta. Setting to 0 with large SE.
Iterative optimization

Residual before update:
[-0.00071835 -0.0027777   0.00632638 ... -0.00357728  0.00027559
  0.00809822]

Residual before update:
[-0.00071833 -0.00277769  0.00632634 ... -0.00357718  0.00027562
  0.00809822]

Residual before update:
[-0.00071832 -0.00277769  0.0063263  ... -0.00357709  0.00027565
  0.00809822]

Residual before update:
[-0.00071831 -0.00277768  0.00632626 ... -0.003577    0.00027568
  0.00809822]

Residual before update:
[-0.0007183  -0.00277768  0.00632621 ... -0.00357692  0.0002757
  0.00809822]

Residual before update:
[-0.00071829 -0.00277767  0.00632617 ... -0.00357684  0.00027573
  0.00809821]

Residual before update:
[-0.00071828 -0.00277767  0.00632613 ... -0.00357676  0.00027576
  0.0080982 ]

Residual before update:
[-0.00071827 -0.00277766  0.00632608 ... -0.00357668  0.00027579
  0.0080982 ]

Residual before update:
[-0.00071826 -0.00277766  0.00632604 ... -0.0035766   0.00027581
  0.00809819]

Residual before update:
[-0.00071825 -0.00277766  0.00632599 ... -0.00357652  0.00027584
  0.00809818]

Residual before update:
[-0.00071826 -0.00277766  0.00632599 ... -0.00357654  0.00027584
  0.00809817]

Residual before update:
[-0.00071826 -0.00277766  0.00632599 ... -0.00357655  0.00027583
  0.00809816]

Residual before update:
[-0.00071826 -0.00277766  0.00632599 ... -0.00357656  0.00027583
  0.00809816]

Residual before update:
[-0.00071826 -0.00277766  0.00632599 ... -0.00357656  0.00027583
  0.00809816]

Residual before update:
[-0.00071826 -0.00277766  0.00632599 ... -0.00357656  0.00027583
  0.00809816]

Residual before update:
[-0.00071826 -0.00277766  0.00632599 ... -0.00357656  0.00027584
  0.00809816]

Residual before update:
[-0.00071826 -0.00277766  0.00632599 ... -0.00357655  0.00027584
  0.00809816]

Residual before update:
[-0.00071826 -0.00277766  0.00632599 ... -0.00357655  0.00027584
  0.00809816]

Residual before update:
[-0.00071826 -0.00277766  0.00632599 ... -0.00357655  0.00027584
  0.00809816]

Residual before update:
[-0.00071826 -0.00277766  0.00632599 ... -0.00357654  0.00027584
  0.00809816]

Residual before update:
[-0.00071826 -0.00277766  0.00632599 ... -0.00357654  0.00027584
  0.00809817]

Residual before update:
[-0.00071826 -0.00277766  0.00632599 ... -0.00357654  0.00027584
  0.00809817]

Residual before update:
[-0.00071826 -0.00277766  0.00632599 ... -0.00357654  0.00027584
  0.00809816]

Residual before update:
[-0.00071826 -0.00277766  0.00632599 ... -0.00357654  0.00027584
  0.00809816]

Residual before update:
[-0.00071826 -0.00277766  0.00632599 ... -0.00357654  0.00027584
  0.00809816]

Residual before update:
[-0.00071826 -0.00277766  0.00632598 ... -0.00357654  0.00027584
  0.00809816]

Residual before update:
[-0.00071826 -0.00277766  0.00632598 ... -0.00357654  0.00027584
  0.00809816]

Residual before update:
[-0.00071826 -0.00277766  0.00632598 ... -0.00357654  0.00027584
  0.00809816]

Residual before update:
[-0.00071826 -0.00277766  0.00632598 ... -0.00357654  0.00027584
  0.00809816]

Residual before update:
[-0.00071826 -0.00277766  0.00632598 ... -0.00357654  0.00027584
  0.00809816]

Residual before update:
[-0.00071826 -0.00277766  0.00632598 ... -0.00357654  0.00027584
  0.00809816]

Residual before update:
[-0.00071826 -0.00277766  0.00632598 ... -0.00357654  0.00027584
  0.00809816]

Residual before update:
[-0.00071826 -0.00277766  0.00632598 ... -0.00357654  0.00027584
  0.00809816]

Residual before update:
[-0.00071826 -0.00277766  0.00632598 ... -0.00357654  0.00027584
  0.00809816]

Residual before update:
[-0.00071825 -0.00277766  0.00632598 ... -0.00357654  0.00027584
  0.00809816]

Residual before update:
[-0.00071825 -0.00277766  0.00632598 ... -0.00357654  0.00027584
  0.00809816]

Residual before update:
[-0.00071825 -0.00277766  0.00632598 ... -0.00357654  0.00027584
  0.00809816]

Residual before update:
[-0.00071825 -0.00277766  0.00632598 ... -0.00357654  0.00027584
  0.00809816]

Residual before update:
[-0.00071825 -0.00277766  0.00632598 ... -0.00357654  0.00027584
  0.00809816]

Residual before update:
[-0.00071825 -0.00277766  0.00632598 ... -0.00357654  0.00027584
  0.00809816]

Residual before update:
[-0.00071825 -0.00277766  0.00632598 ... -0.00357654  0.00027584
  0.00809816]

Residual before update:
[-0.00071825 -0.00277766  0.00632598 ... -0.00357654  0.00027584
  0.00809816]

Residual before update:
[-0.00071825 -0.00277766  0.00632598 ... -0.00357654  0.00027584
  0.00809816]

Residual before update:
[-0.00071825 -0.00277766  0.00632598 ... -0.00357654  0.00027584
  0.00809816]

Residual before update:
[-0.00071825 -0.00277766  0.00632598 ... -0.00357654  0.00027584
  0.00809816]

Residual before update:
[-0.00071825 -0.00277766  0.00632598 ... -0.00357653  0.00027584
  0.00809816]

Residual before update:
[-0.00071825 -0.00277766  0.00632598 ... -0.00357653  0.00027584
  0.00809816]

Residual before update:
[-0.00071825 -0.00277766  0.00632598 ... -0.00357653  0.00027584
  0.00809816]

Residual before update:
[-0.00071825 -0.00277766  0.00632598 ... -0.00357653  0.00027584
  0.00809816]

Residual before update:
[-0.00071825 -0.00277766  0.00632598 ... -0.00357653  0.00027584
  0.00809816]
Compute pips
###############################
TGFM
###############################
Initialize variables
Warning: 456 variants have NaN gwas_beta. Setting to 0 with large SE.
Iterative optimization

Residual before update:
[ 0.0046067   0.         -0.0024459  ...  0.00391148  0.0027815
  0.00699441]

Residual before update:
[ 4.60662427e-03 -2.01062626e-16 -2.44609557e-03 ...  3.91145700e-03
  2.78147286e-03  6.99438973e-03]

Residual before update:
[ 4.60654645e-03 -3.98755250e-16 -2.44628917e-03 ...  3.91143089e-03
  2.78144664e-03  6.99436653e-03]

Residual before update:
[ 4.60647009e-03 -5.93269495e-16 -2.44647998e-03 ...  3.91140480e-03
  2.78142042e-03  6.99434337e-03]

Residual before update:
[ 4.60639512e-03 -7.84657404e-16 -2.44666812e-03 ...  3.91137870e-03
  2.78139420e-03  6.99432022e-03]

Residual before update:
[ 4.60632149e-03 -9.73194750e-16 -2.44685367e-03 ...  3.91135263e-03
  2.78136801e-03  6.99429713e-03]

Residual before update:
[ 4.60624911e-03 -1.15883276e-15 -2.44703680e-03 ...  3.91132657e-03
  2.78134183e-03  6.99427407e-03]

Residual before update:
[ 4.60617795e-03 -1.34168314e-15 -2.44721760e-03 ...  3.91130050e-03
  2.78131566e-03  6.99425102e-03]

Residual before update:
[ 4.60610795e-03 -1.52208623e-15 -2.44739616e-03 ...  3.91127444e-03
  2.78128949e-03  6.99422800e-03]

Residual before update:
[ 4.60603907e-03 -1.69988923e-15 -2.44757255e-03 ...  3.91124843e-03
  2.78126336e-03  6.99420503e-03]

Residual before update:
[ 4.60605060e-03 -1.67405089e-15 -2.44755037e-03 ...  3.91124851e-03
  2.78126345e-03  6.99420529e-03]

Residual before update:
[ 4.60606015e-03 -1.65282728e-15 -2.44753207e-03 ...  3.91124848e-03
  2.78126344e-03  6.99420544e-03]

Residual before update:
[ 4.60606807e-03 -1.63502485e-15 -2.44751695e-03 ...  3.91124847e-03
  2.78126344e-03  6.99420557e-03]

Residual before update:
[ 4.60607444e-03 -1.62076039e-15 -2.44750478e-03 ...  3.91124844e-03
  2.78126342e-03  6.99420565e-03]

Residual before update:
[ 4.60607936e-03 -1.60955811e-15 -2.44749545e-03 ...  3.91124838e-03
  2.78126336e-03  6.99420567e-03]

Residual before update:
[ 4.60608293e-03 -1.60159158e-15 -2.44748867e-03 ...  3.91124835e-03
  2.78126334e-03  6.99420573e-03]

Residual before update:
[ 4.60608520e-03 -1.59634558e-15 -2.44748439e-03 ...  3.91124831e-03
  2.78126330e-03  6.99420573e-03]

Residual before update:
[ 4.60608627e-03 -1.59372785e-15 -2.44748245e-03 ...  3.91124824e-03
  2.78126324e-03  6.99420569e-03]

Residual before update:
[ 4.60608620e-03 -1.59388007e-15 -2.44748268e-03 ...  3.91124816e-03
  2.78126315e-03  6.99420563e-03]

Residual before update:
[ 4.60608507e-03 -1.59635114e-15 -2.44748496e-03 ...  3.91124811e-03
  2.78126310e-03  6.99420556e-03]

Residual before update:
[ 4.60608440e-03 -1.59761008e-15 -2.44748625e-03 ...  3.91124811e-03
  2.78126309e-03  6.99420555e-03]

Residual before update:
[ 4.60608371e-03 -1.59924862e-15 -2.44748768e-03 ...  3.91124801e-03
  2.78126300e-03  6.99420546e-03]

Residual before update:
[ 4.60608320e-03 -1.60035569e-15 -2.44748879e-03 ...  3.91124794e-03
  2.78126293e-03  6.99420539e-03]

Residual before update:
[ 4.60608282e-03 -1.60131423e-15 -2.44748963e-03 ...  3.91124786e-03
  2.78126285e-03  6.99420532e-03]

Residual before update:
[ 4.60608255e-03 -1.60190955e-15 -2.44749032e-03 ...  3.91124776e-03
  2.78126275e-03  6.99420521e-03]

Residual before update:
[ 4.60608236e-03 -1.60254277e-15 -2.44749078e-03 ...  3.91124771e-03
  2.78126269e-03  6.99420518e-03]

Residual before update:
[ 4.60608221e-03 -1.60292936e-15 -2.44749118e-03 ...  3.91124764e-03
  2.78126263e-03  6.99420513e-03]

Residual before update:
[ 4.60608209e-03 -1.60318672e-15 -2.44749156e-03 ...  3.91124756e-03
  2.78126255e-03  6.99420506e-03]

Residual before update:
[ 4.60608197e-03 -1.60364715e-15 -2.44749192e-03 ...  3.91124748e-03
  2.78126246e-03  6.99420498e-03]

Residual before update:
[ 4.60608183e-03 -1.60405141e-15 -2.44749231e-03 ...  3.91124743e-03
  2.78126242e-03  6.99420494e-03]

Residual before update:
[ 4.60608189e-03 -1.60377104e-15 -2.44749220e-03 ...  3.91124743e-03
  2.78126242e-03  6.99420494e-03]

Residual before update:
[ 4.60608171e-03 -1.60432525e-15 -2.44749265e-03 ...  3.91124734e-03
  2.78126232e-03  6.99420486e-03]

Residual before update:
[ 4.60608153e-03 -1.60471955e-15 -2.44749313e-03 ...  3.91124727e-03
  2.78126225e-03  6.99420480e-03]

Residual before update:
[ 4.60608135e-03 -1.60525685e-15 -2.44749360e-03 ...  3.91124719e-03
  2.78126217e-03  6.99420473e-03]

Residual before update:
[ 4.60608116e-03 -1.60565942e-15 -2.44749412e-03 ...  3.91124709e-03
  2.78126207e-03  6.99420463e-03]

Residual before update:
[ 4.60608099e-03 -1.60625446e-15 -2.44749455e-03 ...  3.91124703e-03
  2.78126202e-03  6.99420459e-03]

Residual before update:
[ 4.60608081e-03 -1.60670650e-15 -2.44749502e-03 ...  3.91124697e-03
  2.78126195e-03  6.99420454e-03]

Residual before update:
[ 4.60608063e-03 -1.60708051e-15 -2.44749551e-03 ...  3.91124689e-03
  2.78126187e-03  6.99420447e-03]

Residual before update:
[ 4.60608045e-03 -1.60765496e-15 -2.44749598e-03 ...  3.91124680e-03
  2.78126179e-03  6.99420439e-03]

Residual before update:
[ 4.60608027e-03 -1.60813526e-15 -2.44749644e-03 ...  3.91124676e-03
  2.78126174e-03  6.99420435e-03]

Residual before update:
[ 4.60608031e-03 -1.60789263e-15 -2.44749637e-03 ...  3.91124676e-03
  2.78126174e-03  6.99420435e-03]

Residual before update:
[ 4.60608012e-03 -1.60846618e-15 -2.44749684e-03 ...  3.91124666e-03
  2.78126164e-03  6.99420427e-03]

Residual before update:
[ 4.60607995e-03 -1.60886786e-15 -2.44749732e-03 ...  3.91124659e-03
  2.78126157e-03  6.99420421e-03]

Residual before update:
[ 4.60607976e-03 -1.60940225e-15 -2.44749779e-03 ...  3.91124651e-03
  2.78126149e-03  6.99420414e-03]

Residual before update:
[ 4.60607958e-03 -1.60980281e-15 -2.44749831e-03 ...  3.91124641e-03
  2.78126139e-03  6.99420403e-03]

Residual before update:
[ 4.60607941e-03 -1.61038960e-15 -2.44749873e-03 ...  3.91124636e-03
  2.78126134e-03  6.99420400e-03]

Residual before update:
[ 4.60607923e-03 -1.61083649e-15 -2.44749920e-03 ...  3.91124629e-03
  2.78126127e-03  6.99420395e-03]

Residual before update:
[ 4.60607905e-03 -1.61120994e-15 -2.44749969e-03 ...  3.91124621e-03
  2.78126119e-03  6.99420387e-03]

Residual before update:
[ 4.60607887e-03 -1.61178265e-15 -2.44750015e-03 ...  3.91124613e-03
  2.78126111e-03  6.99420380e-03]

Residual before update:
[ 4.60607869e-03 -1.61226743e-15 -2.44750062e-03 ...  3.91124608e-03
  2.78126106e-03  6.99420375e-03]
Compute pips
###############################
TGFM
###############################
Initialize variables
Warning: 419 variants have NaN gwas_beta. Setting to 0 with large SE.
Iterative optimization

Residual before update:
[ 0.00783307 -0.00043101 -0.00821988 ... -0.00282136 -0.00257045
 -0.00246553]

Residual before update:
[ 0.00783287 -0.00043099 -0.00821979 ... -0.0028213  -0.00257038
 -0.00246547]

Residual before update:
[ 0.00783267 -0.00043098 -0.0082197  ... -0.00282124 -0.00257032
 -0.00246542]

Residual before update:
[ 0.00783247 -0.00043096 -0.00821961 ... -0.00282118 -0.00257025
 -0.00246536]

Residual before update:
[ 0.00783227 -0.00043095 -0.00821952 ... -0.00282113 -0.00257018
 -0.0024653 ]

Residual before update:
[ 0.00783206 -0.00043094 -0.00821943 ... -0.00282107 -0.00257012
 -0.00246524]

Residual before update:
[ 0.00783186 -0.00043092 -0.00821934 ... -0.00282101 -0.00257005
 -0.00246519]

Residual before update:
[ 0.00783166 -0.00043091 -0.00821925 ... -0.00282095 -0.00256999
 -0.00246513]

Residual before update:
[ 0.00783146 -0.00043089 -0.00821916 ... -0.00282089 -0.00256992
 -0.00246507]

Residual before update:
[ 0.00783126 -0.00043088 -0.00821907 ... -0.00282084 -0.00256986
 -0.00246502]

Residual before update:
[ 0.00783126 -0.00043088 -0.00821907 ... -0.00282084 -0.00256986
 -0.00246502]

Residual before update:
[ 0.00783126 -0.00043088 -0.00821907 ... -0.00282084 -0.00256986
 -0.00246502]

Residual before update:
[ 0.00783126 -0.00043088 -0.00821907 ... -0.00282084 -0.00256986
 -0.00246502]

Residual before update:
[ 0.00783126 -0.00043088 -0.00821907 ... -0.00282084 -0.00256986
 -0.00246502]

Residual before update:
[ 0.00783126 -0.00043088 -0.00821907 ... -0.00282084 -0.00256986
 -0.00246502]

Residual before update:
[ 0.00783126 -0.00043088 -0.00821907 ... -0.00282084 -0.00256986
 -0.00246502]

Residual before update:
[ 0.00783126 -0.00043088 -0.00821907 ... -0.00282084 -0.00256986
 -0.00246502]

Residual before update:
[ 0.00783126 -0.00043088 -0.00821907 ... -0.00282084 -0.00256986
 -0.00246502]

Residual before update:
[ 0.00783126 -0.00043088 -0.00821907 ... -0.00282084 -0.00256986
 -0.00246502]

Residual before update:
[ 0.00783126 -0.00043088 -0.00821907 ... -0.00282084 -0.00256986
 -0.00246502]

Residual before update:
[ 0.00783126 -0.00043088 -0.00821907 ... -0.00282084 -0.00256986
 -0.00246502]

Residual before update:
[ 0.00783126 -0.00043088 -0.00821907 ... -0.00282084 -0.00256986
 -0.00246502]

Residual before update:
[ 0.00783126 -0.00043088 -0.00821907 ... -0.00282084 -0.00256986
 -0.00246502]

Residual before update:
[ 0.00783126 -0.00043088 -0.00821907 ... -0.00282084 -0.00256986
 -0.00246502]

Residual before update:
[ 0.00783126 -0.00043088 -0.00821907 ... -0.00282084 -0.00256986
 -0.00246502]

Residual before update:
[ 0.00783126 -0.00043088 -0.00821907 ... -0.00282084 -0.00256986
 -0.00246502]

Residual before update:
[ 0.00783126 -0.00043088 -0.00821907 ... -0.00282084 -0.00256986
 -0.00246502]

Residual before update:
[ 0.00783126 -0.00043088 -0.00821907 ... -0.00282084 -0.00256986
 -0.00246502]

Residual before update:
[ 0.00783126 -0.00043088 -0.00821907 ... -0.00282084 -0.00256986
 -0.00246502]

Residual before update:
[ 0.00783125 -0.00043088 -0.00821907 ... -0.00282084 -0.00256986
 -0.00246502]

Residual before update:
[ 0.00783125 -0.00043088 -0.00821907 ... -0.00282084 -0.00256986
 -0.00246502]

Residual before update:
[ 0.00783125 -0.00043088 -0.00821907 ... -0.00282084 -0.00256986
 -0.00246502]

Residual before update:
[ 0.00783125 -0.00043088 -0.00821907 ... -0.00282084 -0.00256986
 -0.00246502]

Residual before update:
[ 0.00783125 -0.00043088 -0.00821907 ... -0.00282084 -0.00256986
 -0.00246501]

Residual before update:
[ 0.00783125 -0.00043088 -0.00821907 ... -0.00282084 -0.00256985
 -0.00246501]

Residual before update:
[ 0.00783125 -0.00043088 -0.00821907 ... -0.00282084 -0.00256985
 -0.00246501]

Residual before update:
[ 0.00783125 -0.00043088 -0.00821907 ... -0.00282084 -0.00256985
 -0.00246501]

Residual before update:
[ 0.00783125 -0.00043088 -0.00821907 ... -0.00282084 -0.00256985
 -0.00246501]

Residual before update:
[ 0.00783125 -0.00043088 -0.00821907 ... -0.00282084 -0.00256985
 -0.00246501]

Residual before update:
[ 0.00783125 -0.00043088 -0.00821907 ... -0.00282084 -0.00256985
 -0.00246501]

Residual before update:
[ 0.00783125 -0.00043088 -0.00821907 ... -0.00282084 -0.00256985
 -0.00246501]

Residual before update:
[ 0.00783125 -0.00043088 -0.00821907 ... -0.00282084 -0.00256985
 -0.00246501]

Residual before update:
[ 0.00783125 -0.00043088 -0.00821907 ... -0.00282084 -0.00256985
 -0.00246501]

Residual before update:
[ 0.00783125 -0.00043088 -0.00821907 ... -0.00282084 -0.00256985
 -0.00246501]

Residual before update:
[ 0.00783125 -0.00043088 -0.00821907 ... -0.00282084 -0.00256985
 -0.00246501]

Residual before update:
[ 0.00783125 -0.00043088 -0.00821907 ... -0.00282084 -0.00256985
 -0.00246501]

Residual before update:
[ 0.00783125 -0.00043088 -0.00821907 ... -0.00282084 -0.00256985
 -0.00246501]

Residual before update:
[ 0.00783125 -0.00043088 -0.00821907 ... -0.00282084 -0.00256985
 -0.00246501]

Residual before update:
[ 0.00783125 -0.00043088 -0.00821907 ... -0.00282083 -0.00256985
 -0.00246501]

Residual before update:
[ 0.00783125 -0.00043088 -0.00821907 ... -0.00282083 -0.00256985
 -0.00246501]
Compute pips
###############################
TGFM
###############################
Initialize variables
Warning: 431 variants have NaN gwas_beta. Setting to 0 with large SE.
Iterative optimization

Residual before update:
[ 0.00992525  0.00301035  0.00226246 ... -0.00091589 -0.001253
 -0.00204728]

Residual before update:
[ 0.00992521  0.00301033  0.00226245 ... -0.00091581 -0.00125289
 -0.0020472 ]

Residual before update:
[ 0.00992516  0.00301031  0.00226244 ... -0.00091573 -0.00125278
 -0.00204711]

Residual before update:
[ 0.00992512  0.00301029  0.00226243 ... -0.00091564 -0.00125268
 -0.00204702]

Residual before update:
[ 0.00992508  0.00301027  0.00226241 ... -0.00091556 -0.00125257
 -0.00204693]

Residual before update:
[ 0.00992468  0.00300754  0.00226133 ... -0.00091641 -0.0012526
 -0.00204757]

Residual before update:
[ 0.009925    0.00301023  0.00226239 ... -0.00091537 -0.00125235
 -0.00204674]

Residual before update:
[ 0.00992497  0.00301021  0.00226238 ... -0.00091528 -0.00125224
 -0.00204664]

Residual before update:
[ 0.00992493  0.0030102   0.00226237 ... -0.00091518 -0.00125213
 -0.00204654]

Residual before update:
[ 0.00992779  0.00301258  0.00226252 ... -0.00091409 -0.0012517
 -0.00204531]

Residual before update:
[ 0.00992527  0.00301032  0.00227262 ... -0.00091517 -0.00124836
 -0.00204629]

Residual before update:
[ 0.0099249   0.00301018  0.00226236 ... -0.00091504 -0.00125201
 -0.0020464 ]

Residual before update:
[ 0.0099249   0.00301019  0.00226236 ... -0.00091503 -0.00125201
 -0.00204638]

Residual before update:
[ 0.0099249   0.00301019  0.00226236 ... -0.00091502 -0.00125201
 -0.00204638]

Residual before update:
[ 0.0099249   0.00301019  0.00226236 ... -0.00091501 -0.00125201
 -0.00204637]

Residual before update:
[ 0.00992667  0.0030101   0.00226149 ... -0.00091317 -0.00125234
 -0.00204473]

Residual before update:
[ 0.00992491  0.00301019  0.00226236 ... -0.000915   -0.00125201
 -0.00204636]

Residual before update:
[ 0.00992491  0.00301019  0.00226236 ... -0.000915   -0.00125201
 -0.00204636]

Residual before update:
[ 0.0099249   0.00301019  0.00226236 ... -0.000915   -0.00125201
 -0.00204636]

Residual before update:
[ 0.00992779  0.00301258  0.00226252 ... -0.00091401 -0.00125169
 -0.00204525]

Residual before update:
[ 0.00992544  0.00301042  0.00227579 ... -0.00091584 -0.00124956
 -0.00204714]

Residual before update:
[ 0.0099249   0.00301019  0.00226236 ... -0.00091501 -0.00125201
 -0.00204637]

Residual before update:
[ 0.0099249   0.00301019  0.00226236 ... -0.00091501 -0.00125201
 -0.00204637]

Residual before update:
[ 0.0099249   0.00301019  0.00226236 ... -0.00091501 -0.00125201
 -0.00204637]

Residual before update:
[ 0.0099249   0.00301019  0.00226236 ... -0.00091501 -0.00125201
 -0.00204637]

Residual before update:
[ 0.0099269   0.00301099  0.0022612  ... -0.00091183 -0.00125216
 -0.00204347]

Residual before update:
[ 0.0099249   0.00301019  0.00226236 ... -0.00091501 -0.001252
 -0.00204637]

Residual before update:
[ 0.0099249   0.00301019  0.00226236 ... -0.00091501 -0.001252
 -0.00204637]

Residual before update:
[ 0.0099249   0.00301019  0.00226236 ... -0.00091501 -0.001252
 -0.00204637]

Residual before update:
[ 0.0099278   0.00301259  0.00226252 ... -0.00091401 -0.00125168
 -0.00204524]

Residual before update:
[ 0.00992544  0.00301042  0.00227584 ... -0.00091584 -0.00124955
 -0.00204714]

Residual before update:
[ 0.0099249   0.00301019  0.00226236 ... -0.00091501 -0.001252
 -0.00204636]

Residual before update:
[ 0.0099249   0.00301019  0.00226236 ... -0.000915   -0.001252
 -0.00204636]

Residual before update:
[ 0.0099249   0.00301019  0.00226236 ... -0.000915   -0.001252
 -0.00204636]

Residual before update:
[ 0.0099249   0.00301019  0.00226236 ... -0.000915   -0.001252
 -0.00204636]

Residual before update:
[ 0.00992695  0.0030112   0.00226116 ... -0.00091157 -0.00125212
 -0.00204323]

Residual before update:
[ 0.0099249   0.00301019  0.00226236 ... -0.000915   -0.001252
 -0.00204636]

Residual before update:
[ 0.0099249   0.00301019  0.00226236 ... -0.000915   -0.001252
 -0.00204636]

Residual before update:
[ 0.0099249   0.00301019  0.00226236 ... -0.000915   -0.001252
 -0.00204636]

Residual before update:
[ 0.00992782  0.0030126   0.00226252 ... -0.000914   -0.00125168
 -0.00204523]

Residual before update:
[ 0.00992544  0.00301042  0.00227584 ... -0.00091584 -0.00124955
 -0.00204714]

Residual before update:
[ 0.0099249   0.00301019  0.00226236 ... -0.000915   -0.001252
 -0.00204636]

Residual before update:
[ 0.0099249   0.00301019  0.00226236 ... -0.000915   -0.001252
 -0.00204636]

Residual before update:
[ 0.0099249   0.00301019  0.00226236 ... -0.000915   -0.001252
 -0.00204636]

Residual before update:
[ 0.0099249   0.00301019  0.00226236 ... -0.000915   -0.001252
 -0.00204636]

Residual before update:
[ 0.00992699  0.00301133  0.00226114 ... -0.00091144 -0.0012521
 -0.00204311]

Residual before update:
[ 0.0099249   0.00301019  0.00226236 ... -0.000915   -0.001252
 -0.00204636]

Residual before update:
[ 0.0099249   0.00301019  0.00226236 ... -0.000915   -0.001252
 -0.00204636]

Residual before update:
[ 0.0099249   0.00301019  0.00226236 ... -0.000915   -0.00125199
 -0.00204636]

Residual before update:
[ 0.00992783  0.00301261  0.00226252 ... -0.00091399 -0.00125167
 -0.00204522]
Compute pips
###############################
TGFM
###############################
Initialize variables
Warning: 429 variants have NaN gwas_beta. Setting to 0 with large SE.
Iterative optimization

Residual before update:
[-0.00574853  0.01267127 -0.00610132 ... -0.0010026  -0.00179879
 -0.0017205 ]

Residual before update:
[-0.00574852  0.01267124 -0.0061013  ... -0.00100261 -0.00179879
 -0.00172051]

Residual before update:
[-0.00574851  0.0126712  -0.00610129 ... -0.00100261 -0.00179879
 -0.00172051]

Residual before update:
[-0.0057485   0.01267116 -0.00610127 ... -0.00100261 -0.0017988
 -0.00172051]

Residual before update:
[-0.00574848  0.01267113 -0.00610126 ... -0.00100262 -0.0017988
 -0.00172052]

Residual before update:
[-0.00574847  0.01267109 -0.00610125 ... -0.00100262 -0.00179881
 -0.00172052]

Residual before update:
[-0.00574846  0.01267106 -0.00610123 ... -0.00100263 -0.00179881
 -0.00172053]

Residual before update:
[-0.00574845  0.01267102 -0.00610122 ... -0.00100263 -0.00179882
 -0.00172053]

Residual before update:
[-0.00574843  0.01267098 -0.0061012  ... -0.00100264 -0.00179882
 -0.00172054]

Residual before update:
[-0.00574842  0.01267095 -0.00610119 ... -0.00100264 -0.00179882
 -0.00172054]

Residual before update:
[-0.00574842  0.01267095 -0.00610119 ... -0.00100264 -0.00179882
 -0.00172054]

Residual before update:
[-0.00574842  0.01267095 -0.00610119 ... -0.00100264 -0.00179882
 -0.00172054]

Residual before update:
[-0.00574842  0.01267095 -0.00610119 ... -0.00100264 -0.00179882
 -0.00172054]

Residual before update:
[-0.00574842  0.01267095 -0.00610119 ... -0.00100264 -0.00179883
 -0.00172054]

Residual before update:
[-0.00574842  0.01267095 -0.00610119 ... -0.00100264 -0.00179883
 -0.00172054]

Residual before update:
[-0.00574842  0.01267095 -0.00610119 ... -0.00100264 -0.00179883
 -0.00172054]

Residual before update:
[-0.00574842  0.01267095 -0.00610119 ... -0.00100264 -0.00179883
 -0.00172054]

Residual before update:
[-0.00574842  0.01267095 -0.00610119 ... -0.00100264 -0.00179883
 -0.00172054]

Residual before update:
[-0.00574842  0.01267095 -0.00610119 ... -0.00100264 -0.00179883
 -0.00172054]

Residual before update:
[-0.00574842  0.01267095 -0.00610119 ... -0.00100264 -0.00179883
 -0.00172054]

Residual before update:
[-0.00574842  0.01267095 -0.00610119 ... -0.00100264 -0.00179883
 -0.00172054]

Residual before update:
[-0.00574842  0.01267094 -0.00610119 ... -0.00100264 -0.00179883
 -0.00172054]

Residual before update:
[-0.00574842  0.01267094 -0.00610119 ... -0.00100264 -0.00179883
 -0.00172054]

Residual before update:
[-0.00574842  0.01267094 -0.00610119 ... -0.00100264 -0.00179883
 -0.00172054]

Residual before update:
[-0.00574842  0.01267094 -0.00610119 ... -0.00100264 -0.00179883
 -0.00172054]

Residual before update:
[-0.00574842  0.01267094 -0.00610119 ... -0.00100264 -0.00179883
 -0.00172054]

Residual before update:
[-0.00574842  0.01267094 -0.00610119 ... -0.00100264 -0.00179883
 -0.00172054]

Residual before update:
[-0.00574842  0.01267094 -0.00610119 ... -0.00100264 -0.00179883
 -0.00172054]

Residual before update:
[-0.00574842  0.01267094 -0.00610119 ... -0.00100264 -0.00179883
 -0.00172054]

Residual before update:
[-0.00574842  0.01267094 -0.00610119 ... -0.00100264 -0.00179883
 -0.00172054]

Residual before update:
[-0.00574842  0.01267094 -0.00610119 ... -0.00100264 -0.00179883
 -0.00172054]

Residual before update:
[-0.00574842  0.01267094 -0.00610119 ... -0.00100264 -0.00179883
 -0.00172054]

Residual before update:
[-0.00574842  0.01267094 -0.00610119 ... -0.00100264 -0.00179883
 -0.00172054]

Residual before update:
[-0.00574842  0.01267094 -0.00610119 ... -0.00100264 -0.00179883
 -0.00172054]

Residual before update:
[-0.00574842  0.01267094 -0.00610119 ... -0.00100264 -0.00179883
 -0.00172054]

Residual before update:
[-0.00574842  0.01267094 -0.00610119 ... -0.00100264 -0.00179883
 -0.00172054]

Residual before update:
[-0.00574842  0.01267094 -0.00610119 ... -0.00100264 -0.00179883
 -0.00172054]

Residual before update:
[-0.00574842  0.01267094 -0.00610119 ... -0.00100264 -0.00179883
 -0.00172054]

Residual before update:
[-0.00574842  0.01267094 -0.00610119 ... -0.00100264 -0.00179883
 -0.00172054]

Residual before update:
[-0.00574842  0.01267094 -0.00610119 ... -0.00100264 -0.00179883
 -0.00172054]

Residual before update:
[-0.00574842  0.01267094 -0.00610119 ... -0.00100264 -0.00179883
 -0.00172054]

Residual before update:
[-0.00574842  0.01267094 -0.00610119 ... -0.00100264 -0.00179883
 -0.00172054]

Residual before update:
[-0.00574842  0.01267094 -0.00610119 ... -0.00100264 -0.00179883
 -0.00172054]

Residual before update:
[-0.00574842  0.01267094 -0.00610119 ... -0.00100264 -0.00179883
 -0.00172054]

Residual before update:
[-0.00574842  0.01267094 -0.00610119 ... -0.00100264 -0.00179883
 -0.00172054]

Residual before update:
[-0.00574842  0.01267094 -0.00610119 ... -0.00100264 -0.00179883
 -0.00172054]

Residual before update:
[-0.00574842  0.01267094 -0.00610119 ... -0.00100264 -0.00179883
 -0.00172054]

Residual before update:
[-0.00574842  0.01267094 -0.00610119 ... -0.00100264 -0.00179883
 -0.00172054]

Residual before update:
[-0.00574842  0.01267094 -0.00610119 ... -0.00100264 -0.00179883
 -0.00172054]

Residual before update:
[-0.00574842  0.01267094 -0.00610119 ... -0.00100264 -0.00179883
 -0.00172054]
Compute pips
###############################
TGFM
###############################
Initialize variables
Warning: 419 variants have NaN gwas_beta. Setting to 0 with large SE.
Iterative optimization

Residual before update:
[ 0.0050438   0.00336098  0.00942919 ... -0.00250032 -0.00094077
  0.00320732]

Residual before update:
[ 0.00504377  0.00336094  0.00942916 ... -0.00250031 -0.00094077
  0.0032073 ]

Residual before update:
[ 0.00504374  0.00336091  0.00942913 ... -0.00250029 -0.00094077
  0.00320728]

Residual before update:
[ 0.00504371  0.00336088  0.0094291  ... -0.00250028 -0.00094078
  0.00320726]

Residual before update:
[ 0.00503101  0.00334819  0.00942706 ... -0.00250611 -0.00094593
  0.00320623]

Residual before update:
[ 0.00504365  0.00336082  0.00942905 ... -0.00250026 -0.00094078
  0.00320723]

Residual before update:
[ 0.00504362  0.00336079  0.00942902 ... -0.00250025 -0.00094079
  0.00320721]

Residual before update:
[ 0.00504359  0.00336076  0.00942899 ... -0.00250023 -0.00094079
  0.0032072 ]

Residual before update:
[ 0.00504301  0.00336018  0.00943004 ... -0.00249942 -0.00094046
  0.00320853]

Residual before update:
[ 0.00504353  0.00336071  0.00942894 ... -0.00250021 -0.0009408
  0.00320717]

Residual before update:
[ 0.00504354  0.00336071  0.00942895 ... -0.00250022 -0.0009408
  0.00320718]

Residual before update:
[ 0.00504355  0.00336072  0.00942896 ... -0.00250022 -0.0009408
  0.00320718]

Residual before update:
[ 0.00504355  0.00336072  0.00942897 ... -0.00250022 -0.00094081
  0.00320718]

Residual before update:
[ 0.00504355  0.00336073  0.00942897 ... -0.00250022 -0.00094081
  0.00320719]

Residual before update:
[ 0.00501991  0.00333709  0.0094259  ... -0.00250191 -0.00094458
  0.00320702]

Residual before update:
[ 0.00504356  0.00336073  0.00942898 ... -0.00250022 -0.00094081
  0.00320719]

Residual before update:
[ 0.00504356  0.00336073  0.00942898 ... -0.00250022 -0.00094081
  0.00320719]

Residual before update:
[ 0.00504356  0.00336073  0.00942898 ... -0.00250022 -0.00094081
  0.00320719]

Residual before update:
[ 0.00504346  0.00336063  0.00943014 ... -0.00249946 -0.00094056
  0.00320808]

Residual before update:
[ 0.00504356  0.00336073  0.00942898 ... -0.00250022 -0.00094081
  0.00320719]

Residual before update:
[ 0.00504355  0.00336073  0.00942897 ... -0.00250022 -0.00094081
  0.00320719]

Residual before update:
[ 0.00504355  0.00336073  0.00942897 ... -0.00250022 -0.00094081
  0.00320719]

Residual before update:
[ 0.00504355  0.00336073  0.00942897 ... -0.00250022 -0.00094081
  0.00320719]

Residual before update:
[ 0.00504355  0.00336073  0.00942897 ... -0.00250022 -0.00094081
  0.00320719]

Residual before update:
[ 0.00500657  0.00332376  0.00942542 ... -0.00250663 -0.00094623
  0.00320581]

Residual before update:
[ 0.00504355  0.00336073  0.00942897 ... -0.00250022 -0.00094081
  0.00320719]

Residual before update:
[ 0.00504355  0.00336073  0.00942897 ... -0.00250022 -0.00094081
  0.00320719]

Residual before update:
[ 0.00504355  0.00336073  0.00942897 ... -0.00250022 -0.00094081
  0.00320719]

Residual before update:
[ 0.00504566  0.00336283  0.00943145 ... -0.00249857 -0.00094005
  0.00320865]

Residual before update:
[ 0.00504355  0.00336073  0.00942897 ... -0.00250022 -0.00094081
  0.00320719]

Residual before update:
[ 0.00504355  0.00336073  0.00942897 ... -0.00250022 -0.00094081
  0.00320719]

Residual before update:
[ 0.00504355  0.00336073  0.00942897 ... -0.00250022 -0.00094081
  0.00320719]

Residual before update:
[ 0.00504355  0.00336073  0.00942897 ... -0.00250022 -0.00094081
  0.00320719]

Residual before update:
[ 0.00504355  0.00336073  0.00942897 ... -0.00250022 -0.00094081
  0.00320719]

Residual before update:
[ 0.00500255  0.00331975  0.00942485 ... -0.00250632 -0.00094697
  0.00320577]

Residual before update:
[ 0.00504355  0.00336073  0.00942897 ... -0.00250022 -0.00094081
  0.00320719]

Residual before update:
[ 0.00504355  0.00336073  0.00942897 ... -0.00250022 -0.00094081
  0.00320719]

Residual before update:
[ 0.00504355  0.00336073  0.00942897 ... -0.00250022 -0.00094081
  0.00320719]

Residual before update:
[ 0.00504531  0.00336249  0.0094312  ... -0.00249874 -0.00094014
  0.00320852]

Residual before update:
[ 0.00504355  0.00336073  0.00942897 ... -0.00250022 -0.00094081
  0.00320719]

Residual before update:
[ 0.00504355  0.00336073  0.00942897 ... -0.00250022 -0.00094081
  0.00320719]

Residual before update:
[ 0.00504355  0.00336073  0.00942897 ... -0.00250022 -0.00094081
  0.00320719]

Residual before update:
[ 0.00504355  0.00336073  0.00942897 ... -0.00250022 -0.00094081
  0.00320719]

Residual before update:
[ 0.00504355  0.00336073  0.00942897 ... -0.00250022 -0.00094081
  0.00320719]

Residual before update:
[ 0.00499981  0.00331701  0.00942453 ... -0.00250693 -0.00094779
  0.00320547]

Residual before update:
[ 0.00504355  0.00336073  0.00942897 ... -0.00250022 -0.00094081
  0.00320719]

Residual before update:
[ 0.00504355  0.00336073  0.00942897 ... -0.00250022 -0.00094081
  0.00320719]

Residual before update:
[ 0.00504355  0.00336073  0.00942897 ... -0.00250022 -0.00094081
  0.00320719]

Residual before update:
[ 0.00504546  0.00336264  0.0094313  ... -0.00249867 -0.0009401
  0.00320857]

Residual before update:
[ 0.00504355  0.00336073  0.00942897 ... -0.00250022 -0.00094081
  0.00320719]
Compute pips
###############################
TGFM
###############################
Initialize variables
Warning: 420 variants have NaN gwas_beta. Setting to 0 with large SE.
Iterative optimization

Residual before update:
[-0.00239633 -0.00504015 -0.00312197 ... -0.00268478  0.00145151
 -0.00290705]

Residual before update:
[-0.00239634 -0.0050402  -0.00312197 ... -0.00268475  0.00145151
 -0.00290705]

Residual before update:
[-0.00239635 -0.00504024 -0.00312197 ... -0.00268472  0.00145151
 -0.00290706]

Residual before update:
[-0.00239636 -0.00504028 -0.00312197 ... -0.00268469  0.00145151
 -0.00290706]

Residual before update:
[-0.00239637 -0.00504033 -0.00312197 ... -0.00268466  0.00145151
 -0.00290706]

Residual before update:
[-0.00239638 -0.00504037 -0.00312197 ... -0.00268463  0.00145151
 -0.00290706]

Residual before update:
[-0.00239639 -0.00504041 -0.00312197 ... -0.0026846   0.00145151
 -0.00290706]

Residual before update:
[-0.0023964  -0.00504046 -0.00312197 ... -0.00268457  0.00145151
 -0.00290706]

Residual before update:
[-0.00239641 -0.0050405  -0.00312198 ... -0.00268454  0.00145151
 -0.00290707]

Residual before update:
[-0.00239642 -0.00504054 -0.00312198 ... -0.00268451  0.00145151
 -0.00290707]

Residual before update:
[-0.00239642 -0.00504054 -0.00312198 ... -0.00268451  0.00145151
 -0.00290707]

Residual before update:
[-0.00239642 -0.00504056 -0.00312198 ... -0.00268451  0.00145151
 -0.00290707]

Residual before update:
[-0.00239642 -0.00504054 -0.00312198 ... -0.00268451  0.00145151
 -0.00290707]

Residual before update:
[-0.00239642 -0.00504054 -0.00312198 ... -0.00268451  0.00145151
 -0.00290707]

Residual before update:
[-0.00239642 -0.00504055 -0.00312198 ... -0.00268451  0.00145151
 -0.00290707]

Residual before update:
[-0.00239642 -0.00504054 -0.00312198 ... -0.00268451  0.00145151
 -0.00290707]

Residual before update:
[-0.00239642 -0.00504054 -0.00312199 ... -0.00268451  0.00145151
 -0.00290707]

Residual before update:
[-0.00239642 -0.00504054 -0.00312199 ... -0.00268451  0.00145151
 -0.00290707]

Residual before update:
[-0.00239642 -0.00504054 -0.00312198 ... -0.00268451  0.00145151
 -0.00290707]

Residual before update:
[-0.00239642 -0.00504054 -0.00312198 ... -0.00268451  0.00145151
 -0.00290707]

Residual before update:
[-0.00239642 -0.00504054 -0.00312198 ... -0.00268451  0.00145151
 -0.00290707]

Residual before update:
[-0.00239642 -0.00504056 -0.00312199 ... -0.00268451  0.00145151
 -0.00290707]

Residual before update:
[-0.00239642 -0.00504054 -0.00312198 ... -0.00268451  0.00145151
 -0.00290707]

Residual before update:
[-0.00239642 -0.00504054 -0.00312198 ... -0.00268451  0.00145151
 -0.00290707]

Residual before update:
[-0.00239642 -0.00504055 -0.00312198 ... -0.00268451  0.00145151
 -0.00290707]

Residual before update:
[-0.00239642 -0.00504054 -0.00312198 ... -0.00268451  0.00145151
 -0.00290707]

Residual before update:
[-0.00239642 -0.00504054 -0.00312198 ... -0.00268451  0.00145151
 -0.00290707]

Residual before update:
[-0.00239642 -0.00504054 -0.00312198 ... -0.00268451  0.00145151
 -0.00290707]

Residual before update:
[-0.00239642 -0.00504054 -0.00312198 ... -0.00268451  0.00145151
 -0.00290707]

Residual before update:
[-0.00239642 -0.00504054 -0.00312198 ... -0.00268451  0.00145151
 -0.00290707]

Residual before update:
[-0.00239642 -0.00504054 -0.00312198 ... -0.00268451  0.00145151
 -0.00290707]

Residual before update:
[-0.00239642 -0.00504056 -0.00312199 ... -0.00268451  0.00145151
 -0.00290707]

Residual before update:
[-0.00239642 -0.00504054 -0.00312198 ... -0.00268451  0.00145151
 -0.00290707]

Residual before update:
[-0.00239642 -0.00504055 -0.00312198 ... -0.00268451  0.00145151
 -0.00290707]

Residual before update:
[-0.00239642 -0.00504055 -0.00312198 ... -0.00268451  0.00145151
 -0.00290707]

Residual before update:
[-0.00239642 -0.00504054 -0.00312198 ... -0.00268451  0.00145151
 -0.00290707]

Residual before update:
[-0.00239642 -0.00504054 -0.00312198 ... -0.00268451  0.00145151
 -0.00290707]

Residual before update:
[-0.00239642 -0.00504055 -0.00312198 ... -0.00268451  0.00145151
 -0.00290707]

Residual before update:
[-0.00239642 -0.00504054 -0.00312198 ... -0.00268451  0.00145151
 -0.00290707]

Residual before update:
[-0.00239642 -0.00504054 -0.00312198 ... -0.00268451  0.00145151
 -0.00290707]

Residual before update:
[-0.00239642 -0.00504055 -0.00312198 ... -0.00268451  0.00145151
 -0.00290707]

Residual before update:
[-0.00239642 -0.00504056 -0.00312199 ... -0.00268451  0.00145151
 -0.00290707]

Residual before update:
[-0.00239642 -0.00504055 -0.00312198 ... -0.00268451  0.00145151
 -0.00290707]

Residual before update:
[-0.00239642 -0.00504055 -0.00312198 ... -0.00268451  0.00145151
 -0.00290707]

Residual before update:
[-0.00239642 -0.00504055 -0.00312198 ... -0.00268451  0.00145151
 -0.00290707]

Residual before update:
[-0.00239642 -0.00504055 -0.00312198 ... -0.00268451  0.00145151
 -0.00290707]

Residual before update:
[-0.00239642 -0.00504054 -0.00312198 ... -0.00268451  0.00145151
 -0.00290707]

Residual before update:
[-0.00239642 -0.00504055 -0.00312198 ... -0.00268451  0.00145151
 -0.00290707]
NaNs in component_non_med_pred at component 8

Residual before update:
[-0.00239642 -0.00504054 -0.00312198 ... -0.00268451  0.00145151
 -0.00290707]
NaNs in residual_incl_alpha[81, :]
NaN in mixture_alpha_mu: b_terms=[nan nan nan nan nan nan nan nan nan nan nan nan nan nan nan nan nan nan
 nan nan nan]
NaNs in self.residual at bs_iter=81
NaNs in un_normalized_lv_alpha_weights
NaN in normalizing_term
NaNs in component_non_med_pred at component 9

Residual before update:
[-0.00239642 -0.00504055 -0.00312198 ... -0.00268451  0.00145151
 -0.00290707]
NaNs in residual_incl_alpha[81, :]
NaNs in gene_weights for bs_iter=81
NaN in mixture_alpha_mu: b_terms=[nan nan nan nan nan nan nan nan nan nan nan nan nan nan nan nan nan nan
 nan nan nan]
NaNs in self.residual at bs_iter=81
NaNs in un_normalized_lv_alpha_weights
NaN in normalizing_term
Compute pips
NaNs found in gene-tissue pair PIPs at indices: [ 0  1  2  3  4  5  6  7  8  9 10 11 12 13 14 15 16 17 18 19 20]
NaNs found in variant PIPs at indices: [   0    1    2 ... 9833 9834 9835]
NaNs found in gene PIPs at indices: [0 1 2 3 4 5 6]
###############################
TGFM
###############################
Initialize variables
Warning: 424 variants have NaN gwas_beta. Setting to 0 with large SE.
Iterative optimization

Residual before update:
[-0.00044479  0.00011772 -0.00198781 ... -0.00287868 -0.00507755
 -0.00507755]

Residual before update:
[-0.00044479  0.00011775 -0.0019878  ... -0.00287867 -0.00507753
 -0.00507753]

Residual before update:
[-0.00044479  0.00011778 -0.00198778 ... -0.00287865 -0.00507751
 -0.00507751]

Residual before update:
[-0.00044478  0.0001178  -0.00198777 ... -0.00287864 -0.0050775
 -0.0050775 ]

Residual before update:
[-0.00044478  0.00011783 -0.00198776 ... -0.00287863 -0.00507748
 -0.00507748]

Residual before update:
[-0.00044477  0.00011785 -0.00198775 ... -0.00287861 -0.00507747
 -0.00507747]

Residual before update:
[-0.00044477  0.00011788 -0.00198774 ... -0.0028786  -0.00507745
 -0.00507745]

Residual before update:
[-0.00044477  0.0001179  -0.00198773 ... -0.00287859 -0.00507743
 -0.00507744]

Residual before update:
[-0.00044476  0.00011792 -0.00198772 ... -0.00287858 -0.00507742
 -0.00507742]

Residual before update:
[-0.00044476  0.00011794 -0.00198771 ... -0.00287856 -0.0050774
 -0.00507741]

Residual before update:
[-0.00044476  0.00011794 -0.00198771 ... -0.00287856 -0.00507741
 -0.00507741]

Residual before update:
[-0.00044476  0.00011793 -0.00198771 ... -0.00287856 -0.00507741
 -0.00507741]

Residual before update:
[-0.00044476  0.00011793 -0.00198771 ... -0.00287856 -0.00507741
 -0.00507741]

Residual before update:
[-0.00044476  0.00011793 -0.00198771 ... -0.00287856 -0.00507741
 -0.00507741]

Residual before update:
[-0.00044476  0.00011793 -0.00198771 ... -0.00287857 -0.00507741
 -0.00507741]

Residual before update:
[-0.00044476  0.00011792 -0.00198771 ... -0.00287857 -0.00507741
 -0.00507742]

Residual before update:
[-0.00044476  0.00011792 -0.00198771 ... -0.00287857 -0.00507741
 -0.00507742]

Residual before update:
[-0.00044476  0.00011792 -0.00198771 ... -0.00287857 -0.00507741
 -0.00507742]

Residual before update:
[-0.00044476  0.00011792 -0.00198771 ... -0.00287857 -0.00507741
 -0.00507742]

Residual before update:
[-0.00044476  0.00011793 -0.00198771 ... -0.00287857 -0.00507741
 -0.00507741]

Residual before update:
[-0.00044476  0.00011793 -0.00198771 ... -0.00287857 -0.00507741
 -0.00507741]

Residual before update:
[-0.00044476  0.00011793 -0.00198771 ... -0.00287857 -0.00507741
 -0.00507741]

Residual before update:
[-0.00044476  0.00011793 -0.00198771 ... -0.00287857 -0.00507741
 -0.00507741]

Residual before update:
[-0.00044476  0.00011793 -0.00198771 ... -0.00287856 -0.00507741
 -0.00507741]

Residual before update:
[-0.00044476  0.00011793 -0.00198771 ... -0.00287856 -0.00507741
 -0.00507741]

Residual before update:
[-0.00044476  0.00011793 -0.00198771 ... -0.00287856 -0.00507741
 -0.00507741]

Residual before update:
[-0.00044476  0.00011793 -0.00198771 ... -0.00287856 -0.00507741
 -0.00507741]

Residual before update:
[-0.00044476  0.00011793 -0.00198771 ... -0.00287856 -0.00507741
 -0.00507741]

Residual before update:
[-0.00044476  0.00011793 -0.00198771 ... -0.00287856 -0.00507741
 -0.00507741]

Residual before update:
[-0.00044476  0.00011793 -0.00198771 ... -0.00287856 -0.00507741
 -0.00507741]

Residual before update:
[-0.00044476  0.00011793 -0.00198771 ... -0.00287856 -0.00507741
 -0.00507741]

Residual before update:
[-0.00044476  0.00011793 -0.00198771 ... -0.00287856 -0.00507741
 -0.00507741]

Residual before update:
[-0.00044476  0.00011793 -0.00198771 ... -0.00287856 -0.00507741
 -0.00507741]

Residual before update:
[-0.00044476  0.00011793 -0.00198771 ... -0.00287856 -0.00507741
 -0.00507741]

Residual before update:
[-0.00044476  0.00011793 -0.00198771 ... -0.00287856 -0.00507741
 -0.00507741]

Residual before update:
[-0.00044476  0.00011793 -0.00198771 ... -0.00287856 -0.00507741
 -0.00507741]

Residual before update:
[-0.00044476  0.00011793 -0.00198771 ... -0.00287856 -0.00507741
 -0.00507741]

Residual before update:
[-0.00044476  0.00011793 -0.00198771 ... -0.00287856 -0.00507741
 -0.00507741]

Residual before update:
[-0.00044476  0.00011793 -0.00198771 ... -0.00287856 -0.00507741
 -0.00507741]

Residual before update:
[-0.00044476  0.00011793 -0.00198771 ... -0.00287856 -0.00507741
 -0.00507741]

Residual before update:
[-0.00044476  0.00011793 -0.00198771 ... -0.00287856 -0.00507741
 -0.00507741]

Residual before update:
[-0.00044476  0.00011793 -0.00198771 ... -0.00287856 -0.00507741
 -0.00507741]

Residual before update:
[-0.00044476  0.00011793 -0.00198771 ... -0.00287856 -0.00507741
 -0.00507741]

Residual before update:
[-0.00044476  0.00011793 -0.00198771 ... -0.00287856 -0.00507741
 -0.00507741]

Residual before update:
[-0.00044476  0.00011793 -0.00198771 ... -0.00287856 -0.00507741
 -0.00507741]

Residual before update:
[-0.00044476  0.00011793 -0.00198771 ... -0.00287856 -0.00507741
 -0.00507741]

Residual before update:
[-0.00044476  0.00011793 -0.00198771 ... -0.00287856 -0.00507741
 -0.00507741]

Residual before update:
[-0.00044476  0.00011793 -0.00198771 ... -0.00287856 -0.00507741
 -0.00507741]

Residual before update:
[-0.00044476  0.00011793 -0.00198771 ... -0.00287856 -0.00507741
 -0.00507741]

Residual before update:
[-0.00044476  0.00011793 -0.00198771 ... -0.00287856 -0.00507741
 -0.00507741]
Compute pips
###############################
TGFM
###############################
Initialize variables
Warning: 419 variants have NaN gwas_beta. Setting to 0 with large SE.
Iterative optimization

Residual before update:
[-0.00236463  0.00060775 -0.00055693 ...  0.00156915  0.00121221
 -0.00917645]

Residual before update:
[-0.00236465  0.00060773 -0.00055693 ...  0.00156917  0.00121223
 -0.0091763 ]

Residual before update:
[-0.00236467  0.00060772 -0.00055693 ...  0.00156919  0.00121225
 -0.00917615]

Residual before update:
[-0.00236469  0.0006077  -0.00055694 ...  0.00156921  0.00121227
 -0.009176  ]

Residual before update:
[-0.00236298  0.00061564 -0.00056    ...  0.00156829  0.00120955
 -0.00918404]

Residual before update:
[ -3461.54438778  -2361.24827747    -95.71397305 ... -21630.88400226
  -1896.70365049  -9550.15867167]

Residual before update:
[-0.00236475  0.00060766 -0.00055694 ...  0.00156927  0.00121233
 -0.00917555]

Residual before update:
[6.37892915e+15 4.35130902e+15 1.76380337e+14 ... 3.98613902e+16
 3.49524498e+15 1.75990091e+16]

Residual before update:
[-0.00236479  0.00060763 -0.00055695 ...  0.00156931  0.00121236
 -0.00917526]

Residual before update:
[-0.00236481  0.00060762 -0.00055696 ...  0.00156933  0.00121239
 -0.00917511]

Residual before update:
[-0.00236481  0.00060762 -0.00055696 ...  0.00156933  0.00121239
 -0.00917511]

Residual before update:
[-0.00236481  0.00060762 -0.00055696 ...  0.00156933  0.00121238
 -0.00917511]

Residual before update:
[-0.00236481  0.00060762 -0.00055696 ...  0.00156933  0.00121238
 -0.00917511]

Residual before update:
[-0.00236481  0.00060762 -0.00055696 ...  0.00156933  0.00121238
 -0.00917511]

Residual before update:
[-0.00236168  0.00060904 -0.00054978 ...  0.00157107  0.00122227
 -0.00916078]

Residual before update:
[-9.05368944e+18 -3.33344957e+18 -8.46831850e+17 ... -5.19715111e+19
 -2.34444765e+19 -3.32594561e+19]

Residual before update:
[-0.00236481  0.00060762 -0.00055696 ...  0.00156933  0.00121239
 -0.0091751 ]

Residual before update:
[-6.72725940e+48 -4.58891827e+48 -1.86011829e+47 ... -4.20380765e+49
 -3.68610767e+48 -1.85600273e+49]

Residual before update:
[-0.00236481  0.00060762 -0.00055696 ...  0.00156933  0.00121238
 -0.00917511]

Residual before update:
[-0.00236481  0.00060762 -0.00055696 ...  0.00156933  0.00121239
 -0.0091751 ]

Residual before update:
[-0.00236481  0.00060762 -0.00055696 ...  0.00156933  0.00121239
 -0.0091751 ]

Residual before update:
[-0.00236481  0.00060762 -0.00055696 ...  0.00156933  0.00121238
 -0.0091751 ]

Residual before update:
[-0.00236481  0.00060762 -0.00055696 ...  0.00156933  0.00121238
 -0.0091751 ]

Residual before update:
[-0.00236481  0.00060762 -0.00055696 ...  0.00156933  0.00121238
 -0.0091751 ]

Residual before update:
[-0.00236307  0.00060812 -0.00055435 ...  0.00156931  0.00121877
 -0.00916798]

Residual before update:
[1.74427057e+42 1.18983300e+42 4.82299790e+40 ... 1.08998004e+43
 9.55749331e+41 4.81231908e+42]

Residual before update:
[-0.00236481  0.00060762 -0.00055696 ...  0.00156933  0.00121239
 -0.0091751 ]

Residual before update:
[7.09617944e+81 4.84057259e+81 1.96212639e+80 ... 4.43434267e+82
 3.88825225e+81 1.95778513e+82]

Residual before update:
[-0.00236481  0.00060762 -0.00055696 ...  0.00156933  0.00121238
 -0.0091751 ]

Residual before update:
[-0.00236481  0.00060762 -0.00055696 ...  0.00156933  0.00121239
 -0.0091751 ]

Residual before update:
[-0.00236481  0.00060762 -0.00055696 ...  0.00156933  0.00121239
 -0.0091751 ]

Residual before update:
[-0.00236481  0.00060762 -0.00055696 ...  0.00156933  0.00121238
 -0.0091751 ]

Residual before update:
[-0.00236481  0.00060762 -0.00055696 ...  0.00156933  0.00121238
 -0.0091751 ]

Residual before update:
[-0.00236481  0.00060762 -0.00055696 ...  0.00156933  0.00121238
 -0.0091751 ]

Residual before update:
[-0.00236288  0.0006071  -0.00055583 ...  0.0015704   0.00121737
 -0.0091694 ]

Residual before update:
[4.56685362e+57 1.68081950e+57 4.27254836e+56 ... 2.62126486e+58
 1.18289112e+58 1.67773585e+58]

Residual before update:
[-0.00236481  0.00060762 -0.00055696 ...  0.00156933  0.00121239
 -0.0091751 ]

Residual before update:
[-7.48533089e+114 -5.10602753e+114 -2.06972857e+113 ... -4.67752013e+115
 -4.10148234e+114 -2.06514924e+115]

Residual before update:
[-0.00236481  0.00060762 -0.00055696 ...  0.00156933  0.00121238
 -0.0091751 ]

Residual before update:
[-0.00236481  0.00060762 -0.00055696 ...  0.00156933  0.00121239
 -0.0091751 ]

Residual before update:
[-0.00236481  0.00060762 -0.00055696 ...  0.00156933  0.00121239
 -0.0091751 ]

Residual before update:
[-0.00236481  0.00060762 -0.00055696 ...  0.00156933  0.00121238
 -0.0091751 ]

Residual before update:
[-0.00236481  0.00060762 -0.00055696 ...  0.00156933  0.00121238
 -0.0091751 ]

Residual before update:
[-0.00236481  0.00060762 -0.00055696 ...  0.00156933  0.00121238
 -0.0091751 ]

Residual before update:
[-0.00236386  0.00060662 -0.00055626 ...  0.00156925  0.0012171
 -0.00917   ]

Residual before update:
[-8.79245707e+80 -5.99766792e+80 -2.43115964e+79 ... -5.49433264e+81
 -4.81770726e+80 -2.42577670e+81]

Residual before update:
[-0.00236481  0.00060762 -0.00055696 ...  0.00156933  0.00121239
 -0.00917509]

Residual before update:
[7.89582325e+147 5.38603991e+147 2.18323160e+146 ... 4.93403335e+148
 4.32640589e+147 2.17840114e+148]

Residual before update:
[-0.00236481  0.00060762 -0.00055696 ...  0.00156933  0.00121238
 -0.0091751 ]

Residual before update:
[-0.00236481  0.00060761 -0.00055696 ...  0.00156933  0.00121239
 -0.00917509]
Compute pips
NaNs found in variant PIPs at indices: [    0     1     2 ... 13659 13660 13661]
###############################
TGFM
###############################
Initialize variables
Warning: 455 variants have NaN gwas_beta. Setting to 0 with large SE.
Finished processing final TGFM

------------------------------------------------------------
Sender: LSF System <lsfadmin@node-11-4-1>
Subject: Job 740119[5]: <run_final_TGFM_CD[1-50]> in cluster <farm22> Done

Job <run_final_TGFM_CD[1-50]> was submitted from host <farm22-head2> by user <bh18> in cluster <farm22> at Thu Apr 30 14:08:18 2026
Job was executed on host(s) <node-11-4-1>, in queue <long>, as user <bh18> in cluster <farm22> at Thu Apr 30 14:08:29 2026
</nfs/users/nfs_b/bh18> was used as the home directory.
</lustre/scratch127/humgen/projects_v2/sc-eqtl-ibd/analysis/bradley_analysis/IBDverse/TGFM> was used as the working directory.
Started at Thu Apr 30 14:08:29 2026
Terminated at Thu Apr 30 14:47:16 2026
Results reported at Thu Apr 30 14:47:16 2026

Your job looked like:

------------------------------------------------------------
# LSBATCH: User input
bash execution_scripts_BH/run_TGFM-BH-MCP.sh -t CD
------------------------------------------------------------

Successfully completed.

Resource usage summary:

    CPU time :                                   2309.74 sec.
    Max Memory :                                 8784 MB
    Average Memory :                             5836.37 MB
    Total Requested Memory :                     30000.00 MB
    Delta Memory :                               21216.00 MB
    Max Swap :                                   2 MB
    Max Processes :                              5
    Max Threads :                                14
    Run time :                                   2327 sec.
    Turnaround time :                            2338 sec.

The output (if any) is above this job summary.



PS:

Read file <logs/run_final_TGFM-CD-5-740119-error.log> for stderr output of this job.

