Processing chunk 21...
###############################
TGFM
###############################
Initialize variables
Warning: 482 variants have NaN gwas_beta. Setting to 0 with large SE.
Iterative optimization

Residual before update:
[-0.00072533 -0.00475376  0.01142474 ...  0.00779408  0.00302966
  0.00179216]

Residual before update:
[-0.00072536 -0.00475376  0.01142456 ...  0.00779407  0.00302965
  0.00179216]

Residual before update:
[-0.0007254  -0.00475375  0.01142438 ...  0.00779407  0.00302964
  0.00179216]

Residual before update:
[-0.00072544 -0.00475375  0.0114242  ...  0.00779407  0.00302962
  0.00179217]

Residual before update:
[-0.00072548 -0.00475375  0.01142403 ...  0.00779406  0.00302961
  0.00179217]

Residual before update:
[-0.00072552 -0.00475374  0.01142385 ...  0.00779406  0.0030296
  0.00179218]

Residual before update:
[-0.00072556 -0.00475374  0.01142367 ...  0.00779406  0.00302959
  0.00179218]

Residual before update:
[-0.0007256  -0.00475373  0.0114235  ...  0.00779405  0.00302957
  0.00179218]

Residual before update:
[-0.00072564 -0.00475373  0.01142332 ...  0.00779405  0.00302956
  0.00179219]

Residual before update:
[-0.00072568 -0.00475373  0.01142314 ...  0.00779404  0.00302955
  0.00179219]

Residual before update:
[-0.00072568 -0.00475373  0.01142314 ...  0.00779404  0.00302955
  0.00179219]

Residual before update:
[-0.00072568 -0.00475373  0.01142314 ...  0.00779404  0.00302955
  0.00179219]

Residual before update:
[-0.00072568 -0.00475373  0.01142314 ...  0.00779404  0.00302955
  0.00179219]

Residual before update:
[-0.00072568 -0.00475373  0.01142314 ...  0.00779404  0.00302955
  0.00179219]

Residual before update:
[-0.00072568 -0.00475373  0.01142314 ...  0.00779404  0.00302955
  0.00179219]

Residual before update:
[-0.00072568 -0.00475373  0.01142314 ...  0.00779404  0.00302955
  0.00179219]

Residual before update:
[-0.00072568 -0.00475373  0.01142314 ...  0.00779404  0.00302955
  0.00179219]

Residual before update:
[-0.00072568 -0.00475373  0.01142314 ...  0.00779404  0.00302955
  0.00179219]

Residual before update:
[-0.00072568 -0.00475373  0.01142314 ...  0.00779404  0.00302955
  0.00179219]

Residual before update:
[-0.00072568 -0.00475373  0.01142314 ...  0.00779404  0.00302955
  0.00179219]

Residual before update:
[-0.00072568 -0.00475373  0.01142314 ...  0.00779404  0.00302955
  0.00179219]

Residual before update:
[-0.00072568 -0.00475373  0.01142314 ...  0.00779404  0.00302955
  0.00179219]

Residual before update:
[-0.00072568 -0.00475373  0.01142314 ...  0.00779404  0.00302955
  0.00179219]

Residual before update:
[-0.00072568 -0.00475373  0.01142314 ...  0.00779404  0.00302955
  0.00179219]

Residual before update:
[-0.00072568 -0.00475373  0.01142314 ...  0.00779404  0.00302955
  0.00179219]

Residual before update:
[-0.00072568 -0.00475373  0.01142314 ...  0.00779404  0.00302955
  0.00179219]

Residual before update:
[-0.00072568 -0.00475373  0.01142314 ...  0.00779404  0.00302955
  0.00179219]

Residual before update:
[-0.00072568 -0.00475373  0.01142314 ...  0.00779404  0.00302955
  0.00179219]

Residual before update:
[-0.00072568 -0.00475373  0.01142314 ...  0.00779404  0.00302955
  0.00179219]

Residual before update:
[-0.00072568 -0.00475373  0.01142314 ...  0.00779404  0.00302955
  0.00179219]

Residual before update:
[-0.00072568 -0.00475373  0.01142314 ...  0.00779404  0.00302955
  0.00179219]

Residual before update:
[-0.00072568 -0.00475373  0.01142314 ...  0.00779404  0.00302955
  0.00179219]

Residual before update:
[-0.00072568 -0.00475373  0.01142314 ...  0.00779404  0.00302955
  0.00179219]

Residual before update:
[-0.00072568 -0.00475373  0.01142314 ...  0.00779404  0.00302955
  0.00179219]

Residual before update:
[-0.00072568 -0.00475373  0.01142314 ...  0.00779404  0.00302955
  0.00179219]

Residual before update:
[-0.00072568 -0.00475373  0.01142314 ...  0.00779404  0.00302955
  0.00179219]

Residual before update:
[-0.00072568 -0.00475373  0.01142314 ...  0.00779404  0.00302955
  0.00179219]

Residual before update:
[-0.00072568 -0.00475373  0.01142314 ...  0.00779404  0.00302955
  0.00179219]

Residual before update:
[-0.00072568 -0.00475373  0.01142314 ...  0.00779404  0.00302955
  0.00179219]

Residual before update:
[-0.00072568 -0.00475373  0.01142314 ...  0.00779404  0.00302955
  0.00179219]

Residual before update:
[-0.00072568 -0.00475373  0.01142314 ...  0.00779404  0.00302955
  0.00179219]

Residual before update:
[-0.00072568 -0.00475373  0.01142314 ...  0.00779404  0.00302955
  0.00179219]

Residual before update:
[-0.00072568 -0.00475373  0.01142314 ...  0.00779404  0.00302955
  0.00179219]

Residual before update:
[-0.00072568 -0.00475373  0.01142314 ...  0.00779404  0.00302955
  0.00179219]

Residual before update:
[-0.00072568 -0.00475373  0.01142314 ...  0.00779404  0.00302955
  0.00179219]

Residual before update:
[-0.00072568 -0.00475373  0.01142314 ...  0.00779404  0.00302955
  0.00179219]

Residual before update:
[-0.00072568 -0.00475373  0.01142314 ...  0.00779404  0.00302955
  0.00179219]

Residual before update:
[-0.00072568 -0.00475373  0.01142314 ...  0.00779404  0.00302955
  0.00179219]

Residual before update:
[-0.00072568 -0.00475373  0.01142314 ...  0.00779404  0.00302955
  0.00179219]

Residual before update:
[-0.00072568 -0.00475373  0.01142314 ...  0.00779404  0.00302955
  0.00179219]
Compute pips
###############################
TGFM
###############################
Initialize variables
Warning: 422 variants have NaN gwas_beta. Setting to 0 with large SE.
Iterative optimization

Residual before update:
[ 0.0022575   0.0020411  -0.0044015  ... -0.00163738 -0.00288799
 -0.00372832]

Residual before update:
[ 0.00225748  0.00204109 -0.00440153 ... -0.00163769 -0.00289035
 -0.00372965]

Residual before update:
[ 0.00225746  0.00204109 -0.00440155 ... -0.00163798 -0.00289259
 -0.00373091]

Residual before update:
[ 0.00225744  0.00204109 -0.00440157 ... -0.00163826 -0.00289473
 -0.00373211]

Residual before update:
[ 0.00225742  0.00204108 -0.0044016  ... -0.00163853 -0.00289678
 -0.00373325]

Residual before update:
[ 0.0022574   0.00204108 -0.00440162 ... -0.00163878 -0.00289874
 -0.00373434]

Residual before update:
[ 0.00225739  0.00204107 -0.00440164 ... -0.00163903 -0.00290063
 -0.00373539]

Residual before update:
[ 0.00225737  0.00204107 -0.00440167 ... -0.00163926 -0.00290245
 -0.0037364 ]

Residual before update:
[ 0.00225736  0.00204106 -0.00440169 ... -0.00163949 -0.0029042
 -0.00373736]

Residual before update:
[ 0.00225734  0.00204106 -0.00440171 ... -0.00163971 -0.00290589
 -0.00373829]

Residual before update:
[ 0.00225735  0.00204106 -0.00440171 ... -0.00163961 -0.00290517
 -0.00373786]

Residual before update:
[ 0.00225736  0.00204106 -0.00440171 ... -0.00163953 -0.00290459
 -0.00373752]

Residual before update:
[ 0.00225736  0.00204106 -0.00440171 ... -0.00163946 -0.00290414
 -0.00373724]

Residual before update:
[ 0.00225736  0.00204106 -0.00440171 ... -0.00163942 -0.00290379
 -0.00373704]

Residual before update:
[ 0.00225737  0.00204106 -0.00440171 ... -0.00163938 -0.00290353
 -0.00373688]

Residual before update:
[ 0.00225737  0.00204106 -0.00440171 ... -0.00163936 -0.00290336
 -0.00373678]

Residual before update:
[ 0.00225737  0.00204106 -0.00440171 ... -0.00163935 -0.00290327
 -0.00373673]

Residual before update:
[ 0.00225737  0.00204106 -0.00440171 ... -0.00163934 -0.00290325
 -0.00373671]

Residual before update:
[ 0.00225737  0.00204106 -0.00440171 ... -0.00163935 -0.00290329
 -0.00373674]

Residual before update:
[ 0.00225737  0.00204106 -0.00440171 ... -0.00163936 -0.00290339
 -0.0037368 ]

Residual before update:
[ 0.00225737  0.00204106 -0.00440171 ... -0.00163937 -0.00290344
 -0.00373683]

Residual before update:
[ 0.00225737  0.00204106 -0.00440171 ... -0.00163938 -0.00290349
 -0.00373686]

Residual before update:
[ 0.00225737  0.00204106 -0.00440171 ... -0.00163938 -0.00290352
 -0.00373688]

Residual before update:
[ 0.00225737  0.00204106 -0.00440171 ... -0.00163938 -0.00290354
 -0.00373689]

Residual before update:
[ 0.00225737  0.00204106 -0.00440171 ... -0.00163938 -0.00290355
 -0.00373689]

Residual before update:
[ 0.00225737  0.00204106 -0.00440171 ... -0.00163938 -0.00290355
 -0.00373689]

Residual before update:
[ 0.00225737  0.00204106 -0.00440171 ... -0.00163938 -0.00290355
 -0.00373689]

Residual before update:
[ 0.00225737  0.00204106 -0.00440171 ... -0.00163938 -0.00290354
 -0.00373689]

Residual before update:
[ 0.00225737  0.00204106 -0.00440171 ... -0.00163938 -0.00290354
 -0.00373689]

Residual before update:
[ 0.00225737  0.00204106 -0.00440171 ... -0.00163938 -0.00290354
 -0.00373689]

Residual before update:
[ 0.00225737  0.00204106 -0.00440171 ... -0.00163938 -0.00290354
 -0.00373688]

Residual before update:
[ 0.00225737  0.00204106 -0.00440171 ... -0.00163938 -0.00290354
 -0.00373689]

Residual before update:
[ 0.00225737  0.00204106 -0.00440171 ... -0.00163938 -0.00290355
 -0.00373689]

Residual before update:
[ 0.00225737  0.00204106 -0.00440171 ... -0.00163938 -0.00290356
 -0.00373689]

Residual before update:
[ 0.00225737  0.00204106 -0.00440171 ... -0.00163939 -0.00290357
 -0.0037369 ]

Residual before update:
[ 0.00225737  0.00204106 -0.00440171 ... -0.00163939 -0.00290357
 -0.0037369 ]

Residual before update:
[ 0.00225737  0.00204106 -0.00440171 ... -0.00163939 -0.00290358
 -0.00373691]

Residual before update:
[ 0.00225737  0.00204106 -0.00440171 ... -0.00163939 -0.00290359
 -0.00373691]

Residual before update:
[ 0.00225737  0.00204106 -0.00440171 ... -0.00163939 -0.00290359
 -0.00373691]

Residual before update:
[ 0.00225737  0.00204106 -0.00440171 ... -0.00163939 -0.0029036
 -0.00373692]

Residual before update:
[ 0.00225737  0.00204106 -0.00440171 ... -0.00163939 -0.00290359
 -0.00373691]

Residual before update:
[ 0.00225737  0.00204106 -0.00440171 ... -0.00163939 -0.0029036
 -0.00373692]

Residual before update:
[ 0.00225737  0.00204106 -0.00440171 ... -0.00163939 -0.00290361
 -0.00373692]

Residual before update:
[ 0.00225737  0.00204106 -0.00440171 ... -0.00163939 -0.00290361
 -0.00373692]

Residual before update:
[ 0.00225737  0.00204106 -0.00440171 ... -0.00163939 -0.00290362
 -0.00373693]

Residual before update:
[ 0.00225737  0.00204106 -0.00440171 ... -0.00163939 -0.00290362
 -0.00373693]

Residual before update:
[ 0.00225737  0.00204106 -0.00440171 ... -0.00163939 -0.00290363
 -0.00373693]

Residual before update:
[ 0.00225737  0.00204106 -0.00440171 ... -0.00163939 -0.00290364
 -0.00373694]

Residual before update:
[ 0.00225737  0.00204106 -0.00440171 ... -0.00163939 -0.00290364
 -0.00373694]

Residual before update:
[ 0.00225737  0.00204106 -0.00440171 ... -0.0016394  -0.00290365
 -0.00373694]
Compute pips
###############################
TGFM
###############################
Initialize variables
Warning: 429 variants have NaN gwas_beta. Setting to 0 with large SE.
Iterative optimization

Residual before update:
[ 0.00426408  0.00811196  0.00283549 ... -0.00024676  0.01139108
  0.0110972 ]

Residual before update:
[ 0.00426399  0.00811186  0.00283545 ... -0.00024687  0.01139104
  0.01109716]

Residual before update:
[ 0.0042639   0.00811176  0.00283542 ... -0.00024693  0.01139103
  0.01109715]

Residual before update:
[ 0.00426382  0.00811167  0.00283539 ... -0.00024698  0.01139101
  0.01109713]

Residual before update:
[ 0.00426374  0.00811159  0.00283537 ... -0.00024702  0.01139099
  0.01109711]

Residual before update:
[ 0.00426366  0.00811151  0.00283535 ... -0.00024706  0.01139097
  0.01109709]

Residual before update:
[ 0.00426359  0.00811143  0.00283533 ... -0.0002471   0.01139095
  0.01109707]

Residual before update:
[ 0.00426352  0.00811135  0.00283531 ... -0.00024714  0.01139092
  0.01109704]

Residual before update:
[ 0.00426346  0.00811127  0.00283529 ... -0.00024718  0.0113909
  0.01109702]

Residual before update:
[ 0.00426339  0.0081112   0.00283527 ... -0.00024721  0.01139087
  0.01109699]

Residual before update:
[ 0.00426343  0.00811123  0.0028353  ... -0.00024714  0.01139088
  0.011097  ]

Residual before update:
[ 0.00426345  0.00811125  0.00283531 ... -0.00024712  0.01139086
  0.01109698]

Residual before update:
[ 0.00426347  0.00811126  0.00283531 ... -0.00024712  0.01139084
  0.01109696]

Residual before update:
[ 0.00426348  0.00811127  0.00283531 ... -0.00024713  0.01139083
  0.01109695]

Residual before update:
[ 0.00426349  0.00811127  0.00283531 ... -0.00024713  0.01139082
  0.01109694]

Residual before update:
[ 0.00426349  0.00811128  0.00283531 ... -0.00024714  0.01139082
  0.01109693]

Residual before update:
[ 0.0042635   0.00811128  0.00283531 ... -0.00024714  0.01139081
  0.01109693]

Residual before update:
[ 0.0042635   0.00811128  0.0028353  ... -0.00024715  0.01139081
  0.01109693]

Residual before update:
[ 0.00426349  0.00811128  0.0028353  ... -0.00024716  0.01139081
  0.01109693]

Residual before update:
[ 0.00426349  0.00811127  0.0028353  ... -0.00024716  0.01139082
  0.01109694]

Residual before update:
[ 0.00426349  0.00811128  0.0028353  ... -0.00024715  0.01139083
  0.01109695]

Residual before update:
[ 0.00426348  0.00811128  0.0028353  ... -0.00024715  0.01139083
  0.01109695]

Residual before update:
[ 0.00426348  0.00811128  0.0028353  ... -0.00024714  0.01139084
  0.01109696]

Residual before update:
[ 0.00426348  0.00811127  0.00283531 ... -0.00024714  0.01139084
  0.01109696]

Residual before update:
[ 0.00426348  0.00811127  0.00283531 ... -0.00024714  0.01139084
  0.01109695]

Residual before update:
[ 0.00426348  0.00811127  0.00283531 ... -0.00024714  0.01139083
  0.01109695]

Residual before update:
[ 0.00426348  0.00811127  0.00283531 ... -0.00024714  0.01139083
  0.01109695]

Residual before update:
[ 0.00426348  0.00811127  0.0028353  ... -0.00024715  0.01139082
  0.01109694]

Residual before update:
[ 0.00426348  0.00811126  0.0028353  ... -0.00024715  0.01139082
  0.01109694]

Residual before update:
[ 0.00426348  0.00811126  0.0028353  ... -0.00024715  0.01139082
  0.01109694]

Residual before update:
[ 0.00426348  0.00811126  0.0028353  ... -0.00024715  0.01139082
  0.01109694]

Residual before update:
[ 0.00426348  0.00811126  0.0028353  ... -0.00024715  0.01139082
  0.01109694]

Residual before update:
[ 0.00426348  0.00811126  0.0028353  ... -0.00024715  0.01139082
  0.01109694]

Residual before update:
[ 0.00426348  0.00811126  0.0028353  ... -0.00024715  0.01139082
  0.01109694]

Residual before update:
[ 0.00426347  0.00811126  0.0028353  ... -0.00024715  0.01139082
  0.01109694]

Residual before update:
[ 0.00426347  0.00811126  0.0028353  ... -0.00024715  0.01139082
  0.01109694]

Residual before update:
[ 0.00426347  0.00811126  0.0028353  ... -0.00024715  0.01139082
  0.01109694]

Residual before update:
[ 0.00426347  0.00811126  0.0028353  ... -0.00024715  0.01139082
  0.01109694]

Residual before update:
[ 0.00426347  0.00811126  0.0028353  ... -0.00024715  0.01139082
  0.01109694]

Residual before update:
[ 0.00426347  0.00811126  0.0028353  ... -0.00024715  0.01139082
  0.01109694]

Residual before update:
[ 0.00426347  0.00811126  0.0028353  ... -0.00024715  0.01139082
  0.01109694]

Residual before update:
[ 0.00426347  0.00811126  0.0028353  ... -0.00024715  0.01139082
  0.01109694]

Residual before update:
[ 0.00426347  0.00811125  0.0028353  ... -0.00024716  0.01139082
  0.01109694]

Residual before update:
[ 0.00426347  0.00811125  0.0028353  ... -0.00024716  0.01139081
  0.01109693]

Residual before update:
[ 0.00426347  0.00811125  0.0028353  ... -0.00024716  0.01139082
  0.01109693]

Residual before update:
[ 0.00426347  0.00811125  0.0028353  ... -0.00024716  0.01139082
  0.01109694]

Residual before update:
[ 0.00426347  0.00811125  0.0028353  ... -0.00024716  0.01139082
  0.01109694]

Residual before update:
[ 0.00426347  0.00811125  0.0028353  ... -0.00024716  0.01139082
  0.01109694]

Residual before update:
[ 0.00426346  0.00811125  0.0028353  ... -0.00024716  0.01139082
  0.01109694]

Residual before update:
[ 0.00426346  0.00811125  0.0028353  ... -0.00024716  0.01139081
  0.01109693]
Compute pips
###############################
TGFM
###############################
Initialize variables
Warning: 417 variants have NaN gwas_beta. Setting to 0 with large SE.
Iterative optimization

Residual before update:
[ 0.00089079 -0.00528262  0.00172151 ...  0.          0.0018262
 -0.00348547]

Residual before update:
[ 8.90668965e-04 -5.28268438e-03  1.72145322e-03 ...  1.05169881e-16
  1.82613820e-03 -3.48548877e-03]

Residual before update:
[ 8.90572005e-04 -5.28270903e-03  1.72140887e-03 ...  2.44664730e-16
  1.82609900e-03 -3.48547638e-03]

Residual before update:
[ 8.90483877e-04 -5.28272421e-03  1.72136851e-03 ...  3.70679869e-16
  1.82606686e-03 -3.48545966e-03]

Residual before update:
[ 8.84816429e-04 -5.28329837e-03  1.72105343e-03 ... -1.59762793e-14
  1.81739989e-03 -3.48583637e-03]

Residual before update:
[ 8.90314049e-04 -5.28372391e-03  1.72122191e-03 ...  6.25629074e-16
  1.82576872e-03 -3.48550139e-03]

Residual before update:
[ 8.90251882e-04 -5.28274853e-03  1.72126343e-03 ...  6.66957754e-16
  1.82599452e-03 -3.48540990e-03]

Residual before update:
[-2.09547215e+11 -9.70226995e+10 -2.01895471e+10 ... -8.98423217e+03
 -9.94614825e+10 -1.10740034e+12]

Residual before update:
[-5.75477168e-01 -2.53686907e+00 -5.63606085e+00 ... -4.58076467e-09
 -2.84508165e+00 -8.13811074e-01]

Residual before update:
[ 8.85780498e-04 -5.28809323e-03  1.72191122e-03 ... -1.78457211e-13
  1.82401116e-03 -3.48126522e-03]

Residual before update:
[ 8.90112807e-04 -5.28269593e-03  1.72120113e-03 ...  8.33627375e-16
  1.82599094e-03 -3.48533209e-03]

Residual before update:
[ 8.90141350e-04 -5.28268248e-03  1.72121491e-03 ...  7.38699769e-16
  1.82600668e-03 -3.48534126e-03]

Residual before update:
[ 8.90159567e-04 -5.28268068e-03  1.72122454e-03 ...  6.67520372e-16
  1.82601424e-03 -3.48535443e-03]

Residual before update:
[ 8.90170994e-04 -5.28268418e-03  1.72123032e-03 ...  6.14864565e-16
  1.82601322e-03 -3.48536822e-03]

Residual before update:
[ 8.82180320e-04 -5.28413779e-03  1.71988236e-03 ... -7.22272869e-15
  1.81606610e-03 -3.48261462e-03]

Residual before update:
[ 8.90305670e-04 -5.28394531e-03  1.72114591e-03 ...  1.37287563e-15
  1.82615373e-03 -3.48545444e-03]

Residual before update:
[ 8.90180627e-04 -5.28269973e-03  1.72123560e-03 ...  5.73630679e-16
  1.82600533e-03 -3.48539082e-03]

Residual before update:
[-1.04701997e+41 -4.84781934e+40 -1.00878740e+40 ... -4.48904583e+33
 -4.96967515e+40 -5.53321730e+41]

Residual before update:
[-1.28827206e+00 -2.51824378e+00 -6.84988358e+00 ... -3.25636630e-08
 -8.84503057e-01 -2.07912200e+00]

Residual before update:
[ 8.87017619e-04 -5.28423508e-03  1.72123856e-03 ... -1.80622600e-13
  1.82501177e-03 -3.50793512e-03]

Residual before update:
[ 8.90167252e-04 -5.28270921e-03  1.72122847e-03 ...  6.59829449e-16
  1.82599474e-03 -3.48538374e-03]

Residual before update:
[ 8.90167048e-04 -5.28270258e-03  1.72122779e-03 ...  6.82824416e-16
  1.82599703e-03 -3.48537480e-03]

Residual before update:
[ 8.90167522e-04 -5.28269673e-03  1.72122822e-03 ...  6.97009248e-16
  1.82600120e-03 -3.48536757e-03]

Residual before update:
[ 8.90167530e-04 -5.28269378e-03  1.72122807e-03 ...  6.94261801e-16
  1.82600087e-03 -3.48536557e-03]

Residual before update:
[ 8.78739446e-04 -5.30237683e-03  1.72634089e-03 ...  1.03395285e-13
  1.81125571e-03 -3.45268943e-03]

Residual before update:
[ 8.90281325e-04 -5.28397967e-03  1.72113307e-03 ...  1.49228506e-15
  1.82611937e-03 -3.48543104e-03]

Residual before update:
[ 8.90165164e-04 -5.28269479e-03  1.72122760e-03 ...  6.58367139e-16
  1.82600184e-03 -3.48537161e-03]

Residual before update:
[-5.23373450e+70 -2.42327749e+70 -5.04262151e+69 ... -2.24393752e+63
 -2.48418950e+70 -2.76588709e+71]

Residual before update:
[-1.28850634e+00 -2.51419735e+00 -6.84616544e+00 ... -3.25542704e-08
 -8.81554852e-01 -2.07732686e+00]

Residual before update:
[ 8.87079789e-04 -5.28420844e-03  1.72124297e-03 ... -1.77655767e-13
  1.82503138e-03 -3.50756573e-03]

Residual before update:
[ 8.90161576e-04 -5.28270387e-03  1.72122629e-03 ...  6.29509335e-16
  1.82599870e-03 -3.48538342e-03]

Residual before update:
[ 8.90160190e-04 -5.28270365e-03  1.72122528e-03 ...  6.36184823e-16
  1.82599721e-03 -3.48538240e-03]

Residual before update:
[ 8.90159753e-04 -5.28270184e-03  1.72122535e-03 ...  6.50867785e-16
  1.82599848e-03 -3.48537849e-03]

Residual before update:
[ 8.90159405e-04 -5.28270036e-03  1.72122495e-03 ...  6.59595536e-16
  1.82599644e-03 -3.48537602e-03]

Residual before update:
[ 8.89459497e-04 -5.38391060e-03  1.71499365e-03 ... -1.22226771e-13
  1.80476449e-03 -3.50764434e-03]

Residual before update:
[ 8.90267198e-04 -5.28402404e-03  1.72112405e-03 ...  1.51483032e-15
  1.82610426e-03 -3.48543406e-03]

Residual before update:
[ 8.90158111e-04 -5.28269690e-03  1.72122446e-03 ...  6.72935340e-16
  1.82599798e-03 -3.48537096e-03]

Residual before update:
[-2.61618474e+100 -1.21132274e+100 -2.52065317e+099 ... -1.12167614e+093
 -1.24177080e+100 -1.38258286e+101]

Residual before update:
[-1.28869441e+00 -2.51449933e+00 -6.84709378e+00 ... -3.25588014e-08
 -8.81639528e-01 -2.07759849e+00]

Residual before update:
[ 8.87142337e-04 -5.28418164e-03  1.72124741e-03 ... -1.74659576e-13
  1.82505114e-03 -3.50719302e-03]

Residual before update:
[ 8.90156426e-04 -5.28269938e-03  1.72122388e-03 ...  6.55133678e-16
  1.82599914e-03 -3.48537564e-03]

Residual before update:
[ 8.90154447e-04 -5.28270035e-03  1.72122271e-03 ...  6.50957628e-16
  1.82599733e-03 -3.48537718e-03]

Residual before update:
[ 8.90153224e-04 -5.28270028e-03  1.72122253e-03 ...  6.55123894e-16
  1.82599788e-03 -3.48537624e-03]

Residual before update:
[ 8.90152134e-04 -5.28270053e-03  1.72122187e-03 ...  6.55965851e-16
  1.82599496e-03 -3.48537631e-03]

Residual before update:
[ 8.89615784e-04 -5.39097857e-03  1.71621392e-03 ... -1.22812124e-13
  1.80585616e-03 -3.50971630e-03]

Residual before update:
[ 8.90254905e-04 -5.28406084e-03  1.72111509e-03 ...  1.54068034e-15
  1.82610160e-03 -3.48543622e-03]

Residual before update:
[ 8.90150074e-04 -5.28269904e-03  1.72122107e-03 ...  6.67266101e-16
  1.82599514e-03 -3.48537317e-03]

Residual before update:
[-1.30775121e+130 -6.05503405e+129 -1.25999788e+129 ... -5.60691796e+122
 -6.20723466e+129 -6.91111132e+130]

Residual before update:
[-1.28917019e+00 -2.51549567e+00 -6.84969839e+00 ... -3.25710536e-08
 -8.82014213e-01 -2.07839777e+00]

Residual before update:
[ 8.87205891e-04 -5.28415442e-03  1.72125193e-03 ... -1.71614992e-13
  1.82507122e-03 -3.50681429e-03]
Compute pips
###############################
TGFM
###############################
Initialize variables
Warning: 395 variants have NaN gwas_beta. Setting to 0 with large SE.
Iterative optimization

Residual before update:
[ 0.00132625 -0.00246803  0.01810343 ... -0.01643908 -0.01608155
 -0.00040632]

Residual before update:
[ 0.00132456 -0.00246782  0.01810055 ... -0.01636209 -0.01600454
 -0.00040425]

Residual before update:
[ 0.0013242  -0.00246603  0.01810658 ... -0.01628855 -0.01593099
 -0.00040224]

Residual before update:
[ 0.00132396 -0.00246427  0.01811039 ... -0.01621905 -0.01586149
 -0.00040032]

Residual before update:
[ 0.00132371 -0.00246268  0.01811144 ... -0.01615336 -0.01579578
 -0.00039849]

Residual before update:
[ 0.00132342 -0.00246127  0.0181101  ... -0.01609117 -0.01573358
 -0.00039673]

Residual before update:
[ 0.00132309 -0.00246001  0.01810682 ... -0.0160322  -0.0156746
 -0.00039505]

Residual before update:
[ 0.00132272 -0.00245887  0.01810197 ... -0.01597616 -0.01561856
 -0.00039343]

Residual before update:
[ 0.00132232 -0.00245785  0.01809587 ... -0.01592285 -0.01556524
 -0.00039187]

Residual before update:
[ 0.00128782 -0.00247575  0.01810368 ... -0.01614502 -0.01578722
 -0.00043506]

Residual before update:
[ 0.00132313 -0.00245625  0.01808368 ... -0.0159005  -0.01554288
 -0.00039098]

Residual before update:
[ 0.0013227  -0.00245758  0.01806617 ... -0.01592275 -0.01556514
 -0.00039147]

Residual before update:
[ 0.00132214 -0.00245882  0.0180523  ... -0.0159405  -0.01558289
 -0.00039186]

Residual before update:
[ 0.00132168 -0.00245973  0.01804315 ... -0.01595383 -0.01559622
 -0.00039215]

Residual before update:
[ 0.00132134 -0.0024603   0.0180382  ... -0.01596312 -0.01560551
 -0.00039235]

Residual before update:
[ 0.00132114 -0.00246057  0.01803658 ... -0.01596882 -0.01561121
 -0.00039247]

Residual before update:
[ 0.00132104 -0.00246061  0.01803745 ... -0.01597133 -0.01561373
 -0.00039252]

Residual before update:
[ 0.00132102 -0.00246048  0.01804009 ... -0.01597103 -0.01561343
 -0.00039251]

Residual before update:
[ 0.00132105 -0.00246023  0.01804392 ... -0.01596826 -0.01561065
 -0.00039244]

Residual before update:
[ 0.00130161 -0.00247869  0.01809907 ... -0.01649289 -0.01613515
 -0.00042739]

Residual before update:
[ 0.00132156 -0.00245917  0.01805631 ... -0.01596137 -0.01560377
 -0.00039229]

Residual before update:
[ 0.00132189 -0.0024586   0.01806113 ... -0.01595802 -0.01560041
 -0.0003922 ]

Residual before update:
[ 0.00132207 -0.00245832  0.01806281 ... -0.01595596 -0.01559836
 -0.00039215]

Residual before update:
[ 0.00132211 -0.0024583   0.01806199 ... -0.01595472 -0.01559712
 -0.00039211]

Residual before update:
[ 0.00132205 -0.00245845  0.01805956 ... -0.01595406 -0.01559645
 -0.00039209]

Residual before update:
[ 0.00132191 -0.0024587   0.01805637 ... -0.01595377 -0.01559616
 -0.00039208]

Residual before update:
[ 0.00132175 -0.00245898  0.01805306 ... -0.01595367 -0.01559606
 -0.00039207]

Residual before update:
[ 0.00132158 -0.00245925  0.0180501  ... -0.01595362 -0.01559601
 -0.00039207]

Residual before update:
[ 0.00132143 -0.00245947  0.01804777 ... -0.01595349 -0.01559588
 -0.00039206]

Residual before update:
[ 0.00130419 -0.0024794   0.01809956 ... -0.01649285 -0.01613511
 -0.00042597]

Residual before update:
[ 0.0013213  -0.00245964  0.01804665 ... -0.01595477 -0.01559716
 -0.00039209]

Residual before update:
[ 0.00132136 -0.00245947  0.01804819 ... -0.01595359 -0.01559598
 -0.00039205]

Residual before update:
[ 0.00132146 -0.00245925  0.0180502  ... -0.01595267 -0.01559507
 -0.00039202]

Residual before update:
[ 0.00132157 -0.00245904  0.01805205 ... -0.01595177 -0.01559417
 -0.000392  ]

Residual before update:
[ 0.00132165 -0.00245887  0.01805334 ... -0.0159509  -0.01559329
 -0.00039197]

Residual before update:
[ 0.0013217  -0.00245878  0.01805391 ... -0.01595007 -0.01559246
 -0.00039194]

Residual before update:
[ 0.0013217  -0.00245875  0.01805379 ... -0.01594928 -0.01559168
 -0.00039192]

Residual before update:
[ 0.00132167 -0.00245878  0.01805306 ... -0.01594856 -0.01559095
 -0.0003919 ]

Residual before update:
[ 0.00132161 -0.00245887  0.0180519  ... -0.01594787 -0.01559026
 -0.00039187]

Residual before update:
[ 0.00130646 -0.00247993  0.01809983 ... -0.01649339 -0.01613565
 -0.00042496]

Residual before update:
[ 0.00132148 -0.00245912  0.01804941 ... -0.01594877 -0.01559117
 -0.0003919 ]

Residual before update:
[ 0.00132142 -0.00245916  0.01804857 ... -0.01594761 -0.01559001
 -0.00039186]
NaNs in component_non_med_pred at component 2

Residual before update:
[ 0.0013214  -0.00245916  0.01804831 ... -0.01594681 -0.01558921
 -0.00039184]
NaNs in residual_incl_alpha[56, :]
NaN in mixture_alpha_mu: b_terms=[nan nan]
NaNs in self.residual at bs_iter=56
NaNs in un_normalized_lv_alpha_weights
NaN in normalizing_term
NaNs in component_non_med_pred at component 3

Residual before update:
[ 0.00132141 -0.00245912  0.01804849 ... -0.01594606 -0.01558845
 -0.00039181]
NaNs in residual_incl_alpha[56, :]
NaNs in gene_weights for bs_iter=56
NaN in mixture_alpha_mu: b_terms=[nan nan]
NaNs in self.residual at bs_iter=56
NaNs in un_normalized_lv_alpha_weights
NaN in normalizing_term
NaNs in component_non_med_pred at component 4

Residual before update:
[ 0.00132143 -0.00245904  0.01804894 ... -0.01594532 -0.01558772
 -0.00039179]
NaNs in residual_incl_alpha[30, :]
NaN in mixture_alpha_mu: b_terms=[nan nan]
NaNs in self.residual at bs_iter=30
NaNs in un_normalized_lv_alpha_weights
NaN in normalizing_term
NaNs in residual_incl_alpha[56, :]
NaNs in gene_weights for bs_iter=56
NaN in mixture_alpha_mu: b_terms=[nan nan]
NaNs in self.residual at bs_iter=56
NaNs in un_normalized_lv_alpha_weights
NaN in normalizing_term
NaNs in residual_incl_alpha[72, :]
NaN in mixture_alpha_mu: b_terms=[nan nan]
NaNs in self.residual at bs_iter=72
NaNs in un_normalized_lv_alpha_weights
NaN in normalizing_term
NaNs in component_non_med_pred at component 5

Residual before update:
[ 0.00132146 -0.00245896  0.01804947 ... -0.01594459 -0.01558699
 -0.00039177]
NaNs in residual_incl_alpha[30, :]
NaNs in gene_weights for bs_iter=30
NaN in mixture_alpha_mu: b_terms=[nan nan]
NaNs in self.residual at bs_iter=30
NaNs in un_normalized_lv_alpha_weights
NaN in normalizing_term
NaNs in residual_incl_alpha[56, :]
NaNs in gene_weights for bs_iter=56
NaN in mixture_alpha_mu: b_terms=[nan nan]
NaNs in self.residual at bs_iter=56
NaNs in un_normalized_lv_alpha_weights
NaN in normalizing_term
NaNs in residual_incl_alpha[72, :]
NaNs in gene_weights for bs_iter=72
NaN in mixture_alpha_mu: b_terms=[nan nan]
NaNs in self.residual at bs_iter=72
NaNs in un_normalized_lv_alpha_weights
NaN in normalizing_term
NaNs in component_non_med_pred at component 6

Residual before update:
[ 0.00132149 -0.00245889  0.01804992 ... -0.01594387 -0.01558626
 -0.00039174]
NaNs in residual_incl_alpha[30, :]
NaNs in gene_weights for bs_iter=30
NaN in mixture_alpha_mu: b_terms=[nan nan]
NaNs in self.residual at bs_iter=30
NaNs in un_normalized_lv_alpha_weights
NaN in normalizing_term
NaNs in residual_incl_alpha[56, :]
NaNs in gene_weights for bs_iter=56
NaN in mixture_alpha_mu: b_terms=[nan nan]
NaNs in self.residual at bs_iter=56
NaNs in un_normalized_lv_alpha_weights
NaN in normalizing_term
NaNs in residual_incl_alpha[72, :]
NaNs in gene_weights for bs_iter=72
NaN in mixture_alpha_mu: b_terms=[nan nan]
NaNs in self.residual at bs_iter=72
NaNs in un_normalized_lv_alpha_weights
NaN in normalizing_term
NaNs in component_non_med_pred at component 7

Residual before update:
[ 0.00132151 -0.00245883  0.01805018 ... -0.01594315 -0.01558554
 -0.00039172]
NaNs in residual_incl_alpha[30, :]
NaNs in gene_weights for bs_iter=30
NaN in mixture_alpha_mu: b_terms=[nan nan]
NaNs in self.residual at bs_iter=30
NaNs in un_normalized_lv_alpha_weights
NaN in normalizing_term
NaNs in residual_incl_alpha[56, :]
NaNs in gene_weights for bs_iter=56
NaN in mixture_alpha_mu: b_terms=[nan nan]
NaNs in self.residual at bs_iter=56
NaNs in un_normalized_lv_alpha_weights
NaN in normalizing_term
NaNs in residual_incl_alpha[72, :]
NaNs in gene_weights for bs_iter=72
NaN in mixture_alpha_mu: b_terms=[nan nan]
NaNs in self.residual at bs_iter=72
NaNs in un_normalized_lv_alpha_weights
NaN in normalizing_term
NaNs in component_non_med_pred at component 8

Residual before update:
[ 0.00132151 -0.0024588   0.01805017 ... -0.01594243 -0.01558482
 -0.0003917 ]
NaNs in residual_incl_alpha[30, :]
NaNs in gene_weights for bs_iter=30
NaN in mixture_alpha_mu: b_terms=[nan nan]
NaNs in self.residual at bs_iter=30
NaNs in un_normalized_lv_alpha_weights
NaN in normalizing_term
NaNs in residual_incl_alpha[56, :]
NaNs in gene_weights for bs_iter=56
NaN in mixture_alpha_mu: b_terms=[nan nan]
NaNs in self.residual at bs_iter=56
NaNs in un_normalized_lv_alpha_weights
NaN in normalizing_term
NaNs in residual_incl_alpha[72, :]
NaNs in gene_weights for bs_iter=72
NaN in mixture_alpha_mu: b_terms=[nan nan]
NaNs in self.residual at bs_iter=72
NaNs in un_normalized_lv_alpha_weights
NaN in normalizing_term
NaNs in component_non_med_pred at component 9

Residual before update:
[ 0.00130045 -0.00247917  0.0180994  ... -0.01649484 -0.0161371
 -0.00042687]
NaNs in residual_incl_alpha[30, :]
NaNs in gene_weights for bs_iter=30
NaN in mixture_alpha_mu: b_terms=[nan nan]
NaNs in self.residual at bs_iter=30
NaNs in un_normalized_lv_alpha_weights
NaN in normalizing_term
NaNs in residual_incl_alpha[56, :]
NaNs in gene_weights for bs_iter=56
NaN in mixture_alpha_mu: b_terms=[nan nan]
NaNs in self.residual at bs_iter=56
NaNs in un_normalized_lv_alpha_weights
NaN in normalizing_term
NaNs in residual_incl_alpha[72, :]
NaNs in gene_weights for bs_iter=72
NaN in mixture_alpha_mu: b_terms=[nan nan]
NaNs in self.residual at bs_iter=72
NaNs in un_normalized_lv_alpha_weights
NaN in normalizing_term
Compute pips
NaNs found in gene-tissue pair PIPs at indices: [0 1]
NaNs found in variant PIPs at indices: [   0    1    2 ... 9304 9305 9306]
NaNs found in gene PIPs at indices: [0 1]
###############################
TGFM
###############################
Initialize variables
Warning: 348 variants have NaN gwas_beta. Setting to 0 with large SE.
Iterative optimization

Residual before update:
[ 0.          0.0108823   0.01087302 ...  0.00494454  0.
 -0.00286276]

Residual before update:
[ 2.61756137e-17  1.08816161e-02  1.08723343e-02 ...  4.94464633e-03
  3.48641365e-17 -2.86276235e-03]

Residual before update:
[ 5.11627629e-17  1.08809333e-02  1.08716510e-02 ...  4.94474720e-03
  6.64493706e-17 -2.86276031e-03]

Residual before update:
[ 7.50510681e-17  1.08802502e-02  1.08709674e-02 ...  4.94484064e-03
  9.53275459e-17 -2.86275884e-03]

Residual before update:
[ 9.78043191e-17  1.08795670e-02  1.08702837e-02 ...  4.94492787e-03
  1.21933337e-16 -2.86275825e-03]

Residual before update:
[ 1.49298885e-15  1.08704658e-02  1.08607237e-02 ...  4.87067926e-03
 -3.57591077e-14 -2.85643491e-03]

Residual before update:
[ 1.41492391e-16  1.08782004e-02  1.08689161e-02 ...  4.94508729e-03
  1.69575826e-16 -2.86275550e-03]

Residual before update:
[ 1.61894578e-16  1.08775170e-02  1.08682323e-02 ...  4.94516063e-03
  1.91000409e-16 -2.86275565e-03]

Residual before update:
[ 1.81071070e-16  1.08768336e-02  1.08675485e-02 ...  4.94523038e-03
  2.11111699e-16 -2.86275704e-03]

Residual before update:
[ 1.99721021e-16  1.08761503e-02  1.08668646e-02 ...  4.94529705e-03
  2.30051417e-16 -2.86275901e-03]

Residual before update:
[ 1.92141280e-16  1.08761495e-02  1.08668640e-02 ...  4.94525093e-03
  2.13023990e-16 -2.86276185e-03]

Residual before update:
[ 1.85709683e-16  1.08761442e-02  1.08668587e-02 ...  4.94521712e-03
  2.00404317e-16 -2.86276508e-03]

Residual before update:
[ 1.81068527e-16  1.08761398e-02  1.08668543e-02 ...  4.94519285e-03
  1.91263096e-16 -2.86276625e-03]

Residual before update:
[ 1.77484178e-16  1.08761358e-02  1.08668503e-02 ...  4.94517630e-03
  1.84922249e-16 -2.86276733e-03]

Residual before update:
[ 1.74598129e-16  1.08761321e-02  1.08668467e-02 ...  4.94516606e-03
  1.80927241e-16 -2.86276892e-03]

Residual before update:
[-3.91483715e-16  1.08715453e-02  1.08620445e-02 ...  4.87378577e-03
 -4.22216286e-14 -2.86213390e-03]

Residual before update:
[ 1.72950025e-16  1.08761258e-02  1.08668404e-02 ...  4.94516045e-03
  1.78443561e-16 -2.86276620e-03]

Residual before update:
[ 1.72776441e-16  1.08761227e-02  1.08668373e-02 ...  4.94516329e-03
  1.79300767e-16 -2.86276631e-03]

Residual before update:
[ 1.72677985e-16  1.08761196e-02  1.08668342e-02 ...  4.94516903e-03
  1.81315323e-16 -2.86276724e-03]

Residual before update:
[ 1.73428787e-16  1.08761164e-02  1.08668310e-02 ...  4.94517732e-03
  1.84306889e-16 -2.86276803e-03]

Residual before update:
[ 1.74288826e-16  1.08761184e-02  1.08668329e-02 ...  4.94518178e-03
  1.85946882e-16 -2.86276701e-03]

Residual before update:
[ 1.74519904e-16  1.08761145e-02  1.08668291e-02 ...  4.94518438e-03
  1.86873685e-16 -2.86276749e-03]

Residual before update:
[ 1.75009620e-16  1.08761106e-02  1.08668252e-02 ...  4.94518530e-03
  1.87205886e-16 -2.86276677e-03]

Residual before update:
[ 1.75241105e-16  1.08761066e-02  1.08668211e-02 ...  4.94518508e-03
  1.87107344e-16 -2.86276666e-03]

Residual before update:
[ 1.75035515e-16  1.08761025e-02  1.08668170e-02 ...  4.94518421e-03
  1.86789917e-16 -2.86276759e-03]

Residual before update:
[-4.26104974e-15  1.08737823e-02  1.08647820e-02 ...  4.88066184e-03
 -5.53639023e-14 -2.87393876e-03]

Residual before update:
[ 1.75965903e-16  1.08760944e-02  1.08668090e-02 ...  4.94518216e-03
  1.86004261e-16 -2.86276468e-03]

Residual before update:
[ 1.75926502e-16  1.08760904e-02  1.08668050e-02 ...  4.94518134e-03
  1.85656931e-16 -2.86276513e-03]

Residual before update:
[ 1.75333950e-16  1.08760864e-02  1.08668009e-02 ...  4.94518093e-03
  1.85495670e-16 -2.86276659e-03]

Residual before update:
[ 1.75054393e-16  1.08760824e-02  1.08667970e-02 ...  4.94518119e-03
  1.85566759e-16 -2.86276804e-03]

Residual before update:
[ 1.75252036e-16  1.08760839e-02  1.08667984e-02 ...  4.94518117e-03
  1.85563175e-16 -2.86276738e-03]

Residual before update:
[ 1.75099914e-16  1.08760798e-02  1.08667943e-02 ...  4.94518186e-03
  1.85771344e-16 -2.86276801e-03]

Residual before update:
[ 1.75413107e-16  1.08760758e-02  1.08667903e-02 ...  4.94518259e-03
  1.86005642e-16 -2.86276730e-03]

Residual before update:
[ 1.75608477e-16  1.08760718e-02  1.08667863e-02 ...  4.94518324e-03
  1.86190728e-16 -2.86276711e-03]

Residual before update:
[ 1.75454471e-16  1.08760678e-02  1.08667823e-02 ...  4.94518376e-03
  1.86353368e-16 -2.86276793e-03]

Residual before update:
[-4.24055691e-15  1.08738235e-02  1.08648217e-02 ...  4.88097052e-03
 -5.50960614e-14 -2.87388428e-03]

Residual before update:
[ 1.76607555e-16  1.08760599e-02  1.08667744e-02 ...  4.94518462e-03
  1.86593281e-16 -2.86276476e-03]

Residual before update:
[ 1.76671520e-16  1.08760559e-02  1.08667705e-02 ...  4.94518484e-03
  1.86612601e-16 -2.86276513e-03]

Residual before update:
[ 1.76145215e-16  1.08760520e-02  1.08667665e-02 ...  4.94518496e-03
  1.86646228e-16 -2.86276655e-03]

Residual before update:
[ 1.75884542e-16  1.08760480e-02  1.08667625e-02 ...  4.94518519e-03
  1.86710740e-16 -2.86276801e-03]

Residual before update:
[ 1.76075257e-16  1.08760494e-02  1.08667640e-02 ...  4.94518484e-03
  1.86595310e-16 -2.86276737e-03]

Residual before update:
[ 1.75901201e-16  1.08760452e-02  1.08667598e-02 ...  4.94518511e-03
  1.86656364e-16 -2.86276805e-03]

Residual before update:
[ 1.76191622e-16  1.08760412e-02  1.08667557e-02 ...  4.94518544e-03
  1.86750154e-16 -2.86276736e-03]

Residual before update:
[ 1.76366352e-16  1.08760371e-02  1.08667516e-02 ...  4.94518578e-03
  1.86825051e-16 -2.86276720e-03]

Residual before update:
[ 1.76195707e-16  1.08760331e-02  1.08667476e-02 ...  4.94518611e-03
  1.86918091e-16 -2.86276804e-03]

Residual before update:
[-4.22000443e-15  1.08738648e-02  1.08648617e-02 ...  4.88128095e-03
 -5.48266204e-14 -2.87382923e-03]

Residual before update:
[ 1.77346178e-16  1.08760250e-02  1.08667395e-02 ...  4.94518691e-03
  1.87136977e-16 -2.86276486e-03]

Residual before update:
[ 1.77414221e-16  1.08760210e-02  1.08667355e-02 ...  4.94518722e-03
  1.87186098e-16 -2.86276523e-03]

Residual before update:
[ 1.76890689e-16  1.08760171e-02  1.08667316e-02 ...  4.94518745e-03
  1.87259591e-16 -2.86276664e-03]

Residual before update:
[ 1.76634428e-16  1.08760131e-02  1.08667276e-02 ...  4.94518779e-03
  1.87360712e-16 -2.86276811e-03]
Compute pips
###############################
TGFM
###############################
Initialize variables
Warning: 373 variants have NaN gwas_beta. Setting to 0 with large SE.
Iterative optimization

Residual before update:
[-0.00515111  0.00571056  0.         ... -0.00766963  0.00361072
  0.00158096]

Residual before update:
[-5.15110533e-03  5.71037088e-03 -3.50771650e-18 ... -7.66951075e-03
  3.60954706e-03  1.57991448e-03]

Residual before update:
[-5.15109106e-03  5.71019194e-03  1.79217550e-17 ... -7.66938297e-03
  3.60838383e-03  1.57886832e-03]

Residual before update:
[-5.15109468e-03  5.70999591e-03 -2.68964963e-19 ... -7.66929133e-03
  3.60720953e-03  1.57781217e-03]

Residual before update:
[-5.15108471e-03  5.70981248e-03  1.29898771e-17 ... -7.66917579e-03
  3.60604559e-03  1.57676342e-03]

Residual before update:
[-5.15107776e-03  5.70962402e-03  2.39526649e-17 ... -7.66906771e-03
  3.60488440e-03  1.57571763e-03]

Residual before update:
[-5.15107571e-03  5.70943326e-03  1.88777004e-17 ... -7.66896818e-03
  3.60371588e-03  1.57466680e-03]

Residual before update:
[-5.15219218e-03  5.55457065e-03 -2.54038432e-14 ... -7.68750721e-03
  3.60421775e-03  1.57522921e-03]

Residual before update:
[-5.15106810e-03  5.70905408e-03  1.96745956e-17 ... -7.66876271e-03
  3.60139250e-03  1.57257338e-03]

Residual before update:
[-5.15048917e-03  5.70932503e-03  2.78352860e-16 ... -7.66614317e-03
  3.60247811e-03  1.57575614e-03]

Residual before update:
[-5.15107136e-03  5.70885733e-03  1.07053644e-17 ... -7.66867550e-03
  3.60024320e-03  1.57152850e-03]

Residual before update:
[-5.15110657e-03  5.70884233e-03 -8.60619350e-17 ... -7.66870962e-03
  3.60024047e-03  1.57154327e-03]

Residual before update:
[-5.15107060e-03  5.70885882e-03  7.17051708e-18 ... -7.66868482e-03
  3.60025293e-03  1.57153887e-03]

Residual before update:
[-5.15109269e-03  5.70883984e-03 -4.72662692e-17 ... -7.66871930e-03
  3.60024544e-03  1.57153410e-03]

Residual before update:
[-5.15108219e-03  5.70884497e-03 -1.90919874e-17 ... -7.66871198e-03
  3.60024796e-03  1.57152959e-03]

Residual before update:
[-5.15107817e-03  5.70884310e-03 -9.37080381e-19 ... -7.66870980e-03
  3.60025465e-03  1.57153377e-03]

Residual before update:
[-5.15108113e-03  5.70883985e-03 -9.76888964e-18 ... -7.66871536e-03
  3.60024618e-03  1.57152813e-03]

Residual before update:
[-5.15234374e-03  5.55762705e-03 -2.39240457e-14 ... -7.67998229e-03
  3.60829480e-03  1.57840664e-03]

Residual before update:
[-5.15107943e-03  5.70883890e-03 -6.02401956e-18 ... -7.66870942e-03
  3.60023923e-03  1.57152088e-03]

Residual before update:
[-5.15047031e-03  5.70929190e-03  2.63566600e-16 ... -7.66608749e-03
  3.60247771e-03  1.57578470e-03]

Residual before update:
[-5.15107934e-03  5.70883876e-03 -3.05221488e-18 ... -7.66870030e-03
  3.60023530e-03  1.57151223e-03]

Residual before update:
[-5.15110973e-03  5.70882759e-03 -9.01816175e-17 ... -7.66871835e-03
  3.60021805e-03  1.57151627e-03]

Residual before update:
[-5.15107109e-03  5.70884836e-03  6.53716102e-18 ... -7.66868098e-03
  3.60022422e-03  1.57150927e-03]

Residual before update:
[-5.15109238e-03  5.70883046e-03 -4.65393608e-17 ... -7.66871332e-03
  3.60021033e-03  1.57149995e-03]

Residual before update:
[-5.15108060e-03  5.70883695e-03 -1.64387503e-17 ... -7.66870109e-03
  3.60020501e-03  1.57148978e-03]

Residual before update:
[-5.15107608e-03  5.70883553e-03  2.54219893e-18 ... -7.66869731e-03
  3.60020576e-03  1.57148944e-03]

Residual before update:
[-5.15107909e-03  5.70883211e-03 -6.46876162e-18 ... -7.66870317e-03
  3.60019223e-03  1.57147971e-03]

Residual before update:
[-5.15221616e-03  5.56013816e-03 -2.26826423e-14 ... -7.67685799e-03
  3.60957550e-03  1.57932566e-03]

Residual before update:
[-5.15107832e-03  5.70882983e-03 -4.45674400e-18 ... -7.66870063e-03
  3.60017876e-03  1.57146671e-03]

Residual before update:
[-5.15040737e-03  5.70929654e-03  3.86188205e-16 ... -7.66590067e-03
  3.60244962e-03  1.57581837e-03]

Residual before update:
[-5.15107949e-03  5.70882804e-03 -3.71648051e-18 ... -7.66869612e-03
  3.60017287e-03  1.57145574e-03]

Residual before update:
[-5.15111043e-03  5.70881538e-03 -9.20610448e-17 ... -7.66871493e-03
  3.60014927e-03  1.57145405e-03]

Residual before update:
[-5.15107184e-03  5.70883600e-03  4.83782026e-18 ... -7.66867852e-03
  3.60015600e-03  1.57144732e-03]

Residual before update:
[-5.15109279e-03  5.70881929e-03 -4.77610877e-17 ... -7.66870967e-03
  3.60014639e-03  1.57144208e-03]

Residual before update:
[-5.15108087e-03  5.70882579e-03 -1.73232020e-17 ... -7.66869702e-03
  3.60014043e-03  1.57143132e-03]

Residual before update:
[-5.15107617e-03  5.70882469e-03  2.05975695e-18 ... -7.66869269e-03
  3.60014216e-03  1.57143192e-03]

Residual before update:
[-5.15107906e-03  5.70882154e-03 -6.75302840e-18 ... -7.66869812e-03
  3.60012941e-03  1.57142296e-03]

Residual before update:
[-5.15188043e-03  5.55761030e-03 -2.01012833e-14 ... -7.67633129e-03
  3.60925002e-03  1.57887596e-03]

Residual before update:
[-5.15107812e-03  5.70881953e-03 -4.44342315e-18 ... -7.66869503e-03
  3.60011657e-03  1.57141058e-03]

Residual before update:
[-5.15037835e-03  5.70930649e-03  4.36591830e-16 ... -7.66580164e-03
  3.60245527e-03  1.57588208e-03]

Residual before update:
[-5.15107933e-03  5.70881768e-03 -3.75290788e-18 ... -7.66869059e-03
  3.60011053e-03  1.57139943e-03]

Residual before update:
[-5.15111048e-03  5.70880392e-03 -9.27002674e-17 ... -7.66870917e-03
  3.60008086e-03  1.57139236e-03]

Residual before update:
[-5.15107175e-03  5.70882470e-03  4.61094864e-18 ... -7.66867295e-03
  3.60008852e-03  1.57138637e-03]

Residual before update:
[-5.15109281e-03  5.70880853e-03 -4.82362948e-17 ... -7.66870448e-03
  3.60008247e-03  1.57138437e-03]

Residual before update:
[-5.15108085e-03  5.70881490e-03 -1.76922331e-17 ... -7.66869182e-03
  3.60007565e-03  1.57137279e-03]

Residual before update:
[-5.15107612e-03  5.70881391e-03  1.79676482e-18 ... -7.66868755e-03
  3.60007809e-03  1.57137402e-03]

Residual before update:
[-5.15107903e-03  5.70881085e-03 -7.05375319e-18 ... -7.66869304e-03
  3.60006590e-03  1.57136559e-03]

Residual before update:
[-5.15224411e-03  5.55747394e-03 -2.12246627e-14 ... -7.67616974e-03
  3.60929924e-03  1.57893923e-03]

Residual before update:
[-5.15107807e-03  5.70880893e-03 -4.69429504e-18 ... -7.66868990e-03
  3.60005346e-03  1.57135357e-03]

Residual before update:
[-5.15036413e-03  5.70930664e-03  4.53975702e-16 ... -7.66574631e-03
  3.60243495e-03  1.57590105e-03]
Compute pips
###############################
TGFM
###############################
Initialize variables
Warning: 347 variants have NaN gwas_beta. Setting to 0 with large SE.
Iterative optimization

Residual before update:
[ 0.00155559  0.00019287 -0.00668517 ...  0.00575207 -0.00248552
  0.00233581]

Residual before update:
[ 0.00155414  0.00019243 -0.00668572 ...  0.0057444  -0.00249416
  0.00232729]

Residual before update:
[ 0.0015565   0.000194   -0.00668546 ...  0.00575856 -0.00247911
  0.00234369]

Residual before update:
[ 0.0015532   0.00018831 -0.00668733 ...  0.00572341 -0.00250696
  0.00230477]

Residual before update:
[ 0.00155645  0.00019438 -0.00668527 ...  0.00575799 -0.00247939
  0.00234306]

Residual before update:
[ 0.00155379  0.000193   -0.00668538 ...  0.00574179 -0.00249635
  0.00232433]

Residual before update:
[ 0.00155641  0.00019474 -0.00668509 ...  0.00575754 -0.0024796
  0.00234257]

Residual before update:
[ 0.00155376  0.00019338 -0.0066852  ...  0.00574145 -0.0024965
  0.00232396]

Residual before update:
[ 0.00155638  0.0001951  -0.00668492 ...  0.00575719 -0.00247978
  0.00234218]

Residual before update:
[ 0.00155373  0.00019371 -0.00668503 ...  0.00574117 -0.00249664
  0.00232366]

Residual before update:
[ 0.00155781  0.00019589 -0.00668419 ...  0.00576457 -0.00247129
  0.0023504 ]

Residual before update:
[ 0.00155175  0.00019235 -0.00668463 ...  0.00572805 -0.00250989
  0.00230813]

Residual before update:
[ 0.00155937  0.00019691 -0.00668398 ...  0.00577407 -0.00246127
  0.00236138]

Residual before update:
[ 0.00155154  0.00019239 -0.00668451 ...  0.00572681 -0.00251123
  0.0023067 ]

Residual before update:
[ 0.00155938  0.00019711 -0.00668383 ...  0.00577414 -0.00246116
  0.00236146]

Residual before update:
[ 0.00155156  0.0001926  -0.00668437 ...  0.00572694 -0.00251109
  0.00230684]

Residual before update:
[ 0.00155938  0.00019732 -0.00668368 ...  0.00577412 -0.00246112
  0.00236144]

Residual before update:
[ 0.00155156  0.00019282 -0.00668422 ...  0.00572701 -0.002511
  0.00230692]

Residual before update:
[ 0.00155938  0.00019753 -0.00668353 ...  0.00577409 -0.00246109
  0.00236141]

Residual before update:
[ 0.00155157  0.00019305 -0.00668407 ...  0.00572706 -0.00251092
  0.00230698]

Residual before update:
[ 0.00156042  0.00019833 -0.00668332 ...  0.00578047 -0.00245434
  0.00236879]

Residual before update:
[ 0.00154923  0.00019184 -0.00668417 ...  0.0057132  -0.00252584
  0.00229091]

Residual before update:
[ 0.00156195  0.00019934 -0.0066831  ...  0.0057899  -0.00244455
  0.0023797 ]

Residual before update:
[ 0.00154897  0.00019193 -0.00668405 ...  0.00571213 -0.00252746
  0.00228965]

Residual before update:
[ 0.00156195  0.00019956 -0.00668295 ...  0.00579033 -0.00244454
  0.00238016]

Residual before update:
[ 0.00154897  0.00019216 -0.0066839  ...  0.00571261 -0.00252743
  0.00229017]

Residual before update:
[ 0.00156194  0.00019977 -0.0066828  ...  0.00579069 -0.00244458
  0.00238056]

Residual before update:
[ 0.00154897  0.00019239 -0.00668375 ...  0.00571305 -0.00252743
  0.00229065]

Residual before update:
[ 0.00156192  0.00019997 -0.00668264 ...  0.00579105 -0.00244463
  0.00238094]

Residual before update:
[ 0.00154896  0.00019261 -0.0066836  ...  0.00571346 -0.00252744
  0.00229111]

Residual before update:
[ 0.00156298  0.00020073 -0.00668243 ...  0.00579776 -0.00243784
  0.00238869]

Residual before update:
[ 0.00154658  0.00019145 -0.0066837  ...  0.00569974 -0.00254261
  0.00227518]

Residual before update:
[ 0.00156451  0.00020164 -0.0066822  ...  0.00580733 -0.002428
  0.00239975]

Residual before update:
[ 0.00154629  0.00019149 -0.00668357 ...  0.00569876 -0.00254437
  0.00227401]

Residual before update:
[ 0.00156449  0.00020181 -0.00668204 ...  0.00580789 -0.00242808
  0.00240036]

Residual before update:
[ 0.00154627  0.00019167 -0.00668341 ...  0.00569934 -0.00254443
  0.00227464]

Residual before update:
[ 0.00156446  0.00020197 -0.00668188 ...  0.00580839 -0.00242821
  0.00240089]

Residual before update:
[ 0.00154625  0.00019185 -0.00668325 ...  0.00569988 -0.00254452
  0.00227523]

Residual before update:
[ 0.00156442  0.00020213 -0.00668172 ...  0.00580886 -0.00242833
  0.00240141]

Residual before update:
[ 0.00154622  0.00019202 -0.00668309 ...  0.00570039 -0.00254461
  0.00227578]

Residual before update:
[ 0.00156548  0.00020281 -0.0066815  ...  0.00581561 -0.00242155
  0.0024092 ]

Residual before update:
[ 0.00154382  0.00019089 -0.00668319 ...  0.00568658 -0.0025599
  0.00225976]

Residual before update:
[ 0.00156701  0.00020365 -0.00668126 ...  0.00582512 -0.00241168
  0.00242019]

Residual before update:
[ 0.00154352  0.00019084 -0.00668305 ...  0.00568539 -0.0025617
  0.00225835]

Residual before update:
[ 0.00156698  0.00020375 -0.0066811  ...  0.00582551 -0.00241178
  0.00242062]

Residual before update:
[ 0.00154349  0.00019094 -0.00668289 ...  0.00568579 -0.00256179
  0.00225879]

Residual before update:
[ 0.00156694  0.00020385 -0.00668093 ...  0.00582585 -0.00241193
  0.00242099]

Residual before update:
[ 0.00154346  0.00019105 -0.00668272 ...  0.00568616 -0.00256191
  0.00225919]

Residual before update:
[ 0.00156691  0.00020396 -0.00668077 ...  0.00582619 -0.00241208
  0.00242136]

Residual before update:
[ 0.00154343  0.00019117 -0.00668256 ...  0.00568652 -0.00256203
  0.00225958]
Compute pips
###############################
TGFM
###############################
Initialize variables
Warning: 342 variants have NaN gwas_beta. Setting to 0 with large SE.
Iterative optimization

Residual before update:
[ 0.00194784 -0.00901175 -0.00743848 ...  0.          0.00061492
  0.00075905]

Residual before update:
[ 1.94566399e-03 -9.01316817e-03 -7.43911253e-03 ... -1.03450390e-14
  6.14137800e-04  7.58118628e-04]

Residual before update:
[ 1.94576728e-03 -9.01223785e-03 -7.43872501e-03 ... -2.09031170e-15
  6.16140275e-04  7.64926551e-04]

Residual before update:
[ 1.94550075e-03 -9.01350010e-03 -7.43925291e-03 ... -1.14414017e-14
  6.13574735e-04  7.57486291e-04]

Residual before update:
[ 1.94559653e-03 -9.01247317e-03 -7.43882573e-03 ... -2.31086174e-15
  6.15811204e-04  7.65082655e-04]

Residual before update:
[ 1.94532462e-03 -9.01369313e-03 -7.43934418e-03 ... -1.15466529e-14
  6.13357584e-04  7.57597457e-04]

Residual before update:
[ 1.94542026e-03 -9.01266807e-03 -7.43891785e-03 ... -2.43376895e-15
  6.15590248e-04  7.65181592e-04]

Residual before update:
[ 1.94511565e-03 -9.01380505e-03 -7.43941442e-03 ... -1.15257570e-14
  6.13275655e-04  7.57536742e-04]

Residual before update:
[ 1.94523264e-03 -9.01284013e-03 -7.43900682e-03 ... -2.52891071e-15
  6.15426835e-04  7.65251148e-04]

Residual before update:
[ 1.94494322e-03 -9.01401856e-03 -7.43951916e-03 ... -1.17022746e-14
  6.13068588e-04  7.57722512e-04]

Residual before update:
[ 1.94721477e-03 -9.01157358e-03 -7.43845870e-03 ...  7.73983260e-15
  6.16085021e-04  7.66227591e-04]

Residual before update:
[ 1.94671907e-03 -9.01410897e-03 -7.43954618e-03 ... -1.32904948e-14
  6.10864601e-04  7.48805558e-04]

Residual before update:
[ 1.94730748e-03 -9.01071534e-03 -7.43817846e-03 ...  1.33050080e-14
  6.17802126e-04  7.70004453e-04]

Residual before update:
[ 1.94645483e-03 -9.01424212e-03 -7.43963492e-03 ... -1.40320264e-14
  6.10892620e-04  7.47847843e-04]

Residual before update:
[ 1.94691809e-03 -9.01100024e-03 -7.43827793e-03 ...  1.31737326e-14
  6.17784130e-04  7.70177993e-04]

Residual before update:
[ 1.94622523e-03 -9.01430369e-03 -7.43968883e-03 ... -1.39763580e-14
  6.11019011e-04  7.47616536e-04]

Residual before update:
[ 1.94670004e-03 -9.01108780e-03 -7.43833639e-03 ...  1.31711444e-14
  6.17845963e-04  7.69975744e-04]

Residual before update:
[ 1.94596099e-03 -9.01436436e-03 -7.43973530e-03 ... -1.39410546e-14
  6.11075579e-04  7.47352916e-04]

Residual before update:
[ 1.94649144e-03 -9.01117825e-03 -7.43839517e-03 ...  1.31638916e-14
  6.17879453e-04  7.69806025e-04]

Residual before update:
[ 1.94580345e-03 -9.01445040e-03 -7.43980100e-03 ... -1.39286437e-14
  6.11136054e-04  7.47242845e-04]

Residual before update:
[ 1.94640549e-03 -9.01081886e-03 -7.43826066e-03 ...  1.68315989e-14
  6.18781105e-04  7.72709249e-04]

Residual before update:
[ 1.94548900e-03 -9.01543883e-03 -7.44023556e-03 ... -2.19965755e-14
  6.09129775e-04  7.40447001e-04]

Residual before update:
[ 1.94661793e-03 -9.00998389e-03 -7.43798910e-03 ...  2.22987128e-14
  6.20248798e-04  7.76661746e-04]

Residual before update:
[ 1.94522130e-03 -9.01559635e-03 -7.44033363e-03 ... -2.28814330e-14
  6.08902992e-04  7.39566964e-04]

Residual before update:
[ 1.94611567e-03 -9.01028573e-03 -7.43809054e-03 ...  2.21398547e-14
  6.20099711e-04  7.76954569e-04]

Residual before update:
[ 1.94495791e-03 -9.01566167e-03 -7.44039114e-03 ... -2.28780784e-14
  6.08896325e-04  7.39455743e-04]

Residual before update:
[ 1.94585012e-03 -9.01036807e-03 -7.43815117e-03 ...  2.21008424e-14
  6.20079467e-04  7.76867535e-04]

Residual before update:
[ 1.94467085e-03 -9.01573271e-03 -7.44044715e-03 ... -2.28828261e-14
  6.08878904e-04  7.39374690e-04]

Residual before update:
[ 1.94558067e-03 -9.01045940e-03 -7.43821280e-03 ...  2.20583642e-14
  6.20054636e-04  7.76807719e-04]

Residual before update:
[ 1.94441814e-03 -9.01582192e-03 -7.44051059e-03 ... -2.29146229e-14
  6.08865936e-04  7.39294000e-04]

Residual before update:
[ 1.94545211e-03 -9.01010103e-03 -7.43807828e-03 ...  2.57292649e-14
  6.20942324e-04  7.79895526e-04]

Residual before update:
[ 1.94402838e-03 -9.01684321e-03 -7.44095811e-03 ... -3.11639546e-14
  6.06788942e-04  7.32457314e-04]

Residual before update:
[ 1.94559326e-03 -9.00937586e-03 -7.43782773e-03 ...  3.11644969e-14
  6.22346264e-04  7.84347980e-04]

Residual before update:
[ 1.94370074e-03 -9.01706429e-03 -7.44107195e-03 ... -3.21396754e-14
  6.06489510e-04  7.31824491e-04]

Residual before update:
[ 1.94508053e-03 -9.00965840e-03 -7.43792737e-03 ...  3.09917208e-14
  6.22165155e-04  7.84778568e-04]

Residual before update:
[ 1.94338728e-03 -9.01718388e-03 -7.44114298e-03 ... -3.22009391e-14
  6.06416226e-04  7.31964698e-04]

Residual before update:
[ 1.94476963e-03 -9.00978545e-03 -7.43800021e-03 ...  3.08982715e-14
  6.22082502e-04  7.84912736e-04]

Residual before update:
[ 1.94308371e-03 -9.01729727e-03 -7.44121162e-03 ... -3.22468025e-14
  6.06347017e-04  7.32096426e-04]

Residual before update:
[ 1.94446057e-03 -9.00991571e-03 -7.43807307e-03 ...  3.08072174e-14
  6.21999474e-04  7.85041513e-04]

Residual before update:
[ 1.94276739e-03 -9.01743458e-03 -7.44128628e-03 ... -3.23479353e-14
  6.06262058e-04  7.32198148e-04]

Residual before update:
[ 1.94431993e-03 -9.00957981e-03 -7.43794392e-03 ...  3.44696047e-14
  6.22865097e-04  7.88326654e-04]

Residual before update:
[ 1.94235000e-03 -9.01849970e-03 -7.44174575e-03 ... -4.06707027e-14
  6.04140288e-04  7.25287765e-04]

Residual before update:
[ 1.94434608e-03 -9.00897106e-03 -7.43771376e-03 ...  3.98386787e-14
  6.24197165e-04  7.93095274e-04]

Residual before update:
[ 1.94203570e-03 -9.01875207e-03 -7.44186623e-03 ... -4.16765599e-14
  6.03823112e-04  7.24817069e-04]

Residual before update:
[ 1.94396536e-03 -9.00918542e-03 -7.43780192e-03 ...  3.97273995e-14
  6.24066890e-04  7.93536147e-04]

Residual before update:
[ 1.94173405e-03 -9.01890197e-03 -7.44194380e-03 ... -4.17593368e-14
  6.03733311e-04  7.25121081e-04]

Residual before update:
[ 1.94366251e-03 -9.00934010e-03 -7.43788123e-03 ...  3.96148152e-14
  6.23968570e-04  7.93793578e-04]

Residual before update:
[ 1.94144177e-03 -9.01904554e-03 -7.44201932e-03 ... -4.18237396e-14
  6.03649696e-04  7.25391580e-04]

Residual before update:
[ 1.94335960e-03 -9.00949518e-03 -7.43796049e-03 ...  3.95054822e-14
  6.23870504e-04  7.94025905e-04]

Residual before update:
[ 1.94113153e-03 -9.01920633e-03 -7.44210019e-03 ... -4.19471214e-14
  6.03547287e-04  7.25606728e-04]
Compute pips
###############################
TGFM
###############################
Initialize variables
Warning: 334 variants have NaN gwas_beta. Setting to 0 with large SE.
Iterative optimization

Residual before update:
[ 3.55119594e-03 -2.32914830e-03  7.45920502e-03 ...  1.08461446e-04
  8.08758762e-05  1.84503647e-03]

Residual before update:
[ 3.55116925e-03 -2.32913107e-03  7.45918586e-03 ...  1.08419809e-04
  8.08342290e-05  1.84501912e-03]

Residual before update:
[ 3.55114262e-03 -2.32911388e-03  7.45916686e-03 ...  1.08374257e-04
  8.07886671e-05  1.84500031e-03]

Residual before update:
[ 3.55111590e-03 -2.32909676e-03  7.45914763e-03 ...  1.08336464e-04
  8.07508635e-05  1.84498443e-03]

Residual before update:
[ 3.55108903e-03 -2.32907961e-03  7.45912756e-03 ...  1.08298237e-04
  8.07126561e-05  1.84496753e-03]

Residual before update:
[ 3.54135318e-03 -2.34002498e-03  7.44447711e-03 ...  1.37373227e-05
 -1.34483843e-05  1.80238814e-03]

Residual before update:
[ 3.55103576e-03 -2.32904551e-03  7.45909007e-03 ...  1.08214547e-04
  8.06289143e-05  1.84493542e-03]

Residual before update:
[ 3.55100896e-03 -2.32902841e-03  7.45907039e-03 ...  1.08211963e-04
  8.06263374e-05  1.84492803e-03]

Residual before update:
[ 3.55098232e-03 -2.32901137e-03  7.45905171e-03 ...  1.08130568e-04
  8.05449140e-05  1.84489671e-03]

Residual before update:
[ 3.55095525e-03 -2.32899493e-03  7.45903018e-03 ...  1.08063537e-04
  8.04779303e-05  1.84486593e-03]

Residual before update:
[ 3.55095549e-03 -2.32899467e-03  7.45903218e-03 ...  1.08087386e-04
  8.05017254e-05  1.84487944e-03]

Residual before update:
[ 3.55095526e-03 -2.32899460e-03  7.45903158e-03 ...  1.08086568e-04
  8.05009107e-05  1.84487877e-03]

Residual before update:
[ 3.55095541e-03 -2.32899485e-03  7.45903219e-03 ...  1.08068839e-04
  8.04831839e-05  1.84487209e-03]

Residual before update:
[ 3.55095520e-03 -2.32899511e-03  7.45903170e-03 ...  1.08086163e-04
  8.05005042e-05  1.84487860e-03]

Residual before update:
[ 3.55095471e-03 -2.32899513e-03  7.45902954e-03 ...  1.08093840e-04
  8.05082484e-05  1.84487957e-03]

Residual before update:
[ 0.00355294 -0.00228658  0.00744789 ...  0.00040659  0.00038089
  0.00187542]

Residual before update:
[ 3.55095490e-03 -2.32899538e-03  7.45903135e-03 ...  1.08090498e-04
  8.05048361e-05  1.84488310e-03]

Residual before update:
[ 3.55095472e-03 -2.32899531e-03  7.45903069e-03 ...  1.08139905e-04
  8.05542656e-05  1.84489526e-03]

Residual before update:
[ 3.55095477e-03 -2.32899529e-03  7.45903133e-03 ...  1.08088450e-04
  8.05027874e-05  1.84487757e-03]

Residual before update:
[ 3.55095439e-03 -2.32899579e-03  7.45902903e-03 ...  1.08062824e-04
  8.04772184e-05  1.84486443e-03]

Residual before update:
[ 3.55095470e-03 -2.32899531e-03  7.45903117e-03 ...  1.08086558e-04
  8.05008991e-05  1.84487813e-03]

Residual before update:
[ 3.55095454e-03 -2.32899501e-03  7.45903072e-03 ...  1.08085752e-04
  8.05000953e-05  1.84487768e-03]

Residual before update:
[ 3.55095474e-03 -2.32899508e-03  7.45903146e-03 ...  1.08067990e-04
  8.04823351e-05  1.84487118e-03]

Residual before update:
[ 3.55095458e-03 -2.32899518e-03  7.45903108e-03 ...  1.08085359e-04
  8.04996998e-05  1.84487788e-03]

Residual before update:
[ 3.55095411e-03 -2.32899506e-03  7.45902900e-03 ...  1.08093049e-04
  8.05074577e-05  1.84487899e-03]

Residual before update:
[ 0.00355225 -0.00229929  0.00744744 ...  0.00013074  0.00010438
  0.00185527]

Residual before update:
[ 3.55095437e-03 -2.32899513e-03  7.45903093e-03 ...  1.08089711e-04
  8.05040490e-05  1.84488271e-03]

Residual before update:
[ 3.55095419e-03 -2.32899501e-03  7.45903031e-03 ...  1.08139216e-04
  8.05535768e-05  1.84489495e-03]

Residual before update:
[ 3.55095426e-03 -2.32899496e-03  7.45903096e-03 ...  1.08087659e-04
  8.05019955e-05  1.84487724e-03]

Residual before update:
[ 3.55095387e-03 -2.32899546e-03  7.45902865e-03 ...  1.08061959e-04
  8.04763530e-05  1.84486406e-03]

Residual before update:
[ 3.55095419e-03 -2.32899498e-03  7.45903080e-03 ...  1.08085761e-04
  8.05001016e-05  1.84487779e-03]

Residual before update:
[ 3.55095402e-03 -2.32899469e-03  7.45903035e-03 ...  1.08084946e-04
  8.04992893e-05  1.84487734e-03]

Residual before update:
[ 3.55095423e-03 -2.32899476e-03  7.45903108e-03 ...  1.08067148e-04
  8.04814932e-05  1.84487083e-03]

Residual before update:
[ 3.55095406e-03 -2.32899485e-03  7.45903070e-03 ...  1.08084556e-04
  8.04988965e-05  1.84487754e-03]

Residual before update:
[ 3.55095359e-03 -2.32899473e-03  7.45902862e-03 ...  1.08092249e-04
  8.05066574e-05  1.84487864e-03]

Residual before update:
[ 0.00356786 -0.00229023  0.00747143 ...  0.00024606  0.00021889
  0.0018517 ]

Residual before update:
[ 3.55095385e-03 -2.32899481e-03  7.45903056e-03 ...  1.08088915e-04
  8.05032533e-05  1.84488238e-03]

Residual before update:
[ 3.55095367e-03 -2.32899468e-03  7.45902993e-03 ...  1.08138521e-04
  8.05528814e-05  1.84489464e-03]

Residual before update:
[ 3.55095374e-03 -2.32899464e-03  7.45903059e-03 ...  1.08086858e-04
  8.05011945e-05  1.84487690e-03]

Residual before update:
[ 3.55095334e-03 -2.32899513e-03  7.45902826e-03 ...  1.08061086e-04
  8.04754803e-05  1.84486368e-03]

Residual before update:
[ 3.55095367e-03 -2.32899466e-03  7.45903043e-03 ...  1.08084957e-04
  8.04992980e-05  1.84487745e-03]

Residual before update:
[ 3.55095350e-03 -2.32899436e-03  7.45902997e-03 ...  1.08084135e-04
  8.04984781e-05  1.84487699e-03]

Residual before update:
[ 3.55095371e-03 -2.32899443e-03  7.45903071e-03 ...  1.08066301e-04
  8.04806467e-05  1.84487047e-03]

Residual before update:
[ 3.55095354e-03 -2.32899453e-03  7.45903033e-03 ...  1.08083749e-04
  8.04980894e-05  1.84487719e-03]

Residual before update:
[ 3.55095306e-03 -2.32899440e-03  7.45902823e-03 ...  1.08091445e-04
  8.05058534e-05  1.84487829e-03]

Residual before update:
[ 3.53483742e-03 -2.37795031e-03  7.46778317e-03 ...  1.24208740e-04
  9.44609904e-05  1.80589417e-03]

Residual before update:
[ 3.55095333e-03 -2.32899449e-03  7.45903018e-03 ...  1.08088117e-04
  8.05024542e-05  1.84488204e-03]

Residual before update:
[ 3.55095315e-03 -2.32899436e-03  7.45902954e-03 ...  1.08137823e-04
  8.05521831e-05  1.84489433e-03]

Residual before update:
[ 3.55095322e-03 -2.32899431e-03  7.45903021e-03 ...  1.08086054e-04
  8.05003902e-05  1.84487655e-03]

Residual before update:
[ 3.55095280e-03 -2.32899480e-03  7.45902787e-03 ...  1.08060210e-04
  8.04746037e-05  1.84486330e-03]
Compute pips
###############################
TGFM
###############################
Initialize variables
Warning: 349 variants have NaN gwas_beta. Setting to 0 with large SE.
Iterative optimization

Residual before update:
[ 0.0025389   0.         -0.00446576 ...  0.00101757 -0.00516671
  0.00258177]

Residual before update:
[ 2.54002398e-03 -1.98595880e-15 -4.45539120e-03 ...  1.01754787e-03
 -5.16564996e-03  2.58175994e-03]

Residual before update:
[ 2.54765004e-03 -2.37010136e-15 -4.37642244e-03 ...  1.01793093e-03
 -5.15879963e-03  2.58189091e-03]

Residual before update:
[ 2.54011946e-03 -5.33179139e-15 -4.45648701e-03 ...  1.01752907e-03
 -5.16537776e-03  2.58181446e-03]

Residual before update:
[ 2.54116904e-03 -6.46998050e-15 -4.44690003e-03 ...  1.01751253e-03
 -5.16440506e-03  2.58181114e-03]

Residual before update:
[ 2.54077660e-03 -7.86346600e-15 -4.45108873e-03 ...  1.01748954e-03
 -5.16462266e-03  2.58182028e-03]

Residual before update:
[ 2.54104726e-03 -8.96578868e-15 -4.44873520e-03 ...  1.01746150e-03
 -5.16427562e-03  2.58181281e-03]

Residual before update:
[ 2.54131526e-03 -9.96470569e-15 -4.44647067e-03 ...  1.01742433e-03
 -5.16394329e-03  2.58179440e-03]

Residual before update:
[ 2.55196305e-03 -1.38626766e-14 -4.33711015e-03 ...  1.01785573e-03
 -5.15454179e-03  2.58183809e-03]

Residual before update:
[ 2.54393682e-03 -1.10216132e-14 -4.41945727e-03 ...  1.01745690e-03
 -5.16137240e-03  2.58176627e-03]

Residual before update:
[ 2.54290470e-03 -1.04835153e-14 -4.42885793e-03 ...  1.01739312e-03
 -5.16231425e-03  2.58171966e-03]

Residual before update:
[ 2.54274523e-03 -1.00984375e-14 -4.43016716e-03 ...  1.01721093e-03
 -5.16241702e-03  2.58154294e-03]

Residual before update:
[ 2.54639695e-03 -9.18077776e-15 -4.39395017e-03 ...  1.01747976e-03
 -5.15930667e-03  2.58168364e-03]

Residual before update:
[ 2.54116811e-03 -9.13350753e-15 -4.44592869e-03 ...  1.01722112e-03
 -5.16378010e-03  2.58155192e-03]

Residual before update:
[ 2.54174854e-03 -8.93242566e-15 -4.44048166e-03 ...  1.01717259e-03
 -5.16330617e-03  2.58149658e-03]

Residual before update:
[ 2.54112472e-03 -9.06884680e-15 -4.44632875e-03 ...  1.01718796e-03
 -5.16383079e-03  2.58149773e-03]

Residual before update:
[ 2.54109929e-03 -9.15956250e-15 -4.44652951e-03 ...  1.01717787e-03
 -5.16383226e-03  2.58148462e-03]

Residual before update:
[ 2.54112167e-03 -9.28332681e-15 -4.44651974e-03 ...  1.01716820e-03
 -5.16381816e-03  2.58147531e-03]

Residual before update:
[ 2.54969682e-03 -1.11058088e-14 -4.35787050e-03 ...  1.01755365e-03
 -5.15630977e-03  2.58153371e-03]

Residual before update:
[ 2.54275011e-03 -9.01312678e-15 -4.42943608e-03 ...  1.01725887e-03
 -5.16232729e-03  2.58150740e-03]

Residual before update:
[ 2.54252206e-03 -9.48889680e-15 -4.43171312e-03 ...  1.01726353e-03
 -5.16259258e-03  2.58152701e-03]

Residual before update:
[ 2.54285234e-03 -9.70909369e-15 -4.42857497e-03 ...  1.01713850e-03
 -5.16229193e-03  2.58141960e-03]

Residual before update:
[ 2.54642747e-03 -9.57435760e-15 -4.39324674e-03 ...  1.01741034e-03
 -5.15917965e-03  2.58157831e-03]

Residual before update:
[ 2.54123207e-03 -9.42069905e-15 -4.44544457e-03 ...  1.01721237e-03
 -5.16370479e-03  2.58153963e-03]

Residual before update:
[ 2.54197633e-03 -9.24800857e-15 -4.43846378e-03 ...  1.01718712e-03
 -5.16309746e-03  2.58151481e-03]

Residual before update:
[ 2.54125580e-03 -9.40874173e-15 -4.44526727e-03 ...  1.01721087e-03
 -5.16370336e-03  2.58153516e-03]

Residual before update:
[ 2.54122683e-03 -9.45092451e-15 -4.44546453e-03 ...  1.01720418e-03
 -5.16370772e-03  2.58152820e-03]

Residual before update:
[ 2.54122956e-03 -9.49677572e-15 -4.44558137e-03 ...  1.01719135e-03
 -5.16370963e-03  2.58151503e-03]

Residual before update:
[ 2.54860563e-03 -1.10379567e-14 -4.36911449e-03 ...  1.01752253e-03
 -5.15722582e-03  2.58156866e-03]

Residual before update:
[ 2.54266211e-03 -9.10861520e-15 -4.43029955e-03 ...  1.01725599e-03
 -5.16237930e-03  2.58151775e-03]

Residual before update:
[ 2.54243225e-03 -9.56245571e-15 -4.43258689e-03 ...  1.01724918e-03
 -5.16264539e-03  2.58151851e-03]

Residual before update:
[ 2.54275617e-03 -9.81633564e-15 -4.42951944e-03 ...  1.01711906e-03
 -5.16234983e-03  2.58140057e-03]

Residual before update:
[ 2.54716160e-03 -9.50983050e-15 -4.38563590e-03 ...  1.01741679e-03
 -5.15852386e-03  2.58154965e-03]

Residual before update:
[ 2.54123293e-03 -9.59025972e-15 -4.44545680e-03 ...  1.01718829e-03
 -5.16368380e-03  2.58150917e-03]

Residual before update:
[ 2.54199202e-03 -9.40740745e-15 -4.43832535e-03 ...  1.01716471e-03
 -5.16306282e-03  2.58148726e-03]

Residual before update:
[ 2.54127456e-03 -9.55292907e-15 -4.44509397e-03 ...  1.01719354e-03
 -5.16366731e-03  2.58151441e-03]

Residual before update:
[ 2.54125345e-03 -9.56754325e-15 -4.44519577e-03 ...  1.01719129e-03
 -5.16366442e-03  2.58151402e-03]

Residual before update:
[ 2.54126262e-03 -9.58362274e-15 -4.44523272e-03 ...  1.01718237e-03
 -5.16366068e-03  2.58150675e-03]

Residual before update:
[ 2.54801844e-03 -1.12340177e-14 -4.37520247e-03 ...  1.01748179e-03
 -5.15769902e-03  2.58155486e-03]

Residual before update:
[ 2.54272496e-03 -9.16378158e-15 -4.42961248e-03 ...  1.01725089e-03
 -5.16230093e-03  2.58151418e-03]

Residual before update:
[ 2.54247595e-03 -9.61417865e-15 -4.43208860e-03 ...  1.01724410e-03
 -5.16258466e-03  2.58151602e-03]

Residual before update:
[ 2.54277983e-03 -9.90882927e-15 -4.42925060e-03 ...  1.01710995e-03
 -5.16230566e-03  2.58139387e-03]

Residual before update:
[ 2.54756901e-03 -9.42511397e-15 -4.38141361e-03 ...  1.01742664e-03
 -5.15815170e-03  2.58155049e-03]

Residual before update:
[ 2.54125872e-03 -9.72716894e-15 -4.44521112e-03 ...  1.01717593e-03
 -5.16364092e-03  2.58149620e-03]

Residual before update:
[ 2.54201709e-03 -9.56818379e-15 -4.43810349e-03 ...  1.01714950e-03
 -5.16301970e-03  2.58147132e-03]

Residual before update:
[ 2.54129924e-03 -9.71216314e-15 -4.44487543e-03 ...  1.01717920e-03
 -5.16362581e-03  2.58149849e-03]

Residual before update:
[ 2.54127815e-03 -9.71871598e-15 -4.44496871e-03 ...  1.01717727e-03
 -5.16362239e-03  2.58149860e-03]

Residual before update:
[ 2.54128854e-03 -9.71760767e-15 -4.44498312e-03 ...  1.01716922e-03
 -5.16361746e-03  2.58149271e-03]

Residual before update:
[ 2.54777728e-03 -1.15573025e-14 -4.37778940e-03 ...  1.01744608e-03
 -5.15787449e-03  2.58152669e-03]

Residual before update:
[ 2.54277435e-03 -9.26052070e-15 -4.42908163e-03 ...  1.01723998e-03
 -5.16223342e-03  2.58150265e-03]
Compute pips
###############################
TGFM
###############################
Initialize variables
Warning: 299 variants have NaN gwas_beta. Setting to 0 with large SE.
Iterative optimization

Residual before update:
[ 0.00430335  0.00460554 -0.00486537 ... -0.00113547 -0.00112883
 -0.00389408]

Residual before update:
[ 0.00429087  0.00460225 -0.0048726  ... -0.00125315 -0.00113007
 -0.00393132]

Residual before update:
[ 0.00429631  0.00460259 -0.00487386 ... -0.00113537 -0.00112906
 -0.00389395]

Residual before update:
[ 0.00429384  0.00460143 -0.00487764 ... -0.00113528 -0.00112914
 -0.00389388]

Residual before update:
[ 0.00429174  0.00460037 -0.00488119 ... -0.00113521 -0.00112922
 -0.00389382]

Residual before update:
[ 0.00428989  0.00459941 -0.00488458 ... -0.00113513 -0.0011293
 -0.00389377]

Residual before update:
[ 0.00428823  0.0045985  -0.00488783 ... -0.00113507 -0.00112934
 -0.00389371]

Residual before update:
[ 0.00428673  0.00459772 -0.00489095 ... -0.00113497 -0.0011294
 -0.00389365]

Residual before update:
[ 0.00428535  0.00459698 -0.00489396 ... -0.00113488 -0.00112943
 -0.00389359]

Residual before update:
[ 0.00428406  0.00459628 -0.00489687 ... -0.00113479 -0.00112947
 -0.00389354]

Residual before update:
[ 0.00428684  0.00459722 -0.00489525 ... -0.00113476 -0.0011294
 -0.00389356]

Residual before update:
[ 0.00428147  0.00458962 -0.00487272 ... -0.00118417 -0.00110228
 -0.00387311]

Residual before update:
[ 0.00428855  0.00459797 -0.00489361 ... -0.0011348  -0.00112933
 -0.00389358]

Residual before update:
[ 0.00428872  0.00459824 -0.00489317 ... -0.00113471 -0.00112929
 -0.00389357]

Residual before update:
[ 0.00428866  0.0045983  -0.00489292 ... -0.00113472 -0.00112933
 -0.00389358]

Residual before update:
[ 0.00428852  0.00459829 -0.0048928  ... -0.00113472 -0.00112934
 -0.00389359]

Residual before update:
[ 0.00428833  0.00459819 -0.00489278 ... -0.00113474 -0.00112932
 -0.00389358]

Residual before update:
[ 0.00428814  0.00459812 -0.00489285 ... -0.00113472 -0.00112933
 -0.00389358]

Residual before update:
[ 0.00428791  0.00459798 -0.00489301 ... -0.00113472 -0.00112932
 -0.00389356]

Residual before update:
[ 0.00428767  0.00459782 -0.00489324 ... -0.00113472 -0.00112933
 -0.00389356]

Residual before update:
[ 0.00428806  0.00459784 -0.00489321 ... -0.00113472 -0.00112934
 -0.00389356]

Residual before update:
[ 0.00428907  0.00458888 -0.00486662 ... -0.00104201 -0.00109398
 -0.00382262]

Residual before update:
[ 0.00428866  0.00459782 -0.00489328 ... -0.00113479 -0.00112933
 -0.00389356]

Residual before update:
[ 0.00428878  0.00459794 -0.00489332 ... -0.00113471 -0.0011293
 -0.00389355]

Residual before update:
[ 0.0042887   0.00459795 -0.00489338 ... -0.00113472 -0.00112934
 -0.00389356]

Residual before update:
[ 0.00428852  0.00459794 -0.00489346 ... -0.00113472 -0.00112935
 -0.00389357]

Residual before update:
[ 0.00428829  0.00459788 -0.00489355 ... -0.00113474 -0.00112933
 -0.00389356]

Residual before update:
[ 0.00428807  0.00459789 -0.00489363 ... -0.00113471 -0.00112934
 -0.00389356]

Residual before update:
[ 0.00428785  0.00459785 -0.00489371 ... -0.0011347  -0.00112932
 -0.00389355]

Residual before update:
[ 0.00428764  0.0045978  -0.0048938  ... -0.0011347  -0.00112933
 -0.00389355]

Residual before update:
[ 0.00428768  0.00459781 -0.00489375 ... -0.00113471 -0.00112935
 -0.00389356]

Residual before update:
[ 0.00428894  0.00458849 -0.00486645 ... -0.00103468 -0.0010934
 -0.0038191 ]

Residual before update:
[ 0.00428797  0.00459772 -0.00489381 ... -0.00113477 -0.00112934
 -0.00389356]

Residual before update:
[ 0.00428819  0.00459784 -0.0048938  ... -0.00113469 -0.00112931
 -0.00389354]

Residual before update:
[ 0.0042883   0.00459784 -0.00489383 ... -0.0011347  -0.00112935
 -0.00389355]

Residual before update:
[ 0.00428832  0.00459784 -0.00489388 ... -0.0011347  -0.00112936
 -0.00389356]

Residual before update:
[ 0.00428826  0.00459778 -0.00489396 ... -0.00113472 -0.00112934
 -0.00389355]

Residual before update:
[ 0.00428817  0.0045978  -0.00489402 ... -0.00113469 -0.00112934
 -0.00389355]

Residual before update:
[ 0.00428802  0.00459777 -0.00489411 ... -0.00113469 -0.00112932
 -0.00389354]

Residual before update:
[ 0.00428785  0.00459774 -0.00489419 ... -0.00113468 -0.00112933
 -0.00389354]

Residual before update:
[ 0.00428777  0.00459773 -0.00489418 ... -0.00113469 -0.00112935
 -0.00389355]

Residual before update:
[ 0.0042888   0.00458811 -0.00486638 ... -0.00103151 -0.00109261
 -0.00381711]

Residual before update:
[ 0.00428768  0.0045976  -0.00489433 ... -0.00113476 -0.00112935
 -0.00389355]

Residual before update:
[ 0.0042878   0.00459771 -0.00489434 ... -0.00113468 -0.00112932
 -0.00389353]

Residual before update:
[ 0.00428787  0.00459771 -0.00489437 ... -0.00113468 -0.00112936
 -0.00389354]

Residual before update:
[ 0.00428793  0.00459771 -0.00489441 ... -0.00113468 -0.00112937
 -0.00389355]

Residual before update:
[ 0.00428795  0.00459766 -0.00489447 ... -0.0011347  -0.00112935
 -0.00389354]

Residual before update:
[ 0.00428796  0.00459769 -0.00489451 ... -0.00113467 -0.00112934
 -0.00389354]

Residual before update:
[ 0.00428792  0.00459768 -0.00489457 ... -0.00113467 -0.00112933
 -0.00389353]

Residual before update:
[ 0.00428783  0.00459766 -0.00489464 ... -0.00113466 -0.00112933
 -0.00389353]
Compute pips
###############################
TGFM
###############################
Initialize variables
Warning: 312 variants have NaN gwas_beta. Setting to 0 with large SE.
Iterative optimization

Residual before update:
[ 0.00143884  0.00404379  0.00602199 ...  0.003342   -0.00036342
  0.00346671]

Residual before update:
[ 0.00143881  0.00404368  0.00602151 ...  0.00334259 -0.00036325
  0.00346729]

Residual before update:
[ 0.00143877  0.00404356  0.00602103 ...  0.00334314 -0.00036309
  0.00346784]

Residual before update:
[ 0.00143872  0.00404343  0.00602054 ...  0.00334365 -0.00036293
  0.00346835]

Residual before update:
[ 0.00143868  0.0040433   0.00602006 ...  0.00334413 -0.00036276
  0.00346883]

Residual before update:
[ 0.00143862  0.00404317  0.00601957 ...  0.00334459 -0.00036262
  0.00346929]

Residual before update:
[ 0.00143857  0.00404303  0.00601909 ...  0.00334499 -0.00036245
  0.0034697 ]

Residual before update:
[ 0.00143851  0.00404289  0.0060186  ...  0.0033454  -0.0003623
  0.00347011]

Residual before update:
[ 0.00143845  0.00404275  0.00601812 ...  0.00334578 -0.00036213
  0.00347049]

Residual before update:
[ 0.00143839  0.00404261  0.00601764 ...  0.00334612 -0.00036198
  0.00347083]

Residual before update:
[ 0.00143835  0.00404258  0.00601764 ...  0.00334589 -0.000362
  0.00347059]

Residual before update:
[ 0.00143833  0.00404256  0.00601764 ...  0.0033457  -0.00036201
  0.0034704 ]

Residual before update:
[ 0.00143831  0.00404254  0.00601764 ...  0.00334555 -0.000362
  0.00347026]

Residual before update:
[ 0.0014383   0.00404253  0.00601764 ...  0.00334545 -0.00036201
  0.00347015]

Residual before update:
[ 0.00143829  0.00404252  0.00601764 ...  0.00334538 -0.00036201
  0.00347008]

Residual before update:
[ 0.00143828  0.00404251  0.00601763 ...  0.00334534 -0.00036203
  0.00347004]

Residual before update:
[ 0.00143828  0.00404251  0.00601764 ...  0.00334529 -0.00036202
  0.00346999]

Residual before update:
[ 0.00143828  0.00404251  0.00601764 ...  0.00334531 -0.00036203
  0.00347001]

Residual before update:
[ 0.00143828  0.00404251  0.00601764 ...  0.00334532 -0.00036201
  0.00347003]

Residual before update:
[ 0.00143829  0.00404252  0.00601764 ...  0.00334534 -0.00036201
  0.00347005]

Residual before update:
[ 0.00143829  0.00404252  0.00601763 ...  0.00334538 -0.00036202
  0.00347008]

Residual before update:
[ 0.00143829  0.00404252  0.00601763 ...  0.00334539 -0.00036202
  0.0034701 ]

Residual before update:
[ 0.00143829  0.00404252  0.00601763 ...  0.0033454  -0.00036201
  0.00347011]

Residual before update:
[ 0.00143829  0.00404252  0.00601763 ...  0.00334541 -0.00036202
  0.00347011]

Residual before update:
[ 0.00143829  0.00404252  0.00601763 ...  0.00334542 -0.00036201
  0.00347012]

Residual before update:
[ 0.00143829  0.00404251  0.00601762 ...  0.00334542 -0.00036202
  0.00347013]

Residual before update:
[ 0.00143829  0.00404251  0.00601762 ...  0.00334539 -0.00036201
  0.0034701 ]

Residual before update:
[ 0.00143829  0.00404251  0.00601762 ...  0.00334541 -0.00036202
  0.00347011]

Residual before update:
[ 0.00143829  0.00404251  0.00601762 ...  0.0033454  -0.000362
  0.00347011]

Residual before update:
[ 0.00143829  0.00404251  0.00601761 ...  0.00334538 -0.00036201
  0.00347009]

Residual before update:
[ 0.00143829  0.00404251  0.00601761 ...  0.00334539 -0.00036202
  0.0034701 ]

Residual before update:
[ 0.00143828  0.00404251  0.00601761 ...  0.0033454  -0.00036202
  0.0034701 ]

Residual before update:
[ 0.00143829  0.00404251  0.00601761 ...  0.0033454  -0.000362
  0.00347011]

Residual before update:
[ 0.00143828  0.00404251  0.00601761 ...  0.0033454  -0.00036201
  0.00347011]

Residual before update:
[ 0.00143828  0.00404251  0.00601761 ...  0.00334541 -0.000362
  0.00347012]

Residual before update:
[ 0.00143828  0.00404251  0.0060176  ...  0.00334542 -0.00036202
  0.00347013]

Residual before update:
[ 0.00143828  0.00404251  0.0060176  ...  0.0033454  -0.000362
  0.0034701 ]

Residual before update:
[ 0.00143828  0.00404251  0.0060176  ...  0.00334542 -0.00036201
  0.00347012]

Residual before update:
[ 0.00143828  0.00404251  0.0060176  ...  0.00334541 -0.000362
  0.00347012]

Residual before update:
[ 0.00143828  0.00404251  0.00601759 ...  0.0033454  -0.000362
  0.0034701 ]

Residual before update:
[ 0.00143828  0.0040425   0.00601759 ...  0.00334541 -0.00036201
  0.00347011]

Residual before update:
[ 0.00143828  0.0040425   0.00601759 ...  0.00334541 -0.00036201
  0.00347011]

Residual before update:
[ 0.00143828  0.0040425   0.00601759 ...  0.00334541 -0.000362
  0.00347012]

Residual before update:
[ 0.00143828  0.0040425   0.00601758 ...  0.00334542 -0.000362
  0.00347012]

Residual before update:
[ 0.00143828  0.0040425   0.00601759 ...  0.00334543 -0.00036199
  0.00347013]

Residual before update:
[ 0.00143828  0.0040425   0.00601757 ...  0.00334544 -0.00036201
  0.00347014]

Residual before update:
[ 0.00143828  0.0040425   0.00601758 ...  0.00334541 -0.000362
  0.00347011]

Residual before update:
[ 0.00143828  0.0040425   0.00601757 ...  0.00334543 -0.00036201
  0.00347013]

Residual before update:
[ 0.00143828  0.0040425   0.00601757 ...  0.00334543 -0.00036199
  0.00347013]

Residual before update:
[ 0.00143828  0.0040425   0.00601757 ...  0.00334541 -0.00036199
  0.00347011]
Compute pips
###############################
TGFM
###############################
Initialize variables
Warning: 369 variants have NaN gwas_beta. Setting to 0 with large SE.
Iterative optimization

Residual before update:
[ 0.00256568  0.0035939  -0.00172421 ...  0.00851256 -0.00324186
  0.00760206]

Residual before update:
[ 0.00256571  0.00359392 -0.00172426 ...  0.00851257 -0.00324176
  0.00760207]

Residual before update:
[ 0.00256904  0.00359322 -0.00172659 ...  0.00851174 -0.00324168
  0.00760219]

Residual before update:
[ 0.00256569  0.00359398 -0.0017243  ...  0.00851257 -0.00324152
  0.00760209]

Residual before update:
[ 0.00256561  0.00359395 -0.00172434 ...  0.0085126  -0.00324141
  0.00760209]

Residual before update:
[ 0.0025656   0.00359397 -0.00172437 ...  0.0085126  -0.00324129
  0.0076021 ]

Residual before update:
[ 0.00256572  0.00359403 -0.00172444 ...  0.00851257 -0.00324121
  0.00760211]

Residual before update:
[ 0.00256566  0.00359399 -0.00172449 ...  0.00851257 -0.00324111
  0.00760211]

Residual before update:
[ 0.00256558  0.00359412 -0.00172435 ...  0.00851259 -0.00324095
  0.00760216]

Residual before update:
[ 0.00256563  0.00359417 -0.00172445 ...  0.00851255 -0.00324085
  0.00760211]

Residual before update:
[ 0.0025665   0.00358985 -0.00172726 ...  0.00851147 -0.00324119
  0.00760395]

Residual before update:
[ 0.00256589  0.00359407 -0.00172463 ...  0.00851248 -0.00324094
  0.00760211]

Residual before update:
[ 0.00256978  0.00359299 -0.00172752 ...  0.00851142 -0.00324093
  0.00760223]

Residual before update:
[ 0.00256569  0.00359409 -0.0017245  ...  0.00851244 -0.00324085
  0.00760209]

Residual before update:
[ 0.00256552  0.003594   -0.00172451 ...  0.0085125  -0.00324085
  0.00760208]

Residual before update:
[ 0.00256553  0.00359401 -0.0017245  ...  0.0085125  -0.00324085
  0.00760209]

Residual before update:
[ 0.00256573  0.00359407 -0.00172456 ...  0.00851246 -0.00324089
  0.00760209]

Residual before update:
[ 0.00256565  0.003594   -0.00172457 ...  0.00851246 -0.00324091
  0.00760209]

Residual before update:
[ 0.00256556  0.00359413 -0.00172437 ...  0.00851249 -0.00324085
  0.00760214]

Residual before update:
[ 0.00256563  0.00359415 -0.00172446 ...  0.00851247 -0.00324086
  0.00760208]

Residual before update:
[ 0.00256728  0.00358673 -0.00172935 ...  0.00851063 -0.00324145
  0.00760533]

Residual before update:
[ 0.00256587  0.00359406 -0.00172463 ...  0.00851245 -0.00324094
  0.00760209]

Residual before update:
[ 0.00257058  0.00359283 -0.00172805 ...  0.00851121 -0.00324094
  0.00760225]

Residual before update:
[ 0.00256568  0.00359409 -0.0017245  ...  0.00851243 -0.00324084
  0.00760209]

Residual before update:
[ 0.00256552  0.003594   -0.00172452 ...  0.0085125  -0.00324085
  0.00760208]

Residual before update:
[ 0.00256553  0.00359401 -0.0017245  ...  0.0085125  -0.00324085
  0.00760209]

Residual before update:
[ 0.00256573  0.00359407 -0.00172456 ...  0.00851247 -0.00324089
  0.00760209]

Residual before update:
[ 0.00256565  0.003594   -0.00172458 ...  0.00851247 -0.0032409
  0.00760209]

Residual before update:
[ 0.00256556  0.00359413 -0.00172437 ...  0.0085125  -0.00324084
  0.00760214]

Residual before update:
[ 0.00256563  0.00359415 -0.00172446 ...  0.00851247 -0.00324085
  0.00760208]

Residual before update:
[ 0.00256739  0.00358627 -0.00172966 ...  0.00851051 -0.00324148
  0.00760553]

Residual before update:
[ 0.00256587  0.00359406 -0.00172463 ...  0.00851245 -0.00324094
  0.00760209]

Residual before update:
[ 0.00257055  0.00359284 -0.00172803 ...  0.00851121 -0.00324093
  0.00760225]

Residual before update:
[ 0.00256568  0.00359409 -0.0017245  ...  0.00851243 -0.00324084
  0.00760209]

Residual before update:
[ 0.00256552  0.003594   -0.00172452 ...  0.0085125  -0.00324085
  0.00760208]

Residual before update:
[ 0.00256553  0.00359401 -0.00172451 ...  0.0085125  -0.00324084
  0.00760209]

Residual before update:
[ 0.00256573  0.00359407 -0.00172456 ...  0.00851247 -0.00324088
  0.00760209]

Residual before update:
[ 0.00256565  0.003594   -0.00172458 ...  0.00851247 -0.0032409
  0.00760209]

Residual before update:
[ 0.00256556  0.00359414 -0.00172437 ...  0.0085125  -0.00324084
  0.00760214]

Residual before update:
[ 0.00256563  0.00359415 -0.00172446 ...  0.00851247 -0.00324085
  0.00760208]

Residual before update:
[ 0.00256733  0.00358652 -0.0017295  ...  0.00851057 -0.00324145
  0.00760542]

Residual before update:
[ 0.00256587  0.00359406 -0.00172464 ...  0.00851245 -0.00324093
  0.00760209]

Residual before update:
[ 0.00257049  0.00359285 -0.001728   ...  0.00851122 -0.00324092
  0.00760224]

Residual before update:
[ 0.00256568  0.00359409 -0.0017245  ...  0.00851243 -0.00324083
  0.00760209]

Residual before update:
[ 0.00256552  0.003594   -0.00172452 ...  0.0085125  -0.00324084
  0.00760208]

Residual before update:
[ 0.00256553  0.00359401 -0.00172451 ...  0.0085125  -0.00324084
  0.00760209]

Residual before update:
[ 0.00256573  0.00359407 -0.00172456 ...  0.00851247 -0.00324088
  0.00760209]

Residual before update:
[ 0.00256565  0.003594   -0.00172458 ...  0.00851247 -0.00324089
  0.00760209]

Residual before update:
[ 0.00256556  0.00359414 -0.00172437 ...  0.0085125  -0.00324083
  0.00760214]

Residual before update:
[ 0.00256563  0.00359415 -0.00172446 ...  0.00851247 -0.00324085
  0.00760208]
Compute pips
###############################
TGFM
###############################
Initialize variables
Warning: 350 variants have NaN gwas_beta. Setting to 0 with large SE.
Iterative optimization

Residual before update:
[ 0.00316742  0.00789551 -0.00198702 ... -0.00043895  0.00049567
  0.        ]

Residual before update:
[ 3.19924474e-03  7.90065769e-03 -1.98330743e-03 ... -4.34598357e-04
  4.95872928e-04  9.56951733e-15]

Residual before update:
[ 3.16741359e-03  7.89550237e-03 -1.98700345e-03 ... -4.38925804e-04
  4.95685232e-04  1.00844483e-16]

Residual before update:
[ 3.16740916e-03  7.89549862e-03 -1.98699207e-03 ... -4.38913761e-04
  4.95690838e-04  1.52861435e-16]

Residual before update:
[ 3.16740446e-03  7.89549639e-03 -1.98698947e-03 ... -4.38901557e-04
  4.95696329e-04  1.93877931e-16]

Residual before update:
[ 3.16739987e-03  7.89549303e-03 -1.98698011e-03 ... -4.38889492e-04
  4.95701877e-04  2.42388567e-16]

Residual before update:
[ 3.16739477e-03  7.89548945e-03 -1.98697533e-03 ... -4.38877451e-04
  4.95707431e-04  2.90820785e-16]

Residual before update:
[ 3.16739033e-03  7.89548612e-03 -1.98696224e-03 ... -4.38865414e-04
  4.95712918e-04  3.38954080e-16]

Residual before update:
[ 3.16614486e-03  7.86984648e-03 -1.99084145e-03 ... -4.42457109e-04
  4.93603267e-04  1.61443576e-16]

Residual before update:
[ 3.16738039e-03  7.89547476e-03 -1.98692549e-03 ... -4.38841855e-04
  4.95724258e-04  4.62146669e-16]

Residual before update:
[ 3.16737937e-03  7.89547918e-03 -1.98694809e-03 ... -4.38841385e-04
  4.95723942e-04  4.33214629e-16]

Residual before update:
[ 3.17393487e-03  7.89594154e-03 -1.98648773e-03 ... -4.39102354e-04
  4.95784856e-04  2.44020908e-15]

Residual before update:
[ 3.16737823e-03  7.89547512e-03 -1.98693555e-03 ... -4.38841907e-04
  4.95724019e-04  4.48643621e-16]

Residual before update:
[ 3.16737776e-03  7.89547544e-03 -1.98693120e-03 ... -4.38841832e-04
  4.95724065e-04  4.53375525e-16]

Residual before update:
[ 3.16737697e-03  7.89547900e-03 -1.98694863e-03 ... -4.38841414e-04
  4.95723843e-04  4.31271499e-16]

Residual before update:
[ 3.16737678e-03  7.89547913e-03 -1.98694695e-03 ... -4.38841397e-04
  4.95723823e-04  4.31535774e-16]

Residual before update:
[ 3.16737597e-03  7.89547888e-03 -1.98695266e-03 ... -4.38841403e-04
  4.95723831e-04  4.31744376e-16]

Residual before update:
[ 3.16737638e-03  7.89547901e-03 -1.98694602e-03 ... -4.38841395e-04
  4.95723764e-04  4.31694361e-16]

Residual before update:
[ 3.16601275e-03  7.86661972e-03 -1.99131419e-03 ... -4.42897761e-04
  4.93345498e-04  1.83917619e-16]

Residual before update:
[ 3.16737626e-03  7.89547452e-03 -1.98692652e-03 ... -4.38841851e-04
  4.95724081e-04  4.58952580e-16]

Residual before update:
[ 3.16737608e-03  7.89547897e-03 -1.98694882e-03 ... -4.38841327e-04
  4.95723828e-04  4.30995922e-16]

Residual before update:
[ 3.13372707e-03  7.88895407e-03 -1.99137313e-03 ... -4.45711987e-04
  4.95645817e-04 -1.10354683e-14]

Residual before update:
[ 3.16737630e-03  7.89547497e-03 -1.98693588e-03 ... -4.38841757e-04
  4.95724008e-04  4.47854674e-16]

Residual before update:
[ 3.16737637e-03  7.89547531e-03 -1.98693136e-03 ... -4.38841646e-04
  4.95724095e-04  4.53156772e-16]

Residual before update:
[ 3.16737603e-03  7.89547889e-03 -1.98694868e-03 ... -4.38841199e-04
  4.95723905e-04  4.31495156e-16]

Residual before update:
[ 3.16737619e-03  7.89547903e-03 -1.98694690e-03 ... -4.38841158e-04
  4.95723911e-04  4.32124088e-16]

Residual before update:
[ 3.16737564e-03  7.89547879e-03 -1.98695254e-03 ... -4.38841147e-04
  4.95723938e-04  4.32601250e-16]

Residual before update:
[ 3.16737621e-03  7.89547893e-03 -1.98694584e-03 ... -4.38841128e-04
  4.95723884e-04  4.32723749e-16]

Residual before update:
[ 3.16600887e-03  7.86653796e-03 -1.99132632e-03 ... -4.42908955e-04
  4.93338916e-04  1.84357710e-16]

Residual before update:
[ 3.16737616e-03  7.89547444e-03 -1.98692627e-03 ... -4.38841578e-04
  4.95724208e-04  4.60126651e-16]

Residual before update:
[ 3.16737597e-03  7.89547890e-03 -1.98694863e-03 ... -4.38841056e-04
  4.95723953e-04  4.32076200e-16]

Residual before update:
[ 3.21323583e-03  7.90190863e-03 -1.98194593e-03 ... -4.35406660e-04
  4.95999184e-04  7.76150580e-15]

Residual before update:
[ 3.16737618e-03  7.89547488e-03 -1.98693566e-03 ... -4.38841486e-04
  4.95724133e-04  4.48971918e-16]

Residual before update:
[ 3.16737624e-03  7.89547522e-03 -1.98693114e-03 ... -4.38841375e-04
  4.95724220e-04  4.54282811e-16]

Residual before update:
[ 3.16737590e-03  7.89547881e-03 -1.98694850e-03 ... -4.38840929e-04
  4.95724028e-04  4.32556309e-16]

Residual before update:
[ 3.16737605e-03  7.89547895e-03 -1.98694671e-03 ... -4.38840888e-04
  4.95724034e-04  4.33185619e-16]

Residual before update:
[ 3.16737550e-03  7.89547871e-03 -1.98695237e-03 ... -4.38840877e-04
  4.95724062e-04  4.33664334e-16]

Residual before update:
[ 3.16737608e-03  7.89547885e-03 -1.98694565e-03 ... -4.38840857e-04
  4.95724007e-04  4.33787194e-16]

Residual before update:
[ 3.16600538e-03  7.86646198e-03 -1.99133755e-03 ... -4.42919338e-04
  4.93332822e-04  1.84855814e-16]

Residual before update:
[ 3.16737602e-03  7.89547434e-03 -1.98692603e-03 ... -4.38841306e-04
  4.95724334e-04  4.61269987e-16]

Residual before update:
[ 3.16737584e-03  7.89547882e-03 -1.98694845e-03 ... -4.38840786e-04
  4.95724076e-04  4.33137792e-16]

Residual before update:
[ 3.15523609e-03  7.89315755e-03 -1.98834034e-03 ... -4.43365675e-04
  4.95630724e-04 -1.28141406e-14]

Residual before update:
[ 3.16737604e-03  7.89547479e-03 -1.98693545e-03 ... -4.38841214e-04
  4.95724258e-04  4.50085473e-16]

Residual before update:
[ 3.16737611e-03  7.89547513e-03 -1.98693091e-03 ... -4.38841102e-04
  4.95724345e-04  4.55409630e-16]

Residual before update:
[ 3.16737577e-03  7.89547873e-03 -1.98694831e-03 ... -4.38840658e-04
  4.95724152e-04  4.33620819e-16]

Residual before update:
[ 3.16737592e-03  7.89547887e-03 -1.98694652e-03 ... -4.38840616e-04
  4.95724158e-04  4.34252086e-16]

Residual before update:
[ 3.16737537e-03  7.89547863e-03 -1.98695220e-03 ... -4.38840605e-04
  4.95724186e-04  4.34733037e-16]

Residual before update:
[ 3.16737594e-03  7.89547877e-03 -1.98694546e-03 ... -4.38840585e-04
  4.95724131e-04  4.34856345e-16]

Residual before update:
[ 3.16600188e-03  7.86638555e-03 -1.99134884e-03 ... -4.42929782e-04
  4.93326693e-04  1.85356269e-16]

Residual before update:
[ 3.16737589e-03  7.89547425e-03 -1.98692579e-03 ... -4.38841032e-04
  4.95724460e-04  4.62419190e-16]
Compute pips
###############################
TGFM
###############################
Initialize variables
Warning: 304 variants have NaN gwas_beta. Setting to 0 with large SE.
Iterative optimization

Residual before update:
[ 0.00045874  0.00774198 -0.01575726 ... -0.00634398 -0.00766001
 -0.00777307]

Residual before update:
[ 0.00045848  0.00774182 -0.01575571 ... -0.00634393 -0.00765995
 -0.00777301]

Residual before update:
[ 0.00045822  0.00774166 -0.01575415 ... -0.00634387 -0.00765989
 -0.00777296]

Residual before update:
[ 0.00045795  0.0077415  -0.0157526  ... -0.00634382 -0.00765984
 -0.0077729 ]

Residual before update:
[ 0.00045769  0.00774135 -0.01575106 ... -0.00634376 -0.00765978
 -0.00777284]

Residual before update:
[ 0.00045743  0.00774119 -0.01574951 ... -0.0063437  -0.00765973
 -0.00777279]

Residual before update:
[ 0.00045717  0.00774103 -0.01574797 ... -0.00634365 -0.00765967
 -0.00777273]

Residual before update:
[ 0.0004569   0.00774087 -0.01574644 ... -0.00634359 -0.00765962
 -0.00777268]

Residual before update:
[ 0.00045711  0.00774077 -0.01576883 ... -0.00634818 -0.00766529
 -0.00777839]

Residual before update:
[ 0.00045639  0.00774056 -0.01574337 ... -0.00634348 -0.0076595
 -0.00777256]

Residual before update:
[ 0.00045639  0.00774056 -0.0157434  ... -0.00634348 -0.0076595
 -0.00777256]

Residual before update:
[ 0.00045639  0.00774056 -0.01574343 ... -0.00634348 -0.0076595
 -0.00777256]

Residual before update:
[ 0.00045639  0.00774056 -0.01574344 ... -0.00634348 -0.0076595
 -0.00777256]

Residual before update:
[ 0.00045639  0.00774055 -0.01574346 ... -0.00634348 -0.0076595
 -0.00777256]

Residual before update:
[ 0.00045639  0.00774056 -0.01574347 ... -0.00634348 -0.0076595
 -0.00777256]

Residual before update:
[ 0.00045639  0.00774055 -0.01574348 ... -0.00634348 -0.0076595
 -0.00777256]

Residual before update:
[ 0.00045639  0.00774055 -0.01574349 ... -0.00634348 -0.0076595
 -0.00777256]

Residual before update:
[ 0.00045637  0.00774055 -0.0157435  ... -0.00634348 -0.0076595
 -0.00777256]

Residual before update:
[ 0.00045679  0.0077406  -0.01577357 ... -0.00634833 -0.00766565
 -0.00777875]

Residual before update:
[ 0.00045639  0.00774055 -0.01574348 ... -0.00634348 -0.0076595
 -0.00777256]

Residual before update:
[ 0.00045639  0.00774055 -0.01574348 ... -0.00634348 -0.0076595
 -0.00777256]

Residual before update:
[ 0.00045639  0.00774055 -0.01574348 ... -0.00634348 -0.0076595
 -0.00777256]

Residual before update:
[ 0.00045639  0.00774056 -0.01574347 ... -0.00634348 -0.0076595
 -0.00777256]

Residual before update:
[ 0.00045639  0.00774055 -0.01574347 ... -0.00634348 -0.0076595
 -0.00777256]

Residual before update:
[ 0.00045639  0.00774055 -0.01574347 ... -0.00634348 -0.0076595
 -0.00777256]

Residual before update:
[ 0.00045639  0.00774055 -0.01574347 ... -0.00634348 -0.0076595
 -0.00777256]

Residual before update:
[ 0.00045639  0.00774055 -0.01574346 ... -0.00634348 -0.0076595
 -0.00777256]

Residual before update:
[ 0.00045637  0.00774055 -0.01574347 ... -0.00634348 -0.0076595
 -0.00777256]

Residual before update:
[ 0.0004568   0.00774073 -0.01577504 ... -0.00634898 -0.00766663
 -0.00777974]

Residual before update:
[ 0.00045639  0.00774055 -0.01574345 ... -0.00634348 -0.0076595
 -0.00777256]

Residual before update:
[ 0.00045639  0.00774055 -0.01574345 ... -0.00634347 -0.0076595
 -0.00777256]

Residual before update:
[ 0.00045639  0.00774055 -0.01574345 ... -0.00634348 -0.0076595
 -0.00777256]

Residual before update:
[ 0.00045639  0.00774055 -0.01574344 ... -0.00634347 -0.0076595
 -0.00777256]

Residual before update:
[ 0.00045638  0.00774054 -0.01574344 ... -0.00634348 -0.0076595
 -0.00777256]

Residual before update:
[ 0.00045638  0.00774055 -0.01574343 ... -0.00634347 -0.0076595
 -0.00777256]

Residual before update:
[ 0.00045638  0.00774055 -0.01574343 ... -0.00634347 -0.0076595
 -0.00777256]

Residual before update:
[ 0.00045638  0.00774055 -0.01574343 ... -0.00634347 -0.0076595
 -0.00777256]

Residual before update:
[ 0.00045636  0.00774055 -0.01574343 ... -0.00634348 -0.0076595
 -0.00777256]

Residual before update:
[ 0.00045757  0.00774013 -0.01578215 ... -0.00635064 -0.00766876
 -0.00778186]

Residual before update:
[ 0.00045638  0.00774054 -0.01574342 ... -0.00634347 -0.0076595
 -0.00777256]

Residual before update:
[ 0.00045638  0.00774055 -0.01574342 ... -0.00634347 -0.0076595
 -0.00777256]

Residual before update:
[ 0.00045638  0.00774054 -0.01574342 ... -0.00634347 -0.0076595
 -0.00777256]

Residual before update:
[ 0.00045638  0.00774055 -0.01574341 ... -0.00634347 -0.0076595
 -0.00777256]

Residual before update:
[ 0.00045638  0.00774054 -0.01574341 ... -0.00634347 -0.0076595
 -0.00777256]

Residual before update:
[ 0.00045638  0.00774055 -0.0157434  ... -0.00634347 -0.0076595
 -0.00777256]

Residual before update:
[ 0.00045638  0.00774054 -0.0157434  ... -0.00634347 -0.0076595
 -0.00777256]

Residual before update:
[ 0.00045638  0.00774054 -0.0157434  ... -0.00634347 -0.0076595
 -0.00777256]

Residual before update:
[ 0.00045636  0.00774054 -0.0157434  ... -0.00634348 -0.0076595
 -0.00777256]

Residual before update:
[ 0.00045624  0.00773906 -0.01580073 ... -0.00635517 -0.00767452
 -0.00778766]

Residual before update:
[ 0.00045638  0.00774054 -0.01574339 ... -0.00634347 -0.0076595
 -0.00777256]
Compute pips
###############################
TGFM
###############################
Initialize variables
Warning: 318 variants have NaN gwas_beta. Setting to 0 with large SE.
Iterative optimization

Residual before update:
[ 0.00046366 -0.00238066 -0.00480589 ... -0.00136503  0.00197468
 -0.00136503]

Residual before update:
[ 0.00046367 -0.00238063 -0.00480586 ... -0.00136501  0.00197467
 -0.00136501]

Residual before update:
[ 0.00046369 -0.00238059 -0.00480584 ... -0.00136499  0.00197467
 -0.00136499]

Residual before update:
[ 0.0004637  -0.00238056 -0.00480581 ... -0.00136497  0.00197467
 -0.00136497]

Residual before update:
[ 0.00046371 -0.00238052 -0.00480579 ... -0.00136495  0.00197466
 -0.00136495]

Residual before update:
[ 0.00046373 -0.00238049 -0.00480576 ... -0.00136493  0.00197466
 -0.00136493]

Residual before update:
[ 0.00046374 -0.00238045 -0.00480574 ... -0.00136491  0.00197465
 -0.00136491]

Residual before update:
[ 0.00046375 -0.00238042 -0.00480571 ... -0.00136489  0.00197465
 -0.00136489]

Residual before update:
[ 0.00046377 -0.00238038 -0.00480569 ... -0.00136487  0.00197465
 -0.00136487]

Residual before update:
[ 0.00046378 -0.00238035 -0.00480566 ... -0.00136485  0.00197464
 -0.00136485]

Residual before update:
[ 0.00046378 -0.00238035 -0.00480566 ... -0.00136485  0.00197464
 -0.00136485]

Residual before update:
[ 0.00046378 -0.00238035 -0.00480566 ... -0.00136485  0.00197464
 -0.00136485]

Residual before update:
[ 0.00046379 -0.00238034 -0.00480566 ... -0.00136485  0.00197465
 -0.00136484]

Residual before update:
[ 0.00046378 -0.00238035 -0.00480566 ... -0.00136485  0.00197464
 -0.00136485]

Residual before update:
[ 0.00046378 -0.00238035 -0.00480566 ... -0.00136485  0.00197464
 -0.00136485]

Residual before update:
[ 0.00046378 -0.00238035 -0.00480566 ... -0.00136485  0.00197464
 -0.00136485]

Residual before update:
[ 0.00046378 -0.00238035 -0.00480566 ... -0.00136485  0.00197464
 -0.00136485]

Residual before update:
[ 0.00046378 -0.00238035 -0.00480566 ... -0.00136485  0.00197464
 -0.00136485]

Residual before update:
[ 0.00046378 -0.00238035 -0.00480566 ... -0.00136485  0.00197464
 -0.00136485]

Residual before update:
[ 0.00046378 -0.00238035 -0.00480566 ... -0.00136485  0.00197464
 -0.00136485]

Residual before update:
[ 0.00046378 -0.00238035 -0.00480566 ... -0.00136485  0.00197464
 -0.00136485]

Residual before update:
[ 0.00046378 -0.00238035 -0.00480566 ... -0.00136485  0.00197464
 -0.00136485]

Residual before update:
[ 0.00046379 -0.00238034 -0.00480566 ... -0.00136485  0.00197465
 -0.00136484]

Residual before update:
[ 0.00046378 -0.00238035 -0.00480566 ... -0.00136485  0.00197464
 -0.00136485]

Residual before update:
[ 0.00046378 -0.00238035 -0.00480566 ... -0.00136485  0.00197464
 -0.00136485]

Residual before update:
[ 0.00046378 -0.00238034 -0.00480566 ... -0.00136485  0.00197464
 -0.00136485]

Residual before update:
[ 0.00046378 -0.00238035 -0.00480566 ... -0.00136485  0.00197464
 -0.00136485]

Residual before update:
[ 0.00046378 -0.00238035 -0.00480566 ... -0.00136485  0.00197464
 -0.00136485]

Residual before update:
[ 0.00046378 -0.00238035 -0.00480566 ... -0.00136485  0.00197464
 -0.00136485]

Residual before update:
[ 0.00046378 -0.00238035 -0.00480566 ... -0.00136485  0.00197464
 -0.00136485]

Residual before update:
[ 0.00046378 -0.00238035 -0.00480566 ... -0.00136485  0.00197464
 -0.00136485]

Residual before update:
[ 0.00046378 -0.00238035 -0.00480566 ... -0.00136485  0.00197464
 -0.00136485]

Residual before update:
[ 0.00046379 -0.00238034 -0.00480566 ... -0.00136485  0.00197465
 -0.00136484]

Residual before update:
[ 0.00046378 -0.00238035 -0.00480566 ... -0.00136485  0.00197464
 -0.00136485]

Residual before update:
[ 0.00046378 -0.00238035 -0.00480566 ... -0.00136485  0.00197464
 -0.00136485]

Residual before update:
[ 0.00046378 -0.00238034 -0.00480566 ... -0.00136485  0.00197464
 -0.00136485]

Residual before update:
[ 0.00046378 -0.00238035 -0.00480566 ... -0.00136485  0.00197464
 -0.00136485]

Residual before update:
[ 0.00046378 -0.00238035 -0.00480566 ... -0.00136485  0.00197464
 -0.00136485]

Residual before update:
[ 0.00046378 -0.00238035 -0.00480566 ... -0.00136485  0.00197464
 -0.00136485]

Residual before update:
[ 0.00046378 -0.00238034 -0.00480566 ... -0.00136485  0.00197464
 -0.00136485]

Residual before update:
[ 0.00046378 -0.00238034 -0.00480566 ... -0.00136485  0.00197464
 -0.00136485]

Residual before update:
[ 0.00046378 -0.00238034 -0.00480566 ... -0.00136485  0.00197464
 -0.00136485]

Residual before update:
[ 0.00046379 -0.00238034 -0.00480566 ... -0.00136485  0.00197465
 -0.00136484]

Residual before update:
[ 0.00046378 -0.00238034 -0.00480566 ... -0.00136485  0.00197464
 -0.00136485]

Residual before update:
[ 0.00046378 -0.00238034 -0.00480566 ... -0.00136485  0.00197464
 -0.00136485]

Residual before update:
[ 0.00046378 -0.00238034 -0.00480566 ... -0.00136485  0.00197464
 -0.00136485]

Residual before update:
[ 0.00046378 -0.00238034 -0.00480566 ... -0.00136485  0.00197464
 -0.00136485]

Residual before update:
[ 0.00046378 -0.00238034 -0.00480566 ... -0.00136485  0.00197464
 -0.00136485]

Residual before update:
[ 0.00046378 -0.00238034 -0.00480566 ... -0.00136485  0.00197464
 -0.00136485]

Residual before update:
[ 0.00046378 -0.00238034 -0.00480566 ... -0.00136485  0.00197464
 -0.00136485]
Compute pips
###############################
TGFM
###############################
Initialize variables
Warning: 306 variants have NaN gwas_beta. Setting to 0 with large SE.
Iterative optimization

Residual before update:
[-0.0058805  -0.00100065 -0.00590946 ... -0.01570129  0.
  0.0062488 ]

Residual before update:
[-5.88040767e-03 -1.00065539e-03 -5.90937578e-03 ... -1.57006003e-02
 -3.21785987e-17  6.24855974e-03]

Residual before update:
[-5.88031863e-03 -1.00066196e-03 -5.90928689e-03 ... -1.56999091e-02
 -6.29612367e-17  6.24832095e-03]

Residual before update:
[-5.88022960e-03 -1.00066860e-03 -5.90919802e-03 ... -1.56992182e-02
 -9.47043924e-17  6.24808272e-03]

Residual before update:
[-5.88014081e-03 -1.00067546e-03 -5.90910938e-03 ... -1.56985281e-02
 -1.27859938e-16  6.24784166e-03]

Residual before update:
[-5.88005177e-03 -1.00068227e-03 -5.90902050e-03 ... -1.56978378e-02
 -1.61083469e-16  6.24760398e-03]

Residual before update:
[-5.87996278e-03 -1.00068885e-03 -5.90893165e-03 ... -1.56971489e-02
 -1.91064267e-16  6.24736431e-03]

Residual before update:
[-5.87987373e-03 -1.00069576e-03 -5.90884276e-03 ... -1.56964583e-02
 -2.22497070e-16  6.24712648e-03]

Residual before update:
[-5.87978476e-03 -1.00070233e-03 -5.90875393e-03 ... -1.56957696e-02
 -2.50849691e-16  6.24688681e-03]

Residual before update:
[-5.87969574e-03 -1.00070868e-03 -5.90866506e-03 ... -1.56950801e-02
 -2.79192118e-16  6.24664812e-03]

Residual before update:
[-5.87969557e-03 -1.00070854e-03 -5.90866488e-03 ... -1.56950830e-02
 -2.71873350e-16  6.24665018e-03]

Residual before update:
[-5.87969547e-03 -1.00070905e-03 -5.90866479e-03 ... -1.56950839e-02
 -2.75031484e-16  6.24664660e-03]

Residual before update:
[-5.87969511e-03 -1.00070858e-03 -5.90866442e-03 ... -1.56950842e-02
 -2.68244688e-16  6.24664762e-03]

Residual before update:
[-5.87969488e-03 -1.00070866e-03 -5.90866420e-03 ... -1.56950839e-02
 -2.68786569e-16  6.24664921e-03]

Residual before update:
[-5.87969517e-03 -1.00070917e-03 -5.90866449e-03 ... -1.56950846e-02
 -2.72378666e-16  6.24664332e-03]

Residual before update:
[-5.87969480e-03 -1.00070941e-03 -5.90866412e-03 ... -1.56950836e-02
 -2.74950661e-16  6.24664557e-03]

Residual before update:
[-5.87969454e-03 -1.00070922e-03 -5.90866386e-03 ... -1.56950843e-02
 -2.72196140e-16  6.24664387e-03]

Residual before update:
[-5.87969422e-03 -1.00070952e-03 -5.90866355e-03 ... -1.56950814e-02
 -2.72522219e-16  6.24664482e-03]

Residual before update:
[-5.87969399e-03 -1.00070935e-03 -5.90866331e-03 ... -1.56950804e-02
 -2.69787797e-16  6.24664326e-03]

Residual before update:
[-5.87969372e-03 -1.00070899e-03 -5.90866304e-03 ... -1.56950780e-02
 -2.68169910e-16  6.24664289e-03]

Residual before update:
[-5.87969353e-03 -1.00070882e-03 -5.90866284e-03 ... -1.56950781e-02
 -2.63366379e-16  6.24664483e-03]

Residual before update:
[-5.87969340e-03 -1.00070931e-03 -5.90866272e-03 ... -1.56950764e-02
 -2.68743613e-16  6.24664112e-03]

Residual before update:
[-5.87969303e-03 -1.00070881e-03 -5.90866234e-03 ... -1.56950744e-02
 -2.63857669e-16  6.24664205e-03]

Residual before update:
[-5.87969279e-03 -1.00070887e-03 -5.90866211e-03 ... -1.56950723e-02
 -2.66003956e-16  6.24664359e-03]

Residual before update:
[-5.87969306e-03 -1.00070937e-03 -5.90866238e-03 ... -1.56950713e-02
 -2.70915509e-16  6.24663760e-03]

Residual before update:
[-5.87969267e-03 -1.00070959e-03 -5.90866200e-03 ... -1.56950690e-02
 -2.74516930e-16  6.24663980e-03]

Residual before update:
[-5.87969240e-03 -1.00070940e-03 -5.90866172e-03 ... -1.56950687e-02
 -2.72494438e-16  6.24663806e-03]

Residual before update:
[-5.87969208e-03 -1.00070968e-03 -5.90866141e-03 ... -1.56950652e-02
 -2.73280250e-16  6.24663900e-03]

Residual before update:
[-5.87969183e-03 -1.00070951e-03 -5.90866115e-03 ... -1.56950638e-02
 -2.70727522e-16  6.24663742e-03]

Residual before update:
[-5.87969158e-03 -1.00070915e-03 -5.90866090e-03 ... -1.56950615e-02
 -2.69020912e-16  6.24663710e-03]

Residual before update:
[-5.87969139e-03 -1.00070898e-03 -5.90866070e-03 ... -1.56950616e-02
 -2.64140516e-16  6.24663906e-03]

Residual before update:
[-5.87969125e-03 -1.00070947e-03 -5.90866057e-03 ... -1.56950598e-02
 -2.69486612e-16  6.24663532e-03]

Residual before update:
[-5.87969088e-03 -1.00070898e-03 -5.90866019e-03 ... -1.56950578e-02
 -2.64552425e-16  6.24663627e-03]

Residual before update:
[-5.87969064e-03 -1.00070903e-03 -5.90865997e-03 ... -1.56950557e-02
 -2.66679032e-16  6.24663782e-03]

Residual before update:
[-5.87969090e-03 -1.00070953e-03 -5.90866023e-03 ... -1.56950546e-02
 -2.71592494e-16  6.24663179e-03]

Residual before update:
[-5.87969051e-03 -1.00070976e-03 -5.90865984e-03 ... -1.56950523e-02
 -2.75197755e-16  6.24663399e-03]

Residual before update:
[-5.87969024e-03 -1.00070956e-03 -5.90865956e-03 ... -1.56950520e-02
 -2.73167016e-16  6.24663225e-03]

Residual before update:
[-5.87968991e-03 -1.00070985e-03 -5.90865925e-03 ... -1.56950485e-02
 -2.73954943e-16  6.24663320e-03]

Residual before update:
[-5.87968966e-03 -1.00070967e-03 -5.90865899e-03 ... -1.56950471e-02
 -2.71399634e-16  6.24663159e-03]

Residual before update:
[-5.87968942e-03 -1.00070932e-03 -5.90865874e-03 ... -1.56950448e-02
 -2.69686341e-16  6.24663130e-03]

Residual before update:
[-5.87968923e-03 -1.00070914e-03 -5.90865854e-03 ... -1.56950449e-02
 -2.64792998e-16  6.24663327e-03]

Residual before update:
[-5.87968908e-03 -1.00070964e-03 -5.90865841e-03 ... -1.56950431e-02
 -2.70156332e-16  6.24662950e-03]

Residual before update:
[-5.87968871e-03 -1.00070914e-03 -5.90865803e-03 ... -1.56950411e-02
 -2.65208610e-16  6.24663045e-03]

Residual before update:
[-5.87968848e-03 -1.00070919e-03 -5.90865781e-03 ... -1.56950391e-02
 -2.67339056e-16  6.24663203e-03]

Residual before update:
[-5.87968873e-03 -1.00070969e-03 -5.90865806e-03 ... -1.56950379e-02
 -2.72268924e-16  6.24662596e-03]

Residual before update:
[-5.87968833e-03 -1.00070992e-03 -5.90865766e-03 ... -1.56950355e-02
 -2.75885457e-16  6.24662814e-03]

Residual before update:
[-5.87968806e-03 -1.00070972e-03 -5.90865739e-03 ... -1.56950352e-02
 -2.73848780e-16  6.24662641e-03]

Residual before update:
[-5.87968774e-03 -1.00071001e-03 -5.90865708e-03 ... -1.56950318e-02
 -2.74638084e-16  6.24662736e-03]

Residual before update:
[-5.87968748e-03 -1.00070984e-03 -5.90865681e-03 ... -1.56950302e-02
 -2.72078224e-16  6.24662573e-03]

Residual before update:
[-5.87968724e-03 -1.00070948e-03 -5.90865657e-03 ... -1.56950281e-02
 -2.70356828e-16  6.24662547e-03]
Compute pips
###############################
TGFM
###############################
Initialize variables
Warning: 278 variants have NaN gwas_beta. Setting to 0 with large SE.
Iterative optimization

Residual before update:
[-0.00349387  0.00590023  0.00236919 ...  0.00111375  0.
  0.00142555]

Residual before update:
[-3.49387417e-03  5.90020568e-03  2.36919333e-03 ...  1.11375056e-03
 -5.29100074e-18  1.42555015e-03]

Residual before update:
[-3.49387378e-03  5.90018144e-03  2.36919361e-03 ...  1.11374496e-03
 -2.80079503e-17  1.42554482e-03]

Residual before update:
[-3.49387284e-03  5.90015728e-03  2.36919406e-03 ...  1.11374380e-03
 -2.29889085e-17  1.42554537e-03]

Residual before update:
[-3.49387195e-03  5.90013314e-03  2.36919449e-03 ...  1.11374203e-03
 -2.09716440e-17  1.42554516e-03]

Residual before update:
[-3.49387150e-03  5.90010911e-03  2.36919475e-03 ...  1.11374066e-03
 -3.26795803e-17  1.42554485e-03]

Residual before update:
[-3.49387067e-03  5.90008483e-03  2.36919516e-03 ...  1.11373498e-03
 -4.07206626e-17  1.42553997e-03]

Residual before update:
[-3.49386986e-03  5.90006073e-03  2.36919561e-03 ...  1.11373296e-03
 -4.00814185e-17  1.42553944e-03]

Residual before update:
[-3.49386911e-03  5.90003664e-03  2.36919598e-03 ...  1.11373052e-03
 -4.42483691e-17  1.42553821e-03]

Residual before update:
[-3.49386853e-03  5.90001253e-03  2.36919624e-03 ...  1.11372613e-03
 -5.92110888e-17  1.42553452e-03]

Residual before update:
[-3.49386960e-03  5.90001257e-03  2.36919591e-03 ...  1.11371793e-03
 -1.10463042e-16  1.42552360e-03]

Residual before update:
[-3.49386841e-03  5.90001282e-03  2.36919626e-03 ...  1.11372805e-03
 -4.69705457e-17  1.42553712e-03]

Residual before update:
[-3.49386985e-03  5.90001270e-03  2.36919583e-03 ...  1.11371623e-03
 -1.20626838e-16  1.42552135e-03]

Residual before update:
[-3.49386878e-03  5.90001284e-03  2.36919614e-03 ...  1.11372472e-03
 -6.71398494e-17  1.42553271e-03]

Residual before update:
[-3.49386837e-03  5.90001292e-03  2.36919627e-03 ...  1.11372771e-03
 -4.66480376e-17  1.42553678e-03]

Residual before update:
[-3.49386885e-03  5.90001315e-03  2.36919603e-03 ...  1.11373049e-03
 -5.72776079e-17  1.42553938e-03]

Residual before update:
[-3.49386864e-03  5.90001289e-03  2.36919612e-03 ...  1.11372575e-03
 -5.97329098e-17  1.42553410e-03]

Residual before update:
[-3.49386851e-03  5.90001289e-03  2.36919622e-03 ...  1.11372700e-03
 -5.08067177e-17  1.42553584e-03]

Residual before update:
[-3.49386847e-03  5.90001285e-03  2.36919623e-03 ...  1.11372752e-03
 -4.92250867e-17  1.42553642e-03]

Residual before update:
[-3.49386860e-03  5.90001277e-03  2.36919612e-03 ...  1.11372606e-03
 -5.82821855e-17  1.42553451e-03]

Residual before update:
[-3.49386961e-03  5.90001266e-03  2.36919584e-03 ...  1.11371816e-03
 -1.07964082e-16  1.42552393e-03]

Residual before update:
[-3.49386845e-03  5.90001278e-03  2.36919618e-03 ...  1.11372793e-03
 -4.67838151e-17  1.42553703e-03]

Residual before update:
[-3.49386985e-03  5.90001254e-03  2.36919579e-03 ...  1.11371635e-03
 -1.19152771e-16  1.42552154e-03]

Residual before update:
[-3.49386879e-03  5.90001259e-03  2.36919610e-03 ...  1.11372467e-03
 -6.68964957e-17  1.42553269e-03]

Residual before update:
[-3.49386837e-03  5.90001258e-03  2.36919625e-03 ...  1.11372762e-03
 -4.66896596e-17  1.42553673e-03]

Residual before update:
[-3.49386885e-03  5.90001275e-03  2.36919603e-03 ...  1.11373043e-03
 -5.73062721e-17  1.42553935e-03]

Residual before update:
[-3.49386863e-03  5.90001244e-03  2.36919612e-03 ...  1.11372568e-03
 -5.98443446e-17  1.42553406e-03]

Residual before update:
[-3.49386849e-03  5.90001240e-03  2.36919623e-03 ...  1.11372694e-03
 -5.09366858e-17  1.42553580e-03]

Residual before update:
[-3.49386845e-03  5.90001235e-03  2.36919624e-03 ...  1.11372746e-03
 -4.93576926e-17  1.42553639e-03]

Residual before update:
[-3.49386858e-03  5.90001228e-03  2.36919612e-03 ...  1.11372600e-03
 -5.84350366e-17  1.42553447e-03]

Residual before update:
[-3.49386960e-03  5.90001216e-03  2.36919584e-03 ...  1.11371808e-03
 -1.08245338e-16  1.42552386e-03]

Residual before update:
[-3.49386843e-03  5.90001228e-03  2.36919619e-03 ...  1.11372787e-03
 -4.68948240e-17  1.42553700e-03]

Residual before update:
[-3.49386984e-03  5.90001204e-03  2.36919579e-03 ...  1.11371627e-03
 -1.19429764e-16  1.42552147e-03]

Residual before update:
[-3.49386878e-03  5.90001210e-03  2.36919611e-03 ...  1.11372460e-03
 -6.70461210e-17  1.42553264e-03]

Residual before update:
[-3.49386836e-03  5.90001208e-03  2.36919625e-03 ...  1.11372756e-03
 -4.67956800e-17  1.42553669e-03]

Residual before update:
[-3.49386883e-03  5.90001226e-03  2.36919603e-03 ...  1.11373038e-03
 -5.74320292e-17  1.42553932e-03]

Residual before update:
[-3.49386862e-03  5.90001194e-03  2.36919613e-03 ...  1.11372562e-03
 -5.99760193e-17  1.42553402e-03]

Residual before update:
[-3.49386848e-03  5.90001191e-03  2.36919623e-03 ...  1.11372688e-03
 -5.10507440e-17  1.42553576e-03]

Residual before update:
[-3.49386844e-03  5.90001185e-03  2.36919624e-03 ...  1.11372740e-03
 -4.94687761e-17  1.42553635e-03]

Residual before update:
[-3.49386857e-03  5.90001178e-03  2.36919613e-03 ...  1.11372594e-03
 -5.85645850e-17  1.42553443e-03]

Residual before update:
[-3.49386959e-03  5.90001167e-03  2.36919585e-03 ...  1.11371800e-03
 -1.08480531e-16  1.42552380e-03]

Residual before update:
[-3.49386842e-03  5.90001178e-03  2.36919620e-03 ...  1.11372782e-03
 -4.70010229e-17  1.42553696e-03]

Residual before update:
[-3.49386982e-03  5.90001154e-03  2.36919580e-03 ...  1.11371618e-03
 -1.19690301e-16  1.42552141e-03]

Residual before update:
[-3.49386876e-03  5.90001160e-03  2.36919612e-03 ...  1.11372454e-03
 -6.71938950e-17  1.42553260e-03]

Residual before update:
[-3.49386835e-03  5.90001158e-03  2.36919626e-03 ...  1.11372750e-03
 -4.69021836e-17  1.42553666e-03]

Residual before update:
[-3.49386882e-03  5.90001176e-03  2.36919604e-03 ...  1.11373033e-03
 -5.75590962e-17  1.42553929e-03]

Residual before update:
[-3.49386860e-03  5.90001144e-03  2.36919613e-03 ...  1.11372556e-03
 -6.01092439e-17  1.42553398e-03]

Residual before update:
[-3.49386846e-03  5.90001141e-03  2.36919624e-03 ...  1.11372681e-03
 -5.11658786e-17  1.42553572e-03]

Residual before update:
[-3.49386842e-03  5.90001135e-03  2.36919625e-03 ...  1.11372734e-03
 -4.95806723e-17  1.42553631e-03]

Residual before update:
[-3.49386855e-03  5.90001128e-03  2.36919614e-03 ...  1.11372587e-03
 -5.86949648e-17  1.42553439e-03]
Compute pips
###############################
TGFM
###############################
Initialize variables
Warning: 319 variants have NaN gwas_beta. Setting to 0 with large SE.
Iterative optimization

Residual before update:
[-0.0011944  -0.00305484  0.00196541 ...  0.00458389 -0.00455346
  0.00598143]

Residual before update:
[-0.0011944  -0.00305484  0.00196539 ...  0.00458393 -0.00455341
  0.00598142]

Residual before update:
[-0.0011944  -0.00305484  0.00196536 ...  0.00458397 -0.00455337
  0.00598141]

Residual before update:
[-0.00119441 -0.00305484  0.00196533 ...  0.004584   -0.00455332
  0.00598139]

Residual before update:
[-0.00119441 -0.00305483  0.00196531 ...  0.00458404 -0.00455328
  0.00598138]

Residual before update:
[-0.00119441 -0.00305483  0.00196528 ...  0.00458408 -0.00455324
  0.00598137]

Residual before update:
[-0.00119441 -0.00305483  0.00196525 ...  0.00458412 -0.00455319
  0.00598136]

Residual before update:
[-0.00119441 -0.00305483  0.00196523 ...  0.00458415 -0.00455315
  0.00598135]

Residual before update:
[-0.00119441 -0.00305483  0.0019652  ...  0.00458419 -0.00455311
  0.00598134]

Residual before update:
[-0.00119441 -0.00305483  0.00196518 ...  0.00458423 -0.00455306
  0.00598133]

Residual before update:
[ 0.02677858  0.06910298  0.00200726 ...  0.00620339 -0.00450902
  0.01112528]

Residual before update:
[-0.00119441 -0.00305483  0.00196518 ...  0.00458423 -0.00455306
  0.00598132]

Residual before update:
[-0.0011944  -0.00305483  0.00196518 ...  0.00458423 -0.00455306
  0.00598132]

Residual before update:
[-0.0011944  -0.00305483  0.00196518 ...  0.00458423 -0.00455306
  0.00598132]

Residual before update:
[-0.0011944  -0.00305483  0.00196518 ...  0.00458423 -0.00455306
  0.00598132]

Residual before update:
[-0.0011944  -0.00305483  0.00196518 ...  0.00458423 -0.00455306
  0.00598132]

Residual before update:
[-0.0011944  -0.00305483  0.00196518 ...  0.00458423 -0.00455306
  0.00598132]

Residual before update:
[-0.0011944  -0.00305483  0.00196518 ...  0.00458423 -0.00455306
  0.00598132]

Residual before update:
[-0.0011944  -0.00305483  0.00196518 ...  0.00458423 -0.00455306
  0.00598132]

Residual before update:
[-0.0011944  -0.00305483  0.00196518 ...  0.00458423 -0.00455306
  0.00598132]

Residual before update:
[ 0.02678129  0.06910997  0.00200727 ...  0.00620355 -0.00450902
  0.01112578]

Residual before update:
[-0.0011944  -0.00305483  0.00196518 ...  0.00458423 -0.00455306
  0.00598132]

Residual before update:
[-0.0011944  -0.00305483  0.00196518 ...  0.00458423 -0.00455306
  0.00598132]

Residual before update:
[-0.0011944  -0.00305483  0.00196518 ...  0.00458423 -0.00455306
  0.00598132]

Residual before update:
[-0.00119439 -0.00305483  0.00196518 ...  0.00458423 -0.00455306
  0.00598132]

Residual before update:
[-0.0011944  -0.00305483  0.00196518 ...  0.00458423 -0.00455306
  0.00598132]

Residual before update:
[-0.0011944  -0.00305483  0.00196518 ...  0.00458423 -0.00455306
  0.00598132]

Residual before update:
[-0.0011944  -0.00305483  0.00196518 ...  0.00458423 -0.00455306
  0.00598132]

Residual before update:
[-0.0011944  -0.00305483  0.00196518 ...  0.00458423 -0.00455306
  0.00598132]

Residual before update:
[-0.0011944  -0.00305483  0.00196518 ...  0.00458423 -0.00455306
  0.00598132]

Residual before update:
[ 0.026784    0.06911695  0.00200727 ...  0.00620371 -0.00450901
  0.01112627]

Residual before update:
[-0.0011944  -0.00305483  0.00196517 ...  0.00458423 -0.00455306
  0.00598132]

Residual before update:
[-0.0011944  -0.00305483  0.00196517 ...  0.00458423 -0.00455306
  0.00598132]

Residual before update:
[-0.0011944  -0.00305483  0.00196517 ...  0.00458423 -0.00455306
  0.00598132]

Residual before update:
[-0.00119439 -0.00305483  0.00196517 ...  0.00458423 -0.00455306
  0.00598132]

Residual before update:
[-0.0011944  -0.00305483  0.00196517 ...  0.00458423 -0.00455306
  0.00598132]

Residual before update:
[-0.0011944  -0.00305483  0.00196517 ...  0.00458423 -0.00455306
  0.00598132]

Residual before update:
[-0.0011944  -0.00305483  0.00196517 ...  0.00458423 -0.00455306
  0.00598132]

Residual before update:
[-0.0011944  -0.00305483  0.00196517 ...  0.00458423 -0.00455306
  0.00598132]

Residual before update:
[-0.0011944  -0.00305483  0.00196517 ...  0.00458423 -0.00455306
  0.00598132]

Residual before update:
[ 0.0267867   0.06912393  0.00200728 ...  0.00620386 -0.00450901
  0.01112677]

Residual before update:
[-0.0011944  -0.00305483  0.00196517 ...  0.00458423 -0.00455306
  0.00598132]

Residual before update:
[-0.0011944  -0.00305483  0.00196517 ...  0.00458423 -0.00455306
  0.00598132]

Residual before update:
[-0.0011944  -0.00305483  0.00196517 ...  0.00458423 -0.00455306
  0.00598132]

Residual before update:
[-0.00119439 -0.00305483  0.00196517 ...  0.00458423 -0.00455306
  0.00598132]

Residual before update:
[-0.0011944  -0.00305483  0.00196517 ...  0.00458423 -0.00455306
  0.00598132]

Residual before update:
[-0.0011944  -0.00305483  0.00196517 ...  0.00458423 -0.00455306
  0.00598132]

Residual before update:
[-0.0011944  -0.00305483  0.00196517 ...  0.00458423 -0.00455306
  0.00598132]

Residual before update:
[-0.0011944  -0.00305483  0.00196517 ...  0.00458423 -0.00455306
  0.00598132]

Residual before update:
[-0.0011944  -0.00305483  0.00196517 ...  0.00458423 -0.00455306
  0.00598132]
Compute pips
###############################
TGFM
###############################
Initialize variables
Warning: 390 variants have NaN gwas_beta. Setting to 0 with large SE.
Iterative optimization

Residual before update:
[ 0.00573343  0.00189981  0.00225058 ... -0.00088699 -0.00533365
  0.        ]

Residual before update:
[ 5.73343036e-03  1.89977313e-03  2.25060423e-03 ... -8.86906168e-04
 -5.33350316e-03 -1.04415488e-17]

Residual before update:
[ 5.73342972e-03  1.89973851e-03  2.25063287e-03 ... -8.86823787e-04
 -5.33335907e-03 -2.15902476e-17]

Residual before update:
[ 5.73338552e-03  1.89961044e-03  2.25114593e-03 ... -8.87070697e-04
 -5.33146677e-03 -2.47113693e-15]

Residual before update:
[ 5.73342706e-03  1.89966571e-03  2.25069016e-03 ... -8.86659393e-04
 -5.33306875e-03 -4.32054187e-17]

Residual before update:
[ 5.73342689e-03  1.89963679e-03  2.25071938e-03 ... -8.86579087e-04
 -5.33292854e-03 -7.98162548e-17]

Residual before update:
[ 5.73342493e-03  1.89959631e-03  2.25074699e-03 ... -8.86491364e-04
 -5.33276767e-03 -6.63050403e-17]

Residual before update:
[ 5.73342654e-03  1.89957149e-03  2.25077807e-03 ... -8.86409579e-04
 -5.33263390e-03 -7.63674419e-17]

Residual before update:
[ 5.73342296e-03  1.89952808e-03  2.25080485e-03 ... -8.86327776e-04
 -5.33248834e-03 -8.53296648e-17]

Residual before update:
[ 5.73342240e-03  1.89949674e-03  2.25083377e-03 ... -8.86244187e-04
 -5.33234334e-03 -9.56799105e-17]

Residual before update:
[ 5.73342288e-03  1.89950167e-03  2.25083390e-03 ... -8.86242549e-04
 -5.33234319e-03 -9.51270812e-17]

Residual before update:
[ 5.73342461e-03  1.89951217e-03  2.25083713e-03 ... -8.86239350e-04
 -5.33233360e-03 -9.07768979e-17]

Residual before update:
[ 5.73342526e-03  1.89951344e-03  2.25083463e-03 ... -8.86237898e-04
 -5.33234214e-03 -9.36631043e-17]

Residual before update:
[ 5.73339064e-03  1.89944066e-03  2.25122657e-03 ... -8.86490683e-04
 -5.33091801e-03 -2.00707330e-15]

Residual before update:
[ 5.73342264e-03  1.89950696e-03  2.25083363e-03 ... -8.86237316e-04
 -5.33234044e-03 -9.37794181e-17]

Residual before update:
[ 5.73342408e-03  1.89951713e-03  2.25083453e-03 ... -8.86240269e-04
 -5.33234806e-03 -1.37428132e-16]

Residual before update:
[ 5.73342248e-03  1.89950827e-03  2.25083284e-03 ... -8.86231683e-04
 -5.33232284e-03 -9.61438224e-17]

Residual before update:
[ 5.73342571e-03  1.89951915e-03  2.25083599e-03 ... -8.86233252e-04
 -5.33233909e-03 -9.51113241e-17]

Residual before update:
[ 5.73342249e-03  1.89950804e-03  2.25083376e-03 ... -8.86234348e-04
 -5.33233766e-03 -9.32986028e-17]

Residual before update:
[ 5.73342288e-03  1.89950967e-03  2.25083415e-03 ... -8.86233734e-04
 -5.33233709e-03 -9.33219953e-17]

Residual before update:
[ 5.73342324e-03  1.89951129e-03  2.25083442e-03 ... -8.86233615e-04
 -5.33233691e-03 -9.33474167e-17]

Residual before update:
[ 5.73342484e-03  1.89951870e-03  2.25083777e-03 ... -8.86231764e-04
 -5.33232730e-03 -8.95490639e-17]

Residual before update:
[ 5.73342542e-03  1.89951779e-03  2.25083538e-03 ... -8.86231424e-04
 -5.33233588e-03 -9.28001538e-17]

Residual before update:
[ 5.73338934e-03  1.89943873e-03  2.25124329e-03 ... -8.86492009e-04
 -5.33085336e-03 -2.08412292e-15]

Residual before update:
[ 5.73342270e-03  1.89950804e-03  2.25083460e-03 ... -8.86232511e-04
 -5.33233414e-03 -9.36262327e-17]

Residual before update:
[ 5.73342410e-03  1.89951698e-03  2.25083559e-03 ... -8.86236033e-04
 -5.33234175e-03 -1.37513494e-16]

Residual before update:
[ 5.73342246e-03  1.89950726e-03  2.25083395e-03 ... -8.86227868e-04
 -5.33231649e-03 -9.64260252e-17]

Residual before update:
[ 5.73342569e-03  1.89951771e-03  2.25083715e-03 ... -8.86229769e-04
 -5.33233294e-03 -9.55037937e-17]

Residual before update:
[ 5.73342245e-03  1.89950632e-03  2.25083494e-03 ... -8.86230954e-04
 -5.33233150e-03 -9.37423671e-17]

Residual before update:
[ 5.73342284e-03  1.89950810e-03  2.25083533e-03 ... -8.86230303e-04
 -5.33233097e-03 -9.37580627e-17]

Residual before update:
[ 5.73342320e-03  1.89950983e-03  2.25083560e-03 ... -8.86230156e-04
 -5.33233084e-03 -9.37768153e-17]

Residual before update:
[ 5.73342481e-03  1.89951735e-03  2.25083897e-03 ... -8.86228271e-04
 -5.33232120e-03 -8.99560140e-17]

Residual before update:
[ 5.73342539e-03  1.89951650e-03  2.25083657e-03 ... -8.86227922e-04
 -5.33232984e-03 -9.32155851e-17]

Residual before update:
[ 5.73338638e-03  1.89942975e-03  2.25127788e-03 ... -8.86506715e-04
 -5.33072516e-03 -2.24850057e-15]

Residual before update:
[ 5.73342267e-03  1.89950675e-03  2.25083580e-03 ... -8.86228958e-04
 -5.33232805e-03 -9.40429119e-17]

Residual before update:
[ 5.73342407e-03  1.89951573e-03  2.25083680e-03 ... -8.86232459e-04
 -5.33233563e-03 -1.38118156e-16]

Residual before update:
[ 5.73342242e-03  1.89950597e-03  2.25083516e-03 ... -8.86224253e-04
 -5.33231026e-03 -9.68549113e-17]

Residual before update:
[ 5.73342566e-03  1.89951649e-03  2.25083835e-03 ... -8.86226214e-04
 -5.33232688e-03 -9.59214245e-17]

Residual before update:
[ 5.73342241e-03  1.89950503e-03  2.25083614e-03 ... -8.86227370e-04
 -5.33232536e-03 -9.41559694e-17]

Residual before update:
[ 5.73342281e-03  1.89950682e-03  2.25083653e-03 ... -8.86226722e-04
 -5.33232484e-03 -9.41708077e-17]

Residual before update:
[ 5.73342317e-03  1.89950856e-03  2.25083681e-03 ... -8.86226580e-04
 -5.33232471e-03 -9.41890195e-17]

Residual before update:
[ 5.73342478e-03  1.89951611e-03  2.25084019e-03 ... -8.86224686e-04
 -5.33231503e-03 -9.03513725e-17]

Residual before update:
[ 5.73342537e-03  1.89951525e-03  2.25083777e-03 ... -8.86224351e-04
 -5.33232374e-03 -9.36232615e-17]

Residual before update:
[ 5.73338540e-03  1.89942501e-03  2.25129078e-03 ... -8.86505841e-04
 -5.33067471e-03 -2.30112707e-15]
NaNs in component_non_med_pred at component 4

Residual before update:
[ 5.73342263e-03  1.89950546e-03  2.25083701e-03 ... -8.86225359e-04
 -5.33232188e-03 -9.44585503e-17]
NaNs in residual_incl_alpha[68, :]
NaN in mixture_alpha_mu: b_terms=[nan nan]
NaNs in self.residual at bs_iter=68
NaNs in un_normalized_lv_alpha_weights
NaN in normalizing_term
NaNs in component_non_med_pred at component 5

Residual before update:
[ 5.73342404e-03  1.89951446e-03  2.25083803e-03 ... -8.86228846e-04
 -5.33232945e-03 -1.38726206e-16]
NaNs in residual_incl_alpha[68, :]
NaNs in gene_weights for bs_iter=68
NaN in mixture_alpha_mu: b_terms=[nan nan]
NaNs in self.residual at bs_iter=68
NaNs in un_normalized_lv_alpha_weights
NaN in normalizing_term
NaNs in component_non_med_pred at component 6

Residual before update:
[ 5.73342238e-03  1.89950467e-03  2.25083638e-03 ... -8.86220602e-04
 -5.33230396e-03 -9.72864332e-17]
NaNs in residual_incl_alpha[68, :]
NaNs in gene_weights for bs_iter=68
NaN in mixture_alpha_mu: b_terms=[nan nan]
NaNs in self.residual at bs_iter=68
NaNs in un_normalized_lv_alpha_weights
NaN in normalizing_term
NaNs in component_non_med_pred at component 7

Residual before update:
[ 5.73342564e-03  1.89951524e-03  2.25083956e-03 ... -8.86222627e-04
 -5.33232075e-03 -9.63423711e-17]
NaNs in residual_incl_alpha[68, :]
NaNs in gene_weights for bs_iter=68
NaN in mixture_alpha_mu: b_terms=[nan nan]
NaNs in self.residual at bs_iter=68
NaNs in un_normalized_lv_alpha_weights
NaN in normalizing_term
NaNs in component_non_med_pred at component 8

Residual before update:
[ 5.73342237e-03  1.89950373e-03  2.25083736e-03 ... -8.86223755e-04
 -5.33231916e-03 -9.45733425e-17]
NaNs in residual_incl_alpha[68, :]
NaNs in gene_weights for bs_iter=68
NaN in mixture_alpha_mu: b_terms=[nan nan]
NaNs in self.residual at bs_iter=68
NaNs in un_normalized_lv_alpha_weights
NaN in normalizing_term
NaNs in component_non_med_pred at component 9

Residual before update:
[ 5.73342277e-03  1.89950553e-03  2.25083774e-03 ... -8.86223110e-04
 -5.33231865e-03 -9.45875334e-17]
NaNs in residual_incl_alpha[68, :]
NaNs in gene_weights for bs_iter=68
NaN in mixture_alpha_mu: b_terms=[nan nan]
NaNs in self.residual at bs_iter=68
NaNs in un_normalized_lv_alpha_weights
NaN in normalizing_term
Compute pips
NaNs found in gene-tissue pair PIPs at indices: [0 1]
NaNs found in variant PIPs at indices: [    0     1     2 ... 10706 10707 10708]
NaNs found in gene PIPs at indices: [0 1]
###############################
TGFM
###############################
Initialize variables
Warning: 417 variants have NaN gwas_beta. Setting to 0 with large SE.
Iterative optimization

Residual before update:
[-0.0041671   0.00405088  0.         ... -0.00380233  0.00301267
  0.00306065]

Residual before update:
[-4.16713707e-03  4.05083070e-03  5.00708377e-18 ... -3.80234601e-03
  3.01265158e-03  3.06062977e-03]

Residual before update:
[-4.16715981e-03  4.05078349e-03  4.83097496e-17 ... -3.80235855e-03
  3.01263843e-03  3.06061662e-03]

Residual before update:
[-4.16727818e-03  4.05067498e-03 -1.09462287e-17 ... -3.80236841e-03
  3.01261824e-03  3.06059643e-03]

Residual before update:
[-4.16724774e-03  4.05068228e-03  9.12555596e-18 ... -3.80237980e-03
  3.01260278e-03  3.06058097e-03]

Residual before update:
[-4.16726996e-03  4.05063372e-03  6.60383334e-17 ... -3.80238896e-03
  3.01258772e-03  3.06056592e-03]

Residual before update:
[-4.16731781e-03  4.05058405e-03  3.08865189e-17 ... -3.80239917e-03
  3.01257287e-03  3.06055106e-03]

Residual before update:
[-4.16735925e-03  4.05053370e-03  1.90305136e-17 ... -3.80240670e-03
  3.01255624e-03  3.06053443e-03]

Residual before update:
[-4.16741393e-03  4.05048189e-03 -3.40118715e-17 ... -3.80241929e-03
  3.01253684e-03  3.06051503e-03]

Residual before update:
[-4.16745855e-03  4.05043166e-03 -5.27753853e-17 ... -3.80242904e-03
  3.01252049e-03  3.06049868e-03]

Residual before update:
[-4.16744577e-03  4.05043179e-03  2.03060645e-18 ... -3.80243094e-03
  3.01252437e-03  3.06050256e-03]

Residual before update:
[-4.16743974e-03  4.05042925e-03  3.35398703e-17 ... -3.80242278e-03
  3.01252401e-03  3.06050220e-03]

Residual before update:
[-4.16740115e-03  4.05043367e-03  1.61762857e-16 ... -3.80242594e-03
  3.01253622e-03  3.06051441e-03]

Residual before update:
[-4.16763022e-03  4.05027326e-03 -3.16018070e-17 ... -3.80241907e-03
  3.01252458e-03  3.06050277e-03]

Residual before update:
[-4.16744861e-03  4.05042819e-03  1.21608394e-17 ... -3.80241965e-03
  3.01252653e-03  3.06050472e-03]

Residual before update:
[-4.16742975e-03  4.05042787e-03  9.25245964e-17 ... -3.80241654e-03
  3.01252781e-03  3.06050600e-03]

Residual before update:
[-4.16744459e-03  4.05042873e-03  3.48030365e-17 ... -3.80241630e-03
  3.01252972e-03  3.06050791e-03]

Residual before update:
[-4.16744924e-03  4.05042800e-03  1.66401105e-17 ... -3.80241351e-03
  3.01252860e-03  3.06050679e-03]

Residual before update:
[-4.16746447e-03  4.05042680e-03 -3.70551590e-17 ... -3.80241688e-03
  3.01252491e-03  3.06050310e-03]

Residual before update:
[-4.16746829e-03  4.05042679e-03 -5.01845235e-17 ... -3.80241763e-03
  3.01252443e-03  3.06050262e-03]

Residual before update:
[-4.16745523e-03  4.05042709e-03 -9.83005619e-20 ... -3.80242238e-03
  3.01252685e-03  3.06050504e-03]

Residual before update:
[-4.16744775e-03  4.05042515e-03  2.99242456e-17 ... -3.80241704e-03
  3.01252556e-03  3.06050375e-03]

Residual before update:
[-4.16740917e-03  4.05042973e-03  1.53438312e-16 ... -3.80242219e-03
  3.01253655e-03  3.06051474e-03]

Residual before update:
[-4.16763217e-03  4.05027205e-03 -3.15664009e-17 ... -3.80241700e-03
  3.01252489e-03  3.06050308e-03]

Residual before update:
[-4.16745131e-03  4.05042576e-03  1.18243323e-17 ... -3.80241887e-03
  3.01252633e-03  3.06050452e-03]

Residual before update:
[-4.16743128e-03  4.05042575e-03  9.33038875e-17 ... -3.80241666e-03
  3.01252730e-03  3.06050549e-03]

Residual before update:
[-4.16744578e-03  4.05042671e-03  3.54081744e-17 ... -3.80241701e-03
  3.01252898e-03  3.06050717e-03]

Residual before update:
[-4.16745030e-03  4.05042599e-03  1.71442016e-17 ... -3.80241449e-03
  3.01252773e-03  3.06050592e-03]

Residual before update:
[-4.16746585e-03  4.05042468e-03 -3.72991699e-17 ... -3.80241791e-03
  3.01252397e-03  3.06050216e-03]

Residual before update:
[-4.16746993e-03  4.05042458e-03 -5.05270364e-17 ... -3.80241840e-03
  3.01252357e-03  3.06050176e-03]

Residual before update:
[-4.16745696e-03  4.05042477e-03 -7.55397287e-20 ... -3.80242300e-03
  3.01252606e-03  3.06050425e-03]

Residual before update:
[-4.16744962e-03  4.05042271e-03  3.00601927e-17 ... -3.80241749e-03
  3.01252479e-03  3.06050298e-03]

Residual before update:
[-4.16741125e-03  4.05042703e-03  1.53815154e-16 ... -3.80242262e-03
  3.01253578e-03  3.06051397e-03]

Residual before update:
[-4.16763495e-03  4.05026891e-03 -3.17380763e-17 ... -3.80241731e-03
  3.01252418e-03  3.06050237e-03]

Residual before update:
[-4.16745336e-03  4.05042326e-03  1.17916865e-17 ... -3.80241917e-03
  3.01252561e-03  3.06050380e-03]

Residual before update:
[-4.16743337e-03  4.05042314e-03  9.35257230e-17 ... -3.80241697e-03
  3.01252656e-03  3.06050475e-03]

Residual before update:
[-4.16744781e-03  4.05042420e-03  3.54821446e-17 ... -3.80241732e-03
  3.01252827e-03  3.06050646e-03]

Residual before update:
[-4.16745230e-03  4.05042350e-03  1.71653305e-17 ... -3.80241480e-03
  3.01252702e-03  3.06050521e-03]

Residual before update:
[-4.16746784e-03  4.05042227e-03 -3.74836293e-17 ... -3.80241823e-03
  3.01252325e-03  3.06050144e-03]

Residual before update:
[-4.16747191e-03  4.05042220e-03 -5.07649230e-17 ... -3.80241874e-03
  3.01252286e-03  3.06050105e-03]

Residual before update:
[-4.16745893e-03  4.05042233e-03 -9.72676181e-20 ... -3.80242337e-03
  3.01252534e-03  3.06050353e-03]

Residual before update:
[-4.16745159e-03  4.05042021e-03  3.01671537e-17 ... -3.80241785e-03
  3.01252405e-03  3.06050224e-03]

Residual before update:
[-4.16741319e-03  4.05042439e-03  1.54460033e-16 ... -3.80242302e-03
  3.01253504e-03  3.06051323e-03]

Residual before update:
[-4.16763774e-03  4.05026576e-03 -3.18988283e-17 ... -3.80241765e-03
  3.01252346e-03  3.06050165e-03]

Residual before update:
[-4.16745534e-03  4.05042079e-03  1.18101406e-17 ... -3.80241953e-03
  3.01252488e-03  3.06050307e-03]

Residual before update:
[-4.16743535e-03  4.05042057e-03  9.38963206e-17 ... -3.80241732e-03
  3.01252581e-03  3.06050400e-03]

Residual before update:
[-4.16744979e-03  4.05042170e-03  3.56025448e-17 ... -3.80241767e-03
  3.01252755e-03  3.06050574e-03]

Residual before update:
[-4.16745429e-03  4.05042101e-03  1.72041311e-17 ... -3.80241513e-03
  3.01252629e-03  3.06050448e-03]

Residual before update:
[-4.16746984e-03  4.05041984e-03 -3.76723760e-17 ... -3.80241858e-03
  3.01252253e-03  3.06050072e-03]

Residual before update:
[-4.16747390e-03  4.05041979e-03 -5.10074503e-17 ... -3.80241908e-03
  3.01252215e-03  3.06050034e-03]
Compute pips
###############################
TGFM
###############################
Initialize variables
Warning: 480 variants have NaN gwas_beta. Setting to 0 with large SE.
Iterative optimization

Residual before update:
[-0.00672791  0.00295393 -0.01062614 ...  0.00700204  0.00278025
  0.00323389]

Residual before update:
[-0.00680724  0.00295193 -0.0107126  ...  0.0069813   0.00274584
  0.00319395]

Residual before update:
[-0.00672632  0.00295397 -0.01061552 ...  0.00700206  0.00278034
  0.00323473]

Residual before update:
[-0.00672578  0.00295399 -0.01061099 ...  0.007002    0.00278027
  0.00323501]

Residual before update:
[-0.00672509  0.00295401 -0.01060608 ...  0.00700199  0.00278028
  0.00323538]

Residual before update:
[-0.0067244   0.00295403 -0.01060124 ...  0.00700197  0.00278028
  0.00323575]

Residual before update:
[-0.00672372  0.00295405 -0.01059647 ...  0.00700196  0.00278029
  0.00323612]

Residual before update:
[-0.00672305  0.00295407 -0.01059175 ...  0.00700195  0.00278029
  0.00323649]

Residual before update:
[-0.00672516  0.00295401 -0.01060604 ...  0.00700215  0.00278081
  0.00323544]

Residual before update:
[-0.00674056  0.00294603 -0.01059343 ...  0.00700177  0.00277937
  0.00323543]

Residual before update:
[-0.00672178  0.0029541  -0.0105831  ...  0.00700192  0.00278031
  0.0032372 ]

Residual before update:
[-0.00676085  0.00310391 -0.01091668 ...  0.00698307  0.0027512
  0.00318645]

Residual before update:
[-0.00672199  0.0029541  -0.01058435 ...  0.00700189  0.00278025
  0.00323711]

Residual before update:
[-0.00672191  0.0029541  -0.01058434 ...  0.00700192  0.00278031
  0.00323718]

Residual before update:
[-0.00672194  0.0029541  -0.01058461 ...  0.00700192  0.00278031
  0.00323717]

Residual before update:
[-0.00672196  0.00295409 -0.0105848  ...  0.00700192  0.00278031
  0.00323717]

Residual before update:
[-0.00672197  0.0029541  -0.01058493 ...  0.00700192  0.00278031
  0.00323716]

Residual before update:
[-0.00672198  0.00295409 -0.01058499 ...  0.00700192  0.00278031
  0.00323716]

Residual before update:
[-0.00673594  0.00295378 -0.01062698 ...  0.00693984  0.0024921
  0.00323163]

Residual before update:
[-0.00667904  0.00281581 -0.01034606 ...  0.00699026  0.00277811
  0.00324199]

Residual before update:
[-0.00672197  0.0029541  -0.01058488 ...  0.00700192  0.00278031
  0.00323716]

Residual before update:
[-0.00296417  0.02301079 -0.00719272 ...  0.00778476  0.00351937
  0.00285652]

Residual before update:
[-0.00672214  0.00295409 -0.01058532 ...  0.00700187  0.00278022
  0.00323707]

Residual before update:
[-0.00672195  0.0029541  -0.01058479 ...  0.00700192  0.00278031
  0.00323717]

Residual before update:
[-0.00672195  0.0029541  -0.01058477 ...  0.00700192  0.00278031
  0.00323717]

Residual before update:
[-0.00672195  0.00295409 -0.01058475 ...  0.00700192  0.00278031
  0.00323717]

Residual before update:
[-0.00672195  0.0029541  -0.01058474 ...  0.00700192  0.00278031
  0.00323717]

Residual before update:
[-0.00672194  0.0029541  -0.01058472 ...  0.00700192  0.00278031
  0.00323717]

Residual before update:
[-0.00673586  0.00295379 -0.01062697 ...  0.00694016  0.0024932
  0.00323161]

Residual before update:
[-0.00673556  0.00281096 -0.01063555 ...  0.00699181  0.00277711
  0.00322584]

Residual before update:
[-0.00672194  0.0029541  -0.01058469 ...  0.00700192  0.00278031
  0.00323718]

Residual before update:
[-0.00308369  0.01275256 -0.00692612 ...  0.00793272  0.00277459
  0.00311064]

Residual before update:
[-0.00672207  0.00295409 -0.01058504 ...  0.00700188  0.00278025
  0.0032371 ]

Residual before update:
[-0.00672193  0.0029541  -0.01058465 ...  0.00700192  0.00278031
  0.00323718]

Residual before update:
[-0.00672193  0.0029541  -0.01058463 ...  0.00700192  0.00278031
  0.00323718]

Residual before update:
[-0.00672193  0.00295409 -0.01058461 ...  0.00700192  0.00278031
  0.00323718]

Residual before update:
[-0.00672193  0.0029541  -0.0105846  ...  0.00700192  0.00278031
  0.00323718]

Residual before update:
[-0.00672192  0.0029541  -0.01058458 ...  0.00700192  0.00278031
  0.00323719]

Residual before update:
[-0.0067358   0.00295379 -0.01062697 ...  0.00694063  0.00249528
  0.00323162]

Residual before update:
[-0.0067366   0.00281031 -0.01063569 ...  0.00699209  0.0027769
  0.00322717]

Residual before update:
[-0.00672192  0.0029541  -0.01058455 ...  0.00700192  0.00278031
  0.00323719]

Residual before update:
[-0.00548721  0.0024645  -0.01034495 ...  0.0080415   0.00381989
  0.00331421]

Residual before update:
[-0.00672208  0.00295409 -0.01058497 ...  0.00700187  0.00278023
  0.0032371 ]

Residual before update:
[-0.00672191  0.0029541  -0.0105845  ...  0.00700192  0.00278031
  0.00323719]

Residual before update:
[-0.00672191  0.0029541  -0.01058449 ...  0.00700192  0.00278031
  0.00323719]

Residual before update:
[-0.00672191  0.0029541  -0.01058447 ...  0.00700192  0.00278031
  0.0032372 ]

Residual before update:
[-0.0067219   0.0029541  -0.01058446 ...  0.00700192  0.00278031
  0.0032372 ]

Residual before update:
[-0.0067219   0.0029541  -0.01058444 ...  0.00700191  0.00278031
  0.0032372 ]

Residual before update:
[-0.00673574  0.00295379 -0.01062696 ...  0.00694113  0.0024975
  0.00323164]

Residual before update:
[-0.00673663  0.00281023 -0.01063569 ...  0.00699209  0.0027769
  0.00322718]
Compute pips
###############################
TGFM
###############################
Initialize variables
Warning: 481 variants have NaN gwas_beta. Setting to 0 with large SE.
Iterative optimization

Residual before update:
[-0.00077254  0.00015418  0.00121579 ...  0.00071713 -0.00949951
  0.00449914]

Residual before update:
[-0.00078689  0.00015372  0.00121362 ...  0.00071583 -0.00949972
  0.00449817]

Residual before update:
[-0.00077248  0.00015404  0.00121579 ...  0.00071714 -0.00949947
  0.00449914]

Residual before update:
[-0.00066007  0.00015703  0.00123197 ...  0.00072687 -0.00949781
  0.00450655]

Residual before update:
[-0.00077242  0.00015391  0.0012158  ...  0.00071714 -0.00949943
  0.00449915]

Residual before update:
[-0.00077654  0.00015396  0.00121578 ...  0.00071699 -0.00950127
  0.00449803]

Residual before update:
[-0.00077226  0.00015178  0.00121346 ...  0.00071371 -0.00953057
  0.00447001]

Residual before update:
[-0.00077234  0.00015373  0.0012158  ...  0.00071714 -0.00949938
  0.00449915]

Residual before update:
[-0.0007717   0.00014645  0.00121007 ...  0.00069834 -0.00950026
  0.00449799]

Residual before update:
[-0.00077228  0.00015362  0.00121581 ...  0.00071714 -0.00949934
  0.00449915]

Residual before update:
[-0.00077227  0.00015363  0.00121581 ...  0.00071714 -0.00949934
  0.00449915]

Residual before update:
[-0.00079157  0.0001533   0.00121352 ...  0.00071599 -0.0094995
  0.0044978 ]

Residual before update:
[-0.00077227  0.00015365  0.00121581 ...  0.00071714 -0.00949934
  0.00449915]

Residual before update:
[-0.00064574  0.00015829  0.00123219 ...  0.00072574 -0.00949885
  0.00450888]

Residual before update:
[-0.00077227  0.00015366  0.00121581 ...  0.00071714 -0.00949934
  0.00449915]

Residual before update:
[-0.00081864  0.00015399  0.00121523 ...  0.00071309 -0.00967878
  0.00439554]

Residual before update:
[-0.00077169  0.00015001  0.0012116  ...  0.0007184  -0.00952244
  0.00445641]

Residual before update:
[-0.00077226  0.00015367  0.00121581 ...  0.00071714 -0.00949933
  0.00449915]

Residual before update:
[-0.00077209  0.00014764  0.00121096 ...  0.00070167 -0.00950015
  0.00449826]

Residual before update:
[-0.00077226  0.00015367  0.00121581 ...  0.00071714 -0.00949933
  0.00449915]

Residual before update:
[-0.00077226  0.00015367  0.00121581 ...  0.00071714 -0.00949934
  0.00449915]

Residual before update:
[-0.00076642  0.00015409  0.00121787 ...  0.00071851 -0.00949912
  0.00449958]

Residual before update:
[-0.00077227  0.00015367  0.00121581 ...  0.00071714 -0.00949933
  0.00449915]

Residual before update:
[-0.00066728  0.00015807  0.00123148 ...  0.00072727 -0.0094977
  0.00450606]

Residual before update:
[-0.00077226  0.00015367  0.00121581 ...  0.00071714 -0.00949933
  0.00449915]

Residual before update:
[-0.00081829  0.000154    0.00121523 ...  0.00071312 -0.00967921
  0.00439533]

Residual before update:
[-0.00037326  0.00019347  0.00111947 ...  0.0009514  -0.01047094
  0.00451332]

Residual before update:
[-0.00077226  0.00015367  0.00121581 ...  0.00071714 -0.00949933
  0.00449915]

Residual before update:
[-0.00077123  0.00014702  0.00121262 ...  0.00070441 -0.00950016
  0.00449837]

Residual before update:
[-0.00077226  0.00015367  0.00121581 ...  0.00071714 -0.00949933
  0.00449915]

Residual before update:
[-0.00077226  0.00015367  0.00121581 ...  0.00071714 -0.00949934
  0.00449915]

Residual before update:
[-0.00074242  0.00015507  0.00122061 ...  0.00071986 -0.00949956
  0.00450147]

Residual before update:
[-0.00077227  0.00015367  0.00121581 ...  0.00071714 -0.00949933
  0.00449915]

Residual before update:
[-0.00066805  0.00015799  0.00123158 ...  0.00072703 -0.00949792
  0.00450606]

Residual before update:
[-0.00077226  0.00015367  0.00121581 ...  0.00071714 -0.00949933
  0.00449915]

Residual before update:
[-0.00081812  0.000154    0.00121523 ...  0.00071314 -0.00967943
  0.00439523]

Residual before update:
[-0.0007095  -0.00040216  0.00064309 ...  0.0009235  -0.01088351
 -0.00276407]

Residual before update:
[-0.00077226  0.00015367  0.00121581 ...  0.00071714 -0.00949933
  0.00449915]

Residual before update:
[-0.00073909  0.00016583  0.00136569 ...  0.00105775 -0.0094982
  0.00451945]

Residual before update:
[-0.00077226  0.00015367  0.00121581 ...  0.00071714 -0.00949933
  0.00449915]

Residual before update:
[-0.00077226  0.00015367  0.00121581 ...  0.00071714 -0.00949934
  0.00449915]

Residual before update:
[-0.00074282  0.00015506  0.00122049 ...  0.00071988 -0.00949944
  0.00450134]

Residual before update:
[-0.00077226  0.00015367  0.00121581 ...  0.00071714 -0.00949933
  0.00449915]

Residual before update:
[-0.00066829  0.00015799  0.00123163 ...  0.00072685 -0.00949806
  0.00450602]

Residual before update:
[-0.00077226  0.00015367  0.00121581 ...  0.00071714 -0.00949933
  0.00449915]

Residual before update:
[-0.00081804  0.000154    0.00121523 ...  0.00071314 -0.00967953
  0.00439519]
NaNs in component_non_med_pred at component 6

Residual before update:
[-8.01995776e-04 -1.26859954e-05  9.57678709e-04 ...  7.39216395e-04
 -1.02564375e-02  3.29294343e-03]
NaNs in residual_incl_alpha[23, :]
NaN in mixture_alpha_mu: b_terms=[nan nan nan nan nan nan nan nan nan nan nan nan nan nan nan nan nan]
NaNs in self.residual at bs_iter=23
NaNs in un_normalized_lv_alpha_weights
NaN in normalizing_term
NaNs in component_non_med_pred at component 7

Residual before update:
[-0.00077226  0.00015367  0.00121581 ...  0.00071714 -0.00949933
  0.00449915]
NaNs in residual_incl_alpha[23, :]
NaNs in gene_weights for bs_iter=23
NaN in mixture_alpha_mu: b_terms=[nan nan nan nan nan nan nan nan nan nan nan nan nan nan nan nan nan]
NaNs in self.residual at bs_iter=23
NaNs in un_normalized_lv_alpha_weights
NaN in normalizing_term
NaNs in component_non_med_pred at component 8

Residual before update:
[-0.00074152  0.00016626  0.00136246 ...  0.00104316 -0.00949852
  0.00451968]
NaNs in residual_incl_alpha[23, :]
NaNs in gene_weights for bs_iter=23
NaN in mixture_alpha_mu: b_terms=[nan nan nan nan nan nan nan nan nan nan nan nan nan nan nan nan nan]
NaNs in self.residual at bs_iter=23
NaNs in un_normalized_lv_alpha_weights
NaN in normalizing_term
NaNs in component_non_med_pred at component 9

Residual before update:
[-0.00077226  0.00015367  0.00121581 ...  0.00071714 -0.00949933
  0.00449915]
NaNs in residual_incl_alpha[23, :]
NaNs in gene_weights for bs_iter=23
NaN in mixture_alpha_mu: b_terms=[nan nan nan nan nan nan nan nan nan nan nan nan nan nan nan nan nan]
NaNs in self.residual at bs_iter=23
NaNs in un_normalized_lv_alpha_weights
NaN in normalizing_term
Compute pips
NaNs found in gene-tissue pair PIPs at indices: [ 0  1  2  3  4  5  6  7  8  9 10 11 12 13 14 15 16]
NaNs found in variant PIPs at indices: [    0     1     2 ... 10432 10433 10434]
NaNs found in gene PIPs at indices: [0 1 2 3 4 5 6]
###############################
TGFM
###############################
Initialize variables
Warning: 451 variants have NaN gwas_beta. Setting to 0 with large SE.
Iterative optimization

Residual before update:
[ 0.00113575  0.00284092 -0.00537412 ...  0.00711384 -0.0009419
  0.00653249]

Residual before update:
[ 0.00113575  0.00284092 -0.00537409 ...  0.00711358 -0.0009419
  0.00653249]

Residual before update:
[ 0.00113597  0.00284115 -0.00537379 ...  0.00711338 -0.00094166
  0.0065325 ]

Residual before update:
[ 0.00113578  0.00284101 -0.00537396 ...  0.00711761 -0.00094186
  0.00653371]

Residual before update:
[ 0.00113207  0.00283877 -0.00537394 ...  0.00711401 -0.0009418
  0.00653324]

Residual before update:
[ 0.00113572  0.00284092 -0.00537397 ...  0.00711258 -0.00094191
  0.00653245]

Residual before update:
[ 0.00113291  0.00284083 -0.00537002 ...  0.00712947 -0.00094048
  0.00653247]

Residual before update:
[ 0.0011357   0.00284092 -0.00537392 ...  0.00711208 -0.00094191
  0.00653243]

Residual before update:
[ 0.0011357   0.00284093 -0.00537389 ...  0.00711183 -0.00094191
  0.00653243]

Residual before update:
[ 0.00113569  0.00284093 -0.00537386 ...  0.00711158 -0.00094191
  0.00653242]

Residual before update:
[ 0.00113569  0.00284093 -0.00537386 ...  0.00711158 -0.00094191
  0.00653242]

Residual before update:
[ 0.00113569  0.00284093 -0.00537386 ...  0.00711158 -0.00094191
  0.00653242]

Residual before update:
[ 0.00113641  0.00284167 -0.00537332 ...  0.00711368 -0.00094117
  0.00653256]

Residual before update:
[ 0.00113583  0.00284118 -0.00537368 ...  0.007124   -0.00094179
  0.00653574]

Residual before update:
[ 0.00113509  0.00284181 -0.0053741  ...  0.0071141  -0.00093961
  0.00653311]

Residual before update:
[ 0.00113569  0.00284093 -0.00537386 ...  0.00711158 -0.00094191
  0.00653242]

Residual before update:
[ 0.00125171  0.0028409  -0.00526594 ...  0.00774343 -0.00088592
  0.00653249]

Residual before update:
[ 0.00113569  0.00284093 -0.00537386 ...  0.00711158 -0.00094191
  0.00653242]

Residual before update:
[ 0.00113569  0.00284093 -0.00537386 ...  0.00711158 -0.00094191
  0.00653242]

Residual before update:
[ 0.00113569  0.00284093 -0.00537386 ...  0.00711158 -0.00094191
  0.00653242]

Residual before update:
[ 0.00113569  0.00284093 -0.00537386 ...  0.00711158 -0.00094191
  0.00653242]

Residual before update:
[ 0.00113569  0.00284093 -0.00537386 ...  0.00711158 -0.00094191
  0.00653242]

Residual before update:
[ 0.00113634  0.00284158 -0.00537347 ...  0.00711391 -0.00094125
  0.00653255]

Residual before update:
[ 0.00113583  0.00284117 -0.00537368 ...  0.00712369 -0.00094177
  0.00653554]

Residual before update:
[ 0.00112502  0.00283181 -0.0053741  ...  0.00710852 -0.00094582
  0.00653333]

Residual before update:
[ 0.00113569  0.00284093 -0.00537386 ...  0.00711158 -0.00094191
  0.00653242]

Residual before update:
[ 0.00125378  0.00284093 -0.00526649 ...  0.00774223 -0.00088601
  0.00653249]

Residual before update:
[ 0.00113569  0.00284093 -0.00537386 ...  0.00711158 -0.00094191
  0.00653242]

Residual before update:
[ 0.00113569  0.00284093 -0.00537386 ...  0.00711158 -0.00094191
  0.00653242]

Residual before update:
[ 0.00113569  0.00284093 -0.00537386 ...  0.00711158 -0.00094191
  0.00653242]

Residual before update:
[ 0.00113569  0.00284093 -0.00537386 ...  0.00711158 -0.00094191
  0.00653242]

Residual before update:
[ 0.00113569  0.00284093 -0.00537386 ...  0.00711158 -0.00094191
  0.00653242]

Residual before update:
[ 0.00113635  0.00284161 -0.00537345 ...  0.00711391 -0.00094124
  0.00653255]

Residual before update:
[ 0.00113583  0.00284097 -0.00537379 ...  0.00712292 -0.00094178
  0.0065355 ]

Residual before update:
[ 0.0011327   0.00284226 -0.00537448 ...  0.00711411 -0.0009392
  0.00653285]

Residual before update:
[ 0.00113569  0.00284093 -0.00537386 ...  0.00711157 -0.00094191
  0.00653242]

Residual before update:
[ 0.00125363  0.00284095 -0.00526779 ...  0.00774584 -0.00088593
  0.00653249]

Residual before update:
[ 0.00113569  0.00284093 -0.00537386 ...  0.00711157 -0.00094191
  0.00653242]

Residual before update:
[ 0.00113569  0.00284093 -0.00537386 ...  0.00711157 -0.00094191
  0.00653242]

Residual before update:
[ 0.00113569  0.00284093 -0.00537386 ...  0.00711157 -0.00094191
  0.00653242]

Residual before update:
[ 0.00113569  0.00284093 -0.00537386 ...  0.00711157 -0.00094191
  0.00653242]

Residual before update:
[ 0.00113569  0.00284093 -0.00537386 ...  0.00711157 -0.00094191
  0.00653242]

Residual before update:
[ 0.00113634  0.0028416  -0.00537346 ...  0.00711391 -0.00094124
  0.00653255]

Residual before update:
[ 0.00113583  0.00284098 -0.00537378 ...  0.00712313 -0.00094178
  0.00653557]

Residual before update:
[ 0.00114306  0.0028568  -0.00537416 ...  0.00712261 -0.00092748
  0.00653338]

Residual before update:
[ 0.00113569  0.00284093 -0.00537386 ...  0.00711157 -0.00094191
  0.00653242]

Residual before update:
[ 0.00125361  0.00284095 -0.00526778 ...  0.00774564 -0.00088594
  0.00653249]

Residual before update:
[ 0.00113569  0.00284093 -0.00537386 ...  0.00711157 -0.00094191
  0.00653242]

Residual before update:
[ 0.00113569  0.00284093 -0.00537386 ...  0.00711157 -0.00094191
  0.00653242]

Residual before update:
[ 0.00113569  0.00284093 -0.00537386 ...  0.00711157 -0.00094191
  0.00653242]
Compute pips
###############################
TGFM
###############################
Initialize variables
Warning: 451 variants have NaN gwas_beta. Setting to 0 with large SE.
Iterative optimization

Residual before update:
[ 1.61862758e-03 -2.07858412e-03  1.55824634e-03 ... -1.13169483e-03
 -3.67893142e-03  5.39474283e-05]

Residual before update:
[ 1.61862295e-03 -2.07855528e-03  1.55824164e-03 ... -1.13170047e-03
 -3.67885305e-03  5.39418809e-05]

Residual before update:
[ 1.61861831e-03 -2.07852651e-03  1.55823691e-03 ... -1.13170638e-03
 -3.67877490e-03  5.39360691e-05]

Residual before update:
[ 1.61861381e-03 -2.07849811e-03  1.55823235e-03 ... -1.13171324e-03
 -3.67869752e-03  5.39294261e-05]

Residual before update:
[ 1.61860911e-03 -2.07846895e-03  1.55822756e-03 ... -1.13171806e-03
 -3.67861848e-03  5.39246130e-05]

Residual before update:
[ 1.61860443e-03 -2.07843999e-03  1.55822282e-03 ... -1.13172309e-03
 -3.67853955e-03  5.39196191e-05]

Residual before update:
[ 1.61859976e-03 -2.07841119e-03  1.55821808e-03 ... -1.13172875e-03
 -3.67846120e-03  5.39140450e-05]

Residual before update:
[ 1.61859498e-03 -2.07838241e-03  1.55821321e-03 ... -1.13173454e-03
 -3.67838289e-03  5.39083293e-05]

Residual before update:
[ 1.61859069e-03 -2.07835354e-03  1.55820888e-03 ... -1.13173992e-03
 -3.67830429e-03  5.39030598e-05]

Residual before update:
[ 1.61858599e-03 -2.07832554e-03  1.55820403e-03 ... -1.13174787e-03
 -3.67822815e-03  5.38953746e-05]

Residual before update:
[ 1.61858608e-03 -2.07832552e-03  1.55820421e-03 ... -1.13174754e-03
 -3.67822735e-03  5.38957211e-05]

Residual before update:
[ 1.61858592e-03 -2.07832485e-03  1.55820403e-03 ... -1.13174554e-03
 -3.67822564e-03  5.38975370e-05]

Residual before update:
[ 1.61858584e-03 -2.07832512e-03  1.55820389e-03 ... -1.13174675e-03
 -3.67822644e-03  5.38963566e-05]

Residual before update:
[ 1.61858626e-03 -2.07832624e-03  1.55820437e-03 ... -1.13174994e-03
 -3.67822888e-03  5.38935407e-05]

Residual before update:
[ 1.61858600e-03 -2.07832514e-03  1.55820408e-03 ... -1.13174705e-03
 -3.67822644e-03  5.38961325e-05]

Residual before update:
[ 1.61858588e-03 -2.07832481e-03  1.55820399e-03 ... -1.13174569e-03
 -3.67822513e-03  5.38973812e-05]

Residual before update:
[ 1.61858582e-03 -2.07832479e-03  1.55820392e-03 ... -1.13174570e-03
 -3.67822507e-03  5.38973540e-05]

Residual before update:
[ 1.61858563e-03 -2.07832479e-03  1.55820370e-03 ... -1.13174590e-03
 -3.67822505e-03  5.38971497e-05]

Residual before update:
[ 1.61858604e-03 -2.07832468e-03  1.55820416e-03 ... -1.13174557e-03
 -3.67822471e-03  5.38974942e-05]

Residual before update:
[ 1.61858593e-03 -2.07832542e-03  1.55820398e-03 ... -1.13174788e-03
 -3.67822682e-03  5.38953701e-05]

Residual before update:
[ 1.61858603e-03 -2.07832536e-03  1.55820416e-03 ... -1.13174756e-03
 -3.67822611e-03  5.38957013e-05]

Residual before update:
[ 1.61858586e-03 -2.07832466e-03  1.55820398e-03 ... -1.13174558e-03
 -3.67822450e-03  5.38974924e-05]

Residual before update:
[ 1.61858579e-03 -2.07832488e-03  1.55820384e-03 ... -1.13174680e-03
 -3.67822534e-03  5.38963094e-05]

Residual before update:
[ 1.61858620e-03 -2.07832595e-03  1.55820432e-03 ... -1.13174997e-03
 -3.67822777e-03  5.38935007e-05]

Residual before update:
[ 1.61858595e-03 -2.07832484e-03  1.55820402e-03 ... -1.13174711e-03
 -3.67822541e-03  5.38960741e-05]

Residual before update:
[ 1.61858582e-03 -2.07832450e-03  1.55820393e-03 ... -1.13174575e-03
 -3.67822415e-03  5.38973187e-05]

Residual before update:
[ 1.61858577e-03 -2.07832446e-03  1.55820386e-03 ... -1.13174577e-03
 -3.67822410e-03  5.38972891e-05]

Residual before update:
[ 1.61858557e-03 -2.07832445e-03  1.55820365e-03 ... -1.13174596e-03
 -3.67822409e-03  5.38970826e-05]

Residual before update:
[ 1.61858598e-03 -2.07832433e-03  1.55820410e-03 ... -1.13174564e-03
 -3.67822377e-03  5.38974272e-05]

Residual before update:
[ 1.61858588e-03 -2.07832506e-03  1.55820392e-03 ... -1.13174795e-03
 -3.67822585e-03  5.38952982e-05]

Residual before update:
[ 1.61858597e-03 -2.07832500e-03  1.55820410e-03 ... -1.13174763e-03
 -3.67822514e-03  5.38956303e-05]

Residual before update:
[ 1.61858581e-03 -2.07832431e-03  1.55820392e-03 ... -1.13174565e-03
 -3.67822356e-03  5.38974254e-05]

Residual before update:
[ 1.61858573e-03 -2.07832453e-03  1.55820378e-03 ... -1.13174687e-03
 -3.67822438e-03  5.38962400e-05]

Residual before update:
[ 1.61858614e-03 -2.07832559e-03  1.55820426e-03 ... -1.13175005e-03
 -3.67822677e-03  5.38934249e-05]

Residual before update:
[ 1.61858589e-03 -2.07832449e-03  1.55820396e-03 ... -1.13174718e-03
 -3.67822444e-03  5.38960041e-05]

Residual before update:
[ 1.61858577e-03 -2.07832415e-03  1.55820387e-03 ... -1.13174582e-03
 -3.67822320e-03  5.38972515e-05]

Residual before update:
[ 1.61858571e-03 -2.07832412e-03  1.55820381e-03 ... -1.13174584e-03
 -3.67822315e-03  5.38972219e-05]

Residual before update:
[ 1.61858552e-03 -2.07832410e-03  1.55820359e-03 ... -1.13174603e-03
 -3.67822314e-03  5.38970148e-05]

Residual before update:
[ 1.61858592e-03 -2.07832399e-03  1.55820404e-03 ... -1.13174571e-03
 -3.67822282e-03  5.38973603e-05]

Residual before update:
[ 1.61858582e-03 -2.07832470e-03  1.55820386e-03 ... -1.13174802e-03
 -3.67822488e-03  5.38952265e-05]

Residual before update:
[ 1.61858591e-03 -2.07832465e-03  1.55820404e-03 ... -1.13174771e-03
 -3.67822417e-03  5.38955594e-05]

Residual before update:
[ 1.61858575e-03 -2.07832396e-03  1.55820387e-03 ... -1.13174572e-03
 -3.67822260e-03  5.38973582e-05]
NaNs in component_non_med_pred at component 2

Residual before update:
[ 1.61858567e-03 -2.07832418e-03  1.55820372e-03 ... -1.13174694e-03
 -3.67822341e-03  5.38961704e-05]
NaNs in residual_incl_alpha[99, :]
NaN in mixture_alpha_mu: b_terms=[nan nan nan nan nan nan nan]
NaNs in self.residual at bs_iter=99
NaNs in un_normalized_lv_alpha_weights
NaN in normalizing_term
NaNs in component_non_med_pred at component 3

Residual before update:
[ 1.61858608e-03 -2.07832523e-03  1.55820420e-03 ... -1.13175013e-03
 -3.67822578e-03  5.38933489e-05]
NaNs in residual_incl_alpha[99, :]
NaNs in gene_weights for bs_iter=99
NaN in mixture_alpha_mu: b_terms=[nan nan nan nan nan nan nan]
NaNs in self.residual at bs_iter=99
NaNs in un_normalized_lv_alpha_weights
NaN in normalizing_term
NaNs in component_non_med_pred at component 4

Residual before update:
[ 1.61858583e-03 -2.07832414e-03  1.55820390e-03 ... -1.13174725e-03
 -3.67822347e-03  5.38959339e-05]
NaNs in residual_incl_alpha[99, :]
NaNs in gene_weights for bs_iter=99
NaN in mixture_alpha_mu: b_terms=[nan nan nan nan nan nan nan]
NaNs in self.residual at bs_iter=99
NaNs in un_normalized_lv_alpha_weights
NaN in normalizing_term
NaNs in component_non_med_pred at component 5

Residual before update:
[ 1.61858571e-03 -2.07832380e-03  1.55820382e-03 ... -1.13174589e-03
 -3.67822224e-03  5.38971841e-05]
NaNs in residual_incl_alpha[99, :]
NaNs in gene_weights for bs_iter=99
NaN in mixture_alpha_mu: b_terms=[nan nan nan nan nan nan nan]
NaNs in self.residual at bs_iter=99
NaNs in un_normalized_lv_alpha_weights
NaN in normalizing_term
NaNs in component_non_med_pred at component 6

Residual before update:
[ 1.61858565e-03 -2.07832377e-03  1.55820375e-03 ... -1.13174591e-03
 -3.67822220e-03  5.38971544e-05]
NaNs in residual_incl_alpha[99, :]
NaNs in gene_weights for bs_iter=99
NaN in mixture_alpha_mu: b_terms=[nan nan nan nan nan nan nan]
NaNs in self.residual at bs_iter=99
NaNs in un_normalized_lv_alpha_weights
NaN in normalizing_term
NaNs in component_non_med_pred at component 7

Residual before update:
[ 1.61858546e-03 -2.07832375e-03  1.55820353e-03 ... -1.13174610e-03
 -3.67822218e-03  5.38969469e-05]
NaNs in residual_incl_alpha[99, :]
NaNs in gene_weights for bs_iter=99
NaN in mixture_alpha_mu: b_terms=[nan nan nan nan nan nan nan]
NaNs in self.residual at bs_iter=99
NaNs in un_normalized_lv_alpha_weights
NaN in normalizing_term
NaNs in component_non_med_pred at component 8

Residual before update:
[ 1.61858587e-03 -2.07832364e-03  1.55820399e-03 ... -1.13174578e-03
 -3.67822186e-03  5.38972931e-05]
NaNs in residual_incl_alpha[99, :]
NaNs in gene_weights for bs_iter=99
NaN in mixture_alpha_mu: b_terms=[nan nan nan nan nan nan nan]
NaNs in self.residual at bs_iter=99
NaNs in un_normalized_lv_alpha_weights
NaN in normalizing_term
NaNs in component_non_med_pred at component 9

Residual before update:
[ 1.61858576e-03 -2.07832435e-03  1.55820380e-03 ... -1.13174810e-03
 -3.67822390e-03  5.38951546e-05]
NaNs in residual_incl_alpha[99, :]
NaNs in gene_weights for bs_iter=99
NaN in mixture_alpha_mu: b_terms=[nan nan nan nan nan nan nan]
NaNs in self.residual at bs_iter=99
NaNs in un_normalized_lv_alpha_weights
NaN in normalizing_term
Compute pips
NaNs found in gene-tissue pair PIPs at indices: [0 1 2 3 4 5 6]
NaNs found in variant PIPs at indices: [   0    1    2 ... 9652 9653 9654]
NaNs found in gene PIPs at indices: [0 1]
###############################
TGFM
###############################
Initialize variables
Warning: 439 variants have NaN gwas_beta. Setting to 0 with large SE.
Iterative optimization

Residual before update:
[ 0.00920559  0.00605537  0.00865726 ...  0.0029679   0.00296084
 -0.00279914]

Residual before update:
[ 0.00920552  0.00605536  0.0086572  ...  0.00296791  0.00296085
 -0.00279914]

Residual before update:
[ 0.00920544  0.00605535  0.00865714 ...  0.00296792  0.00296085
 -0.00279913]

Residual before update:
[ 0.00920536  0.00605533  0.00865709 ...  0.00296793  0.00296085
 -0.00279913]

Residual before update:
[ 0.00920528  0.00605532  0.00865703 ...  0.00296794  0.00296086
 -0.00279913]

Residual before update:
[ 0.00920523  0.00605531  0.00865699 ...  0.00296795  0.00296086
 -0.00279912]

Residual before update:
[ 0.00920511  0.0060553   0.00865692 ...  0.00296795  0.00296087
 -0.00279912]

Residual before update:
[ 0.00920504  0.00605529  0.00865686 ...  0.00296796  0.00296087
 -0.00279912]

Residual before update:
[ 0.00920496  0.00605527  0.0086568  ...  0.00296797  0.00296088
 -0.00279911]

Residual before update:
[ 0.00920488  0.00605526  0.00865675 ...  0.00296798  0.00296088
 -0.00279911]

Residual before update:
[ 0.00920488  0.00605526  0.00865675 ...  0.00296798  0.00296088
 -0.00279911]

Residual before update:
[ 0.00920492  0.00605526  0.00865677 ...  0.00296798  0.00296088
 -0.00279911]

Residual before update:
[ 0.00920488  0.00605526  0.00865675 ...  0.00296798  0.00296088
 -0.00279911]

Residual before update:
[ 0.00920488  0.00605526  0.00865675 ...  0.00296798  0.00296088
 -0.00279911]

Residual before update:
[ 0.00920488  0.00605526  0.00865675 ...  0.00296798  0.00296088
 -0.00279911]

Residual before update:
[ 0.00920495  0.00605526  0.00865678 ...  0.00296798  0.00296088
 -0.00279911]

Residual before update:
[ 0.00920487  0.00605526  0.00865674 ...  0.00296798  0.00296088
 -0.00279911]

Residual before update:
[ 0.00920488  0.00605526  0.00865675 ...  0.00296798  0.00296088
 -0.00279911]

Residual before update:
[ 0.00920488  0.00605526  0.00865675 ...  0.00296798  0.00296088
 -0.00279911]

Residual before update:
[ 0.00920488  0.00605526  0.00865675 ...  0.00296798  0.00296088
 -0.00279911]

Residual before update:
[ 0.00920488  0.00605526  0.00865675 ...  0.00296798  0.00296088
 -0.00279911]

Residual before update:
[ 0.00920492  0.00605526  0.00865677 ...  0.00296798  0.00296088
 -0.00279911]

Residual before update:
[ 0.00920488  0.00605526  0.00865675 ...  0.00296798  0.00296088
 -0.00279911]

Residual before update:
[ 0.00920488  0.00605526  0.00865675 ...  0.00296798  0.00296088
 -0.00279911]

Residual before update:
[ 0.00920488  0.00605526  0.00865675 ...  0.00296798  0.00296088
 -0.00279911]

Residual before update:
[ 0.00920494  0.00605526  0.00865678 ...  0.00296798  0.00296088
 -0.00279911]

Residual before update:
[ 0.00920487  0.00605526  0.00865674 ...  0.00296798  0.00296088
 -0.00279911]

Residual before update:
[ 0.00920488  0.00605526  0.00865675 ...  0.00296798  0.00296088
 -0.00279911]

Residual before update:
[ 0.00920488  0.00605526  0.00865674 ...  0.00296798  0.00296088
 -0.00279911]

Residual before update:
[ 0.00920488  0.00605526  0.00865675 ...  0.00296798  0.00296088
 -0.00279911]

Residual before update:
[ 0.00920488  0.00605526  0.00865675 ...  0.00296798  0.00296088
 -0.00279911]

Residual before update:
[ 0.00920492  0.00605526  0.00865677 ...  0.00296798  0.00296088
 -0.00279911]

Residual before update:
[ 0.00920488  0.00605526  0.00865674 ...  0.00296798  0.00296088
 -0.00279911]

Residual before update:
[ 0.00920488  0.00605526  0.00865674 ...  0.00296798  0.00296088
 -0.00279911]

Residual before update:
[ 0.00920488  0.00605526  0.00865675 ...  0.00296798  0.00296088
 -0.00279911]

Residual before update:
[ 0.00920494  0.00605526  0.00865678 ...  0.00296798  0.00296088
 -0.00279911]

Residual before update:
[ 0.00920487  0.00605526  0.00865674 ...  0.00296798  0.00296088
 -0.00279911]

Residual before update:
[ 0.00920488  0.00605526  0.00865674 ...  0.00296798  0.00296088
 -0.00279911]

Residual before update:
[ 0.00920488  0.00605526  0.00865674 ...  0.00296798  0.00296088
 -0.00279911]

Residual before update:
[ 0.00920488  0.00605526  0.00865674 ...  0.00296798  0.00296088
 -0.00279911]

Residual before update:
[ 0.00920488  0.00605526  0.00865674 ...  0.00296798  0.00296088
 -0.00279911]

Residual before update:
[ 0.00920492  0.00605526  0.00865677 ...  0.00296798  0.00296088
 -0.00279911]

Residual before update:
[ 0.00920488  0.00605526  0.00865674 ...  0.00296798  0.00296088
 -0.00279911]

Residual before update:
[ 0.00920488  0.00605526  0.00865674 ...  0.00296798  0.00296088
 -0.00279911]

Residual before update:
[ 0.00920488  0.00605526  0.00865674 ...  0.00296798  0.00296088
 -0.00279911]

Residual before update:
[ 0.00920494  0.00605526  0.00865677 ...  0.00296798  0.00296088
 -0.00279911]

Residual before update:
[ 0.00920487  0.00605526  0.00865674 ...  0.00296798  0.00296088
 -0.00279911]

Residual before update:
[ 0.00920488  0.00605526  0.00865674 ...  0.00296798  0.00296088
 -0.00279911]

Residual before update:
[ 0.00920487  0.00605526  0.00865674 ...  0.00296798  0.00296088
 -0.00279911]

Residual before update:
[ 0.00920488  0.00605526  0.00865674 ...  0.00296798  0.00296088
 -0.00279911]
Compute pips
###############################
TGFM
###############################
Initialize variables
Warning: 460 variants have NaN gwas_beta. Setting to 0 with large SE.
Iterative optimization

Residual before update:
[ 0.00135923  0.00720239  0.01314704 ...  0.00025651 -0.00717304
 -0.01103973]

Residual before update:
[ 0.00135876  0.00720209  0.01314618 ...  0.00025324 -0.00718748
 -0.01106061]

Residual before update:
[ 0.00135889  0.00720312  0.01314763 ...  0.00025878 -0.00714608
 -0.01101415]

Residual before update:
[ 0.00135889  0.00720282  0.01314705 ...  0.00026012 -0.00714362
 -0.01100973]

Residual before update:
[ 0.00135854  0.00720112  0.01313822 ...  0.00026022 -0.00715338
 -0.0110322 ]

Residual before update:
[ 0.00135888  0.00720217  0.01314565 ...  0.00026132 -0.00714177
 -0.0110065 ]

Residual before update:
[ 0.00135869  0.00719578  0.01314206 ...  0.00026029 -0.00714592
 -0.01101021]

Residual before update:
[ 0.00135887  0.00720151  0.0131442  ...  0.000262   -0.00714068
 -0.0110046 ]

Residual before update:
[ 0.00135886  0.00720118  0.01314347 ...  0.00026225 -0.00714026
 -0.01100387]

Residual before update:
[ 0.00135885  0.00720084  0.01314274 ...  0.00026247 -0.0071399
 -0.01100323]

Residual before update:
[ 0.00135903  0.00720292  0.01314488 ...  0.00026456 -0.00712944
 -0.0109908 ]

Residual before update:
[ 0.0013586   0.00719935  0.01314032 ...  0.00025576 -0.00718558
 -0.01105565]

Residual before update:
[ 0.00135871  0.00720108  0.01314193 ...  0.00026288 -0.00714802
 -0.01104695]

Residual before update:
[ 0.00135893  0.00720183  0.01314545 ...  0.00026251 -0.00709239
 -0.01091321]

Residual before update:
[ 0.00136005  0.00720523  0.01314119 ...  0.00024952 -0.00719794
 -0.01108993]

Residual before update:
[ 0.00135877  0.00720284  0.01314541 ...  0.00025758 -0.007065
 -0.01088672]

Residual before update:
[ 0.05503463  0.0405791   0.34254415 ... -1.70174155 -0.48754113
  0.363223  ]

Residual before update:
[ 0.00135863  0.00720379  0.01314551 ...  0.00025352 -0.0070433
 -0.01086796]

Residual before update:
[ 0.00135847  0.00720392  0.01314427 ...  0.00025091 -0.00705442
 -0.01090799]

Residual before update:
[ 0.00135846  0.0072039   0.01314424 ...  0.00025037 -0.00705497
 -0.01090806]

Residual before update:
[ 0.00135925  0.00720429  0.01314919 ...  0.00026199 -0.00712682
 -0.01101081]

Residual before update:
[ 0.00135834  0.00720205  0.01314242 ...  0.00024131 -0.0070963
 -0.01092237]

Residual before update:
[ 0.00135822  0.0072031   0.01314062 ...  0.00024968 -0.00711245
 -0.01104607]

Residual before update:
[ 0.00135893  0.00720381  0.01314896 ...  0.00025457 -0.00700289
 -0.01074403]

Residual before update:
[ 0.0013604   0.00720468  0.01312998 ...  0.00024997 -0.00721029
 -0.01111236]

Residual before update:
[ 0.00135872  0.00720397  0.01314712 ...  0.00025154 -0.00698791
 -0.01074224]

Residual before update:
[ 0.00036151 -0.12831103 -0.06442256 ... -0.03090928 -0.06201419
 -0.04068508]

Residual before update:
[ 0.00135844  0.00720428  0.01314461 ...  0.00024802 -0.00698551
 -0.01077936]

Residual before update:
[ 0.00135813  0.00720455  0.01314181 ...  0.0002446  -0.00700972
 -0.01087152]

Residual before update:
[ 0.00135812  0.00720453  0.01314177 ...  0.00024405 -0.0070101
 -0.01087122]

Residual before update:
[ 0.00136183  0.00720363  0.01320259 ...  0.00025695 -0.00712432
 -0.0109601 ]

Residual before update:
[ 0.00135803  0.00720272  0.01314005 ...  0.00023555 -0.00704961
 -0.01088069]

Residual before update:
[ 0.00135782  0.00720351  0.01313699 ...  0.00024339 -0.00709209
 -0.01106377]

Residual before update:
[ 0.00135894  0.00720445  0.01314973 ...  0.00025103 -0.00693969
 -0.01063116]

Residual before update:
[ 0.00135903  0.00720071  0.01312493 ...  0.00025059 -0.00721313
 -0.011121  ]

Residual before update:
[ 0.00135872  0.00720449  0.01314773 ...  0.00024879 -0.00693467
 -0.01064701]

Residual before update:
[ 0.00035232 -0.12923093 -0.06492871 ... -0.03103495 -0.06235659
 -0.04089421]

Residual before update:
[ 0.0013584   0.00720451  0.01314462 ...  0.00024529 -0.00694164
 -0.01070025]

Residual before update:
[ 0.00135799  0.00720478  0.01314069 ...  0.00024082 -0.0069744
 -0.01082434]

Residual before update:
[ 0.00135798  0.0072047   0.01314065 ...  0.0002405  -0.00697488
 -0.01082526]

Residual before update:
[ 0.00136119  0.00720367  0.01320428 ...  0.00025572 -0.00712014
 -0.01095096]

Residual before update:
[ 0.00135787  0.0072029   0.01313891 ...  0.00023216 -0.00701368
 -0.01083599]

Residual before update:
[ 0.00135756  0.0072035   0.01313456 ...  0.00023968 -0.00708126
 -0.01107736]

Residual before update:
[ 0.00135894  0.00720457  0.01315009 ...  0.00024884 -0.00690188
 -0.01056355]

Residual before update:
[ 0.00135874  0.00719969  0.01312423 ...  0.00025083 -0.00721356
 -0.01112149]

Residual before update:
[ 0.00135872  0.00720458  0.01314794 ...  0.00024688 -0.00690232
 -0.01058983]

Residual before update:
[ 0.00034413 -0.1300523  -0.06538052 ... -0.03114779 -0.06266293
 -0.04108093]

Residual before update:
[ 0.00135838  0.00720455  0.01314461 ...  0.00024383 -0.00691282
 -0.01064984]

Residual before update:
[ 0.0013579   0.00720488  0.01314014 ...  0.00023846 -0.0069507
 -0.01079101]

Residual before update:
[ 0.0013579   0.00720472  0.01314011 ...  0.00023841 -0.00695146
 -0.01079336]
Compute pips
###############################
TGFM
###############################
Initialize variables
Warning: 416 variants have NaN gwas_beta. Setting to 0 with large SE.
Iterative optimization

Residual before update:
[ 0.00721269 -0.00076051  0.00223757 ...  0.00871853 -0.00280841
  0.00075576]

Residual before update:
[ 0.00721263 -0.00076057  0.00223685 ...  0.00871326 -0.00280914
  0.0007555 ]

Residual before update:
[ 0.00721527 -0.00075948  0.00223977 ...  0.0087166  -0.00280772
  0.00075615]

Residual before update:
[ 0.00721539 -0.00075939  0.0022401  ...  0.00871654 -0.00280769
  0.0007562 ]

Residual before update:
[ 0.00721546 -0.00075935  0.00224023 ...  0.00871641 -0.00280767
  0.00075624]

Residual before update:
[ 0.00721551 -0.0007595   0.00224019 ...  0.00871638 -0.00280808
  0.00075528]

Residual before update:
[ 0.00721554 -0.0007593   0.00224038 ...  0.00871614 -0.00280764
  0.00075629]

Residual before update:
[ 0.0072155  -0.00076209  0.00223976 ...  0.00871598 -0.00281081
  0.00075611]

Residual before update:
[ 0.0072156  -0.00075928  0.00224049 ...  0.00871584 -0.00280761
  0.00075633]

Residual before update:
[ 0.00721563 -0.00075928  0.00224052 ...  0.00871569 -0.0028076
  0.00075634]

Residual before update:
[ 0.00721571 -0.00075921  0.00224128 ...  0.0087208  -0.00280686
  0.00075662]

Residual before update:
[ 0.0072086  -0.0007596   0.00224344 ...  0.00869407 -0.00281267
  0.00075485]

Residual before update:
[ 0.00721648 -0.00075882  0.00223735 ...  0.00871575 -0.00280722
  0.00075636]

Residual before update:
[ 0.00721749 -0.00076159  0.00224644 ...  0.00871621 -0.00280975
  0.00075632]

Residual before update:
[ 0.00721587 -0.00075888  0.00223923 ...  0.00871614 -0.00280707
  0.00075639]

Residual before update:
[ 0.00721737 -0.00075844  0.00224485 ...  0.00871735 -0.00280501
  0.00075831]

Residual before update:
[ 0.00721555 -0.00075889  0.0022424  ...  0.00871658 -0.00280691
  0.00075651]

Residual before update:
[ 0.00721649 -0.00076242  0.00224984 ...  0.00871688 -0.00281084
  0.00075665]

Residual before update:
[ 0.00721576 -0.00075886  0.00224751 ...  0.00871687 -0.00280677
  0.00075674]

Residual before update:
[ 0.0072157  -0.00075888  0.00224748 ...  0.00871677 -0.0028068
  0.00075674]

Residual before update:
[ 0.00721577 -0.00075882  0.0022483  ...  0.0087235  -0.00280577
  0.00075711]

Residual before update:
[ 0.00721252 -0.00076053  0.00223743 ...  0.00871262 -0.00280927
  0.00075561]

Residual before update:
[ 0.00721454 -0.00075898  0.00223738 ...  0.00871611 -0.00280714
  0.00075624]

Residual before update:
[ 0.00721821 -0.00075845  0.00226004 ...  0.00871632 -0.00280643
  0.00075742]

Residual before update:
[ 0.00721418 -0.00075902  0.00223694 ...  0.00871616 -0.0028071
  0.00075616]

Residual before update:
[ 0.00721598 -0.00075894  0.0022419  ...  0.00871729 -0.00280654
  0.00075593]

Residual before update:
[ 0.00721436 -0.00075899  0.00224072 ...  0.0087163  -0.00280691
  0.00075632]

Residual before update:
[ 0.00721691 -0.00075941  0.00225773 ...  0.00871679 -0.00280726
  0.00075713]

Residual before update:
[ 0.00721539 -0.00075882  0.00225068 ...  0.00871697 -0.00280652
  0.00075682]

Residual before update:
[ 0.00721531 -0.00075886  0.00225068 ...  0.00871687 -0.00280655
  0.00075682]

Residual before update:
[ 0.00721535 -0.00075884  0.00225144 ...  0.00872396 -0.00280542
  0.00075723]

Residual before update:
[ 0.0072125  -0.00076054  0.00223743 ...  0.00871267 -0.00280925
  0.00075563]

Residual before update:
[ 0.00721332 -0.00075918  0.0022361  ...  0.00871655 -0.002807
  0.00075608]

Residual before update:
[ 0.00721842 -0.00075927  0.00226759 ...  0.00871688 -0.00280698
  0.00075773]

Residual before update:
[ 0.00721311 -0.0007592   0.00223553 ...  0.00871656 -0.002807
  0.00075602]

Residual before update:
[ 0.00721594 -0.00075849  0.00224119 ...  0.00871676 -0.00280494
  0.00075791]

Residual before update:
[ 0.00721352 -0.00075914  0.00223934 ...  0.00871668 -0.00280683
  0.00075618]

Residual before update:
[ 0.00721727 -0.00075915  0.00226345 ...  0.00871711 -0.00280673
  0.00075735]

Residual before update:
[ 0.00721529 -0.00075889  0.00225389 ...  0.00871734 -0.00280633
  0.00075693]

Residual before update:
[ 0.00721521 -0.00075896  0.00225388 ...  0.00871727 -0.00280637
  0.00075692]

Residual before update:
[ 0.00721523 -0.00075897  0.00225459 ...  0.00872391 -0.00280532
  0.0007573 ]

Residual before update:
[ 0.0072125  -0.00076054  0.00223744 ...  0.00871267 -0.00280925
  0.00075564]

Residual before update:
[ 0.00721272 -0.00075936  0.00223517 ...  0.00871667 -0.00280697
  0.00075597]

Residual before update:
[ 0.0072186  -0.00075927  0.00227209 ...  0.00871708 -0.0028067
  0.00075796]

Residual before update:
[ 0.00721254 -0.00075937  0.00223461 ...  0.00871667 -0.00280697
  0.00075593]

Residual before update:
[ 0.00721475 -0.00075885  0.0022364  ...  0.00871518 -0.00280738
  0.00075591]
NaNs in component_non_med_pred at component 6

Residual before update:
[ 0.00721305 -0.00075929  0.00223867 ...  0.00871678 -0.0028068
  0.00075609]
NaNs in residual_incl_alpha[71, :]
NaN in mixture_alpha_mu: b_terms=[nan nan nan nan nan nan nan nan nan nan nan nan nan nan nan nan nan nan
 nan nan nan nan nan]
NaNs in self.residual at bs_iter=71
NaNs in un_normalized_lv_alpha_weights
NaN in normalizing_term
NaNs in component_non_med_pred at component 7

Residual before update:
[ 0.00721754 -0.00075914  0.00226714 ...  0.00871727 -0.00280656
  0.00075746]
NaNs in residual_incl_alpha[71, :]
NaNs in gene_weights for bs_iter=71
NaN in mixture_alpha_mu: b_terms=[nan nan nan nan nan nan nan nan nan nan nan nan nan nan nan nan nan nan
 nan nan nan nan nan]
NaNs in self.residual at bs_iter=71
NaNs in un_normalized_lv_alpha_weights
NaN in normalizing_term
NaNs in component_non_med_pred at component 8

Residual before update:
[ 0.00721527 -0.00075894  0.00225605 ...  0.00871747 -0.00280621
  0.000757  ]
NaNs in residual_incl_alpha[71, :]
NaNs in gene_weights for bs_iter=71
NaN in mixture_alpha_mu: b_terms=[nan nan nan nan nan nan nan nan nan nan nan nan nan nan nan nan nan nan
 nan nan nan nan nan]
NaNs in self.residual at bs_iter=71
NaNs in un_normalized_lv_alpha_weights
NaN in normalizing_term
NaNs in component_non_med_pred at component 9

Residual before update:
[ 0.00721519 -0.00075907  0.00225605 ...  0.00871745 -0.00280627
  0.00075699]
NaNs in residual_incl_alpha[71, :]
NaNs in gene_weights for bs_iter=71
NaN in mixture_alpha_mu: b_terms=[nan nan nan nan nan nan nan nan nan nan nan nan nan nan nan nan nan nan
 nan nan nan nan nan]
NaNs in self.residual at bs_iter=71
NaNs in un_normalized_lv_alpha_weights
NaN in normalizing_term
Compute pips
NaNs found in gene-tissue pair PIPs at indices: [ 0  1  2  3  4  5  6  7  8  9 10 11 12 13 14 15 16 17 18 19 20 21 22]
NaNs found in variant PIPs at indices: [    0     1     2 ... 10798 10799 10800]
NaNs found in gene PIPs at indices: [0 1 2 3 4 5 6]
###############################
TGFM
###############################
Initialize variables
Warning: 320 variants have NaN gwas_beta. Setting to 0 with large SE.
Iterative optimization

Residual before update:
[-0.0031162  -0.00541849  0.00586444 ... -0.00919051 -0.00327606
 -0.01091854]

Residual before update:
[-0.00311619 -0.00541846  0.00586443 ... -0.00918935 -0.00327598
 -0.01091848]

Residual before update:
[-0.00311619 -0.00541842  0.00586442 ... -0.0091882  -0.0032759
 -0.01091841]

Residual before update:
[-0.00311618 -0.00541839  0.00586442 ... -0.00918704 -0.00327582
 -0.01091835]

Residual before update:
[-0.00311617 -0.00541836  0.00586441 ... -0.00918588 -0.00327573
 -0.01091829]

Residual before update:
[-0.00311616 -0.00541832  0.00586441 ... -0.00918473 -0.00327565
 -0.01091822]

Residual before update:
[-0.00311616 -0.00541829  0.0058644  ... -0.00918357 -0.00327557
 -0.01091816]

Residual before update:
[-0.00311615 -0.00541569  0.0058664  ... -0.0091858  -0.0032632
 -0.01090452]

Residual before update:
[-0.00311614 -0.00541822  0.00586439 ... -0.00918126 -0.0032754
 -0.01091804]

Residual before update:
[-0.00311468 -0.00541409  0.00589526 ... -0.00915437 -0.00326794
 -0.01088364]

Residual before update:
[-0.00311614 -0.00541818  0.00586439 ... -0.00918011 -0.00327532
 -0.01091797]

Residual before update:
[-0.00311614 -0.00541818  0.00586439 ... -0.00918011 -0.00327532
 -0.01091797]

Residual before update:
[-0.00311614 -0.00541818  0.00586439 ... -0.00918011 -0.00327532
 -0.01091797]

Residual before update:
[-0.00311614 -0.00541818  0.00586439 ... -0.00918012 -0.00327532
 -0.01091797]

Residual before update:
[-0.00311614 -0.00541818  0.00586439 ... -0.00918011 -0.00327532
 -0.01091797]

Residual before update:
[-0.00311614 -0.00541818  0.00586439 ... -0.00918011 -0.00327532
 -0.01091797]

Residual before update:
[-0.00311614 -0.00541818  0.00586439 ... -0.00918011 -0.00327532
 -0.01091797]

Residual before update:
[-0.00311442 -0.00541361  0.00586149 ... -0.0091861  -0.00325978
 -0.01090671]

Residual before update:
[-0.00311614 -0.00541818  0.00586439 ... -0.00918011 -0.00327532
 -0.01091797]

Residual before update:
[-0.0031137  -0.00541389  0.00589398 ... -0.00915057 -0.00327153
 -0.01087851]

Residual before update:
[-0.00311614 -0.00541818  0.00586439 ... -0.0091801  -0.00327532
 -0.01091797]

Residual before update:
[-0.00311614 -0.00541818  0.00586439 ... -0.0091801  -0.00327532
 -0.01091797]

Residual before update:
[-0.00311614 -0.00541818  0.00586439 ... -0.0091801  -0.00327532
 -0.01091797]

Residual before update:
[-0.00311614 -0.00541818  0.00586439 ... -0.0091801  -0.00327532
 -0.01091797]

Residual before update:
[-0.00311614 -0.00541818  0.00586439 ... -0.00918009 -0.00327532
 -0.01091797]

Residual before update:
[-0.00311614 -0.00541818  0.00586439 ... -0.00918009 -0.00327532
 -0.01091797]

Residual before update:
[-0.00311614 -0.00541818  0.00586439 ... -0.00918009 -0.00327532
 -0.01091797]

Residual before update:
[-0.00311461 -0.00541505  0.00586256 ... -0.00918899 -0.00325993
 -0.01090448]

Residual before update:
[-0.00311614 -0.00541818  0.00586439 ... -0.00918008 -0.00327531
 -0.01091797]

Residual before update:
[-0.00311369 -0.005414    0.00589261 ... -0.00914878 -0.00327226
 -0.0108789 ]

Residual before update:
[-0.00311614 -0.00541818  0.00586439 ... -0.00918008 -0.00327531
 -0.01091797]

Residual before update:
[-0.00311614 -0.00541818  0.00586439 ... -0.00918007 -0.00327531
 -0.01091797]

Residual before update:
[-0.00311614 -0.00541818  0.00586439 ... -0.00918007 -0.00327531
 -0.01091797]

Residual before update:
[-0.00311614 -0.00541818  0.00586439 ... -0.00918007 -0.00327531
 -0.01091797]

Residual before update:
[-0.00311614 -0.00541818  0.00586439 ... -0.00918006 -0.00327531
 -0.01091797]

Residual before update:
[-0.00311614 -0.00541818  0.00586439 ... -0.00918006 -0.00327531
 -0.01091797]

Residual before update:
[-0.00311614 -0.00541818  0.00586439 ... -0.00918006 -0.00327531
 -0.01091797]

Residual before update:
[-0.00311457 -0.00541493  0.00586281 ... -0.00918899 -0.00325937
 -0.0109038 ]

Residual before update:
[-0.00311614 -0.00541818  0.00586439 ... -0.00918005 -0.00327531
 -0.01091797]

Residual before update:
[-0.00311371 -0.00541406  0.00589262 ... -0.00914893 -0.00327237
 -0.01087875]

Residual before update:
[-0.00311614 -0.00541818  0.00586439 ... -0.00918005 -0.00327531
 -0.01091797]

Residual before update:
[-0.00311614 -0.00541818  0.00586439 ... -0.00918005 -0.00327531
 -0.01091797]

Residual before update:
[-0.00311614 -0.00541818  0.00586439 ... -0.00918004 -0.00327531
 -0.01091797]

Residual before update:
[-0.00311614 -0.00541818  0.00586439 ... -0.00918004 -0.00327531
 -0.01091797]

Residual before update:
[-0.00311614 -0.00541818  0.00586439 ... -0.00918004 -0.00327531
 -0.01091797]

Residual before update:
[-0.00311614 -0.00541818  0.00586439 ... -0.00918003 -0.00327531
 -0.01091797]

Residual before update:
[-0.00311614 -0.00541818  0.00586439 ... -0.00918003 -0.00327531
 -0.01091797]

Residual before update:
[-0.0031145  -0.0054148   0.00586285 ... -0.00918896 -0.00325869
 -0.01090319]

Residual before update:
[-0.00311614 -0.00541818  0.00586439 ... -0.00918002 -0.00327531
 -0.01091797]

Residual before update:
[-0.00311372 -0.00541409  0.00589276 ... -0.00914915 -0.0032724
 -0.01087858]
Compute pips
###############################
TGFM
###############################
Initialize variables
Warning: 272 variants have NaN gwas_beta. Setting to 0 with large SE.
Iterative optimization

Residual before update:
[ 0.00619378 -0.00441496  0.00395109 ... -0.00410712  0.00077731
 -0.00163558]

Residual before update:
[ 0.00619375 -0.00441499  0.00395108 ... -0.00410712  0.00077731
 -0.00163561]

Residual before update:
[ 0.00619373 -0.00441503  0.00395108 ... -0.00410712  0.00077731
 -0.00163564]

Residual before update:
[ 0.0061937  -0.00441506  0.00395108 ... -0.00410712  0.0007773
 -0.00163566]

Residual before update:
[ 0.00619367 -0.00441509  0.00395107 ... -0.00410712  0.0007773
 -0.00163569]

Residual before update:
[ 0.00619365 -0.00441512  0.00395107 ... -0.00410712  0.0007773
 -0.00163571]

Residual before update:
[ 0.00619362 -0.00441515  0.00395106 ... -0.00410712  0.0007773
 -0.00163574]

Residual before update:
[ 0.00619359 -0.00441519  0.00395106 ... -0.00410711  0.0007773
 -0.00163577]

Residual before update:
[ 0.00619356 -0.00441522  0.00395106 ... -0.00410711  0.0007773
 -0.00163579]

Residual before update:
[ 0.00619354 -0.00441525  0.00395105 ... -0.00410711  0.0007773
 -0.00163582]

Residual before update:
[ 0.00619354 -0.00441524  0.00395105 ... -0.00410711  0.0007773
 -0.00163582]

Residual before update:
[ 0.00619354 -0.00441524  0.00395105 ... -0.00410711  0.0007773
 -0.00163582]

Residual before update:
[ 0.00619354 -0.00441524  0.00395105 ... -0.00410711  0.0007773
 -0.00163581]

Residual before update:
[ 0.00619354 -0.00441524  0.00395105 ... -0.00410711  0.0007773
 -0.00163581]

Residual before update:
[ 0.00619354 -0.00441524  0.00395105 ... -0.00410711  0.0007773
 -0.00163581]

Residual before update:
[ 0.00619354 -0.00441524  0.00395105 ... -0.00410711  0.0007773
 -0.00163581]

Residual before update:
[ 0.00619354 -0.00441524  0.00395105 ... -0.00410711  0.0007773
 -0.00163581]

Residual before update:
[ 0.00619354 -0.00441524  0.00395105 ... -0.00410711  0.0007773
 -0.00163581]

Residual before update:
[ 0.00619354 -0.00441524  0.00395105 ... -0.00410711  0.0007773
 -0.00163581]

Residual before update:
[ 0.00619354 -0.00441524  0.00395105 ... -0.00410711  0.0007773
 -0.00163581]

Residual before update:
[ 0.00619354 -0.00441524  0.00395105 ... -0.00410711  0.0007773
 -0.00163581]

Residual before update:
[ 0.00619354 -0.00441524  0.00395105 ... -0.00410711  0.0007773
 -0.00163581]

Residual before update:
[ 0.00619354 -0.00441524  0.00395105 ... -0.00410711  0.0007773
 -0.00163581]

Residual before update:
[ 0.00619354 -0.00441524  0.00395105 ... -0.00410711  0.0007773
 -0.00163581]

Residual before update:
[ 0.00619354 -0.00441524  0.00395105 ... -0.00410711  0.0007773
 -0.00163581]

Residual before update:
[ 0.00619354 -0.00441524  0.00395105 ... -0.00410711  0.0007773
 -0.00163581]

Residual before update:
[ 0.00619354 -0.00441524  0.00395105 ... -0.00410711  0.0007773
 -0.00163581]

Residual before update:
[ 0.00619354 -0.00441524  0.00395105 ... -0.00410711  0.0007773
 -0.00163581]

Residual before update:
[ 0.00619354 -0.00441524  0.00395105 ... -0.00410711  0.0007773
 -0.00163581]

Residual before update:
[ 0.00619354 -0.00441524  0.00395105 ... -0.00410711  0.0007773
 -0.00163581]

Residual before update:
[ 0.00619354 -0.00441524  0.00395105 ... -0.00410711  0.0007773
 -0.00163581]

Residual before update:
[ 0.00619354 -0.00441524  0.00395105 ... -0.00410711  0.0007773
 -0.00163581]

Residual before update:
[ 0.00619354 -0.00441524  0.00395105 ... -0.00410711  0.0007773
 -0.00163581]

Residual before update:
[ 0.00619354 -0.00441524  0.00395105 ... -0.00410711  0.0007773
 -0.00163581]

Residual before update:
[ 0.00619354 -0.00441524  0.00395105 ... -0.00410711  0.0007773
 -0.00163581]

Residual before update:
[ 0.00619354 -0.00441524  0.00395105 ... -0.00410711  0.0007773
 -0.00163581]

Residual before update:
[ 0.00619354 -0.00441524  0.00395105 ... -0.00410711  0.0007773
 -0.00163582]

Residual before update:
[ 0.00619354 -0.00441524  0.00395105 ... -0.00410711  0.0007773
 -0.00163582]

Residual before update:
[ 0.00619354 -0.00441524  0.00395105 ... -0.00410711  0.0007773
 -0.00163581]

Residual before update:
[ 0.00619354 -0.00441524  0.00395105 ... -0.00410711  0.0007773
 -0.00163582]

Residual before update:
[ 0.00619354 -0.00441524  0.00395105 ... -0.00410711  0.0007773
 -0.00163581]

Residual before update:
[ 0.00619354 -0.00441524  0.00395105 ... -0.00410711  0.0007773
 -0.00163582]

Residual before update:
[ 0.00619354 -0.00441524  0.00395105 ... -0.00410711  0.0007773
 -0.00163582]

Residual before update:
[ 0.00619354 -0.00441524  0.00395105 ... -0.00410711  0.0007773
 -0.00163582]

Residual before update:
[ 0.00619354 -0.00441524  0.00395105 ... -0.00410711  0.0007773
 -0.00163582]

Residual before update:
[ 0.00619354 -0.00441524  0.00395105 ... -0.00410711  0.0007773
 -0.00163582]

Residual before update:
[ 0.00619354 -0.00441524  0.00395105 ... -0.00410711  0.0007773
 -0.00163582]

Residual before update:
[ 0.00619354 -0.00441524  0.00395105 ... -0.00410711  0.0007773
 -0.00163582]

Residual before update:
[ 0.00619354 -0.00441524  0.00395105 ... -0.00410711  0.0007773
 -0.00163582]

Residual before update:
[ 0.00619354 -0.00441524  0.00395105 ... -0.00410711  0.0007773
 -0.00163582]
Compute pips
###############################
TGFM
###############################
Initialize variables
Warning: 344 variants have NaN gwas_beta. Setting to 0 with large SE.
Iterative optimization

Residual before update:
[-0.00333618 -0.00046932  0.00292113 ... -0.0023433  -0.00233192
  0.00193964]

Residual before update:
[-0.00333613 -0.00046925  0.00292108 ... -0.0023433  -0.00233193
  0.00193963]

Residual before update:
[-0.00333609 -0.00046919  0.00292104 ... -0.0023433  -0.00233193
  0.00193962]

Residual before update:
[-0.00333604 -0.00046912  0.002921   ... -0.0023433  -0.00233193
  0.00193962]

Residual before update:
[-0.00333599 -0.00046905  0.00292096 ... -0.0023433  -0.00233194
  0.00193961]

Residual before update:
[-0.00333594 -0.00046899  0.00292091 ... -0.0023433  -0.00233194
  0.00193961]

Residual before update:
[-0.00333589 -0.00046892  0.00292087 ... -0.00234331 -0.00233195
  0.0019396 ]

Residual before update:
[-0.00333585 -0.00046885  0.00292083 ... -0.00234331 -0.00233195
  0.0019396 ]

Residual before update:
[-0.0033358  -0.00046879  0.00292079 ... -0.00234331 -0.00233196
  0.00193959]

Residual before update:
[-0.00333575 -0.00046872  0.00292075 ... -0.00234331 -0.00233196
  0.00193958]

Residual before update:
[-0.00333574 -0.00046871  0.00292075 ... -0.00234331 -0.00233196
  0.00193958]

Residual before update:
[-0.00333574 -0.00046871  0.00292076 ... -0.00234331 -0.00233196
  0.00193958]

Residual before update:
[-0.00333573 -0.00046871  0.00292076 ... -0.00234331 -0.00233196
  0.00193958]

Residual before update:
[-0.00333573 -0.00046871  0.00292076 ... -0.00234331 -0.00233196
  0.00193958]

Residual before update:
[-0.00333573 -0.00046871  0.00292076 ... -0.00234331 -0.00233196
  0.00193958]

Residual before update:
[-0.00333573 -0.0004687   0.00292076 ... -0.00234331 -0.00233196
  0.00193958]

Residual before update:
[-0.00333572 -0.0004687   0.00292076 ... -0.00234331 -0.00233196
  0.00193958]

Residual before update:
[-0.00333572 -0.0004687   0.00292076 ... -0.00234331 -0.00233196
  0.00193958]

Residual before update:
[-0.00333572 -0.0004687   0.00292076 ... -0.00234331 -0.00233196
  0.00193958]

Residual before update:
[-0.00333572 -0.00046871  0.00292076 ... -0.00234331 -0.00233196
  0.00193958]

Residual before update:
[-0.00333572 -0.0004687   0.00292076 ... -0.00234331 -0.00233196
  0.00193958]

Residual before update:
[-0.00333572 -0.0004687   0.00292076 ... -0.00234331 -0.00233196
  0.00193958]

Residual before update:
[-0.00333572 -0.0004687   0.00292076 ... -0.00234331 -0.00233196
  0.00193958]

Residual before update:
[-0.00333572 -0.0004687   0.00292076 ... -0.00234331 -0.00233196
  0.00193958]

Residual before update:
[-0.00333572 -0.0004687   0.00292076 ... -0.00234331 -0.00233196
  0.00193958]

Residual before update:
[-0.00333572 -0.0004687   0.00292076 ... -0.00234331 -0.00233196
  0.00193958]

Residual before update:
[-0.00333572 -0.0004687   0.00292076 ... -0.00234331 -0.00233196
  0.00193958]

Residual before update:
[-0.00333572 -0.0004687   0.00292076 ... -0.00234331 -0.00233196
  0.00193958]

Residual before update:
[-0.00333572 -0.0004687   0.00292076 ... -0.00234331 -0.00233196
  0.00193958]

Residual before update:
[-0.00333572 -0.00046871  0.00292076 ... -0.00234331 -0.00233196
  0.00193958]

Residual before update:
[-0.00333572 -0.0004687   0.00292076 ... -0.00234331 -0.00233196
  0.00193958]

Residual before update:
[-0.00333572 -0.0004687   0.00292076 ... -0.00234331 -0.00233196
  0.00193958]

Residual before update:
[-0.00333572 -0.0004687   0.00292076 ... -0.00234331 -0.00233196
  0.00193958]

Residual before update:
[-0.00333572 -0.0004687   0.00292076 ... -0.00234331 -0.00233196
  0.00193958]

Residual before update:
[-0.00333572 -0.0004687   0.00292076 ... -0.00234331 -0.00233196
  0.00193958]

Residual before update:
[-0.00333572 -0.0004687   0.00292076 ... -0.00234331 -0.00233196
  0.00193958]

Residual before update:
[-0.00333572 -0.0004687   0.00292076 ... -0.00234331 -0.00233196
  0.00193958]

Residual before update:
[-0.00333572 -0.0004687   0.00292076 ... -0.00234331 -0.00233196
  0.00193958]

Residual before update:
[-0.00333572 -0.0004687   0.00292076 ... -0.00234331 -0.00233196
  0.00193958]

Residual before update:
[-0.00333572 -0.0004687   0.00292076 ... -0.00234331 -0.00233196
  0.00193958]

Residual before update:
[-0.00333572 -0.0004687   0.00292076 ... -0.00234331 -0.00233196
  0.00193958]

Residual before update:
[-0.00333572 -0.0004687   0.00292076 ... -0.00234331 -0.00233196
  0.00193958]

Residual before update:
[-0.00333572 -0.0004687   0.00292076 ... -0.00234331 -0.00233196
  0.00193958]

Residual before update:
[-0.00333572 -0.0004687   0.00292076 ... -0.00234331 -0.00233196
  0.00193958]

Residual before update:
[-0.00333572 -0.0004687   0.00292076 ... -0.00234331 -0.00233196
  0.00193958]

Residual before update:
[-0.00333572 -0.0004687   0.00292076 ... -0.00234331 -0.00233196
  0.00193958]

Residual before update:
[-0.00333572 -0.0004687   0.00292076 ... -0.00234331 -0.00233196
  0.00193958]

Residual before update:
[-0.00333572 -0.0004687   0.00292076 ... -0.00234331 -0.00233196
  0.00193958]

Residual before update:
[-0.00333572 -0.0004687   0.00292076 ... -0.00234331 -0.00233196
  0.00193958]

Residual before update:
[-0.00333572 -0.0004687   0.00292076 ... -0.00234331 -0.00233196
  0.00193958]
Compute pips
###############################
TGFM
###############################
Initialize variables
Warning: 377 variants have NaN gwas_beta. Setting to 0 with large SE.
Iterative optimization

Residual before update:
[ 7.00201509e-04 -1.63558355e-03  9.21522737e-04 ... -8.87143895e-05
 -5.13346519e-03 -6.28064082e-03]

Residual before update:
[ 7.00211878e-04 -1.63553496e-03  9.21533107e-04 ... -8.87088604e-05
 -5.13342056e-03 -6.28061075e-03]

Residual before update:
[ 7.00222278e-04 -1.63548616e-03  9.21543507e-04 ... -8.87033201e-05
 -5.13337596e-03 -6.28058069e-03]

Residual before update:
[ 7.00232645e-04 -1.63543764e-03  9.21553873e-04 ... -8.86977978e-05
 -5.13333146e-03 -6.28055070e-03]

Residual before update:
[ 7.00087169e-04 -1.63566653e-03  9.21408398e-04 ... -8.88744803e-05
 -5.14258798e-03 -6.30571380e-03]

Residual before update:
[ 7.00253316e-04 -1.63533958e-03  9.21574544e-04 ... -8.86867564e-05
 -5.13324264e-03 -6.28049092e-03]

Residual before update:
[ 7.00263724e-04 -1.63529388e-03  9.21584952e-04 ... -8.86812211e-05
 -5.13319834e-03 -6.28046105e-03]

Residual before update:
[ 7.00273951e-04 -1.63524329e-03  9.21595179e-04 ... -8.86757454e-05
 -5.13315416e-03 -6.28043124e-03]

Residual before update:
[ 7.00284382e-04 -1.63520271e-03  9.21605611e-04 ... -8.86702166e-05
 -5.13310992e-03 -6.28040159e-03]

Residual before update:
[ 7.00569413e-04 -1.63495512e-03  9.21890642e-04 ... -8.85694497e-05
 -5.13408203e-03 -6.28103103e-03]

Residual before update:
[ 7.00294777e-04 -1.63514624e-03  9.21616006e-04 ... -8.86647633e-05
 -5.13306635e-03 -6.28037232e-03]

Residual before update:
[ 7.00294585e-04 -1.63514666e-03  9.21615813e-04 ... -8.86648290e-05
 -5.13306702e-03 -6.28037280e-03]

Residual before update:
[ 7.00294729e-04 -1.63514565e-03  9.21615957e-04 ... -8.86647777e-05
 -5.13306720e-03 -6.28037296e-03]

Residual before update:
[ 7.00294686e-04 -1.63514609e-03  9.21615914e-04 ... -8.86648106e-05
 -5.13306756e-03 -6.28037319e-03]

Residual before update:
[ 6.99959231e-04 -1.63574605e-03  9.21280460e-04 ... -8.90595984e-05
 -5.15323326e-03 -6.33485056e-03]

Residual before update:
[ 7.00294569e-04 -1.63514451e-03  9.21615797e-04 ... -8.86648251e-05
 -5.13306798e-03 -6.28037358e-03]

Residual before update:
[ 7.00294666e-04 -1.63514906e-03  9.21615894e-04 ... -8.86647958e-05
 -5.13306811e-03 -6.28037362e-03]

Residual before update:
[ 7.00294515e-04 -1.63514597e-03  9.21615743e-04 ... -8.86648424e-05
 -5.13306823e-03 -6.28037363e-03]

Residual before update:
[ 7.00294644e-04 -1.63515489e-03  9.21615872e-04 ... -8.86648095e-05
 -5.13306813e-03 -6.28037371e-03]

Residual before update:
[ 6.98643030e-04 -1.63487649e-03  9.19964259e-04 ... -8.83685708e-05
 -5.13618781e-03 -6.28220143e-03]

Residual before update:
[ 7.00294766e-04 -1.63514580e-03  9.21615995e-04 ... -8.86648142e-05
 -5.13306798e-03 -6.28037361e-03]

Residual before update:
[ 7.00294614e-04 -1.63514614e-03  9.21615843e-04 ... -8.86648479e-05
 -5.13306811e-03 -6.28037368e-03]

Residual before update:
[ 7.00294794e-04 -1.63514507e-03  9.21616022e-04 ... -8.86647691e-05
 -5.13306782e-03 -6.28037348e-03]

Residual before update:
[ 7.00294779e-04 -1.63514546e-03  9.21616008e-04 ... -8.86647790e-05
 -5.13306779e-03 -6.28037342e-03]

Residual before update:
[ 6.99960988e-04 -1.63574153e-03  9.21282216e-04 ... -8.90573834e-05
 -5.15315386e-03 -6.33462539e-03]

Residual before update:
[ 7.00294707e-04 -1.63514379e-03  9.21615935e-04 ... -8.86647587e-05
 -5.13306763e-03 -6.28037337e-03]

Residual before update:
[ 7.00294817e-04 -1.63514832e-03  9.21616046e-04 ... -8.86647182e-05
 -5.13306757e-03 -6.28037326e-03]

Residual before update:
[ 7.00294677e-04 -1.63514520e-03  9.21615905e-04 ... -8.86647571e-05
 -5.13306756e-03 -6.28037318e-03]

Residual before update:
[ 7.00294809e-04 -1.63515414e-03  9.21616038e-04 ... -8.86647211e-05
 -5.13306741e-03 -6.28037323e-03]

Residual before update:
[-1.56975062e+07 -3.03084540e+05 -1.56975034e+07 ... -7.86685088e+03
 -1.12158028e+07 -7.72580580e+06]

Residual before update:
[ 7.00294930e-04 -1.63514503e-03  9.21616159e-04 ... -8.86647269e-05
 -5.13306727e-03 -6.28037313e-03]

Residual before update:
[ 7.00294778e-04 -1.63514537e-03  9.21616007e-04 ... -8.86647606e-05
 -5.13306740e-03 -6.28037321e-03]

Residual before update:
[ 7.00294958e-04 -1.63514430e-03  9.21616186e-04 ... -8.86646820e-05
 -5.13306713e-03 -6.28037302e-03]

Residual before update:
[ 7.00294943e-04 -1.63514469e-03  9.21616171e-04 ... -8.86646924e-05
 -5.13306710e-03 -6.28037295e-03]

Residual before update:
[ 6.99961304e-04 -1.63574033e-03  9.21282533e-04 ... -8.90576637e-05
 -5.15316675e-03 -6.33464811e-03]

Residual before update:
[ 7.00294870e-04 -1.63514301e-03  9.21616098e-04 ... -8.86646719e-05
 -5.13306694e-03 -6.28037291e-03]

Residual before update:
[ 7.00294981e-04 -1.63514755e-03  9.21616209e-04 ... -8.86646314e-05
 -5.13306688e-03 -6.28037280e-03]

Residual before update:
[ 7.00294841e-04 -1.63514442e-03  9.21616069e-04 ... -8.86646699e-05
 -5.13306687e-03 -6.28037271e-03]

Residual before update:
[ 7.00294973e-04 -1.63515338e-03  9.21616201e-04 ... -8.86646342e-05
 -5.13306672e-03 -6.28037276e-03]

Residual before update:
[3.95919064e+35 7.64433188e+33 3.95918993e+35 ... 1.98415988e+32
 2.82882523e+35 1.94858582e+35]

Residual before update:
[ 7.00295094e-04 -1.63514426e-03  9.21616322e-04 ... -8.86646401e-05
 -5.13306658e-03 -6.28037267e-03]

Residual before update:
[ 7.00294943e-04 -1.63514460e-03  9.21616171e-04 ... -8.86646735e-05
 -5.13306671e-03 -6.28037274e-03]

Residual before update:
[ 7.00295122e-04 -1.63514352e-03  9.21616350e-04 ... -8.86645948e-05
 -5.13306643e-03 -6.28037255e-03]

Residual before update:
[ 7.00295106e-04 -1.63514392e-03  9.21616335e-04 ... -8.86646056e-05
 -5.13306641e-03 -6.28037249e-03]

Residual before update:
[ 6.99960905e-04 -1.63574004e-03  9.21282134e-04 ... -8.90585194e-05
 -5.15321594e-03 -6.33478020e-03]

Residual before update:
[ 7.00295034e-04 -1.63514224e-03  9.21616262e-04 ... -8.86645847e-05
 -5.13306624e-03 -6.28037244e-03]

Residual before update:
[ 7.00295145e-04 -1.63514679e-03  9.21616373e-04 ... -8.86645442e-05
 -5.13306619e-03 -6.28037234e-03]

Residual before update:
[ 7.00295005e-04 -1.63514365e-03  9.21616234e-04 ... -8.86645823e-05
 -5.13306617e-03 -6.28037225e-03]

Residual before update:
[ 7.00295137e-04 -1.63515263e-03  9.21616365e-04 ... -8.86645470e-05
 -5.13306603e-03 -6.28037230e-03]

Residual before update:
[-1.02524530e+64 -1.97952462e+62 -1.02524512e+64 ... -5.13804659e+60
 -7.32533499e+63 -5.04592640e+63]
Compute pips
###############################
TGFM
###############################
Initialize variables
Warning: 311 variants have NaN gwas_beta. Setting to 0 with large SE.
Iterative optimization

Residual before update:
[ 0.00352902 -0.00736258 -0.00689212 ...  0.00590753  0.00646358
 -0.00123196]

Residual before update:
[ 0.00352901 -0.00736259 -0.00689213 ...  0.00590752  0.00646357
 -0.001232  ]

Residual before update:
[ 0.00352899 -0.00736259 -0.00689213 ...  0.0059075   0.00646355
 -0.00123204]

Residual before update:
[ 0.00352898 -0.0073626  -0.00689214 ...  0.00590748  0.00646353
 -0.00123208]

Residual before update:
[ 0.00352896 -0.0073626  -0.00689215 ...  0.00590747  0.00646351
 -0.00123212]

Residual before update:
[ 0.00352895 -0.00736261 -0.00689215 ...  0.00590745  0.0064635
 -0.00123216]

Residual before update:
[ 0.00352893 -0.00736262 -0.00689216 ...  0.00590743  0.00646348
 -0.0012322 ]

Residual before update:
[-2.83024737e+07 -6.36849941e+07 -1.16411190e+08 ... -1.52291045e+10
 -1.50955755e+10 -3.86737356e+10]

Residual before update:
[ 2.74914901e+13  2.65981343e+14  3.47562500e+14 ... -1.09090739e+16
 -1.09841927e+16 -5.91091808e+15]

Residual before update:
[ 0.00352888 -0.00736263 -0.00689218 ...  0.00590738  0.00646343
 -0.00123232]

Residual before update:
[ 0.00352889 -0.00736263 -0.00689218 ...  0.00590738  0.00646343
 -0.00123231]

Residual before update:
[ 0.00352889 -0.00736263 -0.00689218 ...  0.00590738  0.00646343
 -0.00123231]

Residual before update:
[ 0.00352889 -0.00736263 -0.00689218 ...  0.00590738  0.00646343
 -0.00123232]

Residual before update:
[ 0.00352889 -0.00736263 -0.00689218 ...  0.00590738  0.00646343
 -0.00123232]

Residual before update:
[ 0.00352889 -0.00736263 -0.00689218 ...  0.00590738  0.00646343
 -0.00123232]

Residual before update:
[ 0.00352889 -0.00736263 -0.00689218 ...  0.00590739  0.00646343
 -0.00123231]

Residual before update:
[ 0.00352889 -0.00736263 -0.00689218 ...  0.00590738  0.00646343
 -0.00123231]

Residual before update:
[-2.40000580e+35 -5.40038855e+35 -9.87148805e+35 ... -1.29140440e+38
 -1.28008135e+38 -3.27947269e+38]

Residual before update:
[ 4.09095550e+47  3.95801665e+48  5.17201004e+48 ... -1.62335778e+50
 -1.63453606e+50 -8.79591599e+49]

Residual before update:
[ 0.00352888 -0.00736263 -0.00689218 ...  0.00590738  0.00646343
 -0.00123232]

Residual before update:
[ 0.00352888 -0.00736263 -0.00689218 ...  0.00590738  0.00646343
 -0.00123231]

Residual before update:
[ 0.00352889 -0.00736263 -0.00689218 ...  0.00590738  0.00646343
 -0.00123231]

Residual before update:
[ 0.00352888 -0.00736263 -0.00689218 ...  0.00590738  0.00646343
 -0.00123232]

Residual before update:
[ 0.00352888 -0.00736263 -0.00689218 ...  0.00590738  0.00646343
 -0.00123232]

Residual before update:
[ 0.00352888 -0.00736263 -0.00689218 ...  0.00590738  0.00646343
 -0.00123232]

Residual before update:
[ 0.00352888 -0.00736263 -0.00689218 ...  0.00590738  0.00646343
 -0.00123231]

Residual before update:
[ 0.00352888 -0.00736263 -0.00689218 ...  0.00590738  0.00646343
 -0.00123232]

Residual before update:
[-2.03624914e+63 -4.58187915e+63 -8.37531685e+63 ... -1.09567281e+66
 -1.08606593e+66 -2.78241971e+66]

Residual before update:
[ 6.11954041e+81  5.92068109e+82  7.73665821e+82 ... -2.42833332e+84
 -2.44505458e+84 -1.31575529e+84]

Residual before update:
[ 0.00352888 -0.00736263 -0.00689218 ...  0.00590738  0.00646343
 -0.00123232]

Residual before update:
[ 0.00352888 -0.00736263 -0.00689218 ...  0.00590738  0.00646343
 -0.00123231]

Residual before update:
[ 0.00352888 -0.00736263 -0.00689218 ...  0.00590738  0.00646343
 -0.00123232]

Residual before update:
[ 0.00352888 -0.00736263 -0.00689218 ...  0.00590738  0.00646343
 -0.00123232]

Residual before update:
[ 0.00352888 -0.00736263 -0.00689218 ...  0.00590738  0.00646343
 -0.00123232]

Residual before update:
[ 0.00352888 -0.00736263 -0.00689218 ...  0.00590738  0.00646343
 -0.00123232]

Residual before update:
[ 0.00352888 -0.00736263 -0.00689218 ...  0.00590738  0.00646343
 -0.00123231]

Residual before update:
[ 0.00352888 -0.00736263 -0.00689218 ...  0.00590738  0.00646343
 -0.00123232]

Residual before update:
[-1.72762522e+91 -3.88742705e+91 -7.10591270e+91 ... -9.29607259e+93
 -9.21456447e+93 -2.36070252e+94]

Residual before update:
[ 9.15404112e+115  8.85657329e+116  1.15730402e+117 ... -3.63247263e+118
 -3.65748547e+118 -1.96819977e+118]

Residual before update:
[ 0.00352888 -0.00736263 -0.00689218 ...  0.00590738  0.00646343
 -0.00123232]

Residual before update:
[ 0.00352888 -0.00736263 -0.00689218 ...  0.00590738  0.00646343
 -0.00123232]

Residual before update:
[ 0.00352888 -0.00736263 -0.00689218 ...  0.00590738  0.00646343
 -0.00123232]

Residual before update:
[ 0.00352888 -0.00736263 -0.00689218 ...  0.00590738  0.00646343
 -0.00123232]

Residual before update:
[ 0.00352888 -0.00736263 -0.00689218 ...  0.00590738  0.00646343
 -0.00123232]

Residual before update:
[ 0.00352888 -0.00736263 -0.00689218 ...  0.00590738  0.00646343
 -0.00123232]

Residual before update:
[ 0.00352888 -0.00736263 -0.00689218 ...  0.00590738  0.00646343
 -0.00123231]

Residual before update:
[ 0.00352888 -0.00736263 -0.00689218 ...  0.00590738  0.00646343
 -0.00123232]

Residual before update:
[-1.46577786e+119 -3.29822952e+119 -6.02890568e+119 ... -7.88711419e+121
 -7.81795984e+121 -2.00290285e+122]
NaNs in component_non_med_pred at component 8

Residual before update:
[nan nan nan ... nan nan nan]
NaNs in residual_incl_alpha[8, :]
NaN in mixture_alpha_mu: b_terms=[nan nan nan nan nan nan nan]
NaNs in self.residual at bs_iter=8
NaNs in un_normalized_lv_alpha_weights
NaN in normalizing_term
NaNs in component_non_med_pred at component 9

Residual before update:
[ 0.00352888 -0.00736263 -0.00689218 ...  0.00590738  0.00646343
 -0.00123232]
NaNs in residual_incl_alpha[8, :]
NaNs in gene_weights for bs_iter=8
NaN in mixture_alpha_mu: b_terms=[nan nan nan nan nan nan nan]
NaNs in self.residual at bs_iter=8
NaNs in un_normalized_lv_alpha_weights
NaN in normalizing_term
Compute pips
NaNs found in gene-tissue pair PIPs at indices: [0 1 2 3 4 5 6]
NaNs found in variant PIPs at indices: [   0    1    2 ... 9355 9356 9357]
NaNs found in gene PIPs at indices: [0 1 2]
###############################
TGFM
###############################
Initialize variables
Warning: 270 variants have NaN gwas_beta. Setting to 0 with large SE.
Iterative optimization

Residual before update:
[-0.00818718  0.00558866  0.00149595 ...  0.00165689  0.00524682
 -0.00797218]

Residual before update:
[-0.00818615  0.00558866  0.00149613 ...  0.00165689  0.00524682
 -0.00797136]

Residual before update:
[-0.00818512  0.00558866  0.00149631 ...  0.0016569   0.00524681
 -0.00797053]

Residual before update:
[-0.0081841   0.00558866  0.00149649 ...  0.0016569   0.00524681
 -0.00796971]

Residual before update:
[-0.00818308  0.00558866  0.00149667 ...  0.0016569   0.0052468
 -0.00796888]

Residual before update:
[-0.00818484  0.00559018  0.0014977  ...  0.00165631  0.00524844
 -0.00796795]

Residual before update:
[-0.00818106  0.00558866  0.00149703 ...  0.00165691  0.00524679
 -0.00796723]

Residual before update:
[-0.00818005  0.00558865  0.0014972  ...  0.00165691  0.00524678
 -0.0079664 ]

Residual before update:
[-0.00817905  0.00558865  0.00149738 ...  0.00165692  0.00524678
 -0.00796558]

Residual before update:
[-0.00817805  0.00558865  0.00149755 ...  0.00165692  0.00524678
 -0.00796476]

Residual before update:
[-0.00817808  0.00558865  0.00149755 ...  0.00165692  0.00524678
 -0.00796476]

Residual before update:
[-0.00817811  0.00558865  0.00149754 ...  0.00165692  0.00524678
 -0.00796476]

Residual before update:
[-0.00817813  0.00558865  0.00149754 ...  0.00165692  0.00524678
 -0.00796476]

Residual before update:
[-0.00817815  0.00558865  0.00149753 ...  0.00165692  0.00524678
 -0.00796476]

Residual before update:
[-0.00817817  0.00558865  0.00149753 ...  0.00165692  0.00524678
 -0.00796476]

Residual before update:
[-0.00819655  0.00557988  0.00147607 ...  0.00162866  0.00521331
 -0.00797093]

Residual before update:
[-0.00817819  0.00558865  0.00149752 ...  0.00165692  0.00524678
 -0.00796476]

Residual before update:
[-0.00817819  0.00558865  0.00149752 ...  0.00165692  0.00524678
 -0.00796475]

Residual before update:
[-0.00817819  0.00558865  0.00149752 ...  0.00165692  0.00524678
 -0.00796475]

Residual before update:
[-0.00817819  0.00558865  0.00149752 ...  0.00165692  0.00524678
 -0.00796475]

Residual before update:
[-0.00817819  0.00558865  0.00149752 ...  0.00165692  0.00524678
 -0.00796475]

Residual before update:
[-0.00817819  0.00558865  0.00149752 ...  0.00165692  0.00524678
 -0.00796475]

Residual before update:
[-0.00817818  0.00558865  0.00149753 ...  0.00165692  0.00524678
 -0.00796475]

Residual before update:
[-0.00817818  0.00558865  0.00149753 ...  0.00165692  0.00524678
 -0.00796474]

Residual before update:
[-0.00817818  0.00558865  0.00149753 ...  0.00165692  0.00524678
 -0.00796474]

Residual before update:
[-0.00819879  0.00557927  0.001474   ...  0.00162656  0.00520952
 -0.0079708 ]

Residual before update:
[-0.00817817  0.00558865  0.00149753 ...  0.00165692  0.00524678
 -0.00796474]

Residual before update:
[-0.00817817  0.00558865  0.00149753 ...  0.00165692  0.00524678
 -0.00796473]

Residual before update:
[-0.00817817  0.00558865  0.00149753 ...  0.00165692  0.00524678
 -0.00796473]

Residual before update:
[-0.00817816  0.00558865  0.00149753 ...  0.00165692  0.00524678
 -0.00796473]

Residual before update:
[-0.00817816  0.00558865  0.00149753 ...  0.00165692  0.00524678
 -0.00796473]

Residual before update:
[-0.00817816  0.00558865  0.00149753 ...  0.00165692  0.00524678
 -0.00796473]

Residual before update:
[-0.00817816  0.00558865  0.00149753 ...  0.00165692  0.00524678
 -0.00796472]

Residual before update:
[-0.00817816  0.00558865  0.00149753 ...  0.00165692  0.00524678
 -0.00796472]

Residual before update:
[-0.00817815  0.00558865  0.00149753 ...  0.00165692  0.00524678
 -0.00796472]

Residual before update:
[-0.00820089  0.0055779   0.00147197 ...  0.00162441  0.00520672
 -0.00797015]

Residual before update:
[-0.00817815  0.00558865  0.00149753 ...  0.00165692  0.00524678
 -0.00796472]

Residual before update:
[-0.00817815  0.00558865  0.00149753 ...  0.00165692  0.00524678
 -0.00796471]

Residual before update:
[-0.00817814  0.00558865  0.00149753 ...  0.00165692  0.00524678
 -0.00796471]

Residual before update:
[-0.00817814  0.00558865  0.00149753 ...  0.00165692  0.00524678
 -0.00796471]

Residual before update:
[-0.00817814  0.00558865  0.00149753 ...  0.00165692  0.00524678
 -0.00796471]

Residual before update:
[-0.00817814  0.00558865  0.00149753 ...  0.00165692  0.00524678
 -0.00796471]

Residual before update:
[-0.00817813  0.00558865  0.00149753 ...  0.00165692  0.00524678
 -0.0079647 ]

Residual before update:
[-0.00817813  0.00558865  0.00149753 ...  0.00165692  0.00524678
 -0.0079647 ]

Residual before update:
[-0.00817813  0.00558865  0.00149753 ...  0.00165692  0.00524678
 -0.0079647 ]

Residual before update:
[-0.00820181  0.00557616  0.00146999 ...  0.00162183  0.00520308
 -0.00797043]

Residual before update:
[-0.00817812  0.00558865  0.00149754 ...  0.00165692  0.00524678
 -0.00796469]

Residual before update:
[-0.00817812  0.00558865  0.00149754 ...  0.00165692  0.00524678
 -0.00796469]

Residual before update:
[-0.00817812  0.00558865  0.00149754 ...  0.00165692  0.00524678
 -0.00796469]

Residual before update:
[-0.00817812  0.00558865  0.00149754 ...  0.00165692  0.00524678
 -0.00796469]
Compute pips
###############################
TGFM
###############################
Initialize variables
Warning: 272 variants have NaN gwas_beta. Setting to 0 with large SE.
Iterative optimization

Residual before update:
[-0.0015079  -0.00582453 -0.00263235 ... -0.01027886  0.00580876
  0.00630793]

Residual before update:
[-0.0015079  -0.00582446 -0.00263245 ... -0.01027902  0.00580841
  0.00630758]

Residual before update:
[-0.00150791 -0.00582439 -0.00263253 ... -0.01027913  0.00580808
  0.00630726]

Residual before update:
[-0.00150791 -0.00582432 -0.0026326  ... -0.01027921  0.00580777
  0.00630695]

Residual before update:
[-0.00150792 -0.00582425 -0.00263266 ... -0.01027928  0.00580747
  0.00630665]

Residual before update:
[-0.00150792 -0.00582418 -0.00263271 ... -0.01027933  0.00580718
  0.00630635]

Residual before update:
[-0.00150792 -0.00582411 -0.00263275 ... -0.01027938  0.00580689
  0.00630606]

Residual before update:
[-0.00150792 -0.00582403 -0.0026328  ... -0.01027942  0.0058066
  0.00630577]

Residual before update:
[-0.00150793 -0.00582396 -0.00263284 ... -0.01027945  0.00580632
  0.00630549]

Residual before update:
[-0.00150793 -0.00582389 -0.00263288 ... -0.01027947  0.00580603
  0.00630521]

Residual before update:
[-0.00150792 -0.00582388 -0.00263281 ... -0.01027934  0.0058061
  0.00630528]

Residual before update:
[-0.00150792 -0.00582387 -0.00263277 ... -0.01027926  0.00580614
  0.00630531]

Residual before update:
[-0.00150792 -0.00582387 -0.00263275 ... -0.01027922  0.00580616
  0.00630533]

Residual before update:
[-0.00150791 -0.00582387 -0.00263274 ... -0.0102792   0.00580617
  0.00630534]

Residual before update:
[-0.00150791 -0.00582387 -0.00263273 ... -0.01027919  0.00580617
  0.00630534]

Residual before update:
[-0.00150791 -0.00582387 -0.00263274 ... -0.0102792   0.00580616
  0.00630534]

Residual before update:
[-0.00150791 -0.00582387 -0.00263274 ... -0.01027921  0.00580615
  0.00630533]

Residual before update:
[-0.00150792 -0.00582387 -0.00263275 ... -0.01027923  0.00580615
  0.00630532]

Residual before update:
[-0.00150792 -0.00582387 -0.00263276 ... -0.01027925  0.00580613
  0.00630531]

Residual before update:
[-0.00150792 -0.00582387 -0.00263277 ... -0.01027927  0.00580612
  0.0063053 ]

Residual before update:
[-0.00150792 -0.00582387 -0.00263277 ... -0.01027927  0.00580612
  0.00630529]

Residual before update:
[-0.00150792 -0.00582387 -0.00263277 ... -0.01027927  0.00580612
  0.00630529]

Residual before update:
[-0.00150792 -0.00582387 -0.00263277 ... -0.01027927  0.00580612
  0.00630529]

Residual before update:
[-0.00150792 -0.00582387 -0.00263276 ... -0.01027926  0.00580612
  0.0063053 ]

Residual before update:
[-0.00150792 -0.00582387 -0.00263276 ... -0.01027925  0.00580612
  0.0063053 ]

Residual before update:
[-0.00150792 -0.00582387 -0.00263276 ... -0.01027925  0.00580612
  0.0063053 ]

Residual before update:
[-0.00150792 -0.00582387 -0.00263276 ... -0.01027924  0.00580612
  0.0063053 ]

Residual before update:
[-0.00150792 -0.00582387 -0.00263275 ... -0.01027924  0.00580612
  0.0063053 ]

Residual before update:
[-0.00150792 -0.00582386 -0.00263276 ... -0.01027924  0.00580612
  0.0063053 ]

Residual before update:
[-0.00150792 -0.00582386 -0.00263276 ... -0.01027924  0.00580612
  0.00630529]

Residual before update:
[-0.00150792 -0.00582386 -0.00263276 ... -0.01027925  0.00580612
  0.00630529]

Residual before update:
[-0.00150792 -0.00582386 -0.00263276 ... -0.01027925  0.00580611
  0.00630529]

Residual before update:
[-0.00150792 -0.00582386 -0.00263276 ... -0.01027925  0.00580611
  0.00630529]

Residual before update:
[-0.00150792 -0.00582386 -0.00263276 ... -0.01027925  0.00580611
  0.00630528]

Residual before update:
[-0.00150792 -0.00582386 -0.00263276 ... -0.01027925  0.00580611
  0.00630528]

Residual before update:
[-0.00150792 -0.00582386 -0.00263276 ... -0.01027925  0.00580611
  0.00630528]

Residual before update:
[-0.00150792 -0.00582386 -0.00263276 ... -0.01027925  0.0058061
  0.00630528]

Residual before update:
[-0.00150792 -0.00582386 -0.00263276 ... -0.01027925  0.0058061
  0.00630528]

Residual before update:
[-0.00150792 -0.00582386 -0.00263276 ... -0.01027925  0.0058061
  0.00630528]

Residual before update:
[-0.00150792 -0.00582386 -0.00263276 ... -0.01027925  0.0058061
  0.00630527]

Residual before update:
[-0.00150792 -0.00582386 -0.00263276 ... -0.01027925  0.0058061
  0.00630528]

Residual before update:
[-0.00150792 -0.00582386 -0.00263276 ... -0.01027925  0.0058061
  0.00630527]

Residual before update:
[-0.00150792 -0.00582386 -0.00263276 ... -0.01027925  0.0058061
  0.00630527]

Residual before update:
[-0.00150792 -0.00582386 -0.00263276 ... -0.01027925  0.00580609
  0.00630527]

Residual before update:
[-0.00150792 -0.00582386 -0.00263276 ... -0.01027925  0.00580609
  0.00630527]

Residual before update:
[-0.00150792 -0.00582386 -0.00263276 ... -0.01027925  0.00580609
  0.00630526]

Residual before update:
[-0.00150792 -0.00582386 -0.00263276 ... -0.01027925  0.00580609
  0.00630526]

Residual before update:
[-0.00150792 -0.00582386 -0.00263276 ... -0.01027925  0.00580609
  0.00630526]

Residual before update:
[-0.00150792 -0.00582386 -0.00263276 ... -0.01027925  0.00580609
  0.00630526]

Residual before update:
[-0.00150792 -0.00582386 -0.00263276 ... -0.01027925  0.00580608
  0.00630526]
Compute pips
###############################
TGFM
###############################
Initialize variables
Warning: 367 variants have NaN gwas_beta. Setting to 0 with large SE.
Iterative optimization

Residual before update:
[-0.00126129  0.00616491 -0.00073331 ... -0.00258959 -0.00237714
 -0.0003892 ]

Residual before update:
[-0.00126127  0.00616492 -0.00073328 ... -0.00258959 -0.00237714
 -0.00038927]

Residual before update:
[-0.00126124  0.00616494 -0.00073325 ... -0.00258959 -0.00237713
 -0.00038932]

Residual before update:
[-0.00126121  0.00616495 -0.00073322 ... -0.00258958 -0.00237713
 -0.00038936]

Residual before update:
[-0.00126119  0.00616497 -0.00073319 ... -0.00258958 -0.00237713
 -0.00038939]

Residual before update:
[-0.00126348  0.00614422 -0.00073556 ... -0.00259089 -0.00237853
 -0.00039152]

Residual before update:
[-0.00126112  0.006165   -0.00073311 ... -0.00258957 -0.00237712
 -0.00038945]

Residual before update:
[-0.00126109  0.00616502 -0.00073308 ... -0.00258957 -0.00237711
 -0.00038947]

Residual before update:
[-0.00126106  0.00616504 -0.00073304 ... -0.00258957 -0.00237711
 -0.0003895 ]

Residual before update:
[-0.00125956  0.00617811 -0.00073149 ... -0.00258872 -0.0023762
 -0.00038819]

Residual before update:
[-0.00126101  0.00616506 -0.00073299 ... -0.00258956 -0.0023771
 -0.00038948]

Residual before update:
[-0.001261    0.00616506 -0.00073298 ... -0.00258956 -0.0023771
 -0.00038945]

Residual before update:
[-0.00126099  0.00616506 -0.00073297 ... -0.00258956 -0.0023771
 -0.00038943]

Residual before update:
[-0.00126099  0.00616507 -0.00073297 ... -0.00258956 -0.0023771
 -0.00038942]

Residual before update:
[-0.00126099  0.00616507 -0.00073296 ... -0.00258955 -0.0023771
 -0.00038942]

Residual before update:
[-0.00126059  0.0061778  -0.00073229 ... -0.0026157  -0.00240397
 -0.00038416]

Residual before update:
[-0.00126098  0.00616507 -0.00073296 ... -0.00258955 -0.0023771
 -0.00038942]

Residual before update:
[-0.00126098  0.00616507 -0.00073296 ... -0.00258956 -0.0023771
 -0.00038943]

Residual before update:
[-0.00126098  0.00616507 -0.00073296 ... -0.00258956 -0.0023771
 -0.00038943]

Residual before update:
[-0.00125853  0.0061875  -0.00073042 ... -0.00258835 -0.00237579
 -0.00038713]

Residual before update:
[-0.00126098  0.00616506 -0.00073296 ... -0.00258956 -0.0023771
 -0.00038944]

Residual before update:
[-0.00126098  0.00616506 -0.00073296 ... -0.00258956 -0.0023771
 -0.00038944]

Residual before update:
[-0.00126098  0.00616506 -0.00073296 ... -0.00258956 -0.0023771
 -0.00038944]

Residual before update:
[-0.00126098  0.00616507 -0.00073296 ... -0.00258956 -0.0023771
 -0.00038944]

Residual before update:
[-0.00126098  0.00616507 -0.00073296 ... -0.00258956 -0.0023771
 -0.00038944]

Residual before update:
[-0.00127162  0.00610325 -0.00074193 ... -0.00259994 -0.00238782
 -0.00040252]

Residual before update:
[-0.00126098  0.00616507 -0.00073296 ... -0.00258956 -0.0023771
 -0.00038944]

Residual before update:
[-0.00126098  0.00616507 -0.00073296 ... -0.00258956 -0.0023771
 -0.00038944]

Residual before update:
[-0.00126098  0.00616507 -0.00073296 ... -0.00258956 -0.0023771
 -0.00038944]

Residual before update:
[-0.00125819  0.00618964 -0.00073007 ... -0.00258796 -0.00237539
 -0.00038697]

Residual before update:
[-0.00126098  0.00616507 -0.00073296 ... -0.00258956 -0.0023771
 -0.00038944]

Residual before update:
[-0.00126098  0.00616507 -0.00073296 ... -0.00258956 -0.0023771
 -0.00038944]

Residual before update:
[-0.00126098  0.00616507 -0.00073296 ... -0.00258956 -0.0023771
 -0.00038944]

Residual before update:
[-0.00126098  0.00616507 -0.00073296 ... -0.00258956 -0.0023771
 -0.00038944]

Residual before update:
[-0.00126098  0.00616507 -0.00073296 ... -0.00258956 -0.0023771
 -0.00038944]

Residual before update:
[-0.00127139  0.0061039  -0.00074173 ... -0.00260003 -0.00238791
 -0.00040258]

Residual before update:
[-0.00126098  0.00616507 -0.00073296 ... -0.00258956 -0.0023771
 -0.00038944]

Residual before update:
[-0.00126098  0.00616507 -0.00073296 ... -0.00258956 -0.0023771
 -0.00038944]

Residual before update:
[-0.00126098  0.00616507 -0.00073296 ... -0.00258956 -0.0023771
 -0.00038944]

Residual before update:
[-0.00125814  0.00619009 -0.00073002 ... -0.00258793 -0.00237536
 -0.00038693]

Residual before update:
[-0.00126098  0.00616507 -0.00073296 ... -0.00258956 -0.0023771
 -0.00038944]

Residual before update:
[-0.00126098  0.00616507 -0.00073296 ... -0.00258955 -0.0023771
 -0.00038944]

Residual before update:
[-0.00126098  0.00616507 -0.00073296 ... -0.00258956 -0.0023771
 -0.00038944]

Residual before update:
[-0.00126098  0.00616507 -0.00073296 ... -0.00258955 -0.0023771
 -0.00038944]

Residual before update:
[-0.00126098  0.00616507 -0.00073296 ... -0.00258955 -0.0023771
 -0.00038944]

Residual before update:
[-0.0012714   0.00610388 -0.00074174 ... -0.00260002 -0.0023879
 -0.00040257]

Residual before update:
[-0.00126098  0.00616507 -0.00073295 ... -0.00258955 -0.0023771
 -0.00038944]

Residual before update:
[-0.00126098  0.00616507 -0.00073295 ... -0.00258955 -0.0023771
 -0.00038944]

Residual before update:
[-0.00126098  0.00616507 -0.00073295 ... -0.00258955 -0.0023771
 -0.00038944]

Residual before update:
[-0.00125815  0.00618994 -0.00073003 ... -0.00258794 -0.00237537
 -0.00038694]
Compute pips
###############################
TGFM
###############################
Initialize variables
Warning: 368 variants have NaN gwas_beta. Setting to 0 with large SE.
Iterative optimization

Residual before update:
[-0.00900154 -0.00534276  0.00690777 ...  0.00143383 -0.00069858
 -0.00217455]

Residual before update:
[-0.00900125 -0.00534276  0.00690766 ...  0.00143955 -0.0007003
 -0.00217301]

Residual before update:
[-0.00900098 -0.00534277  0.0069075  ...  0.00144129 -0.00070334
 -0.00217315]

Residual before update:
[-0.0090007  -0.00534278  0.00690735 ...  0.00144251 -0.00070627
 -0.00217344]

Residual before update:
[-0.00900041 -0.00534278  0.00690722 ...  0.00144346 -0.00070905
 -0.00217378]

Residual before update:
[-0.00900012 -0.00534279  0.00690709 ...  0.00144424 -0.00071167
 -0.00217414]

Residual before update:
[-0.00899983 -0.00534279  0.00690698 ...  0.00144491 -0.00071414
 -0.00217449]

Residual before update:
[-0.00899954 -0.00534279  0.00690688 ...  0.0014455  -0.00071648
 -0.00217483]

Residual before update:
[-0.00899924 -0.00534279  0.00690678 ...  0.00144602 -0.00071869
 -0.00217517]

Residual before update:
[-0.00899894 -0.0053428   0.00690669 ...  0.00144649 -0.0007208
 -0.00217549]

Residual before update:
[-0.00899892 -0.00534279  0.00690671 ...  0.0014412  -0.00072108
 -0.00217734]

Residual before update:
[-0.00899888 -0.00534279  0.00690679 ...  0.00144077 -0.00071991
 -0.00217713]

Residual before update:
[-0.00899884 -0.00534278  0.00690685 ...  0.00144094 -0.00071882
 -0.00217674]

Residual before update:
[-0.00899882 -0.00534278  0.00690689 ...  0.00144132 -0.00071796
 -0.00217635]

Residual before update:
[-0.00899881 -0.00534278  0.00690691 ...  0.00144177 -0.00071734
 -0.002176  ]

Residual before update:
[-0.0089988  -0.00534278  0.00690692 ...  0.00144222 -0.00071694
 -0.00217572]

Residual before update:
[-0.00899879 -0.00534278  0.00690692 ...  0.00144265 -0.00071672
 -0.00217549]

Residual before update:
[-0.00899879 -0.00534278  0.00690691 ...  0.00144307 -0.00071666
 -0.00217531]

Residual before update:
[-0.00899879 -0.00534278  0.0069069  ...  0.00144345 -0.00071673
 -0.00217519]

Residual before update:
[-0.00899879 -0.00534278  0.00690688 ...  0.00144382 -0.00071691
 -0.0021751 ]

Residual before update:
[-0.00899882 -0.00534278  0.00690687 ...  0.00144325 -0.00071724
 -0.00217541]

Residual before update:
[-0.00899881 -0.00534278  0.00690685 ...  0.00144274 -0.00071766
 -0.00217571]

Residual before update:
[-0.0089988  -0.00534278  0.00690684 ...  0.00144236 -0.0007179
 -0.00217592]

Residual before update:
[-0.00899879 -0.00534278  0.00690684 ...  0.00144215 -0.00071801
 -0.00217602]

Residual before update:
[-0.00899879 -0.00534278  0.00690684 ...  0.00144209 -0.00071804
 -0.00217605]

Residual before update:
[-0.00899878 -0.00534278  0.00690684 ...  0.00144214 -0.000718
 -0.00217602]

Residual before update:
[-0.00899877 -0.00534278  0.00690685 ...  0.00144226 -0.00071792
 -0.00217595]

Residual before update:
[-0.00899876 -0.00534278  0.00690686 ...  0.00144243 -0.00071784
 -0.00217586]

Residual before update:
[-0.00899875 -0.00534278  0.00690686 ...  0.00144263 -0.00071776
 -0.00217576]

Residual before update:
[-0.00899875 -0.00534278  0.00690686 ...  0.00144285 -0.00071769
 -0.00217566]

Residual before update:
[-0.00899876 -0.00534278  0.00690687 ...  0.00144288 -0.00071754
 -0.00217561]

Residual before update:
[-0.00899875 -0.00534278  0.00690686 ...  0.00144289 -0.00071766
 -0.00217563]

Residual before update:
[-0.00899874 -0.00534278  0.00690685 ...  0.00144281 -0.00071776
 -0.00217569]

Residual before update:
[-0.00899874 -0.00534278  0.00690685 ...  0.00144269 -0.00071786
 -0.00217576]

Residual before update:
[-0.00899873 -0.00534278  0.00690684 ...  0.00144259 -0.00071795
 -0.00217582]

Residual before update:
[-0.00899872 -0.00534278  0.00690684 ...  0.00144252 -0.00071803
 -0.00217586]

Residual before update:
[-0.00899872 -0.00534278  0.00690684 ...  0.00144248 -0.00071808
 -0.00217589]

Residual before update:
[-0.00899871 -0.00534278  0.00690684 ...  0.00144249 -0.00071811
 -0.00217589]

Residual before update:
[-0.00899871 -0.00534278  0.00690684 ...  0.00144254 -0.00071812
 -0.00217587]

Residual before update:
[-0.0089987  -0.00534278  0.00690684 ...  0.00144261 -0.00071811
 -0.00217584]

Residual before update:
[-0.00899871 -0.00534278  0.00690685 ...  0.00144262 -0.00071796
 -0.0021758 ]

Residual before update:
[-0.0089987  -0.00534278  0.00690684 ...  0.00144272 -0.00071802
 -0.00217578]

Residual before update:
[-0.00899869 -0.00534278  0.00690684 ...  0.00144276 -0.00071805
 -0.00217577]

Residual before update:
[-0.00899868 -0.00534278  0.00690684 ...  0.00144276 -0.00071809
 -0.00217578]

Residual before update:
[-0.00899868 -0.00534278  0.00690684 ...  0.00144275 -0.00071814
 -0.00217579]

Residual before update:
[-0.00899867 -0.00534278  0.00690684 ...  0.00144272 -0.00071819
 -0.00217581]

Residual before update:
[-0.00899867 -0.00534278  0.00690683 ...  0.00144269 -0.00071824
 -0.00217584]

Residual before update:
[-0.00899866 -0.00534278  0.00690683 ...  0.00144267 -0.00071828
 -0.00217586]

Residual before update:
[-0.00899865 -0.00534278  0.00690683 ...  0.00144266 -0.00071832
 -0.00217587]

Residual before update:
[-0.00899865 -0.00534278  0.00690683 ...  0.00144267 -0.00071835
 -0.00217587]
Compute pips
###############################
TGFM
###############################
Initialize variables
Warning: 370 variants have NaN gwas_beta. Setting to 0 with large SE.
Iterative optimization

Residual before update:
[-0.00325641 -0.00655833  0.0067254  ...  0.00080672  0.00233192
  0.01282557]

Residual before update:
[-0.00325592 -0.00655827  0.00672548 ...  0.00080681  0.002332
  0.01282532]

Residual before update:
[-0.00325571 -0.00655822  0.00672547 ...  0.00080687  0.00233204
  0.01282503]

Residual before update:
[-0.00325557 -0.00655814  0.00672545 ...  0.00080695  0.00233207
  0.01282476]

Residual before update:
[-0.00323146 -0.00656399  0.00673    ...  0.00085562  0.00235583
  0.01292853]

Residual before update:
[-0.00325555 -0.00655802  0.00672532 ...  0.00080702  0.00233208
  0.01282416]

Residual before update:
[-0.00325546 -0.00655794  0.0067253  ...  0.00080712  0.0023321
  0.01282386]

Residual before update:
[-0.00325542 -0.00655788  0.00672524 ...  0.00080722  0.00233211
  0.01282358]

Residual before update:
[-0.00325564 -0.00655668  0.00672586 ...  0.00080701  0.00233217
  0.01282467]

Residual before update:
[-0.00325533 -0.00655776  0.00672514 ...  0.00080732  0.00233213
  0.01282299]

Residual before update:
[-0.00325577 -0.00655774  0.006725   ...  0.00080733  0.00233206
  0.01282294]

Residual before update:
[-0.0032558  -0.00655773  0.006725   ...  0.00080739  0.00233206
  0.01282292]

Residual before update:
[-0.00325576 -0.00655774  0.00672501 ...  0.00080742  0.00233206
  0.01282291]

Residual before update:
[-0.00325568 -0.00655773  0.00672504 ...  0.00080747  0.00233208
  0.01282294]

Residual before update:
[-0.00332595 -0.00658477  0.00672325 ...  0.00017281  0.00232005
  0.01018673]

Residual before update:
[-0.00325567 -0.00655773  0.00672504 ...  0.00080745  0.00233209
  0.01282293]

Residual before update:
[-0.00325561 -0.00655772  0.00672508 ...  0.00080747  0.0023321
  0.01282293]

Residual before update:
[-0.00325559 -0.00655773  0.00672507 ...  0.00080749  0.0023321
  0.01282294]

Residual before update:
[-0.00325891 -0.0065568   0.0067234  ...  0.00079585  0.00233377
  0.01282554]

Residual before update:
[-0.00325552 -0.00655773  0.00672509 ...  0.00080744  0.00233211
  0.01282293]

Residual before update:
[-0.00325557 -0.00655773  0.00672507 ...  0.00080743  0.0023321
  0.01282294]

Residual before update:
[-0.00325563 -0.00655773  0.00672506 ...  0.00080744  0.00233209
  0.01282291]

Residual before update:
[-0.00325564 -0.00655773  0.00672504 ...  0.00080744  0.00233208
  0.01282289]

Residual before update:
[-0.00325564 -0.00655772  0.00672505 ...  0.00080747  0.00233209
  0.01282291]

Residual before update:
[-0.00325656 -0.00659588  0.00673685 ...  0.00030273  0.00238992
  0.01043973]

Residual before update:
[-0.00325569 -0.00655772  0.00672502 ...  0.00080743  0.00233208
  0.01282288]

Residual before update:
[-0.00325566 -0.00655771  0.00672505 ...  0.00080746  0.00233209
  0.01282288]

Residual before update:
[-0.00325565 -0.00655772  0.00672504 ...  0.00080748  0.00233209
  0.01282289]

Residual before update:
[-0.00325657 -0.00655621  0.00672484 ...  0.00079964  0.00233425
  0.01282575]

Residual before update:
[-0.00325561 -0.00655772  0.00672505 ...  0.00080744  0.00233209
  0.01282288]

Residual before update:
[-0.0032556  -0.00655772  0.00672505 ...  0.00080745  0.0023321
  0.01282289]

Residual before update:
[-0.00325561 -0.00655772  0.00672506 ...  0.00080746  0.00233209
  0.01282287]

Residual before update:
[-0.00325559 -0.00655773  0.00672505 ...  0.00080747  0.00233209
  0.01282285]

Residual before update:
[-0.00325558 -0.00655771  0.00672506 ...  0.00080749  0.0023321
  0.01282287]

Residual before update:
[-0.00335576 -0.00658155  0.00672147 ...  0.00010461  0.00230591
  0.01016427]

Residual before update:
[-0.00325566 -0.00655771  0.00672503 ...  0.00080745  0.00233209
  0.01282285]

Residual before update:
[-0.00325565 -0.0065577   0.00672505 ...  0.00080747  0.00233209
  0.01282284]

Residual before update:
[-0.00325564 -0.00655771  0.00672503 ...  0.00080749  0.0023321
  0.01282285]

Residual before update:
[-0.00324861 -0.0065547   0.00672772 ...  0.00080787  0.00233563
  0.01282307]

Residual before update:
[-0.00325563 -0.00655771  0.00672503 ...  0.00080745  0.00233209
  0.01282283]

Residual before update:
[-0.00325562 -0.00655771  0.00672504 ...  0.00080746  0.00233209
  0.01282285]

Residual before update:
[-0.00325563 -0.00655771  0.00672504 ...  0.00080747  0.00233209
  0.01282283]

Residual before update:
[-0.00325559 -0.00655772  0.00672504 ...  0.00080748  0.00233209
  0.01282281]

Residual before update:
[-0.00325556 -0.0065577   0.00672506 ...  0.00080751  0.00233211
  0.01282283]

Residual before update:
[-3.36653241e-03 -6.58132834e-03  6.71906513e-03 ...  9.16877571e-05
  2.31138361e-03  1.01484924e-02]

Residual before update:
[-0.00325564 -0.0065577   0.00672502 ...  0.00080746  0.00233209
  0.01282281]

Residual before update:
[-0.00325563 -0.00655769  0.00672504 ...  0.00080749  0.00233209
  0.0128228 ]

Residual before update:
[-0.00325563 -0.0065577   0.00672503 ...  0.0008075   0.0023321
  0.01282281]

Residual before update:
[-0.00325707 -0.00655669  0.00672794 ...  0.00080714  0.00232976
  0.01282553]

Residual before update:
[-0.00325563 -0.0065577   0.00672503 ...  0.00080746  0.00233209
  0.01282279]
Compute pips
###############################
TGFM
###############################
Initialize variables
Warning: 375 variants have NaN gwas_beta. Setting to 0 with large SE.
Iterative optimization

Residual before update:
[-0.00211875 -0.00246757  0.0049201  ...  0.00395007  0.00140258
  0.00745688]

Residual before update:
[-0.00211633 -0.00246515  0.004923   ...  0.00395003  0.00140277
  0.00745685]

Residual before update:
[-0.00211557 -0.00246438  0.00492392 ...  0.00394995  0.00140283
  0.00745681]

Residual before update:
[-0.00211502 -0.00246384  0.00492458 ...  0.00394988  0.00140288
  0.00745678]

Residual before update:
[-0.00211458 -0.0024634   0.00492511 ...  0.0039498   0.00140292
  0.00745674]

Residual before update:
[-0.00211422 -0.00246304  0.00492556 ...  0.00394972  0.00140296
  0.00745671]

Residual before update:
[-0.00211391 -0.00246273  0.00492595 ...  0.00394964  0.00140299
  0.00745668]

Residual before update:
[-0.00211363 -0.00246245  0.0049263  ...  0.00394955  0.00140301
  0.00745664]

Residual before update:
[-0.00211338 -0.0024622   0.00492662 ...  0.00394947  0.00140304
  0.00745661]

Residual before update:
[-0.00211315 -0.00246197  0.00492691 ...  0.00394939  0.00140306
  0.00745657]

Residual before update:
[-0.00211536 -0.00246418  0.00492429 ...  0.00394935  0.0014029
  0.00745657]

Residual before update:
[-0.00211556 -0.00246438  0.0049241  ...  0.00394934  0.00140288
  0.00745657]

Residual before update:
[-0.0021155  -0.00246432  0.00492421 ...  0.00394934  0.00140289
  0.00745657]

Residual before update:
[-0.00211534 -0.00246416  0.00492443 ...  0.00394934  0.0014029
  0.00745657]

Residual before update:
[-0.00211516 -0.00246398  0.00492467 ...  0.00394934  0.00140291
  0.00745657]

Residual before update:
[-0.00211497 -0.00246379  0.00492491 ...  0.00394935  0.00140293
  0.00745656]

Residual before update:
[-0.00211478 -0.0024636   0.00492514 ...  0.00394935  0.00140294
  0.00745656]

Residual before update:
[-0.00211461 -0.00246343  0.00492536 ...  0.00394935  0.00140296
  0.00745656]

Residual before update:
[-0.00211444 -0.00246326  0.00492556 ...  0.00394935  0.00140297
  0.00745656]

Residual before update:
[-0.00211429 -0.00246311  0.00492575 ...  0.00394935  0.00140298
  0.00745656]

Residual before update:
[-0.00211452 -0.00246334  0.00492545 ...  0.00394935  0.00140296
  0.00745657]

Residual before update:
[-0.00211473 -0.00246355  0.00492518 ...  0.00394935  0.00140295
  0.00745656]

Residual before update:
[-0.00211489 -0.00246371  0.00492497 ...  0.00394934  0.00140293
  0.00745656]

Residual before update:
[-0.00211498 -0.0024638   0.00492486 ...  0.00394934  0.00140293
  0.00745656]

Residual before update:
[-0.00211501 -0.00246383  0.00492483 ...  0.00394933  0.00140293
  0.00745656]

Residual before update:
[-0.00211499 -0.00246381  0.00492486 ...  0.00394933  0.00140293
  0.00745656]

Residual before update:
[-0.00211494 -0.00246376  0.00492493 ...  0.00394933  0.00140293
  0.00745656]

Residual before update:
[-0.00211487 -0.00246369  0.00492502 ...  0.00394933  0.00140294
  0.00745656]

Residual before update:
[-0.00211479 -0.0024636   0.00492513 ...  0.00394933  0.00140294
  0.00745656]

Residual before update:
[-0.0021147  -0.00246351  0.00492525 ...  0.00394933  0.00140295
  0.00745656]

Residual before update:
[-0.00211468 -0.0024635   0.00492527 ...  0.00394934  0.00140295
  0.00745656]

Residual before update:
[-0.00211467 -0.00246349  0.00492527 ...  0.00394933  0.00140295
  0.00745656]

Residual before update:
[-0.00211471 -0.00246353  0.00492523 ...  0.00394933  0.00140295
  0.00745656]

Residual before update:
[-0.00211475 -0.00246357  0.00492517 ...  0.00394933  0.00140295
  0.00745656]

Residual before update:
[-0.0021148  -0.00246362  0.00492511 ...  0.00394933  0.00140294
  0.00745656]

Residual before update:
[-0.00211483 -0.00246365  0.00492507 ...  0.00394932  0.00140294
  0.00745656]

Residual before update:
[-0.00211484 -0.00246366  0.00492506 ...  0.00394932  0.00140294
  0.00745656]

Residual before update:
[-0.00211484 -0.00246366  0.00492506 ...  0.00394932  0.00140294
  0.00745655]

Residual before update:
[-0.00211482 -0.00246364  0.00492508 ...  0.00394932  0.00140294
  0.00745655]

Residual before update:
[-0.00211479 -0.00246361  0.00492513 ...  0.00394932  0.00140294
  0.00745655]

Residual before update:
[-0.00211479 -0.0024636   0.00492513 ...  0.00394932  0.00140294
  0.00745656]

Residual before update:
[-0.00211475 -0.00246357  0.00492518 ...  0.00394932  0.00140295
  0.00745655]
NaNs in component_non_med_pred at component 2

Residual before update:
[-0.00211473 -0.00246355  0.0049252  ...  0.00394932  0.00140295
  0.00745655]
NaNs in residual_incl_alpha[74, :]
NaN in mixture_alpha_mu: b_terms=[nan nan nan nan nan]
NaNs in self.residual at bs_iter=74
NaNs in un_normalized_lv_alpha_weights
NaN in normalizing_term
NaNs in component_non_med_pred at component 3

Residual before update:
[-0.00211473 -0.00246355  0.00492521 ...  0.00394932  0.00140295
  0.00745655]
NaNs in residual_incl_alpha[74, :]
NaNs in gene_weights for bs_iter=74
NaN in mixture_alpha_mu: b_terms=[nan nan nan nan nan]
NaNs in self.residual at bs_iter=74
NaNs in un_normalized_lv_alpha_weights
NaN in normalizing_term
NaNs in component_non_med_pred at component 4

Residual before update:
[-0.00211473 -0.00246355  0.0049252  ...  0.00394932  0.00140295
  0.00745655]
NaNs in residual_incl_alpha[74, :]
NaNs in gene_weights for bs_iter=74
NaN in mixture_alpha_mu: b_terms=[nan nan nan nan nan]
NaNs in self.residual at bs_iter=74
NaNs in un_normalized_lv_alpha_weights
NaN in normalizing_term
NaNs in component_non_med_pred at component 5

Residual before update:
[-0.00211474 -0.00246356  0.00492519 ...  0.00394931  0.00140295
  0.00745655]
NaNs in residual_incl_alpha[74, :]
NaNs in gene_weights for bs_iter=74
NaN in mixture_alpha_mu: b_terms=[nan nan nan nan nan]
NaNs in self.residual at bs_iter=74
NaNs in un_normalized_lv_alpha_weights
NaN in normalizing_term
NaNs in component_non_med_pred at component 6

Residual before update:
[-0.00211476 -0.00246357  0.00492517 ...  0.00394931  0.00140295
  0.00745655]
NaNs in residual_incl_alpha[74, :]
NaNs in gene_weights for bs_iter=74
NaN in mixture_alpha_mu: b_terms=[nan nan nan nan nan]
NaNs in self.residual at bs_iter=74
NaNs in un_normalized_lv_alpha_weights
NaN in normalizing_term
NaNs in component_non_med_pred at component 7

Residual before update:
[-0.00211476 -0.00246358  0.00492516 ...  0.00394931  0.00140295
  0.00745655]
NaNs in residual_incl_alpha[74, :]
NaNs in gene_weights for bs_iter=74
NaN in mixture_alpha_mu: b_terms=[nan nan nan nan nan]
NaNs in self.residual at bs_iter=74
NaNs in un_normalized_lv_alpha_weights
NaN in normalizing_term
NaNs in component_non_med_pred at component 8

Residual before update:
[-0.00211477 -0.00246359  0.00492516 ...  0.00394931  0.00140295
  0.00745655]
NaNs in residual_incl_alpha[74, :]
NaNs in gene_weights for bs_iter=74
NaN in mixture_alpha_mu: b_terms=[nan nan nan nan nan]
NaNs in self.residual at bs_iter=74
NaNs in un_normalized_lv_alpha_weights
NaN in normalizing_term
NaNs in component_non_med_pred at component 9

Residual before update:
[-0.00211476 -0.00246358  0.00492516 ...  0.00394931  0.00140295
  0.00745655]
NaNs in residual_incl_alpha[74, :]
NaNs in gene_weights for bs_iter=74
NaN in mixture_alpha_mu: b_terms=[nan nan nan nan nan]
NaNs in self.residual at bs_iter=74
NaNs in un_normalized_lv_alpha_weights
NaN in normalizing_term
Compute pips
NaNs found in gene-tissue pair PIPs at indices: [0 1 2 3 4]
NaNs found in variant PIPs at indices: [    0     1     2 ... 11820 11821 11822]
NaNs found in gene PIPs at indices: [0 1 2]
###############################
TGFM
###############################
Initialize variables
Warning: 410 variants have NaN gwas_beta. Setting to 0 with large SE.
Iterative optimization

Residual before update:
[-0.00250466 -0.00781734  0.00497185 ...  0.00498682  0.00235524
  0.00081211]

Residual before update:
[-0.00250468 -0.00781732  0.00497185 ...  0.00498688  0.00235528
  0.00081215]

Residual before update:
[-0.0025047  -0.00781731  0.00497185 ...  0.00498694  0.00235532
  0.00081219]

Residual before update:
[-0.00250472 -0.0078173   0.00497185 ...  0.004987    0.00235536
  0.00081223]

Residual before update:
[-0.00250475 -0.00781728  0.00497185 ...  0.00498706  0.0023554
  0.00081227]

Residual before update:
[-0.00250477 -0.00781727  0.00497184 ...  0.00498712  0.00235544
  0.00081231]

Residual before update:
[-0.00250479 -0.00781726  0.00497184 ...  0.00498718  0.00235548
  0.00081235]

Residual before update:
[-0.00235149 -0.00780545  0.00512038 ...  0.00503154  0.00237504
  0.0008322 ]

Residual before update:
[-0.00250484 -0.00781723  0.00497184 ...  0.0049873   0.00235556
  0.00081243]

Residual before update:
[-0.00250486 -0.00781721  0.00497184 ...  0.00498736  0.0023556
  0.00081247]

Residual before update:
[-0.00250486 -0.00781722  0.00497184 ...  0.00498736  0.0023556
  0.00081247]

Residual before update:
[-0.00250486 -0.00781722  0.00497184 ...  0.00498736  0.0023556
  0.00081247]

Residual before update:
[-0.00250486 -0.00781722  0.00497184 ...  0.00498736  0.0023556
  0.00081247]

Residual before update:
[-0.00250486 -0.00781722  0.00497184 ...  0.00498736  0.0023556
  0.00081247]

Residual before update:
[-0.00250486 -0.00781722  0.00497184 ...  0.00498736  0.0023556
  0.00081247]

Residual before update:
[-0.00250486 -0.00781722  0.00497184 ...  0.00498736  0.0023556
  0.00081247]

Residual before update:
[-0.00250486 -0.00781722  0.00497184 ...  0.00498736  0.0023556
  0.00081247]

Residual before update:
[-0.00235069 -0.00780582  0.00512131 ...  0.00503549  0.00237592
  0.00083296]

Residual before update:
[-0.00250486 -0.00781722  0.00497184 ...  0.00498736  0.0023556
  0.00081247]

Residual before update:
[-0.00250486 -0.00781722  0.00497184 ...  0.00498736  0.0023556
  0.00081247]

Residual before update:
[-0.00250486 -0.00781722  0.00497184 ...  0.00498736  0.0023556
  0.00081247]

Residual before update:
[-0.00250486 -0.00781722  0.00497184 ...  0.00498736  0.0023556
  0.00081247]

Residual before update:
[-0.00250486 -0.00781722  0.00497184 ...  0.00498736  0.0023556
  0.00081247]

Residual before update:
[-0.00250486 -0.00781722  0.00497184 ...  0.00498736  0.0023556
  0.00081247]

Residual before update:
[-0.00250486 -0.00781722  0.00497184 ...  0.00498736  0.0023556
  0.00081247]

Residual before update:
[-0.00250486 -0.00781722  0.00497184 ...  0.00498736  0.0023556
  0.00081247]

Residual before update:
[-0.00250486 -0.00781722  0.00497184 ...  0.00498736  0.0023556
  0.00081247]

Residual before update:
[-0.00234852 -0.0078058   0.00512194 ...  0.00503629  0.0023775
  0.00083458]

Residual before update:
[-0.00250486 -0.00781722  0.00497184 ...  0.00498736  0.0023556
  0.00081247]

Residual before update:
[-0.00250486 -0.00781722  0.00497184 ...  0.00498736  0.0023556
  0.00081247]

Residual before update:
[-0.00250486 -0.00781722  0.00497184 ...  0.00498736  0.0023556
  0.00081247]

Residual before update:
[-0.00250486 -0.00781722  0.00497184 ...  0.00498736  0.0023556
  0.00081247]

Residual before update:
[-0.00250486 -0.00781722  0.00497184 ...  0.00498736  0.0023556
  0.00081247]

Residual before update:
[-0.00250486 -0.00781722  0.00497184 ...  0.00498736  0.0023556
  0.00081247]

Residual before update:
[-0.00250486 -0.00781722  0.00497184 ...  0.00498736  0.0023556
  0.00081247]

Residual before update:
[-0.00250486 -0.00781722  0.00497184 ...  0.00498736  0.0023556
  0.00081247]

Residual before update:
[-0.00250486 -0.00781722  0.00497184 ...  0.00498736  0.0023556
  0.00081247]

Residual before update:
[-0.00234799 -0.00780578  0.00512211 ...  0.00503642  0.00237751
  0.0008346 ]

Residual before update:
[-0.00250486 -0.00781722  0.00497184 ...  0.00498736  0.0023556
  0.00081247]

Residual before update:
[-0.00250486 -0.00781722  0.00497184 ...  0.00498736  0.0023556
  0.00081247]

Residual before update:
[-0.00250486 -0.00781722  0.00497184 ...  0.00498736  0.0023556
  0.00081247]

Residual before update:
[-0.00250486 -0.00781722  0.00497184 ...  0.00498736  0.0023556
  0.00081247]

Residual before update:
[-0.00250486 -0.00781722  0.00497184 ...  0.00498736  0.0023556
  0.00081247]

Residual before update:
[-0.00250486 -0.00781722  0.00497184 ...  0.00498736  0.0023556
  0.00081247]

Residual before update:
[-0.00250486 -0.00781722  0.00497184 ...  0.00498736  0.0023556
  0.00081247]

Residual before update:
[-0.00250486 -0.00781722  0.00497184 ...  0.00498736  0.0023556
  0.00081247]

Residual before update:
[-0.00250486 -0.00781722  0.00497184 ...  0.00498736  0.0023556
  0.00081247]

Residual before update:
[-0.00234766 -0.00780576  0.0051223  ...  0.00503649  0.00237754
  0.00083463]

Residual before update:
[-0.00250486 -0.00781722  0.00497184 ...  0.00498736  0.0023556
  0.00081247]

Residual before update:
[-0.00250486 -0.00781722  0.00497184 ...  0.00498736  0.0023556
  0.00081247]
Compute pips
NaNs found in variant PIPs at indices: [6831 6833 6870 6905 6906 6934 6938 6939 6940 6941 6950 6951 6957 6959
 6972 6973 6975 6998 7003 7051]
Finished processing final TGFM

------------------------------------------------------------
Sender: LSF System <lsfadmin@node-14-27>
Subject: Job 740120[21]: <run_final_TGFM_UC[1-50]> in cluster <farm22> Done

Job <run_final_TGFM_UC[1-50]> was submitted from host <farm22-head2> by user <bh18> in cluster <farm22> at Thu Apr 30 14:08:19 2026
Job was executed on host(s) <node-14-27>, in queue <long>, as user <bh18> in cluster <farm22> at Thu Apr 30 14:12:39 2026
</nfs/users/nfs_b/bh18> was used as the home directory.
</lustre/scratch127/humgen/projects_v2/sc-eqtl-ibd/analysis/bradley_analysis/IBDverse/TGFM> was used as the working directory.
Started at Thu Apr 30 14:12:39 2026
Terminated at Thu Apr 30 15:38:18 2026
Results reported at Thu Apr 30 15:38:18 2026

Your job looked like:

------------------------------------------------------------
# LSBATCH: User input
bash execution_scripts_BH/run_TGFM-BH-MCP.sh -t UC
------------------------------------------------------------

Successfully completed.

Resource usage summary:

    CPU time :                                   5127.63 sec.
    Max Memory :                                 6727 MB
    Average Memory :                             4776.97 MB
    Total Requested Memory :                     30000.00 MB
    Delta Memory :                               23273.00 MB
    Max Swap :                                   2 MB
    Max Processes :                              6
    Max Threads :                                18
    Run time :                                   5139 sec.
    Turnaround time :                            5399 sec.

The output (if any) is above this job summary.



PS:

Read file <logs/run_final_TGFM-UC-21-740120-error.log> for stderr output of this job.

