Processing chunk 5...
###############################
TGFM
###############################
Initialize variables
Warning: 377 variants have NaN gwas_beta. Setting to 0 with large SE.
Iterative optimization

Residual before update:
[-0.00015025 -0.00471862  0.0041907  ...  0.00503269  0.01266995
 -0.00397981]

Residual before update:
[-0.00015025 -0.00471862  0.0041907  ...  0.00503264  0.01266895
 -0.00397982]

Residual before update:
[-0.00015025 -0.00471861  0.0041907  ...  0.0050326   0.01266796
 -0.00397983]

Residual before update:
[-0.00015025 -0.00471861  0.0041907  ...  0.00503255  0.01266696
 -0.00397984]

Residual before update:
[-0.00015026 -0.00471861  0.0041907  ...  0.00503251  0.01266597
 -0.00397985]

Residual before update:
[-0.00015026 -0.0047186   0.0041907  ...  0.00503247  0.01266498
 -0.00397985]

Residual before update:
[-0.00015026 -0.0047186   0.0041907  ...  0.00503242  0.01266398
 -0.00397986]

Residual before update:
[-0.00015026 -0.0047186   0.0041907  ...  0.00503238  0.01266299
 -0.00397987]

Residual before update:
[-0.00015026 -0.00471859  0.00419071 ...  0.00503233  0.012662
 -0.00397988]

Residual before update:
[-0.00015026 -0.00471859  0.00419071 ...  0.00503229  0.01266101
 -0.00397989]

Residual before update:
[-0.00015026 -0.00471859  0.00419071 ...  0.00503229  0.01266102
 -0.00397989]

Residual before update:
[-0.00015026 -0.00471859  0.00419071 ...  0.00503229  0.01266102
 -0.00397989]

Residual before update:
[-0.00015026 -0.00471859  0.00419071 ...  0.00503229  0.01266102
 -0.00397989]

Residual before update:
[-0.00015026 -0.00471859  0.00419071 ...  0.00503229  0.01266103
 -0.00397989]

Residual before update:
[-0.00015026 -0.00471859  0.00419071 ...  0.00503229  0.01266103
 -0.00397989]

Residual before update:
[-0.00015026 -0.00471859  0.00419071 ...  0.00503229  0.01266103
 -0.00397989]

Residual before update:
[-0.00015026 -0.00471859  0.00419071 ...  0.00503229  0.01266103
 -0.00397989]

Residual before update:
[-0.00015026 -0.00471859  0.00419071 ...  0.00503229  0.01266103
 -0.00397989]

Residual before update:
[-0.00015026 -0.00471859  0.00419071 ...  0.00503229  0.01266103
 -0.00397989]

Residual before update:
[-0.00015026 -0.00471859  0.00419071 ...  0.00503229  0.01266102
 -0.00397989]

Residual before update:
[-0.00015026 -0.00471859  0.00419071 ...  0.00503229  0.01266102
 -0.00397989]

Residual before update:
[-0.00015026 -0.00471859  0.00419071 ...  0.00503229  0.01266102
 -0.00397989]

Residual before update:
[-0.00015026 -0.00471859  0.00419071 ...  0.00503229  0.01266102
 -0.00397989]

Residual before update:
[-0.00015026 -0.00471859  0.00419071 ...  0.00503229  0.01266102
 -0.00397989]

Residual before update:
[-0.00015026 -0.00471859  0.00419071 ...  0.00503229  0.01266101
 -0.00397989]

Residual before update:
[-0.00015026 -0.00471859  0.00419071 ...  0.00503229  0.01266101
 -0.00397989]

Residual before update:
[-0.00015026 -0.00471859  0.00419071 ...  0.00503229  0.01266101
 -0.00397989]

Residual before update:
[-0.00015026 -0.00471859  0.00419071 ...  0.00503229  0.01266101
 -0.00397989]

Residual before update:
[-0.00015026 -0.00471859  0.00419071 ...  0.00503229  0.01266101
 -0.00397989]

Residual before update:
[-0.00015026 -0.00471859  0.00419071 ...  0.00503229  0.012661
 -0.00397989]

Residual before update:
[-0.00015026 -0.00471859  0.00419071 ...  0.00503229  0.012661
 -0.00397989]

Residual before update:
[-0.00015026 -0.00471859  0.00419071 ...  0.00503229  0.012661
 -0.00397989]

Residual before update:
[-0.00015026 -0.00471859  0.00419071 ...  0.00503229  0.012661
 -0.00397989]

Residual before update:
[-0.00015026 -0.00471859  0.00419071 ...  0.00503229  0.012661
 -0.00397989]

Residual before update:
[-0.00015026 -0.00471859  0.00419071 ...  0.00503229  0.012661
 -0.00397989]

Residual before update:
[-0.00015026 -0.00471859  0.00419071 ...  0.00503229  0.01266099
 -0.00397989]

Residual before update:
[-0.00015026 -0.00471859  0.00419071 ...  0.00503229  0.01266099
 -0.00397989]

Residual before update:
[-0.00015026 -0.00471859  0.00419071 ...  0.00503229  0.01266099
 -0.00397989]

Residual before update:
[-0.00015026 -0.00471859  0.00419071 ...  0.00503229  0.01266099
 -0.00397989]

Residual before update:
[-0.00015026 -0.00471859  0.00419071 ...  0.00503229  0.01266099
 -0.00397989]

Residual before update:
[-0.00015026 -0.00471859  0.00419071 ...  0.00503229  0.01266099
 -0.00397989]

Residual before update:
[-0.00015026 -0.00471859  0.00419071 ...  0.00503229  0.01266098
 -0.00397989]

Residual before update:
[-0.00015026 -0.00471859  0.00419071 ...  0.00503229  0.01266098
 -0.00397989]

Residual before update:
[-0.00015026 -0.00471859  0.00419071 ...  0.00503229  0.01266098
 -0.00397989]

Residual before update:
[-0.00015026 -0.00471859  0.00419071 ...  0.00503229  0.01266098
 -0.00397989]

Residual before update:
[-0.00015026 -0.00471859  0.00419071 ...  0.00503229  0.01266097
 -0.00397989]

Residual before update:
[-0.00015026 -0.00471859  0.00419071 ...  0.00503228  0.01266097
 -0.00397989]

Residual before update:
[-0.00015026 -0.00471859  0.00419071 ...  0.00503228  0.01266097
 -0.00397989]

Residual before update:
[-0.00015026 -0.00471859  0.00419071 ...  0.00503228  0.01266097
 -0.00397989]

Residual before update:
[-0.00015026 -0.00471859  0.00419071 ...  0.00503228  0.01266097
 -0.00397989]
Compute pips
###############################
TGFM
###############################
Initialize variables
Warning: 408 variants have NaN gwas_beta. Setting to 0 with large SE.
Iterative optimization

Residual before update:
[-0.00078082 -0.00265228 -0.00056979 ...  0.00408772  0.00422489
 -0.00049403]

Residual before update:
[-0.00078136 -0.00266209 -0.00057033 ...  0.00408747  0.00422465
 -0.00049509]

Residual before update:
[-0.00078079 -0.00265225 -0.00056976 ...  0.00408744  0.00422461
 -0.00049405]

Residual before update:
[-0.00078078 -0.00265224 -0.00056975 ...  0.00408731  0.00422449
 -0.00049405]

Residual before update:
[-0.00078075 -0.00265221 -0.00056972 ...  0.00408718  0.00422435
 -0.00049406]

Residual before update:
[-0.00078076 -0.0026522  -0.00056972 ...  0.00408704  0.00422421
 -0.00049407]

Residual before update:
[-0.00078074 -0.00265219 -0.00056971 ...  0.00408691  0.00422408
 -0.00049408]

Residual before update:
[-0.01860503 -0.00467139 -0.018394   ...  0.00389653  0.00403309
 -0.0006661 ]

Residual before update:
[-0.00078072 -0.00265216 -0.00056969 ...  0.00408664  0.00422381
 -0.0004941 ]

Residual before update:
[-0.00078071 -0.00265215 -0.00056967 ...  0.0040865   0.00422367
 -0.0004941 ]

Residual before update:
[-0.00077962 -0.00265577 -0.00056859 ...  0.0040867   0.00422387
 -0.000494  ]

Residual before update:
[-0.00063444 -0.00260727 -0.0004234  ...  0.0040775   0.00421458
 -0.0005018 ]

Residual before update:
[-0.00078069 -0.00265215 -0.00056966 ...  0.00408648  0.00422365
 -0.00049412]

Residual before update:
[-0.0007807  -0.00265215 -0.00056967 ...  0.00408651  0.00422369
 -0.00049411]

Residual before update:
[-0.00078067 -0.00265213 -0.00056964 ...  0.00408651  0.00422368
 -0.0004941 ]

Residual before update:
[-0.00078071 -0.00265214 -0.00056967 ...  0.00408651  0.00422368
 -0.0004941 ]

Residual before update:
[-0.00078071 -0.00265215 -0.00056967 ...  0.00408651  0.00422368
 -0.0004941 ]

Residual before update:
[-0.01842855 -0.00467454 -0.01821752 ...  0.00388668  0.00402335
 -0.00066501]

Residual before update:
[-0.00078071 -0.00265215 -0.00056968 ...  0.00408652  0.00422369
 -0.0004941 ]

Residual before update:
[-0.00078071 -0.00265215 -0.00056968 ...  0.00408651  0.00422368
 -0.0004941 ]

Residual before update:
[-0.00078147 -0.00268509 -0.00057043 ...  0.00408602  0.00422316
 -0.00049528]

Residual before update:
[-0.00056142 -0.00252674 -0.00035038 ...  0.00408084  0.00421795
 -0.00049884]

Residual before update:
[-0.00078069 -0.00265215 -0.00056966 ...  0.00408648  0.00422365
 -0.00049412]

Residual before update:
[-0.0007807  -0.00265215 -0.00056967 ...  0.00408652  0.00422369
 -0.00049411]

Residual before update:
[-0.00078067 -0.00265213 -0.00056964 ...  0.00408651  0.00422368
 -0.0004941 ]

Residual before update:
[-0.00078071 -0.00265214 -0.00056967 ...  0.00408651  0.00422368
 -0.0004941 ]

Residual before update:
[-0.00078071 -0.00265215 -0.00056967 ...  0.00408651  0.00422368
 -0.0004941 ]

Residual before update:
[-0.01839425 -0.00459151 -0.01818322 ...  0.0038902   0.00402677
 -0.00066956]

Residual before update:
[-0.00078071 -0.00265215 -0.00056968 ...  0.00408651  0.00422368
 -0.0004941 ]

Residual before update:
[-0.00078071 -0.00265215 -0.00056968 ...  0.0040865   0.00422368
 -0.0004941 ]

Residual before update:
[-0.00078021 -0.00262419 -0.00056917 ...  0.00408731  0.00422451
 -0.00049333]

Residual before update:
[-0.0005402  -0.00249023 -0.00032916 ...  0.00408107  0.00421818
 -0.00049323]

Residual before update:
[-0.00078069 -0.00265214 -0.00056966 ...  0.00408647  0.00422365
 -0.00049412]

Residual before update:
[-0.0007807  -0.00265214 -0.00056967 ...  0.00408651  0.00422368
 -0.00049411]

Residual before update:
[-0.00078067 -0.00265213 -0.00056964 ...  0.0040865   0.00422368
 -0.0004941 ]

Residual before update:
[-0.0007807  -0.00265214 -0.00056967 ...  0.0040865   0.00422368
 -0.0004941 ]

Residual before update:
[-0.00078071 -0.00265214 -0.00056967 ...  0.0040865   0.00422368
 -0.0004941 ]

Residual before update:
[-0.01841546 -0.0045892  -0.01820443 ...  0.00388942  0.00402598
 -0.00066961]

Residual before update:
[-0.00078071 -0.00265215 -0.00056968 ...  0.00408651  0.00422368
 -0.0004941 ]

Residual before update:
[-0.00078071 -0.00265215 -0.00056967 ...  0.0040865   0.00422367
 -0.0004941 ]

Residual before update:
[-0.00078097 -0.00266807 -0.00056994 ...  0.00408622  0.00422338
 -0.00049472]

Residual before update:
[-0.00067771 -0.00258363 -0.00046667 ...  0.00408126  0.00421839
 -0.00049383]

Residual before update:
[-0.00078069 -0.00265214 -0.00056966 ...  0.00408647  0.00422364
 -0.00049412]

Residual before update:
[-0.0007807  -0.00265214 -0.00056967 ...  0.00408651  0.00422368
 -0.00049411]

Residual before update:
[-0.00078067 -0.00265213 -0.00056964 ...  0.0040865   0.00422367
 -0.0004941 ]

Residual before update:
[-0.0007807  -0.00265214 -0.00056967 ...  0.0040865   0.00422367
 -0.0004941 ]

Residual before update:
[-0.00078071 -0.00265214 -0.00056967 ...  0.0040865   0.00422367
 -0.0004941 ]

Residual before update:
[-0.0184348  -0.00458542 -0.01822377 ...  0.00388926  0.00402581
 -0.0006697 ]

Residual before update:
[-0.00078071 -0.00265215 -0.00056967 ...  0.0040865   0.00422368
 -0.0004941 ]

Residual before update:
[-0.00078071 -0.00265215 -0.00056967 ...  0.0040865   0.00422367
 -0.0004941 ]
Compute pips
###############################
TGFM
###############################
Initialize variables
Warning: 424 variants have NaN gwas_beta. Setting to 0 with large SE.
Iterative optimization

Residual before update:
[-0.00265256  0.0055155  -0.00373691 ...  0.00311811 -0.00397487
  0.00050636]

Residual before update:
[-0.00265251  0.00551551 -0.00373691 ...  0.00311813 -0.00397484
  0.00050638]

Residual before update:
[-0.00264596  0.00551687 -0.00373819 ...  0.00312739 -0.00396239
  0.00051457]

Residual before update:
[-0.0026524   0.00551554 -0.00373689 ...  0.00311817 -0.0039748
  0.00050642]

Residual before update:
[-0.00265234  0.00551555 -0.00373689 ...  0.0031182  -0.00397478
  0.00050644]

Residual before update:
[-0.00265229  0.00551556 -0.00373688 ...  0.00311822 -0.00397476
  0.00050646]

Residual before update:
[-0.00265223  0.00551557 -0.00373687 ...  0.00311824 -0.00397474
  0.00050648]

Residual before update:
[-0.00265218  0.00551558 -0.00373687 ...  0.00311825 -0.00397472
  0.00050649]

Residual before update:
[-0.00265212  0.0055156  -0.00373686 ...  0.00311828 -0.0039747
  0.00050652]

Residual before update:
[-0.00265207  0.00551561 -0.00373685 ...  0.0031183  -0.00397468
  0.00050654]

Residual before update:
[-0.00265207  0.00551561 -0.00373685 ...  0.0031183  -0.00397468
  0.00050654]

Residual before update:
[-0.00265207  0.00551561 -0.00373685 ...  0.0031183  -0.00397468
  0.00050654]

Residual before update:
[-0.00267822  0.00549097 -0.00374576 ...  0.0031321  -0.00395241
  0.00052355]

Residual before update:
[-0.00265207  0.00551561 -0.00373685 ...  0.0031183  -0.00397468
  0.00050654]

Residual before update:
[-0.00265207  0.00551561 -0.00373685 ...  0.0031183  -0.00397468
  0.00050654]

Residual before update:
[-0.00265207  0.00551561 -0.00373685 ...  0.0031183  -0.00397468
  0.00050654]

Residual before update:
[-0.00265207  0.00551561 -0.00373685 ...  0.0031183  -0.00397468
  0.00050654]

Residual before update:
[-0.00265207  0.00551561 -0.00373686 ...  0.00311829 -0.00397468
  0.00050653]

Residual before update:
[-0.00265207  0.00551561 -0.00373685 ...  0.0031183  -0.00397468
  0.00050654]

Residual before update:
[-0.00265207  0.00551561 -0.00373685 ...  0.0031183  -0.00397468
  0.00050654]

Residual before update:
[-0.00265207  0.00551561 -0.00373685 ...  0.0031183  -0.00397468
  0.00050654]

Residual before update:
[-0.00265207  0.00551561 -0.00373685 ...  0.0031183  -0.00397468
  0.00050654]

Residual before update:
[-0.00268184  0.0055121  -0.0037473  ...  0.00305302 -0.00404095
  0.0004648 ]

Residual before update:
[-0.00265207  0.00551561 -0.00373685 ...  0.0031183  -0.00397468
  0.00050654]

Residual before update:
[-0.00265207  0.00551561 -0.00373685 ...  0.0031183  -0.00397468
  0.00050654]

Residual before update:
[-0.00265207  0.00551561 -0.00373685 ...  0.0031183  -0.00397468
  0.00050654]

Residual before update:
[-0.00265207  0.00551561 -0.00373685 ...  0.0031183  -0.00397468
  0.00050654]

Residual before update:
[-0.00265207  0.00551561 -0.00373686 ...  0.00311829 -0.00397468
  0.00050653]

Residual before update:
[-0.00265206  0.00551561 -0.00373685 ...  0.0031183  -0.00397468
  0.00050654]

Residual before update:
[-0.00265206  0.00551561 -0.00373685 ...  0.0031183  -0.00397468
  0.00050654]

Residual before update:
[-0.00265206  0.00551561 -0.00373685 ...  0.0031183  -0.00397468
  0.00050654]

Residual before update:
[-0.00265206  0.00551561 -0.00373685 ...  0.0031183  -0.00397468
  0.00050654]

Residual before update:
[-0.0026523   0.00551599 -0.00374109 ...  0.00313133 -0.0039559
  0.00051272]

Residual before update:
[-0.00265206  0.00551561 -0.00373685 ...  0.0031183  -0.00397468
  0.00050654]

Residual before update:
[-0.00265206  0.00551561 -0.00373685 ...  0.0031183  -0.00397468
  0.00050654]

Residual before update:
[-0.00265206  0.00551561 -0.00373685 ...  0.0031183  -0.00397468
  0.00050654]

Residual before update:
[-0.00265206  0.00551561 -0.00373685 ...  0.0031183  -0.00397468
  0.00050654]

Residual before update:
[-0.00265206  0.00551561 -0.00373686 ...  0.00311829 -0.00397468
  0.00050653]

Residual before update:
[-0.00265206  0.00551561 -0.00373685 ...  0.0031183  -0.00397468
  0.00050654]

Residual before update:
[-0.00265206  0.00551561 -0.00373685 ...  0.0031183  -0.00397468
  0.00050654]

Residual before update:
[-0.00265206  0.00551561 -0.00373685 ...  0.0031183  -0.00397468
  0.00050654]

Residual before update:
[-0.00265206  0.00551561 -0.00373685 ...  0.0031183  -0.00397468
  0.00050654]

Residual before update:
[-0.0065963   0.00410086 -0.00437112 ... -0.00230138 -0.00978811
 -0.00254196]

Residual before update:
[-0.00265206  0.00551561 -0.00373685 ...  0.0031183  -0.00397468
  0.00050654]

Residual before update:
[-0.00265206  0.00551561 -0.00373685 ...  0.0031183  -0.00397468
  0.00050654]

Residual before update:
[-0.00265206  0.00551561 -0.00373685 ...  0.0031183  -0.00397468
  0.00050654]

Residual before update:
[-0.00265206  0.00551561 -0.00373685 ...  0.0031183  -0.00397468
  0.00050654]

Residual before update:
[-0.00265206  0.00551561 -0.00373686 ...  0.00311829 -0.00397468
  0.00050653]

Residual before update:
[-0.00265206  0.00551561 -0.00373685 ...  0.0031183  -0.00397468
  0.00050654]

Residual before update:
[-0.00265206  0.00551561 -0.00373685 ...  0.0031183  -0.00397468
  0.00050654]
Compute pips
###############################
TGFM
###############################
Initialize variables
Warning: 582 variants have NaN gwas_beta. Setting to 0 with large SE.
Iterative optimization

Residual before update:
[ 0.00826504 -0.00276598  0.00888614 ... -0.00153241 -0.00257661
 -0.00124666]

Residual before update:
[ 0.00826505 -0.00276597  0.00888613 ... -0.00153238 -0.0025766
 -0.00124663]

Residual before update:
[ 0.00826505 -0.00276597  0.00888611 ... -0.00153235 -0.00257658
 -0.0012466 ]

Residual before update:
[ 0.00826506 -0.00276597  0.0088861  ... -0.00153232 -0.00257657
 -0.00124657]

Residual before update:
[ 0.00826507 -0.00276596  0.00888609 ... -0.00153229 -0.00257655
 -0.00124655]

Residual before update:
[ 0.00826508 -0.00276596  0.00888608 ... -0.00153226 -0.00257654
 -0.00124652]

Residual before update:
[ 0.00826509 -0.00276596  0.00888607 ... -0.00153224 -0.00257652
 -0.00124649]

Residual before update:
[ 0.0082651  -0.00276595  0.00888605 ... -0.00153221 -0.00257651
 -0.00124646]

Residual before update:
[ 0.00826511 -0.00276595  0.00888604 ... -0.00153218 -0.00257649
 -0.00124643]

Residual before update:
[ 0.00826511 -0.00276595  0.00888603 ... -0.00153215 -0.00257648
 -0.0012464 ]

Residual before update:
[ 0.00826511 -0.00276595  0.00888603 ... -0.00153215 -0.00257648
 -0.0012464 ]

Residual before update:
[ 0.00826511 -0.00276595  0.00888603 ... -0.00153215 -0.00257648
 -0.0012464 ]

Residual before update:
[ 0.00826511 -0.00276595  0.00888603 ... -0.00153215 -0.00257648
 -0.0012464 ]

Residual before update:
[ 0.00826511 -0.00276595  0.00888603 ... -0.00153215 -0.00257648
 -0.0012464 ]

Residual before update:
[ 0.00826511 -0.00276595  0.00888603 ... -0.00153215 -0.00257648
 -0.0012464 ]

Residual before update:
[ 0.00826511 -0.00276595  0.00888603 ... -0.00153215 -0.00257648
 -0.0012464 ]

Residual before update:
[ 0.00826511 -0.00276595  0.00888603 ... -0.00153215 -0.00257648
 -0.0012464 ]

Residual before update:
[ 0.00826511 -0.00276595  0.00888603 ... -0.00153215 -0.00257648
 -0.0012464 ]

Residual before update:
[ 0.00826511 -0.00276595  0.00888603 ... -0.00153215 -0.00257648
 -0.0012464 ]

Residual before update:
[ 0.00826511 -0.00276595  0.00888603 ... -0.00153215 -0.00257648
 -0.0012464 ]

Residual before update:
[ 0.00826511 -0.00276595  0.00888603 ... -0.00153215 -0.00257648
 -0.0012464 ]

Residual before update:
[ 0.00826511 -0.00276595  0.00888603 ... -0.00153215 -0.00257648
 -0.0012464 ]

Residual before update:
[ 0.00826511 -0.00276595  0.00888603 ... -0.00153215 -0.00257648
 -0.0012464 ]

Residual before update:
[ 0.00826511 -0.00276595  0.00888603 ... -0.00153215 -0.00257648
 -0.0012464 ]

Residual before update:
[ 0.00826511 -0.00276595  0.00888603 ... -0.00153215 -0.00257648
 -0.0012464 ]

Residual before update:
[ 0.00826511 -0.00276595  0.00888603 ... -0.00153215 -0.00257648
 -0.0012464 ]

Residual before update:
[ 0.00826511 -0.00276595  0.00888603 ... -0.00153215 -0.00257648
 -0.0012464 ]

Residual before update:
[ 0.00826511 -0.00276595  0.00888603 ... -0.00153215 -0.00257648
 -0.0012464 ]

Residual before update:
[ 0.00826511 -0.00276595  0.00888603 ... -0.00153215 -0.00257648
 -0.0012464 ]

Residual before update:
[ 0.00826511 -0.00276595  0.00888603 ... -0.00153215 -0.00257648
 -0.0012464 ]

Residual before update:
[ 0.00826511 -0.00276595  0.00888603 ... -0.00153215 -0.00257648
 -0.0012464 ]

Residual before update:
[ 0.00826511 -0.00276595  0.00888603 ... -0.00153215 -0.00257648
 -0.0012464 ]

Residual before update:
[ 0.00826511 -0.00276595  0.00888603 ... -0.00153215 -0.00257648
 -0.0012464 ]

Residual before update:
[ 0.00826511 -0.00276595  0.00888603 ... -0.00153215 -0.00257648
 -0.0012464 ]

Residual before update:
[ 0.00826511 -0.00276595  0.00888603 ... -0.00153215 -0.00257648
 -0.0012464 ]

Residual before update:
[ 0.00826511 -0.00276595  0.00888603 ... -0.00153215 -0.00257648
 -0.0012464 ]

Residual before update:
[ 0.00826511 -0.00276595  0.00888603 ... -0.00153215 -0.00257648
 -0.0012464 ]

Residual before update:
[ 0.00826511 -0.00276595  0.00888603 ... -0.00153215 -0.00257648
 -0.0012464 ]

Residual before update:
[ 0.00826511 -0.00276595  0.00888603 ... -0.00153215 -0.00257648
 -0.0012464 ]

Residual before update:
[ 0.00826511 -0.00276595  0.00888603 ... -0.00153215 -0.00257648
 -0.0012464 ]

Residual before update:
[ 0.00826511 -0.00276595  0.00888603 ... -0.00153215 -0.00257648
 -0.0012464 ]

Residual before update:
[ 0.00826511 -0.00276595  0.00888603 ... -0.00153215 -0.00257648
 -0.0012464 ]

Residual before update:
[ 0.00826511 -0.00276595  0.00888603 ... -0.00153215 -0.00257648
 -0.0012464 ]

Residual before update:
[ 0.00826511 -0.00276595  0.00888603 ... -0.00153215 -0.00257648
 -0.0012464 ]

Residual before update:
[ 0.00826511 -0.00276595  0.00888603 ... -0.00153215 -0.00257648
 -0.0012464 ]

Residual before update:
[ 0.00826511 -0.00276595  0.00888603 ... -0.00153215 -0.00257648
 -0.0012464 ]

Residual before update:
[ 0.00826511 -0.00276595  0.00888603 ... -0.00153215 -0.00257648
 -0.0012464 ]

Residual before update:
[ 0.00826511 -0.00276595  0.00888603 ... -0.00153215 -0.00257648
 -0.0012464 ]

Residual before update:
[ 0.00826511 -0.00276595  0.00888603 ... -0.00153215 -0.00257648
 -0.0012464 ]

Residual before update:
[ 0.00826511 -0.00276595  0.00888603 ... -0.00153215 -0.00257648
 -0.0012464 ]
Compute pips
###############################
TGFM
###############################
Initialize variables
Warning: 618 variants have NaN gwas_beta. Setting to 0 with large SE.
Iterative optimization

Residual before update:
[-0.00204043  0.00283649  0.00720907 ...  0.00414091  0.00035315
  0.00517992]

Residual before update:
[-0.00212485  0.0028305   0.0072073  ...  0.0041371   0.00035306
  0.00517987]

Residual before update:
[-0.00204042  0.00283862  0.00720997 ...  0.00414586  0.00035419
  0.00518758]

Residual before update:
[-0.00204043  0.00283647  0.00720896 ...  0.00414091  0.00035315
  0.00517993]

Residual before update:
[-0.00204043  0.00283647  0.00720893 ...  0.00414091  0.00035315
  0.00517993]

Residual before update:
[-0.00715594 -0.00019281  0.0025801  ...  0.00075919  0.00020483
  0.0023084 ]

Residual before update:
[-0.00204043  0.00283646  0.00720885 ...  0.00414091  0.00035315
  0.00517993]

Residual before update:
[-0.00204043  0.00283646  0.00720882 ...  0.00414091  0.00035315
  0.00517994]

Residual before update:
[-0.00204043  0.00283645  0.00720878 ...  0.00414091  0.00035315
  0.00517994]

Residual before update:
[-0.00204043  0.00283645  0.00720874 ...  0.00414091  0.00035315
  0.00517994]

Residual before update:
[-0.00204043  0.00283645  0.00720875 ...  0.00414091  0.00035315
  0.00517994]

Residual before update:
[-0.0020407   0.00283608  0.00720944 ...  0.00414075  0.00035293
  0.00518011]

Residual before update:
[-0.00204084  0.00283535  0.00720822 ...  0.0041407   0.0003531
  0.00517773]

Residual before update:
[-0.00204043  0.00283645  0.00720875 ...  0.00414091  0.00035315
  0.00517994]

Residual before update:
[-0.00204043  0.00283645  0.00720875 ...  0.00414091  0.00035315
  0.00517994]

Residual before update:
[-0.00712979 -0.00037133  0.0026788  ...  0.00076142  0.00020332
  0.00234425]

Residual before update:
[-0.00204043  0.00283645  0.00720875 ...  0.00414091  0.00035315
  0.00517994]

Residual before update:
[-0.00204043  0.00283645  0.00720875 ...  0.00414091  0.00035315
  0.00517994]

Residual before update:
[-0.00204043  0.00283645  0.00720875 ...  0.00414091  0.00035315
  0.00517994]

Residual before update:
[-0.00204043  0.00283645  0.00720875 ...  0.00414091  0.00035315
  0.00517994]

Residual before update:
[-0.00204043  0.00283645  0.00720875 ...  0.00414091  0.00035315
  0.00517994]

Residual before update:
[-0.00189832  0.00284544  0.00721236 ...  0.00414726  0.00035301
  0.00518023]

Residual before update:
[-0.00204046  0.00283608  0.00720864 ...  0.00414143  0.00035357
  0.00517878]

Residual before update:
[-0.00204043  0.00283645  0.00720875 ...  0.00414091  0.00035315
  0.00517994]

Residual before update:
[-0.00204043  0.00283645  0.00720875 ...  0.00414091  0.00035315
  0.00517994]

Residual before update:
[-0.00714797 -0.00038266  0.00266289 ...  0.00074943  0.0002028
  0.0023345 ]

Residual before update:
[-0.00204043  0.00283645  0.00720875 ...  0.00414091  0.00035315
  0.00517994]

Residual before update:
[-0.00204043  0.00283645  0.00720875 ...  0.00414091  0.00035315
  0.00517994]

Residual before update:
[-0.00204043  0.00283645  0.00720875 ...  0.00414091  0.00035315
  0.00517994]

Residual before update:
[-0.00204043  0.00283645  0.00720875 ...  0.00414091  0.00035315
  0.00517994]

Residual before update:
[-0.00204043  0.00283645  0.00720875 ...  0.00414091  0.00035315
  0.00517994]

Residual before update:
[-0.00190687  0.00284549  0.00721226 ...  0.00414688  0.00035301
  0.00518025]

Residual before update:
[-0.00204059  0.00283825  0.00720956 ...  0.00414622  0.00035426
  0.00518749]

Residual before update:
[-0.00204043  0.00283645  0.00720875 ...  0.00414091  0.00035315
  0.00517994]

Residual before update:
[-0.00204043  0.00283645  0.00720875 ...  0.00414091  0.00035315
  0.00517994]

Residual before update:
[-0.00716622 -0.00039404  0.00264691 ...  0.00073739  0.00020227
  0.00232471]

Residual before update:
[-0.00204043  0.00283645  0.00720875 ...  0.00414091  0.00035315
  0.00517994]

Residual before update:
[-0.00204043  0.00283645  0.00720875 ...  0.00414091  0.00035315
  0.00517994]

Residual before update:
[-0.00204043  0.00283645  0.00720875 ...  0.00414091  0.00035315
  0.00517994]

Residual before update:
[-0.00204043  0.00283645  0.00720875 ...  0.00414091  0.00035315
  0.00517994]

Residual before update:
[-0.00204043  0.00283645  0.00720875 ...  0.00414091  0.00035315
  0.00517994]

Residual before update:
[-0.00189845  0.00284598  0.00721243 ...  0.00414728  0.00035301
  0.00518026]

Residual before update:
[-0.00204121  0.00283567  0.00720589 ...  0.0041421   0.00035327
  0.00518178]

Residual before update:
[-0.00204043  0.00283645  0.00720875 ...  0.00414091  0.00035315
  0.00517994]

Residual before update:
[-0.00204043  0.00283645  0.00720875 ...  0.00414091  0.00035315
  0.00517994]

Residual before update:
[-0.00718455 -0.00040547  0.00263087 ...  0.00072529  0.00020173
  0.00231487]

Residual before update:
[-0.00204043  0.00283645  0.00720875 ...  0.00414091  0.00035315
  0.00517994]

Residual before update:
[-0.00204043  0.00283645  0.00720875 ...  0.00414091  0.00035315
  0.00517994]
NaNs in component_non_med_pred at component 8

Residual before update:
[-0.00204043  0.00283645  0.00720874 ...  0.00414091  0.00035315
  0.00517994]
NaNs in residual_incl_alpha[94, :]
NaN in mixture_alpha_mu: b_terms=[nan nan nan nan nan nan nan nan]
NaNs in self.residual at bs_iter=94
NaNs in un_normalized_lv_alpha_weights
NaN in normalizing_term
NaNs in component_non_med_pred at component 9

Residual before update:
[-0.00204043  0.00283645  0.00720874 ...  0.00414091  0.00035315
  0.00517994]
NaNs in residual_incl_alpha[94, :]
NaNs in gene_weights for bs_iter=94
NaN in mixture_alpha_mu: b_terms=[nan nan nan nan nan nan nan nan]
NaNs in self.residual at bs_iter=94
NaNs in un_normalized_lv_alpha_weights
NaN in normalizing_term
Compute pips
NaNs found in gene-tissue pair PIPs at indices: [0 1 2 3 4 5 6 7]
NaNs found in variant PIPs at indices: [   0    1    2 ... 9826 9827 9828]
NaNs found in gene PIPs at indices: [0 1 2]
###############################
TGFM
###############################
Initialize variables
Warning: 575 variants have NaN gwas_beta. Setting to 0 with large SE.
Iterative optimization

Residual before update:
[-0.00037525 -0.0077342   0.00733502 ...  0.00471289  0.00540179
  0.00531737]

Residual before update:
[-0.00037528 -0.00773405  0.00733498 ...  0.0047115   0.00531789
  0.00523273]

Residual before update:
[-0.0003753  -0.00773394  0.00733495 ...  0.00471069  0.00526796
  0.00518233]

Residual before update:
[-0.00037531 -0.00773386  0.00733493 ...  0.0047101   0.00523115
  0.00514517]

Residual before update:
[-0.00061725 -0.00767824  0.00734354 ...  0.00470558  0.00525432
  0.00516889]

Residual before update:
[-0.00037532 -0.00773373  0.0073349  ...  0.00470927  0.0051773
  0.00509081]

Residual before update:
[-0.00037532 -0.00773368  0.00733488 ...  0.00470895  0.00515626
  0.00506956]

Residual before update:
[-0.00037533 -0.00773363  0.00733487 ...  0.00470868  0.00513779
  0.00505091]

Residual before update:
[-0.00037533 -0.00773359  0.00733486 ...  0.00470844  0.00512132
  0.00503428]

Residual before update:
[-0.00037533 -0.00773355  0.00733485 ...  0.00470823  0.00510645
  0.00501927]

Residual before update:
[-0.0003753  -0.00773368  0.00733488 ...  0.00470943  0.0051768
  0.00509023]

Residual before update:
[-0.00037529 -0.00773373  0.00733489 ...  0.0047099   0.00520454
  0.00511822]

Residual before update:
[-0.00037528 -0.00773376  0.0073349  ...  0.00471008  0.00521545
  0.00512924]

Residual before update:
[-0.00037528 -0.00773376  0.0073349  ...  0.0047101   0.00521742
  0.00513124]

Residual before update:
[-0.00053994 -0.00782271  0.00731744 ...  0.00472216  0.00535469
  0.00526988]

Residual before update:
[-0.00037529 -0.00773375  0.00733489 ...  0.00470994  0.00520864
  0.0051224 ]

Residual before update:
[-0.00037529 -0.00773374  0.00733489 ...  0.00470981  0.00520133
  0.00511503]

Residual before update:
[-0.0003753  -0.00773372  0.00733489 ...  0.00470967  0.00519324
  0.00510686]

Residual before update:
[-0.0003753  -0.00773371  0.00733488 ...  0.00470953  0.00518478
  0.00509833]

Residual before update:
[-0.0003753  -0.00773369  0.00733488 ...  0.00470938  0.00517624
  0.00508971]

Residual before update:
[-0.0003753  -0.00773369  0.00733488 ...  0.00470941  0.00517752
  0.00509098]

Residual before update:
[-0.0003753  -0.00773369  0.00733488 ...  0.00470948  0.00518127
  0.00509476]

Residual before update:
[-0.0003753  -0.0077337   0.00733488 ...  0.00470957  0.00518612
  0.00509965]

Residual before update:
[-0.0003753  -0.00773371  0.00733489 ...  0.00470964  0.00519044
  0.00510401]

Residual before update:
[-0.00035952 -0.00770179  0.00734031 ...  0.00475725  0.00540612
  0.00532141]

Residual before update:
[-0.00037529 -0.00773372  0.00733489 ...  0.00470972  0.0051952
  0.00510881]

Residual before update:
[-0.00037529 -0.00773372  0.00733489 ...  0.00470973  0.0051955
  0.00510912]

Residual before update:
[-0.00037529 -0.00773372  0.00733489 ...  0.00470971  0.0051946
  0.00510822]

Residual before update:
[-0.0003753  -0.00773372  0.00733489 ...  0.00470967  0.00519271
  0.00510631]

Residual before update:
[-0.0003753  -0.00773371  0.00733489 ...  0.00470963  0.00519001
  0.0051036 ]

Residual before update:
[-0.0003753  -0.00773371  0.00733489 ...  0.00470961  0.00518899
  0.00510256]

Residual before update:
[-0.0003753  -0.00773371  0.00733488 ...  0.00470958  0.00518749
  0.00510105]

Residual before update:
[-0.0003753  -0.00773371  0.00733488 ...  0.00470958  0.00518709
  0.00510064]

Residual before update:
[-0.0003753  -0.00773371  0.00733488 ...  0.00470959  0.00518737
  0.00510093]

Residual before update:
[-0.00038253 -0.00788563  0.00730428 ...  0.00473945  0.0054044
  0.00531977]

Residual before update:
[-0.0003753  -0.00773371  0.00733488 ...  0.00470961  0.00518872
  0.00510228]

Residual before update:
[-0.0003753  -0.00773371  0.00733488 ...  0.00470963  0.00518931
  0.00510287]

Residual before update:
[-0.0003753  -0.00773371  0.00733489 ...  0.00470963  0.00518962
  0.00510319]

Residual before update:
[-0.0003753  -0.00773371  0.00733489 ...  0.00470963  0.00518959
  0.00510316]

Residual before update:
[-0.0003753  -0.00773371  0.00733488 ...  0.00470962  0.00518916
  0.00510273]

Residual before update:
[-0.0003753  -0.00773371  0.00733489 ...  0.00470963  0.00518972
  0.0051033 ]

Residual before update:
[-0.0003753  -0.00773371  0.00733488 ...  0.00470961  0.00518873
  0.0051023 ]

Residual before update:
[-0.0003753  -0.00773371  0.00733488 ...  0.0047096   0.00518808
  0.00510164]

Residual before update:
[-0.0003753  -0.00773371  0.00733488 ...  0.0047096   0.00518765
  0.00510121]

Residual before update:
[-0.00041039 -0.00791116  0.00730153 ...  0.00469813  0.00539958
  0.00531523]

Residual before update:
[-0.0003753  -0.0077337   0.00733488 ...  0.00470959  0.00518733
  0.00510088]

Residual before update:
[-0.0003753  -0.0077337   0.00733488 ...  0.00470959  0.00518731
  0.00510086]

Residual before update:
[-0.0003753  -0.0077337   0.00733488 ...  0.0047096   0.00518731
  0.00510086]

Residual before update:
[-0.0003753  -0.0077337   0.00733488 ...  0.0047096   0.00518727
  0.00510082]

Residual before update:
[-0.0003753  -0.0077337   0.00733488 ...  0.00470959  0.00518714
  0.00510069]
Compute pips
###############################
TGFM
###############################
Initialize variables
Warning: 390 variants have NaN gwas_beta. Setting to 0 with large SE.
Iterative optimization

Residual before update:
[-0.00169905 -0.00175607 -0.00228686 ...  0.00136247  0.0022121
  0.00559229]

Residual before update:
[-0.00169895 -0.00175596 -0.00228701 ...  0.00136397  0.00221411
  0.00559082]

Residual before update:
[-0.00169753 -0.00175453 -0.00228713 ...  0.00136574  0.00221915
  0.00559492]

Residual before update:
[-0.0016988  -0.0017558  -0.00228707 ...  0.00136588  0.00221784
  0.00557142]

Residual before update:
[-0.00171054 -0.00176703 -0.0022725  ...  0.00136244  0.00220654
  0.0056161 ]

Residual before update:
[-0.00169866 -0.00175566 -0.00228705 ...  0.00136642  0.00221728
  0.00558866]

Residual before update:
[-0.00170074 -0.0017577  -0.00227651 ...  0.00135779  0.00221344
  0.00559064]

Residual before update:
[-0.00204385 -0.00207704 -0.00243252 ...  0.001165    0.00220453
  0.00220094]

Residual before update:
[-0.00169842 -0.00175542 -0.00228701 ...  0.00137169  0.00222208
  0.00558767]

Residual before update:
[-0.00169845 -0.00175544 -0.00228678 ...  0.00136591  0.00221784
  0.00558673]

Residual before update:
[-0.00169844 -0.00175544 -0.00228686 ...  0.00136681  0.00221751
  0.00558813]

Residual before update:
[-0.00169841 -0.00175541 -0.00228688 ...  0.00136453  0.00221519
  0.00558868]

Residual before update:
[-0.00168977 -0.00174671 -0.00228475 ...  0.00152541  0.00242302
  0.00564352]

Residual before update:
[-0.00169835 -0.00175536 -0.00228681 ...  0.00136703  0.00222123
  0.00553246]

Residual before update:
[-0.00176933 -0.00182457 -0.00206352 ...  0.00141871  0.00220978
  0.00624038]

Residual before update:
[-0.00169841 -0.00175542 -0.00228682 ...  0.00136611  0.00221658
  0.00558875]

Residual before update:
[-0.00170139 -0.00175823 -0.00230128 ...  0.00131824  0.00216676
  0.00558114]

Residual before update:
[-0.00208459 -0.00211506 -0.002412   ...  0.00126985  0.00220313
  0.00194541]

Residual before update:
[-0.00169837 -0.00175538 -0.00228688 ...  0.00137085  0.00222075
  0.00558835]

Residual before update:
[-0.00169847 -0.00175547 -0.00228674 ...  0.00136482  0.0022163
  0.00558762]

Residual before update:
[-0.00169845 -0.00175545 -0.0022869  ...  0.0013661   0.00221711
  0.00558783]

Residual before update:
[-0.0016984  -0.0017554  -0.00228696 ...  0.00136444  0.00221545
  0.00558809]

Residual before update:
[-0.00169014 -0.00174707 -0.00228488 ...  0.00151739  0.00241381
  0.00564068]

Residual before update:
[-0.00169835 -0.00175536 -0.00228684 ...  0.0013666   0.00222124
  0.00553192]

Residual before update:
[-0.00166139 -0.00172005 -0.00221427 ...  0.00170069  0.00215016
  0.00562171]

Residual before update:
[-0.00169839 -0.0017554  -0.00228683 ...  0.00136675  0.00221716
  0.00558863]

Residual before update:
[-0.00171143 -0.00176798 -0.00227473 ...  0.00121055  0.00206168
  0.00556828]

Residual before update:
[-0.0020845  -0.00211498 -0.00241196 ...  0.00126975  0.00220313
  0.00194546]

Residual before update:
[-0.00169837 -0.00175537 -0.00228685 ...  0.00137044  0.00222028
  0.00558851]

Residual before update:
[-0.00169846 -0.00175546 -0.0022867  ...  0.00136474  0.00221606
  0.00558786]

Residual before update:
[-0.00169844 -0.00175544 -0.00228687 ...  0.00136571  0.00221668
  0.00558798]

Residual before update:
[-0.00169839 -0.00175539 -0.00228694 ...  0.0013644   0.00221538
  0.00558814]

Residual before update:
[-0.00169851 -0.0017555  -0.00228605 ...  0.00140545  0.00226726
  0.00560308]

Residual before update:
[-0.00169833 -0.00175534 -0.00228683 ...  0.00136703  0.00222166
  0.00553105]

Residual before update:
[-0.00182562 -0.00187981 -0.00195197 ...  0.00161301  0.00237586
  0.0061939 ]

Residual before update:
[-0.00169838 -0.00175538 -0.00228684 ...  0.00136705  0.00221747
  0.00558849]

Residual before update:
[-0.00161158 -0.00167556 -0.00177721 ...  0.00155357  0.00241733
  0.00588465]

Residual before update:
[-0.00208444 -0.00211492 -0.00241193 ...  0.00126967  0.00220313
  0.0019455 ]

Residual before update:
[-0.00169836 -0.00175537 -0.00228685 ...  0.00137001  0.00221998
  0.00558842]

Residual before update:
[-0.00169844 -0.00175545 -0.00228669 ...  0.00136492  0.0022162
  0.00558784]

Residual before update:
[-0.00169843 -0.00175543 -0.00228686 ...  0.00136578  0.00221671
  0.00558799]

Residual before update:
[-0.00169838 -0.00175538 -0.00228693 ...  0.00136446  0.0022154
  0.00558816]

Residual before update:
[-0.00169243 -0.00174939 -0.00228721 ...  0.00138827  0.00225305
  0.00560839]

Residual before update:
[-0.00169832 -0.00175532 -0.00228682 ...  0.00136735  0.00222194
  0.00553022]

Residual before update:
[-0.00181592 -0.00187076 -0.00193306 ...  0.00165351  0.00240352
  0.00621856]

Residual before update:
[-0.00169837 -0.00175537 -0.00228683 ...  0.001367    0.00221745
  0.00558843]

Residual before update:
[-0.00161878 -0.00168254 -0.00181613 ...  0.00142956  0.00223707
  0.00586536]

Residual before update:
[-0.00208438 -0.00211486 -0.00241191 ...  0.00126961  0.00220314
  0.00194553]
NaNs in component_non_med_pred at component 8

Residual before update:
[-0.00169835 -0.00175536 -0.00228685 ...  0.00136968  0.00221977
  0.00558831]
NaNs in residual_incl_alpha[59, :]
NaN in mixture_alpha_mu: b_terms=[nan nan nan nan nan nan nan nan nan nan nan nan nan nan nan nan]
NaNs in self.residual at bs_iter=59
NaNs in un_normalized_lv_alpha_weights
NaN in normalizing_term
NaNs in component_non_med_pred at component 9

Residual before update:
[-0.00169843 -0.00175543 -0.00228669 ...  0.00136508  0.00221635
  0.00558778]
NaNs in residual_incl_alpha[59, :]
NaNs in gene_weights for bs_iter=59
NaN in mixture_alpha_mu: b_terms=[nan nan nan nan nan nan nan nan nan nan nan nan nan nan nan nan]
NaNs in self.residual at bs_iter=59
NaNs in un_normalized_lv_alpha_weights
NaN in normalizing_term
Compute pips
NaNs found in gene-tissue pair PIPs at indices: [ 0  1  2  3  4  5  6  7  8  9 10 11 12 13 14 15]
NaNs found in variant PIPs at indices: [    0     1     2 ... 10413 10414 10415]
NaNs found in gene PIPs at indices: [0 1 2 3 4 5]
###############################
TGFM
###############################
Initialize variables
Warning: 383 variants have NaN gwas_beta. Setting to 0 with large SE.
Iterative optimization

Residual before update:
[-0.00635448  0.00069577  0.00035915 ... -0.00427228  0.00167689
  0.00499113]

Residual before update:
[-0.00635415  0.00069598  0.00036124 ... -0.00427242  0.00167634
  0.0049918 ]

Residual before update:
[-0.00635346  0.0006963   0.00036247 ... -0.00427248  0.00167608
  0.00499216]

Residual before update:
[-0.0063527   0.00069662  0.00036339 ... -0.00427252  0.0016759
  0.00499241]

Residual before update:
[-0.00635191  0.00069695  0.00036415 ... -0.00427255  0.00167575
  0.0049926 ]

Residual before update:
[-0.00635111  0.00069728  0.0003648  ... -0.00427258  0.00167564
  0.00499276]

Residual before update:
[-0.00635031  0.0006976   0.00036538 ... -0.0042726   0.00167554
  0.0049929 ]

Residual before update:
[-0.00634951  0.00069792  0.0003659  ... -0.00427261  0.00167545
  0.00499302]

Residual before update:
[-0.00634873  0.00069823  0.00036638 ... -0.00427262  0.00167537
  0.00499312]

Residual before update:
[-0.00518674  0.00356931  0.00044282 ... -0.00425111  0.00168225
  0.00500264]

Residual before update:
[-0.00634752  0.00069863  0.00036516 ... -0.0042725   0.00167579
  0.00499263]

Residual before update:
[-0.00634749  0.00069858  0.00036453 ... -0.00427246  0.00167591
  0.00499243]

Residual before update:
[-0.00634758  0.00069852  0.00036429 ... -0.00427245  0.00167594
  0.00499237]

Residual before update:
[-0.00634771  0.00069847  0.00036426 ... -0.00427246  0.00167592
  0.00499237]

Residual before update:
[-0.00634784  0.00069842  0.00036435 ... -0.00427247  0.00167589
  0.00499241]

Residual before update:
[-0.00634796  0.00069839  0.00036449 ... -0.00427248  0.00167584
  0.00499246]

Residual before update:
[-0.00634806  0.00069836  0.00036466 ... -0.00427249  0.0016758
  0.00499252]

Residual before update:
[-0.00634814  0.00069834  0.00036484 ... -0.00427251  0.00167575
  0.00499258]

Residual before update:
[-0.0063482   0.00069833  0.00036504 ... -0.00427252  0.0016757
  0.00499265]

Residual before update:
[-0.00515443  0.00354045  0.00043839 ... -0.00425179  0.00168215
  0.00500322]

Residual before update:
[-0.00634822  0.00069836  0.00036522 ... -0.00427253  0.00167568
  0.0049927 ]

Residual before update:
[-0.00634812  0.0006984   0.00036515 ... -0.00427252  0.00167572
  0.00499267]

Residual before update:
[-0.00634803  0.00069842  0.00036503 ... -0.00427251  0.00167576
  0.00499262]

Residual before update:
[-0.00634798  0.00069843  0.00036491 ... -0.0042725   0.00167578
  0.00499258]

Residual before update:
[-0.00634795  0.00069844  0.00036483 ... -0.00427249  0.0016758
  0.00499255]

Residual before update:
[-0.00634793  0.00069843  0.00036478 ... -0.00427249  0.0016758
  0.00499254]

Residual before update:
[-0.00634792  0.00069843  0.00036477 ... -0.00427249  0.00167579
  0.00499254]

Residual before update:
[-0.00634792  0.00069842  0.00036479 ... -0.00427249  0.00167578
  0.00499255]

Residual before update:
[-0.00634793  0.00069842  0.00036483 ... -0.0042725   0.00167577
  0.00499257]

Residual before update:
[-0.00515689  0.00353462  0.00043823 ... -0.00425183  0.00168214
  0.0050032 ]

Residual before update:
[-0.006348    0.0006984   0.00036493 ... -0.00427251  0.00167574
  0.0049926 ]

Residual before update:
[-0.00634797  0.00069843  0.000365   ... -0.00427251  0.00167574
  0.00499262]

Residual before update:
[-0.00634794  0.00069844  0.00036503 ... -0.00427251  0.00167574
  0.00499262]

Residual before update:
[-0.00634792  0.00069846  0.00036504 ... -0.00427251  0.00167575
  0.00499262]

Residual before update:
[-0.0063479   0.00069847  0.00036502 ... -0.0042725   0.00167575
  0.00499261]

Residual before update:
[-0.00634787  0.00069847  0.000365   ... -0.0042725   0.00167576
  0.00499261]

Residual before update:
[-0.00634785  0.00069848  0.00036498 ... -0.0042725   0.00167576
  0.0049926 ]

Residual before update:
[-0.00634784  0.00069848  0.00036496 ... -0.0042725   0.00167576
  0.00499259]

Residual before update:
[-0.00634783  0.00069848  0.00036495 ... -0.0042725   0.00167576
  0.00499259]

Residual before update:
[-0.00515935  0.00352878  0.00043806 ... -0.00425187  0.00168213
  0.00500317]

Residual before update:
[-0.00634786  0.00069846  0.00036492 ... -0.0042725   0.00167576
  0.00499258]

Residual before update:
[-0.00634784  0.00069847  0.00036496 ... -0.0042725   0.00167575
  0.0049926 ]

Residual before update:
[-0.00634781  0.00069848  0.000365   ... -0.0042725   0.00167574
  0.00499261]

Residual before update:
[-0.0063478   0.00069849  0.00036502 ... -0.0042725   0.00167574
  0.00499261]

Residual before update:
[-0.00634779  0.0006985   0.00036504 ... -0.0042725   0.00167574
  0.00499262]

Residual before update:
[-0.00634777  0.00069851  0.00036506 ... -0.0042725   0.00167574
  0.00499262]

Residual before update:
[-0.00634775  0.00069852  0.00036506 ... -0.0042725   0.00167574
  0.00499262]

Residual before update:
[-0.00634774  0.00069852  0.00036506 ... -0.0042725   0.00167574
  0.00499262]

Residual before update:
[-0.00634772  0.00069852  0.00036506 ... -0.0042725   0.00167574
  0.00499262]

Residual before update:
[-0.00516182  0.00352293  0.0004379  ... -0.00425192  0.00168212
  0.00500315]
Compute pips
###############################
TGFM
###############################
Initialize variables
Warning: 414 variants have NaN gwas_beta. Setting to 0 with large SE.
Iterative optimization

Residual before update:
[-0.0068128   0.00144981  0.00115286 ...  0.00067903  0.00066753
 -0.00076904]

Residual before update:
[-0.00681277  0.00144977  0.00115282 ...  0.00067903  0.00066753
 -0.00076898]

Residual before update:
[-0.00681273  0.00144974  0.00115279 ...  0.00067903  0.00066753
 -0.00076893]

Residual before update:
[-0.0068127   0.0014497   0.00115275 ...  0.00067903  0.00066753
 -0.00076888]

Residual before update:
[-0.00681266  0.00144967  0.00115272 ...  0.00067903  0.00066753
 -0.00076883]

Residual before update:
[-0.00681263  0.00144963  0.00115268 ...  0.00067903  0.00066753
 -0.00076877]

Residual before update:
[-0.00681289  0.00144525  0.00114819 ...  0.00067688  0.00066664
 -0.00076867]

Residual before update:
[-0.00681256  0.00144956  0.00115261 ...  0.00067902  0.00066753
 -0.00076867]

Residual before update:
[-0.00681253  0.00144952  0.00115257 ...  0.00067902  0.00066753
 -0.00076862]

Residual before update:
[-0.00681249  0.00144949  0.00115254 ...  0.00067902  0.00066753
 -0.00076857]

Residual before update:
[-0.00681249  0.00144949  0.00115254 ...  0.00067902  0.00066753
 -0.00076857]

Residual before update:
[-0.00681249  0.00144949  0.00115254 ...  0.00067901  0.00066753
 -0.00076857]

Residual before update:
[-0.00681249  0.00144949  0.00115254 ...  0.00067901  0.00066753
 -0.00076857]

Residual before update:
[-0.00681249  0.00144949  0.00115254 ...  0.00067901  0.00066753
 -0.00076857]

Residual before update:
[-0.0068125   0.00144949  0.00115254 ...  0.00067901  0.00066753
 -0.00076857]

Residual before update:
[-0.0068125   0.00144949  0.00115254 ...  0.00067901  0.00066753
 -0.00076857]

Residual before update:
[-0.00681287  0.00144597  0.0011489  ...  0.00067714  0.00066684
 -0.00076847]

Residual before update:
[-0.0068125   0.00144949  0.00115254 ...  0.00067901  0.00066753
 -0.00076857]

Residual before update:
[-0.0068125   0.00144949  0.00115254 ...  0.00067901  0.00066753
 -0.00076857]

Residual before update:
[-0.0068125   0.00144949  0.00115254 ...  0.00067901  0.00066753
 -0.00076857]

Residual before update:
[-0.00681249  0.00144949  0.00115254 ...  0.00067901  0.00066753
 -0.00076857]

Residual before update:
[-0.00681249  0.00144949  0.00115254 ...  0.00067901  0.00066753
 -0.00076857]

Residual before update:
[-0.00681249  0.00144949  0.00115254 ...  0.00067901  0.00066753
 -0.00076857]

Residual before update:
[-0.00681249  0.00144949  0.00115254 ...  0.00067901  0.00066753
 -0.00076857]

Residual before update:
[-0.00681249  0.00144949  0.00115254 ...  0.00067901  0.00066753
 -0.00076857]

Residual before update:
[-0.00681249  0.00144949  0.00115254 ...  0.00067901  0.00066753
 -0.00076857]

Residual before update:
[-0.00681302  0.00144646  0.00114941 ...  0.00067715  0.00066678
 -0.00076886]

Residual before update:
[-0.00681249  0.00144949  0.00115253 ...  0.00067901  0.00066753
 -0.00076857]

Residual before update:
[-0.00681249  0.00144949  0.00115254 ...  0.00067901  0.00066753
 -0.00076857]

Residual before update:
[-0.00681249  0.00144949  0.00115254 ...  0.00067901  0.00066753
 -0.00076857]

Residual before update:
[-0.00681249  0.00144949  0.00115254 ...  0.00067901  0.00066753
 -0.00076857]

Residual before update:
[-0.00681249  0.00144949  0.00115254 ...  0.00067901  0.00066753
 -0.00076857]

Residual before update:
[-0.00681249  0.00144949  0.00115254 ...  0.00067901  0.00066753
 -0.00076857]

Residual before update:
[-0.00681249  0.00144949  0.00115254 ...  0.00067901  0.00066753
 -0.00076857]

Residual before update:
[-0.00681249  0.00144949  0.00115254 ...  0.00067901  0.00066753
 -0.00076857]

Residual before update:
[-0.00681249  0.00144949  0.00115254 ...  0.00067901  0.00066753
 -0.00076857]

Residual before update:
[-0.00681304  0.00144641  0.00114935 ...  0.00067722  0.00066678
 -0.00076882]

Residual before update:
[-0.00681249  0.00144948  0.00115253 ...  0.00067901  0.00066753
 -0.00076857]

Residual before update:
[-0.00681249  0.00144949  0.00115253 ...  0.00067901  0.00066753
 -0.00076857]

Residual before update:
[-0.00681249  0.00144949  0.00115253 ...  0.00067901  0.00066753
 -0.00076857]

Residual before update:
[-0.00681249  0.00144949  0.00115253 ...  0.00067901  0.00066753
 -0.00076857]

Residual before update:
[-0.00681249  0.00144948  0.00115253 ...  0.00067901  0.00066753
 -0.00076857]

Residual before update:
[-0.00681249  0.00144948  0.00115253 ...  0.00067901  0.00066753
 -0.00076857]

Residual before update:
[-0.00681249  0.00144948  0.00115253 ...  0.00067901  0.00066753
 -0.00076857]

Residual before update:
[-0.00681249  0.00144948  0.00115253 ...  0.00067901  0.00066753
 -0.00076857]

Residual before update:
[-0.00681249  0.00144948  0.00115253 ...  0.00067901  0.00066753
 -0.00076857]

Residual before update:
[-0.00681304  0.00144646  0.00114941 ...  0.00067726  0.00066677
 -0.00076878]

Residual before update:
[-0.00681249  0.00144948  0.00115253 ...  0.00067901  0.00066753
 -0.00076857]

Residual before update:
[-0.00681249  0.00144948  0.00115253 ...  0.00067901  0.00066753
 -0.00076857]

Residual before update:
[-0.00681249  0.00144948  0.00115253 ...  0.00067901  0.00066753
 -0.00076857]
Compute pips
###############################
TGFM
###############################
Initialize variables
Warning: 361 variants have NaN gwas_beta. Setting to 0 with large SE.
Iterative optimization

Residual before update:
[-0.00023172  0.         -0.00060866 ...  0.00190306  0.00283608
  0.        ]

Residual before update:
[-2.31697920e-04  9.25714438e-18 -6.08649240e-04 ...  1.90304612e-03
  2.83607610e-03 -3.95125891e-17]

Residual before update:
[-2.31680351e-04  1.79617788e-17 -6.08640557e-04 ...  1.90303087e-03
  2.83607556e-03 -7.89562652e-17]

Residual before update:
[-2.31662921e-04  2.70512674e-17 -6.08631887e-04 ...  1.90301427e-03
  2.83607473e-03 -1.18665373e-16]

Residual before update:
[-2.34120009e-04 -3.40509738e-14 -5.91718497e-04 ...  1.92284884e-03
  2.82981394e-03  3.74256291e-14]

Residual before update:
[-2.31628239e-04  4.56306228e-17 -6.08614734e-04 ...  1.90298244e-03
  2.83607308e-03 -1.96018673e-16]

Residual before update:
[-2.31611040e-04  5.33728800e-17 -6.08606373e-04 ...  1.90296638e-03
  2.83607242e-03 -2.37359053e-16]

Residual before update:
[-2.31593731e-04  6.34087454e-17 -6.08597739e-04 ...  1.90295057e-03
  2.83607313e-03 -2.73692038e-16]

Residual before update:
[-2.31576645e-04  6.99397715e-17 -6.08589461e-04 ...  1.90293419e-03
  2.83606929e-03 -3.16641187e-16]

Residual before update:
[-1.68572011e-04 -3.74324657e-13 -6.05475532e-04 ...  1.77319793e-03
  2.81580876e-03 -2.21342781e-15]

Residual before update:
[-2.31560084e-04  7.68099513e-17 -6.08581943e-04 ...  1.90291829e-03
  2.83606888e-03 -3.56118419e-16]

Residual before update:
[-2.31560353e-04  7.65764233e-17 -6.08582292e-04 ...  1.90291790e-03
  2.83606857e-03 -3.56301965e-16]

Residual before update:
[-2.31560369e-04  7.39558567e-17 -6.08582884e-04 ...  1.90292083e-03
  2.83607018e-03 -3.56124734e-16]

Residual before update:
[-2.31560746e-04  7.42712501e-17 -6.08583118e-04 ...  1.90291773e-03
  2.83606981e-03 -3.56936202e-16]

Residual before update:
[-2.36254307e-04 -1.14788541e-13 -5.78202918e-04 ...  1.94086734e-03
  2.81909898e-03 -3.63889504e-14]

Residual before update:
[-2.31561145e-04  7.56031265e-17 -6.08583484e-04 ...  1.90291770e-03
  2.83606958e-03 -3.53979850e-16]

Residual before update:
[-2.31561324e-04  7.38646923e-17 -6.08583774e-04 ...  1.90291748e-03
  2.83606978e-03 -3.57274222e-16]

Residual before update:
[-2.31561204e-04  7.57740770e-17 -6.08583525e-04 ...  1.90291765e-03
  2.83607169e-03 -3.53206589e-16]

Residual before update:
[-2.31561260e-04  7.34801305e-17 -6.08583631e-04 ...  1.90291715e-03
  2.83606801e-03 -3.57612806e-16]

Residual before update:
[-2.40384234e-04 -4.26977057e-14 -6.13589723e-04 ...  1.87069619e-03
  2.83955731e-03 -1.85561794e-13]

Residual before update:
[-2.31561203e-04  7.34088691e-17 -6.08583767e-04 ...  1.90291741e-03
  2.83606866e-03 -3.57464681e-16]

Residual before update:
[-2.31561028e-04  7.41676721e-17 -6.08583605e-04 ...  1.90291713e-03
  2.83606841e-03 -3.57564954e-16]

Residual before update:
[-2.31560675e-04  7.23666696e-17 -6.08583762e-04 ...  1.90292017e-03
  2.83607007e-03 -3.57321730e-16]

Residual before update:
[-2.31560760e-04  7.33511700e-17 -6.08583638e-04 ...  1.90291715e-03
  2.83606974e-03 -3.58070406e-16]

Residual before update:
[-2.27958217e-04  6.02583934e-14 -6.18812706e-04 ...  1.90412247e-03
  2.83456995e-03  1.20273939e-13]

Residual before update:
[-2.31560761e-04  7.56014947e-17 -6.08583489e-04 ...  1.90291723e-03
  2.83606955e-03 -3.55034021e-16]

Residual before update:
[-2.31560833e-04  7.41172773e-17 -6.08583623e-04 ...  1.90291705e-03
  2.83606976e-03 -3.58314247e-16]

Residual before update:
[-2.31560652e-04  7.61735737e-17 -6.08583277e-04 ...  1.90291723e-03
  2.83607169e-03 -3.54233168e-16]

Residual before update:
[-2.31560702e-04  7.38990619e-17 -6.08583349e-04 ...  1.90291674e-03
  2.83606800e-03 -3.58651540e-16]

Residual before update:
[-2.36805810e-04 -5.62167246e-14 -6.13441560e-04 ...  1.87537318e-03
  2.83638570e-03 -1.74820318e-13]

Residual before update:
[-2.31560716e-04  7.36880014e-17 -6.08583530e-04 ...  1.90291699e-03
  2.83606864e-03 -3.58513542e-16]

Residual before update:
[-2.31560560e-04  7.44074190e-17 -6.08583380e-04 ...  1.90291670e-03
  2.83606839e-03 -3.58622663e-16]

Residual before update:
[-2.31560217e-04  7.25738370e-17 -6.08583546e-04 ...  1.90291975e-03
  2.83607004e-03 -3.58387927e-16]

Residual before update:
[-2.31560314e-04  7.35426674e-17 -6.08583429e-04 ...  1.90291672e-03
  2.83606971e-03 -3.59132754e-16]

Residual before update:
[-2.29849786e-04 -4.29241005e-14 -5.69793966e-04 ...  1.91599018e-03
  2.83270038e-03 -2.50113149e-14]

Residual before update:
[-2.31560319e-04  7.57896534e-17 -6.08583284e-04 ...  1.90291680e-03
  2.83606953e-03 -3.56092454e-16]

Residual before update:
[-2.31560391e-04  7.43021683e-17 -6.08583419e-04 ...  1.90291661e-03
  2.83606974e-03 -3.59378613e-16]

Residual before update:
[-2.31560204e-04  7.63699266e-17 -6.08583069e-04 ...  1.90291680e-03
  2.83607167e-03 -3.55293118e-16]

Residual before update:
[-2.31560252e-04  7.40924983e-17 -6.08583141e-04 ...  1.90291631e-03
  2.83606797e-03 -3.59722906e-16]

Residual before update:
[-2.36860968e-04 -5.98381270e-14 -6.13390746e-04 ...  1.87662543e-03
  2.83548454e-03 -1.71503353e-13]

Residual before update:
[-2.31560267e-04  7.38838176e-17 -6.08583322e-04 ...  1.90291655e-03
  2.83606862e-03 -3.59578381e-16]

Residual before update:
[-2.31560108e-04  7.46067563e-17 -6.08583171e-04 ...  1.90291627e-03
  2.83606836e-03 -3.59691393e-16]

Residual before update:
[-2.31559762e-04  7.27689906e-17 -6.08583336e-04 ...  1.90291932e-03
  2.83607002e-03 -3.59461898e-16]

Residual before update:
[-2.31559863e-04  7.37391056e-17 -6.08583220e-04 ...  1.90291629e-03
  2.83606969e-03 -3.60200821e-16]

Residual before update:
[-4.72029656e-04 -1.18791055e-11  7.92967723e-04 ...  4.13910228e-03
  1.76615583e-03 -1.32807063e-11]

Residual before update:
[-2.31559866e-04  7.59929713e-17 -6.08583074e-04 ...  1.90291636e-03
  2.83606951e-03 -3.57155420e-16]

Residual before update:
[-2.31559940e-04  7.45001452e-17 -6.08583210e-04 ...  1.90291618e-03
  2.83606971e-03 -3.60447766e-16]

Residual before update:
[-2.31559749e-04  7.65754247e-17 -6.08582858e-04 ...  1.90291636e-03
  2.83607165e-03 -3.56358347e-16]

Residual before update:
[-2.31559798e-04  7.42909055e-17 -6.08582930e-04 ...  1.90291587e-03
  2.83606794e-03 -3.60800100e-16]

Residual before update:
[-2.36906709e-04 -6.08408476e-14 -6.13372879e-04 ...  1.87700149e-03
  2.83522416e-03 -1.70428969e-13]
Compute pips
###############################
TGFM
###############################
Initialize variables
Warning: 354 variants have NaN gwas_beta. Setting to 0 with large SE.
Iterative optimization

Residual before update:
[-0.0063834   0.00032091 -0.00775721 ...  0.          0.0003741
 -0.00025074]

Residual before update:
[-6.18497779e-03  3.20921026e-04 -7.73658521e-03 ...  5.50852809e-14
  7.04191331e-04  7.89951117e-05]

Residual before update:
[-6.38332659e-03  3.20926762e-04 -7.75683629e-03 ...  9.91911552e-18
  3.73982006e-04 -2.50870590e-04]

Residual before update:
[-6.38327061e-03  3.59470468e-04 -7.72212035e-03 ...  2.39554276e-15
  4.51179052e-04 -1.56135220e-04]

Residual before update:
[-6.42240254e-03  3.12194178e-04 -7.78617326e-03 ... -5.19367085e-14
  3.72991321e-04 -2.52468973e-04]

Residual before update:
[-6.38321805e-03  3.20957111e-04 -7.75628048e-03 ...  2.45518874e-17
  3.73797722e-04 -2.51060024e-04]

Residual before update:
[-6.38318293e-03  3.20967209e-04 -7.75609523e-03 ...  2.90840145e-17
  3.73735695e-04 -2.51123804e-04]

Residual before update:
[-6.38314845e-03  3.20976992e-04 -7.75591005e-03 ...  3.37002313e-17
  3.73673751e-04 -2.51187517e-04]

Residual before update:
[-6.38248383e-03  3.21097978e-04 -7.75516479e-03 ...  1.37481720e-15
  3.75798742e-04 -2.49473506e-04]

Residual before update:
[-6.38308083e-03  3.20996998e-04 -7.75553971e-03 ...  4.30483047e-17
  3.73550044e-04 -2.51314769e-04]

Residual before update:
[ 8.08612184e+16 -7.53118958e+16 -1.84489943e+16 ... -8.82604885e+07
 -2.41120695e+17 -5.94900429e+16]

Residual before update:
[6.88753218e+30 1.49584525e+26 7.09504655e+29 ... 1.91226572e+21
 1.14620046e+31 1.14500154e+31]

Residual before update:
[-6.38309332e-03  3.20996618e-04 -7.75553887e-03 ...  4.14577594e-17
  3.73548576e-04 -2.51316466e-04]

Residual before update:
[-6.36182495e-03  3.33126160e-04 -7.72387120e-03 ... -7.29181832e-15
  4.38344426e-04 -1.74680608e-04]

Residual before update:
[-6.46494590e-03  3.05879368e-04 -7.78774168e-03 ... -6.14815087e-14
  3.58020782e-04 -2.68495743e-04]

Residual before update:
[-6.38309976e-03  3.20996869e-04 -7.75553721e-03 ...  4.11476544e-17
  3.73548420e-04 -2.51316692e-04]

Residual before update:
[-6.38310065e-03  3.20996929e-04 -7.75553659e-03 ...  4.07346078e-17
  3.73547478e-04 -2.51317678e-04]

Residual before update:
[-6.38310119e-03  3.20996601e-04 -7.75553606e-03 ...  4.06419486e-17
  3.73546928e-04 -2.51318266e-04]

Residual before update:
[-6.38360770e-03  3.20920785e-04 -7.75609202e-03 ... -6.81108115e-16
  3.72364621e-04 -2.52340744e-04]

Residual before update:
[-6.38310061e-03  3.20996701e-04 -7.75553484e-03 ...  4.09180997e-17
  3.73546443e-04 -2.51318769e-04]

Residual before update:
[ 2.02544878e+46 -1.88644666e+46 -4.62118735e+45 ... -2.21078837e+37
 -6.03970100e+46 -1.49013370e+46]

Residual before update:
[2.33259236e+65 5.06596136e+60 2.40287100e+64 ... 6.47624765e+55
 3.88182350e+65 3.87776313e+65]

Residual before update:
[-6.38309979e-03  3.20996698e-04 -7.75553360e-03 ...  4.07163708e-17
  3.73546094e-04 -2.51319122e-04]

Residual before update:
[-6.36252163e-03  3.49123898e-04 -7.72412808e-03 ... -4.19497443e-14
  4.35017834e-04 -1.77833757e-04]

Residual before update:
[-6.42722462e-03  3.14491604e-04 -7.78463212e-03 ... -5.31723175e-14
  3.67667419e-04 -2.57969411e-04]

Residual before update:
[-6.38309938e-03  3.20997149e-04 -7.75553167e-03 ...  4.11607675e-17
  3.73546504e-04 -2.51318669e-04]

Residual before update:
[-6.38309919e-03  3.20997242e-04 -7.75553100e-03 ...  4.08734435e-17
  3.73545644e-04 -2.51319556e-04]

Residual before update:
[-6.38309920e-03  3.20996929e-04 -7.75553044e-03 ...  4.08501333e-17
  3.73545137e-04 -2.51320092e-04]

Residual before update:
[-6.38303993e-03  3.21146338e-04 -7.75187269e-03 ... -4.19079893e-16
  3.71050575e-04 -2.53800351e-04]

Residual before update:
[-6.38309898e-03  3.20997022e-04 -7.75552918e-03 ...  4.11079729e-17
  3.73544611e-04 -2.51320644e-04]

Residual before update:
[ 5.07357866e+75 -4.72539005e+75 -1.15756853e+75 ... -5.53783874e+66
 -1.51289425e+76 -3.73265945e+75]

Residual before update:
[7.90490752e+099 1.71680045e+095 8.14307438e+098 ... 2.19473148e+090
 1.31550872e+100 1.31413270e+100]

Residual before update:
[-6.38309882e-03  3.20997001e-04 -7.75552794e-03 ...  4.08477533e-17
  3.73544200e-04 -2.51321071e-04]

Residual before update:
[-6.36378957e-03  3.45506494e-04 -7.72580847e-03 ... -3.83306600e-14
  4.31309294e-04 -1.81490284e-04]

Residual before update:
[-6.42854635e-03  3.14415556e-04 -7.78594690e-03 ... -5.43656113e-14
  3.67164820e-04 -2.58510218e-04]

Residual before update:
[-6.38309854e-03  3.20997451e-04 -7.75552600e-03 ...  4.12815671e-17
  3.73544594e-04 -2.51320636e-04]

Residual before update:
[-6.38309834e-03  3.20997545e-04 -7.75552531e-03 ...  4.09942202e-17
  3.73543730e-04 -2.51321527e-04]

Residual before update:
[-6.38309833e-03  3.20997231e-04 -7.75552476e-03 ...  4.09723159e-17
  3.73543227e-04 -2.51322059e-04]

Residual before update:
[-6.38320611e-03  3.20999028e-04 -7.75600427e-03 ...  2.65540690e-15
  3.73913190e-04 -2.51044103e-04]

Residual before update:
[-6.38309807e-03  3.20997326e-04 -7.75552349e-03 ...  4.12341767e-17
  3.73542700e-04 -2.51322612e-04]

Residual before update:
[ 1.27088874e+105 -1.18367042e+105 -2.89961170e+104 ... -1.38718198e+096
 -3.78967273e+105 -9.34999766e+104]

Residual before update:
[2.67888912e+134 5.81805421e+129 2.75960134e+133 ... 7.43771166e+124
 4.45811919e+134 4.45345601e+134]
NaNs in component_non_med_pred at component 2

Residual before update:
[-6.38309789e-03  3.20997305e-04 -7.75552225e-03 ...  4.09741132e-17
  3.73542288e-04 -2.51323039e-04]
NaNs in residual_incl_alpha[80, :]
NaN in mixture_alpha_mu: b_terms=[nan nan nan nan nan nan nan nan nan nan nan nan nan]
NaNs in self.residual at bs_iter=80
NaNs in un_normalized_lv_alpha_weights
NaN in normalizing_term
NaNs in component_non_med_pred at component 3

Residual before update:
[-6.36480822e-03  3.43150842e-04 -7.72711395e-03 ... -3.57513316e-14
  4.28503729e-04 -1.84267568e-04]
NaNs in residual_incl_alpha[80, :]
NaNs in gene_weights for bs_iter=80
NaN in mixture_alpha_mu: b_terms=[nan nan nan nan nan nan nan nan nan nan nan nan nan]
NaNs in self.residual at bs_iter=80
NaNs in un_normalized_lv_alpha_weights
NaN in normalizing_term
NaNs in component_non_med_pred at component 4

Residual before update:
[-6.42891847e-03  3.14374134e-04 -7.78609739e-03 ... -5.43767539e-14
  3.67001513e-04 -2.58684736e-04]
NaNs in residual_incl_alpha[80, :]
NaNs in gene_weights for bs_iter=80
NaN in mixture_alpha_mu: b_terms=[nan nan nan nan nan nan nan nan nan nan nan nan nan]
NaNs in self.residual at bs_iter=80
NaNs in un_normalized_lv_alpha_weights
NaN in normalizing_term
NaNs in component_non_med_pred at component 5

Residual before update:
[-6.38309762e-03  3.20997757e-04 -7.75552028e-03 ...  4.14093782e-17
  3.73542679e-04 -2.51322607e-04]
NaNs in residual_incl_alpha[80, :]
NaNs in gene_weights for bs_iter=80
NaN in mixture_alpha_mu: b_terms=[nan nan nan nan nan nan nan nan nan nan nan nan nan]
NaNs in self.residual at bs_iter=80
NaNs in un_normalized_lv_alpha_weights
NaN in normalizing_term
NaNs in component_non_med_pred at component 6

Residual before update:
[-6.38309742e-03  3.20997851e-04 -7.75551959e-03 ...  4.11210910e-17
  3.73541810e-04 -2.51323504e-04]
NaNs in residual_incl_alpha[80, :]
NaNs in gene_weights for bs_iter=80
NaN in mixture_alpha_mu: b_terms=[nan nan nan nan nan nan nan nan nan nan nan nan nan]
NaNs in self.residual at bs_iter=80
NaNs in un_normalized_lv_alpha_weights
NaN in normalizing_term
NaNs in component_non_med_pred at component 7

Residual before update:
[-6.38309741e-03  3.20997536e-04 -7.75551905e-03 ...  4.10988090e-17
  3.73541308e-04 -2.51324034e-04]
NaNs in residual_incl_alpha[80, :]
NaNs in gene_weights for bs_iter=80
NaN in mixture_alpha_mu: b_terms=[nan nan nan nan nan nan nan nan nan nan nan nan nan]
NaNs in self.residual at bs_iter=80
NaNs in un_normalized_lv_alpha_weights
NaN in normalizing_term
NaNs in component_non_med_pred at component 8

Residual before update:
[-6.38367526e-03  3.20896181e-04 -7.75625701e-03 ... -7.61343058e-16
  3.72309039e-04 -2.52256637e-04]
NaNs in residual_incl_alpha[1, :]
NaN in mixture_alpha_mu: b_terms=[nan nan nan nan nan nan nan nan nan nan nan nan nan]
NaNs in self.residual at bs_iter=1
NaNs in un_normalized_lv_alpha_weights
NaN in normalizing_term
NaNs in residual_incl_alpha[80, :]
NaNs in gene_weights for bs_iter=80
NaN in mixture_alpha_mu: b_terms=[nan nan nan nan nan nan nan nan nan nan nan nan nan]
NaNs in self.residual at bs_iter=80
NaNs in un_normalized_lv_alpha_weights
NaN in normalizing_term
NaNs in component_non_med_pred at component 9

Residual before update:
[-6.38309715e-03  3.20997631e-04 -7.75551777e-03 ...  4.13617171e-17
  3.73540776e-04 -2.51324592e-04]
NaNs in residual_incl_alpha[1, :]
NaNs in gene_weights for bs_iter=1
NaN in mixture_alpha_mu: b_terms=[nan nan nan nan nan nan nan nan nan nan nan nan nan]
NaNs in self.residual at bs_iter=1
NaNs in un_normalized_lv_alpha_weights
NaN in normalizing_term
NaNs in residual_incl_alpha[80, :]
NaNs in gene_weights for bs_iter=80
NaN in mixture_alpha_mu: b_terms=[nan nan nan nan nan nan nan nan nan nan nan nan nan]
NaNs in self.residual at bs_iter=80
NaNs in un_normalized_lv_alpha_weights
NaN in normalizing_term
Compute pips
NaNs found in gene-tissue pair PIPs at indices: [ 0  1  2  3  4  5  6  7  8  9 10 11 12]
NaNs found in variant PIPs at indices: [    0     1     2 ... 11904 11905 11906]
NaNs found in gene PIPs at indices: [0 1 2 3 4]
###############################
TGFM
###############################
Initialize variables
Warning: 434 variants have NaN gwas_beta. Setting to 0 with large SE.
Iterative optimization

Residual before update:
[ 0.00618133 -0.00386887 -0.00702173 ...  0.00894656 -0.00350343
 -0.00124879]

Residual before update:
[ 0.00618133 -0.00386886 -0.00702167 ...  0.00894649 -0.00350341
 -0.00124878]

Residual before update:
[ 0.00618133 -0.00386885 -0.00702161 ...  0.00894641 -0.0035034
 -0.00124878]

Residual before update:
[ 0.00618133 -0.00386883 -0.00702156 ...  0.00894634 -0.00350338
 -0.00124877]

Residual before update:
[ 0.00618132 -0.00386882 -0.0070215  ...  0.00894626 -0.00350337
 -0.00124876]

Residual before update:
[ 0.00618132 -0.00386881 -0.00702144 ...  0.00894619 -0.00350335
 -0.00124876]

Residual before update:
[ 0.00618132 -0.0038688  -0.00702138 ...  0.00894612 -0.00350334
 -0.00124875]

Residual before update:
[ 0.00621748 -0.00368497 -0.00663638 ...  0.00896187 -0.00350337
 -0.00124725]

Residual before update:
[ 0.00618132 -0.00386877 -0.00702126 ...  0.00894597 -0.00350331
 -0.00124874]

Residual before update:
[ 0.00618131 -0.00386876 -0.00702121 ...  0.00894589 -0.0035033
 -0.00124873]

Residual before update:
[ 0.00618131 -0.00386876 -0.00702121 ...  0.00894589 -0.0035033
 -0.00124873]

Residual before update:
[ 0.00618131 -0.00386876 -0.00702121 ...  0.00894589 -0.0035033
 -0.00124874]

Residual before update:
[ 0.00618131 -0.00386876 -0.00702121 ...  0.00894589 -0.0035033
 -0.00124873]

Residual before update:
[ 0.00618131 -0.00386876 -0.00702121 ...  0.00894589 -0.0035033
 -0.00124873]

Residual before update:
[ 0.00618131 -0.00386876 -0.00702121 ...  0.00894589 -0.0035033
 -0.00124873]

Residual before update:
[ 0.00618131 -0.00386876 -0.00702121 ...  0.00894589 -0.0035033
 -0.00124873]

Residual before update:
[ 0.00618131 -0.00386876 -0.00702121 ...  0.00894589 -0.0035033
 -0.00124873]

Residual before update:
[ 0.00621464 -0.00368736 -0.00663141 ...  0.00896219 -0.00350341
 -0.0012479 ]

Residual before update:
[ 0.00618131 -0.00386876 -0.0070212  ...  0.00894589 -0.0035033
 -0.00124873]

Residual before update:
[ 0.00618131 -0.00386876 -0.0070212  ...  0.00894589 -0.0035033
 -0.00124873]

Residual before update:
[ 0.00618131 -0.00386876 -0.0070212  ...  0.00894589 -0.0035033
 -0.00124873]

Residual before update:
[ 0.00618131 -0.00386876 -0.00702121 ...  0.00894589 -0.0035033
 -0.00124874]

Residual before update:
[ 0.00618131 -0.00386876 -0.0070212  ...  0.00894589 -0.0035033
 -0.00124873]

Residual before update:
[ 0.00618131 -0.00386876 -0.0070212  ...  0.00894589 -0.0035033
 -0.00124874]

Residual before update:
[ 0.00618131 -0.00386876 -0.0070212  ...  0.00894589 -0.0035033
 -0.00124873]

Residual before update:
[ 0.00618131 -0.00386876 -0.0070212  ...  0.00894589 -0.0035033
 -0.00124873]

Residual before update:
[ 0.00618131 -0.00386876 -0.0070212  ...  0.00894589 -0.0035033
 -0.00124873]

Residual before update:
[ 0.00621378 -0.00368931 -0.00663191 ...  0.00896228 -0.00350342
 -0.00124792]

Residual before update:
[ 0.00618131 -0.00386876 -0.0070212  ...  0.00894589 -0.0035033
 -0.00124873]

Residual before update:
[ 0.00618131 -0.00386876 -0.0070212  ...  0.00894589 -0.0035033
 -0.00124873]

Residual before update:
[ 0.00618131 -0.00386876 -0.0070212  ...  0.00894589 -0.0035033
 -0.00124873]

Residual before update:
[ 0.00618131 -0.00386876 -0.00702121 ...  0.00894589 -0.0035033
 -0.00124874]

Residual before update:
[ 0.00618131 -0.00386876 -0.0070212  ...  0.00894589 -0.0035033
 -0.00124873]

Residual before update:
[ 0.00618131 -0.00386876 -0.0070212  ...  0.00894589 -0.0035033
 -0.00124873]

Residual before update:
[ 0.00618131 -0.00386876 -0.0070212  ...  0.00894589 -0.0035033
 -0.00124873]

Residual before update:
[ 0.00618131 -0.00386876 -0.0070212  ...  0.00894589 -0.0035033
 -0.00124873]

Residual before update:
[ 0.00618131 -0.00386876 -0.0070212  ...  0.00894589 -0.0035033
 -0.00124873]

Residual before update:
[ 0.00621371 -0.00368985 -0.00663304 ...  0.00896224 -0.00350342
 -0.0012479 ]

Residual before update:
[ 0.00618131 -0.00386876 -0.0070212  ...  0.00894589 -0.0035033
 -0.00124873]

Residual before update:
[ 0.00618131 -0.00386876 -0.0070212  ...  0.00894589 -0.0035033
 -0.00124873]

Residual before update:
[ 0.00618131 -0.00386876 -0.0070212  ...  0.00894589 -0.0035033
 -0.00124873]

Residual before update:
[ 0.00618131 -0.00386876 -0.00702121 ...  0.00894589 -0.0035033
 -0.00124874]

Residual before update:
[ 0.00618131 -0.00386876 -0.0070212  ...  0.00894589 -0.0035033
 -0.00124873]

Residual before update:
[ 0.00618131 -0.00386876 -0.0070212  ...  0.00894589 -0.0035033
 -0.00124873]

Residual before update:
[ 0.00618131 -0.00386876 -0.0070212  ...  0.00894589 -0.0035033
 -0.00124873]

Residual before update:
[ 0.00618131 -0.00386876 -0.0070212  ...  0.00894589 -0.0035033
 -0.00124873]

Residual before update:
[ 0.00618131 -0.00386876 -0.0070212  ...  0.00894589 -0.0035033
 -0.00124873]

Residual before update:
[ 0.00621362 -0.0036903  -0.00663403 ...  0.0089622  -0.00350342
 -0.0012479 ]

Residual before update:
[ 0.00618131 -0.00386876 -0.0070212  ...  0.00894589 -0.0035033
 -0.00124873]

Residual before update:
[ 0.00618131 -0.00386876 -0.0070212  ...  0.00894589 -0.0035033
 -0.00124873]
Compute pips
###############################
TGFM
###############################
Initialize variables
Warning: 469 variants have NaN gwas_beta. Setting to 0 with large SE.
Iterative optimization

Residual before update:
[ 0.00084577  0.002115    0.00230481 ...  0.00758941  0.00525585
 -0.00669976]

Residual before update:
[ 0.0008458   0.00211501  0.00230482 ...  0.00758941  0.00525571
 -0.00669984]

Residual before update:
[ 0.00084583  0.00211502  0.00230483 ...  0.0075894   0.0052556
 -0.0066999 ]

Residual before update:
[ 0.00084585  0.00211503  0.00230484 ...  0.0075894   0.00525549
 -0.00669996]

Residual before update:
[ 0.00084588  0.00211504  0.00230485 ...  0.0075894   0.0052554
 -0.00670001]

Residual before update:
[ 0.00084591  0.00211505  0.00230486 ...  0.0075894   0.00525531
 -0.00670006]

Residual before update:
[ 0.00084593  0.00211506  0.00230487 ...  0.00758939  0.00525523
 -0.0067001 ]

Residual before update:
[ 0.00084596  0.00211507  0.00230488 ...  0.00758939  0.00525516
 -0.00670014]

Residual before update:
[ 0.00084599  0.00211508  0.00230489 ...  0.00758939  0.00525509
 -0.00670017]

Residual before update:
[ 0.00084601  0.00211509  0.0023049  ...  0.00758939  0.00525502
 -0.0067002 ]

Residual before update:
[ 0.00084601  0.0021151   0.0023049  ...  0.00758939  0.0052551
 -0.00670016]

Residual before update:
[ 0.00084602  0.0021151   0.0023049  ...  0.00758939  0.00525515
 -0.00670013]

Residual before update:
[ 0.00084602  0.0021151   0.0023049  ...  0.00758939  0.00525519
 -0.0067001 ]

Residual before update:
[ 0.00084602  0.0021151   0.0023049  ...  0.00758939  0.00525521
 -0.00670009]

Residual before update:
[ 0.00084602  0.0021151   0.0023049  ...  0.00758939  0.00525523
 -0.00670008]

Residual before update:
[ 0.00084602  0.0021151   0.0023049  ...  0.00758939  0.00525524
 -0.00670007]

Residual before update:
[ 0.00084602  0.0021151   0.0023049  ...  0.00758939  0.00525524
 -0.00670007]

Residual before update:
[ 0.00084602  0.0021151   0.0023049  ...  0.00758939  0.00525524
 -0.00670007]

Residual before update:
[ 0.00084602  0.0021151   0.0023049  ...  0.00758939  0.00525523
 -0.00670008]

Residual before update:
[ 0.00084602  0.0021151   0.0023049  ...  0.00758939  0.00525521
 -0.00670009]

Residual before update:
[ 0.00084602  0.0021151   0.0023049  ...  0.00758939  0.00525521
 -0.00670009]

Residual before update:
[ 0.00084602  0.0021151   0.0023049  ...  0.00758939  0.0052552
 -0.00670009]

Residual before update:
[ 0.00084602  0.0021151   0.0023049  ...  0.00758939  0.0052552
 -0.00670009]

Residual before update:
[ 0.00084602  0.0021151   0.0023049  ...  0.00758939  0.0052552
 -0.00670009]

Residual before update:
[ 0.00084602  0.0021151   0.0023049  ...  0.00758939  0.0052552
 -0.00670009]

Residual before update:
[ 0.00084602  0.0021151   0.0023049  ...  0.00758939  0.00525521
 -0.00670009]

Residual before update:
[ 0.00084602  0.0021151   0.0023049  ...  0.00758939  0.00525521
 -0.00670009]

Residual before update:
[ 0.00084602  0.0021151   0.0023049  ...  0.00758939  0.00525521
 -0.00670009]

Residual before update:
[ 0.00084602  0.0021151   0.0023049  ...  0.00758939  0.00525521
 -0.00670009]

Residual before update:
[ 0.00084602  0.0021151   0.0023049  ...  0.00758939  0.00525521
 -0.00670009]

Residual before update:
[ 0.00084602  0.0021151   0.0023049  ...  0.00758939  0.00525521
 -0.00670009]

Residual before update:
[ 0.00084602  0.0021151   0.0023049  ...  0.00758939  0.00525521
 -0.00670009]

Residual before update:
[ 0.00084602  0.0021151   0.0023049  ...  0.00758939  0.00525521
 -0.00670009]

Residual before update:
[ 0.00084602  0.0021151   0.0023049  ...  0.00758939  0.00525521
 -0.00670009]

Residual before update:
[ 0.00084602  0.0021151   0.0023049  ...  0.00758939  0.00525521
 -0.00670009]

Residual before update:
[ 0.00084602  0.0021151   0.0023049  ...  0.00758939  0.00525521
 -0.00670009]

Residual before update:
[ 0.00084602  0.0021151   0.0023049  ...  0.00758939  0.00525521
 -0.00670009]

Residual before update:
[ 0.00084602  0.0021151   0.0023049  ...  0.00758939  0.00525521
 -0.00670009]

Residual before update:
[ 0.00084602  0.0021151   0.0023049  ...  0.00758939  0.00525521
 -0.00670009]

Residual before update:
[ 0.00084602  0.0021151   0.0023049  ...  0.00758939  0.00525521
 -0.00670009]

Residual before update:
[ 0.00084602  0.0021151   0.0023049  ...  0.00758939  0.00525521
 -0.00670009]

Residual before update:
[ 0.00084602  0.0021151   0.0023049  ...  0.00758939  0.00525521
 -0.00670009]

Residual before update:
[ 0.00084602  0.0021151   0.0023049  ...  0.00758939  0.00525521
 -0.00670009]

Residual before update:
[ 0.00084602  0.0021151   0.0023049  ...  0.00758939  0.00525521
 -0.00670009]

Residual before update:
[ 0.00084602  0.0021151   0.0023049  ...  0.00758939  0.00525521
 -0.00670009]

Residual before update:
[ 0.00084602  0.0021151   0.0023049  ...  0.00758939  0.00525521
 -0.00670009]

Residual before update:
[ 0.00084602  0.0021151   0.0023049  ...  0.00758939  0.00525521
 -0.00670009]

Residual before update:
[ 0.00084602  0.0021151   0.0023049  ...  0.00758939  0.00525521
 -0.00670009]

Residual before update:
[ 0.00084602  0.0021151   0.0023049  ...  0.00758939  0.00525521
 -0.00670009]

Residual before update:
[ 0.00084602  0.0021151   0.0023049  ...  0.00758939  0.00525521
 -0.00670009]
Compute pips
###############################
TGFM
###############################
Initialize variables
Warning: 462 variants have NaN gwas_beta. Setting to 0 with large SE.
Iterative optimization

Residual before update:
[0.00256282 0.0030504  0.00425607 ... 0.00270241 0.00655034 0.0015119 ]

Residual before update:
[0.00256281 0.00305039 0.00425606 ... 0.00270242 0.00655032 0.00151189]

Residual before update:
[0.0025628  0.00305037 0.00425604 ... 0.00270242 0.0065503  0.00151188]

Residual before update:
[0.00256279 0.00305035 0.00425602 ... 0.00270242 0.00655029 0.00151187]

Residual before update:
[0.00256278 0.00305033 0.004256   ... 0.00270242 0.00655027 0.00151186]

Residual before update:
[0.00256277 0.00305032 0.00425599 ... 0.00270242 0.00655026 0.00151186]

Residual before update:
[0.00256275 0.0030503  0.00425597 ... 0.00270243 0.00655024 0.00151185]

Residual before update:
[0.00259699 0.00324048 0.00444536 ... 0.00270402 0.00655075 0.00151184]

Residual before update:
[0.00256273 0.00305027 0.00425594 ... 0.00270243 0.00655022 0.00151184]

Residual before update:
[0.00256272 0.00305025 0.00425592 ... 0.00270243 0.00655021 0.00151183]

Residual before update:
[0.00256272 0.00305025 0.00425592 ... 0.00270243 0.00655021 0.00151184]

Residual before update:
[0.00256272 0.00305025 0.00425592 ... 0.00270244 0.00655022 0.00151184]

Residual before update:
[0.00256272 0.00305026 0.00425592 ... 0.00270244 0.00655022 0.00151184]

Residual before update:
[0.00256272 0.00305026 0.00425592 ... 0.00270244 0.00655023 0.00151185]

Residual before update:
[0.00256272 0.00305026 0.00425592 ... 0.00270244 0.00655023 0.00151185]

Residual before update:
[0.00256272 0.00305026 0.00425592 ... 0.00270244 0.00655023 0.00151185]

Residual before update:
[0.00256272 0.00305026 0.00425592 ... 0.00270244 0.00655023 0.00151185]

Residual before update:
[0.00259256 0.0032155  0.00442045 ... 0.00270381 0.00655068 0.00151184]

Residual before update:
[0.00256272 0.00305026 0.00425593 ... 0.00270244 0.00655023 0.00151185]

Residual before update:
[0.00256272 0.00305026 0.00425592 ... 0.00270244 0.00655023 0.00151184]

Residual before update:
[0.00256272 0.00305026 0.00425592 ... 0.00270244 0.00655023 0.00151184]

Residual before update:
[0.00256272 0.00305026 0.00425592 ... 0.00270244 0.00655023 0.00151184]

Residual before update:
[0.00256272 0.00305026 0.00425592 ... 0.00270244 0.00655023 0.00151184]

Residual before update:
[0.00256272 0.00305026 0.00425592 ... 0.00270244 0.00655022 0.00151184]

Residual before update:
[0.00256272 0.00305025 0.00425592 ... 0.00270244 0.00655022 0.00151184]

Residual before update:
[0.00256272 0.00305025 0.00425592 ... 0.00270244 0.00655022 0.00151184]

Residual before update:
[0.00256272 0.00305025 0.00425592 ... 0.00270244 0.00655022 0.00151184]

Residual before update:
[0.00256846 0.00307987 0.00428536 ... 0.00270267 0.00655031 0.00151184]

Residual before update:
[0.00256272 0.00305026 0.00425592 ... 0.00270244 0.00655023 0.00151184]

Residual before update:
[0.00256272 0.00305026 0.00425592 ... 0.00270244 0.00655023 0.00151184]

Residual before update:
[0.00256272 0.00305025 0.00425592 ... 0.00270244 0.00655023 0.00151184]

Residual before update:
[0.00256272 0.00305026 0.00425592 ... 0.00270244 0.00655023 0.00151184]

Residual before update:
[0.00256272 0.00305026 0.00425592 ... 0.00270244 0.00655023 0.00151184]

Residual before update:
[0.00256272 0.00305025 0.00425592 ... 0.00270244 0.00655023 0.00151184]

Residual before update:
[0.00256272 0.00305025 0.00425592 ... 0.00270244 0.00655022 0.00151184]

Residual before update:
[0.00256272 0.00305025 0.00425592 ... 0.00270244 0.00655022 0.00151184]

Residual before update:
[0.00256272 0.00305025 0.00425592 ... 0.00270244 0.00655022 0.00151184]

Residual before update:
[0.00255645 0.00301214 0.00421789 ... 0.0027021  0.00655013 0.00151184]

Residual before update:
[0.00256272 0.00305026 0.00425592 ... 0.00270244 0.00655023 0.00151184]

Residual before update:
[0.00256272 0.00305025 0.00425592 ... 0.00270244 0.00655023 0.00151184]

Residual before update:
[0.00256272 0.00305025 0.00425592 ... 0.00270244 0.00655023 0.00151184]

Residual before update:
[0.00256272 0.00305025 0.00425592 ... 0.00270244 0.00655023 0.00151184]

Residual before update:
[0.00256272 0.00305025 0.00425592 ... 0.00270244 0.00655023 0.00151184]

Residual before update:
[0.00256272 0.00305025 0.00425592 ... 0.00270244 0.00655022 0.00151184]

Residual before update:
[0.00256272 0.00305025 0.00425592 ... 0.00270244 0.00655022 0.00151184]

Residual before update:
[0.00256272 0.00305025 0.00425592 ... 0.00270244 0.00655022 0.00151184]

Residual before update:
[0.00256272 0.00305025 0.00425592 ... 0.00270244 0.00655022 0.00151184]

Residual before update:
[0.00255748 0.00301794 0.00422367 ... 0.00270215 0.00655015 0.00151184]

Residual before update:
[0.00256272 0.00305025 0.00425592 ... 0.00270244 0.00655023 0.00151184]

Residual before update:
[0.00256272 0.00305025 0.00425592 ... 0.00270244 0.00655022 0.00151184]
Compute pips
###############################
TGFM
###############################
Initialize variables
Warning: 402 variants have NaN gwas_beta. Setting to 0 with large SE.
Iterative optimization

Residual before update:
[ 0.0044204   0.0012546  -0.00593028 ... -0.00103005 -0.00335469
 -0.00482653]

Residual before update:
[ 0.0044204   0.0012546  -0.00593025 ... -0.00103014 -0.00335473
 -0.00482657]

Residual before update:
[ 0.0044204   0.0012546  -0.00593021 ... -0.00103021 -0.00335476
 -0.00482661]

Residual before update:
[ 0.0044204   0.00125461 -0.00593017 ... -0.00103027 -0.00335478
 -0.00482664]

Residual before update:
[ 0.0044204   0.00125461 -0.00593014 ... -0.00103033 -0.00335481
 -0.00482668]

Residual before update:
[ 0.0044204   0.00125461 -0.0059301  ... -0.00103038 -0.00335483
 -0.00482671]

Residual before update:
[ 0.00442041  0.00125462 -0.00593006 ... -0.00103043 -0.00335485
 -0.00482673]

Residual before update:
[ 0.00443553  0.00125134 -0.00592996 ... -0.00102508 -0.00334213
 -0.00481879]

Residual before update:
[ 0.00442041  0.00125463 -0.00592998 ... -0.0010305  -0.00335488
 -0.00482678]

Residual before update:
[ 0.00442041  0.00125464 -0.00592994 ... -0.00103054 -0.0033549
 -0.00482681]

Residual before update:
[ 0.00442041  0.00125464 -0.00592994 ... -0.00103048 -0.00335488
 -0.00482679]

Residual before update:
[ 0.00442041  0.00125465 -0.00592994 ... -0.00103044 -0.00335487
 -0.00482678]

Residual before update:
[ 0.00442041  0.00125465 -0.00592994 ... -0.00103041 -0.00335486
 -0.00482677]

Residual before update:
[ 0.00442041  0.00125465 -0.00592994 ... -0.0010304  -0.00335485
 -0.00482676]

Residual before update:
[ 0.00442041  0.00125465 -0.00592994 ... -0.00103039 -0.00335485
 -0.00482676]

Residual before update:
[ 0.00442041  0.00125465 -0.00592994 ... -0.00103038 -0.00335485
 -0.00482676]

Residual before update:
[ 0.00442041  0.00125465 -0.00592994 ... -0.00103038 -0.00335485
 -0.00482676]

Residual before update:
[ 0.00441581  0.00125362 -0.00593135 ... -0.00102949 -0.00335286
 -0.00482525]

Residual before update:
[ 0.00442041  0.00125465 -0.00592994 ... -0.00103039 -0.00335485
 -0.00482676]

Residual before update:
[ 0.00442041  0.00125465 -0.00592994 ... -0.0010304  -0.00335485
 -0.00482676]

Residual before update:
[ 0.00442041  0.00125465 -0.00592994 ... -0.00103041 -0.00335486
 -0.00482677]

Residual before update:
[ 0.00442041  0.00125465 -0.00592994 ... -0.00103041 -0.00335486
 -0.00482677]

Residual before update:
[ 0.00442041  0.00125465 -0.00592994 ... -0.00103041 -0.00335486
 -0.00482676]

Residual before update:
[ 0.00442041  0.00125465 -0.00592994 ... -0.00103041 -0.00335486
 -0.00482677]

Residual before update:
[ 0.00442041  0.00125465 -0.00592994 ... -0.00103041 -0.00335486
 -0.00482677]

Residual before update:
[ 0.00442041  0.00125465 -0.00592994 ... -0.00103041 -0.00335486
 -0.00482677]

Residual before update:
[ 0.00442041  0.00125465 -0.00592994 ... -0.0010304  -0.00335485
 -0.00482676]

Residual before update:
[55031475.49060638  -786562.83010055 41614138.05762343 ...
 27411178.92485606 73512096.10570535 21479047.08238529]

Residual before update:
[ 0.00442041  0.00125465 -0.00592994 ... -0.0010304  -0.00335485
 -0.00482676]

Residual before update:
[ 0.00442041  0.00125465 -0.00592994 ... -0.0010304  -0.00335485
 -0.00482676]

Residual before update:
[ 0.00442041  0.00125465 -0.00592994 ... -0.0010304  -0.00335485
 -0.00482676]

Residual before update:
[ 0.00442041  0.00125465 -0.00592994 ... -0.0010304  -0.00335485
 -0.00482677]

Residual before update:
[ 0.00442041  0.00125465 -0.00592993 ... -0.0010304  -0.00335485
 -0.00482676]

Residual before update:
[ 0.00442041  0.00125465 -0.00592994 ... -0.0010304  -0.00335485
 -0.00482677]

Residual before update:
[ 0.00442041  0.00125465 -0.00592994 ... -0.0010304  -0.00335485
 -0.00482677]

Residual before update:
[ 0.00442041  0.00125465 -0.00592994 ... -0.00103041 -0.00335485
 -0.00482677]

Residual before update:
[ 0.00442041  0.00125465 -0.00592994 ... -0.00103041 -0.00335485
 -0.00482677]

Residual before update:
[3.88839105e+31 3.83451708e+30 7.07352380e+30 ... 1.14096334e+31
 2.33724403e+31 1.57409941e+31]

Residual before update:
[ 0.00442041  0.00125465 -0.00592993 ... -0.00103041 -0.00335485
 -0.00482677]

Residual before update:
[ 0.00442041  0.00125465 -0.00592993 ... -0.00103041 -0.00335485
 -0.00482677]

Residual before update:
[ 0.00442041  0.00125465 -0.00592993 ... -0.00103041 -0.00335485
 -0.00482677]

Residual before update:
[ 0.00442041  0.00125465 -0.00592993 ... -0.0010304  -0.00335485
 -0.00482677]

Residual before update:
[ 0.00442041  0.00125465 -0.00592993 ... -0.0010304  -0.00335485
 -0.00482676]

Residual before update:
[ 0.00442041  0.00125465 -0.00592993 ... -0.00103041 -0.00335485
 -0.00482677]

Residual before update:
[ 0.00442041  0.00125465 -0.00592993 ... -0.00103041 -0.00335485
 -0.00482677]

Residual before update:
[ 0.00442041  0.00125465 -0.00592993 ... -0.00103041 -0.00335486
 -0.00482677]

Residual before update:
[ 0.00442041  0.00125465 -0.00592993 ... -0.00103041 -0.00335486
 -0.00482677]

Residual before update:
[-1.42709229e+48  1.03181012e+46 -1.35956555e+48 ... -7.22984445e+47
 -1.94403457e+48 -6.47012219e+47]

Residual before update:
[ 0.00442041  0.00125465 -0.00592993 ... -0.00103041 -0.00335486
 -0.00482677]

Residual before update:
[ 0.00442041  0.00125465 -0.00592993 ... -0.00103041 -0.00335486
 -0.00482677]
Compute pips
###############################
TGFM
###############################
Initialize variables
Warning: 427 variants have NaN gwas_beta. Setting to 0 with large SE.
Iterative optimization

Residual before update:
[-0.00518802  0.00366645  0.0044386  ... -0.00420232 -0.00029332
 -0.00058665]

Residual before update:
[-0.005188    0.00366647  0.00443862 ... -0.00420231 -0.00029334
 -0.00058666]

Residual before update:
[-0.00518798  0.00366649  0.00443864 ... -0.0042023  -0.00029335
 -0.00058667]

Residual before update:
[-0.00518795  0.00366651  0.00443865 ... -0.00420229 -0.00029336
 -0.00058669]

Residual before update:
[-0.00518793  0.00366653  0.00443867 ... -0.00420228 -0.00029338
 -0.0005867 ]

Residual before update:
[-0.00518791  0.00366654  0.00443869 ... -0.00420228 -0.00029339
 -0.00058671]

Residual before update:
[-0.00518789  0.00366656  0.00443871 ... -0.00420227 -0.0002934
 -0.00058673]

Residual before update:
[-0.00518786  0.00366658  0.00443872 ... -0.00420226 -0.00029342
 -0.00058674]

Residual before update:
[-0.00518784  0.0036666   0.00443874 ... -0.00420225 -0.00029343
 -0.00058675]

Residual before update:
[-0.00518821  0.00366347  0.00443565 ... -0.0042031  -0.00029404
 -0.00058721]

Residual before update:
[-0.00518782  0.00366661  0.00443876 ... -0.00420224 -0.00029344
 -0.00058677]

Residual before update:
[-0.00518782  0.00366661  0.00443876 ... -0.00420224 -0.00029344
 -0.00058677]

Residual before update:
[-0.00518782  0.00366661  0.00443876 ... -0.00420224 -0.00029344
 -0.00058677]

Residual before update:
[-0.00518782  0.00366661  0.00443876 ... -0.00420224 -0.00029344
 -0.00058677]

Residual before update:
[-0.00518782  0.00366661  0.00443876 ... -0.00420224 -0.00029344
 -0.00058677]

Residual before update:
[-0.00518782  0.00366661  0.00443876 ... -0.00420224 -0.00029344
 -0.00058677]

Residual before update:
[-0.00518782  0.00366661  0.00443876 ... -0.00420224 -0.00029344
 -0.00058677]

Residual before update:
[-0.00518782  0.00366661  0.00443876 ... -0.00420224 -0.00029344
 -0.00058677]

Residual before update:
[-0.00518782  0.00366661  0.00443876 ... -0.00420224 -0.00029344
 -0.00058677]

Residual before update:
[-0.00520284  0.00367203  0.00444319 ... -0.00419148 -0.00028128
 -0.00057409]

Residual before update:
[-0.00518782  0.00366661  0.00443876 ... -0.00420224 -0.00029344
 -0.00058677]

Residual before update:
[-0.00518782  0.00366661  0.00443876 ... -0.00420224 -0.00029344
 -0.00058677]

Residual before update:
[-0.00518782  0.00366661  0.00443876 ... -0.00420224 -0.00029344
 -0.00058677]

Residual before update:
[-0.00518782  0.00366661  0.00443876 ... -0.00420224 -0.00029344
 -0.00058677]

Residual before update:
[-0.00518782  0.00366662  0.00443876 ... -0.00420224 -0.00029344
 -0.00058677]

Residual before update:
[-0.00518782  0.00366662  0.00443876 ... -0.00420224 -0.00029344
 -0.00058677]

Residual before update:
[-0.00518782  0.00366662  0.00443876 ... -0.00420224 -0.00029344
 -0.00058677]

Residual before update:
[-0.00518782  0.00366662  0.00443876 ... -0.00420224 -0.00029344
 -0.00058677]

Residual before update:
[-0.00518782  0.00366662  0.00443876 ... -0.00420224 -0.00029344
 -0.00058677]

Residual before update:
[-0.00517969  0.00371049  0.00448136 ... -0.00418953 -0.00028286
 -0.00057589]

Residual before update:
[-0.00518782  0.00366662  0.00443876 ... -0.00420224 -0.00029344
 -0.00058677]

Residual before update:
[-0.00518782  0.00366662  0.00443876 ... -0.00420224 -0.00029344
 -0.00058677]

Residual before update:
[-0.00518782  0.00366662  0.00443876 ... -0.00420224 -0.00029344
 -0.00058677]

Residual before update:
[-0.00518782  0.00366662  0.00443876 ... -0.00420224 -0.00029344
 -0.00058677]

Residual before update:
[-0.00518782  0.00366662  0.00443876 ... -0.00420224 -0.00029344
 -0.00058677]

Residual before update:
[-0.00518782  0.00366662  0.00443876 ... -0.00420224 -0.00029344
 -0.00058677]

Residual before update:
[-0.00518782  0.00366662  0.00443876 ... -0.00420224 -0.00029344
 -0.00058677]

Residual before update:
[-0.00518782  0.00366662  0.00443876 ... -0.00420224 -0.00029344
 -0.00058677]

Residual before update:
[-0.00518782  0.00366662  0.00443876 ... -0.00420224 -0.00029344
 -0.00058677]

Residual before update:
[-0.00517703  0.00371599  0.00448681 ... -0.0041888  -0.00028305
 -0.00057609]

Residual before update:
[-0.00518782  0.00366662  0.00443876 ... -0.00420224 -0.00029344
 -0.00058677]

Residual before update:
[-0.00518782  0.00366662  0.00443876 ... -0.00420224 -0.00029344
 -0.00058677]

Residual before update:
[-0.00518782  0.00366662  0.00443876 ... -0.00420224 -0.00029344
 -0.00058677]

Residual before update:
[-0.00518782  0.00366662  0.00443876 ... -0.00420224 -0.00029345
 -0.00058677]

Residual before update:
[-0.00518782  0.00366662  0.00443876 ... -0.00420224 -0.00029345
 -0.00058677]

Residual before update:
[-0.00518782  0.00366662  0.00443876 ... -0.00420224 -0.00029345
 -0.00058677]

Residual before update:
[-0.00518782  0.00366662  0.00443876 ... -0.00420224 -0.00029345
 -0.00058677]

Residual before update:
[-0.00518782  0.00366662  0.00443876 ... -0.00420224 -0.00029345
 -0.00058677]

Residual before update:
[-0.00518782  0.00366662  0.00443876 ... -0.00420224 -0.00029345
 -0.00058677]

Residual before update:
[-0.00517771  0.00371543  0.00448625 ... -0.00418867 -0.00028283
 -0.00057588]
Compute pips
###############################
TGFM
###############################
Initialize variables
Warning: 474 variants have NaN gwas_beta. Setting to 0 with large SE.
Iterative optimization

Residual before update:
[ 0.00191665  0.01152326  0.00213285 ... -0.00075375  0.00021794
  0.00366664]

Residual before update:
[ 0.00191664  0.01152314  0.00213283 ... -0.00075368  0.00021803
  0.00366661]

Residual before update:
[ 0.00191663  0.01152303  0.0021328  ... -0.00075361  0.00021813
  0.00366659]

Residual before update:
[ 0.00191662  0.01152292  0.00213277 ... -0.00075354  0.00021822
  0.00366657]

Residual before update:
[ 0.00191662  0.01152281  0.00213274 ... -0.00075347  0.00021831
  0.00366654]

Residual before update:
[ 0.00191661  0.01152269  0.00213272 ... -0.0007534   0.00021841
  0.00366652]

Residual before update:
[ 0.0019166   0.01152258  0.00213269 ... -0.00075333  0.0002185
  0.00366649]

Residual before update:
[ 0.00191659  0.01152247  0.00213266 ... -0.00075326  0.0002186
  0.00366647]

Residual before update:
[ 0.00191658  0.01152236  0.00213263 ... -0.00075319  0.00021869
  0.00366644]

Residual before update:
[ 0.00191658  0.01152224  0.00213261 ... -0.00075311  0.00021879
  0.00366642]

Residual before update:
[ 0.00191658  0.01152224  0.00213261 ... -0.00075311  0.00021879
  0.00366642]

Residual before update:
[ 0.00191658  0.01152224  0.00213261 ... -0.00075311  0.00021879
  0.00366642]

Residual before update:
[ 0.00191658  0.01152224  0.00213261 ... -0.00075311  0.00021879
  0.00366642]

Residual before update:
[ 0.00191658  0.01152224  0.00213261 ... -0.00075311  0.00021879
  0.00366642]

Residual before update:
[ 0.00191658  0.01152224  0.00213261 ... -0.00075311  0.00021879
  0.00366642]

Residual before update:
[ 0.00191658  0.01152224  0.00213261 ... -0.00075311  0.00021879
  0.00366642]

Residual before update:
[ 0.00191658  0.01152224  0.00213261 ... -0.00075311  0.00021879
  0.00366642]

Residual before update:
[ 0.00191658  0.01152224  0.00213261 ... -0.00075311  0.00021879
  0.00366642]

Residual before update:
[ 0.00191658  0.01152224  0.00213261 ... -0.00075311  0.00021879
  0.00366642]

Residual before update:
[ 0.00191658  0.01152224  0.00213261 ... -0.00075311  0.00021879
  0.00366642]

Residual before update:
[ 0.00191658  0.01152224  0.00213261 ... -0.00075311  0.00021879
  0.00366642]

Residual before update:
[ 0.00191658  0.01152224  0.00213261 ... -0.00075311  0.00021879
  0.00366642]

Residual before update:
[ 0.00191658  0.01152224  0.00213261 ... -0.00075311  0.00021879
  0.00366642]

Residual before update:
[ 0.00191658  0.01152224  0.00213261 ... -0.00075311  0.00021879
  0.00366642]

Residual before update:
[ 0.00191658  0.01152224  0.00213261 ... -0.00075311  0.00021879
  0.00366642]

Residual before update:
[ 0.00191658  0.01152224  0.00213261 ... -0.00075311  0.00021879
  0.00366642]

Residual before update:
[ 0.00191658  0.01152224  0.0021326  ... -0.00075311  0.00021879
  0.00366642]

Residual before update:
[ 0.00191658  0.01152224  0.0021326  ... -0.00075311  0.00021879
  0.00366642]

Residual before update:
[ 0.00191658  0.01152224  0.0021326  ... -0.00075311  0.00021879
  0.00366642]

Residual before update:
[ 0.00191658  0.01152224  0.0021326  ... -0.00075311  0.00021879
  0.00366642]

Residual before update:
[ 0.00191658  0.01152224  0.0021326  ... -0.00075311  0.00021879
  0.00366642]

Residual before update:
[ 0.00191658  0.01152224  0.0021326  ... -0.00075311  0.00021879
  0.00366642]

Residual before update:
[ 0.00191658  0.01152224  0.0021326  ... -0.00075311  0.00021879
  0.00366642]

Residual before update:
[ 0.00191658  0.01152224  0.0021326  ... -0.00075311  0.00021879
  0.00366642]

Residual before update:
[ 0.00191658  0.01152224  0.0021326  ... -0.00075311  0.00021879
  0.00366642]

Residual before update:
[ 0.00191658  0.01152224  0.0021326  ... -0.00075311  0.00021879
  0.00366642]

Residual before update:
[ 0.00191658  0.01152224  0.0021326  ... -0.00075311  0.00021879
  0.00366642]

Residual before update:
[ 0.00191658  0.01152224  0.0021326  ... -0.00075311  0.00021879
  0.00366642]

Residual before update:
[ 0.00191658  0.01152224  0.0021326  ... -0.00075311  0.00021879
  0.00366642]

Residual before update:
[ 0.00191658  0.01152224  0.0021326  ... -0.00075311  0.00021879
  0.00366642]

Residual before update:
[ 0.00191658  0.01152224  0.0021326  ... -0.00075311  0.00021879
  0.00366642]

Residual before update:
[ 0.00191658  0.01152224  0.0021326  ... -0.00075311  0.00021879
  0.00366642]

Residual before update:
[ 0.00191658  0.01152224  0.0021326  ... -0.00075311  0.00021879
  0.00366642]

Residual before update:
[ 0.00191658  0.01152224  0.0021326  ... -0.00075311  0.00021879
  0.00366642]

Residual before update:
[ 0.00191658  0.01152224  0.0021326  ... -0.00075311  0.00021879
  0.00366642]

Residual before update:
[ 0.00191658  0.01152224  0.0021326  ... -0.00075311  0.00021879
  0.00366642]

Residual before update:
[ 0.00191658  0.01152224  0.0021326  ... -0.00075311  0.00021879
  0.00366642]

Residual before update:
[ 0.00191658  0.01152224  0.0021326  ... -0.00075311  0.00021879
  0.00366642]

Residual before update:
[ 0.00191657  0.01152224  0.0021326  ... -0.00075311  0.00021879
  0.00366642]

Residual before update:
[ 0.00191657  0.01152224  0.0021326  ... -0.00075311  0.00021879
  0.00366642]
Compute pips
###############################
TGFM
###############################
Initialize variables
Warning: 456 variants have NaN gwas_beta. Setting to 0 with large SE.
Iterative optimization

Residual before update:
[ 0.00479243  0.         -0.00014575 ...  0.00932768  0.00927249
  0.00891373]

Residual before update:
[ 4.79240614e-03 -4.15765533e-17 -1.45770990e-04 ...  9.32765934e-03
  9.27246610e-03  8.91369829e-03]

Residual before update:
[ 4.79238060e-03 -8.31538034e-17 -1.45796863e-04 ...  9.32763428e-03
  9.27244120e-03  8.91366268e-03]

Residual before update:
[ 4.79235505e-03 -1.24752363e-16 -1.45822701e-04 ...  9.32760922e-03
  9.27241629e-03  8.91362707e-03]

Residual before update:
[ 4.79232957e-03 -1.66237363e-16 -1.45848473e-04 ...  9.32758417e-03
  9.27239140e-03  8.91359146e-03]

Residual before update:
[ 4.79230409e-03 -2.07740321e-16 -1.45874214e-04 ...  9.32755914e-03
  9.27236652e-03  8.91355586e-03]

Residual before update:
[ 4.79227844e-03 -2.49919171e-16 -1.45899885e-04 ...  9.32753385e-03
  9.27234140e-03  8.91352006e-03]

Residual before update:
[ 4.79225311e-03 -2.90904240e-16 -1.45925570e-04 ...  9.32750896e-03
  9.27231665e-03  8.91348461e-03]

Residual before update:
[ 4.79222768e-03 -3.32168791e-16 -1.45951148e-04 ...  9.32748392e-03
  9.27229177e-03  8.91344902e-03]

Residual before update:
[ 4.79220230e-03 -3.73549910e-16 -1.45976693e-04 ...  9.32745891e-03
  9.27226691e-03  8.91341344e-03]

Residual before update:
[ 4.79220242e-03 -3.73476177e-16 -1.45976286e-04 ...  9.32745884e-03
  9.27226685e-03  8.91341340e-03]

Residual before update:
[ 4.79220255e-03 -3.73326356e-16 -1.45975969e-04 ...  9.32745884e-03
  9.27226684e-03  8.91341336e-03]

Residual before update:
[ 4.79220262e-03 -3.73365705e-16 -1.45975691e-04 ...  9.32745875e-03
  9.27226675e-03  8.91341327e-03]

Residual before update:
[ 4.79220258e-03 -3.73484413e-16 -1.45975501e-04 ...  9.32745866e-03
  9.27226667e-03  8.91341318e-03]

Residual before update:
[ 4.79220269e-03 -3.73333496e-16 -1.45975298e-04 ...  9.32745862e-03
  9.27226663e-03  8.91341311e-03]

Residual before update:
[ 4.79220271e-03 -3.73321020e-16 -1.45975178e-04 ...  9.32745861e-03
  9.27226661e-03  8.91341307e-03]

Residual before update:
[ 4.79220245e-03 -3.74375438e-16 -1.45975065e-04 ...  9.32745821e-03
  9.27226623e-03  8.91341272e-03]

Residual before update:
[ 4.79220262e-03 -3.73639755e-16 -1.45975082e-04 ...  9.32745842e-03
  9.27226643e-03  8.91341288e-03]

Residual before update:
[ 4.79220261e-03 -3.73450716e-16 -1.45975063e-04 ...  9.32745840e-03
  9.27226641e-03  8.91341284e-03]

Residual before update:
[ 4.79220261e-03 -3.73469250e-16 -1.45975106e-04 ...  9.32745841e-03
  9.27226642e-03  8.91341281e-03]

Residual before update:
[ 4.79220258e-03 -3.73555392e-16 -1.45975114e-04 ...  9.32745836e-03
  9.27226637e-03  8.91341278e-03]

Residual before update:
[ 4.79220257e-03 -3.73547253e-16 -1.45975165e-04 ...  9.32745837e-03
  9.27226637e-03  8.91341274e-03]

Residual before update:
[ 4.79220253e-03 -3.73710635e-16 -1.45975206e-04 ...  9.32745829e-03
  9.27226630e-03  8.91341265e-03]

Residual before update:
[ 4.79220239e-03 -3.73934478e-16 -1.45975288e-04 ...  9.32745821e-03
  9.27226622e-03  8.91341257e-03]

Residual before update:
[ 4.79220242e-03 -3.73871123e-16 -1.45975309e-04 ...  9.32745818e-03
  9.27226619e-03  8.91341250e-03]

Residual before update:
[ 4.79220237e-03 -3.73928089e-16 -1.45975367e-04 ...  9.32745817e-03
  9.27226618e-03  8.91341246e-03]

Residual before update:
[ 4.79220206e-03 -3.75038223e-16 -1.45975387e-04 ...  9.32745777e-03
  9.27226580e-03  8.91341210e-03]

Residual before update:
[ 4.79220220e-03 -3.74333515e-16 -1.45975489e-04 ...  9.32745799e-03
  9.27226600e-03  8.91341227e-03]

Residual before update:
[ 4.79220217e-03 -3.74159667e-16 -1.45975509e-04 ...  9.32745797e-03
  9.27226599e-03  8.91341224e-03]

Residual before update:
[ 4.79220218e-03 -3.74176861e-16 -1.45975547e-04 ...  9.32745798e-03
  9.27226599e-03  8.91341221e-03]

Residual before update:
[ 4.79220215e-03 -3.74262083e-16 -1.45975551e-04 ...  9.32745793e-03
  9.27226595e-03  8.91341217e-03]

Residual before update:
[ 4.79220214e-03 -3.74253389e-16 -1.45975599e-04 ...  9.32745794e-03
  9.27226595e-03  8.91341213e-03]

Residual before update:
[ 4.79220209e-03 -3.74417042e-16 -1.45975639e-04 ...  9.32745786e-03
  9.27226587e-03  8.91341204e-03]

Residual before update:
[ 4.79220196e-03 -3.74640582e-16 -1.45975719e-04 ...  9.32745778e-03
  9.27226579e-03  8.91341196e-03]

Residual before update:
[ 4.79220198e-03 -3.74577385e-16 -1.45975740e-04 ...  9.32745775e-03
  9.27226576e-03  8.91341189e-03]

Residual before update:
[ 4.79220194e-03 -3.74634522e-16 -1.45975797e-04 ...  9.32745774e-03
  9.27226575e-03  8.91341185e-03]

Residual before update:
[ 4.79220162e-03 -3.75749015e-16 -1.45975818e-04 ...  9.32745734e-03
  9.27226537e-03  8.91341149e-03]

Residual before update:
[ 4.79220177e-03 -3.75041475e-16 -1.45975919e-04 ...  9.32745756e-03
  9.27226557e-03  8.91341166e-03]

Residual before update:
[ 4.79220174e-03 -3.74866659e-16 -1.45975939e-04 ...  9.32745754e-03
  9.27226556e-03  8.91341163e-03]

Residual before update:
[ 4.79220175e-03 -3.74883807e-16 -1.45975977e-04 ...  9.32745755e-03
  9.27226557e-03  8.91341160e-03]

Residual before update:
[ 4.79220172e-03 -3.74969140e-16 -1.45975981e-04 ...  9.32745750e-03
  9.27226552e-03  8.91341156e-03]

Residual before update:
[ 4.79220171e-03 -3.74960686e-16 -1.45976030e-04 ...  9.32745751e-03
  9.27226552e-03  8.91341152e-03]

Residual before update:
[ 4.79220166e-03 -3.75125205e-16 -1.45976069e-04 ...  9.32745743e-03
  9.27226544e-03  8.91341143e-03]

Residual before update:
[ 4.79220153e-03 -3.75348854e-16 -1.45976150e-04 ...  9.32745735e-03
  9.27226537e-03  8.91341135e-03]

Residual before update:
[ 4.79220155e-03 -3.75286089e-16 -1.45976171e-04 ...  9.32745732e-03
  9.27226534e-03  8.91341128e-03]

Residual before update:
[ 4.79220151e-03 -3.75343557e-16 -1.45976229e-04 ...  9.32745731e-03
  9.27226532e-03  8.91341124e-03]

Residual before update:
[ 4.79220119e-03 -3.76462506e-16 -1.45976251e-04 ...  9.32745691e-03
  9.27226494e-03  8.91341088e-03]

Residual before update:
[ 4.79220133e-03 -3.75752134e-16 -1.45976352e-04 ...  9.32745713e-03
  9.27226514e-03  8.91341105e-03]

Residual before update:
[ 4.79220131e-03 -3.75576336e-16 -1.45976371e-04 ...  9.32745711e-03
  9.27226513e-03  8.91341101e-03]

Residual before update:
[ 4.79220131e-03 -3.75593431e-16 -1.45976409e-04 ...  9.32745712e-03
  9.27226514e-03  8.91341098e-03]
Compute pips
###############################
TGFM
###############################
Initialize variables
Warning: 419 variants have NaN gwas_beta. Setting to 0 with large SE.
Iterative optimization

Residual before update:
[ 0.00456643 -0.00399758 -0.00279374 ... -0.00577428 -0.00583591
 -0.00546964]

Residual before update:
[ 0.00456642 -0.00399753 -0.00279364 ... -0.00577428 -0.00583591
 -0.00546964]

Residual before update:
[ 0.00456642 -0.00399749 -0.00279353 ... -0.00577428 -0.00583591
 -0.00546963]

Residual before update:
[ 0.00456642 -0.00399745 -0.00279342 ... -0.00577428 -0.0058359
 -0.00546963]

Residual before update:
[ 0.00456642 -0.0039974  -0.00279331 ... -0.00577428 -0.0058359
 -0.00546963]

Residual before update:
[ 0.00456641 -0.00399736 -0.0027932  ... -0.00577427 -0.0058359
 -0.00546963]

Residual before update:
[ 0.00456641 -0.00399731 -0.00279309 ... -0.00577427 -0.0058359
 -0.00546963]

Residual before update:
[ 0.00456641 -0.00399727 -0.00279299 ... -0.00577427 -0.0058359
 -0.00546963]

Residual before update:
[ 0.00456641 -0.00399723 -0.00279288 ... -0.00577427 -0.0058359
 -0.00546963]

Residual before update:
[ 0.00456641 -0.00399718 -0.00279277 ... -0.00577427 -0.0058359
 -0.00546963]

Residual before update:
[ 0.00456641 -0.00399718 -0.00279277 ... -0.00577427 -0.0058359
 -0.00546963]

Residual before update:
[ 0.00456641 -0.00399718 -0.00279277 ... -0.00577427 -0.0058359
 -0.00546963]

Residual before update:
[ 0.00456641 -0.00399718 -0.00279277 ... -0.00577427 -0.0058359
 -0.00546963]

Residual before update:
[ 0.00456641 -0.00399718 -0.00279277 ... -0.00577427 -0.0058359
 -0.00546963]

Residual before update:
[ 0.00456641 -0.00399718 -0.00279277 ... -0.00577427 -0.0058359
 -0.00546963]

Residual before update:
[ 0.00456641 -0.00399718 -0.00279277 ... -0.00577427 -0.0058359
 -0.00546963]

Residual before update:
[ 0.00456641 -0.00399718 -0.00279277 ... -0.00577427 -0.0058359
 -0.00546963]

Residual before update:
[ 0.00456641 -0.00399718 -0.00279277 ... -0.00577427 -0.0058359
 -0.00546963]

Residual before update:
[ 0.00456641 -0.00399718 -0.00279277 ... -0.00577427 -0.0058359
 -0.00546963]

Residual before update:
[ 0.00456641 -0.00399718 -0.00279277 ... -0.00577427 -0.0058359
 -0.00546963]

Residual before update:
[ 0.00456641 -0.00399718 -0.00279277 ... -0.00577427 -0.0058359
 -0.00546963]

Residual before update:
[ 0.00456641 -0.00399718 -0.00279277 ... -0.00577427 -0.0058359
 -0.00546963]

Residual before update:
[ 0.00456641 -0.00399718 -0.00279277 ... -0.00577427 -0.0058359
 -0.00546963]

Residual before update:
[ 0.00456641 -0.00399718 -0.00279277 ... -0.00577427 -0.0058359
 -0.00546963]

Residual before update:
[ 0.00456641 -0.00399718 -0.00279277 ... -0.00577427 -0.0058359
 -0.00546963]

Residual before update:
[ 0.00456641 -0.00399718 -0.00279277 ... -0.00577427 -0.0058359
 -0.00546963]

Residual before update:
[ 0.00456641 -0.00399718 -0.00279277 ... -0.00577427 -0.0058359
 -0.00546963]

Residual before update:
[ 0.00456641 -0.00399718 -0.00279277 ... -0.00577427 -0.0058359
 -0.00546963]

Residual before update:
[ 0.00456641 -0.00399718 -0.00279277 ... -0.00577427 -0.0058359
 -0.00546963]

Residual before update:
[ 0.00456641 -0.00399718 -0.00279277 ... -0.00577427 -0.0058359
 -0.00546963]

Residual before update:
[ 0.00456641 -0.00399718 -0.00279277 ... -0.00577427 -0.0058359
 -0.00546963]

Residual before update:
[ 0.00456641 -0.00399718 -0.00279277 ... -0.00577427 -0.0058359
 -0.00546963]

Residual before update:
[ 0.00456641 -0.00399718 -0.00279277 ... -0.00577427 -0.0058359
 -0.00546963]

Residual before update:
[ 0.00456641 -0.00399718 -0.00279277 ... -0.00577427 -0.0058359
 -0.00546963]

Residual before update:
[ 0.00456641 -0.00399718 -0.00279277 ... -0.00577427 -0.0058359
 -0.00546963]

Residual before update:
[ 0.00456641 -0.00399718 -0.00279277 ... -0.00577427 -0.0058359
 -0.00546963]

Residual before update:
[ 0.00456641 -0.00399718 -0.00279277 ... -0.00577427 -0.0058359
 -0.00546963]

Residual before update:
[ 0.00456641 -0.00399718 -0.00279277 ... -0.00577427 -0.0058359
 -0.00546963]

Residual before update:
[ 0.00456641 -0.00399718 -0.00279277 ... -0.00577427 -0.0058359
 -0.00546963]

Residual before update:
[ 0.00456641 -0.00399718 -0.00279277 ... -0.00577427 -0.0058359
 -0.00546963]

Residual before update:
[ 0.00456641 -0.00399718 -0.00279277 ... -0.00577427 -0.0058359
 -0.00546963]

Residual before update:
[ 0.00456641 -0.00399718 -0.00279277 ... -0.00577427 -0.0058359
 -0.00546963]

Residual before update:
[ 0.00456641 -0.00399718 -0.00279277 ... -0.00577427 -0.0058359
 -0.00546963]

Residual before update:
[ 0.00456641 -0.00399718 -0.00279277 ... -0.00577427 -0.0058359
 -0.00546963]

Residual before update:
[ 0.00456641 -0.00399718 -0.00279277 ... -0.00577427 -0.0058359
 -0.00546963]

Residual before update:
[ 0.00456641 -0.00399718 -0.00279277 ... -0.00577427 -0.0058359
 -0.00546963]

Residual before update:
[ 0.00456641 -0.00399718 -0.00279277 ... -0.00577427 -0.0058359
 -0.00546963]

Residual before update:
[ 0.00456641 -0.00399718 -0.00279277 ... -0.00577427 -0.0058359
 -0.00546963]

Residual before update:
[ 0.00456641 -0.00399718 -0.00279277 ... -0.00577427 -0.0058359
 -0.00546963]

Residual before update:
[ 0.00456641 -0.00399718 -0.00279277 ... -0.00577427 -0.0058359
 -0.00546963]
Compute pips
###############################
TGFM
###############################
Initialize variables
Warning: 431 variants have NaN gwas_beta. Setting to 0 with large SE.
Iterative optimization

Residual before update:
[-0.00261813 -0.00963702 -0.00156427 ... -0.00369007 -0.00662051
 -0.00356195]

Residual before update:
[-0.0026181  -0.00963664 -0.00156408 ... -0.00369003 -0.0066205
 -0.0035619 ]

Residual before update:
[-0.00261806 -0.00963627 -0.00156389 ... -0.00368998 -0.0066205
 -0.00356185]

Residual before update:
[-0.00261803 -0.00963589 -0.00156371 ... -0.00368993 -0.00662049
 -0.0035618 ]

Residual before update:
[-0.002618   -0.00963551 -0.00156352 ... -0.00368988 -0.00662048
 -0.00356176]

Residual before update:
[-0.00261947 -0.00964054 -0.0015647  ... -0.00369381 -0.00662057
 -0.00356509]

Residual before update:
[-0.00261793 -0.00963476 -0.00156314 ... -0.00368979 -0.00662047
 -0.00356166]

Residual before update:
[-0.0026179  -0.00963439 -0.00156296 ... -0.00368974 -0.00662046
 -0.00356161]

Residual before update:
[-0.00261786 -0.00963401 -0.00156277 ... -0.00368969 -0.00662046
 -0.00356157]

Residual before update:
[-0.00261466 -0.00963033 -0.00156292 ... -0.00368833 -0.00662005
 -0.00356   ]

Residual before update:
[-0.00261797 -0.00963551 -0.00155517 ... -0.00368957 -0.00661767
 -0.00356125]

Residual before update:
[-0.00261783 -0.00963364 -0.00156258 ... -0.00368965 -0.00662045
 -0.00356152]

Residual before update:
[-0.00261783 -0.00963364 -0.00156258 ... -0.00368965 -0.00662045
 -0.00356152]

Residual before update:
[-0.00261783 -0.00963364 -0.00156259 ... -0.00368965 -0.00662045
 -0.00356152]

Residual before update:
[-0.00261783 -0.00963365 -0.00156259 ... -0.00368965 -0.00662045
 -0.00356152]

Residual before update:
[-0.00261885 -0.00964018 -0.00156476 ... -0.00369341 -0.00662061
 -0.00356466]

Residual before update:
[-0.00261783 -0.00963365 -0.00156259 ... -0.00368965 -0.00662045
 -0.00356152]

Residual before update:
[-0.00261783 -0.00963365 -0.00156259 ... -0.00368965 -0.00662045
 -0.00356152]

Residual before update:
[-0.00261783 -0.00963365 -0.00156259 ... -0.00368965 -0.00662045
 -0.00356152]

Residual before update:
[-0.00261412 -0.00963132 -0.00156269 ... -0.00368875 -0.00662028
 -0.00356048]

Residual before update:
[-0.00261809 -0.00963698 -0.00155175 ... -0.00368987 -0.00661811
 -0.00356164]

Residual before update:
[-0.00261783 -0.00963365 -0.00156259 ... -0.00368965 -0.00662045
 -0.00356152]

Residual before update:
[-0.00261783 -0.00963364 -0.00156259 ... -0.00368965 -0.00662045
 -0.00356152]

Residual before update:
[-0.00261783 -0.00963364 -0.00156259 ... -0.00368965 -0.00662045
 -0.00356152]

Residual before update:
[-0.00261783 -0.00963364 -0.00156258 ... -0.00368965 -0.00662045
 -0.00356152]

Residual before update:
[-0.00261848 -0.00963959 -0.00156525 ... -0.00369134 -0.00662049
 -0.00356277]

Residual before update:
[-0.00261783 -0.00963364 -0.00156258 ... -0.00368965 -0.00662045
 -0.00356152]

Residual before update:
[-0.00261783 -0.00963364 -0.00156258 ... -0.00368965 -0.00662045
 -0.00356152]

Residual before update:
[-0.00261783 -0.00963364 -0.00156258 ... -0.00368964 -0.00662045
 -0.00356152]

Residual before update:
[-0.00262759 -0.00964425 -0.00156395 ... -0.00369409 -0.00662202
 -0.00356649]

Residual before update:
[-0.00261794 -0.00963686 -0.0015514  ... -0.00368978 -0.00661828
 -0.00356153]

Residual before update:
[-0.00261783 -0.00963364 -0.00156258 ... -0.00368964 -0.00662045
 -0.00356152]

Residual before update:
[-0.00261783 -0.00963364 -0.00156258 ... -0.00368964 -0.00662045
 -0.00356152]

Residual before update:
[-0.00261783 -0.00963364 -0.00156258 ... -0.00368964 -0.00662045
 -0.00356152]

Residual before update:
[-0.00261783 -0.00963364 -0.00156258 ... -0.00368964 -0.00662045
 -0.00356152]

Residual before update:
[-0.00261814 -0.0096389  -0.00156551 ... -0.00368998 -0.00662043
 -0.00356153]

Residual before update:
[-0.00261783 -0.00963364 -0.00156258 ... -0.00368964 -0.00662045
 -0.00356152]

Residual before update:
[-0.00261783 -0.00963364 -0.00156258 ... -0.00368964 -0.00662045
 -0.00356152]

Residual before update:
[-0.00261783 -0.00963363 -0.00156258 ... -0.00368964 -0.00662045
 -0.00356152]

Residual before update:
[-0.00262734 -0.00964484 -0.00156452 ... -0.00369417 -0.00662195
 -0.00356657]

Residual before update:
[-0.00261748 -0.00963642 -0.00155033 ... -0.00368956 -0.00661915
 -0.00356128]

Residual before update:
[-0.00261783 -0.00963363 -0.00156258 ... -0.00368964 -0.00662045
 -0.00356152]

Residual before update:
[-0.00261783 -0.00963363 -0.00156258 ... -0.00368964 -0.00662045
 -0.00356152]

Residual before update:
[-0.00261783 -0.00963363 -0.00156258 ... -0.00368964 -0.00662045
 -0.00356152]

Residual before update:
[-0.00261783 -0.00963363 -0.00156258 ... -0.00368964 -0.00662045
 -0.00356152]

Residual before update:
[-0.00261799 -0.00963864 -0.00156546 ... -0.00368973 -0.00662043
 -0.00356132]

Residual before update:
[-0.00261783 -0.00963363 -0.00156258 ... -0.00368964 -0.00662045
 -0.00356152]

Residual before update:
[-0.00261783 -0.00963363 -0.00156258 ... -0.00368964 -0.00662045
 -0.00356152]

Residual before update:
[-0.00261783 -0.00963363 -0.00156258 ... -0.00368964 -0.00662045
 -0.00356152]

Residual before update:
[-0.00262733 -0.00964433 -0.00156454 ... -0.00369432 -0.00662199
 -0.00356673]
Compute pips
###############################
TGFM
###############################
Initialize variables
Warning: 429 variants have NaN gwas_beta. Setting to 0 with large SE.
Iterative optimization

Residual before update:
[-0.00365266  0.00905461  0.00019799 ...  0.00178734  0.00175941
  0.0030905 ]

Residual before update:
[-0.00365266  0.0090546   0.00019799 ...  0.00178734  0.00175941
  0.0030905 ]

Residual before update:
[-0.00365266  0.0090546   0.00019799 ...  0.00178734  0.00175941
  0.0030905 ]

Residual before update:
[-0.00365266  0.00905459  0.00019799 ...  0.00178734  0.00175941
  0.0030905 ]

Residual before update:
[-0.00365266  0.00905458  0.00019799 ...  0.00178734  0.00175941
  0.00309049]

Residual before update:
[-0.00365266  0.00905457  0.00019799 ...  0.00178734  0.00175941
  0.00309049]

Residual before update:
[-0.00365266  0.00905457  0.00019799 ...  0.00178734  0.00175941
  0.00309049]

Residual before update:
[-0.00365266  0.00905456  0.00019799 ...  0.00178733  0.00175941
  0.00309049]

Residual before update:
[-0.00365266  0.00905455  0.00019799 ...  0.00178733  0.00175941
  0.00309049]

Residual before update:
[-0.00365267  0.00905455  0.00019799 ...  0.00178733  0.00175941
  0.00309049]

Residual before update:
[-0.00365267  0.00905455  0.00019799 ...  0.00178733  0.0017594
  0.00309049]

Residual before update:
[-0.00365267  0.00905455  0.00019799 ...  0.00178733  0.0017594
  0.00309049]

Residual before update:
[-0.00365267  0.00905455  0.00019799 ...  0.00178733  0.0017594
  0.00309049]

Residual before update:
[-0.00365267  0.00905455  0.00019799 ...  0.00178733  0.0017594
  0.00309049]

Residual before update:
[-0.00365267  0.00905455  0.00019799 ...  0.00178733  0.0017594
  0.00309049]

Residual before update:
[-0.00365267  0.00905455  0.00019799 ...  0.00178733  0.0017594
  0.00309049]

Residual before update:
[-0.00365267  0.00905455  0.00019799 ...  0.00178733  0.0017594
  0.00309049]

Residual before update:
[-0.00365267  0.00905455  0.00019799 ...  0.00178733  0.0017594
  0.00309049]

Residual before update:
[-0.00365267  0.00905455  0.00019799 ...  0.00178733  0.0017594
  0.00309049]

Residual before update:
[-0.00365267  0.00905455  0.00019799 ...  0.00178733  0.0017594
  0.00309049]

Residual before update:
[-0.00365267  0.00905455  0.00019799 ...  0.00178733  0.0017594
  0.00309049]

Residual before update:
[-0.00365267  0.00905455  0.00019799 ...  0.00178733  0.0017594
  0.00309049]

Residual before update:
[-0.00365267  0.00905455  0.00019799 ...  0.00178733  0.0017594
  0.00309049]

Residual before update:
[-0.00365267  0.00905455  0.00019799 ...  0.00178733  0.0017594
  0.00309049]

Residual before update:
[-0.00365267  0.00905455  0.00019799 ...  0.00178733  0.0017594
  0.00309049]

Residual before update:
[-0.00365267  0.00905455  0.00019799 ...  0.00178733  0.0017594
  0.00309049]

Residual before update:
[-0.00365267  0.00905455  0.00019799 ...  0.00178733  0.0017594
  0.00309049]

Residual before update:
[-0.00365267  0.00905455  0.00019799 ...  0.00178733  0.0017594
  0.00309049]

Residual before update:
[-0.00365267  0.00905455  0.00019799 ...  0.00178733  0.0017594
  0.00309049]

Residual before update:
[-0.00365267  0.00905455  0.00019799 ...  0.00178733  0.0017594
  0.00309049]

Residual before update:
[-0.00365267  0.00905455  0.00019799 ...  0.00178733  0.0017594
  0.00309049]

Residual before update:
[-0.00365267  0.00905455  0.00019799 ...  0.00178733  0.0017594
  0.00309049]

Residual before update:
[-0.00365267  0.00905455  0.00019799 ...  0.00178733  0.0017594
  0.00309049]

Residual before update:
[-0.00365267  0.00905455  0.00019799 ...  0.00178733  0.0017594
  0.00309049]

Residual before update:
[-0.00365267  0.00905455  0.00019799 ...  0.00178733  0.0017594
  0.00309049]

Residual before update:
[-0.00365267  0.00905455  0.00019799 ...  0.00178733  0.0017594
  0.00309049]

Residual before update:
[-0.00365267  0.00905455  0.00019799 ...  0.00178733  0.0017594
  0.00309049]

Residual before update:
[-0.00365267  0.00905455  0.00019799 ...  0.00178733  0.0017594
  0.00309049]

Residual before update:
[-0.00365267  0.00905455  0.00019799 ...  0.00178733  0.0017594
  0.00309049]

Residual before update:
[-0.00365267  0.00905455  0.00019799 ...  0.00178733  0.0017594
  0.00309049]

Residual before update:
[-0.00365267  0.00905455  0.00019799 ...  0.00178733  0.0017594
  0.00309049]

Residual before update:
[-0.00365267  0.00905455  0.00019799 ...  0.00178733  0.0017594
  0.00309049]

Residual before update:
[-0.00365267  0.00905455  0.00019799 ...  0.00178733  0.0017594
  0.00309049]

Residual before update:
[-0.00365267  0.00905455  0.00019799 ...  0.00178733  0.0017594
  0.00309049]

Residual before update:
[-0.00365267  0.00905455  0.00019799 ...  0.00178733  0.0017594
  0.00309049]

Residual before update:
[-0.00365267  0.00905455  0.00019799 ...  0.00178733  0.0017594
  0.00309049]

Residual before update:
[-0.00365267  0.00905455  0.00019799 ...  0.00178733  0.0017594
  0.00309049]

Residual before update:
[-0.00365267  0.00905455  0.00019799 ...  0.00178733  0.0017594
  0.00309049]

Residual before update:
[-0.00365267  0.00905455  0.00019799 ...  0.00178733  0.0017594
  0.00309049]

Residual before update:
[-0.00365267  0.00905455  0.00019799 ...  0.00178733  0.0017594
  0.00309049]
Compute pips
###############################
TGFM
###############################
Initialize variables
Warning: 419 variants have NaN gwas_beta. Setting to 0 with large SE.
Iterative optimization

Residual before update:
[ 0.00406206  0.00420288  0.00054982 ... -0.00446747  0.00150678
 -0.00095162]

Residual before update:
[ 0.00406203  0.00420286  0.00054982 ... -0.00446746  0.00150676
 -0.00095162]

Residual before update:
[ 0.00406201  0.00420283  0.00054983 ... -0.00446745  0.00150675
 -0.00095162]

Residual before update:
[ 0.00406198  0.00420281  0.00054983 ... -0.00446744  0.00150673
 -0.00095162]

Residual before update:
[ 0.00401053  0.00415138  0.00054161 ... -0.00449032  0.00148654
 -0.00095669]

Residual before update:
[ 0.00406193  0.00420276  0.00054984 ... -0.00446741  0.0015067
 -0.00095162]

Residual before update:
[ 0.00406191  0.00420273  0.00054985 ... -0.0044674   0.00150669
 -0.00095162]

Residual before update:
[ 0.00406188  0.00420271  0.00054985 ... -0.00446739  0.00150667
 -0.00095162]

Residual before update:
[ 0.00406622  0.00420703  0.00055478 ... -0.0044638   0.00150777
 -0.00094671]

Residual before update:
[ 0.00406183  0.00420266  0.00054987 ... -0.00446737  0.00150664
 -0.00095162]

Residual before update:
[ 0.00406183  0.00420266  0.00054987 ... -0.00446737  0.00150664
 -0.00095162]

Residual before update:
[ 0.00406183  0.00420266  0.00054987 ... -0.00446737  0.00150664
 -0.00095162]

Residual before update:
[ 0.00406183  0.00420266  0.00054987 ... -0.00446737  0.00150664
 -0.00095162]

Residual before update:
[ 0.00406183  0.00420266  0.00054987 ... -0.00446737  0.00150664
 -0.00095162]

Residual before update:
[ 0.0039986   0.00413944  0.00054174 ... -0.00448538  0.00148573
 -0.00095787]

Residual before update:
[ 0.00406183  0.00420266  0.00054986 ... -0.00446737  0.00150664
 -0.00095162]

Residual before update:
[ 0.00406183  0.00420266  0.00054987 ... -0.00446737  0.00150664
 -0.00095162]

Residual before update:
[ 0.00406183  0.00420266  0.00054987 ... -0.00446737  0.00150664
 -0.00095162]

Residual before update:
[ 0.00406432  0.00420512  0.00054657 ... -0.00447296  0.00150579
 -0.00095352]

Residual before update:
[ 0.00406183  0.00420266  0.00054987 ... -0.00446737  0.00150664
 -0.00095162]

Residual before update:
[ 0.00406183  0.00420266  0.00054987 ... -0.00446737  0.00150664
 -0.00095162]

Residual before update:
[ 0.00406183  0.00420266  0.00054987 ... -0.00446737  0.00150664
 -0.00095162]

Residual before update:
[ 0.00406183  0.00420266  0.00054987 ... -0.00446737  0.00150664
 -0.00095162]

Residual before update:
[ 0.00406183  0.00420266  0.00054987 ... -0.00446737  0.00150664
 -0.00095162]

Residual before update:
[ 0.00399861  0.00413945  0.00054174 ... -0.00448538  0.00148573
 -0.00095787]

Residual before update:
[ 0.00406183  0.00420266  0.00054987 ... -0.00446737  0.00150664
 -0.00095162]

Residual before update:
[ 0.00406183  0.00420266  0.00054987 ... -0.00446737  0.00150664
 -0.00095162]

Residual before update:
[ 0.00406183  0.00420266  0.00054987 ... -0.00446737  0.00150664
 -0.00095162]

Residual before update:
[ 0.00406992  0.00421072  0.00054949 ... -0.00447098  0.00150669
 -0.00095227]

Residual before update:
[ 0.00406183  0.00420266  0.00054987 ... -0.00446737  0.00150664
 -0.00095162]

Residual before update:
[ 0.00406183  0.00420266  0.00054987 ... -0.00446737  0.00150664
 -0.00095162]

Residual before update:
[ 0.00406183  0.00420266  0.00054987 ... -0.00446737  0.00150664
 -0.00095162]

Residual before update:
[ 0.00406183  0.00420266  0.00054987 ... -0.00446737  0.00150664
 -0.00095162]

Residual before update:
[ 0.00406183  0.00420266  0.00054987 ... -0.00446737  0.00150664
 -0.00095162]

Residual before update:
[ 0.00399863  0.00413947  0.00054174 ... -0.00448537  0.00148574
 -0.00095787]

Residual before update:
[ 0.00406183  0.00420265  0.00054987 ... -0.00446737  0.00150664
 -0.00095162]

Residual before update:
[ 0.00406183  0.00420265  0.00054987 ... -0.00446737  0.00150664
 -0.00095162]

Residual before update:
[ 0.00406183  0.00420266  0.00054987 ... -0.00446737  0.00150664
 -0.00095162]

Residual before update:
[ 0.00407123  0.00421204  0.00055008 ... -0.0044695   0.00150572
 -0.00095179]

Residual before update:
[ 0.00406183  0.00420265  0.00054987 ... -0.00446737  0.00150664
 -0.00095162]

Residual before update:
[ 0.00406183  0.00420265  0.00054987 ... -0.00446737  0.00150664
 -0.00095162]

Residual before update:
[ 0.00406183  0.00420265  0.00054987 ... -0.00446737  0.00150664
 -0.00095162]

Residual before update:
[ 0.00406183  0.00420266  0.00054987 ... -0.00446737  0.00150664
 -0.00095162]

Residual before update:
[ 0.00406183  0.00420265  0.00054987 ... -0.00446737  0.00150664
 -0.00095162]

Residual before update:
[ 0.00399865  0.00413949  0.00054174 ... -0.00448537  0.00148574
 -0.00095787]

Residual before update:
[ 0.00406183  0.00420265  0.00054987 ... -0.00446737  0.00150664
 -0.00095162]

Residual before update:
[ 0.00406183  0.00420265  0.00054987 ... -0.00446737  0.00150664
 -0.00095162]

Residual before update:
[ 0.00406183  0.00420265  0.00054987 ... -0.00446737  0.00150664
 -0.00095162]

Residual before update:
[ 0.00407129  0.00421209  0.00054993 ... -0.00446956  0.00150549
 -0.00095139]

Residual before update:
[ 0.00406183  0.00420265  0.00054987 ... -0.00446737  0.00150664
 -0.00095162]
Compute pips
###############################
TGFM
###############################
Initialize variables
Warning: 420 variants have NaN gwas_beta. Setting to 0 with large SE.
Iterative optimization

Residual before update:
[-0.00524308 -0.00767535 -0.00277807 ... -0.00290863 -0.0027172
  0.00122977]

Residual before update:
[-0.00524308 -0.00767557 -0.00277808 ... -0.00290859 -0.00271718
  0.00122976]

Residual before update:
[-0.00524308 -0.0076758  -0.00277809 ... -0.00290856 -0.00271717
  0.00122975]

Residual before update:
[-0.00524309 -0.00767602 -0.0027781  ... -0.00290852 -0.00271716
  0.00122974]

Residual before update:
[-0.00524309 -0.00767624 -0.00277811 ... -0.00290848 -0.00271714
  0.00122973]

Residual before update:
[-0.00524309 -0.00767646 -0.00277812 ... -0.00290845 -0.00271713
  0.00122972]

Residual before update:
[-0.0052431  -0.00767668 -0.00277813 ... -0.00290841 -0.00271712
  0.00122971]

Residual before update:
[-0.0052431  -0.0076769  -0.00277814 ... -0.00290838 -0.00271711
  0.00122969]

Residual before update:
[-0.0052431  -0.00767713 -0.00277815 ... -0.00290835 -0.00271709
  0.00122968]

Residual before update:
[-0.00524311 -0.00767734 -0.00277816 ... -0.00290832 -0.00271708
  0.00122967]

Residual before update:
[-0.0052431  -0.00767734 -0.00277816 ... -0.00290832 -0.00271708
  0.00122967]

Residual before update:
[-0.00524311 -0.00767734 -0.00277816 ... -0.00290833 -0.00271708
  0.00122967]

Residual before update:
[-0.00524311 -0.00767735 -0.00277816 ... -0.00290833 -0.00271708
  0.00122967]

Residual before update:
[-0.00524311 -0.00767735 -0.00277816 ... -0.00290834 -0.00271708
  0.00122967]

Residual before update:
[-0.0052431  -0.00767734 -0.00277816 ... -0.00290834 -0.00271708
  0.00122967]

Residual before update:
[-0.0052431  -0.00767734 -0.00277816 ... -0.00290834 -0.00271708
  0.00122967]

Residual before update:
[-0.0052431  -0.00767734 -0.00277816 ... -0.00290835 -0.00271708
  0.00122967]

Residual before update:
[-0.0052431  -0.00767735 -0.00277816 ... -0.00290835 -0.00271708
  0.00122967]

Residual before update:
[-0.00524311 -0.00767735 -0.00277816 ... -0.00290835 -0.00271708
  0.00122967]

Residual before update:
[-0.0052431  -0.00767734 -0.00277816 ... -0.00290835 -0.00271708
  0.00122967]

Residual before update:
[-0.0052431  -0.00767734 -0.00277816 ... -0.00290835 -0.00271708
  0.00122967]

Residual before update:
[-0.00524311 -0.00767735 -0.00277816 ... -0.00290835 -0.00271708
  0.00122967]

Residual before update:
[-0.00524311 -0.00767735 -0.00277816 ... -0.00290835 -0.00271708
  0.00122967]

Residual before update:
[-0.00524311 -0.00767735 -0.00277816 ... -0.00290835 -0.00271708
  0.00122967]

Residual before update:
[-0.00524311 -0.00767735 -0.00277816 ... -0.00290835 -0.00271708
  0.00122967]

Residual before update:
[-0.00524311 -0.00767735 -0.00277816 ... -0.00290835 -0.00271708
  0.00122967]

Residual before update:
[-0.00524311 -0.00767735 -0.00277816 ... -0.00290835 -0.00271708
  0.00122967]

Residual before update:
[-0.0052431  -0.00767735 -0.00277816 ... -0.00290835 -0.00271708
  0.00122967]

Residual before update:
[-0.00524311 -0.00767735 -0.00277816 ... -0.00290835 -0.00271708
  0.00122967]

Residual before update:
[-0.00524311 -0.00767735 -0.00277816 ... -0.00290835 -0.00271708
  0.00122967]

Residual before update:
[-0.00524311 -0.00767735 -0.00277816 ... -0.00290835 -0.00271708
  0.00122967]

Residual before update:
[-0.00524311 -0.00767735 -0.00277816 ... -0.00290835 -0.00271708
  0.00122967]

Residual before update:
[-0.00524311 -0.00767736 -0.00277816 ... -0.00290835 -0.00271708
  0.00122967]

Residual before update:
[-0.00524311 -0.00767735 -0.00277816 ... -0.00290835 -0.00271708
  0.00122967]

Residual before update:
[-0.00524311 -0.00767735 -0.00277816 ... -0.00290835 -0.00271708
  0.00122967]

Residual before update:
[-0.00524311 -0.00767735 -0.00277816 ... -0.00290835 -0.00271708
  0.00122967]

Residual before update:
[-0.00524311 -0.00767735 -0.00277816 ... -0.00290835 -0.00271708
  0.00122967]

Residual before update:
[-0.00524311 -0.00767735 -0.00277816 ... -0.00290835 -0.00271708
  0.00122967]

Residual before update:
[-0.00524311 -0.00767736 -0.00277816 ... -0.00290834 -0.00271708
  0.00122967]

Residual before update:
[-0.00524311 -0.00767735 -0.00277816 ... -0.00290834 -0.00271708
  0.00122967]

Residual before update:
[-0.00524311 -0.00767735 -0.00277816 ... -0.00290834 -0.00271708
  0.00122967]

Residual before update:
[-0.00524311 -0.00767735 -0.00277816 ... -0.00290834 -0.00271708
  0.00122967]

Residual before update:
[-0.00524311 -0.00767736 -0.00277816 ... -0.00290834 -0.00271708
  0.00122967]

Residual before update:
[-0.00524311 -0.00767736 -0.00277816 ... -0.00290834 -0.00271708
  0.00122967]

Residual before update:
[-0.00524311 -0.00767736 -0.00277816 ... -0.00290834 -0.00271708
  0.00122967]

Residual before update:
[-0.00524311 -0.00767736 -0.00277816 ... -0.00290834 -0.00271708
  0.00122967]

Residual before update:
[-0.00524311 -0.00767736 -0.00277816 ... -0.00290834 -0.00271708
  0.00122967]

Residual before update:
[-0.00524311 -0.00767736 -0.00277816 ... -0.00290834 -0.00271708
  0.00122967]
NaNs in component_non_med_pred at component 8

Residual before update:
[-0.00524311 -0.00767736 -0.00277816 ... -0.00290834 -0.00271708
  0.00122967]
NaNs in residual_incl_alpha[63, :]
NaN in mixture_alpha_mu: b_terms=[nan nan nan nan nan nan nan nan nan nan nan nan nan nan nan nan nan nan
 nan nan nan]
NaNs in self.residual at bs_iter=63
NaNs in un_normalized_lv_alpha_weights
NaN in normalizing_term
NaNs in residual_incl_alpha[81, :]
NaN in mixture_alpha_mu: b_terms=[nan nan nan nan nan nan nan nan nan nan nan nan nan nan nan nan nan nan
 nan nan nan]
NaNs in self.residual at bs_iter=81
NaNs in un_normalized_lv_alpha_weights
NaN in normalizing_term
NaNs in component_non_med_pred at component 9

Residual before update:
[-0.00524311 -0.00767736 -0.00277816 ... -0.00290834 -0.00271708
  0.00122967]
NaNs in residual_incl_alpha[63, :]
NaNs in gene_weights for bs_iter=63
NaN in mixture_alpha_mu: b_terms=[nan nan nan nan nan nan nan nan nan nan nan nan nan nan nan nan nan nan
 nan nan nan]
NaNs in self.residual at bs_iter=63
NaNs in un_normalized_lv_alpha_weights
NaN in normalizing_term
NaNs in residual_incl_alpha[81, :]
NaNs in gene_weights for bs_iter=81
NaN in mixture_alpha_mu: b_terms=[nan nan nan nan nan nan nan nan nan nan nan nan nan nan nan nan nan nan
 nan nan nan]
NaNs in self.residual at bs_iter=81
NaNs in un_normalized_lv_alpha_weights
NaN in normalizing_term
Compute pips
NaNs found in gene-tissue pair PIPs at indices: [ 0  1  2  3  4  5  6  7  8  9 10 11 12 13 14 15 16 17 18 19 20]
NaNs found in variant PIPs at indices: [   0    1    2 ... 9833 9834 9835]
NaNs found in gene PIPs at indices: [0 1 2 3 4 5 6]
###############################
TGFM
###############################
Initialize variables
Warning: 424 variants have NaN gwas_beta. Setting to 0 with large SE.
Iterative optimization

Residual before update:
[ 0.00304613 -0.00777307  0.00879467 ... -0.0022131  -0.00348115
 -0.00338577]

Residual before update:
[ 0.00304612 -0.00777301  0.00879467 ... -0.00221304 -0.00348115
 -0.00338577]

Residual before update:
[ 0.00304612 -0.00777295  0.00879467 ... -0.00221299 -0.00348114
 -0.00338577]

Residual before update:
[ 0.00304612 -0.00777289  0.00879467 ... -0.00221294 -0.00348114
 -0.00338577]

Residual before update:
[ 0.00304612 -0.00777284  0.00879466 ... -0.00221289 -0.00348114
 -0.00338577]

Residual before update:
[ 0.00304612 -0.00777278  0.00879466 ... -0.00221283 -0.00348114
 -0.00338577]

Residual before update:
[ 0.00304612 -0.00777272  0.00879466 ... -0.00221278 -0.00348114
 -0.00338577]

Residual before update:
[ 0.00304611 -0.00777266  0.00879466 ... -0.00221273 -0.00348114
 -0.00338577]

Residual before update:
[ 0.00304611 -0.0077726   0.00879465 ... -0.00221268 -0.00348114
 -0.00338577]

Residual before update:
[ 0.00304611 -0.00777254  0.00879465 ... -0.00221263 -0.00348114
 -0.00338577]

Residual before update:
[ 0.00304611 -0.00777254  0.00879465 ... -0.00221263 -0.00348114
 -0.00338577]

Residual before update:
[ 0.00304611 -0.00777254  0.00879465 ... -0.00221263 -0.00348114
 -0.00338577]

Residual before update:
[ 0.00304611 -0.00777254  0.00879465 ... -0.00221263 -0.00348114
 -0.00338577]

Residual before update:
[ 0.00304611 -0.00777254  0.00879465 ... -0.00221263 -0.00348114
 -0.00338577]

Residual before update:
[ 0.00304611 -0.00777254  0.00879465 ... -0.00221263 -0.00348114
 -0.00338577]

Residual before update:
[ 0.00304611 -0.00777254  0.00879465 ... -0.00221263 -0.00348114
 -0.00338577]

Residual before update:
[ 0.00304611 -0.00777254  0.00879465 ... -0.00221263 -0.00348114
 -0.00338577]

Residual before update:
[ 0.00304611 -0.00777254  0.00879465 ... -0.00221263 -0.00348114
 -0.00338577]

Residual before update:
[ 0.00304611 -0.00777254  0.00879465 ... -0.00221263 -0.00348114
 -0.00338577]

Residual before update:
[ 0.00304611 -0.00777254  0.00879465 ... -0.00221263 -0.00348114
 -0.00338577]

Residual before update:
[ 0.00304611 -0.00777254  0.00879465 ... -0.00221263 -0.00348114
 -0.00338577]

Residual before update:
[ 0.00304611 -0.00777254  0.00879465 ... -0.00221263 -0.00348114
 -0.00338577]

Residual before update:
[ 0.00304611 -0.00777254  0.00879465 ... -0.00221263 -0.00348114
 -0.00338577]

Residual before update:
[ 0.00304611 -0.00777254  0.00879465 ... -0.00221263 -0.00348114
 -0.00338577]

Residual before update:
[ 0.00304611 -0.00777254  0.00879465 ... -0.00221263 -0.00348114
 -0.00338577]

Residual before update:
[ 0.00304611 -0.00777254  0.00879465 ... -0.00221263 -0.00348114
 -0.00338577]

Residual before update:
[ 0.00304611 -0.00777254  0.00879465 ... -0.00221263 -0.00348114
 -0.00338577]

Residual before update:
[ 0.00304611 -0.00777254  0.00879465 ... -0.00221263 -0.00348114
 -0.00338577]

Residual before update:
[ 0.00304611 -0.00777254  0.00879465 ... -0.00221263 -0.00348114
 -0.00338577]

Residual before update:
[ 0.00304611 -0.00777254  0.00879465 ... -0.00221263 -0.00348114
 -0.00338577]

Residual before update:
[ 0.00304611 -0.00777254  0.00879465 ... -0.00221263 -0.00348114
 -0.00338577]

Residual before update:
[ 0.00304611 -0.00777254  0.00879465 ... -0.00221263 -0.00348114
 -0.00338577]

Residual before update:
[ 0.00304611 -0.00777254  0.00879465 ... -0.00221263 -0.00348114
 -0.00338577]

Residual before update:
[ 0.00304611 -0.00777254  0.00879465 ... -0.00221263 -0.00348114
 -0.00338577]

Residual before update:
[ 0.00304611 -0.00777254  0.00879465 ... -0.00221263 -0.00348114
 -0.00338577]

Residual before update:
[ 0.00304611 -0.00777254  0.00879465 ... -0.00221263 -0.00348114
 -0.00338577]

Residual before update:
[ 0.00304611 -0.00777254  0.00879465 ... -0.00221263 -0.00348114
 -0.00338577]

Residual before update:
[ 0.00304611 -0.00777254  0.00879465 ... -0.00221263 -0.00348114
 -0.00338577]

Residual before update:
[ 0.00304611 -0.00777254  0.00879465 ... -0.00221263 -0.00348114
 -0.00338577]

Residual before update:
[ 0.00304611 -0.00777254  0.00879465 ... -0.00221263 -0.00348114
 -0.00338577]

Residual before update:
[ 0.00304611 -0.00777254  0.00879465 ... -0.00221263 -0.00348114
 -0.00338577]

Residual before update:
[ 0.00304611 -0.00777254  0.00879465 ... -0.00221263 -0.00348114
 -0.00338577]

Residual before update:
[ 0.00304611 -0.00777254  0.00879465 ... -0.00221262 -0.00348114
 -0.00338577]

Residual before update:
[ 0.00304611 -0.00777254  0.00879465 ... -0.00221262 -0.00348114
 -0.00338577]

Residual before update:
[ 0.00304611 -0.00777254  0.00879465 ... -0.00221262 -0.00348114
 -0.00338577]

Residual before update:
[ 0.00304611 -0.00777254  0.00879465 ... -0.00221262 -0.00348114
 -0.00338577]

Residual before update:
[ 0.00304611 -0.00777254  0.00879465 ... -0.00221262 -0.00348114
 -0.00338577]

Residual before update:
[ 0.00304611 -0.00777254  0.00879465 ... -0.00221262 -0.00348114
 -0.00338577]

Residual before update:
[ 0.00304611 -0.00777254  0.00879465 ... -0.00221262 -0.00348114
 -0.00338577]

Residual before update:
[ 0.00304611 -0.00777254  0.00879465 ... -0.00221262 -0.00348114
 -0.00338577]
Compute pips
###############################
TGFM
###############################
Initialize variables
Warning: 419 variants have NaN gwas_beta. Setting to 0 with large SE.
Iterative optimization

Residual before update:
[ 0.00206748  0.00196982  0.00148272 ... -0.00536342  0.00487112
 -0.00118642]

Residual before update:
[ 0.00206747  0.00196981  0.00148272 ... -0.00536332  0.00487113
 -0.00118643]

Residual before update:
[ 0.00206746  0.00196979  0.00148272 ... -0.00536321  0.00487113
 -0.00118644]

Residual before update:
[ 0.00206745  0.00196978  0.00148271 ... -0.00536311  0.00487113
 -0.00118645]

Residual before update:
[ 0.00207514  0.00200952  0.00147512 ... -0.00536098  0.00486981
 -0.00122311]

Residual before update:
[ 4447.59084786  3033.86336987   122.9794039  ... 27792.21984006
  2436.97194079 12271.0814835 ]

Residual before update:
[ 0.00206742  0.00196974  0.0014827  ... -0.0053628   0.00487114
 -0.00118648]

Residual before update:
[5.44244033e+14 3.71248559e+14 1.50485765e+13 ... 3.40088810e+15
 2.98207404e+14 1.50159154e+15]

Residual before update:
[ 0.00206741  0.00196971  0.0014827  ... -0.0053626   0.00487114
 -0.0011865 ]

Residual before update:
[ 0.0020674   0.0019697   0.00148269 ... -0.00536249  0.00487114
 -0.00118651]

Residual before update:
[ 0.0020674   0.0019697   0.00148269 ... -0.00536249  0.00487114
 -0.00118651]

Residual before update:
[ 0.0020674   0.0019697   0.00148269 ... -0.0053625   0.00487114
 -0.00118651]

Residual before update:
[ 0.0020674   0.0019697   0.00148269 ... -0.0053625   0.00487114
 -0.00118651]

Residual before update:
[ 0.0020674   0.0019697   0.00148269 ... -0.0053625   0.00487114
 -0.00118651]

Residual before update:
[ 0.00206082  0.00194759  0.00147495 ... -0.00536209  0.0048833
 -0.00121942]

Residual before update:
[1.32881949e+19 4.89180362e+18 1.24299988e+18 ... 7.62747599e+19
 3.44131356e+19 4.88177798e+19]

Residual before update:
[ 0.0020674   0.0019697   0.00148269 ... -0.0053625   0.00487114
 -0.00118651]

Residual before update:
[-7.88977287e+47 -5.38189973e+47 -2.18155540e+46 ... -4.93018445e+48
 -4.32303994e+47 -2.17682060e+48]

Residual before update:
[ 0.0020674   0.0019697   0.00148269 ... -0.0053625   0.00487114
 -0.00118651]

Residual before update:
[ 0.0020674   0.0019697   0.00148269 ... -0.0053625   0.00487114
 -0.00118651]

Residual before update:
[ 0.0020674   0.0019697   0.00148269 ... -0.0053625   0.00487114
 -0.00118651]

Residual before update:
[ 0.0020674   0.0019697   0.00148269 ... -0.00536249  0.00487114
 -0.00118651]

Residual before update:
[ 0.0020674   0.0019697   0.00148269 ... -0.00536249  0.00487114
 -0.00118651]

Residual before update:
[ 0.0020674   0.0019697   0.00148269 ... -0.00536249  0.00487114
 -0.00118651]

Residual before update:
[ 0.00206345  0.00196294  0.00147928 ... -0.0053603   0.00488958
 -0.00121265]

Residual before update:
[-3.12282917e+42 -2.13019489e+42 -8.63476951e+40 ... -1.95140279e+43
 -1.71109161e+42 -8.61601575e+42]

Residual before update:
[ 0.0020674   0.0019697   0.00148269 ... -0.00536249  0.00487114
 -0.00118651]

Residual before update:
[1.15928729e+81 7.90791832e+80 3.20547814e+79 ... 7.24418847e+81
 6.35207798e+80 3.19852104e+81]

Residual before update:
[ 0.0020674   0.0019697   0.00148269 ... -0.00536249  0.00487114
 -0.00118651]

Residual before update:
[ 0.0020674   0.0019697   0.00148269 ... -0.00536249  0.00487114
 -0.00118651]

Residual before update:
[ 0.0020674   0.0019697   0.00148269 ... -0.00536249  0.00487114
 -0.00118651]

Residual before update:
[ 0.0020674   0.0019697   0.00148269 ... -0.00536249  0.00487114
 -0.00118651]

Residual before update:
[ 0.0020674   0.0019697   0.00148269 ... -0.00536249  0.00487114
 -0.00118651]

Residual before update:
[ 0.0020674   0.0019697   0.00148269 ... -0.00536249  0.00487114
 -0.00118651]

Residual before update:
[ 0.00206354  0.00196337  0.00147944 ... -0.00536043  0.00488889
 -0.00121161]

Residual before update:
[-9.33600428e+57 -3.43606907e+57 -8.73429507e+56 ... -5.35855626e+58
 -2.41818777e+58 -3.42992091e+58]

Residual before update:
[ 0.0020674   0.0019697   0.00148269 ... -0.00536249  0.00487114
 -0.00118651]

Residual before update:
[-1.70340394e+114 -1.16195350e+114 -4.70998357e+112 ... -1.06442806e+115
 -9.33345406e+113 -4.69976114e+114]

Residual before update:
[ 0.0020674   0.0019697   0.00148269 ... -0.00536249  0.00487114
 -0.00118651]

Residual before update:
[ 0.0020674   0.0019697   0.00148269 ... -0.00536249  0.00487114
 -0.00118651]

Residual before update:
[ 0.0020674   0.0019697   0.00148269 ... -0.00536249  0.00487114
 -0.00118651]

Residual before update:
[ 0.0020674   0.0019697   0.00148269 ... -0.00536249  0.00487114
 -0.00118651]

Residual before update:
[ 0.0020674   0.0019697   0.00148269 ... -0.00536249  0.00487114
 -0.00118651]

Residual before update:
[ 0.0020674   0.0019697   0.00148269 ... -0.00536249  0.00487114
 -0.00118651]

Residual before update:
[ 0.00206365  0.00196373  0.00147958 ... -0.00536055  0.00488821
 -0.00121056]

Residual before update:
[2.19313258e+81 1.49601517e+81 6.06411472e+79 ... 1.37045122e+82
 1.20168301e+81 6.05094413e+81]

Residual before update:
[ 0.0020674   0.0019697   0.00148269 ... -0.00536249  0.00487114
 -0.00118651]

Residual before update:
[2.50290416e+147 1.70732155e+147 6.92063533e+145 ... 1.56402211e+148
 1.37141523e+147 6.90561495e+147]

Residual before update:
[ 0.0020674   0.0019697   0.00148269 ... -0.00536249  0.00487114
 -0.00118651]

Residual before update:
[ 0.0020674   0.0019697   0.00148269 ... -0.00536249  0.00487114
 -0.00118651]
Compute pips
NaNs found in variant PIPs at indices: [    0     1     2 ... 13659 13660 13661]
###############################
TGFM
###############################
Initialize variables
Warning: 455 variants have NaN gwas_beta. Setting to 0 with large SE.
Finished processing final TGFM

------------------------------------------------------------
Sender: LSF System <lsfadmin@node-13-20>
Subject: Job 740120[5]: <run_final_TGFM_UC[1-50]> in cluster <farm22> Done

Job <run_final_TGFM_UC[1-50]> was submitted from host <farm22-head2> by user <bh18> in cluster <farm22> at Thu Apr 30 14:08:19 2026
Job was executed on host(s) <node-13-20>, in queue <long>, as user <bh18> in cluster <farm22> at Thu Apr 30 14:10:25 2026
</nfs/users/nfs_b/bh18> was used as the home directory.
</lustre/scratch127/humgen/projects_v2/sc-eqtl-ibd/analysis/bradley_analysis/IBDverse/TGFM> was used as the working directory.
Started at Thu Apr 30 14:10:25 2026
Terminated at Thu Apr 30 15:05:00 2026
Results reported at Thu Apr 30 15:05:00 2026

Your job looked like:

------------------------------------------------------------
# LSBATCH: User input
bash execution_scripts_BH/run_TGFM-BH-MCP.sh -t UC
------------------------------------------------------------

Successfully completed.

Resource usage summary:

    CPU time :                                   3183.72 sec.
    Max Memory :                                 8209 MB
    Average Memory :                             5843.03 MB
    Total Requested Memory :                     30000.00 MB
    Delta Memory :                               21791.00 MB
    Max Swap :                                   2 MB
    Max Processes :                              5
    Max Threads :                                14
    Run time :                                   3274 sec.
    Turnaround time :                            3401 sec.

The output (if any) is above this job summary.



PS:

Read file <logs/run_final_TGFM-UC-5-740120-error.log> for stderr output of this job.

